"","Germplasm","Rep","Plot","Row","Range","GNDVI_73","NDRE_73","NDVI_73","GNDVI_88","NDRE_88","NDVI_88","GNDVI_95","NDRE_95","NDVI_95","GNDVI_101","NDRE_101","NDVI_101","GNDVI_107","NDRE_107","NDVI_107","GNDVI_117","NDRE_117","NDVI_117","GNDVI_131","NDRE_131","NDVI_131","GNDVI_138","NDRE_138","NDVI_138","GNDVI_145","NDRE_145","NDVI_145","GNDVI_152","NDRE_152","NDVI_152","GNDVI_160","NDRE_160","NDVI_160","GNDVI_161","NDRE_161","NDVI_161","GNDVI_165","NDRE_165","NDVI_165","GNDVI_173","NDRE_173","NDVI_173","GNDVI_179","NDRE_179","NDVI_179","GNDVI_187","NDRE_187","NDVI_187","GNDVI_192","NDRE_192","NDVI_192","GNDVI_201","NDRE_201","NDVI_201","GNDVI_206","NDRE_206","NDVI_206","GNDVI_215","NDRE_215","NDVI_215","GNDVI_223","NDRE_223","NDVI_223","GNDVI_228","NDRE_228","NDVI_228","GNDVI_237","NDRE_237","NDVI_237","GNDVI_242","NDRE_242","NDVI_242","GNDVI_257","NDRE_257","NDVI_257","GNDVI_263","NDRE_263","NDVI_263","GNDVI_270","NDRE_270","NDVI_270","GNDVI_278","NDRE_278","NDVI_278","GNDVI_283","NDRE_283","NDVI_283","GNDVI_293","NDRE_293","NDVI_293","GNDVI_299","NDRE_299","NDVI_299","GNDVI_307","NDRE_307","NDVI_307"
"1","SW_8421S",1,100,1,1,0.070989934375652,0.450887135,0.447605447,0.0962455802771182,0.42025765,0.451655472,0.153274921449667,0.421333301,0.432500977,0.183160783337612,0.415371645,0.449849243,0.222297459130941,0.420558794,0.467676324,0.233950792069058,0.3878567,0.462062197,0.0665444589942802,0.403145058,0.404367359,0.101328611865837,0.41597514,0.422070838,0.312590523641739,0.350408125,0.499096815,0.349758811942909,0.430212079,0.510859884,-0.0175882122192969,0.460872411,0.243591044,0.0255341087461184,0.5749886,0.514911081,0.0900460044429422,0.35948598,0.313637281,0.227991718388236,0.304710297,0.407856749,0.268797100033474,0.325712865,0.433260896,0.0586499538053729,0.328232448,0.332983345,0.0619076767572968,0.432986671,0.443327586,0.167787879413177,0.393371104,0.376336617,0.161698614792604,0.361213081,0.42445291,0.00409910217988488,0.265383402,0.262117029,0.12058552714888,0.387229806,0.439569986,0.140228799031329,0.38411988,0.36626584,0.304291991805808,0.366456411,0.468136965,0.322002505508648,0.375404149,0.464170761,0.0673501559319571,0.316628841,0.320858806,0.179156197855767,0.380877616,0.420584716,-0.00461063003106091,0.420408235,0.458475496,0.329412013278908,0.300032805,0.463079058,0.0174164132518563,0.471093412,0.381671126,0.243612833686178,0.345297659,0.412223027,0.19839118933518,0.299496823,0.465170254,0.347261048812221,0.293157705,0.50311007
"2","SW_1011",1,101,1,2,0.0583448728749983,0.442845482,0.446397707,0.0731605275109136,0.40515238,0.442674864,0.129993247637545,0.4156027,0.427679085,0.164545511768602,0.391896836,0.437763325,0.203978657209914,0.41716009,0.458546541,0.192513118946478,0.374178264,0.427174501,0.0578964261562656,0.409180161,0.405377118,0.0677192080356383,0.45475019,0.443246819,0.269327407202038,0.322620553,0.44583688,0.307854697005471,0.407549851,0.478753533,-0.0211460904887795,0.423520962,0.22945833,0.0337655196433366,0.563337893,0.499088007,0.063703026727897,0.385424442,0.325712375,0.214468069438523,0.286582433,0.388462712,0.255181514566975,0.328746576,0.420886095,0.0704816063994753,0.256719165,0.390089825,0.055875782361211,0.429624499,0.443430429,0.167659364806136,0.319347662,0.372515758,0.179079708041732,0.385779595,0.428228624,-0.00181140397092141,0.300765494,0.305829229,0.135674398884287,0.378893438,0.437765848,0.167252738477975,0.314837703,0.381703679,0.312186605889549,0.367319707,0.468518112,0.335230984808443,0.392854546,0.476221429,0.0684162489523993,0.30954758,0.302535373,0.171366684041928,0.368803588,0.406067694,0.265417238241007,0.362967273,0.524570428,0.32561287554151,0.288364084,0.460701777,0.0150215046217733,0.474731908,0.343420851,0.217516823728286,0.326272151,0.387131994,0.153359573906068,0.285499509,0.421456831,0.310434334434757,0.263324933,0.457700999
"3","SW_9813",2,102,1,3,0.0392812749696644,0.442895707,0.437026184,0.0243862885964715,0.414412039,0.436793026,0.100572583799957,0.405599798,0.431043743,0.12097644428733,0.404192821,0.440012979,0.200853379610209,0.43300207,0.466796951,0.161207979854415,0.392437552,0.43468896,0.0328742976750143,0.411127628,0.411466251,0.0103837132978349,0.469255643,0.449106971,0.207551719878675,0.33502602,0.422188921,0.228909108445925,0.401819831,0.452279268,-0.0219490821010521,0.333909013,0.168432035,0.0366293588804871,0.560647515,0.515959872,0.0207270102122393,0.426118816,0.393057017,0.172209317403776,0.263713387,0.324904009,0.173008412708129,0.335384294,0.377824529,0.0607895248476669,0.26014055,0.357597123,0.0380757917893053,0.426802801,0.435257611,0.159359355641858,0.307657056,0.315955141,0.144779572441821,0.406224267,0.411263378,0.00795372972118852,0.300634079,0.280181986,0.148325888857564,0.370882477,0.438453279,0.151352190517421,0.298142425,0.372241081,0.314679454610828,0.360161008,0.459276209,0.347325307751877,0.384877469,0.484939061,0.103690378070813,0.293049166,0.317382111,0.185483015641172,0.36077326,0.428300728,0.199939088441227,0.351371403,0.492806581,0.341753832728546,0.309860183,0.479392245,0.0191630917324928,0.463876654,0.344625459,0.235666621181683,0.340669532,0.422857626,0.162210308135012,0.287368639,0.449742313,0.317582287122217,0.278189492,0.474024103
"4","DONA_ANA",2,103,1,4,0.085998801348187,0.44721667,0.455132714,0.0841324284609388,0.416975614,0.449536064,0.193274183920608,0.397133065,0.44866974,0.178227880878765,0.411349081,0.461038485,0.263033803958777,0.44215026,0.487315574,0.218420947802422,0.411233618,0.471637122,0.0547716097238869,0.400006346,0.38994019,0.0579891764928697,0.420512715,0.431810224,0.255837671852531,0.359758327,0.487322382,0.275343825303152,0.441063251,0.503095607,-0.0113839274582651,0.335246294,0.163506147,0.0371290539112156,0.563999088,0.515845873,0.0543740717289083,0.40622952,0.400787502,0.221489703393445,0.290941657,0.39689034,0.219996509316974,0.33751404,0.419479665,0.0591367194236941,0.261396701,0.321068037,0.0709091142482485,0.436498114,0.437919327,0.20433430897226,0.31939154,0.375626367,0.197378811890677,0.425814337,0.443767762,0.0275209656610454,0.287320035,0.262820074,0.186985105272065,0.374165111,0.451660153,0.178774253094181,0.308271238,0.387526597,0.344784818547175,0.369525681,0.486546118,0.365510919316797,0.397160631,0.494473066,0.121879471979182,0.300525295,0.303687972,0.212809533177849,0.365628615,0.43639786,0.269764068272444,0.372284919,0.556528869,0.350016198862279,0.323714098,0.496496346,0.0187492929304777,0.474449357,0.317845472,0.250923495763377,0.347800637,0.434446859,0.1853441356258,0.2948908,0.462001327,0.335709243828958,0.271324093,0.492179772
"5","NM1715PAR",3,104,1,5,0.00164145927959275,0.460642923,0.446554435,-0.00366133433185342,0.436939049,0.450583994,0.119707679351641,0.431882868,0.459502077,0.102154745398859,0.431389173,0.454573006,0.188175401978136,0.435776091,0.464583922,0.137873623314162,0.402855387,0.427927664,0.0419616065824173,0.414255135,0.358972958,-0.0181408428769045,0.433815462,0.449098904,0.119188089308654,0.364034725,0.402788788,0.107645983458653,0.395467371,0.389580715,-0.0241871113162689,0.415858513,0.177038903,0.0344670899684326,0.528180575,0.51618787,-0.0134334618584679,0.439875163,0.399833234,0.0847572755789539,0.265004047,0.237625906,0.0489827918011309,0.393717396,0.359323011,0.0429274118134463,0.234347449,0.307776244,-0.00899715135977389,0.458119859,0.434044487,0.0833010604640786,0.334830471,0.260963596,0.0460895347810768,0.431807546,0.39809272,-0.00764583722869392,0.306101631,0.24318096,0.0511699610084647,0.422395982,0.430172688,0.076245958689572,0.399228184,0.316021047,0.209316908357991,0.32659122,0.373148116,0.235217748209832,0.353670493,0.390718882,0.0605817698630476,0.328229978,0.272381532,0.112655424922217,0.385170422,0.380672628,0.212214247846325,0.32487976,0.504180353,0.260080693414463,0.231967149,0.383961887,0.0299683590021122,0.431572355,0.290926147,0.136070662685092,0.296696771,0.29304163,0.064726797637568,0.291313491,0.374828933,0.199242518230876,0.255901217,0.369714151
"6","NM170506PAR",3,105,1,6,0.0502088178365668,0.443661582,0.446015302,0.0269553531119388,0.421943483,0.446374924,0.160732250855534,0.424926286,0.451209851,0.115535257224582,0.419613216,0.445736464,0.21421727225013,0.427977937,0.469706703,0.184993860773758,0.413321509,0.456573262,0.0433721539235043,0.39213522,0.358822146,0.0335253674589568,0.424645381,0.436150303,0.215263590913476,0.346921431,0.464642049,0.243933566637404,0.432364403,0.485839655,-0.00889766109081286,0.329496086,0.157382696,0.0235033653097192,0.495189238,0.512061104,0.0454122553420502,0.402583913,0.390525356,0.213024511465394,0.27621043,0.389347898,0.229664974379104,0.342277252,0.438702715,0.0756052511263853,0.212551348,0.428646558,0.0685747131206493,0.421951769,0.422447783,0.195485744584678,0.29272952,0.3533782,0.206541884385294,0.420918148,0.435228886,0.0478495702188322,0.299622198,0.223367402,0.167706403700787,0.360077519,0.425509223,0.161571244056142,0.299058921,0.380248602,0.331556417563771,0.351215713,0.461969405,0.352415566391442,0.3794235,0.475407772,0.104741947072509,0.301164226,0.316422124,0.183101082422572,0.370206907,0.451683315,0.222029204703829,0.352291458,0.515151331,0.351482806790501,0.306394572,0.49644045,0.0253447900057893,0.443018451,0.299936069,0.239153647821563,0.325949514,0.401359051,0.159431243480961,0.286718186,0.449682812,0.314169157231381,0.27309293,0.473873564
"7","NM1704PAR",4,106,1,7,0.05142923808309,0.446836865,0.44536989,0.0328466247051749,0.418942405,0.447285385,0.148075448762929,0.427695515,0.452652693,0.139616517051407,0.419147945,0.457041684,0.236809872080074,0.443170856,0.477433469,0.194306966147399,0.408304498,0.46444624,0.0320537247801689,0.398183232,0.315602128,0.0415111418534412,0.423051574,0.453867675,0.253064518464028,0.373235375,0.484030226,0.288065709133265,0.461445695,0.51844149,-0.022395359395226,0.36547035,0.16070192,0.0193972217735793,0.49876881,0.502963976,0.0311986783264163,0.420693678,0.400994422,0.2331465193811,0.29904996,0.418164907,0.264171074447027,0.354905392,0.455278703,0.0256521749884153,0.258724289,0.339837376,0.0535665478807416,0.431714071,0.424305183,0.194247800461948,0.288582695,0.366843324,0.22551818453026,0.421623048,0.434480377,0.0108200099828089,0.345941539,0.195216354,0.160796994417904,0.378886385,0.421042919,0.160705966741748,0.281632376,0.380089425,0.327305139571621,0.345089417,0.454839116,0.353531649279239,0.371801951,0.469213657,0.103601682241183,0.307162792,0.304130801,0.18281575565622,0.385763431,0.436589599,0.0561831731966596,0.395948787,0.473365173,0.354079534977524,0.296861663,0.506890794,0.00607943388545969,0.361014096,0.25630443,0.219877547642452,0.310043305,0.367459995,0.161050434817056,0.287972895,0.438910786,0.32184523128827,0.271567217,0.478659502
"8","NM1712PAR",4,107,1,8,0.00269090368170247,0.455412131,0.443007014,0.000995821670485855,0.441271386,0.448788927,0.0806139638348767,0.431783041,0.440015014,0.096208684459996,0.421644552,0.451786157,0.193112844581831,0.436522195,0.4669388,0.160402868420469,0.410574765,0.446328055,0.0279212878015148,0.41184965,0.302077948,0.0160852724814826,0.42692989,0.441762612,0.209873158885617,0.351267741,0.453545259,0.234033142756956,0.450382445,0.49231523,-0.0290689695048286,0.48776029,0.187713725,0.0148479746636088,0.524783402,0.517305062,0.0161907932400825,0.424860513,0.393833183,0.190823350589324,0.273037521,0.352879427,0.19690835755679,0.336395823,0.419900732,0.00152672565697975,0.298304756,0.356125072,0.0296059339306855,0.43773442,0.424187083,0.161085231362815,0.296871171,0.334523737,0.172509941037056,0.378178876,0.413721459,-0.00945187895197234,0.316099493,0.198551523,0.131804468546494,0.389620834,0.40748851,0.120709937491397,0.339891987,0.353379346,0.282937752725236,0.334272852,0.420758944,0.301293201842844,0.359556469,0.436820138,0.0710191012123952,0.313599746,0.273248448,0.139178856607153,0.397553035,0.415142344,0.104951381322502,0.345714218,0.464208018,0.310828499750329,0.276309764,0.469593542,-0.000693537181149309,0.31779478,0.281418015,0.17008721503114,0.300701246,0.326256641,0.108862550947086,0.292940363,0.410386743,0.242757134400308,0.264586132,0.426357433
"9","NUMEX_BILL_MELTON_CA_2019",4,108,2,8,0.0250393212071527,0.443242722,0.447307804,0.0196600104742697,0.429408881,0.437891987,0.118832680258529,0.426682138,0.4343305,0.129342216935938,0.408897327,0.453866418,0.227928071975734,0.429035721,0.474624398,0.280502666368864,0.369632006,0.47596427,0.0358100537697568,0.387596899,0.287943489,0.0297306355132695,0.426551086,0.426003392,0.236328515547613,0.365908099,0.482036821,0.274523882562132,0.458372929,0.522032369,-0.0321286590013181,0.422122457,0.226895552,0.00953269805832213,0.547811218,0.526607387,0.0199001393625111,0.414815031,0.389853369,0.185269594266073,0.279985086,0.364783791,0.229822476853631,0.343790479,0.442905942,-9.60180512625227e-05,0.252694544,0.335264067,0.00441448913105103,0.422275036,0.42038617,0.171340512476868,0.279671969,0.358170677,0.204630312509034,0.371636751,0.427096683,-0.0107166652333472,0.301714756,0.194955669,0.165163139222338,0.356070164,0.421221545,0.160221289912915,0.279665679,0.364675178,0.334679533265197,0.371249491,0.497276544,0.326080703397142,0.366300077,0.463845414,0.0813739132737585,0.303546987,0.29639285,0.16508482839061,0.382356061,0.411805179,0.152364699840309,0.338061362,0.47470986,0.346166151043718,0.308225538,0.510125717,-0.00616696951681343,0.33780781,0.29973034,0.196207505158412,0.339567895,0.383777534,0.141175439328342,0.286538756,0.435470405,0.289151379947991,0.25935555,0.448996335
"10","NUMEX_BILL_MELTON_CA_2019",4,109,2,7,0.0317099431600051,0.444711947,0.447606405,0.00518304686589854,0.412444294,0.438318575,0.121536897732414,0.421260952,0.436361733,0.116265613739406,0.414544469,0.452125406,0.206587531964005,0.429764543,0.472624985,0.211350852227101,0.368528275,0.44531104,0.031201069579055,0.402124081,0.316609997,0.0263115261869956,0.432296473,0.424595623,0.223027616730284,0.372578049,0.474312404,0.260580200578273,0.450220212,0.506540836,-0.0292864759774865,0.341275714,0.201101211,0.00720422383261755,0.554400365,0.521751026,0.0151515782022641,0.420393928,0.399683299,0.185942913392752,0.280164809,0.359210904,0.225061239098435,0.36162399,0.441829511,0.0227305572786025,0.224024262,0.318575429,0.0136211663840882,0.43228432,0.42297513,0.160061156124386,0.282483032,0.33669056,0.204377546351962,0.418626941,0.427312415,0.00171738052397792,0.350430757,0.195687738,0.157505293048547,0.377889262,0.430094611,0.157055083703033,0.288164856,0.344498385,0.315954467342835,0.367884576,0.467610527,0.314017021755201,0.35541508,0.455623592,0.0778247560890315,0.315316344,0.298691183,0.180955782598949,0.377317344,0.401609413,0.139732458242984,0.343530962,0.458853024,0.343378447712302,0.312589513,0.494334387,0.00306725809932175,0.34905619,0.273092695,0.192715383975222,0.340814534,0.380888742,0.136835800654672,0.304616371,0.443026752,0.304959707916844,0.268400295,0.458660305
"11","NUMEX_BILL_MELTON_CA_2019",3,110,2,6,0.0375392416918383,0.441908281,0.446824177,0.0159070569076076,0.416473403,0.444241912,0.163234220534168,0.424647928,0.451636241,0.134725211205781,0.405264883,0.4493516,0.228600475465268,0.418549175,0.46772798,0.197813433355525,0.379637865,0.441856134,0.0230795893548987,0.386746145,0.307713417,0.0113383741374066,0.4334112,0.435672424,0.222640116485242,0.355539606,0.461167502,0.248563201135743,0.427327005,0.487413632,-0.0342756765546925,0.360209702,0.229346755,0.00649321561112393,0.561924305,0.522845417,0.000893652955520684,0.430270826,0.397112138,0.157779709048852,0.272721626,0.323702384,0.184490657106122,0.334624941,0.396738611,0.0665295000049459,0.165902395,0.408452254,0.0382442175040371,0.425001247,0.420232611,0.129982099986906,0.274942947,0.302392818,0.167249448841402,0.392813147,0.395530106,0.0129120257133101,0.299986907,0.227534246,0.111431745776477,0.359152404,0.408214167,0.13643236053771,0.302021213,0.322109891,0.322405492323325,0.357648233,0.472015602,0.258517898905977,0.314760228,0.393619843,0.0376271206338065,0.337338755,0.317254565,0.151480635089283,0.352543245,0.373721339,0.16425214330398,0.323662918,0.482721386,0.325379139106831,0.289890985,0.458424841,0.0195954037432364,0.434632684,0.277282704,0.18817884387082,0.315522345,0.345911637,0.130856554716449,0.271827792,0.413999531,0.278934432589318,0.255092533,0.434046178
"12","NUMEX_BILL_MELTON_CA_2019",3,111,2,5,0.0600867698455627,0.441558508,0.450971577,0.046659276118155,0.408002409,0.446469571,0.18852104258125,0.414476992,0.456557341,0.163265945615537,0.41360045,0.455931158,0.232613133502225,0.407276692,0.467362867,0.252887403492544,0.411780702,0.495933961,0.0331469910346844,0.391296537,0.343477753,0.016265254117161,0.444774408,0.438049902,0.208122799617617,0.355983856,0.467923739,0.236920406021387,0.419970896,0.483345497,-0.0319296515286747,0.341396963,0.218602643,0.00588949311408346,0.560829913,0.495645235,0.0105170632437148,0.414756312,0.387961048,0.151118828788216,0.262415296,0.342794577,0.180236708460387,0.32520359,0.396423061,0.0572656329393477,0.188218866,0.37327003,0.0368232847770825,0.426257571,0.425304011,0.129624281720242,0.304564076,0.319338238,0.154032390808271,0.39670448,0.411077629,0.00190972638033566,0.286989988,0.246569593,0.127361618743233,0.364382912,0.424392196,0.140576900453506,0.29544909,0.360488251,0.312046734448526,0.349792303,0.456313827,0.282542876514405,0.342685282,0.434147972,0.0564913973279416,0.319735475,0.307244041,0.172530440791574,0.352350401,0.401377824,0.215324938636415,0.324970758,0.500415112,0.328298675684984,0.286969041,0.468542813,0.0187275646808889,0.463638714,0.312546382,0.187031920619999,0.326486026,0.369525401,0.122242192359366,0.289498319,0.422030597,0.264798951779569,0.255367769,0.447077289
"13","NUMEX_BILL_MELTON_CA_2019",2,112,2,4,0.0785830568467992,0.433329175,0.446694821,0.0805874984690549,0.399643853,0.442378446,0.198476348468191,0.396548826,0.451405873,0.189420904734498,0.397539229,0.463243486,0.279917247424108,0.425982126,0.49265377,0.21562430375761,0.387938777,0.466689061,0.0412128170867021,0.399566557,0.395576835,0.0348125431322697,0.440590158,0.427523926,0.237664396871219,0.347296064,0.463536499,0.26383366626605,0.424136148,0.49506121,-0.0291885351457576,0.372411539,0.257975023,0.0102211150255825,0.555540356,0.500843593,0.0171933277545592,0.426811556,0.387212923,0.169415839322163,0.275840551,0.347826127,0.20131442743806,0.327937712,0.406979069,0.0581561805967187,0.17614773,0.388109413,0.0544450439681682,0.428420968,0.428170348,0.140549246732989,0.307634142,0.349826022,0.171005262331074,0.413062621,0.417088994,-0.00141981793559694,0.288561856,0.255121992,0.137337346581973,0.366583669,0.435347099,0.153373899208064,0.309554977,0.340714543,0.299072366927692,0.338359652,0.442504939,0.297094025505876,0.351809039,0.44032964,0.0533581806313357,0.303326109,0.310183319,0.168876275786752,0.365971411,0.418663243,0.212467094013191,0.334874118,0.504505135,0.326859589960446,0.32210589,0.470193019,0.0154178556573739,0.480879914,0.291034324,0.19317104801658,0.313043831,0.3657832,0.126587405318192,0.285695569,0.422489426,0.277965203517286,0.251458491,0.447873102
"14","NUMEX_BILL_MELTON_CA_2019",2,113,2,3,0.0464625211915106,0.436527339,0.431995265,0.0405527669968767,0.408495488,0.430518522,0.118251251576796,0.400295798,0.424311736,0.145796563950576,0.39775714,0.440615479,0.223388951937795,0.426938121,0.467261433,0.216798371559832,0.420876586,0.47992103,0.0542187805035084,0.394364911,0.407964857,0.0404241520037214,0.447654233,0.412835036,0.235021549782076,0.327403132,0.443936664,0.275698343106227,0.397537844,0.472568428,-0.0303701434562589,0.409354268,0.304411495,0.0155430702489522,0.568285454,0.526926585,0.0319394287835853,0.404102591,0.350665994,0.170680401296938,0.274339661,0.341881507,0.211732010098161,0.317309642,0.409877471,0.0744166179191704,0.182169677,0.453757835,0.0670944682713669,0.420048887,0.422960654,0.143594233115383,0.300472034,0.360267376,0.195913089320467,0.411670474,0.414530635,0.00624045743088225,0.288868622,0.272145003,0.150072247317879,0.353928786,0.439506015,0.1647341525034,0.290855566,0.365140392,0.287987615747885,0.321892251,0.418856747,0.305849192499253,0.356685409,0.459631904,0.0625120931464584,0.312685407,0.316351207,0.190492071379549,0.3772309,0.423466428,0.241595627785682,0.352846626,0.530325752,0.357321794835547,0.324680989,0.501704214,0.0154410587406971,0.478073568,0.327632147,0.210406559315085,0.337858343,0.417120286,0.154264725075752,0.28394378,0.44047594,0.307897965005969,0.268711415,0.477747467
"15","NUMEX_BILL_MELTON_CA_2019",1,114,2,2,0.0556027889145516,0.438840525,0.44546086,0.0854153430663441,0.418398315,0.435189247,0.149410899249739,0.417124129,0.421720898,0.188174013433288,0.397071055,0.447922316,0.242917912520923,0.422860589,0.478853402,0.195023677853638,0.414454407,0.469784389,0.0653242261012638,0.412119169,0.411683184,0.0679635062996996,0.427425829,0.442971703,0.280303678401122,0.343323644,0.457205092,0.312295743764241,0.412410866,0.489937926,-0.0491167224777937,0.452884337,0.340793515,0.0193273328510956,0.583584131,0.517008664,0.027234128806175,0.416657049,0.365807423,0.17479245142708,0.288685866,0.368254021,0.243545998012028,0.341594091,0.425632483,0.0694763417475469,0.17431796,0.441895656,0.0565067127549306,0.438779064,0.442323517,0.131140599527284,0.308753772,0.358177696,0.17753493601545,0.389483681,0.422759233,-0.02786736952701,0.307895414,0.331616411,0.119430952558546,0.369792636,0.441420594,0.142169313853865,0.356086624,0.36828601,0.331339977089344,0.347465241,0.456929936,0.301168477904242,0.362815385,0.455030578,0.0409046941686154,0.312126891,0.306821913,0.181913392890303,0.37499021,0.417394584,0.262346667579497,0.350013146,0.520828404,0.353442230592325,0.321710012,0.489627893,0.0150063854463944,0.485491311,0.30871901,0.197985067433804,0.344691877,0.408485803,0.151423104073037,0.286549474,0.428788475,0.304304237272273,0.279901148,0.462973784
"16","NUMEX_BILL_MELTON_CA_2019",1,115,2,1,0.0776829620460264,0.454282784,0.455950084,0.125297245967972,0.415541069,0.439661428,0.178546084671319,0.403423492,0.423757516,0.23032254465654,0.395811495,0.463029937,0.262033518449779,0.422096825,0.490906327,0.220244058761948,0.425311292,0.48876519,0.0737605349875261,0.410772557,0.406858962,0.110525984587287,0.391026867,0.424740824,0.323288628795224,0.352199226,0.501972396,0.358483209810986,0.438530681,0.524192198,-0.0484711186015642,0.549261236,0.417693987,0.0189309839032062,0.563634291,0.528203374,0.0567361666425761,0.394247491,0.353178815,0.197177790792655,0.307623883,0.40152577,0.277140687377617,0.330650768,0.453699361,0.0603269934673462,0.248876136,0.363570701,0.0787465186666871,0.435468986,0.443595599,0.16929484409431,0.33696072,0.370992551,0.198895817005777,0.367192084,0.428560802,-0.0076914100175909,0.291191306,0.308502007,0.119339306905177,0.372794569,0.436466914,0.157860539443468,0.353655571,0.384358213,0.342101783312081,0.353724648,0.472124534,0.310835408724618,0.357807994,0.453906352,0.0464761503432908,0.358984669,0.357711885,0.194139330109824,0.38332901,0.42851468,-0.0171549218328541,0.442601381,0.474235905,0.344971042515623,0.311368732,0.484557683,0.01142146733452,0.481261303,0.366390893,0.206835748284961,0.354481315,0.40509215,0.181650267585634,0.292749478,0.438287497,0.318762172384123,0.28581776,0.487470212
"17","AFX_779",1,116,3,1,0.0728185933185495,0.445988581,0.461530635,0.116156856284946,0.417525196,0.454829015,0.161317603289168,0.404290437,0.439409485,0.213478990493902,0.407071579,0.475053108,0.253432232161607,0.431769186,0.495643748,0.250929160525068,0.40262639,0.484069238,0.084947018571412,0.417035662,0.42393059,0.118825136795765,0.364301046,0.438227197,0.344020551704917,0.377178829,0.516563116,0.343924901734333,0.414511331,0.522725695,-0.0610748538176327,0.599525568,0.521198638,0.527156262473612,0.493296854,0.688508892,0.0966243883298619,0.411121384,0.389750252,0.183447269529973,0.319889019,0.404035715,0.299387712823053,0.346204734,0.483077125,0.0622591468309771,0.270718639,0.335601948,0.0861381151299609,0.435779294,0.437411151,0.166447969385149,0.336872761,0.385964066,0.216500415960712,0.392631988,0.438115551,0.0060553838527729,0.302965242,0.279031561,0.14153565702785,0.378353871,0.443431829,0.186355733640425,0.30519306,0.376999003,0.320421927575366,0.384023712,0.48838171,0.267665360125737,0.335026919,0.42039857,0.0477693016592049,0.342264085,0.334095348,0.203018918286331,0.378581341,0.430050621,-0.0325491344500295,0.4423072,0.479726764,0.345109478301086,0.299738376,0.489085612,0.0255892938786019,0.439545271,0.34005428,0.189716062197628,0.369583052,0.428105702,0.178987213749893,0.290471523,0.441228128,0.310743741772774,0.281222682,0.480824501
"18","NM1703PAR",1,117,3,2,0.0796172172963151,0.434336997,0.453925623,0.102535549323236,0.411970037,0.449832398,0.151720685627124,0.410097073,0.437159217,0.202491700269317,0.403136399,0.467895249,0.249815688391333,0.439778429,0.498085229,0.249301057578917,0.391782017,0.478827516,0.0865765239799134,0.408795906,0.414986384,0.0859286602973367,0.348699333,0.423697101,0.310635490258587,0.354626162,0.513100536,0.314676082310207,0.41805899,0.508789144,-0.0546533866942695,0.516521217,0.442646789,0.526542261745441,0.501481988,0.645736434,0.103915634865319,0.398322794,0.385923623,0.169445652405343,0.288413031,0.379938104,0.267409617314084,0.325729115,0.4644665,0.0813765329196205,0.196148281,0.412371734,0.102646331770519,0.43157425,0.442182052,0.154986048065464,0.305218658,0.384514878,0.220609591109542,0.407399162,0.44052764,-0.00705774260705078,0.308952242,0.3279631,0.169241021401875,0.357993222,0.443253058,0.179402645524853,0.307963423,0.393677601,0.321928824519147,0.377244451,0.474507141,0.283433667840868,0.337120522,0.426422128,0.0447458807994859,0.310486993,0.336632999,0.190768754176945,0.375164587,0.450155784,0.256801546703713,0.376454746,0.530064348,0.37460891568142,0.31459646,0.518149962,0.0182100309197336,0.464610944,0.366344573,0.214376251229125,0.381856306,0.454575485,0.168543681535585,0.298273042,0.437964596,0.314019296818826,0.259811238,0.490438041
"19","SW_1011",2,118,3,3,0.0774334189710382,0.429645261,0.439043683,0.0845805382242562,0.397756186,0.431553283,0.148000187585034,0.401463505,0.42583438,0.189120808320596,0.394255591,0.452430481,0.246661567564374,0.431681504,0.487186094,0.247713726169598,0.404163362,0.481457328,0.0888220007423667,0.38132006,0.399418687,0.067855078225065,0.389570804,0.408335393,0.279986085640325,0.345663416,0.479326857,0.28360066110293,0.413182795,0.491635514,-0.0194875658021699,0.434823771,0.363439605,0.526148486896558,0.469174647,0.609439124,0.0844493745731758,0.398136628,0.386995399,0.149406831076382,0.285389766,0.353075268,0.232234386028152,0.308615366,0.434441691,0.0718551102397736,0.181401099,0.417565752,0.0814951542687867,0.419865311,0.429070916,0.129834601611506,0.282983437,0.359608878,0.181403317733542,0.399634998,0.425814153,0.00141131091544515,0.286518834,0.297656404,0.148601234630096,0.369308001,0.438873361,0.139350971204125,0.295699936,0.371350856,0.286815405144167,0.375165112,0.450182647,0.247534331993286,0.340876665,0.411849485,0.0305916054168194,0.30207852,0.323500958,0.161042589715243,0.365301561,0.420988371,0.251296322545225,0.385743842,0.550355514,0.319313745600229,0.29560308,0.447303881,0.0444797919318768,0.448606382,0.379780735,0.190145037351398,0.36240784,0.438725834,0.138500756138759,0.276375123,0.429439145,0.288376764089809,0.263237599,0.459288806
"20","NM1715PAR",2,119,3,4,0.00148134972925077,0.460853416,0.452971702,0.0103080653839313,0.435522084,0.453749576,0.128055379621515,0.435142227,0.457379108,0.114406362079676,0.415406071,0.455711402,0.196791389424793,0.440120799,0.481082892,0.201392614061322,0.426491215,0.472989165,0.0627834725264713,0.425275477,0.415601982,0.00256616399110106,0.417018454,0.442044067,0.189816521618765,0.375901564,0.422688641,0.171261735127744,0.394199893,0.412099465,-0.0349910350060161,0.523077323,0.346297401,0.527151504317774,0.444642043,0.637414501,0.00777355127180989,0.441983708,0.404932847,0.047788822613524,0.301285934,0.296965466,0.0843917215127003,0.396097166,0.374306779,0.041527544161652,0.215471736,0.333593884,0.0226218097278832,0.458955137,0.432694646,0.0456412534394238,0.298366987,0.369523953,0.0709518109738142,0.434667275,0.393188835,-0.00680122972249661,0.26597078,0.25894692,0.0657539851722196,0.417166458,0.437003448,0.0730168142245232,0.34011173,0.312295098,0.187521327540374,0.338772624,0.375668366,0.137250763194453,0.292686304,0.337343112,-0.0204106989255846,0.318032468,0.320202826,0.0878445934898674,0.399454265,0.390325113,0.191835258944541,0.335801083,0.497576576,0.242342234927365,0.242035672,0.360632315,0.0540296462722538,0.416306249,0.36589932,0.0868507374898252,0.350811359,0.357147687,0.0316089767561448,0.283099689,0.382906385,0.161138447910821,0.258266093,0.355716167
"21","NM1703PAR",3,120,3,5,0.0844169402914695,0.4365788,0.455024135,0.0735338429126565,0.39420913,0.450173697,0.20491289686837,0.425947712,0.468716636,0.177906758390117,0.415846924,0.473356868,0.236399055598204,0.40991331,0.492738246,0.239591841772877,0.416487933,0.498751252,0.0733836818984634,0.367647879,0.350747309,0.0544306230620806,0.384791432,0.427059582,0.236417413198386,0.361386167,0.483808939,0.237791144382694,0.406086797,0.474898386,-0.0411812645725326,0.425111148,0.326250957,0.531040043314648,0.427336981,0.666917465,0.066825682770655,0.404838373,0.390557238,0.135185136330414,0.292869672,0.358122824,0.212409875747847,0.34159908,0.450805583,0.0554955079570263,0.189851891,0.341166454,0.0628599263671138,0.424165727,0.436593762,0.125998555137851,0.31899176,0.379973428,0.200841936892044,0.420095611,0.448130374,0.00951753698389709,0.290535356,0.272467732,0.163613270871006,0.37285001,0.450881484,0.164394753424492,0.291985536,0.389196452,0.329157642437509,0.368478713,0.490624218,0.288274611194907,0.352131248,0.462202006,0.0470040895196822,0.299331698,0.322256424,0.187021137817457,0.375943086,0.45251112,0.21134316093658,0.350230908,0.519803485,0.34545255438357,0.324519482,0.504415783,0.0257179854993477,0.435912873,0.381847764,0.20491795214337,0.355138929,0.450079687,0.144672204266983,0.304404737,0.459707361,0.303557347052222,0.263733087,0.490933777
"22","SW_9720",3,121,3,6,0.0276987522003569,0.445331005,0.444856403,-0.0102473932111914,0.410051251,0.440991961,0.130708799453525,0.430717926,0.447052657,0.107684088725428,0.415872171,0.452113833,0.197681953569724,0.428107538,0.470869846,0.202898058768277,0.432462809,0.478120206,0.0435422788399117,0.383818058,0.333497851,0.00405219978895504,0.448362409,0.445436508,0.20116877216143,0.359577771,0.448840673,0.219305571323925,0.430651757,0.474075999,-0.0295702890287776,0.391964308,0.268584122,0.537530932372039,0.437916097,0.668399453,0.0337733784889358,0.423938651,0.41654693,0.113895934711293,0.278037786,0.309173781,0.153600866082003,0.337956172,0.415952923,0.0554153368357262,0.158135564,0.341851316,0.0316770994229423,0.422897113,0.424441536,0.0977939971901302,0.26870654,0.308706836,0.149666643465596,0.396818696,0.410809325,0.0173064670559043,0.271847952,0.224948501,0.0989814657226941,0.367265695,0.418622038,0.110523509658886,0.308569636,0.337630914,0.257743215291336,0.335975616,0.405555334,0.207763880897925,0.328015958,0.381296813,0.0144985184875164,0.3020562,0.291255018,0.121862293864762,0.369398214,0.385867733,0.146207622084566,0.342159559,0.473725423,0.304150921389924,0.269042097,0.428488822,0.0277064643208324,0.397549891,0.332755864,0.157580323199166,0.367075727,0.376864355,0.0994166746332169,0.273507508,0.401538217,0.239887724721561,0.262686219,0.405419332
"23","NUMEX_BILL_MELTON_CA_2019",4,122,3,7,0.049611683616795,0.4455046,0.450278399,0.0503663365539115,0.412059502,0.446042642,0.165390612822473,0.426272095,0.459068708,0.164821436889481,0.420775331,0.465429808,0.255267366113023,0.4392992,0.490357752,0.250787787334962,0.441171756,0.506359373,0.0800374408428901,0.379251343,0.332333269,0.0560473818247816,0.393887653,0.427876469,0.268749122290426,0.384826618,0.501844061,0.287004431879869,0.466108178,0.522251205,-0.0332300510699343,0.443248447,0.310473206,0.54040427364098,0.444231646,0.669129047,0.0473830765725018,0.426795083,0.408262926,0.156275002463463,0.288552956,0.361948276,0.24827847963638,0.380536102,0.47994539,0.0327715658526797,0.178071406,0.317144621,0.0115558869504801,0.428424685,0.425244663,0.157705943606553,0.286207432,0.353174379,0.231346251629316,0.424972561,0.450231149,0.0107029006053313,0.337896487,0.212260672,0.173035083367556,0.361140909,0.430089362,0.155212584003241,0.267319886,0.381162472,0.336821880255476,0.362028272,0.470752228,0.298180349897251,0.370264517,0.44729106,0.0754755226299687,0.269307285,0.315570413,0.182313416989553,0.37138084,0.443536454,0.226964613915943,0.358464204,0.502574941,0.350760216279207,0.312142625,0.502243076,0.0322364703152441,0.377643796,0.359912565,0.184866484640422,0.383324811,0.424071126,0.134638138996953,0.288866133,0.44155742,0.293514470717166,0.268768404,0.462918106
"24","AMERISTAND_803T",4,123,3,8,0.050912434278645,0.436245773,0.449126973,0.0443898545362151,0.419015351,0.447161463,0.143554354470551,0.427030864,0.445888625,0.155648231640209,0.418600783,0.461888503,0.249444812689922,0.430081836,0.488054527,0.248203646625163,0.442928464,0.510481146,0.0673253587332261,0.371993683,0.328085929,0.0580397244711433,0.384856164,0.428402029,0.27146326687988,0.386835834,0.516750156,0.28664641175131,0.456364718,0.535877016,-0.0236255841209184,0.492230659,0.354163465,0.537719521056128,0.45120839,0.670519836,0.0747796119709509,0.414302838,0.413692452,0.169815708809084,0.292042525,0.360997598,0.261205370008854,0.381258073,0.479474315,0.0251613672633402,0.206473674,0.291245119,0.0193524985234133,0.41599487,0.423854638,0.179371105830856,0.291445614,0.374675743,0.230816537055991,0.389486964,0.459823619,0.0156982579896613,0.275110369,0.20766455,0.195946935773538,0.359302818,0.445908335,0.17187956807248,0.260864066,0.388152539,0.354705027336442,0.374485429,0.488538076,0.31653585479317,0.386612127,0.457969675,0.0964251374003284,0.284371656,0.332360949,0.19311731779177,0.379119677,0.460093843,0.173159890261379,0.331441402,0.469159462,0.356139004847129,0.331532229,0.516506414,0.0240339170426571,0.379921645,0.379949517,0.213949431400202,0.371465437,0.448260086,0.155116444123034,0.296132644,0.461806689,0.290938872348977,0.266399794,0.470870786
"25","NM1702PAR",4,124,4,8,0.033714210892011,0.44889091,0.457047682,0.0364117325777771,0.419046074,0.449082084,0.152292578319205,0.443806482,0.463502928,0.161111036206446,0.433665946,0.473104924,0.238637688391524,0.43943682,0.485267025,0.314644555334754,0.420608188,0.524005085,0.0750660289706177,0.337912063,0.34602386,0.0343275512347783,0.427999146,0.427769681,0.228904409241952,0.362629186,0.477768726,0.236176911848131,0.430862098,0.489533734,-0.0329791634639741,0.545705333,0.456071788,0.532545866109725,0.43381213,0.658390333,0.0797549067130968,0.421401421,0.421819438,0.096924280727924,0.282357156,0.391115545,0.212992099201242,0.363341746,0.444198106,0.0639578723683748,0.191691012,0.34661755,0.012031521691172,0.431386292,0.422856211,0.137169624217187,0.276268985,0.346259062,0.207651195671417,0.389367376,0.438860276,0.0314671546304217,0.205472144,0.201076752,0.16249963719167,0.354214566,0.422112967,0.131379289068202,0.300589042,0.357407501,0.325616450884706,0.412996456,0.493916494,0.266007889809197,0.358415116,0.427090027,0.0781968436608063,0.302981167,0.295854486,0.176438003781989,0.374763605,0.412543493,0.236994050684784,0.368449979,0.508218137,0.321383184763944,0.328642055,0.48811232,0.0579879596384082,0.341990154,0.378058587,0.168324415717633,0.376193306,0.450140079,0.118665358907017,0.284583331,0.449602614,0.245092022807476,0.264780267,0.444737182
"26","AFX_779",4,125,4,7,0.0578639166939516,0.443583012,0.453808183,0.0707918829816245,0.408475277,0.454316678,0.188613434471055,0.438483209,0.472046267,0.191662403368519,0.430906847,0.47930889,0.265105089282747,0.43130538,0.494536707,0.298599284493676,0.410838448,0.504297729,0.0958942652501299,0.35026252,0.358999356,0.0702266787189752,0.406008678,0.433466352,0.272458225171057,0.390019575,0.495008673,0.285565826942329,0.432432024,0.50347008,-0.0342364048490731,0.537943066,0.431651075,0.527811105909024,0.431988144,0.653328773,0.0871963203701845,0.432698868,0.424706591,0.134524739361707,0.314293242,0.368368806,0.239553376526285,0.372868518,0.459200127,0.0640176047499387,0.170611886,0.350579814,0.0365520573972971,0.434966651,0.431352105,0.152220313255084,0.307361126,0.338701955,0.231652028712207,0.414692017,0.44449323,0.0220740087184025,0.319960779,0.24451603,0.174751242822115,0.391103532,0.432883921,0.143030117722304,0.291763048,0.350660047,0.34554543951648,0.41784427,0.505935535,0.255727148489888,0.338145805,0.394972139,0.0617541021537499,0.312247956,0.307577097,0.185890306409737,0.380696426,0.412034866,0.198231552930062,0.340490969,0.479839826,0.324791885294739,0.311458041,0.471804476,0.0623613364572698,0.324341179,0.375498558,0.167265500169003,0.403997167,0.440070028,0.13842075207661,0.29819684,0.442533183,0.278779527476947,0.272223616,0.455371776
"27","AFX_149092",3,126,4,6,0.0973264935548151,0.437019459,0.448111724,0.081172310692624,0.38615883,0.452081722,0.213752009363958,0.432628407,0.476597554,0.220211933892419,0.428507218,0.484729955,0.2838852673378,0.436220563,0.500555691,0.286480190773999,0.429678142,0.507077009,0.109019571933929,0.333948272,0.33841146,0.0960256063873651,0.348945117,0.43828627,0.313594831665446,0.411084632,0.548092106,0.326996786535733,0.447840512,0.542014507,-0.0202409703218825,0.472551151,0.381372105,0.526296764661018,0.45376197,0.66128591,0.131182609966527,0.406597066,0.426941152,0.167673039964821,0.320246784,0.386608866,0.261471055903437,0.379230765,0.508661563,0.0797928191402978,0.182412258,0.38202716,0.101825209511533,0.418670164,0.429594847,0.16132310945997,0.31504968,0.373672345,0.261835741878764,0.425668736,0.472497544,0.0237157750212895,0.315385709,0.267011784,0.184410971182777,0.359984516,0.426380045,0.142207231287539,0.295800142,0.36999544,0.326909020214477,0.411039614,0.487708084,0.268277595797164,0.34600434,0.418069867,0.0511225181731497,0.311199834,0.315684669,0.209628308190546,0.372317299,0.442805013,0.18154736270527,0.313419423,0.48678552,0.348576445013944,0.334876735,0.502987064,0.0465030677717677,0.384709506,0.376093099,0.230857235551982,0.369570124,0.450664789,0.177033642187234,0.309690647,0.47374663,0.32494285319447,0.250997254,0.503635535
"28","NUMEX_BILL_MELTON_FG2011",3,127,4,5,0.0414975899339939,0.441523777,0.445019234,0.0490175431336508,0.396336654,0.436692797,0.17978581464219,0.427118592,0.459720377,0.165111626887874,0.413341546,0.459193758,0.204661409615154,0.396062786,0.460006151,0.280523980444243,0.419253443,0.505250567,0.0619854624922555,0.356430216,0.332755325,0.0186491995848792,0.437690861,0.440526995,0.198420878117297,0.361493771,0.446583218,0.215964362291648,0.378583215,0.446452681,-0.0666626569434106,0.50257063,0.391110668,0.526586308071084,0.438075695,0.669425445,0.0250765606368235,0.422688595,0.401230317,0.0619202206763834,0.297260052,0.337496781,0.160353384766673,0.345332506,0.402962926,0.0458724275191189,0.164835973,0.319604702,0.0150380906547743,0.442760472,0.429593596,0.0526487770027726,0.316708521,0.363322375,0.14194171483721,0.40949201,0.412550466,-0.0259522176169925,0.315242162,0.273319223,0.101455215162563,0.388031408,0.429284807,0.105640959591953,0.320446839,0.334687061,0.305641941280723,0.387328737,0.479689676,0.214311170819946,0.302509114,0.38360163,-0.00299724126399937,0.324516287,0.322928969,0.117923379574314,0.365483517,0.379555551,0.229059236382724,0.375335698,0.531381114,0.276707837642221,0.280940416,0.442185925,0.0201019202293914,0.42296294,0.377453757,0.0975856151158743,0.369939999,0.390848294,0.0747583766124972,0.274000898,0.416793893,0.223767588937163,0.278895961,0.416835466
"29","NUMEX_BILL_MELTON_CA_2019",2,128,4,4,0.069698403966122,0.441531891,0.445802952,0.0902589631137097,0.407760065,0.444185615,0.203062952723984,0.435299892,0.463935669,0.185259036999273,0.390314282,0.46513429,0.260959532203736,0.427106041,0.494110152,0.215606677604147,0.410627468,0.469464468,0.0877647004542483,0.333344034,0.373196962,0.0381126914187304,0.408186989,0.418479471,0.255034861494209,0.35206778,0.477345403,0.247447430065209,0.413666343,0.473488551,-0.0460271788685247,0.535215786,0.46404015,0.527499597500666,0.435795714,0.676972184,0.05540675845284,0.422504637,0.412749422,0.0904444966417652,0.289320954,0.355129904,0.194901070804315,0.326507084,0.430553754,0.0309642187856617,0.179220232,0.332196888,0.0376481129083228,0.433613864,0.432834571,0.109121559126268,0.307744461,0.393754908,0.196966876496498,0.41939174,0.443621214,0.00235413330086048,0.269691818,0.286316169,0.139459089519705,0.371862237,0.438254485,0.131818931527905,0.28486013,0.375628893,0.248107751988237,0.342264276,0.424985803,0.284097067873528,0.33513828,0.439571184,0.0474058114074457,0.302800158,0.320814117,0.195304522198707,0.364041382,0.432804782,0.227497154354503,0.357854935,0.526425588,0.344608939567242,0.324461759,0.507496453,0.0631855949141283,0.381295379,0.363017545,0.178011498381056,0.362845565,0.441214325,0.140938589354655,0.276813924,0.451676673,0.289515529323647,0.252678152,0.481380936
"30","AFX_149092",2,129,4,3,0.113695675210699,0.436758624,0.451659491,0.126941563144582,0.408395123,0.454706466,0.192357170932703,0.418950068,0.451001075,0.238752765169407,0.425979851,0.483200553,0.275397968833081,0.437097918,0.503694182,0.293280795794489,0.440399902,0.523375344,0.109063569869047,0.29961621,0.356502628,0.095246306026146,0.373318813,0.428836951,0.31804302654278,0.379523422,0.511434193,0.31864532901105,0.419892208,0.518160989,-0.0146274957406057,0.469031,0.441369916,0.527187091610125,0.465481076,0.685134519,0.143309042671038,0.393015038,0.397064846,0.156519219517879,0.308801929,0.379686796,0.270829945432018,0.332813945,0.46554757,0.0842439900937009,0.211546006,0.434367195,0.1134060589239,0.431579178,0.438914322,0.155479206252054,0.328620318,0.389816894,0.241870916749372,0.42451829,0.455414671,0.0182517459456374,0.292605308,0.309128003,0.189368833939179,0.374518005,0.44685871,0.144188687516413,0.30159974,0.382781353,0.331262044507521,0.381929244,0.469830429,0.278195588242824,0.336975747,0.429260503,0.0547752397561517,0.32121705,0.34303067,0.214747690630854,0.377086345,0.442590798,0.158683140192636,0.327112554,0.488519451,0.344917968664771,0.334543124,0.502165999,0.0788210323811514,0.376548978,0.368505337,0.235765569302357,0.372281958,0.474164279,0.181174993195491,0.305138951,0.471128186,0.317367450950731,0.269307001,0.505652933
"31","TMA_990",1,130,4,2,0.0959420835682875,0.431213287,0.443804741,0.112891785237296,0.403246862,0.434387358,0.164498734932316,0.410936448,0.42457366,0.235957413909978,0.41569107,0.465796326,0.267681122853174,0.434878691,0.497549555,0.267764291799443,0.430880819,0.513733328,0.0826674380271045,0.335692168,0.391341173,0.0891623134782906,0.365220794,0.429997906,0.32939186330204,0.366909029,0.529485527,0.312368899491331,0.416774724,0.517343798,-0.0545447877333429,0.558040743,0.4916922,0.526399849702444,0.489466484,0.694619243,0.148036362121939,0.380370193,0.398387622,0.154316406587374,0.282061342,0.402250251,0.272164705386079,0.316896081,0.47276208,0.0931098564521572,0.210320034,0.438043577,0.125197977631562,0.42382676,0.445311422,0.182472950855388,0.319512493,0.396986849,0.25880510425788,0.414353116,0.467695056,0.0052113087371356,0.302878021,0.303768131,0.205044018926688,0.368692734,0.451288108,0.200949725289764,0.294750802,0.397673847,0.314946363612897,0.374408221,0.440291077,0.312109638077066,0.365470161,0.474633712,0.072860918391968,0.305849568,0.339302297,0.227266739204008,0.364690362,0.454993999,0.240418347838496,0.358697748,0.532829703,0.357112075223897,0.349436326,0.507447827,0.0354883497760681,0.440968477,0.362321794,0.237862467366011,0.375374332,0.481408836,0.193673564022031,0.301670667,0.475137898,0.313815871540763,0.258071604,0.496122957
"32","NM1704PAR",1,131,4,1,0.090261856037146,0.442092317,0.458291416,0.136008709545948,0.410727492,0.454598005,0.185364112574972,0.410380083,0.443913036,0.254913281213156,0.425327157,0.497868504,0.277645639938401,0.438333668,0.511062864,0.24359999554504,0.441725221,0.508477088,0.0660002297432421,0.429148932,0.41974761,0.117234699647263,0.363259667,0.433346206,0.337254764413925,0.389887654,0.532859146,0.350635755673351,0.429522507,0.548689751,-0.0772813177081344,0.58680381,0.547383164,0.528688139635512,0.467213862,0.689808482,0.122748010789715,0.39286134,0.381764053,0.143103571156165,0.319054556,0.41415186,0.295726311183259,0.339537587,0.49327908,0.0741864866664556,0.23064393,0.390276276,0.0903000857241975,0.423332457,0.437731682,0.15898564557889,0.345709164,0.40710369,0.241683397721983,0.423173445,0.452121377,-0.0135433385423762,0.351040581,0.311911927,0.156872068870795,0.367075259,0.449769705,0.169095946476012,0.300904487,0.384737821,0.3108442880783,0.394951464,0.45439177,0.278650975814311,0.345227695,0.436601857,0.0344325549149517,0.380096482,0.376086345,0.200398894352106,0.372915056,0.428349224,0.14268587010551,0.37664924,0.471597785,0.323967306569788,0.332646087,0.491199332,0.0315046325262959,0.402308234,0.371322705,0.171665957204986,0.383833397,0.44198609,0.164178793574333,0.293201469,0.444850054,0.289119150905106,0.268270866,0.482272635
"33","NUMEX_BILL_MELTON_CA_2019",1,132,5,1,0.0638874649976915,0.439579512,0.451439421,0.11040305650738,0.410215164,0.448683027,0.169024632614284,0.410343166,0.442598173,0.232174137143541,0.41632138,0.476580574,0.237326228635073,0.412822544,0.494793964,0.338662841426809,0.428107812,0.530457584,0.0733263752082924,0.421070312,0.403809046,0.101600749366836,0.374333532,0.429762591,0.328215075280669,0.37567238,0.528209148,0.321409888399715,0.415758288,0.531083178,-0.0683141208754075,0.53772915,0.519278436,0.40894864949038,0.349475604,0.552165983,0.117513336342208,0.401952991,0.386592982,0.119055093341348,0.326675312,0.423822426,0.286122594830045,0.334913202,0.489254316,0.0779853442446913,0.202858853,0.349576155,0.0791647773694761,0.42448936,0.433406712,0.169045025488743,0.310884561,0.378983334,0.221163711916675,0.393987368,0.441172256,-0.0132989167305305,0.34656979,0.304017589,0.170601085256919,0.370450616,0.443888665,0.137848939127167,0.32602905,0.376843171,0.301980429059825,0.389748539,0.465289724,0.257377995594052,0.317893606,0.39379248,0.0271356152248639,0.386387986,0.41949573,0.176217906727399,0.362363047,0.406365646,0.164839901702764,0.330639354,0.445794121,0.327440631725153,0.285752647,0.458724322,0.0309061728810279,0.390511457,0.382612887,0.155991988788025,0.389142117,0.417449854,0.157473888861087,0.276889687,0.422847914,0.255826547752231,0.257645496,0.439556081
"34","NUMEX_BILL_MELTON_CA_2019",1,133,5,2,0.0560829255787768,0.431157191,0.444225724,0.0836661319185656,0.402829269,0.442968535,0.147493868543446,0.415358028,0.440886217,0.209904649484142,0.417567457,0.47688442,0.241781439597993,0.415158077,0.481086761,0.287772094641047,0.430246424,0.514233829,0.114068663568796,0.2942986,0.352897728,0.0607396302053297,0.395672852,0.431485658,0.2846124177952,0.35344869,0.478346086,0.258765573858647,0.403555867,0.479682367,-0.0697493309023613,0.582224751,0.55464666,0.414947112542966,0.357820337,0.55877793,0.102510137238754,0.409987982,0.396260551,0.0966983190628501,0.288851326,0.373601514,0.230075330150621,0.317053274,0.437678929,0.0825139477780605,0.165324491,0.359758288,0.0587081229455567,0.430899122,0.443034698,0.127023176052609,0.284011043,0.391729818,0.192999412963269,0.409541348,0.434573459,-0.0450004735559773,0.35936579,0.333724982,0.140705741060686,0.372576904,0.4486389,0.123793800484162,0.329457179,0.368599276,0.273821116629818,0.407286955,0.466241791,0.256857981162743,0.336270598,0.414129834,0.020960018801477,0.330663239,0.392406306,0.156873143263483,0.374131732,0.436748637,0.240070533494009,0.332243896,0.517500261,0.337909943528486,0.309383355,0.480557004,0.0278307109635288,0.460297079,0.392354927,0.154347848970701,0.380545897,0.428901124,0.131982184667771,0.282798095,0.438104002,0.253103198949543,0.271151769,0.439182588
"35","NUMEX_BILL_MELTON_CA_2019",2,134,5,3,0.0438574856271578,0.440444835,0.454107034,0.0557772497710151,0.410878282,0.445379436,0.138771755623383,0.421375573,0.443406906,0.174274015483684,0.422816082,0.465585412,0.218385242695152,0.41358216,0.463937048,0.242806242283156,0.429617248,0.491624582,0.109860105950794,0.273389403,0.352674328,0.0215951634787002,0.414659577,0.444308298,0.243484787140925,0.352158985,0.462674226,0.222083449039523,0.415268246,0.473534637,-0.0500950148350985,0.565096831,0.538676422,0.417692263108296,0.373575011,0.563246694,0.0878845629005156,0.415211171,0.41362207,0.0728643090326259,0.306386896,0.404912077,0.198043782135319,0.310386373,0.441173144,0.0760760264655739,0.159902855,0.344612315,0.0520141769236245,0.430410593,0.443144921,0.122953600719753,0.304371303,0.387594035,0.185907693609106,0.426251899,0.444649483,-0.0120104335571036,0.296399342,0.309741944,0.145235463247174,0.374444849,0.449908145,0.106976067951283,0.318725797,0.360162229,0.291424839582023,0.416865896,0.47670638,0.275090548262733,0.350997964,0.430473313,0.0423927788564909,0.295817573,0.340043755,0.171723390579154,0.367883743,0.444304522,0.179686906745154,0.304255276,0.489683382,0.334396805636852,0.321570425,0.490959178,0.0638117410923656,0.369034776,0.387443032,0.166174663788301,0.375781094,0.438688142,0.126949736966934,0.285677091,0.442010234,0.250136607565692,0.252000348,0.449035328
"36","NUMEX_BILL_MELTON_CA_2019",2,135,5,4,0.0509944556279487,0.431749647,0.43775065,0.0553837807312799,0.399882257,0.429444033,0.166698742071722,0.422233894,0.438421601,0.145039961419528,0.380807267,0.440431606,0.212430359574991,0.398470969,0.454996985,0.243523391334282,0.421957248,0.484592899,0.0882717946160327,0.281450458,0.350002027,0.013779435799799,0.420977222,0.439739389,0.244532319937665,0.358653157,0.4679844,0.224309587346578,0.399622022,0.468106477,-0.0537280804389039,0.551142023,0.529459948,0.42102825369301,0.360191518,0.56623347,0.0808485567451097,0.42297123,0.412900658,0.0731270830140802,0.308952681,0.400789285,0.191360809849604,0.322434773,0.445927905,0.0426837573888554,0.181464441,0.326528215,0.0313724384190403,0.427134536,0.428104209,0.113366424432219,0.31226622,0.396063648,0.18722844046384,0.416951137,0.45027824,-0.00161721539659529,0.27213806,0.322534101,0.151088920907797,0.362580743,0.44413651,0.102444871369976,0.302576379,0.345905116,0.305279667076348,0.404257514,0.487959872,0.297601178777137,0.337754156,0.442709194,0.0579054571365965,0.297990649,0.328446763,0.194610124323995,0.354173231,0.446711062,0.174103749505385,0.328963048,0.497499144,0.343930157050428,0.328133171,0.505316458,0.0816293885339455,0.311998655,0.375973947,0.173217344617559,0.35420733,0.394406437,0.127730501374491,0.27083696,0.425943296,0.242244787373141,0.249564328,0.428698245
"37","NUMEX_BILL_MELTON_CA_2019",3,136,5,5,0.0392371290723133,0.443639462,0.440455278,0.046346214705439,0.411031786,0.439667379,0.162398608644041,0.420310604,0.453753739,0.15250252710589,0.408251694,0.455248019,0.191474243804656,0.385220392,0.447425214,0.221209031068651,0.42571431,0.47462346,0.0481601611961347,0.389588797,0.374894355,-0.00788702365574619,0.424554086,0.443549356,0.210777274676185,0.356513191,0.463255414,0.205270816186823,0.389756709,0.46464028,-0.0780056509275573,0.570427292,0.516309256,0.425432717247479,0.317031464,0.567966256,0.0334440085628457,0.422711444,0.392226827,0.0380263148999875,0.317986793,0.386489902,0.137380680221902,0.335109145,0.420178653,0.0468652866033569,0.16622037,0.289014898,0.00101807908236431,0.438921441,0.436055286,0.0529038468166732,0.314664028,0.373909428,0.113455775138811,0.412981011,0.409989721,-0.0468895499591527,0.32389935,0.289626098,0.102037387367846,0.389715642,0.439162049,0.0527571879467736,0.337626329,0.355971395,0.222684708886665,0.355077892,0.423799196,0.203780667929116,0.317151972,0.380352122,-0.00142698185828869,0.31265752,0.320127516,0.118720198316916,0.37069521,0.416000726,0.189234552412142,0.321715762,0.480064854,0.283321879992582,0.282107455,0.443963115,0.0321453874511644,0.398345298,0.399852812,0.121621519396394,0.375510641,0.387909141,0.0845328579068363,0.267368861,0.411609484,0.205481005963289,0.283549593,0.397027252
"38","NUMEX_BILL_MELTON_CA_2019",3,137,5,6,0.0171536972387193,0.447619274,0.446176806,0.0153499272942612,0.403840556,0.443729575,0.139571879344221,0.438332367,0.457070897,0.146242932543309,0.425489879,0.468955411,0.207878671207877,0.411644789,0.460008423,0.222129193070162,0.439566508,0.492978797,0.0677465650865428,0.286548368,0.345477938,-0.0179774788385981,0.429279776,0.45164789,0.198743668315547,0.364310282,0.465659848,0.215404443611671,0.419349345,0.480835668,-0.0638994000675052,0.595822591,0.544263456,0.42719349205473,0.308299134,0.572001824,0.0624398648714562,0.433159573,0.417760597,0.0611629368051694,0.330329766,0.404418315,0.158607555116402,0.348930531,0.46153672,0.0668789595657043,0.137965873,0.315992385,0.0321520189476283,0.432471589,0.439072579,0.089600576828035,0.298497859,0.368242538,0.16973612550314,0.429276721,0.447517824,-0.026121117647003,0.346701932,0.2799601,0.112055684086746,0.3844289,0.445556413,0.0621453299954409,0.3487816,0.355787632,0.248100236832381,0.38616101,0.438549499,0.215082339365267,0.34249986,0.394925505,0.0146762907678242,0.31821035,0.309389035,0.129370511051315,0.390114866,0.418551453,0.188297079915013,0.318596719,0.497930395,0.307219273236233,0.315376427,0.450207659,0.0433947116999586,0.376169921,0.390713275,0.12842655419804,0.405330178,0.407012138,0.0936753106111901,0.295433706,0.424489015,0.214367718213556,0.29174976,0.412693187
"39","NUMEX_BILL_MELTON_CA_2019",4,138,5,7,0.0217776526321023,0.450107635,0.447043959,0.0315104524776684,0.416784321,0.443194201,0.153596427504562,0.450392952,0.457585361,0.159655679834542,0.429834387,0.469669782,0.219947571768633,0.419455837,0.469052711,0.231318944295334,0.436716928,0.499826232,0.073655220351946,0.299180688,0.374839702,-0.000296015649871969,0.409108318,0.457107674,0.207577510811263,0.376813736,0.483000797,0.219274560698146,0.438804507,0.486283292,-0.0652692192319542,0.547859194,0.529615676,0.430903314950487,0.311080711,0.573324213,0.0564885123352033,0.444838002,0.43260971,0.0589944485452617,0.349444322,0.393550197,0.159038993910128,0.360980383,0.440319201,0.0626851988741454,0.1417447,0.301202171,0.0156536830144115,0.44287258,0.443371447,0.100922496438062,0.292170167,0.351489298,0.162235100933744,0.418074177,0.435562189,-0.00704982668839425,0.329022565,0.253447267,0.124356921035784,0.398195534,0.44851998,0.0799931496176343,0.317931408,0.353424977,0.262008164909554,0.369108486,0.420024375,0.228972013141542,0.326020064,0.383850702,0.0546981714442396,0.292706523,0.310282532,0.147266009233937,0.396744358,0.41980347,0.199376037578092,0.350110899,0.506400442,0.310970041031363,0.294504508,0.449778131,0.0633006923277651,0.316254308,0.387883852,0.145356306284698,0.394969896,0.4063286,0.114012398653521,0.287331681,0.411968897,0.228185933018815,0.264585655,0.402771989
"40","NUMEX_BILL_MELTON_CA_2019",4,139,5,8,0.0376332987476644,0.445679117,0.453933909,0.0419673315779846,0.412399247,0.44454254,0.15914274118927,0.437336682,0.455482308,0.170330674481953,0.422723186,0.473058244,0.238853059089421,0.413966573,0.483106705,0.254009488594468,0.440955388,0.514752271,0.0790122649446971,0.316479164,0.368614596,0.032740045514235,0.412329754,0.429840546,0.22712564147511,0.388224083,0.502013838,0.22301100205453,0.428828198,0.489875506,-0.0560089344032202,0.550920882,0.525998821,0.436929339742974,0.320383037,0.575079799,0.0696755456379136,0.432342314,0.420698585,0.0791865751524273,0.310445366,0.385477156,0.185672738344061,0.36322206,0.451719656,0.0685671637327948,0.1450788,0.305621428,0.00498237159745508,0.438385271,0.43835009,0.11890002306892,0.276816673,0.344702487,0.179920686291677,0.415225258,0.454118453,0.0140007738577026,0.227088247,0.233730219,0.142308657697587,0.381272328,0.449474292,0.0946227471308054,0.303545117,0.353339958,0.283896522782953,0.403835178,0.453670936,0.258924970561499,0.352484493,0.415857825,0.0605155332206577,0.290393422,0.313360045,0.157621649634487,0.373107568,0.438775705,0.214925927634931,0.351185167,0.516339532,0.308759776467236,0.299086367,0.469613092,0.0603637832822135,0.332087113,0.397498676,0.145349846344653,0.385336406,0.425097199,0.110638370640881,0.2872938,0.433999863,0.203115587508247,0.261412301,0.414119354
"41","NM1713PAR",4,140,6,8,-0.00758585218378305,0.447215431,0.447185349,0.0232113917613329,0.424023556,0.450268956,0.122118386494791,0.43148606,0.454796593,0.128456435595167,0.421478395,0.471113671,0.178323429575829,0.414633953,0.46815938,0.291624683659166,0.436567238,0.514753955,0.0560733859728324,0.300717412,0.357071483,0.0118939604439419,0.420651913,0.428655531,0.220561997254659,0.382947499,0.453636246,0.231358619329796,0.411177533,0.456378938,-0.0458684576565356,0.534611856,0.501612708,0.439005571187564,0.336434109,0.578408573,0.0667854085794102,0.434358715,0.420501089,0.0661867586611027,0.326491373,0.386350109,0.161352901063869,0.359751844,0.412621882,0.0674087616335304,0.158929043,0.298697615,0.0151858503003258,0.446656883,0.433375316,0.110388217604268,0.266708244,0.316430785,0.153841378876672,0.40412209,0.412393537,0.015009502337074,0.234271952,0.208181661,0.12328658877575,0.389566541,0.413683827,0.0731064096550943,0.292449226,0.323013554,0.351483118069652,0.419325322,0.505372843,0.223543592531278,0.334711353,0.374695303,0.0540936330543159,0.270881722,0.277442814,0.154848307992153,0.378849739,0.403646462,0.247301992892512,0.361946073,0.520055384,0.284667164964529,0.279030977,0.428116399,0.0822518499297985,0.295455147,0.386739099,0.101303181851775,0.435906385,0.418721989,0.0613005992051674,0.289082731,0.423616816,0.145421327140373,0.339127075,0.409455535
"42","AFX_149092",4,141,6,7,0.0499756612616605,0.426561235,0.439071465,0.0420592021976927,0.407735939,0.444219927,0.142188457999208,0.428998305,0.457507838,0.159885286017559,0.42065401,0.463814123,0.201990317058285,0.415098224,0.470465637,0.362773166866919,0.451256535,0.548541577,0.0670340644290434,0.356924683,0.337059683,0.0460138999017932,0.410390848,0.431686598,0.272651842276162,0.394563869,0.501985507,0.272663865945481,0.4412216,0.501543902,-0.0458654290941068,0.568191102,0.535832587,0.438955458878395,0.345918833,0.581988144,0.0994741415253168,0.419144603,0.424566893,0.113880007419832,0.305259725,0.40186477,0.218185449059024,0.357107035,0.472577477,0.0629292220937799,0.161683307,0.279479305,0.0637342839086679,0.415889356,0.441898991,0.138038794752691,0.294597712,0.393464904,0.218762885481781,0.446022087,0.473287757,0.016658087355926,0.30674364,0.255908491,0.1705537023554,0.382245667,0.448393187,0.0926506293270919,0.28088362,0.373311828,0.357157237606253,0.430247164,0.514721191,0.296289129133544,0.351115235,0.434700627,0.0868382471577595,0.272428291,0.317859049,0.198050251711627,0.37723939,0.441306714,0.173734811328596,0.318412564,0.492452986,0.3391141318003,0.319995519,0.492382399,0.0726169201877606,0.325991367,0.385428425,0.207361821150609,0.350435765,0.445289184,0.143407881596548,0.292267181,0.454012022,0.239631587907048,0.267092235,0.447519232
"43","NM1705PAR",3,142,6,6,0.0397733376948887,0.44067173,0.450111949,0.0454875021399325,0.407666522,0.445616727,0.153538831316444,0.432705036,0.459423327,0.164225975764935,0.420184521,0.46673837,0.21223848187624,0.415662184,0.468284117,0.278730511346838,0.435620943,0.518208774,0.0590399709564575,0.378701678,0.336395423,0.0133132542073946,0.421090135,0.44206917,0.253881483115825,0.360494938,0.487016795,0.25107159692664,0.436523439,0.489686364,-0.0495859082453931,0.579872786,0.546665743,0.443909538686135,0.337004104,0.589078887,0.0817593233840563,0.411609313,0.426622919,0.0993867069998973,0.286145385,0.405246478,0.210575535284362,0.334902367,0.478627063,0.0669879360815564,0.170808318,0.29615401,0.0660761586831422,0.413461728,0.441991122,0.137095256582753,0.296889327,0.388991375,0.225789236476336,0.44123518,0.473583623,0.000642111782229172,0.311230923,0.263882743,0.151476219921978,0.365688899,0.443680022,0.0834653329595081,0.285845373,0.375446162,0.325458115615652,0.404798491,0.486238982,0.294213293147783,0.365711273,0.434278944,0.054372661782419,0.272473754,0.317838002,0.184583805829456,0.361170876,0.439127618,0.171337061510997,0.32055082,0.494194838,0.343587702898369,0.330721765,0.506228952,0.0644240860945116,0.33575212,0.383183211,0.190856735110005,0.368962312,0.437478037,0.131248005347205,0.285527043,0.451600356,0.25234740360251,0.280901959,0.454638146
"44","DONA_ANA",3,143,6,5,0.0736934473767032,0.426778363,0.450149043,0.101896538040962,0.397822095,0.458121018,0.207292905210018,0.424536012,0.465072627,0.201029505430509,0.412373579,0.479496625,0.245054884065794,0.397597379,0.484568549,0.23815724995895,0.435363827,0.499088896,0.0515479831579308,0.413292879,0.369317741,0.0383307057763085,0.407386067,0.425689124,0.27318840794889,0.391065422,0.519327181,0.260471220300274,0.424973199,0.508453159,-0.0462116372300989,0.559492886,0.516650306,0.450481166389373,0.371819425,0.601869585,0.0819556177379997,0.405873529,0.402738498,0.118031818880057,0.281063559,0.411555281,0.220321974520673,0.347332894,0.489906334,0.0503780199007236,0.189591826,0.291447434,0.0542424997132107,0.421103947,0.431584734,0.149757498702908,0.322083447,0.37859491,0.22266813360104,0.433473661,0.468461896,-0.0148555947014698,0.335947337,0.276234521,0.173076282040641,0.382150971,0.44456681,0.100388897390677,0.266939514,0.370852638,0.286599255114293,0.38612528,0.466039048,0.302239761132616,0.340229048,0.425173724,0.0452079556781895,0.309333942,0.328554951,0.193421936944006,0.373042722,0.413510462,0.152800442709725,0.325469037,0.462898589,0.336925848755492,0.295449951,0.495931891,0.0597908206398873,0.358151992,0.378431373,0.20408906124162,0.34918652,0.432210626,0.140036780016641,0.294822059,0.445295947,0.257217495559656,0.254579867,0.440954367
"45","NUMEX_BILL_MELTON_FG2011",2,144,6,4,0.0276632043302314,0.449387238,0.458107911,0.0516219491340549,0.424206866,0.45667413,0.156270149239993,0.436324093,0.4615609,0.150093289612457,0.419523606,0.467151308,0.202472204583758,0.409813522,0.466770493,0.275505653096969,0.448232943,0.519598302,0.0781025590784989,0.404030483,0.354079363,0.0040446087028364,0.410190964,0.432369762,0.23164301872819,0.363875852,0.471307824,0.236137129778508,0.427837921,0.487173975,-0.0507439482998626,0.528669072,0.504644708,0.45420691940322,0.409553124,0.607660739,0.0499797969154586,0.433739483,0.411561011,0.0662382575588027,0.274420962,0.410561564,0.185342438376773,0.317747953,0.448133365,0.0312078896708015,0.229970009,0.321784644,0.00900619398642413,0.441736932,0.433228559,0.102587639078529,0.283552215,0.395225081,0.165587297478665,0.406643535,0.434072071,-0.00187294318733645,0.279440917,0.283437274,0.124420384352427,0.373799401,0.432516805,0.0853079795731463,0.315277201,0.338768371,0.298148848678534,0.360305505,0.456471259,0.286860035435536,0.347074221,0.421993066,0.0527810420445556,0.309505384,0.331114086,0.186382337711481,0.345249232,0.399877156,0.223861151625663,0.336937711,0.531078617,0.323467133979157,0.285717569,0.476212706,0.0959807025676318,0.282448576,0.396659037,0.127743921315168,0.402598517,0.387175802,0.0744370482058015,0.287527556,0.395466599,0.189781810924074,0.276350361,0.404443227
"46","SW_8888",2,145,6,3,0.0607688825603997,0.437932062,0.450958179,0.0962520069773849,0.40779525,0.451634845,0.196619237024345,0.424847744,0.463062186,0.21389443921043,0.418108,0.474213525,0.243867816859033,0.416016938,0.48236115,0.23931148980224,0.444106113,0.505472516,0.109413013713375,0.345615838,0.312873287,0.0583035060203528,0.400093715,0.419325836,0.281279877577196,0.382571594,0.495384578,0.273213509720826,0.431891794,0.498525954,-0.0393042293308861,0.52043901,0.484875028,0.455748199995077,0.401459188,0.609074327,0.106739652842483,0.410407921,0.410514197,0.108896482387398,0.321976689,0.411033786,0.244406729303957,0.333784031,0.490774095,0.0716716407103365,0.200429817,0.322499958,0.0783818347243532,0.422666572,0.431214839,0.166894845343796,0.305609421,0.406217189,0.225254244376494,0.421544049,0.462544206,-0.00495687791386362,0.318655285,0.311519149,0.167982810595782,0.366306462,0.442690116,0.116980286182079,0.323224476,0.401183526,0.303014646911243,0.397769529,0.459525973,0.321095970353404,0.361761438,0.442266347,0.0640407384569023,0.295762719,0.349998232,0.203086596560291,0.364767037,0.432000321,0.245173424083654,0.342151657,0.548827325,0.35848293817327,0.331283098,0.512397833,0.07442877979727,0.346799964,0.38382562,0.19153755617127,0.366378279,0.421962694,0.145645813650606,0.290834705,0.434393461,0.250572739141044,0.259207638,0.442941804
"47","DONA_ANA",1,146,6,2,0.110826334030681,0.440419355,0.463192448,0.163047941424544,0.406305098,0.463065178,0.25531791928059,0.428300815,0.47665089,0.289824021826913,0.424757959,0.500349415,0.289162958222842,0.422394937,0.515924358,0.235732878856682,0.441189773,0.503851186,0.124791711089429,0.375940842,0.339305239,0.112706414239935,0.348827261,0.451885644,0.344874047787936,0.403351936,0.565094959,0.346004653979689,0.456472029,0.566794447,-0.0312608664306846,0.518853477,0.509921508,0.4571807098602,0.396853625,0.611559508,0.154372339877738,0.390828171,0.4117797,0.16702397951576,0.32856951,0.453405437,0.30422049203461,0.348229952,0.531352979,0.075347783680695,0.20790153,0.303647898,0.103182704195347,0.4209732,0.446576568,0.212321223290429,0.332299445,0.436740822,0.283980984026542,0.448711592,0.499867834,-0.00331809642069776,0.341054022,0.325913681,0.212977505961332,0.377641744,0.466716531,0.166594605550868,0.263686928,0.396162312,0.308131740523426,0.397405265,0.460868504,0.349837301340854,0.386130675,0.477388302,0.0853209433676426,0.308567508,0.36081799,0.241006567089672,0.374922895,0.467426978,0.269301434620938,0.332801424,0.528139126,0.376129941464297,0.362373115,0.539374682,0.0625127418203292,0.411219581,0.393692272,0.231175945932762,0.360334384,0.471811179,0.190967142197196,0.321899398,0.473577734,0.296389208430845,0.275887543,0.492585518
"48","AFX_149092",1,147,6,1,0.0677162195683222,0.433034685,0.450269559,0.105969459018739,0.397502506,0.44231065,0.17030731732729,0.414195254,0.441596507,0.206989957610163,0.412107023,0.462966305,0.202698517377044,0.416588567,0.476930197,0.219748410763914,0.439553729,0.494091408,0.0788772335827949,0.411123434,0.378810461,0.0994472491493491,0.37916392,0.432218721,0.323751136252353,0.369587173,0.524948326,0.321102171180319,0.425821662,0.52914341,-0.0287095430207568,0.466377385,0.468384376,0.454689647136166,0.400638395,0.613178295,0.162733880708056,0.370954,0.394257045,0.144213267648717,0.343964103,0.438039642,0.300324581789674,0.351296934,0.506389596,0.0824327670977045,0.264096992,0.322959105,0.115774407069777,0.408268056,0.433601404,0.211067407245908,0.326447952,0.40532725,0.26243589746533,0.424505306,0.470668926,0.0206080666586265,0.354666456,0.331016384,0.210327480735757,0.378622136,0.462990811,0.148402785344949,0.323965989,0.399655259,0.250674040685156,0.392728615,0.424281514,0.327192926416983,0.369252424,0.448628321,0.0671626573897925,0.376441183,0.413335699,0.23677195315021,0.387424993,0.450683883,0.239663949427984,0.341347875,0.515742398,0.376048073025197,0.354334055,0.529347207,0.0674311380592706,0.37417238,0.377010605,0.21844550894501,0.370930526,0.455856477,0.205806966952954,0.299170487,0.463629678,0.290767880543086,0.265493088,0.476851736
"49","NUMEX_BILL_MELTON_CA_2019",1,148,7,1,0.0550703674694662,0.433437525,0.442425541,0.118522132907504,0.407709309,0.447458613,0.213700369397671,0.424299398,0.453579317,0.247241573935154,0.412848764,0.476084078,0.246211225295342,0.398745731,0.488567573,0.3217428684862,0.420279342,0.520794585,0.111621080270248,0.358119945,0.326566479,0.0967848986931481,0.363252458,0.424927912,0.306960246829145,0.3630748,0.505617902,0.33621142378755,0.437555888,0.540389007,-0.0443134038244014,0.495224241,0.481387913,0.368859847687502,0.368262654,0.48499772,0.12055238426856,0.387922667,0.402222576,0.129782452289943,0.322178063,0.430335263,0.295761107419738,0.35279853,0.507408428,0.0738145156057751,0.221633303,0.378636672,0.0556196960231691,0.417431791,0.427276243,0.198114539287568,0.344279244,0.43592831,0.265067666042455,0.44600358,0.482819271,0.00445253726203875,0.359779058,0.327269895,0.167598691455938,0.36183737,0.45284194,0.150534047091514,0.329436723,0.402330273,0.345489903464498,0.436572904,0.501978092,0.35493658893334,0.396128801,0.474436522,0.0478377174585719,0.331540037,0.409135674,0.214439873255566,0.381280772,0.45428453,0.23541333751762,0.319100203,0.496336802,0.385102772344754,0.347535487,0.529996195,0.070982265400819,0.346478392,0.375495596,0.164437590071364,0.367723194,0.433780776,0.168518660929795,0.288425256,0.455527283,0.27349881058638,0.259091911,0.470055863
"50","NM170506PAR",1,149,7,2,0.0594201991305884,0.437237118,0.447695342,0.09918054768247,0.421475428,0.45125484,0.19278198606702,0.432098086,0.457915594,0.211006289379929,0.429233986,0.476366607,0.222092721332202,0.41730658,0.480088796,0.287888785619693,0.435439967,0.507787081,0.103787230381981,0.423317816,0.309617945,0.0755782048846282,0.394177597,0.425024204,0.295792916279828,0.362815416,0.500413191,0.321944797943808,0.457420146,0.535161069,-0.0273632757758462,0.488321233,0.48264456,0.367846809823354,0.379594163,0.485316917,0.145190196972949,0.391327736,0.411273536,0.139862801030844,0.310094036,0.431695995,0.273457113073113,0.334638675,0.497549343,0.0747944051540353,0.233396531,0.359712174,0.0669851912467987,0.409091855,0.429274864,0.187965240401298,0.303476657,0.414537127,0.255058384643669,0.453334396,0.480193165,0.0148027838075666,0.314996699,0.308865963,0.176839106951933,0.356715941,0.448690077,0.142273405845291,0.282264024,0.402895823,0.337942715620502,0.439054015,0.500077602,0.334974087875855,0.396796697,0.466819559,0.062105799357243,0.291994747,0.41430025,0.211892902294925,0.37477038,0.465735974,0.215171677967042,0.323393554,0.505176195,0.373996956816323,0.348178058,0.525974794,0.0785627021547333,0.345902316,0.38609613,0.19497540117167,0.356720757,0.46225136,0.157491378897918,0.296016527,0.465899982,0.271133497887074,0.273237454,0.483028137
"51","SW_9720",2,150,7,3,0.0633722933930376,0.430527043,0.446439824,0.0916904256507952,0.408013058,0.444392438,0.186489967398336,0.425070511,0.45248849,0.206777351897319,0.418518519,0.467546758,0.233035128604322,0.410904588,0.476165264,0.267626682700507,0.433446821,0.500187575,0.0858461588067729,0.429215373,0.297919702,0.0328720889359502,0.426456514,0.422660241,0.250120709037398,0.326311107,0.468594217,0.29662314403873,0.457112459,0.523537636,-0.0395318919450984,0.500823475,0.489841454,0.367248580578479,0.384944783,0.486454812,0.11186801394811,0.398322454,0.407559017,0.112751851554045,0.279962827,0.416029813,0.235806275595951,0.307333307,0.474015496,0.0624014932205328,0.242576686,0.368253862,0.034593592601833,0.419393548,0.441215898,0.147970843737217,0.270772838,0.391498463,0.200086913026536,0.420233586,0.463346654,-0.0159753882423273,0.328192927,0.297409263,0.130793287369495,0.342202252,0.435534424,0.116372550431591,0.309064757,0.372651478,0.325701892057822,0.411887742,0.480562451,0.335004106240706,0.374618857,0.454673348,0.0520819891231514,0.277570931,0.342724584,0.198380663037824,0.350784584,0.44189744,0.228161184313523,0.328593844,0.542009054,0.35023832786058,0.322352351,0.502048211,0.0751638853679404,0.323316366,0.367797218,0.175434412245353,0.356413117,0.433362793,0.124933761595548,0.275607259,0.443482993,0.233861460839913,0.24807228,0.42812896
"52","AMERISTAND_803T",2,151,7,4,0.0910748409305451,0.425178854,0.441868263,0.131363659272983,0.399594249,0.458074848,0.226916124945059,0.419931909,0.463073058,0.243101938530905,0.413927047,0.484027472,0.26606874831179,0.386825588,0.486014559,0.302875983863366,0.429316293,0.518209111,0.106306528827127,0.430826761,0.339439192,0.0675058740210192,0.360083004,0.432934448,0.282712517600387,0.357884477,0.505271786,0.318429317885079,0.447906825,0.542260009,-0.0333167049530948,0.487586793,0.487728108,0.36267804,0.387984496,0.484610123,0.137928131992719,0.391560125,0.404836601,0.145686320227821,0.309424089,0.41803241,0.269712597085221,0.32287322,0.512087376,0.0601450342881041,0.257805163,0.377238567,0.0573191847016419,0.412140362,0.428942104,0.184501896364166,0.306406966,0.404462258,0.250347925523866,0.428749375,0.500956297,0.015135095053983,0.306640218,0.300945965,0.1900701822956,0.356060176,0.45857476,0.140500441987929,0.279564496,0.430443256,0.370005774922028,0.429301662,0.516170128,0.386652040371169,0.409550846,0.501978206,0.086440626654348,0.296158001,0.375667737,0.241194518632062,0.358207412,0.477992114,0.0897179840761317,0.357955553,0.466009701,0.38392616135773,0.353615038,0.543888913,0.0867520837360205,0.300569249,0.381089487,0.23301354749636,0.346043659,0.464862842,0.166143558791828,0.288398092,0.460701159,0.277640451927595,0.252360048,0.473411479
"53","SW_8421S",3,152,7,5,0.0567134027057423,0.4250647,0.446356123,0.0845637759951755,0.409897121,0.454146274,0.176573441843901,0.428168003,0.459856885,0.187274442032865,0.426878106,0.476142432,0.207950154013527,0.398536376,0.465303708,0.237790249671696,0.447380092,0.500641022,0.0995393464747618,0.43775453,0.36106152,0.0449644097569012,0.372345629,0.433301924,0.239717232570362,0.347288217,0.491933549,0.258994296836652,0.432270782,0.512911253,-0.0294804578689285,0.451371341,0.45831748,0.357778720152672,0.417305062,0.484610123,0.121853612664579,0.389407071,0.405075345,0.125191331692704,0.273952773,0.426270955,0.221821752169799,0.34097265,0.501887424,0.0631129484319862,0.238250354,0.365272996,0.0514703441283233,0.407850833,0.428108973,0.161099781879045,0.310411504,0.387760574,0.237044460298622,0.442909312,0.487475241,0.00164027631208995,0.32830405,0.285071655,0.157819346744979,0.362528582,0.448489963,0.107241243776322,0.265830861,0.412316405,0.335441496051847,0.413519793,0.484694,0.347024472671825,0.378573572,0.4696243,0.0596361113838654,0.298749548,0.331295535,0.207509289992705,0.365071076,0.461215761,0.156363453986523,0.316641981,0.468399902,0.365602715360785,0.326745498,0.521193825,0.0846471018423398,0.296679418,0.371506264,0.214850721373614,0.3371864,0.434385014,0.145473438407451,0.284044859,0.446007565,0.255721571756692,0.248115488,0.449072388
"54","NM1713PAR",3,153,7,6,0.0037523919145587,0.445329871,0.44819471,0.0461091825794944,0.417630097,0.448471063,0.149535842205697,0.437454854,0.456601997,0.179602361733041,0.418266646,0.473953498,0.217085712820575,0.404113721,0.466179786,0.238130911894071,0.43369535,0.492295608,0.111839257124692,0.444811558,0.384172153,0.0416947632119455,0.401445867,0.440142675,0.227820503124221,0.387909645,0.475497694,0.226432681341818,0.414541788,0.463493862,-0.0446281918115853,0.515670992,0.48708572,0.356421813322056,0.444642043,0.486798906,0.0819567241523237,0.420882442,0.429545495,0.0974498560691178,0.297885593,0.394445003,0.192922626217544,0.358241722,0.465084016,0.0636890185638868,0.219777478,0.356409645,0.0326976090051391,0.438299181,0.444757065,0.125306432317678,0.282678035,0.381507442,0.201354882372904,0.437814131,0.448932022,-0.00492482871781947,0.326509348,0.263776307,0.111711210095386,0.376684972,0.420919899,0.0740663969702998,0.285545291,0.386685282,0.272032221616056,0.395003607,0.433297351,0.261138395942637,0.343185804,0.391345304,0.0373963291335067,0.29284141,0.296751008,0.167524470344004,0.367964734,0.434330797,0.196018622493363,0.327048677,0.499637641,0.323806891384535,0.325641541,0.459228533,0.0729159892300876,0.281745509,0.362166235,0.128811262225793,0.405128304,0.434092051,0.1033262219683,0.299422723,0.416536484,0.214645306615817,0.302010257,0.439480469
"55","NUMEX_BILL_MELTON_FG2011",4,154,7,7,0.0139014847832441,0.434609467,0.437823557,0.0567616713973041,0.414831692,0.438251256,0.161222828031692,0.424372679,0.447740864,0.182076838410325,0.42303163,0.466580227,0.220649384966477,0.402527713,0.462922297,0.238097248115138,0.427484717,0.493498981,0.0996047483402091,0.421600285,0.367258806,0.0385254206096764,0.39557296,0.419633932,0.235001795507278,0.375093622,0.483919988,0.246544904339414,0.427502428,0.484894699,-0.0481054883235456,0.537181464,0.509840375,0.357236738187025,0.440857273,0.488508892,0.0775208039497859,0.420978975,0.423877641,0.100821927776763,0.296066096,0.400699876,0.198041692998305,0.340529898,0.475673044,0.0538575525640314,0.222292711,0.362237489,0.0203873562471624,0.433718663,0.437053384,0.129502003790631,0.265795022,0.377582642,0.210178388682216,0.441899511,0.469214532,-0.00895430808826129,0.356313232,0.269967513,0.132160979657348,0.360496446,0.435455685,0.0836012927580285,0.30114226,0.358327234,0.304228723261148,0.41523061,0.466110351,0.303351413577596,0.374100583,0.443112981,0.0614021476712567,0.289523401,0.318780627,0.183855583289409,0.362991437,0.439639425,0.236368591916323,0.366827882,0.533127783,0.337683027426535,0.314155898,0.480895065,0.0819763196747475,0.268854955,0.362062586,0.142251827250072,0.401179529,0.411117229,0.100889760951927,0.293508586,0.423960152,0.19754738488127,0.291498467,0.420015334
"56","TMA_990",4,155,7,8,0.0505356408326638,0.420208793,0.431289379,0.0676808837858272,0.39971491,0.435389205,0.156698677882223,0.415674725,0.444140145,0.176128338653361,0.412040753,0.460397016,0.220833961831064,0.405542588,0.466322619,0.251638968373464,0.431399658,0.49741099,0.0864964215442095,0.323108192,0.341353518,0.04962606445475,0.363512145,0.42259313,0.240400468276883,0.341795954,0.499807893,0.268717056729174,0.436713133,0.52403939,-0.0166579863543693,0.461989083,0.457822102,0.357392561791298,0.417031464,0.498996808,0.161218215324009,0.36630031,0.409927276,0.15064398726224,0.280005334,0.403447007,0.232796992064138,0.324448362,0.489406849,0.0741545862169216,0.213748404,0.330332193,0.075829874335606,0.392533066,0.422402445,0.179721138216084,0.287394509,0.400151156,0.248619119729665,0.431408829,0.482969889,0.0192148623804821,0.310565366,0.266505222,0.201422808746684,0.366670767,0.479626477,0.12609369784275,0.268624261,0.398446047,0.34913838902349,0.410740787,0.491778469,0.341420909081595,0.373400673,0.457400989,0.0998207063301911,0.273765905,0.337774063,0.219670390457832,0.357576135,0.466605668,0.16960985357905,0.32966845,0.479793,0.343867547612011,0.300315765,0.494406281,0.0831528435644319,0.304873672,0.366057154,0.218925743371889,0.322015358,0.434289256,0.15407951807592,0.285466248,0.453558183,0.22952957988133,0.240864654,0.430485528
"57","NUMEX_BILL_MELTON_CA_2019",4,156,8,8,0.0290822627654709,0.444855872,0.447944853,0.0965196999685606,0.435853009,0.463800801,0.166745617700801,0.42383725,0.456159764,0.187119429322278,0.427700015,0.47764399,0.223473712838955,0.408727321,0.477856671,0.300664827956777,0.422152024,0.500419998,0.0865305805204249,0.350006889,0.346695011,0.0422382568079158,0.404005843,0.428329592,0.222653707052775,0.352667099,0.478974522,0.288382428524207,0.445243128,0.526172253,-0.053648135328283,0.485702207,0.47628657,0.365130365533017,0.418513452,0.509165527,0.0871675275831905,0.415045964,0.420850382,0.119564739025205,0.289991993,0.389505987,0.23256627775802,0.329941367,0.488829018,0.0516762416237677,0.233829347,0.345696847,0.00530991890379097,0.430685125,0.435322045,0.160867099325033,0.260117969,0.384691986,0.250322264386977,0.429648365,0.465694854,-0.00753525730768132,0.326869536,0.253246074,0.166859515548192,0.345817628,0.415286047,0.113387232212936,0.276489197,0.360640656,0.331641425266285,0.435276334,0.506453434,0.338615287945024,0.366407801,0.458483508,0.0715371160808279,0.280097849,0.322267429,0.203731701261431,0.350789885,0.423066383,0.217367888170347,0.322669188,0.497821126,0.358038961516196,0.326978832,0.520004315,0.081498532977428,0.262021127,0.370855457,0.150307653588414,0.37985119,0.415459957,0.113743929132561,0.288792245,0.443334054,0.238808931158163,0.296192687,0.435896044
"58","NUMEX_BILL_MELTON_CA_2019",4,157,8,7,0.0386253890022516,0.445146874,0.454846251,0.106065934871029,0.418337591,0.460265645,0.186544425132191,0.421303326,0.45473985,0.220861275105407,0.418350702,0.480817808,0.255862084260663,0.399573688,0.483921676,0.287152861257752,0.426832521,0.50556462,0.081867810775975,0.435606554,0.338537194,0.0336335466989296,0.398519114,0.424382277,0.222110512255133,0.347147113,0.493194112,0.268334065565256,0.453403155,0.519762536,-0.0607401885083074,0.479200512,0.495376533,0.374502726402747,0.432626539,0.510077519,0.0730185785370855,0.417449563,0.424277769,0.100424280446022,0.2821534,0.408913772,0.215380509577126,0.328768279,0.496961485,0.045921433750191,0.255384947,0.369470942,-0.0100560962385545,0.441433479,0.445571716,0.126960612764457,0.25706749,0.381622105,0.22611928977215,0.439203815,0.476830358,-0.01116935528511,0.352135274,0.253601365,0.131370869951922,0.343721029,0.441583587,0.0929409638617375,0.291084901,0.375440333,0.316671020270841,0.417831519,0.499017301,0.34385538314407,0.398376711,0.481649037,0.0770099055995154,0.283791579,0.338947625,0.206370698960755,0.356392941,0.430105951,0.203487657728383,0.324001153,0.507002633,0.355506350032429,0.33083322,0.515045743,0.0802780608248854,0.227221909,0.361209708,0.159324656434291,0.380637414,0.425497358,0.118451213862653,0.282869423,0.441583743,0.218976030911772,0.301371121,0.452674652
"59","NUMEX_BILL_MELTON_CA_2019",3,158,8,6,0.0568913511908749,0.443163268,0.457699668,0.126699317005414,0.416212171,0.468930734,0.212970816376002,0.416996655,0.470009558,0.232062088852121,0.423454925,0.491049636,0.277909394246674,0.401368762,0.491973745,0.326049437296431,0.43344901,0.529241364,0.0928864817165928,0.436422914,0.329079727,0.0452537922783577,0.401840712,0.425808035,0.236117725726523,0.3639331,0.490288972,0.26535878162578,0.456042541,0.505495333,-0.0656047674888061,0.508522191,0.508645995,0.378183515422349,0.427360829,0.513905792,0.0705557903813665,0.421907807,0.431071134,0.102113637520614,0.281370894,0.414519001,0.225603304901557,0.337386656,0.491476289,0.050814883700553,0.263880097,0.373260356,0.0133769299512045,0.432028648,0.448774475,0.13827429034684,0.267213269,0.369244273,0.232059057261073,0.435153512,0.48098324,-0.00275333192491154,0.334752552,0.265355536,0.131403079287229,0.362421472,0.44628281,0.101966828422855,0.281969608,0.36861948,0.361960174999821,0.445238636,0.532168481,0.345549396287407,0.382206571,0.462407975,0.0722774577088764,0.286731661,0.331562482,0.21093420696739,0.364709853,0.439781092,0.169215628173187,0.312535014,0.479515715,0.35628432248646,0.331269656,0.509075701,0.0792328662317095,0.225087383,0.350633289,0.181250392105633,0.367757908,0.427756055,0.151660842143975,0.309148664,0.451450862,0.276648430008963,0.324234528,0.467384693
"60","NUMEX_BILL_MELTON_CA_2019",3,159,8,5,0.0459761358704832,0.426831804,0.449075969,0.10843309455493,0.412334622,0.458288215,0.189584453942765,0.413220967,0.454807624,0.205579518166705,0.418677402,0.476891133,0.240739384626667,0.378736875,0.465908977,0.287500466859345,0.441636168,0.506389587,0.104569308445257,0.437958761,0.329060889,0.0498703633725511,0.385433883,0.437756123,0.238468594352549,0.339389462,0.498288268,0.281109387788191,0.452558469,0.531197907,-0.05418247329525,0.437468229,0.474269251,0.379512553193813,0.418673051,0.523894209,0.0839817499011557,0.407935183,0.410175254,0.110421194562912,0.268653837,0.401734674,0.238499570743733,0.327079339,0.488732145,0.0581824248587966,0.240590718,0.352776165,0.0223286181520131,0.427684259,0.433219249,0.148148729239901,0.291198917,0.388833369,0.244282866817352,0.45094793,0.485379863,0.0057830686468559,0.33368787,0.257456057,0.148608915425152,0.370309225,0.452969225,0.122248902282871,0.285506907,0.371721125,0.31317530263063,0.40873046,0.475973577,0.369635501996017,0.402569816,0.484045429,0.0779090243762481,0.292620749,0.347113379,0.214959557651628,0.343393095,0.427153429,0.169761169571184,0.321234414,0.481825751,0.369043576995135,0.326173473,0.52242752,0.0791688456417239,0.215761354,0.344800333,0.182745244747069,0.36719872,0.432583079,0.141621135450166,0.286235889,0.439979969,0.278376397618441,0.307821537,0.460050762
"61","NUMEX_BILL_MELTON_CA_2019",2,160,8,4,0.0485925488294881,0.437402111,0.448533026,0.117816596919528,0.412065071,0.457956589,0.197509569386942,0.422534543,0.460161678,0.220032544716738,0.427654608,0.483283695,0.2522073513395,0.392505371,0.47812123,0.26128555556062,0.436752288,0.501560882,0.113975808712999,0.436667375,0.335026282,0.0564488346555032,0.387158957,0.434435073,0.242981017508116,0.320616063,0.474778075,0.301242637196467,0.468079896,0.534768951,-0.0609270857004637,0.490396082,0.493040894,0.381184632644776,0.425900593,0.534815321,0.068621342936111,0.418564217,0.415954089,0.1015737595802,0.27803456,0.392770236,0.240903024614859,0.296749211,0.472319883,0.0498187109906871,0.23554075,0.35632074,0.0082647420844745,0.427465766,0.440115398,0.132182543069287,0.268757726,0.381674215,0.208140675674202,0.419435517,0.457315633,-0.0104996526288859,0.355114363,0.27701153,0.127865946030048,0.34626001,0.436330115,0.108214091267513,0.292313496,0.367853925,0.341383691302263,0.422004236,0.486261927,0.341400511054385,0.383893273,0.459017362,0.0643789855736226,0.288200565,0.348953023,0.20147760327642,0.334806039,0.422940151,0.178053014074683,0.31047834,0.495572114,0.351337147528785,0.327666891,0.508504145,0.0724182150070828,0.231994962,0.352433212,0.158533146130355,0.385439585,0.420550197,0.127235759035805,0.286144604,0.439662319,0.275473562954006,0.307433451,0.459878087
"62","NUMEX_BILL_MELTON_CA_2019",2,161,8,3,0.0720467695611439,0.435849412,0.450635855,0.127327032269862,0.414104078,0.459414309,0.227607662540208,0.415302586,0.460095434,0.247147700011753,0.418156156,0.482960661,0.278380783167845,0.389923042,0.490600934,0.283575580390856,0.439226463,0.522351426,0.126702876280287,0.441085262,0.321340484,0.0851065012763532,0.35730883,0.438974708,0.282344099496824,0.343578501,0.502079304,0.345812517082647,0.470578086,0.557047362,-0.057695155326943,0.495318641,0.476518592,0.380516754434747,0.423187415,0.538873689,0.0965942664914437,0.401757841,0.409092209,0.115736873364509,0.273984656,0.427535268,0.267886607368925,0.318656001,0.512958066,0.0577703411032735,0.259033626,0.375943429,0.0227792031229841,0.427421227,0.434800545,0.165163956120498,0.271379682,0.41995044,0.25359246795704,0.445908007,0.491549085,-0.00827660018273595,0.358727925,0.30811714,0.15587103945079,0.331820836,0.453749668,0.137079509812802,0.296684512,0.41309559,0.330849559474688,0.400226822,0.467619251,0.387807401377102,0.417430669,0.510376537,0.0712739955446637,0.309934248,0.369434833,0.229526555247364,0.355589372,0.447357822,0.230303717988145,0.324210478,0.533188053,0.376548239322307,0.34968238,0.540119805,0.081983140780762,0.228917388,0.348861261,0.175152031253231,0.361894735,0.437890724,0.143245209352234,0.296436366,0.452080065,0.284632983934105,0.326346733,0.482594207
"63","NUMEX_BILL_MELTON_CA_2019",1,162,8,2,0.0348293821416248,0.4331846,0.448266032,0.104666856596837,0.4163651,0.454842574,0.191317344694716,0.425421139,0.45595907,0.215507361950359,0.415985659,0.475341783,0.227061439394347,0.397701429,0.478789257,0.27424975417888,0.445176841,0.519783295,0.123235836027785,0.443153166,0.314995227,0.0807708629487423,0.374769416,0.429715133,0.277776182936653,0.340804094,0.488813279,0.319927403687641,0.458518079,0.536138272,-0.0602538593143632,0.534080595,0.501348339,0.379128818798363,0.401869585,0.541450068,0.0931051192318964,0.408540128,0.411337124,0.105675301433924,0.289942059,0.413672516,0.263264941277955,0.311604345,0.481469981,0.0588426203771667,0.270970097,0.389906944,0.0131178430356877,0.432193619,0.440015502,0.151237907122979,0.326458854,0.412408322,0.220015544730282,0.432057029,0.468989075,-0.0108336037929998,0.350389286,0.313857222,0.144412442368368,0.347992997,0.44230415,0.12561853639599,0.294708033,0.370537445,0.320417381522596,0.412668569,0.483035048,0.33415004541862,0.388975298,0.46698966,0.0325368430690101,0.324111838,0.436373433,0.192985315162415,0.379019337,0.43570757,0.236745215080367,0.310216674,0.503607412,0.366274130432962,0.336411673,0.505410703,0.0765327781303925,0.245963714,0.352274218,0.135237978786206,0.405016324,0.422304161,0.130281905960052,0.279109914,0.423799017,0.262961876312186,0.309154923,0.463571144
"64","NUMEX_BILL_MELTON_CA_2019",1,163,8,1,0.0489343033259789,0.43790262,0.451746406,0.131168520955029,0.415832338,0.454651027,0.216139006057881,0.414336362,0.452610416,0.227881365250593,0.413047526,0.467985169,0.225612889606652,0.400150029,0.476932841,0.261120459027829,0.438045951,0.513973851,0.115626373899923,0.391910819,0.346379518,0.0979702319666913,0.376242452,0.425077855,0.288761067776834,0.348964953,0.48434756,0.333795653570577,0.450355671,0.53231593,-0.0654422585749471,0.507219455,0.493404765,0.380344855040733,0.430620155,0.539056088,0.0925023381343671,0.413360148,0.417366972,0.105389954125281,0.318052189,0.427073519,0.284048579574273,0.336034378,0.486369121,0.0650803909161352,0.187304369,0.395414006,0.0273345703145375,0.426130892,0.439745584,0.174480351177399,0.374917816,0.432632063,0.250750616687315,0.446630514,0.474848148,-0.00453719961704838,0.409625617,0.377708453,0.157508081547174,0.356919499,0.44755107,0.148059850447984,0.361601029,0.438735963,0.330668487728622,0.407504414,0.494682521,0.364810418444759,0.416060203,0.494589688,0.0392688972856303,0.370793154,0.417601428,0.221590849140386,0.374272669,0.448190177,0.235728660154765,0.321127972,0.490998294,0.371520870736629,0.378375232,0.519608257,0.0662681602373392,0.349361909,0.371253676,0.141079925206353,0.39394385,0.426517698,0.161464240475166,0.286219443,0.456890278,0.27989819048863,0.319621779,0.48658772
"65","NUMEX_BILL_MELTON_FG2011",1,164,9,1,0.0469851554463137,0.443537711,0.453898962,0.128437736308508,0.426527057,0.463285412,0.197155515523864,0.414719477,0.458208674,0.190324619395749,0.415997807,0.471973268,0.233209729875866,0.409809989,0.488933025,0.264940050940744,0.435901127,0.501511883,0.073832627828886,0.439777039,0.40756279,0.0680218968220122,0.396514276,0.442163581,0.258324405013688,0.353528439,0.473548866,0.305531696305919,0.445695784,0.520709444,-0.0718468230161916,0.487456238,0.470812751,0.366617304333666,0.451801186,0.530825353,0.0568900640331597,0.42813887,0.407153836,0.0715840025436014,0.342388501,0.426528695,0.259183357569261,0.351727253,0.483724263,0.0690508501099771,0.202394195,0.363494038,0.011746332035608,0.431383684,0.438110258,0.156521741637625,0.365978199,0.428265864,0.212100340385316,0.449729822,0.457174609,-0.00873296881952742,0.386011998,0.341725042,0.132193282864322,0.384484329,0.44357422,0.135568059640902,0.400794034,0.451279544,0.281537207942474,0.415649662,0.468034323,0.347274033854866,0.409962123,0.473147456,0.0333803274262835,0.339566425,0.404928638,0.194825056053312,0.395670496,0.436301833,0.189240410810013,0.320403011,0.446799442,0.345021785557629,0.364766518,0.492603543,0.0516596561858103,0.309861233,0.368883349,0.111435877338716,0.410680157,0.438935091,0.12408615260218,0.298323239,0.442983013,0.269636951056676,0.331890427,0.47816931
"66","SW_9720",1,165,9,2,0.056804614984902,0.430575683,0.44116219,0.09791358080003,0.407598092,0.444881132,0.170348897587691,0.411328741,0.443694548,0.165516930570121,0.410960084,0.463377759,0.205253716416582,0.405235395,0.470738641,0.261737297244953,0.443226328,0.505983044,0.0995552786840599,0.42050138,0.292733487,0.0430687057272605,0.408321147,0.440960723,0.245030992984789,0.323630329,0.467358899,0.294832714838053,0.466296939,0.529212586,-0.0503785680982263,0.445868257,0.42894611,0.370107890415503,0.424692202,0.529069767,0.102416768826195,0.388060471,0.41215208,0.0991938897241463,0.31071313,0.429423537,0.252793346060641,0.313496353,0.484248126,0.0693042767585499,0.372891801,0.360324561,0.0315076326876307,0.410585047,0.434604426,0.13534023197655,0.326032179,0.426829539,0.205621203265009,0.421250717,0.465351048,-0.012676485891939,0.349102175,0.319678401,0.137842719540824,0.346141746,0.440012368,0.138278567062901,0.364672855,0.438643345,0.284831001697707,0.400943,0.478702317,0.339912219349062,0.390176514,0.47212911,0.0412519527972064,0.31968605,0.416997213,0.181884773113102,0.3716128,0.42965469,0.196708287369729,0.319665484,0.497714609,0.350594323427666,0.328052469,0.483688453,0.0888643809094527,0.223210105,0.319861303,0.133560309204831,0.366623288,0.426967913,0.113089949120641,0.263385611,0.439279938,0.262444953509934,0.316113411,0.450347875
"67","NM1712PAR",2,166,9,3,0.0400795485845429,0.450147804,0.457010948,0.105958957749223,0.419761973,0.458588901,0.167309740708398,0.41055633,0.454252617,0.169269085907983,0.424287936,0.474893017,0.237268235928796,0.410109067,0.481959642,0.256100149783227,0.447025939,0.505041506,0.0967129488196637,0.412517756,0.317473846,0.0162643198160629,0.436701543,0.449577601,0.212521012560692,0.332280395,0.443859681,0.281848535203774,0.474951931,0.517180033,-0.0574637999009363,0.389357696,0.354059493,0.36981211027465,0.417761058,0.518445052,0.0548584603291387,0.422070248,0.415366916,0.0751895887513472,0.322196936,0.415802628,0.226634305795691,0.314412983,0.468899553,0.0644706709162054,0.355215915,0.357138264,0.0123072037877891,0.432442286,0.437056625,0.133321756372343,0.26158463,0.376346411,0.192781604197314,0.418232674,0.464495164,0.00393441742539001,0.326022755,0.285796017,0.120062772458942,0.361883954,0.438691619,0.125073550816598,0.382685837,0.442289252,0.298530604604386,0.411374373,0.477195042,0.34729244392857,0.382272329,0.460663304,0.0524004750345972,0.315032169,0.387371786,0.200980778844494,0.378225098,0.43788293,0.222455046769309,0.341123908,0.540685267,0.355194368690959,0.349700497,0.519280637,0.0986516947378332,0.253459593,0.361784565,0.124160352136194,0.398019093,0.437299655,0.0954661146110003,0.3006396,0.425381406,0.274210005219777,0.310063555,0.461504899
"68","NUMEX_BILL_MELTON_FG2012",2,167,9,4,0.0498184022808111,0.444155551,0.457846311,0.121639327089328,0.425243911,0.46656744,0.188661604189016,0.40946006,0.462618082,0.197244961585038,0.429204594,0.48421002,0.252994034691932,0.407463568,0.489328869,0.262790736079777,0.447620202,0.509270999,0.0894504674111115,0.404589402,0.320140369,0.0218463203868529,0.403536027,0.421740281,0.227191225895598,0.32498237,0.472332798,0.296886850577174,0.478112582,0.532602836,-0.0688870734109981,0.411752347,0.491353706,0.356496394306338,0.443000456,0.520383037,0.0364139406104087,0.43338834,0.411963984,0.0723016309982367,0.323984843,0.411567156,0.222245587372086,0.315906542,0.481674215,0.0602859230813295,0.366952903,0.348736143,0.0146998115020675,0.42354657,0.436175941,0.128398159960766,0.275116832,0.368701736,0.205349232028384,0.420222226,0.468712655,-0.00727073891855572,0.337530681,0.284689991,0.120578731000246,0.368084356,0.441659203,0.12283760203054,0.379976396,0.450548995,0.294931410211044,0.419279857,0.46730274,0.349993547361861,0.398792987,0.461052056,0.0587846068187459,0.28681957,0.357049657,0.200603608179673,0.378109057,0.448028297,0.212657870692376,0.338748327,0.510769314,0.341185335040626,0.348397944,0.504710377,0.0839915097979447,0.236266406,0.336731626,0.135995023322068,0.389113461,0.43643324,0.107169976334771,0.30001588,0.433856294,0.285712202554325,0.320187578,0.467356495
"69","NM1702PAR",3,168,9,5,0.0309161263668999,0.430558896,0.446090686,0.0768642890756299,0.416224529,0.446838613,0.136260213932428,0.414661338,0.441599687,0.13655823093886,0.426584955,0.454972291,0.196170740233669,0.408860107,0.46027012,0.210696646343898,0.447670716,0.481521481,0.085446993198992,0.403255453,0.302813563,0.00383434794779919,0.435458464,0.425257631,0.188509721733836,0.31237892,0.423168908,0.260988497396836,0.443334717,0.491303213,-0.0555261862480778,0.342589642,0.476841111,0.346458679855803,0.447058824,0.531782946,0.070793976876742,0.409114547,0.416020688,0.0773646437647863,0.32460334,0.402260267,0.208265488735453,0.301971189,0.453375973,0.0686784882698923,0.351271342,0.352515649,0.0334478430407578,0.4209962,0.431665517,0.126816750290545,0.280532411,0.379780324,0.216071753599996,0.39823949,0.467561031,0.008922350410084,0.327773586,0.294894162,0.141668492161471,0.347381958,0.443936397,0.136147960570664,0.340007581,0.450376338,0.316246435555074,0.419557417,0.477255102,0.356701705090549,0.411541588,0.472185521,0.065885634936372,0.273835517,0.368220793,0.202354310634281,0.354624691,0.456528991,0.0854041033692196,0.366596807,0.46219495,0.335875641913882,0.331058255,0.514656605,0.089754971958192,0.239337626,0.33303075,0.161166851729594,0.352201938,0.437324608,0.100602515285477,0.274137251,0.440713381,0.277398562519273,0.320097605,0.471728468
"70","AFX_779",3,169,9,6,0.0675228089933236,0.438629601,0.456911674,0.133560712139599,0.420661524,0.468406039,0.194749557313848,0.419245629,0.46865353,0.199969838572066,0.426897258,0.483627735,0.267516623784133,0.410993227,0.495267285,0.272020287303244,0.441622707,0.512838469,0.0868739931555783,0.409662756,0.339150026,0.0411265468985465,0.420173903,0.436599076,0.247205547380795,0.354256539,0.475885555,0.304773816683498,0.453811221,0.524158826,-0.0492334950649564,0.351425551,0.447835334,0.341012778995115,0.444482444,0.522982216,0.091895887631135,0.413428096,0.419633172,0.129899801598365,0.299195085,0.417343376,0.267310584407277,0.365844642,0.51430164,0.0709694477550204,0.330650952,0.352248037,0.0460649854967944,0.425216628,0.429434119,0.157861564393217,0.294521778,0.395814185,0.249453097182702,0.440862225,0.493972709,0.0109229041396101,0.317933792,0.285442833,0.148657084363005,0.373772008,0.441942807,0.143517185881345,0.359526857,0.448396908,0.334574852577462,0.419524935,0.478082328,0.37472400257,0.400936553,0.466964661,0.0761521658574717,0.286972234,0.337014489,0.227889707028581,0.399898016,0.465991112,0.154735991985963,0.313774872,0.474120479,0.388793549886448,0.364336,0.5403501,0.0931152761594053,0.268291421,0.351898247,0.173203537462714,0.388368582,0.445109914,0.139025726102956,0.318258001,0.438867228,0.317244427786626,0.328502968,0.499338392
"71","SW_8421S",4,170,9,7,0.0679947278143877,0.434728554,0.441269556,0.11472197905202,0.421655472,0.459022831,0.181506992345198,0.410496192,0.455538571,0.195194523301577,0.421855683,0.474919975,0.251011736627651,0.421902359,0.495494709,0.269592830432097,0.45898669,0.524540702,0.091218635010259,0.35750114,0.337959639,0.0428028657978905,0.37442553,0.427969497,0.237857363815799,0.328736555,0.502892745,0.288743695415691,0.459272919,0.541713179,-0.0275903049060177,0.289869429,0.42085174,0.335361525118193,0.448814409,0.523552212,0.130908140789059,0.382810534,0.402547025,0.14123788175319,0.277230459,0.423298354,0.2640770028344,0.336026628,0.520871529,0.0797239035629481,0.323997479,0.366733375,0.0669889727684656,0.400665885,0.436324159,0.174199249352152,0.275630727,0.431588381,0.284113478579607,0.440413485,0.520255574,0.0229354864803965,0.326534968,0.304170328,0.189549818805907,0.351353555,0.474227841,0.159342598238475,0.313174729,0.453738889,0.359597975632028,0.434901132,0.521063383,0.383018568706401,0.424764865,0.500423895,0.0842631687221676,0.287201231,0.380041506,0.246477780551035,0.372215876,0.492035769,0.198112256429539,0.338588047,0.506377015,0.374170825045039,0.343102442,0.554866168,0.0964669219604551,0.260785185,0.361231134,0.205517622420102,0.337784378,0.464861715,0.146856749790725,0.299125113,0.461151025,0.266530459917956,0.323523858,0.482089143
"72","SW_8888",4,171,9,8,0.0401805631229506,0.44360761,0.448729662,0.116935082010961,0.426955978,0.463252629,0.169479977154452,0.412161531,0.460793007,0.176594971136507,0.424107154,0.485374395,0.241036008350159,0.419785272,0.498859691,0.257872780786711,0.45353118,0.527607069,0.0745906476017339,0.305770151,0.332918574,0.0306126129192057,0.384131217,0.431527919,0.217106562110582,0.343016074,0.500986877,0.286167984950738,0.461077197,0.547264589,-0.0492697137557765,0.356368743,0.447573782,0.334402280042192,0.444687642,0.542248062,0.0955839954640916,0.40487335,0.410615359,0.127774064499022,0.306463415,0.420051687,0.247303814704921,0.357902177,0.523223218,0.0640163980731095,0.319672334,0.349279235,0.0481879668368395,0.412544511,0.43616336,0.177510307494136,0.273685465,0.428123793,0.280144995320118,0.456056883,0.509487843,0.0164769504962705,0.294730799,0.297226394,0.191434151469869,0.380403475,0.480798945,0.166446949877165,0.323030631,0.416702227,0.342520159777212,0.42669983,0.511906479,0.366816820839541,0.410836667,0.477888643,0.080730223437603,0.282531163,0.335151165,0.248139405863058,0.373207908,0.479869161,0.247966246502245,0.3668435,0.542137215,0.372905933279827,0.379386669,0.556685759,0.107903361828894,0.287039957,0.380382381,0.182109316837732,0.367205802,0.414201842,0.1311982419554,0.298516726,0.449530704,0.268683330640861,0.32524684,0.471467069
"73","NM1703PAR",4,172,10,8,0.104830409849397,0.443772888,0.460299537,0.12900475541535,0.431573536,0.468652853,0.176908963405772,0.425401333,0.464079977,0.169852171429313,0.427682752,0.477726788,0.244845872592455,0.420366782,0.499891325,0.248406513850079,0.425714647,0.472498506,0.0828507334614372,0.318785568,0.329465431,0.031365212733542,0.385428833,0.436990811,0.217095645909951,0.316499688,0.496619896,0.28266256514191,0.488152173,0.53697089,-0.0388294027218377,0.251513828,0.396542288,0.332688687242365,0.425170999,0.551983584,0.0923587010622307,0.391259011,0.405534478,0.139023358945893,0.285562097,0.409518993,0.276618009613261,0.352980536,0.521657326,0.0640260473612859,0.341008129,0.320182349,0.0745422404844972,0.388315792,0.424917951,0.184468037703821,0.258986143,0.421799058,0.309199944189298,0.458005574,0.50250169,0.0442145124238098,0.24129242,0.250114961,0.195059665117998,0.350175998,0.458118377,0.202752253554001,0.345527201,0.449110807,0.246045210920254,0.398548605,0.442308336,0.385526474897912,0.412360513,0.498077982,0.0578053674545831,0.276420495,0.32195983,0.251442402604475,0.372870614,0.482949027,0.216041051859124,0.325862836,0.520319752,0.368879522126195,0.378047126,0.560331259,0.103978604433518,0.405254888,0.410645477,0.201276583716016,0.32686516,0.451271612,0.141151152782726,0.295097762,0.458289492,0.286882185654941,0.341481748,0.498241056
"74","SW_9813",4,173,10,7,0.0854289389357471,0.433111727,0.439582386,0.119249281830613,0.411038852,0.456309901,0.181129247553116,0.408850519,0.458384805,0.186863198937686,0.415840109,0.483288298,0.265574565574703,0.412952128,0.504059352,0.265665388205437,0.424277059,0.488713563,0.0826285813412989,0.331707361,0.329571889,0.0273731881403122,0.378546884,0.428632703,0.213293738691194,0.326826837,0.49110129,0.286376074224136,0.48029529,0.543735405,-0.0352440206038593,0.246597779,0.390526727,0.3310387030494,0.448358413,0.522138623,0.0915557972593993,0.389608073,0.403054913,0.133758866935789,0.26664637,0.416743944,0.261808674555544,0.345916447,0.510463916,0.068277676728837,0.358643691,0.332598028,0.0718518100281956,0.40120637,0.426181271,0.166394751396936,0.26072241,0.398749725,0.272849337663454,0.434859304,0.495796251,0.0243544179732165,0.300146932,0.278599509,0.160020131649012,0.349442301,0.451139545,0.162244947353944,0.346916123,0.456746795,0.313188592925161,0.403452591,0.493198665,0.369660589849351,0.408097112,0.485854963,0.0580912793688467,0.285789255,0.327197959,0.244236455540924,0.368217197,0.455356788,0.194909137631127,0.329452908,0.518903701,0.362099692759306,0.37005531,0.533045957,0.0975194473926664,0.371785914,0.373946629,0.195523176282095,0.342468367,0.44411153,0.145772762710382,0.2907218,0.449520013,0.269115027527731,0.339379643,0.48614546
"75","TMA_990",3,174,10,6,0.131140869559999,0.407067176,0.410803469,0.143766319956006,0.403771966,0.452150756,0.210224662684863,0.404806202,0.452420201,0.211884757817245,0.406960169,0.472404842,0.296090001658735,0.409547492,0.498249249,0.286332397667864,0.425993989,0.4959705,0.086019898430271,0.336673261,0.34262877,0.0653100031304689,0.343143949,0.427725085,0.271407057778699,0.320027722,0.511234589,0.328902827322164,0.485046592,0.562072254,-0.0303357549249635,0.258942011,0.398770599,0.326694970828676,0.498586411,0.486092111,0.121295936262923,0.369633526,0.397933294,0.154267214600861,0.279790315,0.396630838,0.290963467721088,0.346871818,0.517767541,0.085608775500068,0.368466316,0.331221947,0.12746364156862,0.380955967,0.419982006,0.189840473015399,0.283107615,0.401091912,0.297272132761285,0.412203917,0.502204668,0.0489722579731173,0.299779121,0.291534728,0.208761186576525,0.355407493,0.457485065,0.216434821988747,0.36173121,0.462178011,0.339438533114392,0.410523069,0.518441487,0.392898890387993,0.423563836,0.495161963,0.0960068053604572,0.288472996,0.345070507,0.266272413092245,0.36876966,0.470475443,0.140959473264145,0.311465043,0.468514698,0.370267431209972,0.368445706,0.543641629,0.0965816812567483,0.339947845,0.331905075,0.235387996205109,0.31548295,0.482655868,0.172572421284268,0.303307703,0.474080911,0.298709841044025,0.347571668,0.506053648
"76","NM1704PAR",3,175,10,5,0.0846074641375875,0.447239,0.459244881,0.121403153251272,0.421632756,0.465283207,0.188754018517381,0.419100463,0.466856273,0.184089726317194,0.434159808,0.489040436,0.276967565133277,0.429648574,0.497972191,0.240940674539008,0.431662163,0.490716878,0.0784169637561975,0.360681145,0.311751444,0.0176389633178912,0.397824841,0.436821003,0.210391588769564,0.320398358,0.487214981,0.303221875126736,0.495882854,0.5551007,-0.0532377765948142,0.303940626,0.474158136,0.329140571864297,0.456817145,0.482398541,0.0583885261937198,0.409928511,0.413626666,0.105646937321869,0.288734687,0.420732811,0.250661348785648,0.332511951,0.515811561,0.0633017471469371,0.388409919,0.285688547,0.0630726754096673,0.417692701,0.447733669,0.144488443067874,0.265956403,0.39389904,0.24715604159376,0.408350145,0.49149997,0.0207363963909134,0.308757077,0.272899129,0.151865196306416,0.357457345,0.454310806,0.168312175073275,0.348516886,0.454696856,0.283875475588214,0.389351905,0.463569042,0.373765354795749,0.42075888,0.495095684,0.0885983012583661,0.287678478,0.357780606,0.232949909580724,0.370483058,0.475143921,0.183467766566883,0.321086492,0.493021717,0.344343662711302,0.349091616,0.531055648,0.0949279218241199,0.322116658,0.329622546,0.177631450256767,0.349037477,0.454211662,0.123498671717465,0.295786282,0.453997239,0.281841428109164,0.336198878,0.493490556
"77","MESQUITE",2,176,10,4,0.0724282815580461,0.431786454,0.449591625,0.103621042846073,0.404935602,0.445003639,0.165737815071346,0.395266595,0.442995082,0.160667879867816,0.414167503,0.459275407,0.23727037640877,0.397410009,0.468467026,0.275095834748669,0.457223108,0.516910316,0.0868760808492144,0.34193191,0.318777666,0.019179655848427,0.402248821,0.429300478,0.210071255471809,0.322700192,0.460374162,0.298402866200031,0.475199272,0.527234865,-0.0546873311487239,0.349045857,0.486998882,0.329527873294396,0.387140903,0.483173735,0.0673632018000666,0.411869564,0.412688595,0.100198548993141,0.289290171,0.412213079,0.239225043005446,0.324293377,0.471795257,0.0638296176822439,0.400181277,0.293996057,0.0685867979655427,0.419186189,0.449652089,0.134660527372844,0.283832747,0.388086711,0.215073790845306,0.423870959,0.459951883,0.0274472120118074,0.309745146,0.288078089,0.15137190505994,0.37036565,0.446418952,0.16689638043329,0.375667888,0.460658003,0.310325992813617,0.418083323,0.5052292,0.338482560815049,0.380953908,0.444959096,0.063520483247296,0.286911407,0.385420713,0.205266682743251,0.366682909,0.444240095,0.217441527118459,0.335844061,0.535277938,0.311054079187962,0.327874452,0.475888743,0.0958496777525069,0.314148097,0.324053751,0.168046192047908,0.365517885,0.437729161,0.120645948367701,0.277081312,0.430756836,0.257251904565145,0.314422993,0.449054839
"78","TMA_990",2,177,10,3,0.099263348628742,0.422862634,0.436124405,0.114646271585134,0.405109642,0.437090473,0.181857847756797,0.392544054,0.43179252,0.180797050501744,0.402676238,0.451814289,0.25160159438269,0.399140196,0.464930309,0.308457162404985,0.433282988,0.520207949,0.0985535586394309,0.338315798,0.301255628,0.0484275731217982,0.381171733,0.429179368,0.270038951086762,0.311902099,0.501386896,0.328465390909292,0.48451387,0.549527039,-0.0329167597554515,0.314674806,0.33673654,0.334017002489093,0.368034656,0.47754218,0.11680936264527,0.366891617,0.39007209,0.136276431799754,0.26058209,0.410582649,0.288059555243324,0.333413531,0.518126399,0.0886906525445375,0.379593041,0.313268428,0.122571496622334,0.391890545,0.436937292,0.196832762215487,0.281699901,0.413638455,0.275930448740476,0.418576237,0.495243252,0.0511547541587247,0.292261385,0.289585269,0.215271221491056,0.348547865,0.470822302,0.214081252310138,0.380056258,0.493715132,0.342922863963904,0.407845134,0.505787659,0.397291780965566,0.417395983,0.504521724,0.103833284223218,0.311827578,0.365714218,0.258148793360784,0.365777962,0.459849966,0.212493937086972,0.332174458,0.550459775,0.36896185627588,0.36542055,0.534731667,0.108129451760784,0.310353038,0.336445284,0.213192637072199,0.327507164,0.45567082,0.154647649835385,0.274193077,0.452498609,0.285462485334474,0.331681423,0.478716975
"79","AMERISTAND_803T",1,178,10,2,0.0776133986117149,0.432481815,0.448779314,0.0980604196446416,0.402073893,0.445071092,0.163059156903502,0.405615603,0.443008307,0.151912538708766,0.418332477,0.453402034,0.208624258539156,0.401237577,0.468197917,0.267738237269974,0.434164793,0.518674176,0.090812757909227,0.362009742,0.288266572,0.0466415755894957,0.406235239,0.422555713,0.253099748900489,0.327078521,0.456529193,0.300832737474882,0.475779545,0.518465496,-0.0529182491412145,0.392520397,0.409883928,0.336029046742858,0.3375513,0.470451436,0.0830613800350198,0.393418287,0.403924745,0.0974747064819312,0.308403799,0.452157735,0.268069609892954,0.342672866,0.502903474,0.0748489869172095,0.401212209,0.307471529,0.0860711239260664,0.408717529,0.433980148,0.166561762567889,0.313376241,0.415761483,0.236536563275272,0.431341949,0.483576576,0.00137196629423023,0.332522533,0.334646174,0.179415271625796,0.357629573,0.443592267,0.183495486892744,0.377905501,0.466075332,0.323319743023476,0.401774075,0.492461966,0.372569516873759,0.404780326,0.490927081,0.0687688556408442,0.330132566,0.388215286,0.228482894939827,0.381171057,0.452573383,0.193122812435782,0.319839926,0.505927023,0.387744091876659,0.386381072,0.522963094,0.0972612738912245,0.291245628,0.317785721,0.169793795175487,0.363190441,0.441647825,0.136785725280874,0.284145938,0.434303655,0.28299996084083,0.329313361,0.479580283
"80","NUMEX_BILL_MELTON_FG2012",1,179,10,1,0.0432829813634676,0.447264803,0.453144767,0.0889221515269838,0.425024764,0.452088337,0.169150255118014,0.416767521,0.443325333,0.154719021955388,0.424121467,0.450471934,0.208855696471657,0.403949776,0.466074835,0.253313885349893,0.449435516,0.522706284,0.0444421822081678,0.443707184,0.410729915,0.0453875947964731,0.425102296,0.425918431,0.227456797236624,0.326968485,0.429315306,0.275523291663805,0.433499228,0.482089653,-0.0774767085499942,0.493929767,0.477198376,0.335271800957867,0.3375513,0.467419061,0.0288467871138886,0.431747702,0.406875144,0.0433724651669877,0.373949895,0.419010227,0.227153381927582,0.332586975,0.456641554,0.0708396651925713,0.192131362,0.279589993,0.0296024306562014,0.428216895,0.436800391,0.121784909596282,0.372116801,0.424987943,0.185095152832182,0.434675887,0.444970692,-0.0162454341782599,0.410064926,0.362143309,0.124293696953106,0.375211021,0.435926279,0.140547279014266,0.388863931,0.44737089,0.339108867262945,0.419120839,0.522913568,0.30808703118189,0.373863093,0.427028535,0.0163364922185481,0.381613813,0.409442025,0.18844797035045,0.37486695,0.413507304,0.208484284081443,0.309646169,0.47345121,0.346479263355172,0.352152532,0.484559603,0.0522965447121836,0.322651623,0.381735057,0.0937066626785286,0.419462958,0.425979587,0.105342876347683,0.278715207,0.411545732,0.258133935443095,0.306185409,0.454025937
"81","NUMEX_BILL_MELTON_CA_2019",1,180,11,1,0.0738270277983327,0.439112697,0.444238465,0.125724751948964,0.409083217,0.44868852,0.198014281432266,0.406600824,0.446359509,0.189311807358986,0.41200351,0.463508185,0.244426240846947,0.396796858,0.481002135,0.271960840765254,0.413436382,0.489202805,0.0335813242091254,0.441282104,0.407670088,0.0525778738145852,0.431500762,0.428131522,0.242143869916266,0.329354707,0.455766636,0.289550674670182,0.451357672,0.502881502,-0.078886713404499,0.48183852,0.486539781,0.392767796657747,0.468125855,0.563315093,0.0295180510528962,0.435167118,0.415537666,0.0521501473375189,0.358426774,0.410500681,0.238628764252582,0.332747741,0.467683924,0.0688648538596029,0.217177763,0.302813037,0.0446097088488136,0.425767283,0.435767429,0.14743049137137,0.304642796,0.396402919,0.208691551681512,0.434355323,0.459499291,-0.00654879885986241,0.35270306,0.317423825,0.142651559192103,0.363018696,0.442964534,0.141010288541472,0.375071643,0.44927745,0.275755739910518,0.391221894,0.456837161,0.340181887399781,0.388795958,0.441124118,0.0505047337116954,0.31322978,0.382481752,0.201455372106211,0.369868553,0.421095347,0.151247142774321,0.292472912,0.461849512,0.356460411416572,0.363574718,0.496564022,0.0622254210567999,0.271450439,0.375101614,0.113289418434371,0.39541046,0.422700853,0.111873889914626,0.272529247,0.44112048,0.258922484257276,0.304163531,0.452138119
"82","NUMEX_BILL_MELTON_CA_2019",1,181,11,2,0.0716252385192321,0.441184404,0.450476357,0.107338690012943,0.411753549,0.45048951,0.191134849117071,0.403580139,0.445087329,0.188847863769102,0.414947742,0.46392444,0.261473474252993,0.399290313,0.48283136,0.284524178064188,0.422267909,0.499050674,0.0893167726356402,0.385471694,0.340623523,0.0432411072828634,0.420128762,0.43771386,0.239136844358075,0.314807385,0.47506957,0.290919205359696,0.490002248,0.534565999,-0.074058425823864,0.470362121,0.490421482,0.396575169312992,0.436593707,0.565640675,0.0425967322494046,0.41802471,0.419327958,0.0783086334625064,0.336717844,0.425943883,0.245480635238944,0.334736613,0.497558582,0.0668709319523259,0.432226627,0.314099686,0.0614345373588432,0.423117889,0.448812645,0.138699242955614,0.296594174,0.414288354,0.216254946503438,0.426111886,0.469847736,-0.0169771776214666,0.313478332,0.29833234,0.146262146025414,0.356467767,0.446575763,0.147559249477303,0.362428496,0.455686237,0.282453679671614,0.38922311,0.472268596,0.352009221694754,0.391419576,0.461814341,0.0642607730712629,0.286820566,0.346655048,0.197072295647549,0.379989352,0.437926243,0.165789497940686,0.274393343,0.465926443,0.366259948701622,0.370922185,0.513691095,0.0860467402605808,0.288760156,0.330690211,0.121366529985536,0.378582888,0.429909123,0.109384840813569,0.277136564,0.432950083,0.251576138544868,0.323649815,0.474218764
"83","NUMEX_BILL_MELTON_CA_2019",2,182,11,3,0.0619480827389302,0.439721963,0.448494662,0.0955537390747487,0.414441787,0.451888697,0.175777116787467,0.4024967,0.442865675,0.1687130110576,0.419067576,0.468124587,0.262526060066276,0.406059908,0.47874669,0.265721588555715,0.427945344,0.496812568,0.0963092988783053,0.36669564,0.325238822,0.0144676723792894,0.419132234,0.42747354,0.216219395594089,0.321065919,0.488850517,0.279686427869674,0.51086006,0.535547482,-0.0753830905929713,0.439057651,0.451867474,0.39721018744373,0.455357957,0.574076607,0.0108120042052052,0.436696678,0.420897708,0.0733116041321475,0.348020638,0.409304896,0.236334878776304,0.32896472,0.487409374,0.0561294125609117,0.43603831,0.33450849,0.0518328998825293,0.416616003,0.445501153,0.139637937200222,0.276085623,0.394534008,0.214914197042004,0.42950813,0.484642517,0.0132238637968872,0.285416561,0.25212226,0.124984399490433,0.357542639,0.445344572,0.133734420223835,0.362421867,0.450176688,0.27956291149148,0.38494168,0.460272706,0.350225731900051,0.390261731,0.451247405,0.0635861437557556,0.29246483,0.335348336,0.19265498219721,0.370122989,0.442622741,0.15107507272974,0.262336896,0.470320258,0.324413247082623,0.343727233,0.494980293,0.0888804959360417,0.340177439,0.362620023,0.111753356566772,0.386182029,0.422639743,0.0834226189381052,0.267323588,0.429330273,0.241313680610263,0.294496356,0.448645951
"84","NUMEX_BILL_MELTON_CA_2019",2,183,11,4,0.0656783795780002,0.442721226,0.456737547,0.103681118030465,0.406202285,0.453201379,0.176496709423092,0.405297895,0.452366825,0.166135088028752,0.415789939,0.464367549,0.251359579836036,0.412242946,0.479082241,0.261486700191042,0.426111418,0.491242921,0.0884477129164567,0.385793434,0.354150756,0.0111198268874596,0.405517656,0.435949263,0.207823917526497,0.315597985,0.470200843,0.257425204428097,0.489254072,0.5179372,-0.0750628424658692,0.382762718,0.484736291,0.397672552029211,0.497218422,0.577656179,0.0100726033323327,0.435674407,0.419362701,0.0585029049765565,0.373287664,0.404288665,0.192274606022545,0.327220365,0.451871624,0.0489932254220386,0.442290715,0.315280595,0.0515894320201166,0.421923839,0.450332395,0.116664957537715,0.269834301,0.339256709,0.169826705815797,0.429976878,0.436117348,0.0124672360872332,0.31507695,0.264493857,0.117723873554143,0.367709225,0.431494257,0.125473492823587,0.369151291,0.441830065,0.238370158876309,0.37367144,0.422839222,0.308400722787336,0.370051806,0.426865455,0.0608896318184678,0.266227444,0.327894343,0.167607142949895,0.358117932,0.42070524,0.115135401082874,0.268705204,0.446225876,0.288704842688417,0.303199183,0.457368837,0.0847614120624246,0.365415743,0.37213129,0.111884127634505,0.386398969,0.424363223,0.0945439662552407,0.257484741,0.413977356,0.206738760744702,0.259739329,0.430961897
"85","NUMEX_BILL_MELTON_CA_2019",3,184,11,5,0.0893777625607605,0.442904718,0.454293733,0.122121842784179,0.410921535,0.459934697,0.193873294272621,0.407741515,0.460326363,0.188325336292876,0.420365144,0.479602854,0.269832869622815,0.405243979,0.492731241,0.274460779020142,0.426456023,0.511169651,0.108584186594327,0.364191775,0.358239624,0.0414400038366842,0.376040637,0.430032577,0.228432342419102,0.331554934,0.486093527,0.301487815473272,0.497029799,0.535516218,-0.0660283769850119,0.315826881,0.474209068,0.401513622985165,0.478499772,0.580072959,0.0328788637720833,0.429545707,0.422679697,0.0975835844007309,0.300266159,0.409147445,0.242935818107625,0.345996478,0.499816506,0.0525684541508719,0.437944152,0.303459939,0.0704893873172334,0.422301868,0.448187616,0.145298731058386,0.263333093,0.376641702,0.226073293713904,0.43584096,0.481834666,0.0107777778998952,0.306463138,0.267669241,0.141033513412058,0.361497669,0.447789238,0.146746600087106,0.365219851,0.456422839,0.289063762935412,0.401095355,0.466699381,0.356069652526437,0.401455915,0.465560736,0.0773765882721369,0.279829936,0.334030763,0.204617735592729,0.370656443,0.453434081,0.104223372560428,0.301196796,0.449985169,0.330637436563921,0.339561209,0.515344403,0.0826812058335044,0.342006394,0.348736372,0.137876461228623,0.37192211,0.432895658,0.112555692045637,0.285388082,0.434275012,0.221256376815347,0.257502056,0.442389418
"86","NUMEX_BILL_MELTON_CA_2019",3,185,11,6,0.113486563682187,0.439777528,0.440191433,0.15867361348422,0.415905799,0.468990635,0.229361812359808,0.414047676,0.475085038,0.230654628439532,0.426930374,0.512828456,0.319194962627202,0.438664227,0.53493306,0.322517606773793,0.451953628,0.556223406,0.122019538658474,0.336337502,0.3654793,0.0644329938682734,0.338368141,0.441772052,0.258587470395123,0.358821327,0.541109203,0.316112370451106,0.511067192,0.566826607,-0.0648607882773412,0.323337579,0.453834089,0.407704695897544,0.468992248,0.577086183,0.0640187233033764,0.415626937,0.415522433,0.119076123929339,0.287497412,0.425322904,0.27321404207714,0.375981065,0.534184388,0.0619851835531217,0.420722946,0.304960919,0.0930131831226663,0.403567817,0.438484454,0.16822357050438,0.265520243,0.403737705,0.275437474798345,0.42986354,0.505955624,0.00574177186635706,0.324572959,0.303730454,0.153765969831417,0.354994399,0.461373794,0.161996995590387,0.364041166,0.462075006,0.331802888066284,0.405795198,0.504945371,0.398281089162517,0.418730526,0.494428865,0.0599218627430932,0.279374132,0.326060499,0.232616886224948,0.372264061,0.481063137,0.0983471564505454,0.312752823,0.434536237,0.383075809770406,0.391733039,0.574325011,0.0789600605394954,0.337667754,0.348887391,0.171251280866918,0.346699453,0.444605615,0.138837167772491,0.285819008,0.456029721,0.26949975960693,0.285209238,0.495379989
"87","NUMEX_BILL_MELTON_CA_2019",4,186,11,7,0.0910447397904795,0.439600721,0.447667051,0.132241424978114,0.404297787,0.462127415,0.207975638727556,0.4036211,0.468243111,0.200799385901948,0.416255448,0.497587398,0.288054812029864,0.425513996,0.524785694,0.289945370744321,0.435528396,0.538944093,0.103703038625629,0.332793052,0.359115565,0.0370393187104873,0.363964482,0.42435155,0.22076626385362,0.329273024,0.512366915,0.285500478953798,0.497554443,0.547929747,-0.0609639106397624,0.288208685,0.438510012,0.411691703162442,0.476174191,0.578590971,0.0548584256120638,0.406967653,0.409961589,0.111399670892276,0.285931832,0.403963874,0.255615975336404,0.350298155,0.518247065,0.0601594133613342,0.419546147,0.30789662,0.0789592804854718,0.39001596,0.430987575,0.156260597681331,0.236212698,0.377648611,0.260442495638836,0.439398956,0.491608815,0.0224447832317114,0.309003582,0.284326674,0.147487513227702,0.345459392,0.446096638,0.158022858284537,0.347908534,0.445092849,0.31789507544882,0.396552543,0.494391444,0.378400535324081,0.413846159,0.481639379,0.0332183766638011,0.296779397,0.318594196,0.244644859222304,0.381031374,0.483792354,0.151204625882611,0.297998935,0.490337146,0.364971065601439,0.372095293,0.555397177,0.0952598109904677,0.382336392,0.388897076,0.174739547744638,0.350020764,0.437221839,0.138085060669049,0.291388515,0.447045149,0.28084431996261,0.329309684,0.503483284
"88","NUMEX_BILL_MELTON_CA_2019",4,187,11,8,0.0690261893211261,0.447859205,0.454659528,0.0925071446668943,0.424682305,0.457858912,0.156776785802982,0.419622286,0.454802648,0.148035399384565,0.426790353,0.468095976,0.22793294530847,0.413237498,0.489597371,0.218075486031661,0.424261696,0.499658862,0.0865153035496531,0.334635967,0.367672892,0.0274854897364465,0.373181425,0.427336076,0.206912916436318,0.348248628,0.502716749,0.270529110487611,0.494042432,0.535019366,-0.0644808696598125,0.334465149,0.46301029,0.414672134818403,0.476014592,0.585499316,0.0384304928841612,0.410244573,0.40603006,0.106060408610651,0.314504202,0.399769058,0.244162079364184,0.356007424,0.512546478,0.0534755691158488,0.413976887,0.30742115,0.0688045181693415,0.408883766,0.43869236,0.165599432923432,0.262166351,0.394195092,0.279837817040075,0.438106421,0.492210749,0.0185385310182183,0.275266727,0.280503962,0.148630082100229,0.366949614,0.466563165,0.165535092774237,0.365646731,0.461628584,0.308002818311116,0.392667727,0.488881031,0.365237215691032,0.407484003,0.469684125,0.0126846889170196,0.300756007,0.315821725,0.207277779651976,0.378724755,0.470258749,0.206539235268454,0.299761012,0.515587173,0.335311600232526,0.351152782,0.515300071,0.0929188512843828,0.347783143,0.370413165,0.137697162462239,0.363639388,0.421658868,0.10764273946638,0.284484285,0.444197383,0.261853464615926,0.321446205,0.472356603
"89","NM170506PAR",4,188,12,8,0.0745229908058017,0.44080219,0.458251796,0.107481062227064,0.409477296,0.459420312,0.164642818087639,0.411027882,0.460314402,0.14861242096521,0.423374615,0.475864636,0.239966306103873,0.42901918,0.502740066,0.302171993123294,0.425741002,0.526848842,0.0932029418503161,0.340103645,0.395597248,0.0329101127776105,0.360456315,0.426525855,0.23440841688023,0.335807213,0.531010019,0.293892836337049,0.495089552,0.549159426,-0.0482279612848001,0.289673238,0.454879929,0.417117585176477,0.436844505,0.593182855,0.078009735648257,0.390972557,0.399143933,0.128995375394086,0.298356943,0.422560472,0.263219356753084,0.353633022,0.536295114,0.0390525513488191,0.45265531,0.358011941,0.0957765696669746,0.40981962,0.44410487,0.188417092664112,0.276477425,0.425460445,0.309163944213897,0.450758496,0.513405381,0.0305257439133991,0.288681102,0.274159035,0.179212758986282,0.343509105,0.456318994,0.201415807622031,0.342176472,0.448409173,0.313424190823056,0.413036521,0.498041537,0.401517996750172,0.434845734,0.501547978,0.0485954075241195,0.30873527,0.336549681,0.25088880272413,0.37828375,0.482080796,0.192741901546774,0.331243409,0.533651902,0.342609396308613,0.34039572,0.541502369,0.0958762763862785,0.350518416,0.364857436,0.18188840076374,0.364612029,0.450571493,0.122289859201518,0.292504264,0.455914968,0.270134110876595,0.336949879,0.496302277
"90","NUMEX_BILL_MELTON_FG2012",4,189,12,7,0.0823982465391498,0.443115489,0.46078104,0.137547574336641,0.416483649,0.466835945,0.215276928749979,0.419949358,0.479462174,0.205855927351529,0.428184656,0.507742597,0.299221390312467,0.439065255,0.53572382,0.241867985308328,0.418692193,0.486797835,0.101163157622476,0.352340278,0.413139509,0.0517446515799789,0.357928067,0.439830865,0.249857134887544,0.354620083,0.533919177,0.324863213118893,0.490924474,0.558571706,-0.0686674593854686,0.324690536,0.455182606,0.417934639963362,0.419151847,0.60250798,0.0370058995616198,0.422499779,0.408306676,0.115102288389375,0.293989626,0.425838943,0.262133621088665,0.342815883,0.524097678,0.0334289895551439,0.465090241,0.359920615,0.0666310553333643,0.414405982,0.444579114,0.154459696401194,0.252818293,0.386171398,0.273187364263456,0.442353747,0.492311146,-0.00257405359380502,0.337129925,0.296922306,0.142209551816148,0.339798968,0.44443586,0.157574871136542,0.33938645,0.442446693,0.20950827592548,0.384950623,0.409715718,0.394026376766063,0.428831717,0.508964646,0.0235789323268326,0.315132695,0.324633162,0.239477308338723,0.373975369,0.468957027,0.189895237991593,0.298901293,0.50940836,0.353598785896698,0.362285493,0.558459881,0.0904333328005745,0.353026564,0.370116349,0.155725675334415,0.371061528,0.449240866,0.115469696490444,0.286883201,0.445484985,0.26178893237339,0.32228841,0.497543904
"91","AMERISTAND_803T",3,190,12,6,0.145870021243169,0.418809762,0.432243714,0.174712310311873,0.40417748,0.460946339,0.242898081107185,0.403277311,0.47316836,0.232839926924864,0.407779769,0.499512016,0.333755228079545,0.426291293,0.534125185,0.197867278941468,0.439734128,0.478460166,0.112214024950656,0.342369634,0.374734839,0.0888472757513475,0.370012721,0.460204899,0.306799303876858,0.362353995,0.554175279,0.365013806119643,0.481276041,0.56702365,-0.0499325176160095,0.294402074,0.45467201,0.41468784426203,0.449498404,0.595371637,0.104486651787667,0.393244609,0.410703112,0.156561206879785,0.28636063,0.435629985,0.306925284385184,0.385228795,0.542205924,0.0487532715004934,0.451294532,0.36332256,0.135717006200949,0.415316095,0.444473224,0.206668405486541,0.313567866,0.426101105,0.312924906214083,0.46690652,0.510497095,0.0233589765470051,0.313303324,0.30261372,0.189521497602649,0.348181756,0.46529999,0.19070874705263,0.353136718,0.463919854,0.246822641665243,0.377376943,0.448525639,0.407129893311541,0.421836842,0.495154319,0.0636747961930973,0.297900352,0.354692899,0.264087803621435,0.389089856,0.480182394,0.170765319171956,0.291332201,0.490610516,0.385218058867232,0.401264859,0.567354911,0.0981117894413604,0.345273806,0.362897,0.243458046716996,0.340203001,0.485317138,0.17515223195314,0.319269681,0.471224645,0.271269057032373,0.304152731,0.503362041
"92","NM1701PAR",3,191,12,5,0.108931674571944,0.440026656,0.451373536,0.148193818131176,0.403698097,0.459714842,0.214140085279764,0.405423337,0.46601235,0.197802735162427,0.423087159,0.488547695,0.29721714416222,0.420600191,0.509652776,0.251569547422153,0.436016131,0.500347536,0.0905557652587688,0.388012683,0.351711608,0.0391939890346568,0.361602165,0.427943751,0.238698003161792,0.332131046,0.503631585,0.30154405209427,0.498505896,0.534502897,-0.0619662757813756,0.300172472,0.458699726,0.413746207149835,0.449110807,0.585864113,0.0436490238750863,0.414217015,0.409107817,0.102559949373024,0.310052139,0.412249223,0.239323768439362,0.341133969,0.502420906,0.0392913018421598,0.4653886,0.352059329,0.0748284406598941,0.417599052,0.444031856,0.146585147494338,0.257453327,0.372250402,0.231809924898525,0.431240437,0.467980453,0.00203278455411171,0.331685171,0.272137497,0.127333166570499,0.349246139,0.431915395,0.133366305485226,0.356010051,0.42971914,0.248109300526903,0.384831406,0.452732911,0.349967883612733,0.378092438,0.446116473,0.0497363717301997,0.273506497,0.342404996,0.206819093259466,0.364254071,0.440474572,0.127232380785908,0.302136274,0.476402743,0.326014010119615,0.339351993,0.507144216,0.0887521617402729,0.345864863,0.355748568,0.159718726486288,0.367538395,0.431201262,0.116109136627798,0.289290618,0.425367682,0.217549446440242,0.255803709,0.443538598
"93","NM170506PAR",2,192,12,4,0.0993182140197294,0.435560086,0.457978377,0.130954687907212,0.406706018,0.457849922,0.20965922822771,0.410961175,0.459323334,0.183877769938231,0.417863006,0.475235488,0.260450575469772,0.411558966,0.493684307,0.270908062606792,0.424507194,0.515940528,0.0789579276477573,0.412441647,0.355147182,0.0297280894338548,0.383169076,0.436407529,0.234838167571208,0.33340203,0.496654143,0.272415333755608,0.485564043,0.517204329,-0.0595485853019472,0.306885224,0.477361154,0.415189286069215,0.447765618,0.582330141,0.0583188450838409,0.406266893,0.405104947,0.0963580804967274,0.298017777,0.431511807,0.218635903794712,0.334941026,0.483350724,0.0379708434002502,0.45877068,0.351743197,0.0935588228745965,0.420161468,0.451242791,0.143381906812813,0.268378608,0.385532063,0.216488046056899,0.427195919,0.467483156,0.0149286831916963,0.327194685,0.262712131,0.139272228057642,0.355624174,0.445465461,0.152703177697798,0.368824123,0.457526701,0.267630998617396,0.380940347,0.452674211,0.351606812774085,0.387926102,0.458268964,0.0621062750260655,0.290850525,0.383392286,0.208373691379359,0.385401586,0.456854263,0.137970348023447,0.281990582,0.45903117,0.317724047972973,0.324471804,0.499410637,0.0877883777721089,0.303537111,0.32510539,0.173731912955211,0.365898451,0.457044496,0.119472209398152,0.280397146,0.432797633,0.228052139869636,0.268304834,0.456055333
"94","NM1702PAR",2,193,12,3,0.0601670608203954,0.448484575,0.453337828,0.0980343433947598,0.413295024,0.449630637,0.163354554400008,0.417595005,0.449447344,0.135806587514114,0.420642502,0.456427814,0.231560924790462,0.418526061,0.473567307,0.331000417227568,0.438266645,0.556437806,0.0798868070826386,0.418211804,0.325694582,0.00422859797541595,0.445154889,0.424282234,0.202977757787206,0.316662411,0.44767628,0.258006596509055,0.47151257,0.497145426,-0.067566260497579,0.399500701,0.506065305,0.418932527877339,0.431121751,0.584176927,0.0285620783519295,0.420379204,0.419510783,0.0433983864541759,0.395333664,0.417325166,0.188805518076646,0.313038818,0.453740938,0.0394446726948932,0.460153078,0.371997243,0.0635272889795738,0.421621399,0.451365733,0.121185208866136,0.284703443,0.392847415,0.19285789645434,0.423348743,0.461060447,0.00838451729123406,0.312604828,0.273558029,0.112694593809934,0.352988416,0.43706381,0.129788987425442,0.359181571,0.445370699,0.334121628533318,0.411826448,0.501806178,0.341017530954981,0.385730149,0.446869701,0.0405932785594433,0.310272138,0.389968786,0.191812535440699,0.364702138,0.41806382,0.123306177326825,0.282715172,0.465315479,0.30033392268363,0.312150498,0.478781243,0.0933842525450688,0.325885546,0.322888313,0.139500224173822,0.3736255,0.431316326,0.0788992830041199,0.276373205,0.431433899,0.230460551203546,0.296811475,0.452141037
"95","NM1713PAR",1,194,12,2,0.0422909746501235,0.450193751,0.457794655,0.0899663529323324,0.425799038,0.463361091,0.173571614624595,0.411328922,0.455102547,0.16708128449001,0.420600146,0.471330778,0.240020159637381,0.408860023,0.48561498,0.278521484798514,0.441155423,0.545460898,0.0956726786893242,0.423948204,0.357510194,0.0359630665099422,0.42136339,0.443649841,0.227748464011086,0.342467314,0.443235132,0.262123751439238,0.458798506,0.485640339,-0.0762099367044985,0.467592223,0.49541357,0.426158023996457,0.42747378,0.596899225,0.0124669737725167,0.436352819,0.42517941,0.0468153026412983,0.377762936,0.411884174,0.19246269949913,0.361589366,0.456085981,0.0476866559970384,0.453450821,0.357550341,0.0588346806771253,0.447173638,0.450746201,0.109024454660542,0.302206476,0.378173086,0.163755382138831,0.435890543,0.435410471,-0.0213856592667615,0.348277756,0.320529884,0.0959238201126693,0.372266564,0.430419549,0.11435325265986,0.3844357,0.436223937,0.308831687756937,0.399243046,0.502498528,0.284006803146386,0.3661977,0.392357069,0.0190828527565514,0.312560061,0.371877705,0.160975822252575,0.385318054,0.388741291,0.137346905896218,0.293195064,0.447609778,0.287387121836552,0.330123871,0.425730125,0.104369523740264,0.333673544,0.362065373,0.0770067396603886,0.444031682,0.434892141,0.0602648444014217,0.292952005,0.425546187,0.215087268807136,0.296041153,0.421464282
"96","NM1705PAR",1,195,12,1,0.0947305509802834,0.433901988,0.450485794,0.131481281370579,0.417808741,0.465485116,0.220016151734904,0.412938937,0.462183784,0.199801992184757,0.417332271,0.477907833,0.29030204657278,0.406545133,0.503427684,0.224080114503814,0.442319434,0.509685214,0.0804037606079902,0.415003494,0.386715698,0.107422027194766,0.35059335,0.444863583,0.30253503726693,0.363434493,0.529983424,0.340675394266633,0.492787202,0.550367756,-0.0512376405260792,0.391632341,0.472645469,0.428799203051344,0.440218878,0.603875969,0.101061868057934,0.384108614,0.402694794,0.116078570643808,0.318429324,0.468378489,0.284276303651468,0.364746351,0.523842073,0.0679038188924477,0.323577177,0.358831784,0.120254871627106,0.424674998,0.446423969,0.201020685480117,0.292486524,0.425201927,0.278483947468039,0.459087386,0.502788268,0.0188086739666829,0.376517119,0.341808684,0.184645037472222,0.350992858,0.457976984,0.187719193334343,0.372961013,0.475961106,0.325133599948336,0.398670812,0.507001451,0.4044072410744,0.412444568,0.484771677,0.0606948198853122,0.356041904,0.400968935,0.241440024584566,0.379138987,0.444788537,0.049874383862061,0.372790536,0.435790634,0.383057478943799,0.370548541,0.538312387,0.0961592097839619,0.252386353,0.346920509,0.16906274440457,0.378114556,0.452363727,0.144811951117993,0.279317246,0.450277829,0.289867782418955,0.315963526,0.505621173
"97","SW_9812",1,196,13,1,0.0287090973345707,0.447289931,0.456614738,0.0750313465047803,0.429612592,0.450883031,0.166365509105078,0.419432353,0.448243299,0.156652298201284,0.417942607,0.462610031,0.236800984672413,0.404648797,0.47605717,0.238714425970376,0.388848702,0.466063867,0.0495742468815182,0.431293202,0.308884027,0.0501839963975117,0.415168616,0.432272615,0.248592083038629,0.3367949,0.441966175,0.298542678123325,0.468835148,0.500802422,-0.0833882020504542,0.477973269,0.498362657,0.441952693419025,0.509302326,0.615275878,0.0309578279076853,0.433255333,0.419028308,0.0745692705365053,0.353479748,0.403951551,0.226595703113883,0.333228559,0.438384326,0.0491684561135971,0.421590617,0.350679003,0.0495871695538448,0.438366401,0.448332197,0.101240790149564,0.359355252,0.43010503,0.189928023015847,0.444200332,0.451664686,-0.00344056898978685,0.344027459,0.310753749,0.0909043080110583,0.373936528,0.436997707,0.103961123365932,0.387535724,0.43928418,0.231169042333448,0.415771333,0.440958457,0.323944530596222,0.371391841,0.411402148,-0.0144682144087119,0.325169096,0.382615782,0.169922511369189,0.394455959,0.424214594,-0.0256081489932209,0.433946816,0.44351276,0.296168191355968,0.32810689,0.440069783,0.0869386910824472,0.220532525,0.316046047,0.0661122950579768,0.434602909,0.449661319,0.0758956074962369,0.279896186,0.436572111,0.230365821016545,0.311719937,0.44173652
"98","NM1712PAR",1,197,13,2,0.116880736711381,0.423996404,0.449888738,0.140164874412977,0.4131227,0.459965776,0.231250173291877,0.407646733,0.457777018,0.215364928141577,0.416723491,0.484171786,0.308310425545834,0.406309379,0.505136977,0.297264149866181,0.412120324,0.516731914,0.0857463275314045,0.413348023,0.306490062,0.0775081569156341,0.342191317,0.427048728,0.291616411104719,0.355332579,0.52970722,0.313129811789034,0.47339633,0.541308239,-0.060092218957575,0.404149637,0.494990666,0.437153852921491,0.500638395,0.612950296,0.0839732992354031,0.383055068,0.403740546,0.113644558686109,0.328898869,0.457490927,0.241590448138019,0.319807229,0.504349353,0.0543845095143262,0.457345965,0.391165291,0.0939471261125071,0.412847865,0.442300335,0.165827790379352,0.293198327,0.40847271,0.24326327664372,0.444394732,0.492509027,-0.00649418462848474,0.323070228,0.322364734,0.148610139936693,0.33138075,0.456561919,0.148381546629121,0.347406484,0.470286257,0.288924209818541,0.400897389,0.468508755,0.391607972632099,0.409738707,0.47166663,0.0429288391812138,0.314077341,0.372305664,0.229011325493465,0.378411341,0.460935365,0.167290601571785,0.3042042,0.473655865,0.344477785597471,0.332663198,0.497849527,0.0905225505939268,0.24327644,0.3174206,0.16733197441705,0.354268048,0.447376814,0.141577063101935,0.286679565,0.446311541,0.266657803052885,0.323587286,0.483943383
"99","AFX_779",2,198,13,3,0.0886125678500092,0.447465014,0.46149973,0.14579665478512,0.414050743,0.468217581,0.231743516161867,0.410794456,0.477431264,0.20846512608764,0.420263922,0.493718005,0.298704467947838,0.407504458,0.504612439,0.263651833495738,0.415722907,0.49917568,0.0908693650173761,0.417575449,0.303449769,0.0532120897277044,0.399227117,0.444651782,0.26554047844526,0.351007141,0.507751339,0.298685514845648,0.462560673,0.528682146,-0.07150226522347,0.447213759,0.493986176,0.429256483305753,0.489147287,0.608002736,0.0564466571446433,0.410423154,0.412623058,0.111634158753528,0.328308102,0.421848314,0.240968253934563,0.328146497,0.480492603,0.0386787950015861,0.466451677,0.387793999,0.0729441559004865,0.438908298,0.45293497,0.140559133376532,0.297612356,0.401196686,0.23404857023203,0.46368278,0.471591397,-0.014071766581826,0.322473431,0.294915637,0.117664740785043,0.356466439,0.44783849,0.126951631595205,0.365309749,0.44924967,0.252338621920247,0.419298815,0.454947258,0.361919330797187,0.394280502,0.446881476,0.0108102550265313,0.310488554,0.391421211,0.209223706172597,0.391788708,0.452859785,0.116867703817698,0.288105688,0.439102428,0.3291963991098,0.351295325,0.499887967,0.0756846739821444,0.275181167,0.303778203,0.14467245738268,0.392780749,0.457811147,0.116338722586709,0.299141475,0.444403791,0.285023831788414,0.336341925,0.492026562
"100","SW_8421S",2,199,13,4,0.105222401393162,0.438176411,0.457502006,0.13351750035321,0.41204293,0.460975518,0.209414185418441,0.420181268,0.469280724,0.184581166343101,0.426668073,0.489512913,0.279067823395155,0.41666167,0.498769067,0.237067634744482,0.431541939,0.496777882,0.0576841820648807,0.411174005,0.315749982,0.0247165735817229,0.38249437,0.429676429,0.230611393940506,0.343051131,0.513344925,0.26697493979439,0.488902538,0.526859508,-0.0567571367381221,0.334550053,0.421711614,0.423768332349218,0.46495668,0.600638395,0.0681273310527207,0.390186725,0.403502447,0.106138921801261,0.296325797,0.412409872,0.215678132285097,0.308750261,0.468719291,0.0326605122778229,0.461977674,0.378092287,0.0792618336011329,0.420289473,0.443471473,0.136740608957071,0.274188273,0.36759116,0.220959039749687,0.431471789,0.463820047,-0.00122997971446397,0.325795883,0.236646156,0.106935183964033,0.356027483,0.443742501,0.114794872618909,0.364274485,0.454588868,0.252688264274637,0.387028515,0.442835686,0.364033210657933,0.387397556,0.448640107,0.0146524367644601,0.293953982,0.365388831,0.190042636680902,0.3882681,0.455418656,0.142397625759636,0.278986878,0.461657515,0.320536340455597,0.306700024,0.481673678,0.0758198030984003,0.287922084,0.319277213,0.17121846134403,0.367238961,0.440304212,0.12013071122049,0.296630578,0.431564174,0.23669741431484,0.272134064,0.466553026
"101","SW_1011",3,200,13,5,0.0879360769871785,0.440156588,0.462517674,0.112832683593334,0.423529241,0.468783582,0.191500603276568,0.414163961,0.473176704,0.16746071508608,0.425857457,0.492443918,0.267570084109188,0.409926237,0.504390742,0.229399915047813,0.404360367,0.503829802,0.0659443745548077,0.366253481,0.366663714,0.00617277425039383,0.381509344,0.442323179,0.207601820246651,0.358094619,0.510599908,0.26704139787185,0.466559349,0.516652396,-0.0537121494427665,0.270206362,0.385989004,0.421488376636863,0.442726858,0.594436845,0.0649152658201327,0.393860637,0.40597747,0.0975367305566141,0.322446934,0.431149616,0.202559663953146,0.319668964,0.476219149,0.0407571896959354,0.455236427,0.371886001,0.0821909687121355,0.415124069,0.435992312,0.136159541819018,0.267097962,0.364569139,0.215306680128367,0.441591332,0.476066856,0.00664908052854464,0.309523231,0.265286385,0.0862800381753848,0.3567868,0.44573873,0.077260108967977,0.383532714,0.442114547,0.24585721298361,0.372539121,0.438867065,0.335968606047743,0.365409909,0.438352479,0.0186041088108786,0.284191987,0.322175469,0.188795714133485,0.380293576,0.449799907,0.122801981408555,0.32164806,0.470174785,0.297841746295242,0.32379672,0.470625607,0.0799148011851191,0.304372629,0.331786643,0.165617893199353,0.352197606,0.426333874,0.1146844286056,0.291067169,0.424370566,0.208699502874492,0.257249119,0.431264371
"102","SW_9813",3,201,13,6,0.1157190801521,0.424732019,0.439993417,0.137121484276864,0.417925232,0.465181831,0.215354286549261,0.414945909,0.478180721,0.198563783217808,0.424607068,0.506204915,0.301640605258835,0.423728276,0.537829633,0.285131227582065,0.433180949,0.545802036,0.0969990279842552,0.297260728,0.37489978,0.0513851054766392,0.363345978,0.448338622,0.253419780061354,0.381126742,0.546969255,0.314797187838045,0.475686799,0.552989649,-0.0538671901178245,0.315047541,0.403079279,0.41917447836687,0.475421797,0.593821249,0.0968167095742143,0.385934448,0.402581438,0.145926543602766,0.299919217,0.453854836,0.26585393633409,0.370554604,0.517318321,0.0470276804895216,0.45857074,0.36094397,0.114535720298575,0.39983937,0.437536005,0.186564353775598,0.304163826,0.41653981,0.291519003747309,0.464439232,0.513763702,-0.00917749697324595,0.336298293,0.326633304,0.143027233478827,0.343882268,0.469831413,0.127655125347188,0.356601532,0.465533619,0.338759715254272,0.408111398,0.49104968,0.413334151392435,0.420759242,0.488898671,0.0301056603453951,0.291971727,0.348755804,0.241363311136956,0.39037781,0.491654079,0.172230907115175,0.278957046,0.475549353,0.373711091064696,0.379773966,0.557591463,0.0877941421404817,0.309832316,0.342910622,0.222032363504575,0.330285205,0.463340814,0.161769268925431,0.29879315,0.475873354,0.238547567074249,0.248858807,0.477893028
"103","SW_9812",4,202,13,7,0.141776624312379,0.412702938,0.412493419,0.160791993914921,0.414532014,0.469314343,0.227866949509731,0.421254462,0.477590979,0.218027008651032,0.425522964,0.510723813,0.307860997937797,0.439963013,0.542587558,0.288057120152607,0.436608828,0.558024735,0.101519807599677,0.32405922,0.416050415,0.0651270962339344,0.336288069,0.453351218,0.269496850182884,0.388415242,0.566051844,0.329528921320324,0.487741124,0.56226779,-0.0362708799110893,0.282137106,0.411219118,0.416492961758999,0.511990083,0.595064233,0.11742111770082,0.368832031,0.40226243,0.160624490448178,0.320171313,0.470986537,0.272218804050641,0.367694642,0.544158578,0.0512984818032181,0.444742351,0.379117615,0.115440824772803,0.392555518,0.439787019,0.186631360130815,0.312747741,0.419465939,0.294105336610141,0.471972035,0.529160418,0.012858331953695,0.327755501,0.326622378,0.171910128172943,0.333439295,0.489840795,0.192135221158299,0.335974463,0.487137869,0.34485611001844,0.417647814,0.512127,0.417304920126987,0.432064729,0.510340311,0.0679962761671566,0.310893171,0.361874911,0.268689778786677,0.409736968,0.523559911,0.207538472397653,0.311644634,0.520522574,0.368276621535458,0.360565539,0.545569983,0.0974658741670496,0.312905361,0.339557116,0.231164381278926,0.329869493,0.476789693,0.16025969961942,0.304651666,0.478154745,0.271053335398303,0.301229845,0.505963181
"104","DONA_ANA",4,203,13,8,0.120829446113962,0.426312802,0.450629207,0.1575322361667,0.398588455,0.464057265,0.231021058586277,0.40933506,0.476692398,0.210612945863186,0.411532216,0.505225798,0.295200500357088,0.431253288,0.540222732,0.301366834225355,0.446107908,0.553141037,0.0922039842896659,0.319379943,0.414417,0.0771979452002403,0.342171452,0.449575026,0.291143334074052,0.386427911,0.571767016,0.354718304265332,0.493473852,0.570510189,-0.0391837122791164,0.303031676,0.406229074,0.417163857881596,0.493000456,0.598996808,0.114282382551981,0.370731707,0.40430115,0.175763390698745,0.297600188,0.453946947,0.290006591908015,0.345811271,0.546076159,0.0463023495212272,0.443226507,0.357971103,0.131895513464438,0.390937442,0.449125883,0.215278566291324,0.31813841,0.459041764,0.348181753320711,0.456655639,0.53936195,0.0250195298680751,0.320164797,0.306640658,0.20153025096751,0.319174647,0.494360408,0.228123751715963,0.312992143,0.490754346,0.372620785275717,0.429501511,0.553145253,0.446957466457723,0.466809048,0.541139921,0.100887865845673,0.293713704,0.374264811,0.296338939817202,0.398105452,0.530593317,0.246707543969152,0.327156543,0.54604051,0.363270024390314,0.33302067,0.569253276,0.10597438325384,0.329989583,0.395273806,0.226440382009617,0.326499179,0.461414908,0.154562450098426,0.281385392,0.466029148,0.283117813341202,0.2987525,0.502251121
"105","NUMEX_BILL_MELTON_CA_2019",4,204,14,8,0.0390068612402814,0.441429282,0.449132262,0.0819711217870834,0.411249067,0.445121277,0.149591017771234,0.41586032,0.44722517,0.128073177376409,0.410281225,0.456518102,0.220485861719988,0.413924459,0.487916943,0.31081201283232,0.39737361,0.517350542,0.0684018758538321,0.328110863,0.410848941,-0.000306758898868366,0.417102969,0.425975586,0.218815263854831,0.350180182,0.466103697,0.294125788928021,0.458169762,0.503758343,-0.0730378138720282,0.405992564,0.40624391,0.416694539163327,0.465070679,0.601823985,0.0186452116667785,0.42350302,0.418866217,0.117354743923275,0.272725519,0.400222595,0.226069974347764,0.293306464,0.463819495,0.0129333722489895,0.446576919,0.374360285,0.0376405688536681,0.405220696,0.442926353,0.135597913050271,0.276872164,0.366465879,0.266772824466708,0.413788523,0.473318968,-0.0076468911266201,0.326952199,0.268836309,0.134527549796425,0.374455019,0.415192716,0.159199478757596,0.371337974,0.407745256,0.253283083412081,0.406082494,0.467494259,0.390559769936027,0.398372897,0.481972704,0.0595751712059343,0.263205282,0.335505826,0.230680321859693,0.359651336,0.461714265,0.189360545568876,0.29707652,0.508310328,0.319953933564053,0.295223848,0.517587353,0.0555518222757062,0.247517141,0.360855561,0.122548829322267,0.375869905,0.41696923,0.0924583672340223,0.259519441,0.424339337,0.194226638537938,0.239365497,0.419217986
"106","NUMEX_BILL_MELTON_CA_2019",4,205,14,7,0.0666938215425776,0.447758516,0.460535068,0.124344142767418,0.41515649,0.458245178,0.188466059277416,0.415297212,0.454497264,0.169452467030843,0.415916202,0.478378118,0.280472455837347,0.421671031,0.51307231,0.299553026197281,0.391400015,0.50529589,0.0699856040541885,0.355803064,0.426934972,0.0266197361674728,0.397310101,0.427457159,0.257853705061065,0.349115505,0.505221284,0.320521591752119,0.473547635,0.533687955,-0.0838362562871216,0.416462311,0.421035047,0.422045585730574,0.46746466,0.614090287,0.0247408201159842,0.41822377,0.421720923,0.127596903514347,0.28292315,0.398348416,0.249653825173194,0.298601454,0.491123743,0.0127770299108518,0.470942535,0.3673331,0.0417144207449165,0.409566992,0.450824325,0.131641518666777,0.291375764,0.366345875,0.275388865471131,0.455280888,0.490477709,-0.0169860235015204,0.334868912,0.267651246,0.142413258970089,0.366435552,0.445176444,0.16326841587803,0.366100379,0.438559126,0.222434004677233,0.385121538,0.442317626,0.39535575904542,0.40685568,0.49698908,0.0565513612734271,0.274106845,0.336086746,0.239680227454688,0.369334344,0.459474477,0.130044248281401,0.309840326,0.470780707,0.334688402596955,0.330298424,0.520296414,0.0543901375651698,0.238855173,0.347194059,0.14819326898247,0.358089604,0.438082359,0.122666785707341,0.276699725,0.43568439,0.22362836636471,0.250654049,0.457104341
"107","NUMEX_BILL_MELTON_CA_2019",3,206,14,6,0.112213161020144,0.434335234,0.455520237,0.157581546027695,0.416013587,0.476277153,0.240676284256634,0.415450952,0.486488177,0.220239631682749,0.415478703,0.513015992,0.332505535464844,0.433519097,0.550315496,0.286379743327027,0.406559914,0.512623444,0.0917960714438836,0.317894317,0.376671095,0.0644749929696731,0.367094931,0.451636399,0.289780047339364,0.387787441,0.540211694,0.360149297094595,0.472411211,0.554449632,-0.0821103341171677,0.451970313,0.446364117,0.432038834081632,0.45747834,0.614090287,0.0513165828209909,0.415450697,0.421395044,0.13435751011353,0.298159417,0.427135452,0.266504701593177,0.324117355,0.506899435,0.0202639247318119,0.472589907,0.378057725,0.0663553176126729,0.411101317,0.443223736,0.146510973829434,0.315332406,0.396835692,0.279408966351026,0.465206477,0.488376751,-0.0248178667292925,0.349003595,0.318852522,0.12661469458894,0.362630443,0.463002785,0.114238966006639,0.37077879,0.429580261,0.231597023825736,0.393227376,0.446374995,0.407510868487436,0.411131821,0.484125498,0.0189008109057299,0.282783503,0.349498729,0.230291734643717,0.380737155,0.449873545,0.138784860985147,0.307861778,0.480512565,0.36447663606798,0.359944985,0.545153645,0.0534318874914916,0.218508821,0.332425234,0.169798521071629,0.356836505,0.446608712,0.135091443914669,0.291214075,0.463983177,0.240328380814788,0.26149853,0.488656333
"108","NUMEX_BILL_MELTON_CA_2019",3,207,14,5,0.0853156115928995,0.441797151,0.458349282,0.126736726912767,0.420597564,0.464656863,0.204163626056891,0.398182008,0.465452043,0.185488619324604,0.407972718,0.487466657,0.296961278314968,0.414319249,0.517738393,0.262186136783582,0.415181135,0.496388082,0.0658670826633176,0.372744401,0.366715471,0.021589798263237,0.407864509,0.434611405,0.232891751611993,0.366665265,0.498156935,0.286616902997179,0.465296656,0.50762455,-0.0918313980080568,0.453879143,0.435824461,0.435462152523361,0.469835841,0.611559508,0.0194262407994583,0.427169768,0.417274676,0.0943146696253523,0.290571865,0.380157635,0.214317052205294,0.315761298,0.452076184,0.0160429818070986,0.477931228,0.380851596,0.050103371637754,0.422481482,0.441843816,0.104173185874217,0.273698031,0.338025283,0.213909712995188,0.440746971,0.450353366,-0.00291863248543569,0.321565802,0.226179207,0.0907514286722517,0.38882038,0.445934251,0.084630503795761,0.417482745,0.417536524,0.202607967573615,0.377265017,0.412214567,0.342876234271102,0.34239399,0.42780169,0.00942582247606813,0.276879852,0.316610269,0.192744802877768,0.368876459,0.424320845,0.142534562091419,0.293399333,0.474710871,0.308994758568764,0.307625763,0.470686953,0.0510292224517271,0.25596771,0.34212812,0.134188370131169,0.364545864,0.414409511,0.108079478313749,0.276480936,0.42617539,0.237298573076953,0.271246719,0.464650818
"109","NUMEX_BILL_MELTON_CA_2019",2,208,14,4,0.0664384092450082,0.444922939,0.457284348,0.112312780197905,0.412934242,0.4554397,0.204583146724259,0.415918492,0.4629976,0.178311014290751,0.406812475,0.481430812,0.285824480890052,0.415921279,0.503470423,0.257778193568935,0.367132157,0.50339457,0.043008589171172,0.408159372,0.309590739,0.00531898200034883,0.406530627,0.449440119,0.212377016942743,0.349330923,0.484603419,0.251669932995867,0.470816648,0.500443165,-0.0911175371432403,0.522133166,0.491639429,0.434488060418382,0.497264022,0.621477428,-0.00423145030234185,0.435739534,0.413226603,0.0646166577397787,0.332004997,0.413929443,0.167962917385798,0.334077629,0.430660136,0.00772825627297601,0.483776118,0.396454977,0.0312577785268211,0.426885338,0.448999635,0.085962036292441,0.267691685,0.327043523,0.171149485375998,0.430189775,0.421879025,-0.00798768283183959,0.321505013,0.20220098,0.068287397438694,0.403766235,0.438946681,0.0849658965075162,0.417522679,0.454937921,0.242656974889413,0.377001202,0.427971645,0.344475689987004,0.368610242,0.41601126,-0.00902658404879449,0.277007384,0.353552532,0.170472011282114,0.34817953,0.38899326,0.103411273565128,0.292711209,0.4421928,0.300159223853563,0.297189225,0.453249056,0.0445129078718367,0.248829731,0.334045807,0.111676303882473,0.388513825,0.418066713,0.0958540784823148,0.26398521,0.398923241,0.23326697391272,0.263296612,0.461820624
"110","NUMEX_BILL_MELTON_CA_2019",2,209,14,3,0.0833627903407306,0.445838843,0.465781652,0.127230468682957,0.416572189,0.46895634,0.21929109326605,0.416882224,0.471365305,0.201519699954971,0.405711756,0.489708268,0.304512643115362,0.411899397,0.514926784,0.32861054688379,0.42809234,0.564940436,0.077165736448427,0.414001395,0.31578741,0.0431618544792609,0.394922798,0.443023631,0.247732294685342,0.358162861,0.491600099,0.274811576535604,0.467260689,0.518168541,-0.0877836881067537,0.542699946,0.513800625,0.431414288753162,0.494642043,0.624874601,0.0245490479403482,0.422174398,0.410522167,0.0920470320098791,0.330139057,0.424659898,0.198272531602878,0.315946086,0.458902434,0.0195136647755791,0.469862114,0.412994988,0.0374331236381769,0.430695712,0.451442204,0.103227802761847,0.28820849,0.356606019,0.19066427075735,0.438289073,0.444339818,-0.0205380303888574,0.320072871,0.27622663,0.0905666105235434,0.367045078,0.443757607,0.105914898260788,0.376452538,0.448422831,0.305943510683234,0.396172626,0.47788218,0.377413245049638,0.399033738,0.452896251,-0.00351958362375124,0.287348273,0.382910609,0.181917224678174,0.38148074,0.4219283,0.113340827732514,0.285960016,0.454623534,0.310995523484645,0.32621407,0.47328891,0.0421787744150164,0.238569609,0.366940825,0.117035503004715,0.375853054,0.429721498,0.106686952136412,0.270883342,0.42393613,0.267561530418077,0.302142574,0.473710806
"111","NUMEX_BILL_MELTON_CA_2019",1,210,14,2,0.0779436823273959,0.440623211,0.458241691,0.114956866055692,0.424009825,0.465757847,0.20369099088449,0.40888998,0.456012326,0.185770843840093,0.409334901,0.470154454,0.293804489685952,0.402680633,0.501757221,0.278631316526501,0.432344933,0.516651332,0.0666905844266889,0.351196744,0.309571331,0.0411416263310444,0.413319793,0.438207559,0.26311358962419,0.355565432,0.490499586,0.276603861903646,0.482804233,0.521937096,-0.0906991086839479,0.484532889,0.508262766,0.425326279138061,0.499368943,0.622379986,0.0159995670139468,0.425869788,0.416404517,0.0945526393309615,0.340484946,0.428143604,0.211100902977296,0.312748019,0.462599253,0.0231289413371493,0.473539999,0.360929246,0.0389062964520824,0.425731141,0.451987069,0.102430631664898,0.275052711,0.368643158,0.188594729284163,0.442622368,0.451219695,-0.0174337207456705,0.326522723,0.280131152,0.0938737253131369,0.377804386,0.435963257,0.109018141905245,0.389089639,0.445271911,0.296498100096034,0.401501803,0.484211416,0.373700625063139,0.390141865,0.44928736,0.00148274461627249,0.298484601,0.383385812,0.181031066821633,0.381698871,0.415906111,0.0801633397413547,0.336005858,0.44074046,0.310919400651761,0.313515535,0.47141887,0.0568047151465686,0.237391997,0.347840455,0.0995802909515542,0.394880067,0.427419589,0.0985109840386595,0.273682324,0.426253555,0.229905310290882,0.301728751,0.465913778
"112","NUMEX_BILL_MELTON_CA_2019",1,211,14,1,0.0825292312271578,0.442603372,0.456826557,0.12219388104079,0.428782886,0.466171665,0.219597576535005,0.413221451,0.463763273,0.202709580815816,0.406842365,0.480425084,0.301526701347462,0.414748174,0.517849062,0.221720925494212,0.423043467,0.491584371,0.0484881113832921,0.426375189,0.37145305,0.0699051045550381,0.395132811,0.420340932,0.287836109570163,0.360619747,0.5025696,0.308101813492904,0.485341673,0.531387391,-0.0941004136968839,0.459813256,0.49522629,0.417956951211274,0.502758778,0.621751026,0.0168745945408841,0.433251962,0.41534539,0.0827100451437907,0.339828753,0.441381194,0.235536048453794,0.347169286,0.487014082,0.0206569570441315,0.459912164,0.407310684,0.0447733063755736,0.421931506,0.44778093,0.130029417488164,0.300457904,0.390858358,0.206605330049523,0.446066979,0.47255525,-0.00611088820820265,0.349157504,0.299752182,0.112887279019389,0.351680625,0.439063305,0.119605635650616,0.371122826,0.451502564,0.299298773909047,0.3782959,0.487788749,0.387450664012388,0.402099365,0.46505007,-0.00353322706342552,0.338373987,0.384686867,0.202922455321331,0.386384956,0.430442959,0.0739841255222973,0.355651109,0.439134071,0.327098093586497,0.339504157,0.477527879,0.0589576371393315,0.218326435,0.336767493,0.100860218581878,0.398315625,0.440367687,0.121063490962346,0.273706346,0.438577798,0.254894573838306,0.323172067,0.498041499
"113","NM1701PAR",1,212,15,1,0.0820744662228012,0.441406539,0.458381551,0.123284689540104,0.418976218,0.461751147,0.210848264278548,0.40736743,0.460483596,0.169634181393529,0.386842731,0.470682119,0.283313169253594,0.413589388,0.509991502,0.312452574873897,0.426831633,0.53355773,0.060288255545453,0.38639106,0.399978435,0.0882085184446364,0.365607719,0.429568014,0.283385141253837,0.366224092,0.50725628,0.288405017056557,0.453072933,0.517645157,-0.0894886031719305,0.437238361,0.503509132,0.3710504999545,0.481076151,0.577108983,0.0423796552118164,0.423838319,0.40992543,0.113754196578575,0.361150668,0.423206092,0.241393751071912,0.362238779,0.481362109,0.0141586747012473,0.429029736,0.406414633,0.0568269196483422,0.433102642,0.443200654,0.12535492904148,0.317484445,0.378809818,0.218123157716036,0.445563541,0.468557241,0.0157050699465725,0.309846143,0.24539378,0.118697474528636,0.383011625,0.438061952,0.121817286958481,0.388544431,0.445460394,0.275847718488361,0.416674761,0.463737611,0.413799959596451,0.395314696,0.464651718,-0.00891916410493095,0.313259059,0.351860612,0.194197298937837,0.384275647,0.418098048,-0.0773748496627685,0.477273003,0.466735094,0.333676631657661,0.335651092,0.488226001,0.0397576791192627,0.408642537,0.41338197,0.098574650919798,0.390830187,0.419373686,0.117464771257307,0.268201598,0.415844532,0.284542884491044,0.303459244,0.464804479
"114","NM1715PAR",1,213,15,2,0.0404000344482059,0.45056224,0.458816097,0.107178524599032,0.432827442,0.466143622,0.186659379181625,0.420240023,0.465238206,0.155736982782814,0.399557876,0.471810389,0.2657135948081,0.412626935,0.50307383,0.275152038806126,0.42464897,0.510637571,0.0802656466467127,0.394203486,0.325841036,0.0675010783391191,0.399181977,0.431921617,0.25733169127141,0.365206211,0.481428681,0.285005129173634,0.450494741,0.49806082,-0.0866570120084964,0.497482544,0.507040457,0.376136874749164,0.491495668,0.579092567,0.0412487481773548,0.427991692,0.419770727,0.108913334102728,0.344319244,0.428147004,0.215506558051698,0.343765066,0.446182541,0.039629551384047,0.390102021,0.339499336,0.045707170625711,0.446524363,0.451185743,0.0866670722662049,0.310197705,0.362451655,0.175318928680406,0.446831591,0.440404529,-0.00784498966674629,0.309832367,0.259085759,0.0693550677316522,0.383108124,0.427369787,0.0834352881878827,0.383145587,0.434648029,0.205157604663226,0.407093048,0.428619818,0.350105033323716,0.394850949,0.422389787,-0.0300771963638601,0.301306123,0.412318676,0.166848208602722,0.390501069,0.423406513,0.0547933132747217,0.358983979,0.441821133,0.303335813259256,0.347302485,0.469988962,0.0326535402392647,0.423299109,0.403493938,0.0466801387124942,0.435024828,0.456237904,0.0542139128196923,0.28794689,0.443762983,0.228082310974366,0.304226747,0.437925241
"115","NM1703PAR",2,214,15,3,0.11018337829751,0.440768341,0.456754146,0.145991800021754,0.40874492,0.461542092,0.229095903561735,0.415205036,0.470272784,0.182477231742278,0.387927947,0.469910819,0.300850951756472,0.415985353,0.512559869,0.300154892596368,0.43397705,0.526938095,0.0773139546763144,0.281611209,0.313575733,0.0574616159803445,0.346079976,0.426540445,0.265528180833752,0.35166614,0.515374203,0.298264110111365,0.493742089,0.529094304,-0.0678639850123692,0.583811394,0.494119625,0.381513060246936,0.494915641,0.576789786,0.076364895476268,0.399331527,0.406273093,0.134203139697562,0.31147428,0.451512136,0.230477577601911,0.312808942,0.487229494,0.0343950252697317,0.396676959,0.444671918,0.0807813763970752,0.417395932,0.448823363,0.132629616250235,0.296999229,0.387929285,0.23817386843429,0.457861177,0.475252158,0.0154535583607371,0.301817236,0.249718415,0.112356619092915,0.339108084,0.443136763,0.124108786938316,0.343699087,0.448042875,0.268987626998693,0.423375344,0.469682014,0.420637600025271,0.436246023,0.479526864,0.0108962456890912,0.279511193,0.389173002,0.205428272186352,0.365613754,0.462687509,0.103203772436301,0.296749995,0.42450359,0.355640197492938,0.379081759,0.527080066,0.0241875209462695,0.424516946,0.437102304,0.154167708694583,0.353929845,0.447124873,0.113103067463062,0.278366025,0.445456719,0.27755213878449,0.300471731,0.497124148
"116","SW_9812",2,215,15,4,0.125443912586944,0.430523504,0.459582149,0.147265857256316,0.405864373,0.462545458,0.224021301181326,0.407495847,0.465841352,0.165779142028988,0.380076105,0.469780249,0.286894526943128,0.410676665,0.506676338,0.298633594949084,0.427212613,0.515478235,0.0710744700174485,0.292768311,0.320564925,0.0620571366142568,0.349501662,0.435053939,0.278135229241204,0.374294393,0.531148425,0.29731502081144,0.475910201,0.519368179,-0.0675901645006022,0.555432393,0.445778532,0.379460968273715,0.485157319,0.573187415,0.0774689282432864,0.396365418,0.408121724,0.129291912374357,0.305888791,0.446392782,0.225637231006891,0.327218517,0.487490045,0.0116327607655636,0.458822605,0.452399563,0.0891718652544219,0.416165062,0.445113372,0.139280632456588,0.301138848,0.377111802,0.235728829967041,0.441187693,0.461694635,0.0260799819494667,0.293101132,0.214358174,0.118526536106481,0.35258048,0.444344989,0.128058371474082,0.35608623,0.448054051,0.267834820014347,0.412563112,0.462643599,0.405503637996041,0.403025955,0.462819551,0.0117286352935553,0.295380328,0.326710951,0.211837775698942,0.38215352,0.461585833,0.133696552038144,0.304286287,0.457847856,0.36418514080861,0.363112616,0.526784487,0.0251342111964081,0.402137771,0.410362404,0.173013845229607,0.365599058,0.453324262,0.142938163606765,0.28756083,0.448996426,0.283985728944078,0.30872899,0.52842079
"117","MESQUITE",3,216,15,5,0.0800865029079369,0.439816813,0.452101599,0.111078440865334,0.413602598,0.455268578,0.173474042124713,0.394575272,0.452520031,0.129104922378874,0.391630343,0.457683055,0.249300305634168,0.416679515,0.489612376,0.225335543532238,0.403674555,0.48742084,0.0591926320226568,0.267719395,0.270766041,0.0264537633638641,0.383398796,0.427133486,0.227449922741846,0.3568593,0.493474455,0.272227470762182,0.447703254,0.504981845,-0.0848636178496553,0.50729406,0.426505108,0.377363588017416,0.476972184,0.573597811,0.0687484291059556,0.404501986,0.405631939,0.0948109023745975,0.319116186,0.417609681,0.193861375388612,0.318348975,0.46167219,0.0125495859381602,0.463243525,0.434656939,0.0728754618651176,0.414489208,0.441285311,0.102878819412791,0.291161595,0.350634839,0.215231781092048,0.429544302,0.452917155,-0.0159781854510697,0.323646319,0.258890709,0.0876693366535721,0.358180378,0.437041338,0.0890155083367163,0.37323977,0.435422285,0.243223086791275,0.383354262,0.451698438,0.351699179105932,0.354734396,0.452697528,0.00807737040689667,0.287861896,0.322318466,0.183538398677566,0.372470092,0.437960396,0.148916667941177,0.296233937,0.469324372,0.306241253638533,0.304887771,0.474661157,0.0125026352710189,0.398999227,0.393784927,0.155654848758551,0.363131313,0.437229665,0.111284043208262,0.275886478,0.420578561,0.261073517696492,0.287611662,0.473633757
"118","SW_8888",3,217,15,6,0.103612919220233,0.445290909,0.464191622,0.162592228228494,0.422428187,0.474835915,0.237372773277687,0.43032035,0.494029044,0.192358075217522,0.409023281,0.509457594,0.321976277894219,0.432879897,0.552858377,0.327802503197968,0.444887396,0.573097601,0.103297778814407,0.289137699,0.330251276,0.0828322505341063,0.413057993,0.479962549,0.299087600241952,0.402446725,0.5577483,0.374338708605763,0.49318762,0.573117925,-0.0728122101890999,0.534154131,0.447700577,0.381675937211446,0.481053352,0.571409029,0.0865928450022176,0.41664488,0.425924332,0.159331858501565,0.331178862,0.463921017,0.271900009984275,0.367362024,0.519687117,0.0144634168682457,0.455656819,0.441805119,0.0996772474926378,0.431897153,0.456379577,0.165421343285295,0.344409293,0.40608983,0.311653730859163,0.477138281,0.5087184,-0.0139429521934448,0.348831225,0.30369711,0.140185500551969,0.356283892,0.472916933,0.145476187243422,0.359573953,0.470102772,0.321049122367827,0.416297955,0.504480487,0.411907544900477,0.417305407,0.48598358,0.0369733376157482,0.288474225,0.340187238,0.245491792371829,0.397039965,0.48672983,0.206160971675434,0.298797473,0.501975279,0.353693569752546,0.384346467,0.550336388,0.0335158320045676,0.380041236,0.40190681,0.190052796100665,0.380624841,0.466964286,0.147046184169643,0.306010492,0.483052413,0.258716905370225,0.29508895,0.517953731
"119","NM1705PAR",4,218,15,7,0.063988371077627,0.446888413,0.44956225,0.106920992312005,0.409648551,0.456457867,0.147217872747446,0.419797643,0.454594803,0.115778599478753,0.403881768,0.459043153,0.231372307718067,0.418143688,0.500433573,0.257116298840198,0.457187887,0.518218035,0.0695718588326987,0.293990231,0.361805614,0.0166743362057326,0.360236619,0.426554862,0.218445490856515,0.359621137,0.5125153,0.277069827176331,0.459839714,0.528016392,-0.0631334582110536,0.383126036,0.334619727,0.385872418013903,0.521500228,0.584017328,0.0816480307809627,0.399836587,0.405998648,0.13951223209122,0.322805822,0.448087864,0.237758837645361,0.33589745,0.507891921,0.0243899026364203,0.443732087,0.414866001,0.0894374699948595,0.410190164,0.448716966,0.137862890240346,0.31182403,0.389703053,0.302815077859607,0.473020828,0.524370543,-0.0131790230822291,0.353708649,0.288658308,0.145474733860314,0.336724273,0.467081328,0.172102764142327,0.330900039,0.453040445,0.298272149978048,0.409325049,0.502532939,0.400116777969631,0.414488248,0.506443261,0.0657441096615702,0.279505468,0.342507851,0.243660953017441,0.376634618,0.4913286,0.174766450901887,0.296637476,0.486794116,0.321650581533256,0.333326529,0.525399915,0.0375750055030541,0.361900755,0.393220522,0.150544277256882,0.360972753,0.451259549,0.113776531077791,0.281879447,0.439170418,0.20463580276452,0.257282042,0.451305448
"120","SW_1011",4,219,15,8,0.0471574417150189,0.437707118,0.443808988,0.0883342293600238,0.411907165,0.450279769,0.148687670459769,0.421872895,0.453272382,0.0980125478951274,0.390241953,0.460801577,0.212017976589096,0.422630998,0.504307661,0.246399125904165,0.452599702,0.528379932,0.0599347038249173,0.296789262,0.361324409,0.0061858183384317,0.384867189,0.433616087,0.213794158082744,0.364070593,0.505758537,0.27134172924484,0.456038543,0.519555063,-0.0586581651662559,0.443430121,0.371799248,0.385496710292133,0.545759234,0.589580483,0.0669862901152445,0.399950652,0.413270861,0.147862422697176,0.319945554,0.433974543,0.21952167281229,0.31967694,0.496446548,0.0223740028532917,0.348302816,0.413873875,0.0866880519461868,0.390240797,0.449546808,0.150997407140504,0.30320145,0.389735402,0.283437711452457,0.428744072,0.516348031,-0.000217986429492807,0.30807645,0.281823208,0.142838546498493,0.34840106,0.476398416,0.177332485912241,0.331709386,0.463985858,0.296842176551154,0.384212226,0.50217754,0.398456095786834,0.419846963,0.488507203,0.0729548614424694,0.282028305,0.348306014,0.230778549782527,0.367377791,0.475111367,0.178432675597436,0.317843876,0.514596222,0.292104258373683,0.300166768,0.491706829,0.0414062666398349,0.344947183,0.396097767,0.145638319964596,0.354092341,0.425225681,0.10347826342609,0.265229939,0.440170524,0.193754376889907,0.275735612,0.430341352
"121","NM1715PAR",4,220,16,8,0.00197454743159363,0.46509634,0.461186628,0.0683018611249138,0.431755987,0.464331198,0.121352126109481,0.439442996,0.472509257,0.0764798400184866,0.418706972,0.471184607,0.17319099142444,0.428020229,0.493192752,0.333241911125245,0.423619832,0.540211317,0.0500378766893495,0.267004795,0.273423479,-0.00785135118452638,0.428412251,0.44708742,0.187024925281921,0.373526777,0.481010019,0.23296470409739,0.423076606,0.494002601,-0.0914847201445461,0.482589185,0.39764296,0.383202584436838,0.533333333,0.581668947,0.018720465746785,0.436732014,0.411628999,0.11809877373269,0.316817312,0.41902439,0.187131972839766,0.34302823,0.455956915,0.0106360874677542,0.248585172,0.428430356,0.0316687299273664,0.424628634,0.442499297,0.103319524477257,0.285796279,0.335176223,0.236252831670831,0.396053878,0.457065951,-0.0360767832316375,0.315238017,0.244458008,0.089402364351141,0.401825695,0.365692332,0.123811520646549,0.390753032,0.365588977,0.322357338069719,0.417225512,0.48324047,0.373006854888903,0.314001306,0.421044321,0.0301265736297,0.292741111,0.281285483,0.200382273388665,0.356221182,0.425541629,0.164602513125858,0.318684923,0.494506298,0.287995504037959,0.288961293,0.478897829,0.0155872837793855,0.404727368,0.388511935,0.0604768923532376,0.415818603,0.440642165,0.0582096446423652,0.287617733,0.416781328,0.189761963931629,0.294023057,0.433821265
"122","MESQUITE",4,221,16,7,0.0616040131166786,0.443132123,0.451323514,0.102294827193087,0.407468796,0.451758081,0.139577823885017,0.405217345,0.452062288,0.100884660360294,0.386009491,0.454227107,0.200645860859849,0.403810753,0.486018437,0.329088769278757,0.419957568,0.536672981,0.0226558010837142,0.271710566,0.32677558,-0.00549460679784342,0.416445941,0.431619363,0.197123781321293,0.349329856,0.501664519,0.251550267809288,0.43146897,0.521682547,-0.0995879484550309,0.511627652,0.426367466,0.385374213273311,0.522366621,0.57127223,0.0589157328070314,0.397000549,0.399934641,0.122552431009108,0.287692626,0.419298992,0.212007914397056,0.329674903,0.479473576,0.00668019143614789,0.427717723,0.422442035,0.0671670630420084,0.40702374,0.44421439,0.123249123005,0.290636058,0.370089123,0.285756233368263,0.439135247,0.486371074,-0.0465199059168024,0.392164775,0.273544906,0.115362928376149,0.345174545,0.403678607,0.144939683929585,0.326144827,0.393726658,0.277442469642651,0.407399909,0.465765784,0.425711111017949,0.362018137,0.49421728,0.0678675068881706,0.270936331,0.327308369,0.247150062966532,0.345960676,0.450422927,0.0743436223978732,0.363868905,0.457417427,0.308837164702812,0.294532473,0.507357616,0.00914097743111885,0.442348133,0.412148641,0.16141345650738,0.327447922,0.439107344,0.119328007651282,0.274373246,0.450384636,0.237616508538305,0.24157474,0.454831704
"123","NM1712PAR",3,222,16,6,0.0501471520529521,0.458457535,0.469263886,0.122407621869905,0.42372549,0.474925198,0.192829569167205,0.436438713,0.482756045,0.147401770395322,0.40378328,0.489465304,0.269069376658473,0.422272339,0.53191221,0.337194469195218,0.425257792,0.540393554,0.053690212372806,0.254251592,0.287942833,0.0259375490656599,0.416148665,0.450282687,0.218871850842151,0.364015474,0.507968169,0.329912385137524,0.481751015,0.547123723,-0.102128119388915,0.522495083,0.451962762,0.385190725533998,0.534336525,0.572663019,0.0401992839214935,0.427360292,0.410634465,0.111230052168875,0.312837272,0.426837048,0.225359161249707,0.362012668,0.488160447,0.00265361653918711,0.473078067,0.438470806,0.044209678926459,0.43338426,0.448743616,0.110649765413247,0.282309498,0.347679805,0.250273979656318,0.424204445,0.465579724,-0.0552076761431298,0.400372056,0.304464583,0.0725438259691301,0.401690631,0.427640596,0.0963869916731113,0.390435711,0.408956294,0.262096077340074,0.425821001,0.478060772,0.379143135723401,0.337383701,0.435075649,0.0192961824559282,0.319907621,0.323701788,0.209408577269455,0.374806039,0.434063535,0.178032472215979,0.288643833,0.502199604,0.323111753874589,0.307965063,0.527001358,0.00398604982448851,0.459215129,0.411650954,0.115986719876459,0.403172993,0.450882031,0.102373063424611,0.297448264,0.440687891,0.24093797391859,0.252034819,0.482574871
"124","NUMEX_BILL_MELTON_CA_2019",3,223,16,5,0.0912161815814995,0.447214547,0.465506706,0.136227772658893,0.411591303,0.467373103,0.206827348342361,0.384119147,0.468440973,0.172810704644822,0.377853063,0.481422819,0.280826101483823,0.398207756,0.518770429,0.33090486479476,0.424222632,0.545144344,0.0331232083801207,0.199001342,0.248247873,0.0282401470208168,0.380667291,0.423962968,0.24440152583521,0.365205197,0.53079319,0.290167081370532,0.451625937,0.542854993,-0.122332955848756,0.544762686,0.467962607,0.383796820989489,0.525763794,0.582421341,0.0270899551124183,0.422655874,0.400471181,0.0936553902499153,0.286066906,0.376531055,0.210353079325212,0.322691953,0.475862451,-0.000469481840105772,0.4694954,0.434591369,0.0481450936618013,0.425691181,0.440118495,0.105388872342816,0.280789081,0.364605543,0.23775812907982,0.449712415,0.468211144,-0.0507295535338423,0.376051559,0.253455721,0.0828624811507426,0.372712227,0.430139883,0.0910917837626783,0.382076153,0.423517214,0.273389891497191,0.418087468,0.469699457,0.409950440069605,0.350499606,0.506522249,0.0213497812298982,0.312509116,0.323477445,0.202986002408215,0.36055891,0.443087165,0.132518246150842,0.299850708,0.471528827,0.326151210705064,0.306454481,0.519629659,-0.0126756979073167,0.472314374,0.418858439,0.1389375021923,0.37108657,0.44447094,0.110656597036053,0.269095888,0.426319155,0.273581294565898,0.293679068,0.497594489
"125","NM1704PAR",2,224,16,4,0.1248893883664,0.434448593,0.453311931,0.165286976835163,0.412195001,0.474049129,0.242310949748008,0.408266725,0.478900723,0.194762069214226,0.366372874,0.485562606,0.301570648735114,0.404806104,0.525131007,0.318171629130787,0.393903299,0.533982943,0.0463685920032313,0.274411526,0.281577254,0.0485426031882904,0.367542318,0.437986019,0.263367454161486,0.370992713,0.533091174,0.30851885418666,0.485889326,0.534885486,-0.0986915395792084,0.573202195,0.468041697,0.385405277143244,0.496397629,0.578841769,0.0590337650843756,0.40959757,0.410144889,0.122985734617155,0.281932274,0.39129695,0.231902949349849,0.34480477,0.497749657,-0.00508296728539864,0.428585393,0.448199519,0.0638048710565984,0.417174477,0.443388422,0.124257149074209,0.300465481,0.383519507,0.24235182062488,0.453637281,0.471927674,0.0250698176905897,0.267370654,0.211111959,0.0962642356944428,0.361561804,0.438522834,0.0964919888311421,0.370603212,0.44674931,0.275910196275613,0.396947321,0.482297356,0.420929046879186,0.366991447,0.461355567,0.00551708813808668,0.324417456,0.304465606,0.205667732377822,0.378970791,0.452098211,0.0446220211753102,0.367494868,0.457589991,0.381652286839746,0.370165417,0.550190325,0.00390190457968492,0.473189598,0.441733571,0.135687666820587,0.370002415,0.446778711,0.113464905034523,0.282298244,0.441133415,0.296055550249181,0.308497951,0.528498962
"126","NM1701PAR",2,225,16,3,0.0967135682717711,0.443974798,0.456997499,0.137839440939375,0.412955697,0.457720588,0.212853222518428,0.413229259,0.461820489,0.172333392635682,0.387219978,0.471488034,0.288411562259237,0.406474978,0.509966131,0.307560278050108,0.432221234,0.555247671,0.047480545823489,0.307101175,0.306515194,0.0355416554504531,0.377506934,0.427292388,0.254042017407447,0.345314666,0.50948496,0.305154651584434,0.494653472,0.531755431,-0.10047992513865,0.578339266,0.475457769,0.383271862156084,0.501915185,0.582786138,0.0547099543358702,0.418608304,0.409138797,0.127436705790242,0.322102485,0.441135012,0.214869862159444,0.336300842,0.487161122,0.0322115994608908,0.251202245,0.436103993,0.0639040663300234,0.4252989,0.44891319,0.113243756748473,0.280197021,0.373823502,0.22509955592958,0.431108143,0.458280974,0.020002452407958,0.289988104,0.188806283,0.0942092814515042,0.352929366,0.43158398,0.102774785499601,0.365631011,0.43696404,0.2746997902421,0.382251627,0.453309456,0.42248515683593,0.376868578,0.462327544,0.0132347293314618,0.302733137,0.331102149,0.191724949249603,0.376610631,0.448010792,0.0897942301009351,0.308906451,0.429018563,0.382014257053016,0.38909611,0.545369669,0.00289683288050439,0.474050964,0.444940912,0.103180093415161,0.37890386,0.453259281,0.104854984568472,0.281718749,0.43066167,0.293071808559055,0.323522123,0.492685107
"127","NM1702PAR",1,226,16,2,0.106412418800846,0.435195729,0.454508937,0.156592131430557,0.40519958,0.458417092,0.226703856021734,0.403241645,0.459534395,0.195377778025135,0.384781264,0.474264286,0.293763687024815,0.393120838,0.508468775,0.272476195775597,0.447994174,0.521186068,0.0481263656642968,0.328655996,0.295447444,0.040602932289225,0.384994611,0.433354101,0.252598805946729,0.333686137,0.495712253,0.291769626975474,0.474905702,0.528959134,-0.101656701263619,0.546050204,0.524452631,0.376669677822354,0.50622435,0.589261286,0.0587545396106491,0.412423083,0.403785713,0.112237845660707,0.330293093,0.443052157,0.226726919381254,0.319262475,0.4794004,0.0384148111768795,0.278775263,0.331630143,0.0615799679917783,0.417426375,0.441211517,0.116382136866968,0.286133904,0.35859639,0.22271215009529,0.427855011,0.466265018,0.012299041485913,0.276099568,0.202945556,0.10169044041562,0.362394735,0.427423096,0.110901678810792,0.37396095,0.438621338,0.293472821938704,0.373815197,0.493240973,0.439799774278328,0.377948966,0.461820863,0.00918456892038084,0.302682783,0.344453337,0.20195783878685,0.369029681,0.440326456,0.0632240395266945,0.350903815,0.44697788,0.380281662418996,0.371891175,0.548597934,0.0132741435947862,0.470778286,0.436643289,0.125028903965525,0.372812228,0.443965839,0.11358518285319,0.270060851,0.435346228,0.301513215597431,0.29534244,0.489378911
"128","SW_9813",1,227,16,1,0.105527648743765,0.430151687,0.446144896,0.154877124436787,0.416173587,0.465727831,0.229422122034375,0.391364593,0.459609864,0.201601309400258,0.37884419,0.47388773,0.301305645891341,0.39869204,0.509448175,0.230695603287376,0.449140673,0.510329604,0.0442904365282548,0.385430398,0.400412003,0.101012828797168,0.368071861,0.436536772,0.305796837542698,0.361972619,0.52353083,0.300379714768757,0.428149548,0.521474307,-0.100100988613011,0.470432815,0.508482581,0.368034091580627,0.503032376,0.590674875,0.0792381530889736,0.407863507,0.400625432,0.13034838082598,0.328366599,0.454727339,0.27401109526599,0.369899953,0.498486817,0.00872449398278393,0.419648496,0.414593624,0.0880688292235592,0.412972583,0.441847473,0.156794858067839,0.312996502,0.385058605,0.260684941202797,0.432932051,0.480013229,0.029043979256026,0.28587312,0.215420558,0.159153334025769,0.358918993,0.442155058,0.156698965019529,0.375092466,0.458410693,0.239254822558524,0.372461966,0.443903163,0.466141663628356,0.356559072,0.47893998,0.0340355207384636,0.302721381,0.332001779,0.235309585844088,0.383336141,0.444370155,-0.0291594972029601,0.406751004,0.436248723,0.39831078335675,0.348848199,0.548520472,0.0266577683699751,0.450711777,0.42895397,0.161954168173168,0.373474441,0.448786718,0.170764370083706,0.281949549,0.44615133,0.331951703567138,0.318429019,0.51088746
"129","NUMEX_BILL_MELTON_CA_2019",1,228,17,1,0.0941831968679413,0.435501091,0.456533421,0.200170493122861,0.409292099,0.460010058,0.251826168157025,0.354914781,0.457398581,0.235940404503063,0.371008913,0.475711283,0.300177483239765,0.401913184,0.521695738,0.344196306245382,0.409641772,0.547732848,0.0236549262091036,0.383319063,0.40507911,0.0859773973711376,0.375255396,0.421178324,0.299337672717882,0.356029302,0.518748173,0.317802937560483,0.417734555,0.521429684,-0.154922840101005,0.608916043,0.550166488,0.372562827147997,0.525284998,0.588349293,0.0441568855782803,0.433594159,0.410865932,0.138973708768972,0.27548644,0.39105178,0.280115992062218,0.337537258,0.488794277,-0.00859930466345996,0.432156352,0.420283403,0.0618338274803711,0.394583475,0.415896007,0.124967871815276,0.298438912,0.35832682,0.275441399936996,0.407917892,0.479707213,0.0358213207612112,0.276516083,0.188772939,0.143196219993022,0.348513419,0.424816371,0.147938118358952,0.344124876,0.427312699,0.31719761496893,0.41885205,0.468502548,0.478522945831862,0.30557096,0.517565268,0.0380885604223831,0.288149925,0.310934256,0.237951554071062,0.367386012,0.438761268,-0.0165951878088986,0.400424702,0.447615857,0.395236987453037,0.363329075,0.569426482,0.0102959094714893,0.481425854,0.424225337,0.106904727596786,0.393923319,0.435848135,0.13610838391484,0.276728183,0.429062146,0.343603142280941,0.300505351,0.511259006
"130","NUMEX_BILL_MELTON_CA_2019",1,229,17,2,0.123021540826599,0.432467389,0.447711976,0.200598880082821,0.407094799,0.465340425,0.245714058052181,0.374453138,0.46580669,0.232685209718965,0.364995037,0.491220667,0.308172977732963,0.404300962,0.53759357,0.360203945964419,0.4138575,0.574149808,0.0486595087156734,0.339593621,0.314333114,0.065515870914902,0.354389967,0.428030256,0.288937683638602,0.353385626,0.518572195,0.338578504267933,0.464362945,0.549535056,-0.15566445007478,0.625826792,0.569700296,0.361382550876449,0.477815777,0.596830825,0.0453549312465466,0.424982022,0.413377615,0.143789267816301,0.292320016,0.410316558,0.261705733394459,0.324106582,0.493742945,0.0221612740065962,0.306563936,0.374658387,0.0617655236486778,0.416050959,0.428559504,0.114501032779591,0.290242091,0.370680444,0.266696340216624,0.418739166,0.478203955,0.0238083645830558,0.290254814,0.187170927,0.12367758633926,0.345977883,0.435786528,0.13070447219026,0.348983462,0.429847556,0.306617441760032,0.418748873,0.47340086,0.46676471249249,0.280856086,0.495983689,0.0349059669691681,0.2897002,0.323151567,0.22825181536148,0.377211951,0.453789015,0.0389449947667358,0.359735326,0.4351785,0.411828311614281,0.394891837,0.602341988,-0.000298965400713935,0.48748104,0.420920586,0.114032902900778,0.390555939,0.451661939,0.107080951956091,0.274919479,0.47514067,0.344350642169042,0.319486562,0.524287045
"131","NUMEX_BILL_MELTON_CA_2019",2,230,17,3,0.12492632301948,0.437451414,0.451021623,0.186789582809365,0.414096445,0.472790386,0.24577043448451,0.367481456,0.465600349,0.225667677538223,0.364088891,0.493878683,0.312613897502757,0.401531426,0.538359693,0.38547554649604,0.406598136,0.581950682,0.0428180238960593,0.262523191,0.263239122,0.0382929404839378,0.379650756,0.433545695,0.283115539892662,0.361688829,0.53040477,0.335650741609251,0.488353589,0.549148227,-0.152211998773733,0.609748726,0.501091862,0.351897063608262,0.454765162,0.592339261,0.0357353684060839,0.432622611,0.409249762,0.13110155728418,0.289164289,0.398432985,0.230450240882499,0.331540521,0.481895406,0.011372063047486,0.314140208,0.462179424,0.0572143249139754,0.425624176,0.443958842,0.0991696713473214,0.291351742,0.349893839,0.218026534277751,0.389323413,0.449198519,0.0238170510414238,0.282726505,0.180330932,0.0897017518649648,0.348870671,0.412391783,0.0933382177648888,0.362388186,0.416283795,0.254239616400485,0.411635222,0.435282331,0.416798038798309,0.22939849,0.433116034,-0.00166246131345026,0.321170241,0.330302158,0.17764378012958,0.362585614,0.413988028,0.11106771097783,0.29432377,0.446741633,0.372839679016245,0.368367997,0.534334272,-0.00719330806563759,0.485624399,0.410043968,0.0869693136566601,0.39426009,0.45165107,0.0918263958686325,0.267945584,0.437445418,0.315699570203711,0.30662566,0.492864459
"132","NUMEX_BILL_MELTON_CA_2019",2,231,17,4,0.107508172429619,0.430592079,0.444455963,0.181456563074289,0.415271942,0.479365594,0.224545520583459,0.374468109,0.46973003,0.192766796259236,0.36435779,0.492485946,0.293756282951576,0.398704469,0.534970413,0.326292817896918,0.393874675,0.549146735,0.0322778890375191,0.201211201,0.223194264,0.0255798227454272,0.397402331,0.436445919,0.265760812237843,0.363757322,0.509803121,0.331998681716287,0.481701255,0.535356423,-0.142645249222376,0.570719854,0.456871449,0.348816672479647,0.456680347,0.579297766,0.0220427251088855,0.434778681,0.415257807,0.0899840801080187,0.336635383,0.402177346,0.22760704613493,0.348204139,0.49082639,-0.0257187769002275,0.461596589,0.466969186,0.0231439215630109,0.43668649,0.445165029,0.119225975723484,0.276747955,0.379402063,0.241018550586374,0.414484447,0.472978535,0.0137462018071967,0.264062083,0.178972691,0.0731943685321924,0.364229383,0.427124566,0.0745524749448198,0.35776065,0.436395553,0.297926243613317,0.406021348,0.475724442,0.450578429156887,0.267105235,0.492901939,0.00520276790841969,0.328022781,0.305567174,0.199565563716522,0.367549844,0.448554351,0.126083116244,0.302428813,0.462281435,0.396527817028144,0.376687328,0.570314074,-0.0121994582912191,0.486701297,0.418278182,0.116083596104794,0.375624682,0.438400974,0.107185128867552,0.277754125,0.428743941,0.335212573113992,0.287127605,0.53288
"133","NUMEX_BILL_MELTON_CA_2019",3,232,17,5,0.133183532561189,0.415027813,0.433133105,0.203243729701528,0.403352839,0.479919431,0.251194785801367,0.364093593,0.483076876,0.225641896381831,0.358584752,0.509526744,0.320674143287543,0.396275438,0.557977865,0.387681870890383,0.409255795,0.593162301,0.0255245910295676,0.190676932,0.260426266,0.0409083199101867,0.357805034,0.419540561,0.276110859259865,0.348533916,0.538139597,0.356489810156559,0.450010937,0.577965019,-0.14344376174295,0.530937118,0.475609219,0.343828185985302,0.458002736,0.583424533,0.0363819651178009,0.422230193,0.39181501,0.107266462483642,0.300900044,0.404636913,0.249436077298982,0.331271361,0.513580989,-0.00549553383854828,0.474681751,0.449175675,0.0528573264444449,0.427154179,0.43274393,0.136818673655372,0.289081101,0.414600981,0.290909397037267,0.440137786,0.493829201,-0.0520372027415361,0.36797056,0.274654482,0.106975966395945,0.347164621,0.445164634,0.119418850603714,0.348020886,0.432436028,0.326255966710204,0.42448401,0.526100703,0.488640864492679,0.346142434,0.579632931,0.0448967854679894,0.300386432,0.335162781,0.240502976810946,0.379239526,0.478251763,0.144920178429952,0.296627869,0.488360013,0.361529817342888,0.331179819,0.578685617,-0.0138441462885029,0.47661918,0.392028652,0.151733898420457,0.379801057,0.446023205,0.122287910393488,0.28530696,0.439223632,0.313699875329882,0.255079121,0.523340928
"134","NUMEX_BILL_MELTON_CA_2019",3,233,17,6,0.165542018103578,0.418914698,0.437396026,0.23740450184501,0.410411174,0.494675468,0.289073705475875,0.389811902,0.512010455,0.256902214341455,0.393362233,0.539140081,0.361143849307944,0.438526949,0.589760862,0.422576084798496,0.447211039,0.63479605,0.0600245674405266,0.209839269,0.247387161,0.0795532057339602,0.353971343,0.439608907,0.293837727735086,0.399178369,0.583321521,0.404874743122628,0.511877861,0.5977506,-0.13291012372021,0.534986119,0.458972023,0.332580337766877,0.490857273,0.581737346,0.061356703134597,0.41815477,0.415486331,0.139507099161632,0.271136188,0.433726778,0.286611457280099,0.37960496,0.559904908,-0.00515233034671613,0.469250988,0.449965684,0.0810513986797302,0.407870622,0.441045458,0.165791640270108,0.296250099,0.461965663,0.339086368425121,0.454024751,0.530546258,-0.056648535381426,0.407396336,0.330020698,0.139871426874187,0.347337134,0.459774298,0.171837445824907,0.327940528,0.453861696,0.355505174932802,0.413142414,0.543475055,0.505165414241666,0.368736685,0.567960632,0.0654086621640694,0.30527989,0.35009825,0.286363465362496,0.387453868,0.517571082,0.154049272828763,0.285975253,0.479079258,0.373284756810603,0.363654875,0.593374989,-0.00434886775588336,0.465953717,0.397097699,0.199515519876829,0.353934027,0.473213955,0.155519923797448,0.304288742,0.49885875,0.326170594730045,0.294740651,0.567114291
"135","NUMEX_BILL_MELTON_CA_2019",4,234,17,7,0.0563861030806148,0.438828184,0.45909873,0.1378922514448,0.407836639,0.458419778,0.155511199380382,0.37208479,0.445822375,0.136174453312688,0.378546628,0.467000482,0.210253960409218,0.397429103,0.500768575,0.280399541504197,0.413125552,0.526556041,0.0221379654104762,0.21795605,0.260799129,0.00288393890349018,0.407004885,0.429163274,0.220923214010478,0.36124478,0.501774195,0.279200408292604,0.442190724,0.536384142,-0.144276931691157,0.535347875,0.448524468,0.321339351763944,0.541313269,0.590538076,0.0221040358097349,0.423625657,0.401695847,0.103820384113379,0.278647405,0.384623757,0.220175548617006,0.330202163,0.48884066,-0.0055127586387478,0.434353335,0.452933145,0.0503299463168318,0.415706171,0.439541693,0.121346612945772,0.261121367,0.391344166,0.284139695639738,0.419689276,0.487885171,-0.0577257749942949,0.395513659,0.296560974,0.0953298705635529,0.362735748,0.418444068,0.133337088777173,0.332311234,0.401875517,0.289974415364282,0.373263119,0.48418121,0.473384716377676,0.308820165,0.521068748,0.0484434769763154,0.285741924,0.324183905,0.219825669194029,0.366646609,0.46635804,0.11349898018554,0.328560136,0.482164346,0.296611790707776,0.27235199,0.502614792,-0.00248973217643378,0.470593984,0.38041219,0.11992324120311,0.372449866,0.44045741,0.105721475152172,0.271170317,0.436666353,0.301296734862383,0.290808214,0.505971194
"136","NUMEX_BILL_MELTON_CA_2019",4,235,17,8,0.0559949954849652,0.44947324,0.459926155,0.133037164821769,0.410902198,0.455856571,0.17318062110602,0.392837763,0.458599277,0.149725319715984,0.386086143,0.467840482,0.228299837620925,0.420378738,0.511514152,0.300024527550178,0.422492963,0.539268165,0.0282982000986795,0.240507905,0.267017182,0.00943907084793469,0.409838893,0.432901451,0.233165507122642,0.374853752,0.515833423,0.289179526354223,0.444989743,0.536378641,-0.13542615212889,0.553628224,0.444081323,0.311045501343194,0.560237118,0.607159143,0.019662892839231,0.429947748,0.412053244,0.119073795922633,0.300143195,0.392689421,0.215355539765816,0.343827622,0.496566456,-0.00651043732458059,0.247638209,0.443123146,0.0265982607814702,0.424908824,0.445578105,0.10953473482626,0.276396858,0.381115971,0.260651189085995,0.411082081,0.481527855,-0.0408591269630388,0.335789282,0.264040985,0.107644529825807,0.386619296,0.445014549,0.151828126818736,0.350313089,0.417424873,0.275526015909125,0.381208682,0.496385866,0.473922701532839,0.306478885,0.511746953,0.0508033798485514,0.295938756,0.323074895,0.210908717568914,0.383449358,0.462771842,0.143983758547888,0.307470666,0.471891886,0.303007111234782,0.305324737,0.508050418,-6.7422987621225e-05,0.431833305,0.40097116,0.105479993047907,0.377489337,0.428160332,0.0956057675913901,0.27478292,0.42917228,0.298759192258166,0.297659125,0.492972458
"137","SW_9720",4,236,18,8,0.0738427375522895,0.433520467,0.426332959,0.149149728181831,0.408523679,0.460313341,0.156580225646869,0.365549805,0.45654056,0.154878337694863,0.383455693,0.4761955,0.19907309172015,0.423390029,0.512397796,0.343963244903179,0.420425496,0.573671272,0.0448546791592924,0.210642165,0.256358186,0.0165324003288988,0.383642967,0.4411533,0.205354347440256,0.38890787,0.531754938,0.281729155119218,0.432482785,0.544172404,-0.150342799468186,0.612934872,0.4969561,0.305414915214222,0.552872777,0.578248974,0.0322936338320105,0.414682325,0.421279912,0.092949438439575,0.270840967,0.391052496,0.18788457042102,0.352344496,0.50611186,-0.0446517723919389,0.429575856,0.475723676,0.0129709565409204,0.42078665,0.450445201,0.113723105551464,0.276036152,0.381742772,0.243095216334778,0.412679592,0.487373179,-0.0537526587004073,0.37661489,0.281739378,0.112942377358172,0.396612505,0.424167643,0.163577557583267,0.361370541,0.38655355,0.328087992036348,0.441211419,0.495933311,0.520020759428657,0.340748047,0.55604557,0.0540594939626337,0.309252728,0.31754142,0.215823329601688,0.366608917,0.43517537,0.164279996175459,0.321654609,0.507906448,0.304983028524847,0.310066858,0.48845017,-0.0121871223874037,0.380436412,0.38295933,0.142674394019243,0.359900351,0.452059789,0.122403310835286,0.274763702,0.446201593,0.333790496325647,0.312928704,0.499656654
"138","NM1701PAR",4,237,18,7,0.116379390391845,0.420973093,0.437308673,0.196927415380715,0.404660085,0.484598005,0.214490494619232,0.359436519,0.481461794,0.200020282338654,0.379558142,0.508108297,0.25475884954815,0.408493676,0.542978939,0.41047890207554,0.438495642,0.618916764,0.0710987215992877,0.225255901,0.266987059,0.0466692304893872,0.378284598,0.456234474,0.245298990692574,0.40307634,0.556050548,0.320395227665509,0.436222291,0.569689629,-0.160110605050752,0.563805332,0.470391784,0.294077919349582,0.537824897,0.544049248,0.0265657568099255,0.416920169,0.415367918,0.102315720044934,0.288891454,0.409741805,0.224597279869125,0.361947605,0.515589166,-0.0392906729154778,0.472904367,0.462645128,0.027490129524474,0.427995366,0.437187824,0.137348921928179,0.267803112,0.421151376,0.286720307664112,0.425159826,0.504750701,-0.0491396332867077,0.393473848,0.296883674,0.107006109940625,0.336283203,0.404607367,0.155891433343589,0.31035412,0.401632767,0.348346079023155,0.466177839,0.542860175,0.527912751708705,0.359097793,0.571702861,0.0512995882024216,0.299720058,0.326938294,0.234094411319743,0.38150781,0.468980085,0.118641169084653,0.330430078,0.478889293,0.328709314321008,0.311240065,0.520720213,-0.00714582296716524,0.480628022,0.340652306,0.143736550789883,0.395390708,0.465456872,0.118536356926615,0.296858606,0.463372823,0.352784703813312,0.313315735,0.543889427
"139","NUMEX_BILL_MELTON_FG2012",3,238,18,6,0.179791126274087,0.400720396,0.441607806,0.270294920280854,0.419280016,0.522494782,0.296853737341853,0.374871932,0.525240597,0.278158444615052,0.388512141,0.557664194,0.371608241410386,0.436037213,0.601334574,0.370162733529533,0.429301644,0.585326868,0.114704467464321,0.204533624,0.259129393,0.103968892810635,0.398095698,0.500415564,0.31049797296282,0.431249139,0.604502955,0.412908564410607,0.475071508,0.630670155,-0.151654939123329,0.482018712,0.438732232,0.285954442374312,0.553488372,0.54619243,0.0419082698946246,0.421101224,0.41340158,0.135742167200757,0.295012692,0.458129897,0.286786688097273,0.410347517,0.561952196,-0.0398087389846955,0.485441671,0.463046118,0.0465877335557109,0.426542691,0.448711592,0.170580090006337,0.308590419,0.471836847,0.340340447696128,0.430381254,0.5347435,-0.0596157808729571,0.4055474,0.303597737,0.139009350930637,0.325173295,0.427592864,0.18334932615023,0.308293278,0.425849348,0.248935111195529,0.388592795,0.44558239,0.528494778387691,0.349209636,0.582926105,0.0524458222536239,0.309897803,0.319870406,0.259902257299178,0.385915694,0.491495126,0.163765733907748,0.290807538,0.491376864,0.380410726001514,0.360041433,0.590315818,-0.00778718866602073,0.480119644,0.351529205,0.188355391785658,0.380922723,0.472980791,0.152085321244005,0.315615501,0.497370653,0.368910880701822,0.304925478,0.587856411
"140","SW_9812",3,239,18,5,0.189838964939241,0.381630333,0.433774932,0.271274431026159,0.386197616,0.499060801,0.295632409142326,0.350727151,0.498703016,0.267909276082205,0.368421095,0.531996573,0.34509690097654,0.390850259,0.57398314,0.34918711159703,0.416400879,0.586723747,0.0912483455564612,0.157174205,0.230926513,0.107092117517888,0.364621952,0.479643303,0.324421164670642,0.405662281,0.608156628,0.384693243287346,0.444258741,0.620220631,-0.128575086611585,0.459012343,0.396234207,0.283755363011066,0.57619699,0.552120383,0.119441514200348,0.36773509,0.394962538,0.172764624234567,0.268744035,0.485335715,0.302799389636603,0.384490966,0.567066965,-0.00501792248373878,0.461398027,0.435615026,0.115704641739158,0.389570898,0.442602794,0.213787275364571,0.339505618,0.504509379,0.370467333226575,0.438696768,0.545075868,-0.0118197678058938,0.377372943,0.266413292,0.195358190031561,0.345003444,0.483469335,0.224808253040318,0.331070053,0.475161897,0.361020998976067,0.478095925,0.560889939,0.536547956404145,0.382344031,0.616884057,0.0985360106789134,0.296951772,0.36798976,0.319589009259598,0.403615168,0.533685738,0.167167439990613,0.319313289,0.493608642,0.397368412915282,0.38024833,0.603989396,0.0109588052949034,0.452471013,0.352803559,0.244203049282615,0.367521491,0.491452075,0.178597088769734,0.320531043,0.501168783,0.360304647186766,0.293272278,0.567272188
"141","NM1705PAR",2,240,18,4,0.167185611148708,0.406789229,0.427849413,0.235969521585109,0.407501357,0.488044813,0.256382852299606,0.35873795,0.483894331,0.229192617861883,0.378976282,0.515634575,0.328444638497049,0.413134011,0.559135577,0.40271967987833,0.439864454,0.612939156,0.104648827848877,0.186774301,0.230132665,0.0886989066652965,0.347471783,0.461894807,0.300947854117076,0.392183004,0.585851794,0.370133924445982,0.477075413,0.606620315,-0.13152185893821,0.473127923,0.374857289,0.277935396359404,0.597172823,0.530620155,0.118692700448012,0.380733278,0.408722323,0.144405440717104,0.293842843,0.479086745,0.290710622046112,0.385734005,0.557928047,-0.0195957142290876,0.462343369,0.439733277,0.0977660639327198,0.400247801,0.443362511,0.180958816635852,0.291661631,0.478374827,0.328596791870843,0.423787955,0.538657373,0.0465286084052,0.283061826,0.229027934,0.164331000676635,0.344592671,0.470942043,0.187473742540503,0.345017035,0.468341015,0.374303966707831,0.478199547,0.563173468,0.501294003548186,0.343470574,0.572192332,0.0385769422727011,0.346057644,0.324080265,0.280364613819226,0.383599614,0.49999621,0.137271914657942,0.312699087,0.483680018,0.418473410918824,0.418273152,0.605123398,0.00612697128681496,0.479592085,0.351830447,0.218842115461394,0.347614862,0.47595061,0.155879245895212,0.311666029,0.482291776,0.395645694640703,0.341014117,0.594731002
"142","NM1713PAR",2,241,18,3,0.0956409450000719,0.446848066,0.471040009,0.197208133074899,0.420308981,0.483327326,0.233255870862548,0.360276248,0.47181284,0.223028226919659,0.37649872,0.50012148,0.31487157796048,0.402723827,0.536874808,0.42684578519644,0.45826636,0.638920348,0.0924534810988338,0.21963209,0.243089901,0.0741585692620495,0.386747393,0.441402834,0.290942759467422,0.386429533,0.542947985,0.316436553350263,0.43742245,0.551671508,-0.157842309753272,0.555032869,0.453863752,0.267011088701669,0.594824441,0.493593251,0.0440927226164314,0.423832474,0.41652532,0.127374620172475,0.303521753,0.393330108,0.209456182178843,0.367223148,0.470519889,-0.0257652849269761,0.46175057,0.465001173,0.0455990563952734,0.437231538,0.443971802,0.109301376967261,0.293104455,0.354080763,0.204200129636108,0.366092046,0.429588585,0.0497815224406121,0.262715522,0.188897084,0.0764592043333186,0.37577462,0.407383368,0.104070930463018,0.379193618,0.397078433,0.338763438945166,0.460357335,0.55011118,0.406115077733069,0.277072011,0.431140675,-0.0317576984511865,0.381532199,0.29526672,0.187687499577279,0.372078179,0.41873131,0.187713450658445,0.301277633,0.494139982,0.33711977695077,0.327576992,0.506923626,-0.01241009374052,0.502990823,0.351653323,0.0674880784907542,0.431290286,0.46730851,0.0818793780170024,0.298306604,0.409309614,0.339165334460488,0.266353233,0.490818607
"143","SW_8888",1,242,18,2,0.166256686587857,0.423590411,0.443319899,0.248850683605668,0.405380686,0.487889273,0.294533923621307,0.343150399,0.484714061,0.280797447353208,0.365366561,0.524444941,0.356479510109963,0.407261782,0.573128241,0.35042821611621,0.42367475,0.567127045,0.0974400643551785,0.253681965,0.325441469,0.123525738727878,0.367437581,0.464278275,0.343755765663165,0.391584596,0.584191734,0.382127155850686,0.466704781,0.600560826,-0.153964928846469,0.596505611,0.503759938,0.257054146553451,0.581030552,0.481440948,0.0924928112913191,0.395032505,0.420846961,0.192100279881852,0.328087408,0.483945481,0.30471047336112,0.383230868,0.551805655,-0.0122510561818441,0.457531862,0.452525219,0.0793262747613648,0.431694491,0.452682634,0.170899519091666,0.300445339,0.429148996,0.335532906710854,0.421813428,0.529471132,0.0643172915174708,0.296831938,0.218513081,0.182814580539378,0.342131931,0.46420281,0.203794804400411,0.351961066,0.461945134,0.311342628805323,0.439756912,0.521887825,0.502976465772272,0.358434959,0.555323319,0.0526034999552101,0.302545203,0.323629427,0.284489591941027,0.390083843,0.489051077,0.0666249598256407,0.334248838,0.445317477,0.419646237050607,0.412239729,0.615282439,0.00686207614464508,0.483063747,0.367977414,0.174059205693961,0.387252842,0.455770836,0.144557667404006,0.296328819,0.463329213,0.381117512951777,0.327046664,0.553609927
"144","MESQUITE",1,243,18,1,0.108196598091593,0.425383933,0.446201285,0.197166986149462,0.406166069,0.468704688,0.239458198816819,0.346023375,0.456725909,0.224147945345721,0.366765609,0.483809104,0.295427115552111,0.394313583,0.527392985,0.28222310011986,0.429904781,0.545815001,0.0677985123795486,0.372447194,0.402848999,0.114108939008938,0.360374101,0.448603044,0.31801921843867,0.358169192,0.545834448,0.32347142442932,0.430136252,0.555524086,-0.148449425396107,0.619792749,0.503745899,0.24819782090873,0.598540812,0.483492932,0.0913617105773517,0.388606592,0.400431298,0.165068606747449,0.285849539,0.432995082,0.285576483950332,0.353478784,0.507402643,-0.0208065395238339,0.460517107,0.438049845,0.0700791396673999,0.404897032,0.425788457,0.142314326603313,0.280137749,0.387700324,0.295729758658809,0.404270812,0.491478715,0.0802170257862738,0.2645564,0.205711961,0.174969033139291,0.333550834,0.437465677,0.192775224500869,0.339164352,0.420503227,0.279441378815336,0.409491688,0.495107408,0.487055779334082,0.359858383,0.540914621,0.0360107854462797,0.287734923,0.29694801,0.242272585985172,0.371414359,0.449077108,-0.0202857100013118,0.416696498,0.448485002,0.392224322142651,0.375453667,0.567810744,-0.000305345840039743,0.482158883,0.391237092,0.155541684070035,0.366006311,0.45623684,0.152419440388782,0.273987409,0.442691362,0.358469485380922,0.3069221,0.527299123
