"","Germplasm","Rep","Plot","Row","Range","GNDVI_73","NDRE_73","NDVI_73","GNDVI_88","NDRE_88","NDVI_88","GNDVI_95","NDRE_95","NDVI_95","GNDVI_101","NDRE_101","NDVI_101","GNDVI_107","NDRE_107","NDVI_107","GNDVI_117","NDRE_117","NDVI_117","GNDVI_131","NDRE_131","NDVI_131","GNDVI_138","NDRE_138","NDVI_138","GNDVI_145","NDRE_145","NDVI_145","GNDVI_152","NDRE_152","NDVI_152","GNDVI_160","NDRE_160","NDVI_160","GNDVI_165","NDRE_165","NDVI_165","GNDVI_173","NDRE_173","NDVI_173","GNDVI_179","NDRE_179","NDVI_179","GNDVI_187","NDRE_187","NDVI_187","GNDVI_192","NDRE_192","NDVI_192","GNDVI_201","NDRE_201","NDVI_201","GNDVI_206","NDRE_206","NDVI_206","GNDVI_215","NDRE_215","NDVI_215","GNDVI_223","NDRE_223","NDVI_223","GNDVI_228","NDRE_228","NDVI_228","GNDVI_237","NDRE_237","NDVI_237","GNDVI_242","NDRE_242","NDVI_242","GNDVI_257","NDRE_257","NDVI_257","GNDVI_263","NDRE_263","NDVI_263","GNDVI_270","NDRE_270","NDVI_270","GNDVI_278","NDRE_278","NDVI_278","GNDVI_283","NDRE_283","NDVI_283","GNDVI_293","NDRE_293","NDVI_293","GNDVI_299","NDRE_299","NDVI_299","GNDVI_307","NDRE_307","NDVI_307"
"1","SW_1011",1,300,1,1,-0.0458633848356598,0.4888086468661,0.413062021313804,0.135662607163835,0.445526937191989,0.455692481912551,0.174149589119448,0.447717123083462,0.529036703649431,0.312510137631358,0.420866909368566,0.559973115110158,0.386023736385034,0.447994997703475,0.594845245842324,0.432403010533108,0.441367658174381,0.615203004278635,0.0816952119800104,0.431932091113668,0.442585449930119,0.170723149886549,0.376472811346761,0.473638002209431,0.361022579939084,0.440224043317203,0.580072992404899,0.399351233654966,0.416583843413909,0.577209599889338,0.00950784906196098,0.389013243294751,0.286331143497193,0.116193282432877,0.397469755743309,0.418999061232442,0.248838104985857,0.336155685538756,0.404153882941544,0.29013329471343,0.367401198534262,0.467916387174981,0.00812819545907205,0.484845634957072,0.466103130150409,-0.0101415495491799,0.436612807934772,0.447449663371332,-0.02711924125209,0.435001034139591,0.427142871717534,0.0219387711931225,0.452259363702494,0.437873682320326,0.00793532404242612,0.377587887727508,0.30925855282306,-0.0148341242664142,0.458015157384117,0.445958058141986,0.00796375193999584,0.469067231062094,0.424382033161057,0.0625595190494889,0.464725941527506,0.309883991107099,0.0434111763557894,0.334829394368647,0.254438986316021,-0.0378085861329784,0.439013501594409,0.281798968722437,-0.0934930251352023,0.465112026838977,0.468797352060208,0.228858876896493,0.304532354458029,0.468638237485126,0.132088141879687,0.367265552850306,0.425609709923765,-0.0231261578707559,0.458999347488357,0.424651766918977,0.141731369399203,0.373505476716867,0.395680511202232,0.100209537630473,0.325560654349247,0.448325612129044,0.278026324697053,0.285065635677037,0.436955900864212
"2","SW_8421S",1,301,1,2,0.0209913051878165,0.442603726206876,0.411509709248981,0.198043785450725,0.425720624934466,0.466302778651568,0.239122343158587,0.449327998062235,0.532710778097798,0.355835612313498,0.429902443736115,0.565141021926012,0.376824755002121,0.43010232593657,0.590466645146286,0.425901952563092,0.434610425366728,0.615743904399367,0.0726640672514681,0.421080034477159,0.416198268647021,0.162053091114351,0.328012230533239,0.471887900459329,0.363147964282646,0.441099192382691,0.587542192699011,0.404688446076928,0.443726719336648,0.592149540205537,0.0465382963240627,0.28116826706932,0.190431974379228,0.163361018268394,0.38008966624039,0.419260894238992,0.329698724777379,0.407096418000292,0.523173593761829,0.383797324210051,0.431759125288038,0.587149110893061,0.0257081141449398,0.460700235234985,0.453243674248514,0.0800102097036204,0.405765751781817,0.41967991041483,0.0980797201502991,0.378128921499067,0.383554490809142,0.11224865055462,0.427161287840059,0.387196358779004,0.0401344060974175,0.247821963007233,0.345014773935707,0.0154077704481104,0.433977285170966,0.428162432765054,0.0300804770666092,0.46088101777676,0.425817502098115,0.0917673572208925,0.455117206668764,0.258951200587187,0.0910568276660425,0.180195185617786,0.218754239714005,0.0319969399579244,0.349270884824518,0.137082406492009,0.0929849140300346,0.437536973371953,0.465177986519044,0.206264684621317,0.301710283603779,0.461149155351247,0.389028193645931,0.402463856201014,0.582006575815936,0.00906767005549504,0.441322787161832,0.355430513850295,0.276868325577315,0.367288498249074,0.469414419539576,0.223371929667428,0.312345400768509,0.515401445569477,0.380488871602346,0.316704784285749,0.542994051553205
"3","NM1715PAR",2,302,1,3,-0.0330258890394094,0.46890297436776,0.437001149203766,0.130525891343697,0.435645483563404,0.475839489284086,0.190623691400448,0.45819102869192,0.504804230359874,0.290147777777404,0.420832902228671,0.520941580706402,0.329256728207154,0.419146254820287,0.55080518882879,0.390593162217591,0.423855696124604,0.577753152543068,0.0775133171348086,0.440123751348065,0.419800215690438,0.127887748919102,0.374579062394188,0.446970754113611,0.343697609893645,0.409729348539747,0.56679899326411,0.365328855613701,0.400557457550922,0.54084673375523,0.00126030169887226,0.360524338104947,0.187153860260407,0.0866291184053791,0.411748587420515,0.411397169527251,0.30553429524833,0.373363683184343,0.497212596107862,0.358737806871838,0.422980435798543,0.559233215682638,0.0109719737502183,0.477449171807222,0.466474121932014,0.0387370801060882,0.438496889697651,0.439913521815708,0.0921960571878276,0.405574151518608,0.396537348206394,0.107361789559429,0.441521214701291,0.398152460927609,0.0438139180388613,0.246159671535425,0.293932466583213,0.0187701186703711,0.45099925531531,0.45406837320841,0.0355247255193823,0.474105107159143,0.433923278613771,0.0891338840019854,0.460562659846547,0.236816107517176,0.0903686281032787,0.171540005507007,0.205642689448285,0.02506791059481,0.435781834101162,0.148643388979523,0.0458146757489798,0.444301931298835,0.455282035792494,0.22255833857797,0.286138330181652,0.4767321609751,0.352792925690157,0.37310724474493,0.551289877045605,-0.00297677011730999,0.45115888390162,0.345669562782721,0.173029660535505,0.370604926840637,0.413158922418952,0.166272563288429,0.307728323129661,0.44692247034729,0.326195745855744,0.310962021924396,0.49387559015694
"4","NM170506PAR",2,303,1,4,0.00107911200024608,0.452629071286323,0.413119659949892,0.180170621918543,0.418400895781241,0.484844122277507,0.239499634753782,0.448953117468201,0.517017445502355,0.332676812734296,0.420659390192859,0.544788306127049,0.341502849297291,0.423784613347827,0.563311593294034,0.399383214596445,0.425343983747345,0.590951423304365,0.0776732380420412,0.413188336370565,0.400459453364084,0.133892952690176,0.32320879332125,0.470574332674246,0.340454820604541,0.439248719704341,0.585232855649918,0.389109288834594,0.444164849211517,0.590668789040832,0.0217698758646831,0.299509759142535,0.204120924884067,0.152629152754206,0.375264019039119,0.426975877365672,0.320951688194638,0.405482102784829,0.517961409704595,0.383835020786144,0.448102690326908,0.599005471569459,0.0118412284777507,0.45496201684896,0.443400392859057,0.0915921969509206,0.386715711780195,0.415027393105674,0.159505748961993,0.367506870304056,0.403210377382115,0.158470764797345,0.415695920296126,0.3762244351882,0.0415980595354056,0.268908598458839,0.318245021744106,0.0290109326713696,0.449448146350313,0.437815826505646,0.0455342134778478,0.459042114900435,0.41322671091783,0.10489499399165,0.450285676077763,0.256289554184845,0.104276663223401,0.202168991495328,0.231740412013827,0.0112375177479024,0.441672942533415,0.228202048985684,0.126524789210882,0.430056310072168,0.467819297166877,0.232614691027554,0.298136817691613,0.492881632585079,0.404317737780641,0.414016521151189,0.608752486501847,0.0111020152163311,0.43607730726097,0.325260280132118,0.261357526228237,0.373826710253649,0.478240049633731,0.219231966597689,0.284856400202978,0.512407409435567,0.372486347624321,0.318991352760009,0.538825654639965
"5","SW_9813",3,304,1,5,-0.0135927389586138,0.451194946599391,0.414956754145643,0.144258336805476,0.406955143126769,0.461784124986893,0.213072833972816,0.410403489674993,0.490514643943499,0.347061276436708,0.406461196169064,0.556417444058656,0.357002202905683,0.430397557867595,0.57731226677978,0.411521735923533,0.390741008318863,0.597592303889882,0.0595891955778328,0.422462511996655,0.423319357127453,0.135917970802215,0.378074535998411,0.460847433996223,0.326573358012294,0.417824575055322,0.560886243707901,0.390986670428098,0.374325137462392,0.592452363661514,0.00982992106287738,0.289849084691643,0.268798071218218,0.140617385017983,0.360451133923104,0.396991675799111,0.306219729585548,0.379824706618107,0.488144244564618,0.37979666107402,0.415648577779995,0.586943626758026,0.0201485938986795,0.450388845761094,0.391337527395424,0.042113709155636,0.349919684872646,0.369305383669014,0.122964963555968,0.341146534949858,0.362450122480569,0.143716848008882,0.386548311374447,0.357922174641594,0.0116641896653174,0.318647749247174,0.341445669875771,0.0166486352937935,0.443322242174998,0.42740542020788,0.0338560365536557,0.473231248593015,0.419198110141881,0.0826658424861044,0.416672684419036,0.270821088878859,0.103509803349974,0.211433904641986,0.236403415518205,-0.0256529936052241,0.628269556957731,0.363394735056652,0.0636468613067399,0.421568987029985,0.443556524021675,0.139907072792979,0.286509958977574,0.415034365129927,0.386157402475572,0.359781121751026,0.5746665218014,0.0144045380822114,0.43293805003526,0.373194681195809,0.261510522740159,0.341644778695288,0.456483091148441,0.197698609684126,0.277486574596325,0.488519865216614,0.363166178531535,0.280700854339218,0.518867921201928
"6","DONA_ANA",3,305,1,6,-0.0035861281160295,0.445346831525156,0.40837063426814,0.180699293698783,0.410704749921359,0.479180958372654,0.273041338357732,0.43322612772058,0.527529322955323,0.367981484237986,0.410843304884436,0.580247145285078,0.387754432483752,0.465388633768253,0.593459366398356,0.446777944220133,0.428267403492317,0.62326510091216,0.103913839537442,0.404181563047814,0.395124396753817,0.165119066412869,0.401432923093823,0.511915873438365,0.364124017111571,0.435481507285373,0.585279502856891,0.442577854514337,0.443117379437437,0.633219746797043,0.0166381659112125,0.269466251833701,0.212637359684899,0.176347617711805,0.368670323997515,0.416197425869054,0.331821073332856,0.411520415681104,0.532646255601779,0.385978471960357,0.43367537571998,0.597331108487123,0.0235810269379447,0.466203483427333,0.38101282611337,0.0417800462132497,0.346734499799359,0.368037621552686,0.107441175296527,0.340450254175744,0.357441492277342,0.144242653526139,0.396699044069548,0.366569736015142,0.017218543481338,0.307085555075179,0.343717757074488,0.0186231320673703,0.425187996345492,0.419245461955227,0.0332625530933899,0.4714328221561,0.425991454947738,0.0907058092340224,0.40775338156653,0.234530439341512,0.0850711477174462,0.22676747176362,0.209568568543692,-0.0171812947345417,0.628288741967375,0.348742070357555,0.0751985199167524,0.438280320872021,0.463469315936223,0.208666165189117,0.303378844848621,0.496697271391037,0.389913879839724,0.37807768445359,0.571480063040611,0.00626413463173444,0.414130127524761,0.351534901747443,0.275218312179582,0.370878370690636,0.472078576756299,0.213789116603107,0.298067983384364,0.499940815500109,0.385673940216702,0.303909853579384,0.538428854687943
"7","NM1712PAR",4,306,1,7,-0.041553074417928,0.466356558807663,0.430630511510484,0.127596398747609,0.421547740379574,0.473620803187585,0.236136546834055,0.433418912621702,0.505988063814719,0.324599376463519,0.428766058147397,0.547175214913552,0.34935595344436,0.464216981637462,0.57372020335881,0.422169135681885,0.43520742233545,0.604528942798839,0.095044517054124,0.452058011567337,0.42832456830683,0.134953643087951,0.364803357240332,0.469440254734372,0.348324767344696,0.415790230933217,0.561469453428333,0.425589564520894,0.442593111318602,0.616128747795414,-0.0121882222932067,0.28835359561026,0.204989338482505,0.110635133346877,0.396786791397326,0.395728839641338,0.29165330342566,0.362758709487547,0.476579847698929,0.355362783616665,0.40753619077233,0.54011961457123,0.00287609062576943,0.462946886416427,0.399094539333027,-0.0201093829493422,0.409450352473888,0.435862894776231,0.0367350870896813,0.40180802844765,0.402817126093614,0.0769495331977121,0.431024373232572,0.403618653837771,-0.00171098119279504,0.383058529651953,0.364718504013029,0.0120576062627633,0.444729003815203,0.4442464689506,0.00276863684573808,0.472215002279982,0.449521203830369,0.0877776735395453,0.3858317035254,0.190552463099477,0.0715596874799215,0.186772495398751,0.172226569859281,-0.0357809896482925,0.645985915733815,0.453848034940472,-0.0486940122110297,0.452109829811257,0.448573190508553,0.217142558875587,0.318127395362477,0.500845897925957,0.249557306542457,0.347110349470995,0.467387371370343,-0.0103062891803124,0.453048446509349,0.406711464594762,0.149753938820243,0.380081788577943,0.417646271486429,0.133416981454162,0.323218598531675,0.438619560537437,0.287587601074942,0.318665883904362,0.461554558885234
"8","NM1704PAR",4,307,1,8,-0.01588366128756,0.448044857216399,0.398714260025175,0.166085532344872,0.399347048338052,0.460307434203628,0.240696754298447,0.391984260469026,0.498255289353439,0.338426234679317,0.426338369437848,0.554593891387291,0.350902513639091,0.455702727187529,0.579678166185929,0.436690308407161,0.428647646087092,0.616562860438293,0.0911709519601645,0.412106126977699,0.357241534847505,0.151360912302533,0.343961174213275,0.49792635002719,0.354029926680428,0.43022578849796,0.594029758115213,0.437049106543933,0.450722330752719,0.636975134457227,-0.01394898550255,0.302379736950046,0.254129074668143,0.122316872096752,0.375987785564918,0.402472460648695,0.307147057696294,0.400080381120553,0.504024574182393,0.381729341183853,0.425163491086756,0.572376427717445,-0.0453376933632059,0.380368784380504,0.440168022177889,-0.0221290342890416,0.229353862842212,0.36722351402013,0.0288567419886582,0.386421886289164,0.372364636692386,0.0413416252542782,0.274812533215358,0.323344379613631,-0.0522951899846255,0.39460245067427,0.402759057218506,-0.0443606121161233,0.49449715370019,0.475280288030839,-0.0447759396463805,0.492183756771191,0.454326695658808,0.0793721800139432,0.382838874680307,0.313794861508116,0.0365164436944912,0.393209354594105,0.358708606321134,-0.0507722829629586,0.612240993283126,0.499361388153877,0.00328880543339219,0.444288806665156,0.447454360434803,0.178352239824865,0.318345429486299,0.469614713585583,0.309651081916843,0.359591033392485,0.510582897834016,-0.00226302820832993,0.396191896385015,0.407140918803137,0.193070548513032,0.368553283825577,0.429350509879506,0.168844542228606,0.315933060992038,0.469675928461126,0.317285788132336,0.31066010981507,0.478747892191703
"9","NUMEX_BILL_MELTON_CA_2019",4,308,2,8,-0.0298412858882584,0.456144668518727,0.430833588573824,0.162298930775406,0.403157387018979,0.47094876795638,0.251151633752812,0.425425333510952,0.517319098457888,0.339183480208057,0.432927030404527,0.569908843511523,0.380883182255845,0.458324177971453,0.605713297098299,0.432962028233614,0.439624827306488,0.6253905725186,0.0674774148830702,0.400309961317294,0.338125325305319,0.149011146570986,0.380852334900778,0.4955054480314,0.356442670275392,0.411340676764886,0.576841563662426,0.441632875187072,0.468194534886525,0.637578943016321,-0.0378982641387117,0.35393294250193,0.269300390294055,0.0797895040831716,0.400073321608876,0.417956619506348,0.28023412376525,0.381846265571756,0.479798521497868,0.38217519146692,0.421074871952132,0.571303952599472,-0.0577862777359267,0.446190888256348,0.47167320075942,-0.022260572461364,0.304311759233754,0.363657645074017,0.0481208910808307,0.382180151754188,0.39576197538284,0.0489344721007541,0.273771188692279,0.308851289324252,-0.0619710453304875,0.457146355684033,0.443812419525143,-0.0687747972081167,0.493386255060497,0.482774288343328,-0.0324195705791231,0.476182644840614,0.462540514116008,0.0597820622898138,0.48280109656821,0.309834678969627,0.0245012995671481,0.42085722990318,0.393717721797445,-0.0419796870246328,0.580729727788551,0.408501691274801,0.0275900476280374,0.43943152594678,0.442513016251139,0.17825036275868,0.292976974183175,0.462695884611366,0.349572526756459,0.384021854900973,0.547408969464706,-0.00457226039589733,0.412928512651085,0.407544896401701,0.195997657144786,0.367715084748965,0.426963146325025,0.186337036328436,0.304501063454314,0.470577148020644,0.34991881267924,0.299529733828462,0.503022886876875
"10","NUMEX_BILL_MELTON_CA_2019",4,309,2,7,-0.0220158509798219,0.446507419859098,0.428012198690907,0.146295073861266,0.412386869732865,0.470061206105456,0.253293758465464,0.425222710673831,0.50710869532089,0.349692752235423,0.428358746451908,0.558964129685907,0.380839065886758,0.470343701297124,0.601727357609711,0.419513718269198,0.432143681001812,0.61573984646649,0.0797071463090315,0.402663216239396,0.399278636817837,0.133969906999317,0.359152143512005,0.483200966661174,0.350655932844031,0.40521387644296,0.569942782095481,0.438827764520562,0.474416779057302,0.632067814780233,-0.0386674378602676,0.392433558789369,0.291777506894927,0.0857668536327912,0.406277134682521,0.415707973506225,0.277412269942663,0.374228561968878,0.465586579847699,0.365025671356898,0.416674812440115,0.56406287248505,0.0069974449796347,0.480942639990687,0.367432982051552,0.0242066419911941,0.407045777504292,0.431070420817465,0.0945267911958735,0.402701191161863,0.411469025432414,0.116238985295211,0.41421559500732,0.37508350947901,0.00050021276330902,0.400139026643948,0.294918839899893,-0.00863158159434143,0.457299292143297,0.457428899708587,0.00631898822738893,0.449890750873993,0.452977276181791,0.0935085858082923,0.48162952710496,0.273230240117437,0.0748262535586932,0.163049976087996,0.180640153326667,-0.0156876186864621,0.538901214465025,0.453754664495556,-0.00824914583324379,0.436187311895233,0.447094242061395,0.188056054903593,0.309257450272528,0.455551530444414,0.336190477137711,0.348766403943211,0.517279782986683,-0.00708077433687513,0.453331562073791,0.406205253555804,0.178622799078644,0.351461297657515,0.41814638801232,0.168809145344738,0.276150295647649,0.452408515971569,0.344181969564609,0.294694594255613,0.489906211240715
"11","NUMEX_BILL_MELTON_CA_2019",3,310,2,6,-0.015798355752991,0.449661860788192,0.422685650415534,0.117394388868902,0.392590542099193,0.452931697598826,0.237748834950139,0.415736322753423,0.500126484102865,0.315903824559505,0.387904730073848,0.552068213649096,0.371369731280721,0.459773403695692,0.590840598343516,0.401906193035246,0.423792877633708,0.591939701974304,0.0578412950370254,0.365470540495604,0.361204587619617,0.118195882094527,0.38467079139348,0.486385494368688,0.351571713213963,0.37214420994046,0.572947022386655,0.395240381216342,0.433051154040952,0.600308881240073,-0.0402038670839299,0.311654191227967,0.247966584094129,0.0661520774814437,0.408147022646697,0.407400820996162,0.271499245861354,0.358490400908702,0.475109584194552,0.32934405494232,0.39487195123078,0.556958280437799,0.0164404104428412,0.491141736482683,0.300687355023368,0.032755492478355,0.388814412288732,0.415621350948023,0.0987272395548258,0.377489917563138,0.39869702483367,0.136026466920429,0.400194770685342,0.355663328668112,0.00821385670144269,0.331760335397069,0.323432865484187,-0.00475317095859931,0.440582858132834,0.438556861437582,0.0332744641438688,0.45227836270695,0.441259822995346,0.104341017525103,0.494771074670277,0.27495862795246,0.0754454086928604,0.18866552834618,0.202374107391264,-0.00995446634539319,0.553615916955017,0.377415869461972,0.0103516409095154,0.430748679446105,0.437345156291015,0.18219781055746,0.26481391593942,0.448566237566025,0.354512675498588,0.378179504527863,0.55875899852007,-0.00209090277440453,0.442162966319685,0.377129598648256,0.176020930905619,0.350798188392056,0.415837979292297,0.158687593827761,0.275497497453645,0.45734208038084,0.356991678175025,0.296387657742471,0.520276717052583
"12","NUMEX_BILL_MELTON_CA_2019",3,311,2,5,-0.0300273478845242,0.447036160660114,0.417914908955938,0.131527842583442,0.415184984796057,0.470082751389326,0.223172533932787,0.422565138240983,0.501359654113096,0.331698476811391,0.423187415433306,0.559876226843664,0.359247366806422,0.425626433968879,0.588977573681269,0.378174724098432,0.426815214773692,0.580916553650118,0.0548211075317281,0.379426992020887,0.380583609482749,0.131310006018289,0.379776183977865,0.470572331496701,0.351690601742427,0.392217123729214,0.566404801659279,0.390620713140018,0.405737109658678,0.594503925026801,-0.0343320862879349,0.376842392926362,0.31737126172677,0.0740254064653308,0.400405981223368,0.401147421931736,0.277100050079315,0.360285762294371,0.456266145218799,0.349529124731917,0.416229679360108,0.572435665757645,0.00962843686475588,0.454415599054625,0.345931247817193,0.0266396606851179,0.415096397577053,0.404693417029079,0.133425049161919,0.387392215293951,0.39717007468992,0.13560415949329,0.404748694804538,0.351345911809689,0.0121669962505735,0.32528372832536,0.297551115368567,-0.000712053280482362,0.430458916040902,0.422031841011459,0.0465147362957857,0.444000534065766,0.419236858167391,0.0960616882193116,0.471018671748324,0.226685722882503,0.109118227050414,0.198648562643086,0.25842984509022,-0.00933510525274769,0.531658016147636,0.389224336793541,0.0545737492509134,0.432834057885028,0.450044587796608,0.165173279884166,0.270651360140574,0.446911754296112,0.379317768464146,0.388009916610322,0.585873305295395,0.01764189614119,0.437434320707277,0.33423332516596,0.199279723248554,0.360848875367686,0.424837178687729,0.178480666488587,0.279653005297869,0.472790537381666,0.363468080109714,0.298107327508118,0.529668534080299
"13","NUMEX_BILL_MELTON_CA_2019",2,312,2,4,-0.0234193919951792,0.454237306131333,0.422783710298343,0.151566198173093,0.405631624200482,0.449189137045192,0.213904843453748,0.437485653237857,0.489339804314576,0.289892061234562,0.407461007130125,0.530962407690349,0.331629011055524,0.432868319988899,0.565801188572352,0.425899301160784,0.426204629664837,0.609791162317114,0.0527500963542855,0.398147227461807,0.379761741179802,0.0945380919031737,0.363197415718424,0.462587086116498,0.327580088000331,0.389156626506024,0.545182324512407,0.360844160571356,0.43233347459525,0.571137434063416,-0.0328799253444061,0.411060242129189,0.329085952458996,0.0664695379274588,0.400959601374894,0.400919327407307,0.270410012832433,0.353040426046962,0.457988752956073,0.336313183470993,0.410261717794547,0.559703162590674,0.0176378877740009,0.474884134629208,0.439346646373416,0.0492144414732224,0.422202021750797,0.427139211670518,0.1335664032581,0.39243937298679,0.409222113707126,0.129516839363126,0.408011529067285,0.358927606179375,0.0357905839192452,0.32209459274895,0.250796153596184,0.000980317861617202,0.445662775471495,0.449253144177788,0.0385019481421398,0.445862968331878,0.4231228812801,0.0860086324394977,0.436725841231633,0.221391605235445,0.10672105346457,0.196767646644632,0.252250212388387,0.00877838312793103,0.507394752772904,0.37130954946081,0.0646594841358513,0.418840673867338,0.444027322848145,0.183457384959798,0.263220715482342,0.450323763681164,0.36767507953115,0.409373605877579,0.591763915708169,0.0124956349357271,0.444505158179185,0.326671918375448,0.186426183890067,0.36181241851061,0.426854808740072,0.186507905281665,0.265634617280165,0.463254368960394,0.342246046092915,0.304774418228101,0.523367052700779
"14","NUMEX_BILL_MELTON_CA_2019",2,313,2,3,0.000177576157345431,0.445182662167546,0.415579790628713,0.179440822233396,0.391506595365419,0.443955793226381,0.230716382599017,0.428741253861622,0.497512068560844,0.32085025865114,0.397530632492699,0.537169563288972,0.3627792951181,0.432991610522772,0.576688221757104,0.423150807550689,0.423656813152611,0.615621975285841,0.0703197354847173,0.390512641963846,0.384076837854611,0.131398681313704,0.342228686346333,0.47682457598424,0.323208274160284,0.41117070475321,0.572468137755409,0.377421923486774,0.436420271812429,0.574654355569388,-0.0228409670013345,0.416331179455094,0.321739607267811,0.0803105926780038,0.395327716093131,0.393653218538643,0.278720948123641,0.371741897509473,0.471115035132252,0.349473231683705,0.417668504758144,0.57426653522978,0.0259782513234201,0.487096998583739,0.464078257006412,0.0669166451282844,0.443640414767907,0.44140404690051,0.149308870206245,0.38654411533721,0.407171248482429,0.140286350013229,0.41076406639658,0.371987408176989,0.042413290193774,0.31511293089076,0.253599104050517,0.00720592696480576,0.443743269977212,0.44970034485182,0.0450428747779008,0.467129122967016,0.417212912296702,0.0834256736877086,0.423893635315089,0.208359861591696,0.112283090524132,0.21367476776372,0.265638088199064,0.0330787833752201,0.496243639324242,0.327024730307348,0.0867398126975543,0.419939195190271,0.452186060560296,0.20608291430737,0.278641233516129,0.46966284836296,0.381713155440147,0.409547056301254,0.601569017996841,0.018863746711127,0.435916006872487,0.301116070637831,0.213937934036596,0.349525078261308,0.440482669135756,0.190772331967423,0.270472065099285,0.478787762184586,0.35440665576071,0.310432257480106,0.528984977075407
"15","NUMEX_BILL_MELTON_CA_2019",1,314,2,2,0.011365284817347,0.451603710286444,0.411905322740673,0.181943323681587,0.417930439829209,0.463586121129213,0.233232158213816,0.440227719508469,0.502640927111631,0.32586126249924,0.421239556968048,0.553106901123439,0.384097657685919,0.450164838458311,0.596960096752242,0.45237257783687,0.435131659501407,0.628389304439725,0.0629600860640888,0.39763095902453,0.384797048699423,0.153358846406649,0.343047316966002,0.462214910473993,0.365588952649002,0.416799000588596,0.586024456750231,0.402285417953881,0.455658917933717,0.587479887403916,-0.00314050817010875,0.324404394076988,0.241934131833057,0.0881019054079343,0.399416226999501,0.392783333770813,0.302507600920124,0.382883823994935,0.500462543991956,0.366525731282072,0.432214812227784,0.579025465619289,0.0330599747927958,0.486759762806263,0.463470760088033,0.0607286524620434,0.45394493093004,0.446014757645886,0.121286979141189,0.391682178760535,0.396933938420929,0.121895052473763,0.41877663605057,0.361459704263901,0.0393024744731266,0.331121717073244,0.25335232233836,0.0030851481230478,0.446986282668631,0.449034390668887,0.0325847591363745,0.467171740291447,0.430048256656748,0.0785596985281417,0.468131822208849,0.266585259849891,0.100027339092639,0.192752753517247,0.24062458517674,0.0542461156003889,0.441305041047561,0.253630843340797,0.0929566840865292,0.425707202007889,0.455966314638821,0.213844010131832,0.285922768626103,0.456757408137744,0.395558457832709,0.415483719608504,0.605694997918278,0.0157767695592036,0.440290617971558,0.329177282056281,0.211234019319768,0.345528343510196,0.41677807486631,0.187267540496258,0.275908747412575,0.469638873981915,0.367760513859557,0.306919689292728,0.549591694257275
"16","NUMEX_BILL_MELTON_CA_2019",1,315,2,1,-0.044321296776919,0.484004322822458,0.414955343763112,0.124005878088957,0.430253035545769,0.475764873649995,0.18385031471968,0.442330868617746,0.512939315702556,0.29917865974672,0.431219292314627,0.563257187932644,0.38603429140583,0.482956900232212,0.601273520560641,0.447466014564593,0.444166555511093,0.625301060595178,0.0738833129391168,0.422381683762414,0.419964573857416,0.177762828131694,0.366667258155147,0.476596237288279,0.376276209682443,0.422730002762796,0.601502120145587,0.410061973509363,0.41439360929557,0.590919701213819,-0.043238374016995,0.422492745493576,0.343825489117341,0.034865311304521,0.430384006178829,0.401096114433859,0.174144373241108,0.314167723780349,0.353598341116275,0.20725247140251,0.378699333019374,0.445297184224649,0.00773727186797236,0.493834394833568,0.478882684051342,-0.0217578696382704,0.471312531715349,0.467181961222396,-0.0376382090836872,0.4507416589454,0.43877179460782,0.00783476815315693,0.453341012863213,0.446946784011367,0.00637365183919387,0.386179903868162,0.277470244907301,-0.0277327532962754,0.439291406631287,0.453217466594676,0.00677718759370164,0.478317120622568,0.43011673151751,0.0652288358665196,0.423382979790382,0.357896628387075,0.0243613595025025,0.358261097260939,0.28708624505167,-0.0584588491297321,0.543938869665513,0.400676606282652,-0.0856551130332033,0.47017238217495,0.475246221723606,0.225696854752995,0.287273348073568,0.468232129547508,0.101334829549054,0.385564448610267,0.445827627702394,-0.0172365689212408,0.454960800999757,0.419686882232626,0.118246598436018,0.374122276600971,0.391217727052273,0.0875412730677345,0.324226510563265,0.445956498406475,0.26642759536778,0.30480197053946,0.449084061485291
"17","NM1703PAR",1,316,3,1,-0.0650608916023813,0.484617864684926,0.425154711560334,0.136170402904931,0.429383575840484,0.500441238651909,0.199533574350772,0.453805070111654,0.512750191089648,0.295940532912183,0.445776796645543,0.558797045184946,0.397406525899417,0.491926332050265,0.592473019126583,0.434003343344108,0.449477842419019,0.619091727188613,0.0973086316940054,0.421801889581486,0.436465841380086,0.181356660790433,0.366165440535188,0.493526128400078,0.379167100401492,0.434599214404978,0.605941813114872,0.411873700097035,0.429444454614638,0.595520697942628,-0.0420755422232023,0.4129924385734,0.39534076154241,0.0729942895143101,0.415588979009721,0.421800491727258,0.143200062808757,0.330473530342811,0.389596111949053,0.200973220371664,0.385545891148845,0.451427763641504,0.0175088827528326,0.475248819550525,0.443660167818132,-0.015703706837643,0.480121640911066,0.466533781637771,-0.0367757998903384,0.458225676155709,0.442359099640045,0.00694026864600618,0.451959506573063,0.445209020118939,-0.00401577203636896,0.396731931952298,0.332661559603906,-0.0377427033666703,0.448290340558996,0.458075956897721,0.00960082847267832,0.476533722438392,0.419570649271382,0.0445809707931647,0.483341022683583,0.337225983317453,0.0164278169828668,0.380872942703929,0.307423631606032,-0.0800703322365209,0.538453273466249,0.49082324106113,-0.0885501235151445,0.477371333642571,0.481594409265632,0.226690244191163,0.294387983833726,0.471036549397136,0.120039281235734,0.393342617879996,0.463860395976038,-0.0105692481001226,0.447733817403882,0.408576971344815,0.117764977109866,0.393304052037581,0.446121009564077,0.117938481210783,0.32627564151708,0.43796623844101,0.280409387848199,0.31254624136555,0.481864713756989
"18","AFX_779",1,317,3,2,-0.0110766886582872,0.454669600262331,0.407591383973118,0.202621562623118,0.436778218371934,0.502486634842859,0.252205596077654,0.440185928787562,0.512955703148293,0.332635013652601,0.425796019720933,0.561176197889472,0.39948585152545,0.45517946955734,0.59781203683456,0.434133493470714,0.437883147225708,0.620412943457926,0.104966369997962,0.413524325018396,0.43157173876183,0.177449825042017,0.376905754760426,0.508415106615799,0.390908804613227,0.417002806840523,0.610788117574986,0.418374035941185,0.461615658609123,0.60575543797766,0.0314811845878653,0.268409880986825,0.256902649151353,0.172563409651493,0.393964433108383,0.434630780948332,0.300141874923271,0.403096420556966,0.49801364823603,0.382868903380892,0.440005147469526,0.586561636384213,0.0413399986959329,0.43759528125641,0.391737579019922,0.105698113815553,0.455066495639455,0.452970948561062,0.18456025480268,0.391860462967583,0.419494568159938,0.150023240979244,0.391828691106384,0.3626281949094,0.0445117667354125,0.275231499142386,0.267780575265125,-0.00623309132183224,0.438472363188836,0.44856066957916,0.0403573206790111,0.446783219220339,0.397538211134,0.0813920811429428,0.457780685750236,0.229598238439761,0.099995842809754,0.211014796347919,0.266320988193107,0.0442179670435565,0.436199602012751,0.280101567021982,0.0819829884867581,0.433792985210651,0.464583525080534,0.211473251348235,0.296434112400535,0.468739793220325,0.407986506094074,0.440835800688174,0.615231776763986,0.047211656554212,0.336967726580936,0.318117956189508,0.233013972435355,0.382199500676119,0.477040832611283,0.196105078344506,0.319425856360045,0.486539732258571,0.39369143081268,0.343736499574954,0.571502780216564
"19","NM1703PAR",2,318,3,3,0.0121099086650088,0.441422582339895,0.418246647697022,0.215738239719186,0.406535220719304,0.467084240327147,0.259257591917753,0.439910426476804,0.514334731315523,0.317919170261737,0.417464508530685,0.55522154316272,0.38952796370524,0.458136240566903,0.59868847794414,0.417508937449573,0.442764114192686,0.611066819890349,0.0879192252903059,0.405564143212486,0.395422916039054,0.14675946375544,0.3553372118078,0.495601776155409,0.347298423156591,0.430124085574602,0.591423320400245,0.402321492929707,0.49250364352383,0.60646669491905,-0.00644472707318832,0.468506844716327,0.379954670517541,0.146281095538201,0.392816763036518,0.435901365392109,0.263920231774976,0.382301068575578,0.473188033972348,0.364563573079338,0.432939482886052,0.583935614333984,0.034626353087391,0.445923588677702,0.406539472134344,0.112714510142057,0.440048155724452,0.451670759718457,0.223060859802794,0.405818264110904,0.438718928278941,0.192276261555033,0.402743855216747,0.412716299802169,0.0510857815990191,0.287451715085804,0.27399363453889,0.0176286820101666,0.449363081354342,0.455130615070187,0.0700445644697693,0.441220269632568,0.388095325558767,0.104720262077716,0.464765360137988,0.229752275025278,0.12204173691868,0.25155733075123,0.304431387220058,0.0312468780615638,0.476240755817898,0.405572460818237,0.100660842160195,0.444914474133684,0.468040078675886,0.152540401257646,0.262114256051398,0.42924558511732,0.381446854658797,0.446891405374172,0.621470020297599,0.0580737495560886,0.287263727993101,0.282243340297556,0.236381018255902,0.37259899870537,0.480591684007545,0.198240959352237,0.301932142190587,0.516425610862571,0.384282646589334,0.34365380750394,0.571729411059515
"20","SW_9720",2,319,3,4,-0.00968300214176063,0.440132729466013,0.416928984917593,0.162591428214572,0.41390944741533,0.441016504141764,0.217991515042251,0.409681650078343,0.468124250670828,0.277678056657666,0.392853848701914,0.515369222094695,0.341083706553965,0.431245856459064,0.558130538460737,0.384265076441593,0.416399551273501,0.570251861428332,0.0689927744565531,0.399359135812834,0.380451913785412,0.109696551586604,0.345052410104313,0.461583414662999,0.320851389566178,0.38113610974306,0.547965741330226,0.371431655460738,0.444513089186292,0.574652626482692,-0.0184957386673906,0.489404190898868,0.378089931879976,0.117706217046335,0.382146766565705,0.422978904298847,0.234901972558321,0.330562851782364,0.433849464738991,0.334812555155932,0.386924224029448,0.551430720247764,0.0368945624577699,0.435221588753755,0.344760807686208,0.0757345587937577,0.41624480263701,0.413754334807098,0.149645110200005,0.399501943533196,0.402351531407701,0.13055382382224,0.375700780288465,0.352516019888869,0.0382207009668278,0.277476270808078,0.247662025851797,-0.00598310065124939,0.447454347246942,0.451100356788544,0.0419872945168297,0.44422043623651,0.376772495820033,0.0836313250739152,0.459219196630059,0.21722197148254,0.107762743466056,0.220961826258835,0.280575270078355,0.000659055399865407,0.487558857453016,0.434033007666735,0.0457157494160137,0.426582237516316,0.447949500724552,0.0804760634039601,0.288383279410724,0.384049234049109,0.36324944900135,0.387682020814467,0.577966867065512,0.0433435218576189,0.304830826574271,0.311232905478122,0.188293377022102,0.34537564896924,0.44655296032734,0.171164339375273,0.264923380809197,0.462568460708272,0.356573448363625,0.284351700879357,0.523240415569213
"21","SW_1011",3,320,3,5,-0.0275120925645501,0.43888902160747,0.415670879154423,0.147190572993337,0.400669896193772,0.467660354409143,0.23637744752025,0.414013206162876,0.493431284635808,0.30718853236958,0.405988607024822,0.553087711953109,0.366142043275037,0.41995737158123,0.595352501192173,0.422687800957124,0.433237055505963,0.609181963383644,0.0848451495500128,0.362450543181809,0.377226254273211,0.14488180409887,0.389789249032946,0.488146711676123,0.345477771640965,0.393524646942706,0.564277248575558,0.393637129043965,0.429803259053143,0.597677011497259,-0.00553779052878137,0.36591851705806,0.330218530024565,0.153677337595154,0.37903992789042,0.430876882829778,0.254779839199105,0.36829748803605,0.442873396272089,0.345317661237282,0.41054399707296,0.554714401074726,0.0289115494046466,0.435448785112009,0.320043757772641,0.0694650967765421,0.406049278883593,0.417030294035192,0.145694930767387,0.398098481623386,0.408015648433348,0.116807769572849,0.402431511806666,0.358029027890008,0.0219989770873622,0.326858798474475,0.287458496873313,-0.00996430845909276,0.45013009694464,0.449713269726792,0.0454069487144912,0.454366559853513,0.403350881208515,0.082658793091189,0.458834896277352,0.220932584457483,0.10923746241531,0.214809622263076,0.271207219788592,-0.014921931887292,0.515273143571154,0.452251194595485,0.0587680341047269,0.43123770689277,0.443464651585923,0.156352833982184,0.290598212810997,0.463871950705673,0.369908587294142,0.401190858343169,0.587861442956832,0.0498616899087755,0.301742109483199,0.324224165413019,0.2142263000638,0.360648532263332,0.460412750644923,0.179731592753004,0.278142968228066,0.479127193606916,0.365767202632143,0.288101071392864,0.542030470416586
"22","NM1715PAR",3,321,3,6,-0.0730291004553645,0.469328572346303,0.42803825206821,0.0705454371445591,0.417500681556045,0.455066708608577,0.193007754051642,0.424295855700647,0.476945003877937,0.257976296806047,0.41000466853408,0.53162448887601,0.347418921125648,0.447422066720121,0.567877882255752,0.385493167564126,0.429745617704095,0.58824053301562,0.100138785288923,0.402093632348414,0.415358187603813,0.125274221295376,0.412032334301242,0.490421296723818,0.339588863451627,0.37746659619535,0.551753374414908,0.355821737459392,0.424648303765951,0.568318981913753,-0.0500922322387088,0.316839598977536,0.287011363364894,0.0831400431883829,0.417286607506598,0.430679100908656,0.215119352147717,0.351855203619909,0.415732443071037,0.297305082941199,0.398676443208078,0.517166080731306,0.0293952822777695,0.45117868726413,0.284894791368134,0.0394845579687393,0.413312779962106,0.414148969958492,0.0706912862507152,0.410044045999271,0.417486883121822,0.0976790700421626,0.422620205918084,0.34666652007967,0.0127823734032765,0.35604142824445,0.295460440985733,-0.0131779058257455,0.45405118088928,0.450677626960643,0.0256600299979433,0.457795711838081,0.434933175845157,0.071195794641756,0.408096801929328,0.197820698332809,0.0724398212475121,0.170481676858817,0.199233542995238,-0.00334117166635636,0.528631337904694,0.354765664938675,0.0091132656091873,0.448826326665042,0.449645109769633,0.126202836865586,0.261911150529441,0.40687461223606,0.322459280913645,0.359904771900876,0.533548621739247,0.0309773680154201,0.384029711674162,0.343389213973761,0.118976403397953,0.3869355261857,0.451540749702033,0.137693095078707,0.300346662083927,0.433997461014375,0.327778004717493,0.314541961063032,0.491440382122998
"23","AMERISTAND_803T",4,322,3,7,-0.02921966482283,0.445067187097821,0.411990895980762,0.171550575534658,0.414836866939289,0.482192387543253,0.279129879323476,0.430289550307344,0.505343628878274,0.33704111762982,0.420707335020712,0.563822070400467,0.410500868399895,0.467941655096221,0.608465789683993,0.444925688718696,0.437489722887647,0.617329936499487,0.105791564927785,0.402845285540965,0.416054528603482,0.175703073443327,0.387568654912946,0.495286668589004,0.369280627631829,0.382533724128818,0.581959142652364,0.427510499308855,0.474338911456341,0.624318066710079,-0.0178978662180388,0.358427962180433,0.29464021499532,0.145956819309679,0.401112948526131,0.434521528379312,0.272161515647511,0.378096116658208,0.454220233305201,0.373885254706829,0.415908649522805,0.559635621605353,0.0225731122521993,0.433171302672718,0.303604834393906,0.07366800713197,0.405086202315708,0.418168542064055,0.127994975858077,0.39513294524426,0.412620407475204,0.143517819284556,0.40232593297477,0.35758191266668,0.0142030944626163,0.34955480390744,0.298278650461962,0.00126913916753578,0.447693447675936,0.454636696322455,0.0299249304576694,0.444285825969913,0.434041747553611,0.0870867560059356,0.445242107628356,0.219818824058103,0.0945618259477002,0.194541456687426,0.24848558203678,0.00943825585509712,0.49253070086166,0.439550342628401,0.0624451732416122,0.446558991383491,0.455346374440708,0.177643561375048,0.289682202604267,0.460757178924518,0.385279258796351,0.397153492337279,0.587717011307388,0.0287755814957157,0.380280799559489,0.37296494089193,0.228827912987885,0.360825106633752,0.468499233575989,0.198576021862443,0.304887358033886,0.49620383249185,0.399767766968535,0.311225234564245,0.56404934928476
"24","NUMEX_BILL_MELTON_CA_2019",4,323,3,8,-0.0502108855860211,0.459718946021135,0.435516605491324,0.132066565902131,0.411506860672387,0.464432118724868,0.238922967374615,0.409923187174817,0.490492999261307,0.296778123827844,0.414267201133327,0.54978412054477,0.37651369659811,0.448460951544797,0.600914370723414,0.427518619227184,0.438489845410261,0.616024098930673,0.0907223498475816,0.385229504445553,0.336687787364127,0.156133977834869,0.377838656830253,0.494439998221511,0.360337321916189,0.380308672376445,0.582586777819153,0.424627108368149,0.48626085001902,0.618598056506553,-0.0528694535011478,0.434524880752355,0.350616654766234,0.0617627135252168,0.416167514616323,0.424508127434216,0.222814849173897,0.330892285619689,0.429553581282419,0.361085820399975,0.407567433721203,0.54843346065219,-0.0460710690092726,0.457580830843316,0.460121479559687,-0.00869306133996278,0.340968317053015,0.360866952144843,0.0563983519087029,0.370787043908303,0.394559423619929,0.0635124844702854,0.306861585748722,0.325833734468197,-0.0413028861978222,0.45339395497835,0.419721249695055,-0.0530596934962955,0.480612606761487,0.472048261483146,-0.00248743279041753,0.453199384404925,0.453202424380605,0.0745835517213445,0.434164451799475,0.322789896862411,0.0257988288488622,0.412522252710785,0.387871613451093,-0.029822836508022,0.540643870004749,0.336565574326616,0.0274842978245954,0.436704026925276,0.44140642136187,0.175532508275297,0.304392506631024,0.469016609829321,0.332332599107236,0.373586244323863,0.547023104855868,0.0230768367356865,0.372567918733759,0.365016842971013,0.162185434425817,0.374854130320886,0.439543430823713,0.175173947162478,0.285828152399171,0.471836057102965,0.34705614886853,0.289198440570258,0.513041062196023
"25","AFX_779",4,324,4,8,-0.0466649861984391,0.460202573930919,0.432713584159547,0.18077488397014,0.413310349166405,0.477604110307224,0.279689194929181,0.419709864556941,0.510359104168521,0.334163136427277,0.41960179526356,0.568232906799083,0.408164568928015,0.454222048921687,0.622943117319486,0.454565325384998,0.436522643245332,0.621688675470188,0.099912596027239,0.4014637976759,0.376784682473443,0.185290579200098,0.378740727060055,0.49546604966773,0.368381711492009,0.400321124978478,0.58549572167033,0.448934372799032,0.4864912262568,0.628575218525295,-0.0420052504649367,0.465582297594291,0.41917241181665,0.147461199380176,0.402729173775713,0.435532106640068,0.233303772994775,0.365333296545635,0.453771842695803,0.397275799315496,0.419449460206971,0.575820327203496,-0.0227898213527131,0.460007465430805,0.438827816490841,0.0292320735407433,0.36787222286898,0.376666648187878,0.0980046760342353,0.368456980256745,0.405488266921167,0.101614295112135,0.322235598285665,0.35506284001312,-0.0123929939198285,0.440989500474254,0.430677604182856,-0.0295442372476227,0.460793793219547,0.453738107729547,0.0138889993651179,0.455300793469139,0.435863660639353,0.0360860150388722,0.391609080119686,0.2924391956271,0.0286237161192354,0.419883513082503,0.396077340330549,-0.0234949141015698,0.473904288713977,0.320885880747472,0.0726296089266168,0.443267961870242,0.460773346565841,0.126145381242149,0.278978450586011,0.436900969774191,0.360395347302569,0.397298262769132,0.577185037393347,0.0442931710659342,0.344003420572146,0.361865776322316,0.188257231619955,0.391571377100163,0.462544247228227,0.194449974737164,0.324744543134699,0.492938292427379,0.367006783644032,0.308465115951074,0.526167003395496
"26","NM1702PAR",4,325,4,7,-0.0296897235164294,0.448242310770739,0.426650940901446,0.149122396394802,0.410488745180948,0.47430866807611,0.248559120593304,0.411466982997232,0.496233949873155,0.31003928869212,0.404931195695851,0.538025997816806,0.373623876912929,0.4511284315461,0.586632372899594,0.434180161405126,0.430348549676281,0.610908465950483,0.0552336400289465,0.412172935430277,0.391865722292315,0.115769279414466,0.358897063098744,0.449621216007771,0.32082092910651,0.343709834352365,0.552132958554057,0.379418193304079,0.496206729605422,0.588625376076356,-0.0500771126242958,0.498620834726702,0.404720732965844,0.106489837166932,0.395694695430299,0.423972076715806,0.195488152526645,0.306674024206305,0.419182393407644,0.328507122201859,0.376114646193611,0.528064843513276,0.0498765886769011,0.393235521350113,0.269019311049712,0.0539463353223698,0.431350660504493,0.420106456091731,0.0950432351890143,0.402372492443361,0.41071665409932,0.122798947265227,0.402058264666487,0.35291497404494,0.0272270988218533,0.315661125381122,0.286103269669303,-0.00235589550950396,0.444319903505288,0.450046498552743,0.0307225309096611,0.446915388723583,0.427860875867857,0.0850148158784106,0.466632442067736,0.237678599140191,0.0913978449696227,0.192632385548454,0.241836224511978,0.00233171787195918,0.491992262591311,0.468840624485088,0.046979041644735,0.43719949829909,0.453935193957933,0.147777459061816,0.288122285652422,0.435168201066793,0.340984789439911,0.394483702439854,0.573608212528548,0.0496351035899277,0.249053770296581,0.357191020807481,0.180207681580164,0.357218463999798,0.457514502749381,0.168547630807352,0.298178124349721,0.495057881652009,0.359031427652043,0.298142864110818,0.539281533508926
"27","NUMEX_BILL_MELTON_CA_2019",3,326,4,6,-0.0219165358161753,0.446625983997678,0.424477553306418,0.151533397043471,0.401252888749083,0.461694872601447,0.252233610612934,0.41835485644935,0.505239187873731,0.326496983730532,0.401716082744971,0.559287717027931,0.401970600143877,0.443441016039575,0.61054454869522,0.386162262462731,0.408226421790436,0.588139641980472,0.0657940691788373,0.383167318318281,0.369191077577771,0.124360112472825,0.367596740053487,0.462656712760519,0.335975024124425,0.392418927955091,0.585803633276876,0.380373353748639,0.453956022753505,0.594130395085464,-0.0797276047281118,0.388524745789427,0.369581244391426,0.0763386670547786,0.409312719286733,0.423448740495752,0.185516233103661,0.333460986646066,0.420251076040172,0.312288647640897,0.374340907788994,0.531775571410357,0.046319899656881,0.382978526068201,0.29976544044608,0.047340008059671,0.431852797880895,0.413451234521527,0.115546199889935,0.38297592912573,0.406491799690407,0.139765776509064,0.380577838249438,0.360158079598142,0.0103129795976829,0.358633168404029,0.330287933975531,-0.0067949533768793,0.447464643938762,0.441625112160393,0.0338618985500256,0.445192263675898,0.426787403677424,0.0776303138026049,0.469815789913578,0.2202082810959,0.0812354290605906,0.223473449840904,0.217063968712867,-0.00755648125893231,0.515865978744439,0.419083491239633,0.0362189791469402,0.432117596717763,0.450747384961687,0.167327593902697,0.30802431682661,0.472059244877253,0.341179779379661,0.386122072034254,0.580360714515006,0.0441128219307151,0.285854197458981,0.330717841846283,0.146815570607321,0.354903220523674,0.459135314903347,0.152002396821973,0.282064536855517,0.470847616648596,0.345679395057332,0.292536703323539,0.534220601285955
"28","AFX_149092",3,327,4,5,-0.0247811898481004,0.437253295930677,0.406796897863623,0.209040880017576,0.41003418265702,0.492418160847227,0.291395306724083,0.429816722369399,0.530488603998887,0.37143553378318,0.429829035062301,0.59342589909527,0.413367149401023,0.431391119025057,0.623595534868222,0.417332238943022,0.427710559336857,0.595302736479207,0.0830000713081513,0.379028777156064,0.383427742686362,0.17698005086766,0.37688006726069,0.477656353642513,0.363389718177011,0.425358262561712,0.591792293801327,0.42995801469593,0.457664695507833,0.620761489781098,-0.0122419034240362,0.392715109150207,0.354074209915031,0.192844808038454,0.377377014025278,0.437535337791365,0.241300530754824,0.397135175757844,0.451198646894486,0.363641574158647,0.425263276548014,0.573574038040435,0.0385225072772461,0.385158945304632,0.311278159364773,0.0904599566654912,0.408698858429985,0.410353715122243,0.147169970484327,0.398619354084759,0.406590298008423,0.117505788718017,0.402431109144855,0.363305759369166,0.0426795721700669,0.261357092195575,0.268852097691649,-0.00706892174489309,0.442304979545775,0.436835975815791,0.0356581709370488,0.450338994818906,0.4113113366698,0.0771185758478328,0.488406131421025,0.260375440883941,0.101107879897257,0.175579247330533,0.254667620228395,-0.0232024819506463,0.499203643395074,0.472214193635932,0.0835853381012915,0.433932571745001,0.458557440948138,0.0831285512076229,0.254829175671118,0.41110747463139,0.358396642155427,0.408138487562335,0.590972044239082,0.0731776513037957,0.175046854082999,0.338674611299227,0.234132623533041,0.36541716268904,0.479312875166128,0.196807474721457,0.322639628695138,0.509376620473439,0.366802569119848,0.298765451454214,0.551246219880987
"29","AFX_149092",2,328,4,4,0.00384821306719761,0.434043637235509,0.414860671835719,0.212247334364434,0.415970163075965,0.467965717845747,0.259877384622174,0.413239845780829,0.503731240931763,0.319060557558652,0.403838309830564,0.547064374115871,0.384639085832403,0.425408785810199,0.586107210385386,0.461719129404585,0.446956749517303,0.635342957695899,0.0573611239651172,0.392085088590049,0.383466263677833,0.15054500373508,0.35363905366068,0.467826076509035,0.339521189428378,0.40788798263843,0.576912635587214,0.410611582690584,0.455730410245279,0.600721986211459,0.0015888745317133,0.426527815839956,0.393823359251438,0.188116857198342,0.386290609059331,0.451099561645274,0.240936800334492,0.371447411985432,0.464331199646838,0.362682483937581,0.41332216833687,0.578698677838937,0.0586741482250698,0.389386110624184,0.287439980485832,0.134656635658733,0.442740920309812,0.43927706957935,0.205098871286312,0.406257889372106,0.428527969534155,0.172245708365398,0.40359761136489,0.394974997755387,0.052645195621512,0.247628116914249,0.230171984247415,-0.00962387451817788,0.441990010687256,0.445229469038058,0.0310051548472393,0.455343327992676,0.408300335698482,0.0730692460084159,0.420421242665864,0.200055998528994,0.0995550753559768,0.195964781164251,0.244916562563076,-0.00549836159450261,0.479220587179065,0.482237516424368,0.0828752038824648,0.426982089369766,0.454131562766313,0.160719040076534,0.267813912568638,0.461254874994523,0.365690374124785,0.409174943991752,0.59895633008849,0.0785959839319449,0.188562061872532,0.325286099569939,0.251322817630343,0.364034746716224,0.483263011845615,0.211356502548146,0.324079340528974,0.524873558885433,0.384316611556073,0.316638811611679,0.567420339831671
"30","NUMEX_BILL_MELTON_FG2011",2,329,4,3,-0.0114030698353287,0.454691749287993,0.430244758988415,0.165117127748122,0.415846157072455,0.454139792387543,0.209607059570918,0.430121182518084,0.498504568105313,0.275544385283881,0.39555260399247,0.531552610408912,0.337090640902272,0.427931891467863,0.564291788586562,0.436529902935745,0.428404290826436,0.632510572856594,0.0431989727789275,0.415269550589401,0.399244500518407,0.108418707759644,0.346424210709925,0.447984492942476,0.319814803635198,0.383189788065522,0.55846436593833,0.370396007477703,0.484989798388491,0.580418957706539,-0.0529463386222628,0.494036561993218,0.452382930065479,0.0663791369551336,0.399159513872483,0.391200881959209,0.193332198138267,0.321160100062539,0.429892579921274,0.33119039645924,0.407215949124018,0.558587512457971,0.0532577948350259,0.417423650263046,0.286026894029688,0.051897328284195,0.451349659208312,0.451563406967702,0.170536457733117,0.401780018568139,0.42397423091085,0.153976392671235,0.399086780495106,0.372200196406993,0.0545843826562973,0.226768711375601,0.225227931639582,-0.00480009197008986,0.449320353527643,0.455844507291649,0.0387552719107301,0.447224956130312,0.403887235828183,0.070821287628793,0.388382258571878,0.198630848275139,0.0908762979923208,0.175265568163703,0.238855375853224,0.00865105763543951,0.488226197341682,0.463103305047509,0.0187344265795559,0.42519314582713,0.43855282748166,0.170831306903579,0.287127611290853,0.459130992384212,0.312375652530523,0.378786037009102,0.558275544750453,0.0686643009590871,0.177645987404681,0.305325917709763,0.13245592520201,0.393091746817583,0.453144309442376,0.142262603060011,0.279852767768809,0.464790943374185,0.310581470748783,0.305853958498822,0.515250602728654
"31","NM1704PAR",1,330,4,2,-0.0109656296386758,0.453532976175763,0.420678420267349,0.184438610689181,0.420797986788298,0.487884072559505,0.22226102514626,0.435963352494432,0.51541606211757,0.303304314545432,0.419713362617774,0.550065571683219,0.382590387495164,0.444970961914573,0.589186749183482,0.428307185581908,0.429831637028869,0.60697956407299,0.0488273268149331,0.398539134490067,0.385731952581415,0.132458736218432,0.331208209779638,0.461754616376465,0.342690591517043,0.405089350422628,0.581353129366919,0.390106094932862,0.492083475456603,0.591058292935871,-0.000274974581066644,0.326034350892088,0.313297402636948,0.114928594282757,0.375748272011423,0.414225427867319,0.234713517399649,0.347298679321635,0.45822444174668,0.359157517756791,0.410910616249138,0.573166211164515,0.0642389970108589,0.379936207963153,0.295263084184528,0.0844026818733296,0.449860833970071,0.45222949660193,0.149845345092269,0.403114661502461,0.416260384291837,0.139313251344718,0.409809579193297,0.351446821574285,0.0528323892602159,0.22297255165697,0.241501337048246,-0.00227234049732267,0.438002363636511,0.443420309663848,0.0433875218821464,0.447414549477378,0.393498321507591,0.0825467482587989,0.440595590324791,0.212128278421343,0.107537071311191,0.232872107675159,0.24892397554243,0.0475800263812638,0.434453609875323,0.288243704344483,0.0987348708701418,0.416593312549667,0.443481012430646,0.213433494139796,0.279660528471316,0.45800139550405,0.39598822212567,0.45056933696155,0.617617921150494,0.077816819377378,0.219863051594087,0.284409538438029,0.213624147423803,0.363161914299931,0.466558644016553,0.171147763149968,0.313061977723504,0.492599691151828,0.348298572520045,0.320344431261065,0.56007488867123
"32","TMA_990",1,331,4,1,-0.0476447154600955,0.471442927107905,0.409732344655179,0.195321088885394,0.404431582258572,0.494238775296215,0.228801221713098,0.441645891614491,0.538920870839439,0.333991255958204,0.438087515449588,0.579660201299811,0.409325519297099,0.460052794351942,0.613565302205145,0.474984836972825,0.448204238960542,0.640472941313277,0.0766386382816179,0.408154103720239,0.408058130480805,0.193473465386592,0.382847668982123,0.515866346538615,0.39210644711876,0.451231646426183,0.623058735440265,0.429823494987879,0.452166372721928,0.625325587024933,0.0179105062503483,0.302276674469531,0.269744842738122,0.153826421325951,0.369625254831964,0.424444619436351,0.220809716276354,0.33653311027773,0.442483967878516,0.347000419193034,0.381066263089912,0.532598247102064,0.0349641695560698,0.431993218270232,0.322435820740481,0.0129466403613004,0.440927256858942,0.436885486894252,-0.0111835010974813,0.425052478634351,0.420924646157104,0.034381275150696,0.439767536549647,0.415557540361587,-0.00411452495112648,0.342465010215067,0.315936918073181,-0.0355673265643281,0.427241492809809,0.437433096119453,0.0147367189400401,0.471199420528093,0.399499717582506,0.0833959758051415,0.446784347157448,0.284593885294953,0.0363278970520001,0.434474569999807,0.278852191489185,-0.0578242647158484,0.568277868240722,0.378938869665513,-0.0268615659518004,0.451585563622111,0.466842680589566,0.20252327494144,0.287036838094762,0.466764601784651,0.317491138630081,0.379786322595763,0.523801898866522,0.00378789178995611,0.450586485375051,0.375521957109484,0.239401008982933,0.344571153228397,0.478305556080447,0.202631450610266,0.316384388294838,0.495555425708432,0.326186744975129,0.288958916900093,0.51971706593085
"33","NUMEX_BILL_MELTON_CA_2019",1,332,5,1,-0.0377659044541567,0.475111172973012,0.425092792850668,0.198755732126448,0.413251294956485,0.492958204886233,0.227437590019501,0.444791573929036,0.530101211343948,0.341458700784879,0.436604515410287,0.583660210924473,0.404867418183187,0.450784199557908,0.627196123220193,0.479137246017759,0.449564875724045,0.633020097933593,0.0890501980111637,0.376925761489215,0.371806255874863,0.185918372216576,0.359131187920115,0.500364779395921,0.405529343379506,0.438921188242501,0.621089542617129,0.441027703672139,0.468549469170384,0.633714251132552,-0.00523566873913546,0.36817977511929,0.24544017863885,0.118268408695408,0.387317108465202,0.413234367637794,0.231447483207693,0.368533090534525,0.466265312879373,0.381397853356804,0.436801669094374,0.600306657758989,0.0475763023888131,0.392996973634542,0.270749987710897,0.0336793411673809,0.447594599002109,0.441325989324802,0.0424064288712586,0.407115807867066,0.410440079726134,0.078006949758483,0.427714836986098,0.377589413487103,-0.00225077814046735,0.315400968476933,0.312791298966625,-0.0353108489184587,0.438554409844291,0.435931368463031,0.0168471481845701,0.479045067639459,0.429429814561484,0.0326286809644487,0.394183842334888,0.287223141601056,0.0812466744772917,0.484593759603443,0.229391216748222,-0.0419807222460582,0.573130639799172,0.288098242757311,-0.0129523807529022,0.441702895608312,0.450898279238064,0.186762524313706,0.270807841788942,0.443300906403476,0.344138522556543,0.376045055974172,0.539781733681896,0.0296655681679482,0.439626264236499,0.345716385922029,0.164254598231073,0.357243658786997,0.430625838514011,0.172712800547256,0.296971207026843,0.45109885696971,0.309640979705169,0.297550694437099,0.519703925447179
"34","NUMEX_BILL_MELTON_CA_2019",1,333,5,2,-0.011114428089191,0.450334084362031,0.424751331930003,0.173058416198777,0.402680926916221,0.481679354094579,0.206328156257957,0.43256119480557,0.512304248406116,0.310155419356478,0.408887440033485,0.558489487749123,0.364432043137029,0.423311257588537,0.590015932023367,0.44301236062292,0.425823880079935,0.613991406517358,0.0705146955096147,0.389136751165919,0.382645964103045,0.157281585277287,0.348484786071291,0.482170147470753,0.363158705099529,0.432077142556072,0.595882879815837,0.410851427090131,0.481742586333426,0.602864171498858,-0.0252055987189941,0.372147978584875,0.354510412916423,0.0989145948936223,0.392239458925025,0.410364420645545,0.21343646437909,0.344755041617787,0.456827923952107,0.360671795893229,0.40503861142987,0.583170442807224,0.0675631797896927,0.359935299033288,0.265509543299842,0.0752230131574187,0.443969064073218,0.444256738256651,0.118253859754235,0.393920487548351,0.407249276684788,0.141777691933803,0.409379368979626,0.356977632656651,0.0522570596021456,0.214729288938999,0.253274708547972,-0.00143399747393859,0.443295627828526,0.454854726753584,0.0387098494567584,0.451306744487678,0.427413214312963,0.0748240451086964,0.435633008283527,0.252082457795953,0.115804026713798,0.462817106811193,0.20951497727905,0.0394496031258564,0.451562585818641,0.301129827496609,0.0856799312770169,0.419536793791708,0.445079566385844,0.161172123029647,0.27340936629483,0.445892263042401,0.39232358287138,0.436111029452594,0.609493292569402,0.0812524133309909,0.192490583369999,0.275802356594539,0.175386681538304,0.364256155401447,0.442000182662207,0.163953754503762,0.295029359362117,0.456368676792887,0.288184528322789,0.282707610407347,0.523627485820199
"35","NUMEX_BILL_MELTON_CA_2019",2,334,5,3,0.0165296757286091,0.443352082044857,0.425698387292284,0.179577593206842,0.408391401908357,0.468014344133375,0.211288051353053,0.419889654341193,0.504047170469611,0.294237924625342,0.382496268438246,0.541558569678945,0.352867581319663,0.413386763761804,0.576427907123794,0.406218125757058,0.40177243748178,0.609364276630713,0.0479974157015256,0.398134201207979,0.402382539784447,0.1253690256457,0.353805111788305,0.466827243718,0.315961462108367,0.4122157623515,0.589641116810212,0.394138509165836,0.477708268492582,0.594813950271467,-0.0628190584792107,0.38245632014038,0.386331503076198,0.0841412969337358,0.397176789414953,0.414118178436686,0.180377438764967,0.324608313991384,0.452450010986596,0.354752691134862,0.391375579541024,0.58511016130135,0.0602882135815185,0.363701929739948,0.243257921394927,0.0788526226741132,0.441144472547072,0.445451872627392,0.163732827951175,0.377265809119164,0.414424902452348,0.177092367492567,0.386376810787699,0.371610595896274,0.0569339990656526,0.211630765579037,0.259779949833611,0.00349716079599951,0.444255266101756,0.454715297529418,0.0401609582043101,0.449937819485771,0.419733539330129,0.0701750358532031,0.439978603547131,0.253009043344533,0.076664551066305,0.374019970146226,0.187448371809921,0.00506632861771592,0.488981952642649,0.47350939683832,0.0367952305064333,0.434460613513698,0.451351477689921,0.143005862390381,0.279983786535071,0.455207690777876,0.341462002466377,0.38260638916756,0.578591577715779,0.0752224979762811,0.197618464235248,0.303006383724269,0.143182693314435,0.355987124056586,0.442882991365469,0.154829317858036,0.284973587275163,0.447862339871715,0.267981365251008,0.272082359287898,0.50251647503094
"36","NUMEX_BILL_MELTON_CA_2019",2,335,5,4,-0.0132166448474367,0.444213830417496,0.425554794178319,0.160389820951961,0.411969214637727,0.460928677781273,0.206618661111909,0.424136246718592,0.501416349253327,0.281271161019768,0.377094079010915,0.530011751827168,0.329521579802554,0.408695841520688,0.56319139596137,0.391955957019175,0.41684525393868,0.58730682619956,0.0392168872622973,0.397751989307084,0.389535432775786,0.106444478354939,0.344025302428664,0.458104609365114,0.319446059003244,0.401976995841743,0.574070471512292,0.381277580790358,0.439359696219216,0.593259602333798,-0.0723131774161878,0.48409914436223,0.44139911194221,0.0863863776496064,0.397071332867829,0.424980495021109,0.175177977274395,0.327420628270301,0.457406290151388,0.330565290263599,0.382904552704995,0.564072444919384,0.059152463169366,0.362524079685325,0.237300441201976,0.0634471966656443,0.439464992751748,0.443010375712652,0.11170627486931,0.397797050800832,0.411013262028713,0.138282159797768,0.393115876500546,0.390872860188965,0.0533606266405591,0.226315596133251,0.272952818539146,4.31241352781337e-05,0.450310780309456,0.460281737100942,0.0352673812223465,0.462910875067229,0.428676600101538,0.0666317611840115,0.469957770772616,0.243801588717725,0.100707970333545,0.449210412231362,0.192444035775132,-0.015359641639266,0.481302692645686,0.492779047893667,0.0295040239792401,0.432858689046864,0.448154460757345,0.153546505160189,0.268537094175109,0.454740068038258,0.311967862818762,0.375104979541092,0.576213316149315,0.0649064132541908,0.181536994248588,0.321525068127309,0.13347442822299,0.365441097736878,0.445849158809042,0.1567821547302,0.268492923142074,0.452231117731025,0.277443014413146,0.278891931304357,0.508646579730519
"37","NUMEX_BILL_MELTON_CA_2019",3,336,5,5,-0.0137262434793111,0.434765576793566,0.416676539344384,0.196942405372785,0.402567683757995,0.479505420991926,0.271468668538297,0.443708013778141,0.531348919380111,0.365700526993297,0.418313165655676,0.589932603302703,0.391520969720636,0.435890248068592,0.622961911059941,0.458945818668787,0.450353474723223,0.641356371608472,0.064896134742629,0.377332371954743,0.36552930970054,0.14608048412366,0.364564458261937,0.479169445556,0.360498914850653,0.445581728709454,0.591357653945793,0.42506199297398,0.454978732233634,0.615031296469205,-0.0820035713282898,0.55514449682312,0.483863892155065,0.0880653661387238,0.402260835680252,0.429066723346972,0.188062852921886,0.34782566309826,0.446566420189089,0.345468072790987,0.397313824058761,0.567319774679561,0.0386798294354295,0.346925915723652,0.304112907638814,0.0335904762829226,0.450683992379347,0.430385412104716,0.0809464220859971,0.409126954315145,0.41344251621466,0.0939482424821401,0.416155387867305,0.374988774135608,0.0475092149165049,0.257542148338415,0.290899877268484,-0.00653372811810684,0.432170983171005,0.437409273436231,0.0266087323723152,0.451015161878705,0.433026675786594,0.0627510447258665,0.430273473413236,0.225935175434198,0.107109030622729,0.445336431892612,0.208709060921967,-0.021171234368126,0.489312707782075,0.475650654725558,0.0460410432806144,0.434754518466383,0.446247259142958,0.0908474359773669,0.267867676553172,0.426585700465505,0.342406047983617,0.375358183441018,0.572898883608383,0.0745044204539136,0.192889987069805,0.322874577111784,0.162472342370607,0.365676826464604,0.455795273457922,0.176390557743772,0.301810366970273,0.480189998909751,0.313758159387468,0.285560856243235,0.526702596161644
"38","NUMEX_BILL_MELTON_CA_2019",3,337,5,6,-0.0172851630166528,0.442957960022707,0.425656444919273,0.18077222403313,0.403782448285868,0.47191526758695,0.263231717598946,0.424916522409078,0.52240540138775,0.345739997488419,0.41498335334461,0.576160192878231,0.370609623186422,0.441621456513212,0.612007677916272,0.43597730018357,0.427810782432631,0.64229743179323,0.0630203058558285,0.38104668447851,0.362753822879164,0.11180317846272,0.3786403450269,0.475158268435579,0.333945558254803,0.425966815002148,0.578485681167878,0.379907236194975,0.470099675786674,0.599791207996114,-0.0935890242487482,0.368357164734899,0.365011454476739,0.0739996338675327,0.409750484464448,0.427543732559934,0.166500053931163,0.347828240507979,0.439929426661453,0.313205114947779,0.375782807704177,0.547722951210453,0.058264677659627,0.329799819277442,0.300862959451993,0.0442458620402671,0.447992399464225,0.423289192323972,0.0922054848787788,0.376974395074713,0.399402703231617,0.143273940149646,0.375156619044216,0.367155167832949,0.0143909259235346,0.324994560441268,0.343713801031774,-0.009504266031141,0.448229817201878,0.447815090276213,0.0243692602799187,0.450604638742657,0.430766956588083,0.0648229861590592,0.386672370766488,0.207813442382301,0.0898641191561184,0.348374074660004,0.213813864598051,-0.00768353293268228,0.477497834729669,0.398619803879319,0.0528298386404637,0.440713332829923,0.449514748132886,0.101937897554889,0.279416220087525,0.431186339050379,0.333020533618768,0.358365695753383,0.563872880576771,0.0596647872422916,0.234604018523251,0.296537472874222,0.138587993986424,0.35599793402745,0.454094940256861,0.150801986107197,0.284194257087939,0.466303130915014,0.287219555107157,0.278916865253564,0.508561882464429
"39","NUMEX_BILL_MELTON_CA_2019",4,338,5,7,-0.0149638220981445,0.449322493224932,0.418587597640682,0.186349562971026,0.414759848121301,0.477941386945504,0.255802219228605,0.435100822347182,0.518786618832095,0.327693198300483,0.409796999259474,0.571677130622364,0.353983579628775,0.438535423127015,0.597921271791737,0.434843971211209,0.435227766320203,0.627486037149903,0.0611921124704362,0.407480974087225,0.395806315137927,0.123943367796962,0.372168608016359,0.482322014778762,0.328442141537829,0.417506116189584,0.584606421698759,0.393101533615408,0.510359304215513,0.605618494311305,-0.0912037045969803,0.489950665760528,0.44602125831077,0.0774313600517667,0.41707370210957,0.433408434737942,0.170903085640304,0.327620857176094,0.450720406817968,0.323347047436582,0.385862802382286,0.544325810618282,0.0604022879824189,0.363961487343152,0.227903219373933,0.0361170536589659,0.453736843834536,0.451264233118308,0.0679837854321144,0.405466949761716,0.415937216466079,0.138003748101072,0.402191448453938,0.362140659679036,0.034987068193185,0.297573344560959,0.32048862779007,0.00541419482526425,0.447319223728522,0.458621176081447,0.0281698483004489,0.447239833676661,0.445517280842298,0.0804513756537715,0.444636343881116,0.222978118783745,0.0955818918241963,0.411461820500558,0.204576431459502,-0.00134028900819114,0.494591729425334,0.475330585521406,0.0539441493446205,0.440040560511753,0.446614743458359,0.103325900000039,0.279135023443794,0.412317008632575,0.333490668037397,0.366404756848588,0.56694663923082,0.0476881291385975,0.241060107475605,0.348618791808388,0.152018476997267,0.362392226394104,0.451606648462093,0.165046324188439,0.301502695131393,0.47786296499563,0.309066339177639,0.26841889066362,0.498464269721555
"40","NUMEX_BILL_MELTON_CA_2019",4,339,5,8,-0.0219377746410581,0.44743486677174,0.436779779345653,0.189592024912186,0.397444059976932,0.468457921778337,0.27103085982604,0.420028419002671,0.511365380833666,0.331816431322208,0.398753606240631,0.563433341594502,0.35359039872872,0.430290108608499,0.590955713140275,0.457257900567927,0.436908205212703,0.627864346341855,0.0720929315938774,0.413393460165973,0.417188445987866,0.148640519490867,0.356616009903207,0.491120490428449,0.347236613685041,0.410422796650698,0.571018651362984,0.415832205611062,0.501421531578888,0.612325751889695,-0.0871582011508968,0.475450342738721,0.478702375259047,0.0896600892846977,0.407914708944711,0.427214741318214,0.177419108267905,0.332347541105711,0.446464070908515,0.374216471876651,0.41870140723989,0.576667743565529,-0.0157044292562984,0.473501046823404,0.441753747960404,0.0300681916734005,0.414633230172734,0.41006338055267,0.0921147605886973,0.367809599597845,0.394875119528915,0.102703607692229,0.331760699171112,0.351425118555061,-0.00642173316153924,0.445772106507973,0.428337148088807,-0.016671070099387,0.460762260657569,0.462314053458898,0.0111516421416893,0.449620455378193,0.452081302329261,0.0847617471095346,0.441293113133356,0.268869988170529,0.041158353223442,0.469796852694042,0.40282607715198,-0.0221234875097402,0.32266350167518,0.253568510737628,0.0656125129235685,0.429627691898325,0.44972707953528,0.10468733108423,0.270120878251492,0.419890988886529,0.338586602659011,0.361123112259967,0.555992478737626,0.0397466643315994,0.347897779616169,0.366897197361499,0.170660288754508,0.372411393082771,0.454651115184268,0.192329981473517,0.293579900774311,0.464899003727352,0.31904835652175,0.272790839182115,0.491808383777981
"41","AFX_149092",4,340,6,8,-0.0318467860682035,0.448593490561475,0.429153479241336,0.187032349009423,0.402695019398134,0.467525636992765,0.279222669161711,0.41659147399296,0.508890059889461,0.324226550182195,0.416147456241874,0.554675701016284,0.323682319085967,0.419493675555052,0.559462604408449,0.473822866916067,0.454232902814218,0.613443012197337,0.0567524925993114,0.420427154994312,0.398421297828173,0.14256657539242,0.379942917337875,0.481084057554646,0.353211499077209,0.397344913052009,0.55322946822184,0.398291900086668,0.497790227201992,0.598179271708683,-0.0529510161286924,0.366483072629801,0.342660268638377,0.171106919335822,0.39272017525278,0.437931103620037,0.199475999519044,0.352871095905529,0.439573446639444,0.375887433550335,0.415515160922535,0.567984943482624,0.0029674109851636,0.462021107577414,0.455604433722782,0.0713388884490877,0.412999737523314,0.425283831899914,0.0922133655795827,0.387707558308315,0.395391169097127,0.0930293168223158,0.360921031976373,0.347561340678517,-0.00877644462281188,0.461588238119862,0.439085325247936,-0.0327309676544515,0.470026983870151,0.468020926800328,-0.034508254782326,0.481574158846418,0.465022697795071,0.0580914149564702,0.215464286311285,0.216167360379787,0.0509659820868621,0.502176628789325,0.404978242804123,-0.0140508288684272,0.252261686681593,0.202144480629622,0.119182550842915,0.424638173626318,0.46019442436795,0.122520529034219,0.266286273835647,0.40282640131865,0.33858472835251,0.374948761196665,0.563636763058267,0.0354268433932359,0.388144311336753,0.374359366176712,0.222657567956268,0.373643260709359,0.469939154588916,0.201456425406204,0.32136240416438,0.48323049887187,0.307675019216493,0.265270035365342,0.491136979877367
"42","NM1713PAR",4,341,6,7,-0.0522301931081409,0.460289798350558,0.442400506327329,0.135249609508287,0.418977540106952,0.460028436615288,0.206325223786267,0.409329053994261,0.477768296228872,0.268517468279274,0.381049663475872,0.514910143934636,0.281610608025636,0.396747819325996,0.533612404069434,0.451538821215074,0.436879709148617,0.615272946785552,0.0669234387370415,0.390417162583277,0.364188812121272,0.087874257710814,0.411983543417367,0.460818641181963,0.307697123975705,0.381761943086403,0.526291406903787,0.343208582932985,0.472455648926237,0.543339845163157,-0.0941953736475015,0.404050118121703,0.358034073706504,0.0610384867479286,0.427962656727126,0.433131567664995,0.160612318025912,0.326524961361563,0.405320186954174,0.296255037075722,0.379848204409301,0.502263791385107,0.0571111547317929,0.311752926893287,0.240468525520988,0.0224075331273579,0.474460280766722,0.454997865699856,-0.010130360055459,0.427628685455545,0.427214102139602,0.103022454430642,0.42283550556939,0.365465202995505,0.0294211923676326,0.338520647246265,0.360733827085141,-0.00670222090691251,0.449310203367835,0.447992063375321,-0.00308714196701226,0.483510366244783,0.463321738360522,0.0823930673091545,0.250674719513474,0.216460186641502,0.092861086903395,0.442360790182141,0.181979930019146,-0.00392624424302079,0.509993704872598,0.46070682873451,0.0356833656451968,0.436855949054847,0.439970262816295,0.149696994620299,0.297379319534142,0.440048967558992,0.306725938343486,0.317140175922071,0.519024960843791,0.0548369181631631,0.256546325252903,0.302892743069369,0.0911500877693547,0.425019368492659,0.462170027021409,0.11583993723271,0.296219154889318,0.415257874012141,0.202109724490322,0.319818275568934,0.460947538219268
"43","NUMEX_BILL_MELTON_FG2011",3,342,6,6,-0.0461906041690603,0.458766783014626,0.429150517141695,0.138728995861777,0.417894096676104,0.47197047289504,0.232135509701668,0.419819425295377,0.507944597235957,0.308313032357612,0.416460124279597,0.548683634373289,0.32023764495879,0.42258129390512,0.579434905596583,0.422838241487821,0.42072452912789,0.62559228819733,0.0719353116179724,0.367524499515195,0.346715262378984,0.102211223953055,0.408829685720442,0.481233519048645,0.337959134474817,0.397892867581993,0.564156326202117,0.364813699393867,0.443077428502265,0.569751703150396,-0.111422468729275,0.387328608249731,0.367560993521369,0.0289424982265017,0.421531354174869,0.429573982203323,0.146847030202432,0.330234743864586,0.412315697538079,0.275564626758077,0.364135644948726,0.502298290382994,0.0400213483988739,0.374286949724758,0.248408699074767,0.0123279574156558,0.462634058389265,0.449513422788048,0.0275934225199751,0.418048233335366,0.423161499073289,0.124375286987947,0.405947740242684,0.349622469488245,0.012186428405259,0.381833851857503,0.382306504770328,-0.0189729318806128,0.457176875918326,0.445572667676723,-0.000542584918058777,0.478061508841263,0.463410702590922,0.0704831647767133,0.36455493706434,0.272782708991525,0.0969848660293214,0.369424457161145,0.206455695511999,-0.00772775759585079,0.503482936427166,0.395778207476762,0.0534672649380546,0.442647645344378,0.445007624771031,0.148995917195045,0.291837986698891,0.445484499455619,0.322696926995728,0.33652864938664,0.548784466689286,0.0722981674780694,0.229150151805479,0.269936390441942,0.104690914305426,0.375380842214384,0.455678499639701,0.128791594776578,0.287566305613662,0.432177160568193,0.252894752244607,0.279557034106576,0.502212537595509
"44","SW_8888",3,343,6,5,-0.0276299597495459,0.445496513130188,0.429416404348416,0.140342003175361,0.405607428595117,0.462871118849231,0.236133084723915,0.416465390917688,0.504427104011319,0.312294744138234,0.41265454418584,0.546514073115497,0.321759315821625,0.420029573167557,0.579813536319112,0.405038287334105,0.425116200326284,0.600549792566599,0.0798526307885428,0.397081933219242,0.363598449360632,0.112205211795218,0.376018612573234,0.474815909269691,0.349734768421997,0.40774724020709,0.555227290017498,0.382250348619389,0.446145272377094,0.572409997209216,-0.0757558937728092,0.486051211241878,0.4277476330712,0.0985897047742016,0.401140049671227,0.428023184555021,0.176350824137306,0.337401634917975,0.424412044019887,0.318136777116477,0.37544652184678,0.529083540659375,0.0395800409104698,0.333324429530575,0.310479497602929,0.0365352626279104,0.454371132622753,0.450680621748746,0.0432432827387331,0.412791240142053,0.415750827079803,0.0837182578727121,0.426814358494923,0.378402342442109,0.0419984721601812,0.275383764400702,0.302983520256352,-0.00643274916114271,0.457033005606459,0.438574830969698,0.0102829200881634,0.481096169985504,0.457187571526665,0.0854012317808288,0.278538689132942,0.219285893385487,0.113931919259012,0.507517643058336,0.183580545266423,-0.0274753729782572,0.509254167353216,0.490272285384742,0.0227499911115488,0.440390790462526,0.440321751293585,0.155351151113811,0.288264191639705,0.427368035343252,0.302832573698656,0.345220186974966,0.528298606824142,0.0925493560850377,0.186633083833256,0.268773146379526,0.150050133593963,0.39469570995761,0.464820046232435,0.160082132265516,0.292205781959032,0.450962138718828,0.25625887184514,0.275212706805569,0.497086624912137
"45","NM1705PAR",2,344,6,4,0.0202293594641476,0.433470741304057,0.414980211659593,0.182971925546663,0.411580814989844,0.473206980889607,0.241295662279568,0.424995400942648,0.509373989000323,0.30273471799883,0.388678830635621,0.557138652082095,0.344042168352915,0.431077118445354,0.582758411735725,0.40015222167222,0.424601695881973,0.594252590930792,0.0726808593458114,0.405040158956707,0.404378223457967,0.105753518565372,0.364960391396378,0.496703465700006,0.346566439229504,0.42332880875446,0.596319875714223,0.39459686235955,0.442159456375143,0.600848462841927,-0.045148084704342,0.387788757596763,0.351779429228529,0.154041349886517,0.393945979998425,0.444277152181712,0.20258688911712,0.361654158849281,0.474508332413641,0.344565188666517,0.404315905987312,0.579271787878284,0.064884543607824,0.298781199249484,0.236334564098569,0.105295179335748,0.436645784733555,0.451440926398487,0.108993931408445,0.39475145258552,0.415714858974148,0.160124396277233,0.406689497591392,0.390653429860871,0.0492941075646188,0.299651208900719,0.341183629141718,0.0198875499720398,0.443420955907597,0.448836801642752,0.0672107057984535,0.430574311436637,0.425694666971847,0.0670080462743082,0.217941260050482,0.167619978937867,0.12201156170571,0.488271480343969,0.215388238203563,0.00340973133336044,0.479480968858131,0.480050206933985,0.10229230941409,0.433067065080204,0.467338180458319,0.146761947029472,0.256485554510613,0.421747110396505,0.340018541588624,0.421924105548273,0.600802246289611,0.0797816794074921,0.261062970447282,0.295743920356695,0.21634790628568,0.379094625322021,0.487146564375831,0.186460804201537,0.305286560723712,0.493986222304971,0.286525061325889,0.285579720109587,0.532221246707638
"46","DONA_ANA",2,345,6,3,0.0294651019389785,0.437810409930263,0.416303346966744,0.213647877955932,0.419614889378211,0.497641774142812,0.258074416907843,0.433813844595391,0.533203400393167,0.322052483870549,0.407564775910364,0.569246562261268,0.359228056898654,0.421580602501224,0.592177515367981,0.395057461554566,0.415565610859728,0.608833457968406,0.0851589087475057,0.404234345908626,0.403792342224439,0.161907157182719,0.391420037094778,0.504729288397108,0.381515269950817,0.430023183461663,0.609655971843506,0.404058668233995,0.43464879186607,0.604671118139753,-0.0256602459971934,0.299078578799941,0.301102469229027,0.174554360484786,0.382807374494723,0.460549033555538,0.213593447476275,0.372584213172448,0.484704020259576,0.370184177505642,0.407105880892666,0.592116887715801,0.055528782178925,0.3382668004531,0.256329077668199,0.132699797373209,0.440581877083139,0.454267239088889,0.17434862955397,0.372944804498755,0.419987686692283,0.206137760052782,0.399714888291547,0.390253613827551,0.0437541758554567,0.310923293273691,0.337562154611568,0.00594088977196025,0.44580026382901,0.455251901774181,0.0607584814575322,0.420646586924149,0.420446900958587,0.0585203001482353,0.348490636468491,0.194539331026528,0.089228201201703,0.404634397717186,0.207046866632923,0.0116486298589874,0.480082132400471,0.472119683469164,0.134715114239647,0.43339985544924,0.4786133195255,0.177749511144701,0.291120632580915,0.45862249592978,0.374128808384589,0.422624003845514,0.626212876217568,0.0845633790174231,0.277976283002116,0.282002183235457,0.231468492367277,0.366642259216568,0.494883096187399,0.180789864662722,0.284459803504203,0.485491160657064,0.285689231293566,0.283529655643352,0.53942437671586
"47","AFX_149092",1,346,6,2,0.0212280796040126,0.445130301716083,0.413982532412353,0.20151465349559,0.40496316688977,0.494820296517061,0.241711850956135,0.430817807550066,0.519087991068313,0.351204832637979,0.426767789784544,0.569266207730689,0.377145546534886,0.42638711416846,0.596230713362964,0.372586402508114,0.405474310387805,0.563746657033854,0.0864188957714137,0.404880642543307,0.412843787502408,0.170849735237014,0.363059347419209,0.493960818113067,0.396201545041593,0.434355367632044,0.595497643615339,0.42914616744941,0.473871598021925,0.607493343016219,0.023779460719737,0.339193834106219,0.318824568285339,0.209892266673318,0.377819075867741,0.452823056933617,0.243441590325613,0.376553495491803,0.470532102095947,0.360759644022053,0.40124470193961,0.574363593882908,0.0660527542974759,0.33251177203297,0.287190674008594,0.138616323436061,0.437826450908325,0.441398955209263,0.154464187571753,0.3737760749255,0.393094358977213,0.179089155788467,0.383654102102503,0.371502266296046,0.0475923240221115,0.249919795943549,0.299292904460627,0.00480251698590311,0.434710236420197,0.445391676218957,0.0501550594771327,0.411782532900231,0.393024944689331,0.0665275400731863,0.318572288250339,0.182669541815021,0.124295153081211,0.491190199533398,0.201863317895089,0.0395864349103846,0.456937377026935,0.309822918786892,0.141484399563521,0.403514613392527,0.43806177418045,0.212160069902481,0.306631509402798,0.476355307465947,0.396209786383828,0.442664531682626,0.61266068317862,0.113358308757512,0.194008277117183,0.257904821901987,0.264097519025453,0.365034101970898,0.488414653417782,0.176603535796717,0.292550041800373,0.478856495120856,0.305209475733338,0.301438942777255,0.554297964465412
"48","DONA_ANA",1,347,6,1,-0.0263445294281248,0.461986841130986,0.411235107241962,0.23264938030299,0.425246010275768,0.511452741952396,0.255937194648938,0.446557699449068,0.541219139924142,0.354214680233666,0.452569709702063,0.581368570155335,0.395014060002453,0.438886972699528,0.617885188901431,0.432950739946152,0.423874672040762,0.599765432568201,0.101539472963349,0.421838865085214,0.421237430202491,0.206259635704517,0.398625946104938,0.525149546998286,0.424616839843328,0.453062699451845,0.62217404012861,0.438686758284463,0.484991093608415,0.623577819811811,0.0263513890358005,0.393936419240353,0.246806578857474,0.207350011776886,0.387167668495332,0.467487728692548,0.272087435416279,0.388969703740946,0.481900266279351,0.388712608377314,0.42574027592542,0.594337352835328,0.0549726266219621,0.339118118267946,0.284954754684835,0.0821058959710112,0.438807780810636,0.439100678822212,0.0977213868482007,0.392299323589234,0.403638501898087,0.122572959090206,0.415365366618716,0.365083551986615,0.00688756839780546,0.362610686778434,0.349725478893099,-0.0205604567316934,0.460468136646869,0.43607937179668,0.0240967230124857,0.462504005493248,0.433594262607767,0.079730707127533,0.351490229510389,0.266034969827658,0.100808018384148,0.498869134967351,0.225433280054116,-0.0340985109880533,0.533559207996924,0.278158469270061,0.0706594923674056,0.429640456952999,0.449921791566434,0.220089783285195,0.299946452142123,0.47592869723808,0.380106787250206,0.422443251500919,0.597834099637672,0.0883750030415757,0.36591008688153,0.283169502852872,0.20770490241742,0.346997411235615,0.479657728815908,0.185230332768679,0.289914610416872,0.478989562684132,0.315988115383255,0.2932189105355,0.53874883286648
"49","NM170506PAR",1,348,7,1,-0.0135416758510939,0.474236934519307,0.418060521442456,0.216651569599267,0.432285204991087,0.507377833700325,0.24028768665411,0.44283371711674,0.537759846740378,0.352731376159799,0.470964719998524,0.585703045483748,0.392347091791698,0.448153251536652,0.623521332212735,0.464787487350227,0.466327214646542,0.639385326780285,0.0986459123019887,0.41015489060203,0.382371872432963,0.196002527381952,0.345138397239238,0.48852498264263,0.410620005368751,0.446826388304965,0.622427696829191,0.435620878239231,0.510111526091918,0.621759172804924,0.0125628312922682,0.402348713740411,0.244800342457846,0.197571733132525,0.369017682932164,0.453768713197015,0.258218380284279,0.369458301144097,0.478365522569253,0.351042974127407,0.402604622565357,0.569565917715723,0.0670722081026924,0.191950454670606,0.357245071244971,0.0841287504114372,0.441214802808109,0.444734613264408,0.0806260682252151,0.404143607208741,0.400583199080682,0.115045355571261,0.433008093434552,0.389777206088491,0.0307694066764137,0.334447618697765,0.371877811027375,0.00357972501728948,0.444793878208114,0.428642291291777,0.0319582791114834,0.434044196532434,0.422394969420732,0.0788878012244521,0.208128961055268,0.199724419595948,0.103822071171129,0.472749212345127,0.278511265558657,-0.0310122831458552,0.575907998191735,0.316783485641617,0.0684513921416978,0.43034846801365,0.455516121724685,0.21586674762524,0.290060910043921,0.476749014888747,0.376233528464459,0.41018706333108,0.583496833730795,0.107404250556882,0.297638399651525,0.257185488070805,0.163104324350322,0.3457777277777,0.454522272691051,0.130030904724135,0.231274057073588,0.436837096538738,0.30588763693367,0.286339387400348,0.534564420985082
"50","NUMEX_BILL_MELTON_CA_2019",1,349,7,2,0.0343333625824729,0.437402121387324,0.416147740494086,0.162051698903322,0.410922512320436,0.486120834644018,0.207171549967688,0.429653744755562,0.507785469487014,0.312252488466753,0.439834497370608,0.570493399559759,0.3419574773275,0.428464173773599,0.59342118507874,0.414011630774147,0.442549484348792,0.616336235851807,0.077745143858108,0.421585699474098,0.379101678471346,0.143343295337722,0.346148373879466,0.468257901451179,0.369025520698664,0.437578629573128,0.591403500342346,0.422636312188751,0.488395850345058,0.609200802092055,-0.0532143400518219,0.460801921057219,0.381748717717311,0.0895691551649171,0.399309463682872,0.426670796119726,0.195366523664505,0.33515009380863,0.447142147665821,0.301397571835433,0.340762176136122,0.55445274142076,0.0344296273589362,0.314851079261467,0.356583388286491,0.0383541138755867,0.453301047547325,0.449761704513597,0.0829098333813212,0.409683812979333,0.411259229579917,0.129716627976586,0.425164919812647,0.389791034641375,0.0406668680899192,0.314183070115206,0.373684290836957,0.034906296759556,0.384663813012077,0.409724489946016,0.0644433951407484,0.352659838254368,0.37742027161059,0.090651966025512,0.217786557617699,0.214164957533816,0.117019312877261,0.480991262392391,0.206150657230455,0.0248061047633911,0.475323021365409,0.355224982149723,0.0862412428554626,0.425826222658511,0.448846290762775,0.1934638487331,0.3002973863149,0.472560761828622,0.345245829944192,0.408637591549087,0.583191678148885,0.109752415087251,0.180638566062022,0.255385712177699,0.135061369124815,0.363942805851447,0.443267418532903,0.0723272725290975,0.256773668320428,0.40389491860792,0.246894196405638,0.281053095395462,0.500036543955909
"51","SW_8421S",2,350,7,3,0.0353090268537176,0.425127375172331,0.412226958756889,0.183296876395216,0.405878207519794,0.467364092359988,0.241067384232637,0.420523790159906,0.512391993243487,0.335866481455808,0.404035545252584,0.564896648314498,0.363760282693715,0.409837908379637,0.593866741841628,0.415293160400723,0.423555437257859,0.619256667976391,0.062611786164005,0.397968345970794,0.392645372440758,0.129886582580764,0.357870669635376,0.456287814271008,0.362870566712403,0.413002158184082,0.595952303731376,0.403125184834251,0.413380581148122,0.601099649141227,-0.0344351048924248,0.290817582581542,0.320661327308349,0.164342265138021,0.360307810763752,0.433852184336474,0.194114636888458,0.333926534966707,0.455872788139646,0.325824282822731,0.353266772734916,0.571305397099939,0.0441235598704569,0.273369746176698,0.338174961579164,0.0951637432690351,0.442353930638698,0.447788643538903,0.124496857082466,0.375290277882119,0.396983280327883,0.1715171220182,0.4114148606323,0.391198405477323,0.0308590412456265,0.337745451257315,0.356038946298604,0.0140165667362095,0.438764610746423,0.441500424831134,0.0813047439915908,0.35000493996048,0.370555175558596,0.0861275039349182,0.226102836701603,0.237194390117513,0.111599653674784,0.43094557483008,0.245252199179746,-0.0182798306103676,0.489194231614214,0.488215555830175,0.112533606539533,0.428405482860667,0.468976961773156,0.172892450125926,0.275447218598631,0.441868829360866,0.366648508569927,0.40387600494366,0.619134957190478,0.0887481393271807,0.306809285070565,0.286457551338251,0.211558328549895,0.350815118599153,0.475928058125223,0.120935145388804,0.257944991439138,0.465547183311977,0.278723327391096,0.267435501443879,0.531036877977229
"52","NM1713PAR",2,351,7,4,-0.0145802700762712,0.458578699044234,0.442655267421858,0.101982977773537,0.426347249934753,0.45424847826636,0.191158172200256,0.39238881710495,0.462764347363685,0.249859075510445,0.382761305751676,0.521222270855932,0.29837703787826,0.402996192281126,0.534475996098563,0.3697070118656,0.411748482198309,0.562132907461627,0.0492735812248685,0.406511858374447,0.385249752659018,0.0551461339052524,0.405235795298512,0.452583141099577,0.311221986995133,0.351214228799545,0.526165079060009,0.336604209277643,0.390224675355997,0.52242532929531,-0.085962091618679,0.393561379246884,0.410581033099129,0.0666901267847293,0.416832102307951,0.431390438740989,0.140849825380736,0.302765667901966,0.384182809577358,0.215033743279234,0.343212459066665,0.477752162119735,0.0584231093818344,0.146842991272468,0.340795437956542,0.0241980853737044,0.465685073388511,0.456839461823746,0.00121616371048483,0.431897687886469,0.425318148639712,0.0762119388028356,0.435070595098642,0.422905032596265,0.035230184969817,0.336357257030689,0.380595987254007,0.0171617337223632,0.43071617577597,0.43139935310625,0.0677873243473699,0.367978751812009,0.374749370565347,0.0776648229098784,0.184186015412132,0.193982749109874,0.107627660592479,0.485957925783686,0.210274706191482,-0.0306757255570317,0.509102042200963,0.501929913834046,0.0022440594080312,0.441413605479007,0.449426743546015,0.200785770310515,0.290881790813586,0.470134369313663,0.246110361701371,0.352586788001348,0.483027848820688,0.0707289545771633,0.320567641218713,0.300823499552551,0.0772679703265327,0.400874244961414,0.458696479743285,0.0806074943690142,0.304775987584081,0.433790501529086,0.168649251646951,0.322392240478281,0.445423094610979
"53","SW_9720",3,352,7,5,0.0092585394169796,0.433865534842609,0.429066784874683,0.151684745988194,0.408773576596414,0.465956170703576,0.25675450544871,0.414581363285282,0.509507000738693,0.352456848171678,0.431109501271773,0.562726584886828,0.360721140030477,0.428943062870331,0.599017104938451,0.417067681259411,0.43542238614903,0.614970573448082,0.045067181953268,0.420355380839264,0.38620339412736,0.0899139972119951,0.357688125023765,0.4473758613551,0.34838396601253,0.405826696616976,0.580332296283839,0.386442937043641,0.460734516028634,0.576891447937199,-0.0729765434571156,0.46889193216919,0.427708179023036,0.118249503129306,0.390151009943834,0.429404180647051,0.178211782613261,0.318029466946253,0.441878931685244,0.284945940262973,0.310885422563148,0.512165183399558,0.0523022459132406,0.258480918501453,0.368719271446339,0.0404688876657991,0.441613962646693,0.449047710470594,0.0526453547291393,0.409821809937902,0.410072794710884,0.0933414769053189,0.416511192833362,0.386240061859713,0.0366953527365851,0.318856289213096,0.381348577284591,-0.00219132827354287,0.462693721661202,0.458972650156754,0.0140170258447023,0.464705788161448,0.461925066899508,0.0840862878384618,0.17987238710786,0.18244265350225,0.112327228380814,0.505707840099848,0.168538353706971,-0.039938438174096,0.499009087798015,0.497560448010275,0.0282371177464522,0.442085724587869,0.44874642310951,0.169929244312498,0.294780848560844,0.453040783100244,0.324245433881061,0.369124746043486,0.539070452032425,0.0941795062909375,0.260426266623459,0.247100099501439,0.163489394073112,0.378106840791939,0.459948374919336,0.144765216335264,0.30635274403934,0.473848664395939,0.251787698349863,0.258816653796926,0.490514119692113
"54","AMERISTAND_803T",3,353,7,6,-0.0291845602283621,0.434091413943747,0.419866119438245,0.155957979354306,0.412813253643703,0.473024221453287,0.257613373612423,0.412009248862923,0.509494357432394,0.350385192324428,0.419044220729379,0.558132243515329,0.353663127187495,0.422780190142972,0.593772453219206,0.412861605030185,0.425194198342987,0.614377395000232,0.0533196435856559,0.378941950957491,0.349484299984594,0.09943960021021,0.381987485793714,0.447214131504789,0.339445306204915,0.406652131957541,0.585400625432938,0.384952636362327,0.44310452348221,0.576380318425033,-0.0839649069469479,0.345640415816162,0.335707934182201,0.104375135330529,0.390942841454558,0.429604654870078,0.177766131946576,0.320507118419601,0.438291211418902,0.288075413589758,0.322565373336216,0.500858154966821,0.0366183047981585,0.314276342899802,0.341077978642216,0.0281550357058913,0.453016015566532,0.442450213522408,0.0327036354866684,0.409214508375603,0.410015108640306,0.129526250271611,0.41583451061015,0.359935758248725,0.0166559897501603,0.374468453856058,0.389514226212174,-0.0265039122280216,0.475406790244628,0.468071439015189,-0.00537980615355968,0.478420881971466,0.469260318913558,0.0659866341137736,0.208548096885813,0.198547132221873,0.0979925339820011,0.371741069332958,0.201985727868578,-0.0319760053891711,0.52276442439721,0.452360527544351,0.0711897570608883,0.432529674257379,0.453866553039701,0.14227080438003,0.279370417098672,0.430957490662436,0.339409566160011,0.375729306078909,0.578258192707022,0.0746933444159067,0.316466570307514,0.291593108364935,0.160111700531977,0.351285638327273,0.451396573240008,0.158658113998901,0.292945907040603,0.461847952827347,0.258696884216395,0.252461209202782,0.497300817955147
"55","TMA_990",4,354,7,7,0.0396728825698117,0.422170353398003,0.420701192745027,0.190754401955701,0.388584083044983,0.461442550068156,0.293070751826279,0.404819562128267,0.508687263933045,0.360582192877144,0.397301725942555,0.575758202818903,0.369905440152691,0.419273582477407,0.588294706481766,0.425208252543945,0.42336284941327,0.610570039981805,0.0435008891426471,0.398946531256376,0.372887628612711,0.109559964499045,0.367333258089561,0.471353669672997,0.34927846223673,0.415344728865612,0.60165527513844,0.409524244507556,0.488670498989422,0.601904261927886,-0.0676213532552981,0.347055626308862,0.319705358364018,0.144596092097217,0.373229318402326,0.434100020660022,0.204358245300544,0.341528528859949,0.454786999227458,0.316025629766651,0.36549843761838,0.545126496550934,0.0731493990159085,0.215253141604781,0.360986504246465,0.070507017501881,0.435581794627953,0.435784634384545,0.069876792144601,0.379353565370143,0.381556700065202,0.1610162235928,0.397167292251558,0.364296121930159,0.0155549624025982,0.385022987433913,0.408395852936938,-0.013513688560159,0.461083628026585,0.460842684878466,0.00646063713897721,0.457585499316006,0.454719752241982,0.0923017589271488,0.199178409641777,0.215951891413002,0.108689595798228,0.444757293161167,0.208829326261177,-0.0219265391703116,0.497531684242324,0.459076694403251,0.110465591746075,0.42094278019295,0.466839084799517,0.133350678869907,0.276800082247099,0.435504623028513,0.34140855430263,0.404737809477083,0.586423486777175,0.0562354931423475,0.347765965824081,0.336595182472811,0.207601160142919,0.362154301510972,0.460802919651205,0.163548028759883,0.293236918673632,0.479023879147637,0.262739492454397,0.236804989933395,0.483032569258597
"56","NUMEX_BILL_MELTON_FG2011",4,355,7,8,-0.0503202589041787,0.455217004982176,0.446360155283117,0.146838117520807,0.413865660060816,0.456237726748453,0.26088206655248,0.420611695408314,0.493042091054117,0.328078978814246,0.421972561751974,0.55203431372549,0.329939393382525,0.412984946146984,0.561980777441088,0.431456509600627,0.421749383514089,0.609300301317108,0.0206951523452411,0.449820811541811,0.397681661868005,0.102909887124523,0.371439515977331,0.4616569704805,0.334081311510388,0.399803601244459,0.560568695519866,0.39040106184029,0.47841896906364,0.588387064542914,-0.112935901821115,0.496486939164457,0.519747020689057,0.0742286471511904,0.425216182227182,0.434918610624015,0.151971663986905,0.311431045720859,0.416679130452445,0.33301315352267,0.377602483927848,0.536612746010711,0.00902798942102671,0.475424298663224,0.474333211833525,0.000629943211513749,0.452525235867639,0.452162799518462,0.0633638830918363,0.394661984750383,0.407882833375534,0.074322981401234,0.370845981834387,0.36499451395903,-0.0104038847575037,0.469363369116682,0.43685844996595,-0.0518497489617902,0.48544570219634,0.475290789491754,-0.0495803980046595,0.484212443732357,0.469983978027008,0.0886888620250269,0.231980342008926,0.236886648947729,0.0497108060209021,0.507650932022628,0.394379860819409,-0.0457318871963466,0.281099972861117,0.242712700997354,0.0317438402861478,0.447702191783294,0.45533237685318,0.150168627913616,0.276560945040577,0.449030683838624,0.309551264085125,0.361968751903414,0.524715002279982,0.0103377543257006,0.433335880148629,0.414377387090457,0.1147624010683,0.398460612656545,0.453913277702394,0.139265923706588,0.293896483927652,0.437570613704785,0.24957774105896,0.286190545870089,0.461529711387042
"57","NUMEX_BILL_MELTON_CA_2019",4,356,8,8,-0.0431455460199355,0.454081993190432,0.440609541960213,0.115804936198766,0.402849533396246,0.449186788298207,0.239435602661521,0.406217525694998,0.47901796437466,0.311788700899648,0.409228767794597,0.542204544925918,0.36496857907708,0.440034882587424,0.575899399039411,0.457962830084779,0.471198313412846,0.646591885623027,0.0450480974475487,0.430990135701764,0.400649403103777,0.11933389899054,0.36869758461454,0.453179039338209,0.331027578771834,0.406828110047368,0.560761490628516,0.395286950221699,0.484197959626655,0.589805713183182,-0.11963475637547,0.41765368612047,0.555899279415795,0.0910852947701741,0.414617423944143,0.42924447244315,0.152577459115201,0.298819246597024,0.4340329218107,0.337162279960686,0.354553081245692,0.540506060118893,0.0230080718687438,0.474913257484064,0.466791134409395,-0.00882025262650099,0.456548975258749,0.449337627803925,0.0579734623645303,0.408992284298422,0.405734234472371,0.0601016578452387,0.385518670602527,0.377841909588805,-0.00403082494578386,0.463514265772601,0.430180461481802,-0.0519746111766236,0.487346509830072,0.473837413601766,-0.0451585149465581,0.489121165111094,0.467809963011001,0.0789319613811239,0.221879878976313,0.207676478946225,0.0653685338066073,0.430997383227806,0.417144782148883,-0.0487936694271918,0.292471988795518,0.228213221563135,0.0701075487528921,0.439365810509056,0.450828829606297,0.152286260631453,0.27464733185693,0.433854287804171,0.342903650072272,0.386368647629183,0.560752256419394,0.00732923041995053,0.42071474175732,0.388086173691047,0.114274082574268,0.38614176811924,0.445858143386304,0.146599644246308,0.281662778684365,0.428162134338003,0.246894277006908,0.263830028198274,0.466690379053115
"58","NUMEX_BILL_MELTON_CA_2019",4,357,8,7,0.00322516011016073,0.442709203803802,0.44190334648515,0.112081562475536,0.391601714107713,0.453215467380598,0.223706842987629,0.39956207786833,0.47892800512032,0.295072829724427,0.38596256684492,0.540036605551311,0.350662082793538,0.437652855442053,0.572292684112059,0.460233179035263,0.469881829051379,0.647398675910787,0.0538955911883291,0.381614457553654,0.338455308242011,0.0670718662686197,0.376643471868385,0.439839622123359,0.320461766326542,0.404838896963727,0.564316688488751,0.386118197197257,0.488173392813916,0.590067088563821,-0.112408896068017,0.351277763993916,0.417656947246164,0.0535645876573494,0.413406654942209,0.43108941211469,0.149928637451453,0.283069933414266,0.423331677886915,0.274947497880269,0.335266584251267,0.530425695865001,0.0698611852848865,0.141726214564612,0.321325077010354,0.0345768556556444,0.450512046702617,0.451352723128313,0.049878151244867,0.417564605900068,0.396557381762601,0.132970601848113,0.404633798197346,0.367152419326763,0.027985197679117,0.332579919127184,0.382205691615167,-0.00251319511132216,0.454737377154746,0.458257211361664,0.02378402521125,0.4606216750266,0.46484629122967,0.083684944070062,0.224699926601657,0.210994316871133,0.119963091939193,0.356130168253554,0.214003014361694,-0.00966891545463836,0.505369109936584,0.34063297717277,0.0740649526767332,0.418025875305193,0.445809466276883,0.152801887879517,0.272207662423644,0.437270974645964,0.335401288095843,0.381511899529352,0.575946768599136,0.0656407821738977,0.271024496519475,0.295964008006093,0.100170463467007,0.382249485081537,0.425055900934097,0.113270455810103,0.262641247244351,0.432560919948038,0.233186227238198,0.252368061652522,0.465688713296264
"59","NUMEX_BILL_MELTON_CA_2019",3,358,8,6,-0.0177571826513171,0.445640940216408,0.425452581690391,0.147544422268381,0.413530124777184,0.464941512005872,0.245248232111883,0.406627221592609,0.490821200243504,0.33152586640279,0.396928770280968,0.549285569342884,0.368007030853323,0.419049300196632,0.600339692467662,0.433931305822695,0.445489858085014,0.635524798154556,0.0624736489670396,0.392559193100462,0.370737874530217,0.0976282315054443,0.368821716720876,0.434157423653222,0.347141427294608,0.408289388861528,0.572610281604984,0.370094448769814,0.448259205281128,0.58055529714961,-0.111891059472962,0.355590483201593,0.419796631541993,0.051091480498756,0.412984257411674,0.420309412165702,0.147618478456919,0.294114843134451,0.410124970909285,0.256192513355406,0.298431081604486,0.491549697872286,0.0333640973284218,0.318828111160268,0.348812408933111,0.00449180576853643,0.449370986525312,0.443760792345238,0.0124217234662356,0.43309219772387,0.403122669495796,0.0904841912772444,0.435623929340905,0.377030414833735,0.0283622251026739,0.291178118939366,0.351568429648845,-0.0168263022182443,0.471593878861872,0.467034569099791,0.00369821673176165,0.478996337834745,0.469511711299306,0.0812339691164611,0.220229176069405,0.229973755913278,0.106298853613777,0.346058156175389,0.205693420834902,-0.0204549987051915,0.505880317524934,0.43746098785535,0.0560303483498503,0.428668874481757,0.435262115115623,0.157460002238998,0.288054283085075,0.44736758722743,0.311919359012308,0.347796711115667,0.554502220822766,0.0777009539917334,0.281368640975448,0.282137779194627,0.102333177302751,0.355445223383282,0.417033093352985,0.122253406112113,0.27293270687534,0.436698537169476,0.233373797340066,0.245243132318563,0.477011117340301
"60","NUMEX_BILL_MELTON_CA_2019",3,359,8,5,0.00182527762156649,0.438015979634076,0.430698915063238,0.151542826002384,0.410622543776869,0.466968312886652,0.246736228519818,0.415036538717719,0.501586991962751,0.335770814017648,0.418511586452763,0.556329258976318,0.387128060154749,0.440158799838343,0.59902953718801,0.417228320387395,0.439693826248448,0.614006286275194,0.0680932339827487,0.424078253583358,0.385182093994512,0.102083542916835,0.363068646261924,0.441126707093094,0.356957183455224,0.415586573612496,0.57735648476258,0.38599268924668,0.456984991527475,0.581806549780406,-0.104187555844532,0.451979662211483,0.489145568368554,0.0776300284744152,0.410930344471568,0.432978624738606,0.161497556128242,0.28450244638193,0.421591067946879,0.26890298876683,0.287484165142505,0.504221290079987,0.0529889567581547,0.21268198306237,0.343720361234698,0.0278282302096104,0.453044703536961,0.449153918178803,0.0357600468373998,0.429427253612764,0.415248875199292,0.0873039074126117,0.440879584415006,0.383710307357416,0.0512874365061551,0.228320179491309,0.334538607680186,0.0156584143580443,0.448999760519901,0.452459591834057,0.0254842479979821,0.4510671778439,0.447590791180285,0.0866828028417293,0.224775253664978,0.218124634337964,0.113657235203608,0.412233853942208,0.233875399366832,-0.0211264372360432,0.492378383879503,0.490661340660832,0.0512005301826014,0.430642195212185,0.43673605659475,0.172150344048231,0.275376896139641,0.448832981483101,0.322224785120491,0.381226284485753,0.556278510060728,0.0973755084262253,0.220356255549203,0.278050228466896,0.114607095894537,0.378327444051826,0.444227716785397,0.124701341608002,0.285683214506249,0.448756667417925,0.224254886891524,0.270053095865212,0.477764016054183
"61","NUMEX_BILL_MELTON_CA_2019",2,360,8,4,0.033405616925998,0.430192235138976,0.427116719732309,0.163446246780761,0.383400733983433,0.451466582782846,0.233820573266699,0.415958331628966,0.499851218762958,0.301560833102044,0.375313383012632,0.552558435735729,0.378691023326255,0.430671911349751,0.584206934890228,0.423714588502141,0.444592708878423,0.620758217817041,0.0456337305163192,0.397595926032337,0.387274430689668,0.0748913967661678,0.369199645670234,0.450883430295195,0.347035583173921,0.419329561516254,0.587381430007167,0.36258346922528,0.42449137096413,0.576883176394789,-0.101070530212078,0.402761075198326,0.484824564703016,0.0718047818677213,0.408260870702258,0.428873819567395,0.154581674670138,0.301099752341582,0.429787348937676,0.255313486014148,0.328788844724583,0.528850009516576,0.0570519582406147,0.121413220834465,0.379146501688037,0.0366002319419197,0.447741185998743,0.453840487694938,0.0444154736965485,0.430455271839591,0.411425248402185,0.0925771153219043,0.432985605338766,0.408717294402401,0.0354239294315861,0.292754884535358,0.383908325303509,0.0257638286620032,0.410972087924693,0.418218095955887,0.0683616183441713,0.348666578126663,0.37070701076703,0.089205751246408,0.233185898400281,0.23427929057386,0.1169024636545,0.457064962773355,0.301899299831654,-0.0281724809458377,0.508371780084583,0.498390728840556,0.0579263160770902,0.428852439563759,0.44773950658569,0.172699821299746,0.256413251221066,0.444701972244975,0.334177556313636,0.388141563110991,0.566333807683827,0.0776106571789564,0.297889392689938,0.263215292835457,0.124377085140205,0.356476371980127,0.442521112248897,0.118366950295113,0.276999451179963,0.439705558974131,0.224862098178726,0.258182941061448,0.482134574871418
"62","NUMEX_BILL_MELTON_CA_2019",2,361,8,3,0.037438406901298,0.436501495392478,0.430840239262796,0.179902179880789,0.401846115130544,0.474702401174373,0.218747188767626,0.424204838842687,0.506903026496914,0.314074387646193,0.400876992660539,0.556311016804004,0.376833547674682,0.41298095446357,0.607585239796042,0.412812694584646,0.431380928439752,0.614882534210265,0.060845236393172,0.386541358210651,0.379783722741048,0.116306818997361,0.375636237400943,0.468564690833598,0.377969313570785,0.434036845287431,0.60113014370543,0.398166255333389,0.429815679358163,0.607278763357195,-0.0853773805733069,0.338258666752966,0.396600719877168,0.0681690403655882,0.405080190041211,0.422853068045603,0.163620260661024,0.311344038553508,0.433761542140308,0.293217020589368,0.330260495490251,0.548819297769056,0.0234794865368221,0.223494724033126,0.337820664427731,0.0233251292855135,0.4470843242584,0.44841830804511,0.0860277429909934,0.414227558896521,0.404250675861712,0.107698657337521,0.423719425159093,0.388666992822734,0.0269722120738973,0.288608198239184,0.340927805046215,0.0151563132556754,0.434205035369728,0.416409259703552,0.0764014953778384,0.303487802097583,0.324736092111263,0.0714054463343773,0.207594505609731,0.218270399496697,0.114056828087703,0.40185716563048,0.258601799921743,-0.0160112955981702,0.521056567423349,0.453576012607154,0.100238182255687,0.432165600514917,0.459185805259202,0.193190922666906,0.278180039057458,0.465524090290183,0.372039849746856,0.413682689094444,0.618508513303735,0.0864352456928783,0.254605983314735,0.317899286182404,0.128897087809099,0.352611754627968,0.437214117899007,0.0858472620555681,0.255758047028158,0.425788639790304,0.251130239290102,0.262624552308486,0.501979249411207
"63","NUMEX_BILL_MELTON_CA_2019",1,362,8,2,0.0455233927970381,0.436066893703919,0.421340970845267,0.21203642146942,0.414900302615761,0.495873813373129,0.248023152239103,0.423156135281044,0.519629258010727,0.346167644490821,0.443702630477478,0.577045139895038,0.407826851670901,0.44194903383488,0.621067080480242,0.396827987446014,0.438345860214372,0.598241758241758,0.0926594376593236,0.419904652315128,0.384416283514497,0.163678929056784,0.354832790959521,0.483585296863844,0.400934111702325,0.444862600952164,0.620015655843714,0.433488892524336,0.490342853008362,0.621057155949711,-0.0554820318451792,0.395281543694485,0.352021594241058,0.0976300587341194,0.403644381447358,0.434499304407171,0.195640107814925,0.313819328198413,0.458708755440782,0.302727212768764,0.306438966201337,0.544742905044796,0.0321615303413781,0.288067513084416,0.376803738855175,0.0520687256375963,0.43695671731632,0.454657477200236,0.107475019506723,0.423368957819162,0.408811054813108,0.133407878670207,0.438370381500124,0.377357815081001,0.0442925847579842,0.26319439146173,0.359259918599712,0.0455864156690565,0.352695119163308,0.370290559267418,0.0604403134482162,0.337336919203479,0.361635576409552,0.102390753928006,0.21681744479548,0.266262975778547,0.108375559197633,0.45003245849949,0.300659353048462,0.0186643274555378,0.479583587760364,0.380940701540132,0.0817899627696635,0.4315553949436,0.453571698255682,0.179968705262495,0.265892060795437,0.445246185116646,0.361513431956727,0.410823999764823,0.587869627277864,0.105258978658608,0.245054567713232,0.25604732509746,0.141456869027123,0.359789749500828,0.447963473857259,0.0832694246981965,0.258686628626502,0.413427959156107,0.264866078172069,0.2794614806901,0.514382728455525
"64","NUMEX_BILL_MELTON_CA_2019",1,363,8,1,-0.00485639780459286,0.469524686467233,0.42772239948036,0.219344540532555,0.422925280486526,0.498476921463773,0.248313433539354,0.432410729252637,0.536143895116847,0.334312263211195,0.447923604899741,0.579486301152619,0.391588834737703,0.45103974675372,0.612215071902367,0.407206896602968,0.426105597593487,0.601026824002603,0.0979970038350553,0.421115923491385,0.400993314797164,0.183623239058807,0.363106835494379,0.500379820103004,0.421631003264337,0.465174156246121,0.639276748069046,0.431473582832495,0.505887367292596,0.633921049901442,-0.0325068167430175,0.390003523874248,0.280760725342769,0.123980795877234,0.399290759739631,0.431655164177439,0.230121710960287,0.32315417724313,0.468377110694184,0.324654272172857,0.352274925982309,0.551777154727093,0.0723674725370683,0.120638035630801,0.352240091211303,0.064860272405629,0.446057887702643,0.452661912406985,0.0703486896031453,0.412281497434128,0.402368782525545,0.10352053545475,0.436145914777623,0.365430429302415,0.0405359371530114,0.298623014561063,0.353185132437949,0.0163717483792377,0.415888303555938,0.409182430931523,0.0316851727712952,0.410524910353246,0.399774929427024,0.0930717624432278,0.246586597128195,0.254193370442806,0.105546571562019,0.428058872626302,0.308809618626269,-0.0170107176412212,0.544688750932899,0.346088608453762,0.0678822118756199,0.427000893316369,0.439253765012678,0.21485030547029,0.279438205522175,0.477790463817721,0.359150389655628,0.417574790809616,0.582129881589106,0.0867026165827872,0.3278682189945,0.293922683956908,0.138409737051451,0.349381782909116,0.43955928018493,0.102995206198838,0.237570430471039,0.415876287904191,0.275862076546123,0.290376548629402,0.521943329570634
"65","SW_9720",1,364,9,1,0.00083583828925766,0.45202478042107,0.406225781087475,0.188940159663615,0.397818679268748,0.462157608920947,0.207392051206114,0.419551378452146,0.48707544211287,0.274684373062207,0.38498180881548,0.531880936282559,0.354594264541921,0.422278661991065,0.577810388723053,0.424013417856393,0.462725774070312,0.619979786786509,0.0777191452104396,0.40468489625623,0.376358828942492,0.132958702342571,0.341390231306198,0.436914423889214,0.386325914896771,0.398659042951467,0.587739192062367,0.391630814478555,0.462445519413177,0.594789674787504,-0.0159580450706787,0.307287048323822,0.263118341046303,0.139840409738055,0.381630924569739,0.422716224374623,0.211191667395783,0.2746220881515,0.429892929631492,0.313592978192364,0.312519564417983,0.520614013204943,0.0671621788810741,0.194689994629894,0.324692934739763,0.0778678094853445,0.445702710576801,0.445286403506361,0.0520653517011401,0.418948776237234,0.405516091304787,0.085717251485921,0.443300882636953,0.361980646851769,0.0443434841411286,0.269598282700696,0.347375589521008,0.0132738376312429,0.402554723648232,0.36576627817085,0.023479113880889,0.390663195239185,0.363356603341726,0.0794822058800666,0.226064557110142,0.217997258579476,0.112495788888832,0.389058485306392,0.328319813504554,-0.0229829965193405,0.534032587393932,0.422141164157971,0.0411072213962996,0.432553406471703,0.435913132903996,0.191436513099533,0.289577654803693,0.455505061230268,0.337687171486859,0.36198328951897,0.537165564595065,0.0724752892397487,0.372390941417101,0.337437394449875,0.154675023737231,0.332982495921594,0.428318468408886,0.105835810935946,0.243284742681284,0.40013544051022,0.253414735099338,0.250667058333945,0.471603073189326
"66","NUMEX_BILL_MELTON_FG2011",1,365,9,2,0.0218627989531233,0.444361228291826,0.41792008394184,0.193155889148291,0.42767526246222,0.485609577450559,0.226186748581752,0.434042063930069,0.514798339264531,0.285497910845274,0.425718404475993,0.557964774392449,0.377906237045969,0.446734802967036,0.61018104887556,0.434020248670536,0.479297188961054,0.636245951372002,0.0903565927045178,0.414158439801074,0.391757495542924,0.124671112265246,0.359649162832554,0.498144331639141,0.394689336549315,0.440370655102964,0.62443192510821,0.402573560209193,0.48241121139814,0.616747933741398,-0.0664995177943903,0.347763287282575,0.337247379083176,0.0836654970181111,0.412519970951343,0.426714089473362,0.17984132455602,0.279471360776956,0.434872162748777,0.290429519807691,0.30291140067725,0.534557132245942,0.0343868414961066,0.381687519980191,0.364471940882658,0.0473544567657773,0.446594821134561,0.459683448877596,0.103465326092219,0.43454849850599,0.417197100308411,0.115581937625109,0.455859357106079,0.386799657719363,0.0626787063022422,0.168261799603831,0.306885115577672,0.0398445969028818,0.333028028248892,0.325109055041538,0.0528941982842589,0.315256855492353,0.32483839094556,0.0855438328063423,0.248285039174232,0.237814533847366,0.116168572209507,0.394218750284126,0.327578814146451,0.0226334448073832,0.471412578872379,0.365219994572223,0.0665923824608406,0.437020096870584,0.44659352829707,0.168537724729726,0.268217139478429,0.427749449323157,0.344176189398238,0.391524829359936,0.568346583415307,0.10647513652482,0.232561472656425,0.323597473207942,0.11687870390138,0.362796274950713,0.451453896688775,0.0825022417287824,0.253827754080678,0.422393620425324,0.251736989169381,0.297550761598172,0.505853435901724
"67","NM1702PAR",2,366,9,3,0.000154659052400547,0.431995972433466,0.41864855323475,0.188260729268711,0.405733123623781,0.474939960155185,0.230472558687062,0.398338783298324,0.497989007031618,0.28615058674119,0.389181077593225,0.534241580626197,0.361287307484807,0.420573955170991,0.597238647302115,0.414149305027273,0.438845794728148,0.622414606868388,0.0683521703890147,0.41656353247369,0.387510309303807,0.0937331186506459,0.358586511527688,0.456237879767292,0.366703898412164,0.396493651575394,0.590172854929188,0.372658530170093,0.451562839157803,0.58913902584404,-0.0622285130278518,0.301386177063894,0.351578551831516,0.123137425204104,0.384429840046097,0.427785899403998,0.171181217968959,0.289237845185558,0.433758821667318,0.284174575835793,0.306893228339558,0.530026905567664,0.0306501094441799,0.371438826701392,0.315697126019416,0.0420320428796624,0.448210264387972,0.445758780103014,0.0733441668876589,0.432047197574456,0.402592490569853,0.0589612350995292,0.419659040003116,0.397790187452872,0.0481648169811878,0.168627074214419,0.267968958251504,0.0109289553596076,0.410407378611475,0.365376754683804,0.0587625018857039,0.288673190369485,0.281939063755396,0.094962035404957,0.250535579960885,0.251513297561139,0.124338840151559,0.372014260249554,0.290222119524952,-0.0145200925808896,0.530459495216772,0.436480256462447,0.12473991987235,0.428609223717098,0.468984416592224,0.176376055832225,0.286497528720556,0.440329781519743,0.363545619716362,0.408019533802151,0.604838863218635,0.103391131643316,0.194359594511876,0.409032763461456,0.149611884058672,0.34445424204498,0.441844919786096,0.11177554370136,0.25355157143848,0.428680531978198,0.249797342069049,0.28177163900386,0.512609745390694
"68","AFX_779",2,367,9,4,0.000524777290641345,0.442963601552831,0.423468060124607,0.16571882026187,0.397373429799727,0.466635461885289,0.232784180312884,0.415729251907816,0.492568716260364,0.290289471782108,0.388893239113827,0.537419626941686,0.386887543822014,0.43691734438509,0.582881231798791,0.418240789383523,0.445767350680845,0.613977548787237,0.0857277223487136,0.412366390599561,0.396213254842698,0.117033172632772,0.377969927035671,0.466298084844798,0.381535414748405,0.426309625340845,0.599699896295051,0.393459394149388,0.43437458934191,0.595513884566172,-0.0785906462707338,0.339860862587476,0.468014157339194,0.139283479479565,0.400809337568137,0.431352774934159,0.19307043907623,0.326362107136856,0.441708812727464,0.288241250112818,0.354197743144921,0.546018560095794,0.0534155829408689,0.331395093142337,0.373528025855522,0.0526686362207277,0.450171598402935,0.453052949055522,0.0500567647570956,0.441141504612819,0.419047831042923,0.0832909913433687,0.454828875403338,0.40965302066146,0.0513282472659634,0.178109331833805,0.312566558063875,0.0141426956107503,0.397389053145639,0.386972069814839,0.0500254745264884,0.345790583675331,0.339121067031464,0.0780422779659628,0.219343396352573,0.208687962823663,0.109169180560178,0.406458241276665,0.355551130774112,-0.0323603819256239,0.490770405047832,0.489812063233598,0.0845351775546961,0.438862220112692,0.457722498498758,0.164594982853676,0.275351912691175,0.438637569277021,0.377738567263235,0.405064891635728,0.587802927303956,0.0917044060209427,0.280476327969831,0.329774697920221,0.140560190797285,0.367779488923742,0.4520558946354,0.149921408763881,0.298966307804075,0.43620094844864,0.262243800610069,0.291537236785261,0.501871246010842
"69","NM1712PAR",3,368,9,5,-0.0442132489782593,0.459399201981484,0.443155991919884,0.10718094789226,0.427645758624305,0.473992408514208,0.191667171793878,0.424461399891081,0.479213697177648,0.268843038113285,0.40638580298156,0.529983148820538,0.367552188931507,0.439337230838947,0.58187668671625,0.39442503097959,0.447292038987541,0.599130004943154,0.0830682959554402,0.421865680653234,0.381437797459183,0.0884904462643026,0.389401230577701,0.446418567426971,0.347652300137154,0.399286878320861,0.556120393838565,0.351705366204818,0.448430614558246,0.564274516694747,-0.102911075563931,0.393613157714947,0.497473058543058,0.080425418607192,0.419999075965246,0.431047567740029,0.137343697555102,0.299630933094985,0.409798521497868,0.231229480484677,0.318187748193236,0.46747659199388,0.0523175817059013,0.372014791442333,0.351116638888657,0.0165890996608573,0.466216153787875,0.461005689619171,-0.00488997596527322,0.463071756302919,0.431840555152102,0.0602957378667102,0.465910094530289,0.413863648440406,0.0602464431380809,0.159578285846692,0.286580632156787,0.00836531488406601,0.446743456580094,0.437495223854796,0.0183802842802246,0.447465857938506,0.432651255054551,0.070684355099098,0.188532504220785,0.20291459806429,0.101145328475157,0.380612547346677,0.321405880352698,-0.039305254245152,0.50217659713458,0.495895623206548,-0.00537330495729103,0.4520983232831,0.451785669338339,0.152261494169055,0.273748974637636,0.444941059881162,0.271997502477205,0.338711149840242,0.483517581479664,0.0880744824953447,0.28551836912487,0.280771632341744,0.0613256072725746,0.405206817709416,0.460321831912977,0.0940924496134357,0.299730394466711,0.42031040669967,0.192144812333828,0.295319925723098,0.45590578303731
"70","NUMEX_BILL_MELTON_FG2012",3,369,9,6,-0.0235561782189294,0.452880882617388,0.432571726766592,0.159593368903963,0.414533878578169,0.469571227849429,0.241470727562296,0.397996626555887,0.482666705165316,0.290662894113247,0.395286759155296,0.539679239537938,0.366021106789016,0.422183867351154,0.602238119535299,0.410492024910726,0.451604497002421,0.614844163909908,0.0733517708702675,0.391202233559027,0.325471758680804,0.102819494015434,0.360832709152037,0.443932957798504,0.360744475554713,0.409693609933252,0.591877980516282,0.381833838063133,0.47550057059861,0.600551751564824,-0.118016091677602,0.361959852909831,0.473198673824147,0.0556003756368191,0.415888915137675,0.429044981669598,0.150640222508218,0.279410661074937,0.410048191884634,0.256865982853407,0.30207436492881,0.490916772285594,0.040545163198354,0.416379658149623,0.352338685817262,0.0151974592314181,0.455997499515392,0.452351577781673,0.0396344297830191,0.439364639474824,0.406684529920951,0.0752482811306342,0.43465962814096,0.396418857991903,0.0442712096971898,0.195306249511382,0.296053093860881,-0.00409067662109521,0.456060029581808,0.447032004413845,0.0126329177910806,0.463639540458543,0.455319229099143,0.0723406281536065,0.299119844132156,0.204127181528002,0.107822012236149,0.341199382470228,0.284526660520463,-0.0299412605382934,0.508689870411833,0.467148381844087,0.0374918168623702,0.441498114008119,0.439086237832745,0.183498385418432,0.298320695872318,0.453115311106392,0.302258375274462,0.350787641501681,0.538735070774233,0.0858813965832272,0.244769675685027,0.332493235570754,0.0816085597378881,0.3938394021277,0.451287926028105,0.103957508578022,0.284835575198213,0.423332435487979,0.211988176255917,0.28985447412796,0.473486733001658
"71","SW_8888",4,370,9,7,-0.0161239815028615,0.449609974619244,0.435005382439813,0.11154475643474,0.389503785257418,0.454021851735347,0.199314584531832,0.398455351082523,0.470950609295805,0.263556404947826,0.379501754724878,0.523671238610387,0.351146008015902,0.440065795655836,0.570717244662007,0.369416754472906,0.440468289880055,0.580949170014914,0.0704273070872931,0.380948735803615,0.304317314197948,0.0854120494368864,0.376764431262701,0.435431599110232,0.328276683980194,0.390084765782972,0.561589528602946,0.35967719599319,0.478515612887221,0.577578632929186,-0.0993513384064642,0.316621719291054,0.417720952309037,0.0955916526156744,0.4017646183864,0.431986595619953,0.168711158091013,0.283534439416792,0.430587676666108,0.266237987251212,0.336863000646172,0.519517306084601,0.0663294283600034,0.293940065895362,0.33690251145223,0.0572285416845746,0.454130854366249,0.448058646380836,0.0549955681157034,0.425320155162336,0.39353771225339,0.111341263258887,0.395569059656406,0.362636861186933,0.0366371227072266,0.227235470255739,0.335399517927938,-0.00111633765692681,0.46602069257373,0.458758834717216,0.0195445871045674,0.462662397908195,0.460609400122637,0.096993000780661,0.267975360647243,0.250450495628772,0.116889948102153,0.301941711963498,0.239747144649105,-0.0139941676273932,0.506016181559129,0.364485209308637,0.077158884373539,0.431266433863007,0.457911985779125,0.178578622303418,0.281787982128507,0.473636715675865,0.31328210202194,0.389863728266586,0.561735798767283,0.0810024436804631,0.248347160783962,0.328601877441979,0.105170588600676,0.394872536377543,0.457577653885539,0.105521924174631,0.279094519952833,0.451522519266504,0.220909617131013,0.285836050838246,0.484387934278189
"72","SW_8421S",4,371,9,8,-0.0385645075837163,0.444481173156189,0.434289925284985,0.122438868201635,0.401902416780666,0.458928988931725,0.242371814736157,0.404152860296315,0.493549727708806,0.285592317432586,0.411186017596945,0.543164849246072,0.38153378368889,0.462889492847945,0.589010895560207,0.403084349214536,0.457492849326759,0.612478547980278,0.0426783304332432,0.440191222152533,0.405858647715656,0.117727847777749,0.357763447259246,0.448696572646152,0.339649641768477,0.403391031724105,0.576248163141099,0.387035985378408,0.491316180793305,0.595214752567694,-0.0900423719157856,0.317968393167078,0.490701365044054,0.144263564871752,0.395128767729917,0.435252797602391,0.174296869455151,0.294004272770413,0.453193406564999,0.33770988891013,0.375914953581507,0.549055019512925,0.0445123041685343,0.439912594336254,0.429013597776275,0.0398367231567965,0.443349542386308,0.447503659814326,0.088537991516613,0.40364030482766,0.417485080192249,0.0724291805038492,0.394706689260066,0.381789311912268,-0.00272596684858996,0.438433520115064,0.421058957281332,-0.0412040818674428,0.47835026895857,0.47671462603086,-0.0367416668132659,0.47921682626539,0.474259575923393,0.0869143853032165,0.32579325677415,0.274783110175016,0.0794776375122968,0.414927272958706,0.423905639414256,-0.0441803802294498,0.287716771829839,0.222311384761517,0.11295843277067,0.43923682345481,0.473930751755363,0.185888546497835,0.282836454182437,0.46429890197744,0.340856020861826,0.419291175534905,0.586729902550671,0.0142914659636751,0.401822540707492,0.351219781085125,0.185527904811481,0.372542248508784,0.471375729861492,0.175260174302622,0.313453482420204,0.473023924488276,0.262308188984992,0.273668770990983,0.498825027523447
"73","SW_9813",4,372,10,8,-0.00804892348744994,0.443222902626147,0.43527288267412,0.131266896935303,0.401402369717941,0.44963875432526,0.212846071731587,0.39979178647366,0.468220407973391,0.272959934491772,0.389035706236518,0.52607633858141,0.372443401391437,0.440352454594497,0.579456191755609,0.442566608254973,0.46125674402491,0.623398777308812,0.061697578749836,0.402702724948598,0.339034604690671,0.118179321547246,0.380100929260593,0.457994992868942,0.34593112351044,0.402850484690507,0.57294441975279,0.377441959146929,0.464993574305491,0.582312285307727,-0.0989672204427718,0.297454759742574,0.473760023786623,0.12824683041144,0.390794900735841,0.432083891120036,0.161609920879345,0.290025199573263,0.438077290953905,0.3230744830811,0.34371009736474,0.527194679587036,0.0573219176042966,0.42510723981187,0.37910555736414,0.0355699372639382,0.443297950897021,0.444241054986615,0.0646187971827986,0.40086941924019,0.404646486568706,0.0573105737156702,0.40255372871511,0.382209102686023,0.00301759175354297,0.379334951543186,0.406304236639172,-0.00391317335592545,0.452207659758077,0.432237961451147,-0.00308454872302831,0.458871595330739,0.441758602273594,0.072239294700378,0.228977650736339,0.217910836969059,0.0820883093964873,0.418709915571533,0.41770033804118,-0.0323476833973076,0.223339100346021,0.208351482461497,0.0933060024050944,0.429110022287792,0.463668372088826,0.179077681771195,0.285373273539613,0.462736103997768,0.326029969691417,0.40880237579038,0.565652609797172,0.00680269362318899,0.402879929739599,0.364369692024058,0.158071627554786,0.366015696352425,0.460304038094518,0.158407686196553,0.298225218219852,0.479089408990183,0.238116894819532,0.265109501512048,0.489928682915952
"74","NM1703PAR",4,373,10,7,0.0261867280366745,0.432062578672901,0.429181872353329,0.185193771796257,0.386972267130954,0.476398457903246,0.266903690562713,0.394459723595742,0.496312872103478,0.32618268989946,0.402141647758216,0.571237017734242,0.409506237950894,0.461449883546975,0.614279292881961,0.450426571820119,0.481327807140956,0.645414823546311,0.0733064658756215,0.370584987445817,0.305932819507077,0.121259935192508,0.353378445395252,0.461626530954262,0.35064777587274,0.403373416336357,0.605563593771531,0.409343810583062,0.516736003043193,0.627505273714424,-0.0931690219956341,0.305840641776608,0.461255542011413,0.150699267921207,0.372659138356089,0.435409707038247,0.186241796845383,0.278589559651253,0.464493801272854,0.299755052818563,0.330419263419586,0.553044632395511,0.0665159468446365,0.413035492210266,0.351078699314991,0.0699429601237411,0.426904472457387,0.447974050912489,0.11080693034568,0.409420223318503,0.403122823321656,0.150543017105336,0.399905084919679,0.380351845438671,0.0520809406585153,0.175390965340356,0.298600408602697,0.0319205436573931,0.403483387186666,0.381399271386474,0.0422388429132754,0.402396429388876,0.386430151827268,0.0821057299293389,0.248174981650414,0.23985773303974,0.124314012466522,0.347705715693521,0.341702353520861,-0.0120842695827021,0.473996265172736,0.450507211431581,0.103461170582102,0.432459196772419,0.470738359528664,0.175359980287396,0.291128605473477,0.45729943000064,0.316943587047112,0.392624215958843,0.582335285249001,0.0823456828432653,0.309207088577358,0.31743716611471,0.15149639889706,0.36386390405825,0.465134036267896,0.131364999068433,0.292092975711975,0.473000974733591,0.242333714084878,0.261956694204386,0.516422317893171
"75","MESQUITE",3,374,10,6,-0.00356911275747421,0.429766162016317,0.421053448681985,0.175485996092066,0.400401635734508,0.46396493656286,0.238063259331023,0.395410933703795,0.482748618696913,0.308583395399126,0.384881998776522,0.541118838339934,0.38897222724773,0.416204946617873,0.61499424331922,0.428194092959537,0.458248602608464,0.653271480537917,0.0733231268865208,0.388230463984277,0.321333783035406,0.105395279095982,0.372282680794792,0.464785902294553,0.359005490320698,0.413219177807942,0.594464197768141,0.410914963955538,0.50463298821507,0.618181342692236,-0.0791903956948506,0.301621896589091,0.418981115786042,0.149548073675991,0.371856051657611,0.436231199307032,0.184755159002517,0.284495050492181,0.451710493030436,0.287642200723635,0.305684445109681,0.524348391698589,0.059937136980416,0.423756644230939,0.336769830206336,0.0591199203730611,0.440605880703837,0.450305175803617,0.0670627133612048,0.424282525081363,0.40117214853398,0.0866089729067778,0.412689773889784,0.385168861546795,0.0575784662184058,0.157311473371594,0.234608780342612,0.0094040343579002,0.381377697365518,0.344864974413538,0.020881310423798,0.396973182269017,0.350345807583734,0.0917803445591781,0.262862277050633,0.255172425321365,0.108674545809874,0.36129238908632,0.377558164043912,-0.047226310114977,0.507355859010271,0.492247658867469,0.0371637128327486,0.429279439632079,0.440897796859437,0.191938624448512,0.288819990089899,0.465856703267419,0.287543329711111,0.371172964190294,0.547985796619042,0.08075509320118,0.301394513105999,0.311880717710114,0.129419949788927,0.362893010202147,0.450466334180352,0.134985887655893,0.267490824909501,0.442049506998296,0.215533821592957,0.276403969827631,0.479245830666849
"76","TMA_990",3,375,10,5,0.010603775807634,0.426468296363681,0.414822062613932,0.221738818606947,0.404712425290972,0.488114081996435,0.285386394016812,0.392390902448434,0.518199033202679,0.349896036404593,0.411355818148424,0.587807477881323,0.430042527333635,0.476154898142652,0.627838867889163,0.42389037258865,0.455528938573921,0.627052655149541,0.0746387437024093,0.398036746391949,0.352766515051995,0.145896824670752,0.375469451732428,0.476096176026972,0.391913263697133,0.425201225591518,0.61665126571505,0.414763936820116,0.495219075284435,0.628840993187398,-0.0630186518730341,0.305943301582507,0.407944898113289,0.193203982699797,0.37166312839599,0.433055918794482,0.194252066413202,0.289062833388515,0.453874480373763,0.293793369873926,0.299553520905663,0.51806414988263,0.0626665688181994,0.413880286516953,0.359419991448639,0.0558879143306825,0.44402199904352,0.442478853392036,0.0478740501311694,0.427093529810581,0.394677937396992,0.0985543655306184,0.448504022014652,0.373830425221505,0.0710534660890719,0.138249564128865,0.217095567630905,0.0128017309098037,0.36146404353945,0.325691621805155,0.0239232119353167,0.361865756925796,0.319531280786791,0.0805270882070452,0.235407953462715,0.225359978603547,0.108496003505864,0.372790907660064,0.405860907006562,-0.0507713633992162,0.501329126806432,0.493340796526223,0.0697787892532181,0.427562629673179,0.453479286451423,0.168729770633503,0.277906878756316,0.461832795693488,0.326895644329539,0.378917846237213,0.576708983937988,0.0777808908138757,0.367250964642885,0.278375725122713,0.198071517946804,0.34178791658006,0.478220681141072,0.16722386486951,0.300014420216048,0.497254135316387,0.243350125005153,0.253754614595344,0.505287171513094
"77","TMA_990",2,376,10,4,0.0190724861597625,0.425358366604155,0.393448648300098,0.204761851417076,0.375351030064237,0.448814184325512,0.245808029380531,0.395790814382774,0.495903984369549,0.314556102367947,0.3841716013112,0.548538855964523,0.4069833361548,0.441756178442175,0.601135703979267,0.445429949101176,0.4896187534843,0.640875837514493,0.0674714121307447,0.404291798156589,0.362733903904942,0.129879236924983,0.36342426676553,0.471359916515626,0.375773769605382,0.427870004444498,0.612952908343243,0.401968961895387,0.466271822382089,0.608358054168777,-0.0682000753526302,0.301868718621092,0.398679555863635,0.170962022845439,0.364160257588087,0.420846435852342,0.192809916307286,0.304351616819336,0.451950851635213,0.300668172954633,0.321513191083615,0.547294428090716,0.0605878546791167,0.410267184811914,0.330264006460185,0.0806689615557861,0.432395187865601,0.436025156952711,0.0588309194221011,0.424900968381298,0.401562060896446,0.0911178591255587,0.444818058052115,0.388533781889543,0.0714516141165892,0.126110475318532,0.203873311970703,0.0107805301333012,0.301923463737244,0.265910076797992,0.036326422605248,0.266362439917601,0.255660334172579,0.0703013113679351,0.189150159637598,0.211677114153419,0.112451239657462,0.382911736520631,0.383401978059145,-0.0373540466896977,0.488801139833096,0.482027613813692,0.1238774268541,0.419166238055277,0.463455239435857,0.154941373534338,0.273657368659929,0.424081212863145,0.342859818214326,0.399673533046518,0.584961537699003,0.0933758322411534,0.292576078395816,0.344222806540333,0.212212777575443,0.347920485251601,0.474414063730214,0.177940747805576,0.296457372746157,0.485030172933072,0.250586455372906,0.248879203422663,0.50364372117006
"78","NM1704PAR",2,377,10,3,-0.00530383072663711,0.442186306630406,0.421389108974496,0.230435621111157,0.402648044458425,0.486194316871133,0.244205243192692,0.410125625903816,0.513107426469586,0.316013077264289,0.405372838790689,0.569208281013555,0.394994199441674,0.430495593528613,0.622082860405624,0.431571596983873,0.457344305243465,0.625972440258155,0.0747175102353582,0.392827418501909,0.352743141002419,0.115794873369811,0.346525789803101,0.491319433756409,0.372265618011456,0.433086310175166,0.620707592669147,0.402627257566769,0.491288515406162,0.624804094477297,-0.0860078735159494,0.329884970676332,0.387647562234136,0.122167841107791,0.395894043254158,0.429267407053156,0.177241962623032,0.29414928447927,0.454874002133687,0.305267368659911,0.317003680785087,0.561079034251827,0.0392485590533234,0.439228114499194,0.305906096415199,0.0510776661522897,0.448993545670479,0.451558582848493,0.0852668756943623,0.425495482711319,0.407318925867495,0.0687976173240398,0.414563784583079,0.390699238297319,0.0719694501111212,0.13987662798222,0.204923766114987,0.0156646789745062,0.322092084887348,0.261013649475775,0.0454848224338757,0.245072289616236,0.236355764095521,0.0756508687944928,0.407032651777288,0.212248547761351,0.109442430157184,0.39100455777285,0.360806776516963,-0.00567951998280869,0.484634879592863,0.454482989777107,0.126761128046087,0.426253402516334,0.465488506057108,0.203057378141526,0.274905196735734,0.464705713813805,0.360937502666268,0.413748353401695,0.601719052698468,0.093526934434686,0.234405366930218,0.379778110912928,0.14596408034773,0.345415021132128,0.449843319917109,0.128699079786695,0.263166784006978,0.452206459815101,0.242614139933806,0.272278931353156,0.519231271001477
"79","NUMEX_BILL_MELTON_FG2012",1,378,10,2,0.0113919778217443,0.456565506979631,0.430826554682294,0.217189723191591,0.412597001153403,0.479986746356297,0.245628387306571,0.434027832919072,0.526727767230752,0.31253815316533,0.406503384271858,0.56284431226575,0.410017488721613,0.43524177620168,0.617486609459926,0.436210481305521,0.482415701323264,0.638569957897689,0.104764089846979,0.388648187242618,0.347026927993538,0.142399716221619,0.354440750659238,0.503145360708386,0.403639336096295,0.461846188342603,0.624582077061987,0.41259006460073,0.49117503223225,0.626961765010988,-0.0742676312847177,0.358848068322058,0.35593152031983,0.0862596206882355,0.413066025770109,0.430563234051901,0.178095854243564,0.296712884230818,0.454117019253318,0.306464601481,0.330432533016976,0.553785841921351,0.0388267731512735,0.431796822017847,0.335194701761583,0.0551650362559805,0.453868811684508,0.458047789844427,0.104645533000597,0.439875866149875,0.421305872521659,0.126063603991228,0.459356273610149,0.365030129170064,0.0783732178876042,0.13999059968898,0.22018504860752,0.0296588791180108,0.279222051775434,0.267749771189323,0.0434484461064721,0.273698405432212,0.263728923476005,0.104670453133533,0.440301389097839,0.260903331494576,0.118390928831812,0.391879630319949,0.415891713677444,0.0186270189958905,0.482586539517768,0.343785014005602,0.0707705842602653,0.44089581917491,0.456248584157668,0.194317785931866,0.28237492661112,0.453372807181909,0.343943459042278,0.408315924808342,0.587832634523039,0.0964935439703814,0.287805936187347,0.326932747390173,0.118709267744022,0.364161641445747,0.454148809749561,0.113169213423238,0.26398998810813,0.432716202077504,0.249478924378429,0.294752357871988,0.520493290949338
"80","AMERISTAND_803T",1,379,10,1,0.00889637203215442,0.445655153215272,0.407766226257522,0.207275919497904,0.403946062703156,0.468403565062389,0.228422667819779,0.423850836272613,0.506495177052123,0.308407442040918,0.400746071734212,0.546704395342626,0.384339581627427,0.422692720210761,0.5845464579884,0.404595330984947,0.445652620022368,0.602657644254283,0.0946453363499767,0.387173168318625,0.329529303115756,0.165853011616841,0.376142764798227,0.490695081451384,0.418866932512004,0.442117144501455,0.622929787872156,0.421968521132732,0.47480271120794,0.624049348134315,-0.0141749368654342,0.32395155751646,0.290449581629828,0.165486039950178,0.386070814956516,0.434644951024674,0.222387177759851,0.289821763602251,0.448463009969466,0.335214618615183,0.334182300736344,0.542692966220188,0.0537180376364702,0.331654224529791,0.323525052611272,0.0770386530211845,0.446936767233264,0.445210913465239,0.0433878076154499,0.425044264587235,0.405166453101442,0.0866409035757943,0.452716843970648,0.370483645347688,0.0510315658988982,0.23725537291825,0.311797955479449,0.0127435399450251,0.332745892535465,0.288712802577411,0.0199147859182788,0.330111146765147,0.279232837742236,0.075129385695471,0.433835648496398,0.311383581565619,0.117363493584687,0.395088420760033,0.433872611148388,-0.0312137962193869,0.568378621344732,0.44055159780175,0.0670170927883599,0.420209418812454,0.446161314333179,0.172934764581749,0.270709583472378,0.443264839028271,0.361021536741447,0.402232457778331,0.565819426239312,0.0554034685278638,0.414186593870033,0.343454340236764,0.205128935394345,0.331182170908839,0.445215824845839,0.159150644438307,0.25885218730948,0.441944940329511,0.281937865903703,0.286512511856028,0.506601471734171
"81","NUMEX_BILL_MELTON_CA_2019",1,380,11,1,0.0182737829269574,0.449246503132812,0.403103017866021,0.215614770881875,0.399573031351578,0.46822170493866,0.234101599435652,0.413983955039585,0.510961338966173,0.311165797060828,0.42023458364258,0.564096427959731,0.399658448908846,0.446784118762388,0.61452580494732,0.44636737033011,0.480126578534883,0.64475353942482,0.118552444367942,0.400487438699768,0.366405250707453,0.180003936467796,0.365462311621481,0.499634375620535,0.43702885574505,0.458257957052537,0.634071480338102,0.429362771697587,0.451383615174465,0.6358759553204,-0.036592290407629,0.330460117294671,0.354205815830825,0.120044696995946,0.399100373711037,0.427102811070634,0.20297884493868,0.288684544351689,0.436352154573102,0.343670192192614,0.361343297096428,0.570048839439649,0.0537427475417699,0.348460152236478,0.314945496669885,0.0569192728923721,0.454511884813505,0.461050631386422,0.0431834228514984,0.447995206786182,0.416460348862122,0.0906966513903468,0.443477703201643,0.391330295317828,0.0611412059915329,0.258073167009995,0.323598268101015,0.0161992110406423,0.333154857341786,0.260164877820762,0.0219337289702495,0.356466788265694,0.272080863353093,0.0879761605599327,0.263251425037193,0.25039767313575,0.161599318193808,0.379937737869886,0.470921366784681,-0.035121872477237,0.59640511567949,0.387589558314675,0.0387530321463105,0.425493252499973,0.436954114123185,0.175096158879462,0.273718994499477,0.440879917054951,0.34067385415663,0.393591522747962,0.564171362441375,0.0550585282914233,0.404324530173406,0.335354871849372,0.146135946198473,0.340671000170065,0.427017000182662,0.136871214370467,0.256611987929655,0.441366247752517,0.250838017110293,0.267291518597489,0.487945601126023
"82","NUMEX_BILL_MELTON_CA_2019",1,381,11,2,0.0046016680000088,0.458829440244171,0.419233669534316,0.190510929286225,0.411988675684177,0.463859746251442,0.198186163089079,0.419743390463724,0.49018228308217,0.279140014512871,0.390413889693809,0.545214108631959,0.367750340360491,0.429389203017018,0.588534149719367,0.423024717555465,0.450859831111932,0.626188424087584,0.10615686429077,0.353709620864549,0.295530083412762,0.127385029956694,0.359488795518207,0.479631803701873,0.408788199931022,0.427858392693406,0.605799268860086,0.385875132048971,0.452853146178521,0.601804534852071,-0.064217240103362,0.324684173477558,0.379295249661023,0.0864312869687595,0.403437366021822,0.42943468864565,0.170163795758372,0.283455486658101,0.435732826843938,0.301265650038419,0.311943224506336,0.539770043187634,0.0575597151224894,0.419614310713448,0.292721944116446,0.0633881212650202,0.451118000699953,0.457822706692246,0.0583572469014121,0.442043715907071,0.417023880854089,0.109871579926383,0.446153099123959,0.349538709044967,0.090403693210418,0.151084285373851,0.186330365359383,0.0180929585714745,0.248145696554858,0.200362999246544,0.0324871865755818,0.261855878538186,0.204562066071565,0.0924437160849658,0.267437894516095,0.256971710181399,0.156909263856072,0.309008006429874,0.418788288755176,0.0174695943455174,0.48475948164733,0.294081857656557,0.0593531044685715,0.425463847757235,0.445335354574411,0.16665062485331,0.265900824830534,0.431430526482555,0.333800328433142,0.372091078643685,0.561896829363096,0.104994393576624,0.230844743504962,0.356648110043498,0.133500274683973,0.354820893541169,0.438890311121225,0.127458230834968,0.254373523753199,0.425441094330117,0.215857834070033,0.268598009245058,0.503307875928649
"83","NUMEX_BILL_MELTON_CA_2019",2,382,11,3,-0.0203235390414481,0.448924054426662,0.421461438378624,0.192181870026181,0.38566375170389,0.451333375275244,0.179727648302215,0.396643481074086,0.484641844444022,0.263126374841594,0.375417721278094,0.53274084787587,0.358074097402844,0.415081888893865,0.584339369285583,0.400290877236329,0.421493212669683,0.627003108935882,0.0979609188029878,0.361941095806974,0.322995221092383,0.127456789643254,0.360032731041134,0.472768936634483,0.359354129677502,0.404124173663748,0.607611502840875,0.393693925128845,0.445678147802331,0.610714804440295,-0.0999759895805588,0.309679687022434,0.360443432828844,0.0889562636294395,0.401622349966314,0.422554531852902,0.150673959263531,0.29430121767281,0.431504432917632,0.293381551807738,0.301671658183815,0.547976208010794,0.0537703099257909,0.444397328488181,0.297655239192314,0.0522779842544858,0.446493730657388,0.450007237732959,0.0484616364461276,0.415074323566047,0.401705634715927,0.0813846451288968,0.422138698095391,0.373925504609534,0.080028626720961,0.135969753227707,0.169585566849116,0.0115387251211548,0.267460231541169,0.205783772434856,0.0328523220786902,0.280510605020218,0.197805180437934,0.0827018785683871,0.251797636360597,0.246083111846614,0.116580916265245,0.39939640305494,0.33530426213353,-0.0155584487673596,0.497822783092476,0.439235022728815,0.0521506376943389,0.425981380999126,0.444611349032553,0.144137147658148,0.272497137313197,0.425685150254623,0.329661920874573,0.370407153710279,0.566242277281998,0.0824016635249824,0.239323882013951,0.355189048342945,0.0978133962590042,0.350296038749583,0.428749141802561,0.109111370200679,0.256153264034331,0.437051878970446,0.193589832968565,0.236742756804214,0.473815272377608
"84","NUMEX_BILL_MELTON_CA_2019",2,383,11,4,-0.0192694793386406,0.4462792345854,0.422515523022732,0.189170296294446,0.3921496487365,0.46427899758834,0.20484749927309,0.404301101141565,0.497204276237431,0.275267684616155,0.390194233704444,0.554356964285285,0.375828976911268,0.439283544892554,0.600493059677403,0.424179043099582,0.456867191320973,0.639373527188653,0.101008673623251,0.390176008394439,0.369724724036992,0.123576077567815,0.373331896861309,0.487948683747003,0.351451118977072,0.410650978790536,0.60419464498072,0.396592652556171,0.451825551868964,0.613644522999852,-0.104052152381108,0.322959643343955,0.430461922596754,0.100630783906297,0.401684881483825,0.424780868644973,0.16623966237491,0.287509263914493,0.435722585330428,0.296044224328597,0.31777751907473,0.555190229894615,0.0584152895012213,0.446583583057176,0.339672840897392,0.0432018526888976,0.446918272056542,0.452091661464437,0.028112879225175,0.420948236444192,0.411389633191151,0.0852281845070684,0.439841178418295,0.387843341300382,0.0763787316405655,0.119942505512557,0.202159057406889,0.00765556069857238,0.297642547891875,0.212815785645758,0.0278674173911381,0.314229414684642,0.220758486418058,0.0784904961845905,0.232636945656353,0.215743610317102,0.131867935107274,0.347062229107012,0.384258868078048,-0.0366716643530011,0.498799177790774,0.479996956047376,0.0242529675557458,0.423893485507168,0.440079574833785,0.137274861865583,0.25325836712543,0.410164932398952,0.30645601379665,0.347799152027299,0.533258804164846,0.0826146974225582,0.270729276168747,0.33023324437044,0.106582118375413,0.354715676826465,0.42722343997027,0.115571989191859,0.263080857637561,0.432388143269748,0.218039174778075,0.258649579591775,0.467160379787491
"85","NUMEX_BILL_MELTON_CA_2019",3,384,11,5,-0.020748840610144,0.447873080794021,0.426860318208099,0.156861690695588,0.404883883820908,0.463379930795848,0.171855555015925,0.393278081209838,0.478648321185478,0.258760841001016,0.396839985994398,0.548580182072829,0.364050502959563,0.453854780591862,0.60223364483519,0.421365595135315,0.463031040470487,0.629952131682236,0.111388191076468,0.357846676576768,0.321058635863043,0.119169181219806,0.366246669608014,0.478585280265952,0.348058344303734,0.422651523341622,0.59260892022727,0.406972463371558,0.490685064149116,0.627082512017153,-0.103210518935293,0.338974768341226,0.457583521213363,0.098697573879144,0.403561785267431,0.427429281395735,0.150938439900545,0.267673186611494,0.426309851560928,0.277613995736627,0.294997606996809,0.523756885658797,0.0580583014737654,0.450515835398338,0.347591197444014,0.0161338463082026,0.456268880003636,0.461301940008774,0.0136189773469371,0.450090568368684,0.424299776199208,0.080263131200422,0.467852555469436,0.391550725514016,0.0775583819088639,0.131609252241993,0.21282982328734,0.015227083338182,0.320546108279756,0.256020285591269,0.0270867664991895,0.331000151998784,0.247085423316613,0.0712774561009972,0.183631044915835,0.198679771994049,0.137670516210701,0.357137142160954,0.464865538165558,-0.0453193017584954,0.48926267046611,0.490529886695162,0.0213404597598542,0.437581939065742,0.435916908483547,0.156735961791806,0.274203506843383,0.43464621355019,0.29955055515949,0.337732298863631,0.524215217108588,0.089565217871871,0.270959845546168,0.322888570062171,0.0887809726498974,0.368382274207466,0.436876350283126,0.0992258104968471,0.263754695696934,0.437839559581047,0.210221811689579,0.269038909095977,0.460167300751146
"86","NUMEX_BILL_MELTON_CA_2019",3,385,11,6,-0.0144456449818437,0.442143989042754,0.414731408559995,0.173166713580681,0.404382705301994,0.459826555569374,0.198514387769948,0.388008152088913,0.476488794888021,0.277301482577423,0.397921072957346,0.553211308657303,0.353418625880506,0.431241377147874,0.602459690343799,0.417178317877645,0.459358066001665,0.630297222961583,0.109415872164619,0.351344201520756,0.303176664839389,0.119843808677923,0.360154147128937,0.475783304774901,0.346682524203171,0.407526817138945,0.599987187033278,0.40588291711854,0.522330580448662,0.626206669629721,-0.103779137501179,0.357689545170402,0.448555876173435,0.111816438041917,0.389427298950523,0.428886721184717,0.151931289334694,0.279870398301771,0.447153045453699,0.271761170481519,0.299938668448202,0.526708978136032,0.0640175528615772,0.446328897199105,0.327367599989241,0.043599063720061,0.444293450789331,0.458738386797886,0.0695778118529568,0.426107619150967,0.406869654819972,0.0982549424806958,0.417374223776044,0.370046596341555,0.0691481558387737,0.144881775547323,0.20509839714336,0.0186157015868365,0.336897044484996,0.231332805029069,0.0281604405361947,0.325077821011673,0.230375181200885,0.0774529146340207,0.379127859914019,0.208622250183496,0.133743129091762,0.317719613116507,0.438880918220947,-0.0402458126354377,0.506658185765656,0.487178404233666,0.0208696553803094,0.430757875170317,0.441365781471355,0.177846195983452,0.304935162994199,0.471384245635679,0.282558394892376,0.333636006375661,0.514662800262642,0.0976666085510842,0.24838632904678,0.359796149390916,0.0972756498570015,0.36965698916575,0.421629151338163,0.111704985370792,0.255678279503945,0.411254704823654,0.210601117227886,0.25765502748483,0.454361079083674
"87","NUMEX_BILL_MELTON_CA_2019",4,386,11,7,0.0100598558775089,0.441156841331363,0.429141951647787,0.193119450673701,0.408112881906734,0.470158024566632,0.225092028920113,0.37863726011532,0.489310288683723,0.304056420874475,0.423220640569395,0.572279736870484,0.371402647797925,0.459916200994663,0.609383697044904,0.425737083195403,0.470314460625879,0.636272101600821,0.104602747150828,0.34906026888969,0.310324448812352,0.125358624264112,0.359233937919059,0.470195655939601,0.353753420401127,0.409428341481579,0.605392857571863,0.41106276645495,0.515003803990732,0.628728948369471,-0.103225066301195,0.345168336911144,0.474289561781067,0.121899320466478,0.390741528204321,0.43348330139731,0.167834123911767,0.292706470956112,0.457913769635434,0.29312582658376,0.319453642534636,0.541681623034079,0.0647285266705346,0.435911493991622,0.337452994580171,0.0515351001166789,0.443652628330571,0.452425063890413,0.102538367423967,0.385779647831237,0.404716710923367,0.153435781023776,0.393325301361262,0.371182842372084,0.0598015148350787,0.156296089075011,0.255135178921451,0.0373864315484348,0.346757239239035,0.278744793212083,0.043109877864202,0.335405508506905,0.284375715266651,0.0994558942064007,0.456357086739214,0.240840145094696,0.144145415240855,0.338268444850224,0.437667021723693,-0.0140257014403875,0.46596292150078,0.458569102381437,0.0665312508860884,0.425774802860811,0.449598889620033,0.177198278868815,0.299537389812582,0.450729391777947,0.320209673593236,0.377618645476829,0.571438166400806,0.0841421942912087,0.288089598718513,0.322946717989386,0.102920622964725,0.375980707091703,0.443445733577723,0.113313605332405,0.263710923113288,0.43682741763185,0.217662766816702,0.254349575651156,0.471473340580013
"88","NUMEX_BILL_MELTON_CA_2019",4,387,11,8,-0.00293767214485402,0.442123671456205,0.440051892617258,0.176597895628118,0.404048736499948,0.458042067736185,0.213213492077831,0.388850457685501,0.467575852728668,0.296715371203571,0.401782414115071,0.552576708844457,0.370057931856115,0.442013682796539,0.595268119639429,0.434895697430253,0.440892978609242,0.626428550303983,0.109224717289982,0.402068629532934,0.346895848167256,0.134030649708379,0.362864325217266,0.471945954852529,0.373056218743375,0.417240046927491,0.605228891638338,0.406624979609592,0.487464899859083,0.611765394964874,-0.112918059695653,0.34424061028449,0.494548600476091,0.102923193610303,0.40003989815471,0.427319211486469,0.157697371835797,0.285101763402417,0.439093905368415,0.339125368152984,0.362398805531071,0.560045901312179,0.0563926880227818,0.447538144911245,0.351271713453368,0.0335614541433221,0.448939937358038,0.451564147725218,0.099666934773313,0.391280765652839,0.404762050508676,0.0978925117683863,0.405346177068812,0.382881697213202,0.0142771248958281,0.343111163858347,0.400788006032023,0.0293495862808276,0.421454807770758,0.382927047966634,0.029636733937346,0.420365142742498,0.398445840362374,0.0829984243071049,0.408772378516624,0.330622503050666,0.108174442589828,0.416060888045778,0.429470579951457,-0.0104464784548259,0.194802536399175,0.197420506664204,0.102321713168206,0.424675929421833,0.450572090196798,0.156434941560959,0.282215076162836,0.433114232455919,0.342159644145564,0.411990408844562,0.576714191216135,0.00326727983127515,0.407673466663505,0.373718271292035,0.110059511347396,0.379131945100559,0.447549806944943,0.141984351425651,0.271054975704674,0.436200400845499,0.242382552299786,0.249666478206282,0.463267478373507
"89","NUMEX_BILL_MELTON_FG2012",4,388,12,8,-0.0282431790158269,0.445589381229924,0.439034981012725,0.173072508042748,0.414995910663731,0.471350068155604,0.20880911778531,0.385334100098091,0.47642254512964,0.313589280254653,0.437342918403207,0.567521615569554,0.349452595038341,0.442494052308073,0.593030508212601,0.429796420717067,0.448996692694172,0.624390781953807,0.0939925798663039,0.411470036759562,0.378235475199231,0.135910387048112,0.379818936121457,0.483133937335618,0.385816325098506,0.425967679291443,0.605617084489503,0.400292363380571,0.490540685409966,0.6081279178338,-0.114075285030155,0.307904099323047,0.473202437420977,0.0845778727888927,0.404093629171586,0.427871690481611,0.149577265631267,0.295366221535519,0.442072618916234,0.342720260092317,0.3870652487396,0.562019158808562,0.0447972732360085,0.412886737957835,0.299532301847325,0.0163152665927889,0.460317250907465,0.454665955719733,0.0555931698291045,0.407356025045655,0.408801965514459,0.0591714360278454,0.426124001605128,0.40472028452536,0.00548859669681767,0.369500606122259,0.439750317189853,-0.0120124604332116,0.471299687667015,0.434568446033077,-0.0139686699288409,0.462363813229572,0.434845883878843,0.072493053361409,0.216282533473748,0.175717031910804,0.114405679256442,0.44007688209291,0.465874388334579,-0.0105869835670967,0.226763688174232,0.210981070628944,0.104347407626452,0.433675139637079,0.464005125289877,0.169705635329059,0.296029547091718,0.441236181030068,0.346066695176763,0.402769231275753,0.58307792599031,0.0077560256698637,0.4361191101603,0.393327695211197,0.0938906219895632,0.386770486175174,0.449694792754121,0.127693247222145,0.273830739659662,0.436582434113726,0.235683198811197,0.2617957133102,0.468661768189863
"90","NM170506PAR",4,389,12,7,0.00889488254885496,0.431668599933995,0.421093760368639,0.213769390560717,0.411130544196288,0.488174142812205,0.226999905842181,0.37748491826365,0.495349560076376,0.334080665554865,0.444246756173734,0.585072281786278,0.362985870608527,0.452595114873707,0.60399341892891,0.384047525686362,0.447763032814936,0.608855427540549,0.0803694457865821,0.399403583110685,0.373305611389044,0.131747165193019,0.372258952600648,0.472095553907838,0.368312776835247,0.387164210180703,0.599057446135489,0.41333601593129,0.508969270364973,0.62562353354626,-0.0648188267851664,0.264131803640924,0.336925055374084,0.177032047122883,0.378080688768144,0.450174554426858,0.202837264262386,0.321553112402786,0.479907919123605,0.341344332205135,0.36103559012677,0.574653850649775,0.0719806322804564,0.340420389337325,0.328042990527652,0.0888611555909987,0.437295396618604,0.453973881861875,0.118731046437288,0.37996087891663,0.413518384033998,0.158988294999804,0.413843492728369,0.367739317014536,0.0535831331700376,0.141111290074948,0.347313423135503,0.00454242262799855,0.456219283579065,0.376971367024763,0.00581819178382518,0.443765323778548,0.388111903261569,0.0905624092372412,0.246665576176995,0.21391129285939,0.160822618375247,0.270350381080229,0.425531641762579,-0.0149255694008588,0.484911798629486,0.479336115068865,0.111192840133486,0.435466355990406,0.468831332276171,0.175861542793533,0.273832276592948,0.454031287605295,0.349481422247391,0.417106806074087,0.588666941039284,0.0908658566995965,0.316489575182427,0.274683865573819,0.184605386372189,0.338082281787134,0.480110732505175,0.16731974426856,0.289908733260527,0.478327706542046,0.270971033868093,0.271121712486469,0.508371149214946
"91","NM170506PAR",3,390,12,6,0.0229740335015191,0.43146195136227,0.426131537434777,0.240265192019368,0.417188633742267,0.494282562650729,0.243499625523547,0.397551646338578,0.516497072097543,0.320149448100875,0.429731478485927,0.577506486256748,0.385704069181705,0.448219117449461,0.613408367781206,0.388107641509937,0.440871009037099,0.630350118931434,0.0888808005423301,0.408887319515162,0.386067912178724,0.12994586458577,0.362698754715561,0.480362914396528,0.371154293287207,0.400330534500915,0.602506136209844,0.426317194212032,0.512549711242522,0.628480824428537,-0.0569557849656038,0.286989243601416,0.346758614099491,0.203140087772194,0.363973643658005,0.449693749225074,0.208220609978338,0.323850936246919,0.484108450134275,0.323048772117341,0.330741867946877,0.580078756599238,0.0771764567117971,0.324972106055421,0.347242928201033,0.107501448648976,0.43482080599881,0.453771890435564,0.141111322997654,0.402669261088659,0.410117691407917,0.1634894326491,0.40479080237175,0.376824328899054,0.0713730412846262,0.146677157244221,0.300202372777905,0.00817246914825509,0.452333017894997,0.342683710143222,0.016230084689328,0.445688770292307,0.333458497764117,0.066999286509113,0.225455335487751,0.22095716277748,0.162737406398024,0.199151351164596,0.350267214369751,-0.0310749507878573,0.49717598049778,0.493516525765661,0.101059392312003,0.418730290575794,0.455570238364922,0.203420935030035,0.310450493214912,0.46317048288842,0.343567829288203,0.394102008194765,0.580437756497948,0.100674729312391,0.293385130937694,0.281167021025278,0.181156559518838,0.343548998588597,0.472321778197125,0.162785250886825,0.274377831564575,0.454337016877129,0.262702322323965,0.268395940465739,0.505111348021796
"92","NM1702PAR",3,391,12,5,-0.0146913371529589,0.43879838934315,0.429060932051296,0.160843964333525,0.414689715209551,0.473294698006052,0.179028670694175,0.399647897773254,0.493170901117022,0.273533123348388,0.412661724402609,0.551957696401259,0.339260147776954,0.44203607093395,0.585680269629537,0.398155566186528,0.43877190091723,0.60509677174037,0.0722522308134523,0.386149009614464,0.359374414450427,0.0834502521381726,0.360698296412582,0.454224766829809,0.350712312815509,0.377853187425675,0.573713397958734,0.398938216841049,0.495687634410008,0.608903336375674,-0.0752991420854294,0.304462254147061,0.401984230597756,0.1348052270699,0.379527748502148,0.430387318756249,0.159074119991788,0.282167104258608,0.443632013109137,0.281002421535216,0.298219568668104,0.537037960976493,0.0646199463364119,0.329348752034977,0.386277835985963,0.0413197917683716,0.451759502043972,0.454975620750122,0.0473227711888743,0.436872873173677,0.416754174353153,0.100824045083013,0.434444278135342,0.38537533192525,0.0735567908387409,0.126852393452938,0.327083727760211,0.00331827125377107,0.447183320375164,0.365643299314037,0.0132361550330332,0.453240444037537,0.35637006942855,0.0763966192744892,0.218473831135182,0.186803737692861,0.156854023570241,0.238364673514774,0.420973100359498,-0.050411442604788,0.48551930576152,0.487506693854012,0.053320834450296,0.430835158196783,0.454478017137535,0.153454373650845,0.272355199600899,0.432825861993413,0.315699855334996,0.361423507118105,0.550587486747884,0.0994599996616488,0.302098136697237,0.276105339793462,0.13450247839566,0.367397917809247,0.467941356158369,0.122519264849875,0.276603473264189,0.430549501498607,0.246295653688752,0.256016973821702,0.480637332321133
"93","AMERISTAND_803T",2,392,12,4,-0.0103346806287607,0.440411464913596,0.424058509461302,0.192638103358295,0.398125772084732,0.463763213530655,0.19510148850812,0.395429171345018,0.487846435889141,0.257962614328703,0.371225649350649,0.541357747644512,0.341004260069779,0.421224670411232,0.569937167458244,0.412596993278499,0.468891001347749,0.620966407679211,0.0639545530086039,0.386506952709721,0.381435351405275,0.10022408577937,0.38350930115636,0.463419394907284,0.3524302425662,0.396465823413294,0.60096637797451,0.391179858724521,0.427740775322475,0.601549261679981,-0.0684851150118532,0.26997047453971,0.336937085199135,0.149154086199955,0.367320084311954,0.429354907274563,0.186379755123568,0.317348894529669,0.449432365816871,0.301551916822212,0.33880461884996,0.552464214134732,0.0662617841233668,0.296110800405494,0.335870731623618,0.0714292612505807,0.438031109515846,0.444891489541278,0.0359034550811735,0.403831967325758,0.401197432528754,0.0965713437892774,0.414894338260489,0.369465378899901,0.060258334784231,0.12690118464641,0.318578047542214,-0.00859316220112851,0.447018594856061,0.340333445618185,0.0128556701030927,0.463296902418555,0.335684557869841,0.0782604552487518,0.18932835197165,0.170230513347709,0.146155896395694,0.239447532699438,0.310173966646846,-0.0421393587206648,0.501390867765791,0.478449691295203,0.0447600694092458,0.418582965629878,0.445586205029642,0.157023908910032,0.264251266869033,0.448151099896319,0.309068593398893,0.370710053814154,0.539210418446616,0.0728786918037478,0.298755661175206,0.265095018165819,0.154130642225046,0.350213189655105,0.455424950779931,0.144313463045987,0.275410397782139,0.439245186907582,0.224963421946107,0.271862675418426,0.474381070836295
"94","NM1701PAR",2,393,12,3,-0.00288576529108962,0.441845991589181,0.424194774250118,0.214089029359415,0.395389241899969,0.462385571982804,0.193650467356139,0.381654270903764,0.479282353101588,0.270641981721087,0.380223404451567,0.547019442619769,0.341068583983659,0.417484961766615,0.581436763057144,0.448689755806233,0.472942021454132,0.650114791014445,0.0813584954816898,0.337824156612523,0.347568156638862,0.111040836825246,0.368077197696575,0.476205685894267,0.372821173856055,0.407705197660032,0.612071416273269,0.391272346786359,0.429757856402093,0.619650049441671,-0.0871221863672883,0.282608718820439,0.318769638483167,0.106114525758642,0.374819006871855,0.422177357138561,0.162026746990851,0.309608020719132,0.454549227098247,0.308085673588988,0.329578177795082,0.556236855160785,0.0437913668439662,0.374393776241872,0.348551787206534,0.0585747946545071,0.446825805998585,0.453114507512552,0.046634461764816,0.411143177016625,0.404973696795791,0.0998996962495313,0.411900665321731,0.353423447689514,0.0576220425548775,0.143946454019952,0.238860772728172,-0.00674965414094428,0.440775718683634,0.329205289828204,0.0156105752824326,0.467703149857724,0.333042281619378,0.0972959691125793,0.185359253433994,0.219018307643913,0.132303515107643,0.371295379356382,0.282064838655253,-0.0256257694690369,0.499554074224846,0.43447978153199,0.0437982247201607,0.416926973706413,0.443646678709531,0.128606069459812,0.289976977553958,0.423227558171283,0.303012788267621,0.364696769616183,0.548165776954377,0.0721937803790438,0.293466891840267,0.26581989449159,0.105780991413652,0.354648717787031,0.438242728703027,0.121458143677376,0.258808744126956,0.418502962532993,0.201293626418751,0.247814964863845,0.480319874758031
"95","NM1705PAR",1,394,12,2,-0.00139815293751028,0.446502251323115,0.410289622052741,0.192194292248594,0.408031049259549,0.468401485111004,0.177848937050492,0.404207661712372,0.481133080860944,0.257660038789398,0.396352654698243,0.532124395212631,0.33391389289811,0.418107681107109,0.566451241221172,0.428842393790326,0.482162437624623,0.637235235974732,0.0931102342325556,0.375879274554251,0.375619998650119,0.117108796156875,0.35599731295233,0.467250888288951,0.40264097855652,0.439559233944752,0.600335339363436,0.385558407126023,0.436343846180447,0.600313829235398,-0.0300715574967634,0.259160988523382,0.328489105131697,0.154223274253523,0.374967674513346,0.432451600332997,0.183034623478226,0.302452267961594,0.439530772909539,0.3122478562911,0.351738392086643,0.545994630063881,0.0516731920898662,0.334670273726303,0.342893704461334,0.0889782408081903,0.443076226753887,0.455304115875573,0.0602056687520449,0.433744113983515,0.410956500286127,0.110711920912821,0.421317002275107,0.345798471699356,0.0928374800707943,0.117336226896004,0.184610428693743,0.00526190999395375,0.453808354800743,0.3082225631158,0.0160817953824714,0.473521061214226,0.301012011656993,0.0980273871631599,0.205676493718485,0.204551372284674,0.169405946844614,0.272403365500888,0.390012965215763,0.00448718639470904,0.492227925861144,0.352062224588176,0.0512704700571038,0.423545592819926,0.443359834305995,0.133483588086592,0.286076307779429,0.395874899545718,0.315997863829141,0.359179437033818,0.540740063971185,0.109647831419032,0.244060337209404,0.283605183260274,0.168554452120085,0.346412287073085,0.45958862998886,0.155551779274203,0.262910298413966,0.436362191658305,0.229607299321572,0.265524617807322,0.499242582605181
"96","NM1713PAR",1,395,12,1,-0.0230099060211435,0.465282625609399,0.418258064055619,0.18520359622716,0.409719282793331,0.460812582573136,0.187408800213433,0.426900483842351,0.478951499080108,0.283413213706828,0.411506604523431,0.549992821606083,0.350198217795304,0.428542792581717,0.582313024342327,0.424736733579085,0.451865019512078,0.628013256584685,0.105055908214545,0.413277536965094,0.409063661990598,0.149560029605484,0.380299470215437,0.483573429371749,0.428322384437935,0.411751892915631,0.606477355083344,0.390846654912694,0.404090335729722,0.588838008862016,-0.0264166698223595,0.302062740124585,0.357816937808732,0.117200271627348,0.408799118040791,0.437188405036267,0.182649238245399,0.299028918309964,0.397029774872912,0.321750619571086,0.368071609003605,0.525777171673495,0.0618447889833424,0.20784258076723,0.303917209474017,0.0464882020810666,0.466487965508304,0.462105862639228,0.00669314480380094,0.462622670751286,0.433933690783915,0.0680966923651449,0.444835655278146,0.399923946684771,0.0682937700236267,0.306977423240997,0.310956071913321,0.006854454044992,0.474096341587987,0.343441757749987,0.0120793893871626,0.485024795910582,0.351985961699855,0.0760655607200946,0.339180582719021,0.308374371061297,0.153948374758205,0.352459117747071,0.450928022140879,-0.04242821377569,0.622342883231724,0.31567288680178,-0.0174638081169927,0.444260939292277,0.445378870418514,0.205725640311168,0.271698908203474,0.477300812021559,0.232961261738559,0.345698666204521,0.472759019371888,0.0743677378733294,0.404878644251179,0.337171296162125,0.0935913673337073,0.40757704308913,0.448754607429074,0.0981304808903149,0.287732776968542,0.419762997360553,0.197542070277009,0.309111130576503,0.457742669289186
"97","NM1712PAR",1,396,13,1,-0.0352568633452728,0.473831938817606,0.427831254782078,0.171652470315298,0.405111880046136,0.445734801300199,0.176679950984999,0.42836825445157,0.478891912636941,0.27727415714606,0.412224503437739,0.539812834224599,0.350211070034297,0.424782093605122,0.572069164477723,0.413385356446877,0.448500872445509,0.6108272811387,0.0793851112020352,0.402500242813942,0.41136747873526,0.118583738458324,0.366534990064402,0.465530314689979,0.397396956260871,0.412691043335856,0.601207221708369,0.365864275155668,0.412479164505308,0.578904796486496,-0.0456432956525885,0.307350334228685,0.36689949407234,0.0951543850600466,0.404071536691428,0.423393793037072,0.154883737907798,0.287751145283426,0.396557594692458,0.304572298504828,0.39666199378653,0.527119863026201,0.0572574319150549,0.147671238212895,0.308906306953035,0.00881060390788955,0.479759708623055,0.466033012703686,-0.000222971228824444,0.464962701413757,0.438736364892677,0.0368543119431954,0.46074601787262,0.443792498776915,0.0760156893388224,0.337563284909487,0.286581197305747,0.00116301266050578,0.501167121845821,0.40664806724557,0.00645088781626023,0.502001851804756,0.409095130582377,0.0760641691114046,0.210803704260903,0.161404978018488,0.152311423980225,0.408315868242805,0.370535126692089,-0.045466330914743,0.549892462175182,0.180444908067033,-0.0708778934453853,0.458572678956534,0.458536585365854,0.154245824320465,0.280563626597379,0.427988957315778,0.178928462267559,0.344578170450449,0.430059049058294,0.0697215132332663,0.409137446352214,0.323301340063951,0.0542727753866881,0.423540591951525,0.438838236868792,0.075310432353582,0.282094581594903,0.408879873788596,0.158381632206871,0.287332594729434,0.42691514416712
"98","SW_9812",1,397,13,2,0.00242959986845777,0.440966437539705,0.412656231039922,0.216756933518245,0.396351557093426,0.466673209604697,0.207900552072331,0.40763694081203,0.502335454439378,0.29014626296806,0.417192534149505,0.563846881248511,0.374304503415104,0.423424892344998,0.59184922725309,0.411550014314528,0.44145708962318,0.6178416585337,0.0942765482810029,0.37898592182679,0.382662319546634,0.144324645831583,0.360893588204513,0.471330925532606,0.405695880991114,0.434652868703128,0.611741482380169,0.399057637866857,0.434069962548365,0.604382909375312,-0.0280384569539261,0.252133183592246,0.324722683446266,0.167857603138917,0.381168869094786,0.437417479773664,0.190437094981661,0.319264246036126,0.440605893389251,0.326618440358629,0.394447304149737,0.540817973065227,0.0463033335623727,0.21268420901306,0.356959759448929,0.0693792126751363,0.44088402952995,0.442751547867068,0.0690538250409057,0.425007072030837,0.400111112038591,0.0963068385069802,0.432744603308102,0.3966336296223,0.0999039714708128,0.105245241681243,0.191538966549775,6.63602218755456e-05,0.495091093034697,0.38246980045665,0.00871844766216537,0.499668688487068,0.401454566262303,0.0803399852087395,0.230552333018769,0.184087574709028,0.169437829827258,0.254035287306492,0.259094318852265,-0.0326104056561608,0.513130595375405,0.423680795847751,0.0613929372546964,0.431060973811861,0.458055828236301,0.17840871593723,0.258185271701942,0.440998156181847,0.327978106272132,0.365898511776178,0.558898302671415,0.101488647196828,0.28717907690776,0.262407129866182,0.19183541498519,0.329589230488212,0.459795890730208,0.183668700754936,0.28993414159557,0.45090098970141,0.23293066205023,0.275744440639845,0.512142069047284
"99","SW_1011",2,398,13,3,0.0170921551520143,0.43504768124942,0.413193894230426,0.199149704625138,0.384208431787091,0.452247398748083,0.183940538433209,0.381048238005064,0.481905073560491,0.278069023793755,0.367642618354362,0.541202161874132,0.349027514609175,0.380971074325731,0.581891265038286,0.395851242403864,0.425278189707255,0.620873290492668,0.0463169859326471,0.303150163017001,0.331725731702747,0.099679243235757,0.363533105549912,0.454791660253845,0.367138639049773,0.393373694178509,0.602222849523718,0.374563588555352,0.406310474807207,0.597825846387938,-0.0793150611278439,0.272802522806298,0.314990848714325,0.118639770081751,0.357888897638484,0.411028164947371,0.163196392108975,0.315908656145385,0.443595629621455,0.314473976762759,0.330723019581973,0.550046658942533,0.0422350725521222,0.198046607201923,0.335227778794111,0.0572348743896022,0.430776939336524,0.443246775530171,0.0514188374220351,0.401011138100763,0.384942556560016,0.085532952475395,0.416699082073584,0.370120692901351,0.0413202747485307,0.265640115968566,0.296371786068513,-0.0171301185798122,0.499081282169887,0.395490392911389,0.0100293685822789,0.503040735674115,0.386356399148807,0.0588966012687136,0.22000167159788,0.211087708740785,0.143184630007635,0.353384997753721,0.233680057388809,-0.06598233984406,0.541220409732521,0.432715439116823,0.0410718765096187,0.412423454619332,0.44605577789524,0.152621441903152,0.294416782215116,0.441421225105035,0.281302332578058,0.356256451031424,0.543763303323176,0.0724685615353393,0.278206332957101,0.268026528773044,0.136357251616746,0.330979667806731,0.439462437721635,0.146895447981158,0.261682017808054,0.435364028314733,0.208280514048448,0.242200238304277,0.477895536323982
"100","SW_9813",2,399,13,4,-0.011118300367914,0.440048805046137,0.415393585799466,0.192485596039925,0.379921029811667,0.447390363616464,0.202084938686811,0.393211886137038,0.489752221091324,0.268711449765515,0.371254869763998,0.554444605428378,0.352473520573907,0.412134370476815,0.576110989625094,0.407608021478335,0.45349302114008,0.614434491745416,0.0332074565536576,0.350262485986755,0.381390904107424,0.0698534378008299,0.372117695117263,0.44765045724172,0.355409711694698,0.397616387784438,0.596491849751949,0.375301624991554,0.423646728063919,0.588187402882432,-0.0821960960896703,0.26499730430219,0.32320109189195,0.1161964524033,0.369994487754941,0.425717160581323,0.16758496413442,0.304603244674981,0.428964426295847,0.292284086574389,0.346716332874041,0.555338519015549,0.0672273491614614,0.144107305662911,0.325680885854176,0.0450921183446366,0.440565019578526,0.444300972421489,0.035339346243215,0.41437203612347,0.401846240601155,0.0780377124850496,0.426365829430964,0.406580652222102,0.0468907538332606,0.188602640941086,0.39657312509478,-0.0207211686842014,0.49009899533707,0.432526268822107,0.0061992695262128,0.498688296330205,0.408865682459754,0.0843965585847686,0.225223743376293,0.184286144125169,0.168167848208157,0.205430661553316,0.210611838169377,-0.0622065341779089,0.532808260559126,0.45913262439214,0.0459556667411519,0.411978835179772,0.439937541126849,0.134863402074978,0.278807720440764,0.430748448597249,0.306343175312063,0.379292706587882,0.546749827700529,0.0738751076295565,0.253272877207496,0.274721979982032,0.135205319801072,0.342821835375027,0.440749800887473,0.133381441133437,0.263749767268665,0.42760905516554,0.218629105116374,0.259883255585996,0.471770135855097
"101","AFX_779",3,400,13,5,-0.0205408057712048,0.443822315966794,0.432550661327509,0.172317651151701,0.42419310055573,0.478954975359128,0.208404309159567,0.409382441568275,0.491117639840327,0.302284852797629,0.41153887630756,0.555405319682062,0.37670928642044,0.42595204785905,0.586019213525873,0.427794344672419,0.458081694216148,0.627117171654987,0.0648054543831069,0.403176829459011,0.402331672321351,0.103479367500944,0.371493973154873,0.455801530265198,0.381187312509954,0.415389374046535,0.589115584971992,0.414322139907064,0.473899609226407,0.599691530933361,-0.096362089357167,0.300514377766511,0.440879638119689,0.124137896075761,0.402596886351571,0.436545574527326,0.174820033120665,0.315262136495996,0.4313937836176,0.319281053256855,0.329700716629977,0.542609182939607,0.0706120046121579,0.16948505158354,0.343437350437301,0.0321870422131347,0.462834722419968,0.456494573252872,0.0573696230204886,0.440555123557522,0.419922532408979,0.0929682769932253,0.437967314764426,0.397494095292542,0.0818556672646163,0.135476754952353,0.377346757504943,0.000367883135277573,0.496023904556261,0.420882720492309,0.00625006690953631,0.495751304316702,0.42040771729742,0.0900647684529373,0.226602978787423,0.18246560687361,0.171178016898102,0.223229720935926,0.292342144575053,-0.0632652256791976,0.512654013162358,0.482885372141936,0.0470280519494407,0.432703861111863,0.453802369544228,0.11968305280718,0.281031649865298,0.422976777884651,0.318927754580847,0.377251543720502,0.541091033004588,0.0901961191276093,0.302715695495738,0.253692662625134,0.0936404682056033,0.392412589835163,0.456931558360575,0.126488185753426,0.286246685420301,0.443038385592163,0.225030992365073,0.278842133868473,0.477030638125897
"102","SW_8421S",3,401,13,6,0.0250175768906455,0.42781997172183,0.424517913621122,0.221536108006603,0.413610317709972,0.478025039320541,0.243773625118241,0.404912427604494,0.506206824366757,0.322612704537537,0.425498728226923,0.575175794455713,0.378318146697031,0.438452580536552,0.60018847687774,0.445392913697546,0.463458032785764,0.64747317730511,0.0537145391462958,0.395921368759863,0.413334998896564,0.116433637159547,0.34597682210139,0.454256900346866,0.375462847185372,0.397514684861079,0.612654005853924,0.421417956694125,0.483390010370692,0.617936818023642,-0.0575181276380204,0.277511432087222,0.321938860498982,0.202397207260311,0.366641292840206,0.447218766132066,0.205801568258925,0.315009932678512,0.46301364823603,0.341494443129824,0.303230310929063,0.578344121115212,0.0877365598997633,0.204874090026721,0.318442279707399,0.113304300009622,0.43527352760318,0.438787561758538,0.12661333405288,0.386904732092922,0.399296228590296,0.160630229775931,0.403029403519187,0.368703126517404,0.0765629985061026,0.135231480304088,0.360529996693879,-0.0041252960563048,0.491507953241034,0.406739837615102,0.00112679769939245,0.491184290836957,0.402119478141451,0.110214081540372,0.241758372653874,0.222646115130544,0.169830337853011,0.183116066686732,0.244919568540931,-0.0521308170492385,0.523042820069204,0.473990257867853,0.0781267699631369,0.427374749643118,0.458561216527689,0.177322132943755,0.307439486023049,0.460934987713497,0.330754741967652,0.402303569670534,0.572521518670126,0.100576180147062,0.259197943389887,0.257287294281209,0.174674327810932,0.322005599541455,0.466253314689191,0.172360697731695,0.268793557266511,0.459388290784569,0.255087207998924,0.257313368919609,0.507106549131091
"103","DONA_ANA",4,402,13,7,0.00894391866357295,0.433219797539588,0.412434461286763,0.255797887685946,0.420524525532138,0.499262074027472,0.282739380426512,0.408002746236958,0.536099942492643,0.379617065602238,0.477042774405136,0.608599285718817,0.409870065313554,0.465523761347599,0.626122596662618,0.45500590464682,0.493080852250402,0.65150968984879,0.0720017812694328,0.41165877606086,0.413257217093675,0.155077175327836,0.373228094656666,0.47647041722672,0.388211103895996,0.427903838684749,0.61941364661037,0.42691672867319,0.505148874364561,0.63079399661099,-0.0588020382311475,0.253463824554212,0.325723922431617,0.205797502769998,0.382859852694912,0.45515947009222,0.213707078451194,0.33853584961189,0.482171577824376,0.373924408932677,0.408794425318898,0.595609254916744,0.0873297266862522,0.203447070138779,0.316452279790872,0.107456376299694,0.434343822198479,0.436821861803706,0.126382488161274,0.372682205657439,0.403403664100331,0.170972406924613,0.408248561888237,0.381180277218794,0.0596556369999724,0.128377353727675,0.393867568644405,-0.0109546976461236,0.486873786974477,0.423418182289868,-0.0218339320938816,0.495750683994528,0.442241792065663,0.104956410844447,0.231500927736824,0.19986175885529,0.170012303785223,0.249381186325232,0.336853107835891,-0.0374619538767027,0.505719469160213,0.484352343878728,0.12216807244665,0.432842687781146,0.471937735299511,0.187069460746512,0.279600264824554,0.455760225517261,0.340923777044175,0.431904435017227,0.582044937864324,0.0924386560031694,0.295866516173627,0.256052007594649,0.187089666222606,0.335550002204544,0.476141008925253,0.18226213547209,0.291974510899128,0.482987248148189,0.26041313812395,0.26746902741196,0.504244185236284
"104","SW_9812",4,403,13,8,-0.0058207276202697,0.430534285514699,0.417309783144097,0.220976097337904,0.404720813673063,0.479056642550068,0.269342570184101,0.394358985464354,0.505490468777195,0.380753151826679,0.464068007863349,0.594328026134166,0.40034100347643,0.451613507856674,0.611283794806646,0.454268882200439,0.468045172820259,0.641998217084722,0.0556812800563809,0.407498917625988,0.363826319714352,0.148086337161159,0.373191156804602,0.464389003464634,0.405096036290259,0.438323383263863,0.619859698014391,0.417921174169237,0.488845993501952,0.618994042881605,-0.070662127255738,0.242381205702341,0.338518566282821,0.180655925618414,0.376865719960452,0.438081563727678,0.192469442660317,0.312224000294302,0.470878490232866,0.387801109830228,0.425221707703877,0.596461881001755,0.0599859089008511,0.288656425721735,0.298369616435774,0.0650894023840636,0.451337587150589,0.444209763822596,0.0751564072063901,0.395071745173165,0.398305495037521,0.0632160883151907,0.405205571183584,0.381458572738967,0.00609746685947482,0.387939532829032,0.460505789480129,-0.0468816316793763,0.487809823389662,0.464920677618883,-0.0633302408800238,0.495807583733883,0.466074425879301,0.0802674179144906,0.268412984972335,0.281193353726828,0.119366263146538,0.410594017816716,0.433382066542652,-0.0605533656568966,0.442800613458053,0.333137973137973,0.157360577417988,0.430517470145953,0.48049301877362,0.197154263167383,0.276563453299491,0.458515776948565,0.366238312369922,0.445819816785173,0.605106387133467,0.0213768606027481,0.423086441545759,0.407903733894687,0.205528813253111,0.333833168986486,0.476099227569816,0.203056292679324,0.296493095400445,0.507183629271141,0.276673601866283,0.257830972705572,0.503209501747111
"105","NUMEX_BILL_MELTON_CA_2019",4,404,14,8,-0.0298862457238672,0.444138979094605,0.436955195672946,0.193452115750411,0.411127356611094,0.469181839152773,0.273033167166786,0.41878889375226,0.505019474629062,0.335676228344801,0.436304613799543,0.576677613574165,0.395048042832683,0.448903956475595,0.601416024061126,0.441662526697107,0.432499495524706,0.621696883881758,0.0721283158940972,0.384620355681028,0.324170736886812,0.130707595338172,0.377805662234728,0.472218884537224,0.376216593391463,0.416971443393397,0.601293882579903,0.395245981965848,0.482283202704458,0.601785130537344,-0.126606656352017,0.319505926057278,0.462566877486356,0.0677662281971887,0.408962910465391,0.423547085947275,0.143933562366836,0.264837718563209,0.423638716645253,0.362712596257075,0.400838692515921,0.573679671370966,0.0481943804816855,0.218971803215679,0.268762715716765,-0.000436343328467443,0.465064837260949,0.447209808135945,0.0141005264052803,0.419230358999472,0.410093387906224,0.0367661610028743,0.407107270531799,0.398183420644213,0.00392472480123063,0.385164606698711,0.464286068513008,-0.051587170349172,0.487922143934676,0.465961751875877,-0.0708554540275461,0.501327063947547,0.47606057266544,0.0766161378515807,0.228590842986811,0.182729886498504,0.138983120749799,0.43517225319457,0.375221937810471,-0.0822626074643617,0.500010298236942,0.370194671005657,0.0760229480898312,0.425882856351783,0.448732304218221,0.133162329677858,0.295543202628259,0.3994008969058,0.343407718527304,0.406309105658115,0.57474958280752,-0.00230075096133681,0.468202132826078,0.425244560134261,0.0927766510326624,0.38424239274894,0.439769656658037,0.14399037129612,0.264834569091088,0.441593014044195,0.234971865135642,0.247844780858661,0.468982924006057
"106","NUMEX_BILL_MELTON_CA_2019",4,405,14,7,-0.0257752264534589,0.443228084826941,0.436565915044576,0.17712717295071,0.414202678924726,0.465379570462792,0.240149935048318,0.42060207074608,0.487625972792684,0.303744650732779,0.420710348196218,0.552552179705277,0.359424456966105,0.442352802335308,0.574739759596528,0.401506082767168,0.419783981968856,0.596006607771314,0.04987054606358,0.412346965484204,0.401939877621773,0.0785202334181652,0.371436852267302,0.449584986332391,0.32816548259277,0.379132682274462,0.565572359227538,0.359779055796461,0.46528858456963,0.577219282774838,-0.123795625626174,0.303433260338795,0.427926523626139,0.0732855549583896,0.416872664151478,0.422292364100112,0.13875371776721,0.280208985373978,0.4127058601951,0.328964362789787,0.35095282946543,0.537511545299557,0.0660116252396191,0.147172439762528,0.240318459345329,0.0125554175165429,0.458229014934963,0.449933557485552,0.027418226645336,0.403807488654608,0.402614193589077,0.0978542160008404,0.422782734250601,0.35873227900636,0.0475211805136375,0.170463243182655,0.421251673076398,-0.010345343828211,0.485907261129008,0.434374606723576,-0.0219941481984265,0.48952367381061,0.4409344125247,0.0700688932917559,0.22020694138618,0.173794358813044,0.182251753905502,0.170723917800675,0.196332768140516,-0.0448346704907537,0.526773356401384,0.452610421331162,0.0295891582209201,0.426342185286448,0.44159244922083,0.147940006107544,0.277671935200073,0.425129522326379,0.281012487742252,0.382680755608605,0.528828386825912,0.0679311096577283,0.341760454859451,0.290365233717697,0.0822653645143454,0.377486536200554,0.442992187203702,0.122941847427034,0.281439356602816,0.439149791363203,0.218672274155049,0.251755044762016,0.461444196452183
"107","NUMEX_BILL_MELTON_CA_2019",3,406,14,6,-0.00381959300437846,0.450451675005553,0.438807733127417,0.178165169517755,0.408610003145643,0.457140652196708,0.235578617815607,0.406155292321043,0.484170719050495,0.264884804149114,0.370495508548247,0.527167004732928,0.351664592924667,0.420211350541023,0.567203693409105,0.397319540808789,0.431431375969191,0.60906636158737,0.0556341071417449,0.34425123588181,0.331176980909063,0.0701955635759843,0.359286449622584,0.445390805895008,0.333042277498945,0.37785059455779,0.5779523218961,0.361249738166978,0.467268924790088,0.574722213608691,-0.127950233185793,0.320241914249942,0.362376118804149,0.0699444847006044,0.403658480241783,0.420826697281856,0.136426747182279,0.292417183397576,0.410530882818465,0.309179349900573,0.287467685217523,0.534121823265165,0.0644467624006969,0.15477260926046,0.274525510892322,0.0239531767778621,0.451330368611326,0.447286033374194,0.0315233705753727,0.406941443991857,0.405604570582555,0.0889829573165182,0.417128690556682,0.4005203159737,0.0652076422688931,0.158941551352731,0.382159566040953,-0.00277861494043143,0.494399089968571,0.400560270786651,0.000992210754939565,0.487500381475547,0.395575265125505,0.0363074929865464,0.180418400949468,0.195822008257694,0.157304601057897,0.199465025739499,0.241307941149195,-0.0466562285937959,0.538861722667951,0.384471399419496,0.0367937210267581,0.421788525175447,0.436249020851207,0.155250944374627,0.281637914881391,0.447095965589464,0.304225273477774,0.368837206653274,0.538047547331311,0.074937430237415,0.271008898923927,0.25147868974257,0.0619125601491436,0.375750017321416,0.432079577735367,0.115882873387342,0.255037743776381,0.420745489435545,0.203538985552995,0.256858912719317,0.459224883983444
"108","NUMEX_BILL_MELTON_CA_2019",3,407,14,5,-0.0153144900855634,0.444258638431231,0.433821118357546,0.180641886432192,0.409390793750655,0.470286421306491,0.230716819745084,0.416042146395925,0.498067444383124,0.291355169846536,0.388555955781093,0.552326641786915,0.370544797597764,0.437312694594566,0.582323958083853,0.40131681759337,0.452274061962643,0.601881440358949,0.0535647540276593,0.379561650871414,0.376545160923911,0.0749081665337722,0.370247244196824,0.449283303064816,0.356403076260503,0.407397286053486,0.590637324972873,0.375311370768277,0.466609779714355,0.5855581491856,-0.119390319179836,0.323256311510484,0.428604150260875,0.066927024868037,0.408638255663602,0.426757178029297,0.135328215737726,0.296754773203841,0.413675826803517,0.300355300091303,0.291469082213981,0.534441691104865,0.0573674425334875,0.128170240708743,0.311469860163923,0.0128945298777616,0.463236079466185,0.460335279149828,0.076210712976417,0.420142813286329,0.417422701543604,0.0729558626671058,0.440019068977574,0.425357473768562,0.0731692203712385,0.126257291598967,0.382326661749871,0.00290527028749375,0.493664111118766,0.415798961378093,0.00716155086477715,0.495260166323339,0.410783741512169,0.0768431376528464,0.215076131564861,0.171925989809473,0.196240439511469,0.144686534541481,0.208406114926727,-0.0518687306835542,0.536959257751544,0.419811045525477,0.0520629089727053,0.418055180994092,0.437723792983175,0.11874690837674,0.274399073708906,0.420565145432421,0.304355578048044,0.376110309678459,0.535679212138816,0.0855055105010265,0.215409988960873,0.255406405855216,0.0815226275574659,0.377857403803153,0.435947449972601,0.123946445516829,0.27343266854312,0.427739749781871,0.21364771938088,0.26412762551523,0.474647316218341
"109","NUMEX_BILL_MELTON_CA_2019",2,408,14,4,-0.0266147592998255,0.451893687944781,0.43184811237928,0.18204102207191,0.381633134109259,0.453032861486841,0.218275263052864,0.408630755447759,0.491308368563607,0.26530111482512,0.368276632041944,0.545200862690558,0.347548415451728,0.411771029009983,0.572016471747475,0.41876447542732,0.466669539610716,0.618776041336595,0.0244673407528252,0.342734938103506,0.36335461090361,0.0393702496261034,0.366005547518153,0.432886829945653,0.329124686573969,0.391820270894633,0.571732971816259,0.336964874633042,0.397508941779708,0.553892583575021,-0.119671979019418,0.298151342385863,0.418298862433436,0.0386118375942673,0.404525852487441,0.429963483192592,0.12536392541772,0.291972701711264,0.41145466733702,0.264251692734724,0.331691844930246,0.523719663897104,0.062198385021497,0.126441975494138,0.285140387927556,0.0034395853216062,0.460439569612434,0.463304182654094,0.0295695147498693,0.42452923461613,0.425988716284962,0.0346141308592483,0.440355583407085,0.436135343773992,0.0348084011969563,0.272241672765566,0.425919426712896,-0.0274173321312926,0.492487335642039,0.453677975124463,0.000332643373307067,0.492202922385268,0.435809345114805,0.0913437642507823,0.243683365929492,0.202042859769654,0.189305780256977,0.147110091278684,0.196433715954579,-0.0715716731409187,0.565175653594771,0.422418403635964,0.00774154959573869,0.417039010726242,0.434557160476514,0.110423271618821,0.283730361968529,0.399289970394614,0.278309858943007,0.3557361830163,0.503554374154326,0.0643981806655235,0.246010940767224,0.264189757060167,0.0631559319523497,0.388127586402373,0.426084320654057,0.0964248090523274,0.258189770043188,0.422506124028461,0.189993690701094,0.268059183723427,0.457327150585578
"110","NUMEX_BILL_MELTON_CA_2019",2,409,14,3,-0.00299906263241919,0.448469558656046,0.424907884390944,0.185680609181822,0.394571877949041,0.453465702002726,0.177605343323329,0.394091480008373,0.486699050373951,0.266231056788133,0.383568691844554,0.548970346759393,0.331468318184146,0.397586246394469,0.592845514909805,0.414514686138197,0.451565458762691,0.615048142937416,0.0313494362233616,0.269032579869325,0.302620415137762,0.0744981205938209,0.370445785151668,0.440870365240113,0.344022673930528,0.395746095048189,0.584345757907002,0.348911569923627,0.412784348307224,0.582746654217242,-0.11569834417883,0.283055378762545,0.322928914826521,0.0469086148664226,0.391510707263935,0.422068299767965,0.127311476165242,0.320579649130582,0.42038779915394,0.286097054873689,0.344361512990972,0.524039777892166,0.0256688253659685,0.161811180036995,0.339034409353224,-0.00322300234935562,0.448637764551921,0.451703826130992,0.040386830172317,0.411023152074891,0.400990278309043,0.0325793995529572,0.43091648022633,0.41544953651024,0.0232167458665514,0.374597119435755,0.34054048962622,-0.0256714725419221,0.496893263959067,0.43144218178352,0.000706521836669653,0.498084625322997,0.4184334625323,0.0803077984961246,0.221737988885394,0.191224242424242,0.140927252826524,0.344488101966581,0.193928887149834,-0.0729615872370614,0.52914563403216,0.349108318067711,0.0270210914345296,0.4120588686464,0.433207727637765,0.122339208235538,0.288731304796287,0.417500261235662,0.280627681454404,0.349188844382933,0.531028787298147,0.0616089288924871,0.269851214198416,0.276854420178189,0.0806261054344399,0.359937769434015,0.430828466138228,0.117374361897349,0.26975188529846,0.4290536457727,0.211212435343191,0.253615339320407,0.469373014445843
"111","NUMEX_BILL_MELTON_CA_2019",1,410,14,2,-0.0291807845322341,0.455437200954829,0.428167983611355,0.148912864547579,0.412493470961323,0.458812419682461,0.159106826499419,0.405910645011245,0.469756895992276,0.243151946201965,0.384338749612006,0.528624627746137,0.338612857522274,0.415799388237402,0.568452159831102,0.418182964766945,0.462721945490112,0.613281958333861,0.0664468313086883,0.354237391371627,0.358908473136547,0.0926049962409672,0.357390529741308,0.442423758719174,0.375685888071949,0.396713517982637,0.591600807334095,0.343245312016681,0.413015562928739,0.563493269386475,-0.0840253744394286,0.289315364402818,0.387806848326249,0.0665544130566926,0.402467210891496,0.418518868502332,0.136898548306124,0.28260506861814,0.402314023425135,0.29291384348437,0.369505193463683,0.506305147636286,0.0284071157499014,0.173340159582115,0.338764838511915,0.00784277494021044,0.460714403057816,0.455761150112624,0.0618209518028174,0.438168005483259,0.382210387584389,0.0435699606017303,0.448056605926037,0.439090291052327,0.09200093221664,0.10740128496035,0.194544051948492,-0.00369497210036071,0.502038495124495,0.418624583273758,0.00225380526649667,0.501392767223621,0.429385442893111,0.095376645141973,0.236517727295522,0.194052621901275,0.180434103708755,0.191182744079733,0.172864512586079,-0.039995337982989,0.541218888762141,0.369339434114521,-0.00867939756282307,0.429888206887376,0.439512878322061,0.134412024450367,0.27337988582564,0.412117472174684,0.243342360108573,0.33092261059013,0.486995881144395,0.0757161223655228,0.286082356980952,0.246969245887991,0.0886465830929175,0.37466349212348,0.43269905456561,0.121495255544806,0.25559714961585,0.414908447258915,0.185233420066303,0.264530463926864,0.470064244603314
"112","NUMEX_BILL_MELTON_CA_2019",1,411,14,1,-0.0201549725748006,0.447497478940421,0.407393555759748,0.179740558874294,0.393438104225648,0.44425408409353,0.200623383226581,0.406914678171346,0.492391784709139,0.282879157124183,0.406792124138893,0.547129324180279,0.361161020387,0.431652834615879,0.587735813036491,0.456932994326001,0.469768094266364,0.634090354090354,0.0691651203105684,0.364335158964938,0.371567392803818,0.119694512263915,0.36404730217879,0.472521895636082,0.401637599185228,0.427328456397875,0.613122680152314,0.368444126967575,0.404976657329599,0.579936196700903,-0.0588512930621321,0.32497653746993,0.359204862946462,0.0758687361714525,0.40365668362566,0.425473607677253,0.156969821490578,0.270078541735644,0.393959459956591,0.304864861352805,0.374323168151437,0.51431089823546,0.0591654176835348,0.125080250159758,0.299914393646395,-0.00755784114756919,0.478470584570619,0.471818283429623,0.0348782986456979,0.447062718943119,0.399038760293863,0.0172478913760543,0.453431973109666,0.453659077427974,0.0760041664579447,0.357068270936179,0.244548243469939,-0.00256402505770732,0.500627976320769,0.420147938444376,0.00149502455467302,0.50325188830396,0.429387159533074,0.0813314507099676,0.255182662886523,0.260410925408249,0.159689241054847,0.41486090123706,0.293908712515888,-0.025217884412128,0.542407727797001,0.174519472148721,-0.018100998328885,0.4315920720021,0.439274477441811,0.168504982259232,0.264878972046099,0.445520566830824,0.241017554639052,0.36209736145589,0.489681208804531,0.0517693800601357,0.432371427542666,0.318182065677975,0.107907886704774,0.370799399104325,0.421516348267543,0.134985810247659,0.256870690977362,0.403129937301469,0.199897096874451,0.273326316680242,0.453138630024928
"113","NM1715PAR",1,412,15,1,-0.0631913447561353,0.472367785452609,0.426036719309195,0.121009210882348,0.44834556232641,0.481572441238652,0.16444134325095,0.425123576652815,0.479962495899493,0.250863449816369,0.416969723218776,0.530842951980154,0.337959699256104,0.428028492715669,0.574196721282682,0.432249424641584,0.442281117575235,0.595490153829254,0.096424878181146,0.281938049375622,0.316959514321762,0.150390091105587,0.425879240585123,0.496882513689236,0.402753525705197,0.400981593372493,0.598752537568019,0.381581163350158,0.41943195482375,0.575291568041731,-0.0530248280932563,0.322011089416511,0.329620859897232,0.0948852207773305,0.412209885292805,0.440107795014481,0.15036694502482,0.300731988901924,0.38674766772806,0.289126038614691,0.381225712950487,0.489881130974137,0.0397358345499212,0.180513562507276,0.31618132127038,-0.0271436029867217,0.486686125185612,0.478978399930996,0.0136959829800334,0.459429729982907,0.425758515884477,-0.0232416300232138,0.461709094440505,0.47837603595779,0.0485759832848353,0.442373738658167,0.264606698710613,-0.0193093964862659,0.494107350367004,0.457847631842601,-0.0273186689175055,0.493661593041886,0.474213397421225,0.0715373030595263,0.208437891780753,0.163551476856727,0.152341088005191,0.429511413208518,0.294161470579143,-0.0548527622103884,0.615434654253858,0.126405194430713,-0.0905236226392716,0.462023243186877,0.46403005361323,0.161908432717543,0.279382575710259,0.433175021548224,0.124487716258635,0.354292465149884,0.403044955896795,0.0153187886962199,0.463977580999704,0.376665024409907,0.0350927216421889,0.428208871084573,0.445856717245202,0.0625922104041219,0.29701099952176,0.414155176127424,0.154488441162065,0.300773018320936,0.409924044524177
"114","NM1701PAR",1,413,15,2,-0.0303836937272271,0.452791381432317,0.422194970673618,0.165500474622271,0.427585347578276,0.475154699062966,0.192893010313017,0.402837142621526,0.487528466579126,0.246922378761756,0.393026801629743,0.543213808250573,0.344728652474643,0.430596947577048,0.576752609346093,0.421716413512884,0.439665724510015,0.605991271319991,0.0885399239713445,0.311131084958541,0.328019082706544,0.115115272278085,0.37285084772974,0.476918007021813,0.384368591346308,0.417425234337149,0.607186873115593,0.359437231311226,0.434970086800152,0.589417297783311,-0.0761577275992824,0.288588511132963,0.350185474756268,0.0963574729456252,0.395677174930659,0.433801436683553,0.150228947286353,0.326545093976945,0.420423436348831,0.31197488296377,0.398412487226537,0.525283603216049,0.0100659773711126,0.265845661853976,0.376880905145749,-0.00127226992702548,0.459480819940831,0.449664702371383,0.0648160687285071,0.434689122091208,0.378375751393763,0.0120610356352641,0.451022719152141,0.448197071558275,0.0544899851871914,0.36382255452981,0.255713326306648,-0.0224949926857422,0.491885716527171,0.456664983239274,-0.0244821647742629,0.492503016482569,0.47211865867546,0.0610719875544823,0.216392408514208,0.175647855719828,0.1824742359299,0.191893194261846,0.21715208943635,-0.0636990747183473,0.567061876653776,0.39247659271321,-0.0163919178172783,0.437032322556751,0.4463022693031,0.12551812141248,0.307278362608581,0.411986166307678,0.246643782914729,0.357618843020375,0.49934201537218,0.0634878391594308,0.331342250699716,0.274648912729422,0.100880276219104,0.372500821734238,0.439973420057901,0.128581200211103,0.267835981907192,0.41290864884401,0.205440995316583,0.275712683922697,0.48886256174831
"115","MESQUITE",2,414,15,3,-0.0162679590728659,0.440768360493087,0.425761079823265,0.160160787330951,0.394601069518717,0.444695816294432,0.159510125374808,0.386028832336717,0.455797716494277,0.229423075892233,0.354844774249537,0.499001040265577,0.307853472621068,0.36902861830001,0.548303689281508,0.382158047153832,0.42756505317059,0.57160466599913,0.0597937819761633,0.268393197258754,0.29376371487223,0.0833835192732908,0.387845587707179,0.448748114630468,0.346746343421609,0.374441534833251,0.570579426379496,0.331383021572679,0.38839085449678,0.551847947050899,-0.0878802869156567,0.269757967371801,0.289583176017519,0.103805592521998,0.374213851280965,0.420846224054019,0.146454420042763,0.314120998826881,0.404419678602685,0.296291378141191,0.332488852670462,0.507440484439936,0.0361264202116638,0.218346296203902,0.301510825798607,0.0201357730348454,0.437944960247439,0.447148424831104,0.0491884203551215,0.401226498829985,0.392705003102419,0.00983662573271032,0.418109592827245,0.409677135127264,0.0107954511737025,0.467860072885377,0.38481557776591,-0.0334782827914401,0.503304497305029,0.456206799266469,-0.0157539065911017,0.502666655363687,0.464757028333743,0.0352712925070004,0.173840663290039,0.223123547799341,0.149631167628092,0.287208871577063,0.218750137540987,-0.0964757761829673,0.573140170095187,0.375871663899346,0.0190179527230401,0.420625631510627,0.440433760153612,0.140088836795686,0.297851173597492,0.441877755986659,0.264888400547242,0.359803718159325,0.52105847691996,0.0597324151384637,0.285716318148167,0.294181053977555,0.101850529038864,0.352714738320641,0.45221855848025,0.141412317873762,0.270472981268014,0.428348459279049,0.224556719894098,0.27912956227267,0.485105285895453
"116","SW_8888",2,415,15,4,-0.0227652296287454,0.456656300355064,0.430459855224233,0.205273973208841,0.38187253853413,0.460195365418895,0.253999475478626,0.414206329571622,0.498705127473183,0.274169230249146,0.39190819647173,0.545000983246744,0.353438474237811,0.415403038538836,0.574799634847743,0.415869290723999,0.481877215441229,0.601793224076961,0.0774014916533351,0.319411122689358,0.331893240882954,0.107551413346847,0.398689261526632,0.474273039532555,0.371192999837068,0.416649048837423,0.607530020380625,0.366748993119587,0.402420202648961,0.569341736694678,-0.0967400501394292,0.282161645145863,0.371886648146058,0.0972327064444823,0.394893736164702,0.430666281684472,0.154236716265931,0.344236471323989,0.42489754626053,0.287647199130349,0.369894969717546,0.537099200134345,0.0609929755120764,0.136170678479045,0.252262725249979,0.0344178244200211,0.451266423530872,0.457988434621661,0.0820837859507553,0.417020731948236,0.421188639118672,0.0447938921490401,0.437520442160466,0.429784851458254,0.0186525332328779,0.426475910054659,0.433044259640735,-0.0337061001369667,0.49121397996558,0.462375397771011,-0.0140731370959263,0.495651884784922,0.454637862897097,0.0816944633251911,0.216821790949969,0.175592163549137,0.202152854171975,0.137458744974388,0.233835940014511,-0.0896393626715668,0.602210801275528,0.460775832824479,0.0378074033104453,0.427458199110293,0.445155608492822,0.156760176873189,0.276449352304099,0.44104484152265,0.278697539532295,0.385364821774567,0.532040904683593,0.0709874972312272,0.268832541494956,0.314349686327007,0.098255259940943,0.376169667995692,0.45445018675636,0.134420193725644,0.278579202861995,0.436575806460554,0.217480399317398,0.29443639351083,0.499473927315936
"117","NM1703PAR",3,416,15,5,0.00313768613699725,0.439134135634596,0.437558976994511,0.190761126346366,0.416596078431373,0.477517206668764,0.258212694323544,0.431153427542736,0.510172546132209,0.266583288409704,0.384516082294987,0.545462989793619,0.357282115309171,0.441793336647732,0.578006671109372,0.409399279788974,0.491075368307202,0.605738959233769,0.0864852532879096,0.321254335669286,0.320966193230318,0.109333599227867,0.370287431211801,0.467179863398351,0.370200949009833,0.410090611699039,0.604584439452726,0.370888974827903,0.458627313163888,0.58178306993154,-0.0904704957953805,0.27691412893784,0.340683307983013,0.12728766134285,0.394685754086457,0.435345375423988,0.156605753213126,0.332349775617749,0.43098001973819,0.319181949820214,0.32293424835389,0.547279941374677,0.0441990147384373,0.242521779536279,0.35788723890294,0.0426904226765078,0.454907641030433,0.458295266522645,0.112745294216365,0.40005787471793,0.414140537251749,0.0697887951492837,0.43270245954657,0.42037192785721,0.0385277910175686,0.342079041733425,0.415401312275883,-0.0181065883702632,0.494696519896633,0.46271537082678,-0.0157316855558832,0.497054055085069,0.459527924010071,0.0847939420372264,0.230372766327332,0.192357955970112,0.205008522480904,0.155058888991932,0.256485790087156,-0.0772893615520294,0.589561020486626,0.491832296644148,0.0610460984587483,0.428060466805464,0.451420337069359,0.125624568486594,0.280650568998039,0.4173566678742,0.302922882398227,0.380914511951924,0.547368249760587,0.0834772493629006,0.234550798865701,0.296664286711684,0.123123716891596,0.354428613719821,0.462021062842098,0.148619968785198,0.292961656828064,0.444024737059225,0.251057283494074,0.288712813464962,0.516209080386212
"118","SW_9812",3,417,15,6,0.0134642883254481,0.428462270082053,0.422460625795947,0.210200743195962,0.401049218831918,0.467305022543777,0.299426107880354,0.420991388333466,0.515672078133008,0.277217580455701,0.376398906375879,0.545418863113023,0.367514044421295,0.424254856837407,0.580684591060712,0.423475732804812,0.478126293252344,0.607189884500809,0.0903792975107244,0.339938366413646,0.350732968865491,0.126254374973693,0.354989517174391,0.462468406165885,0.358386325576024,0.388551614233604,0.602343972099765,0.365031953456048,0.431351454161912,0.57843137254902,-0.0775884345564859,0.289273809459839,0.300271898290695,0.171043993761367,0.370006737188405,0.427933783062533,0.167664636638306,0.333328163170344,0.433116740433814,0.337245869615545,0.328922631157825,0.553010102354013,0.0683616221411364,0.205364577269981,0.306342844366094,0.0692174754692981,0.435531771815352,0.437649770682967,0.0533300197697718,0.379777237984736,0.3983583613664,0.0907986812503012,0.41717541516186,0.40468675274988,0.0276044259591256,0.335097351617786,0.431454495618683,-0.0254123426757416,0.494211513963308,0.451804676058204,-0.0239947167363482,0.49466358095335,0.44729147651759,0.0753851102419457,0.213246094159589,0.234839299570095,0.171626126870185,0.288690258631506,0.348250786914042,-0.0577672764638268,0.581312673858471,0.424801038062284,0.100330513244068,0.417667015458301,0.460955832910828,0.174659999787808,0.291840514785938,0.460424651208257,0.329560680054345,0.383664465702325,0.578962600068153,0.0621749453958091,0.333949838277229,0.300255471920483,0.156735701790279,0.334798390665099,0.463823308175624,0.182738279108097,0.281551250177971,0.463293431317789,0.264899088947922,0.280509923804084,0.522875699461587
"119","SW_1011",4,418,15,7,-0.000391252943632418,0.439438350416592,0.434165811622257,0.204236138198052,0.417150886022858,0.474293551431268,0.291921215665476,0.425164773123743,0.511437855634004,0.294884382442626,0.403219517692134,0.552798544705238,0.371297406488098,0.427417081402364,0.581859473757703,0.428985881826584,0.476877075616571,0.612804438014522,0.0659646398552802,0.398564516899027,0.39807032879477,0.108592305498793,0.361673394848135,0.452039050914483,0.334095795394265,0.389934213423985,0.581372749222213,0.346704118983604,0.452163719116183,0.574230897771163,-0.0889240592392655,0.263002017238218,0.326613161310737,0.135760939328058,0.38809722550332,0.427610048035278,0.160782408908288,0.292220360128857,0.433215276613969,0.340705881160582,0.359842080268164,0.544885163565002,0.0751889298149515,0.16124211758399,0.262855839086025,0.0467367398495664,0.444297353283034,0.440481113753578,0.0320465868359559,0.407987525446586,0.404535035208364,0.0960663843008989,0.415648618843971,0.365229166260894,0.00571329700684784,0.333529063256181,0.456912195631964,-0.0259583942636565,0.481180005285832,0.464338792657558,-0.0298917700947946,0.485212029760744,0.468728706835571,0.0968997335520094,0.242406432308644,0.201415676244923,0.197828351899257,0.163314884502248,0.250002017267812,-0.0597802744736362,0.564787845756704,0.472652361095268,0.065548811861131,0.424308259889322,0.448485992599864,0.151746137739407,0.282259003410241,0.435409208066323,0.305725500069688,0.393013950541069,0.552919128670959,0.0522489599402751,0.393968965738309,0.383912382528144,0.121333781528432,0.355791336772422,0.444564067194497,0.157294137500333,0.281007539480482,0.449040105139071,0.236888671759394,0.261104491547863,0.479759640174478
"120","NM1705PAR",4,419,15,8,-0.0262459574437593,0.441450566393285,0.436105698194822,0.178055487101223,0.426735149027899,0.479960203954732,0.278706954085398,0.431224489632234,0.512516793030461,0.268332863087981,0.413497123210332,0.546439695256945,0.348863733339291,0.434686340459356,0.574666867986352,0.431426628843062,0.468437460454267,0.604879729669646,0.0763012821148386,0.409403566648723,0.371922971186628,0.129072049332221,0.377203873002192,0.481707041791075,0.356242965951089,0.421220675323427,0.590034915334318,0.362584899758706,0.4688740187433,0.584062489193208,-0.0851552239914865,0.263665217617146,0.316808795318621,0.136854492372876,0.396772329169075,0.435892648083107,0.15333673276427,0.299413971967774,0.450049663392562,0.360287402063631,0.414294814928392,0.577851825891407,0.0661640944561813,0.175773123685878,0.273558580993535,0.0379687781211572,0.453702915346168,0.443398618612101,0.0369488185926768,0.425274529959634,0.415587511520822,0.0596314384324571,0.381446515506065,0.380874631674722,-0.0020284757538339,0.373338721086744,0.4551289622829,-0.0569788785335233,0.492838084436593,0.463632229145108,-0.0684330966419351,0.492556619547044,0.47156919744642,0.0892970983918527,0.255044213763937,0.25860889624392,0.156217207821587,0.411809074923673,0.310813317258648,-0.0794402482939637,0.406666327430626,0.305918142343443,0.102903058711682,0.446886296165958,0.469216317912347,0.139257441860189,0.308202294154726,0.390560122966154,0.316891331442791,0.406331435269095,0.569217941563327,-0.00165000652349606,0.47366371805304,0.419235110376145,0.14494898983757,0.361915717138124,0.468843968682879,0.166619527304086,0.288150050562023,0.477285604243559,0.256337642918361,0.27280500403722,0.494758489621348
"121","MESQUITE",4,420,16,8,-0.0137276810137206,0.444164894873612,0.44609782413235,0.186052805510762,0.416567725699906,0.472823906888959,0.28706711236043,0.414945335928784,0.509701739737904,0.272772872490435,0.402032407841854,0.544427681491053,0.364083796872587,0.427195947577759,0.574088701185674,0.446908270550329,0.446547101495198,0.617642580410746,0.049321721900343,0.414473192517709,0.38816763545314,0.128828800203355,0.380941265395047,0.444850760817147,0.366058397530262,0.417654065914706,0.583607811104838,0.3678826874884,0.460869243146213,0.580164587360159,-0.105256399519862,0.289137691988487,0.353087520825757,0.137014305271022,0.388857714720938,0.429804984324353,0.153903178670325,0.277536011108464,0.436007969436951,0.365343158855978,0.401155663471684,0.572310643228171,0.0664789541888239,0.161757054176857,0.244066032827208,0.0254459693821506,0.452898299774073,0.443634917755533,0.024572393954614,0.40719520010833,0.408178513825472,0.0651434553203429,0.374149932844832,0.385489719670692,-0.0169084187861202,0.367133573898407,0.446280236646708,-0.0527637117219516,0.477825338687613,0.469326481947284,-0.0542418298732009,0.483935683222705,0.474346913862821,0.0702968051004276,0.209608470958319,0.188070243264141,0.144072858858676,0.369204794038547,0.308095167956824,-0.0933071444640404,0.314640579415157,0.287335300902368,0.0835749834801301,0.43507189782203,0.464774202363872,0.163282865383925,0.310111717653721,0.417720260327533,0.317768583662377,0.406816164367735,0.556826294151006,-0.0113182297492612,0.477449113655799,0.418379175044757,0.115903414312693,0.358494772824761,0.453524655187044,0.164340033164107,0.271878384098243,0.462550320567438,0.269106899895926,0.270128175648369,0.48970152737712
"122","NM1715PAR",4,421,16,7,-0.0613646427712901,0.461291212383373,0.449288819391829,0.129898610808453,0.437585043319653,0.467149691166107,0.23695403169283,0.437052062204192,0.489569031686794,0.229533464934918,0.411616692131398,0.519858352431882,0.32079544740959,0.424705222857421,0.545587801415486,0.440085423382216,0.437132970835393,0.610278548825262,0.051628912434539,0.432397869744628,0.414240565625273,0.0874184084263069,0.417890062007709,0.453510464014666,0.322721015019129,0.378549291883386,0.531070443288608,0.324490225569104,0.443130780201416,0.541123098056715,-0.126599201226536,0.331703816593219,0.391096984132905,0.0847594767294434,0.422848764277862,0.426510557097066,0.108406894454699,0.298041790825148,0.378060920428209,0.29517399858908,0.37439172445908,0.503031260567558,0.0686312474412907,0.164089108516024,0.254338795259838,-0.00695580714755588,0.465341520217095,0.463292600471644,-0.0240839385925575,0.431413172619694,0.422149507833028,0.0529758940729859,0.434263611060722,0.405766549213836,-0.031340709877065,0.422418894060002,0.476184717053464,-0.0334094461785644,0.473598955294379,0.462287140412554,-0.0288796700889072,0.4787739375906,0.458950560769055,0.0555118742360344,0.210263521023383,0.190075201845444,0.173973034857113,0.198552780313899,0.276538882367433,-0.0970462596328579,0.633944190421266,0.516805521228099,0.0157729017089318,0.437960755547405,0.450996573212083,0.186003542351035,0.287112486390465,0.452299716517172,0.234836571527289,0.344166292157027,0.477575679755573,0.0399363655485903,0.415877373478168,0.405198664766216,0.0194154055634148,0.426542793239899,0.461897944551227,0.0795997493955596,0.323127836127935,0.450483168504788,0.201903795709833,0.294220957579219,0.462205450423291
"123","NM1704PAR",3,422,16,6,0.0201190522623331,0.450211733677467,0.436932453254634,0.195929056171486,0.41385777498165,0.475897577854671,0.300875408221987,0.421759884801543,0.517836730292246,0.281837973820011,0.376862472399276,0.548218675534189,0.382465030739359,0.429100262848903,0.598742224528993,0.435687744329614,0.440545277940236,0.61872441284206,0.0393059384598724,0.375938607339304,0.36965860117672,0.0933639493100555,0.336866209530569,0.457694631397054,0.359902716748424,0.407296383940548,0.609158668572595,0.350609007304449,0.453823891180088,0.588505242195279,-0.12058754868594,0.315650794409186,0.311061916757137,0.11012532417436,0.389034840675204,0.420655897408647,0.142935193034269,0.317986425339367,0.433104145973586,0.330884884370849,0.373835339386173,0.563985601688078,0.0449160659991478,0.246431099062941,0.317643732641487,0.0380602231116527,0.451506483283163,0.449845424928995,0.0577791250943909,0.387880996966215,0.40505884393396,0.0883037760867314,0.42153980053995,0.411305692760565,-0.0207892870814127,0.454952447424663,0.444634146111728,-0.044193589718788,0.477411019421522,0.456319635464422,-0.0457068369636876,0.484338330663005,0.444538796063172,0.0304476916349048,0.178080838473497,0.293690052321014,0.129177739829662,0.210860847178847,0.239030128316641,-0.083121893536429,0.626490154885484,0.475596439556215,0.0895621033215958,0.417102767476065,0.451130000090234,0.169973789362771,0.271594735154627,0.44645855454095,0.31371702684939,0.387950846548836,0.590092502414468,0.0345503751550199,0.39972968629383,0.336765562139219,0.0896131941121396,0.366991063706223,0.459140063696102,0.136495627707045,0.284719134348955,0.446708357519139,0.283520547320168,0.302915298453963,0.524681158355977
"124","NM1701PAR",3,423,16,5,0.00165705030607846,0.440080779659463,0.439902542567108,0.183895798432784,0.416134046345811,0.474480780119534,0.279621989415337,0.418086825682128,0.507642062019719,0.271727408996762,0.376338008513014,0.548264728084699,0.370227356332796,0.43336908493261,0.58440570776018,0.426012219881394,0.455310329259909,0.610460594494208,0.0566634157507604,0.380699830935649,0.379288053060196,0.0993880064319852,0.364699967468134,0.470727150588742,0.365700711557603,0.408641745446392,0.596840402487317,0.362733159762828,0.446349033440537,0.586360964138742,-0.112049930759308,0.314118570700316,0.359217320409457,0.0996033989139753,0.388044210704332,0.422745202646924,0.142835075098281,0.321163962770849,0.430935695103557,0.318933974741823,0.371157519009106,0.554317582076721,0.020599088383608,0.37547781422772,0.383438184885609,0.0223663419383498,0.451500893626454,0.454560277353456,0.094983275189453,0.38566951495607,0.409258285405833,0.0678800055310617,0.42095695475106,0.412036457362378,0.00776679448288951,0.468471940825136,0.439070819757984,-0.0280010743166433,0.482354909506048,0.464755910729693,-0.0289302764831181,0.481999590916853,0.463914738064812,0.0815609894761376,0.213869414773582,0.17149524430403,0.172771718060111,0.189388220199125,0.272101232174793,-0.105878521357917,0.638339945329565,0.539273229653852,0.0512953889833201,0.429534920515061,0.453094536916179,0.174194901500179,0.260743358715327,0.453002019098855,0.300998776270128,0.371933177603171,0.54705865890979,0.0658449101007313,0.27922706074844,0.32610091783255,0.0816806731362026,0.367306980167157,0.445798196559682,0.137000544160582,0.266859215649317,0.429255618937802,0.270139274997229,0.287496782564851,0.512836772903731
"125","NM1712PAR",2,424,16,4,-0.0331661428804909,0.45790737845921,0.435482023169661,0.184584056600939,0.380519788851565,0.45604930164423,0.250914834812665,0.402189129425239,0.49009967139799,0.269082128759327,0.384357996071992,0.538363276345021,0.352964499410019,0.416098682945207,0.574233254908986,0.43480143185992,0.474773499143247,0.624424128625809,0.0696465838208655,0.32962922722611,0.330896139834491,0.0982087432399549,0.390535062064041,0.475945206513978,0.361176859589979,0.407552242869784,0.589536410847778,0.361498628948187,0.416767961797265,0.581821314011459,-0.121365136463219,0.365567668338036,0.399433557096861,0.0881715354419769,0.39701347928512,0.428737091946083,0.13163523560887,0.335559457797621,0.4139132779018,0.296321875919741,0.390479912632285,0.532772317295592,0.0539925863279179,0.140044090390845,0.229292391728155,0.0152494638489178,0.455282808628116,0.461451582800682,0.0287305943238538,0.424893548545666,0.424155089404382,0.0136296837477251,0.439974457215837,0.430686705109107,0.00295192048357168,0.472901955132824,0.448333799581225,-0.0374578941770012,0.48948698747822,0.468905416572759,-0.0312792407854865,0.494822804608225,0.469364080262455,0.0827281637878566,0.222891347304004,0.19744889866968,0.159936027027124,0.177708193543577,0.238374856573437,-0.130450913315469,0.660741569984395,0.553444941990637,-0.0116257643484299,0.436165377575934,0.450632499469621,0.16304334740097,0.294900794890052,0.471112388042922,0.241359692524474,0.345139685059431,0.488625621829608,0.0602591691433495,0.309569957278405,0.344861585943653,0.0373314399332691,0.40780234434664,0.452858734314387,0.0911305531635201,0.282493664693239,0.445360246705915,0.230340325566852,0.288478127569436,0.477032728514291
"126","NUMEX_BILL_MELTON_CA_2019",2,425,16,3,-0.0199687729109895,0.453722888911893,0.432362983549089,0.173395232107101,0.392007214008598,0.456835650623886,0.206222943885958,0.371803355727226,0.47241555136769,0.259955792632214,0.368705000602635,0.529875159381126,0.354450737124178,0.394899452318241,0.58806841144418,0.431395545652849,0.478553388172765,0.624410053614206,0.0765877122275971,0.290908106712636,0.299245416578184,0.102907560056966,0.388019994322515,0.480604549512113,0.374338879374121,0.418052869503938,0.612331679659816,0.372465499533237,0.403907919258734,0.597842874767042,-0.127210017872075,0.347907685585331,0.355285094380174,0.0765665755245831,0.391954397109134,0.420260562948964,0.136039024314942,0.31583747194938,0.42243074715815,0.309490787685181,0.369339993088933,0.547286482211394,0.0285357419256299,0.249124876761168,0.292136736440946,-0.00408600351376217,0.454107642496303,0.4538791500153,0.00916239083445363,0.416957663345363,0.412897714783373,-0.0176103340346244,0.424017729697243,0.419932166867308,-0.00737550844556288,0.485574478626537,0.443966705190987,-0.0419857359350628,0.496666917086119,0.460670817167142,-0.0339009126314831,0.498492408636606,0.477698558022431,0.0488338562421853,0.264529474677572,0.341406647792807,0.107408535170097,0.21902199904352,0.162085344115473,-0.123941149448299,0.642147251057286,0.404692220025265,0.0124762326642114,0.415404903938469,0.440166952531976,0.168012397361152,0.276798733934007,0.457419429865809,0.278354256612678,0.343384678193333,0.520872451070933,0.0460769649614605,0.346454174449822,0.314052185123613,0.0634954251167184,0.367174943189647,0.428588977974165,0.109605843717035,0.278789870072028,0.415165686457044,0.259748449211535,0.282080737347987,0.486967360222276
"127","SW_9813",1,426,16,2,-0.0236960781338805,0.444421365196971,0.425209676152951,0.184457116689443,0.420301897871448,0.472944196288141,0.232236744427958,0.400292429320892,0.498066004329494,0.262721512005852,0.403962152619873,0.551773063297393,0.361685008602428,0.417306575964914,0.586218743331076,0.394075313406159,0.455184016291283,0.580573659327985,0.0966013888391306,0.304740276233662,0.321159398565117,0.127547409464031,0.398984380076817,0.491181258828318,0.39560014923486,0.429296848410592,0.61431508686791,0.372626002695292,0.430247449533319,0.599959516401887,-0.0635056968410383,0.311331600913458,0.307404723542772,0.136263277783767,0.381942995900547,0.431723199584937,0.147185053171384,0.316966486406946,0.419150388110216,0.295416418821772,0.376464199531982,0.505598694514112,0.00285877876388006,0.323979146551956,0.376958813419886,-0.0147531191794626,0.455281987573087,0.45011387977301,0.0185992822076003,0.431438771052624,0.408258091562627,-0.00758218177112232,0.454196334415702,0.437258890122437,0.0281655214812495,0.466902800030518,0.343147936217289,-0.0290013390842282,0.49741866012668,0.472424860027643,-0.0417632978846095,0.496565575646601,0.483982795452811,0.093855464570699,0.245282416461896,0.205143673837822,0.137534556472524,0.215673940796335,0.167790047061401,-0.100119433844764,0.640169817927171,0.454122555885099,-0.0116299754579156,0.435635563014898,0.451021899786145,0.16833114676157,0.300240923721368,0.439878247327812,0.245951073140509,0.380379789577145,0.508472322909827,0.0464266403253104,0.386679980363176,0.298809232117624,0.11063622643728,0.361908454174539,0.447052595604486,0.143010971172747,0.276089370815709,0.430172906029814,0.256021381961349,0.295647422514574,0.49026007406708
"128","NM1702PAR",1,427,16,1,-0.0464318018147775,0.451890794080625,0.423803202273537,0.151274416890051,0.425805850896508,0.471531760511691,0.212563540175188,0.417840536408675,0.486890783489067,0.266669420818982,0.419067354214413,0.543658008658009,0.342188656187332,0.452578453934238,0.587019219087883,0.437390501755393,0.453270466557664,0.607657240875234,0.0505796860561985,0.319097851549318,0.360296381166857,0.117864375954924,0.378854276753436,0.490317323510601,0.387872154322699,0.418369590025105,0.595299242833748,0.376311046129897,0.441652661064426,0.59232925268873,-0.0536980725956364,0.407471193930965,0.289503347312292,0.106985020379986,0.385018942873892,0.417224103385218,0.131420080967418,0.293768715741456,0.400585476216753,0.265633138847479,0.373163496258007,0.495544123859937,0.0220334129300934,0.277363113749882,0.32583408634399,-0.027771315327454,0.475557733799161,0.464453984908057,-0.0183009525643804,0.46110721704433,0.445850628465872,-0.0370787308449291,0.463260962111537,0.468500479043138,0.0300977906094537,0.461407578835925,0.298980188703237,-0.0232149485161446,0.495744094379669,0.470910898056403,-0.0531300961658895,0.495669723531101,0.479073708151076,0.0947152965805945,0.250904000133728,0.242684251876369,0.11498850000255,0.289791643080741,0.165442407540869,-0.101866984781887,0.650815282372376,0.305739381725541,-0.0738951340533346,0.460649675215679,0.456264509608536,0.217027714959631,0.261493357872632,0.475287443497254,0.196186799018452,0.372784261047211,0.475563863359129,0.0073276908743651,0.456620381307365,0.384611386723364,0.0776904513620629,0.366655885399821,0.428997857809153,0.109112632160735,0.276308132636782,0.403206216390857,0.228078831598074,0.300243643582231,0.471337324715896
"129","NUMEX_BILL_MELTON_CA_2019",1,428,17,1,-0.0323783808133834,0.456248527805735,0.421805784563552,0.198801147295935,0.423952689525008,0.501655950508546,0.31595738824623,0.444581275059212,0.551884869790351,0.321243007119192,0.458590907627419,0.589923693615377,0.412509007188953,0.481440423678912,0.633541012161023,0.494000475514796,0.467123259560234,0.660728393921671,0.0425255044300677,0.281366046544552,0.332499370329947,0.178214379378344,0.409577043487078,0.521336763966522,0.421723662337976,0.454009857976272,0.640494780718087,0.443195562347965,0.431951447245565,0.636254279489574,-0.0744286866189906,0.60143507980856,0.324014483842317,0.0942616664447964,0.398704607882365,0.40982022293646,0.157753483385182,0.307818857374094,0.403650075414781,0.308186275978468,0.371635613061547,0.502891006558122,0.0106444868852727,0.384705475819581,0.407521051960507,-0.0288830513684198,0.470493075902136,0.453192059662898,-0.0490401036188027,0.454802720482735,0.441512125402642,-0.0363797796562037,0.460505248730648,0.449384975932247,0.0163591339249248,0.479539064508928,0.329152738099611,-0.0374224850979774,0.494313611082509,0.471643564485893,-0.0830044553711706,0.499312015503876,0.487923316613467,0.0399077249848688,0.268894906641258,0.295787071861993,0.0188645637824251,0.263009130203134,0.13804427084754,-0.125712475333213,0.637485073614221,0.449462989347988,-0.0733704716628839,0.458762940349439,0.443025066252432,0.218569195110639,0.272448502866851,0.484395754479324,0.219165460195679,0.346700090883276,0.458998135957151,-0.012519685087081,0.476011300635882,0.418321908709283,0.0866287811799376,0.384704874561453,0.431725748442647,0.119161474955723,0.28254460367457,0.433527011402636,0.340295492611109,0.308113668352913,0.518129590144516
"130","NUMEX_BILL_MELTON_CA_2019",1,429,17,2,-0.0327187569048343,0.459388563913247,0.425066199830049,0.186270074847574,0.420563783160323,0.48403414071511,0.306636601666474,0.419692700575956,0.527210764863887,0.274106588308678,0.403307515176889,0.559605369161576,0.37779200503401,0.445259094963884,0.607233624552671,0.47009364943323,0.455240215744417,0.653342533594634,0.0655302649340989,0.317109740378395,0.329084171658757,0.12478404924163,0.374049816004833,0.486432931015543,0.397077670494615,0.429982942738051,0.62382571162016,0.394446892071728,0.419744798288319,0.610987076257317,-0.108760864757421,0.555523493767654,0.394802766269566,0.0777984331060009,0.391827352984924,0.40628133448828,0.137563651628197,0.291305497841446,0.402951971579423,0.297409043070459,0.371759293775248,0.505192769498543,-0.0113340773783156,0.414346066698757,0.443973099385916,-0.0439002166287665,0.468221493223371,0.458446972753436,-0.0417255479346047,0.446095380494035,0.432159537957787,-0.0306155269606647,0.457958666131624,0.440800841409361,0.000867505199352473,0.497589357114802,0.420618329476192,-0.0425447771290602,0.496635760247251,0.475913586239697,-0.0664839379729357,0.500147249561303,0.485782597085527,0.0310514888447423,0.287847163678306,0.327293530460312,-0.0115525291903164,0.508530311874356,0.455746427292052,-0.118632409967912,0.676486871565235,0.544055227627383,-0.0297807262689363,0.446181091178448,0.441243711862152,0.212821690773172,0.26568930821426,0.49637034115692,0.24021259858186,0.338915158243951,0.482988196963989,0.0144337974288848,0.447952316591975,0.393784189897574,0.091970307863815,0.374915754930305,0.433884626770721,0.126618593744732,0.269015336538637,0.429220468675275,0.332271398615513,0.31599920313387,0.530892137469985
"131","NUMEX_BILL_MELTON_CA_2019",2,430,17,3,-0.0173609553012739,0.457032627393877,0.429643389936972,0.183356098496325,0.390320981440705,0.451900597672224,0.291472291647297,0.397931058544414,0.499512817097075,0.281636433300938,0.382874690105927,0.549272352619209,0.370852702308974,0.417531222638202,0.610350081717642,0.449777474286142,0.446947285701611,0.646390948536277,0.0332809717028404,0.305823748355862,0.298896390056316,0.0766045509817723,0.364307261366085,0.452836177205925,0.374607724167918,0.417184991211106,0.607854148398179,0.381261990619015,0.405497631151226,0.600598955631635,-0.132847632060935,0.483364976285765,0.416270051024261,0.0604411203952385,0.402719549220849,0.415067153144167,0.130091683539908,0.273057609535371,0.417004929551558,0.302869867871513,0.357471679790889,0.533281858638075,0.016675431041985,0.326124221033194,0.356842897037723,-0.0133286465845797,0.461497779773487,0.458237567008709,-0.0143021909607006,0.427691012074855,0.416567379991115,-0.0150914615045768,0.428416486503783,0.427460255186697,-0.016248571153131,0.493757082022894,0.441455183216583,-0.0520633756011513,0.493711022973687,0.479622704025562,-0.0502010495684199,0.501722552834363,0.485748264286259,0.0171207021275628,0.389029135951056,0.403041305183625,-0.0168117593451008,0.487717563004507,0.482892953929539,-0.132613918374897,0.682732338787702,0.441132277948887,0.0186020838932803,0.433190041778331,0.442654503126607,0.186477823963709,0.292470238467016,0.468407846468381,0.296026001706894,0.350279931882293,0.530789252503358,0.0135044883209715,0.447735573828223,0.381703151991302,0.0701467148450972,0.375527673324389,0.432329163596052,0.0955133037885498,0.26222122436761,0.428463248460255,0.328380396502714,0.309236903716711,0.523277345764176
"132","NUMEX_BILL_MELTON_CA_2019",2,431,17,4,-0.00368925263671449,0.447382833824834,0.424247330808141,0.211066660860576,0.389268910558876,0.449333752752438,0.324113651176688,0.415178935355018,0.520130846828011,0.288866613693117,0.394441642719851,0.555046910384989,0.393855233787844,0.439328147615924,0.606199431445441,0.464223927852905,0.459469772826174,0.655951768339312,0.0381747044581676,0.342472945007266,0.334555190519614,0.0954220108313606,0.35963222895996,0.45728582031103,0.380679343492052,0.436074707604095,0.62691563862629,0.412365357446183,0.43478333522831,0.619023156618121,-0.141937458745658,0.524099180185457,0.446022994929222,0.0719561783415157,0.398979203115915,0.419267693740013,0.137387640299234,0.286912835409567,0.440048973055509,0.317058669598391,0.386321786208432,0.559016650786176,0.0364572439574914,0.23583850277459,0.320790116065274,0.00795440128234052,0.449253963804006,0.461314958653305,0.0170260974677677,0.40978249679324,0.412163522047578,0.0182076422225919,0.418661443102382,0.417173580562257,-0.00739472379578206,0.492111933402847,0.452753452824662,-0.0470289554512751,0.495564413979312,0.473681001949834,-0.0518893227360365,0.494160221613745,0.481547227143728,0.0660883177592137,0.210233187904318,0.223961686976581,0.00817576780122148,0.439795738978124,0.381246864797649,-0.1339864222757,0.636606456308013,0.560737628384687,0.0357821507298164,0.439542004221458,0.446993739729525,0.195631771964668,0.280137831305808,0.489802876625981,0.30724181304942,0.372163480453889,0.537079582063705,0.0224417248077395,0.438195379374485,0.398730632128338,0.0898856221292955,0.384754143436872,0.444908882315015,0.122551149582966,0.270970279752191,0.438177248184696,0.331828743283094,0.322759555516625,0.532398994524031
"133","NUMEX_BILL_MELTON_CA_2019",3,432,17,5,0.0172675899952082,0.432947241115472,0.42815458497731,0.219424964661746,0.414451169130754,0.481429715843557,0.333582784557518,0.425502090192272,0.536648936507634,0.298989845389508,0.39171765732513,0.576076458316791,0.410232382943013,0.442114137722989,0.618467045527397,0.460459445225628,0.442284497509411,0.651291684094452,0.039520005569845,0.30921112631099,0.297280483849992,0.110155264731234,0.368162991692403,0.471777428920286,0.386790000320625,0.433232831625605,0.630335699728125,0.416987932045908,0.477768959435626,0.630733651485285,-0.138248132157984,0.500143472022956,0.422203643973636,0.0805148817868468,0.401835840092396,0.42431092561969,0.149991961555973,0.301426810874444,0.467181694441379,0.337041791180669,0.396781734086529,0.584373042403277,-0.0116196453038574,0.467524399665736,0.45690791334745,0.000751823623783092,0.459265855674108,0.461040657735854,0.0759406178105603,0.384455815342551,0.40681382055684,0.0638149642600262,0.406487574003529,0.403454139341934,-0.0111521523063729,0.498683673882677,0.45833995028573,-0.040321627054511,0.483827184727968,0.468515085348604,-0.0449540169244193,0.484184906520748,0.468459112327101,0.0652448706874928,0.257075372348428,0.279821473346372,0.0311335207413027,0.341575791960112,0.291135647433415,-0.126317932807176,0.635363321799308,0.568584537621277,0.0578898889693861,0.438347302977674,0.448896631823461,0.239751615009323,0.25844694556523,0.513374889135947,0.3121773975199,0.383535888316902,0.562234703417032,0.0238863731036428,0.4212621995501,0.396470056857431,0.0990441684109814,0.371651455313896,0.448715695722555,0.137941585001312,0.274018920716591,0.447445263499288,0.350653674816747,0.331772509999024,0.556311056761013
"134","NUMEX_BILL_MELTON_CA_2019",3,433,17,6,0.0177014957863198,0.442563188362349,0.429178711892475,0.202572170439988,0.403872818471998,0.471826389752518,0.333187503333465,0.40344530825788,0.518333136829813,0.291266030820993,0.368871594092182,0.549783072319837,0.392267992286024,0.422315766455281,0.612524340591255,0.448152387354747,0.439711860611515,0.644062004892455,0.0291787993569342,0.274326911521892,0.282268326690932,0.0866910676341689,0.34942045194146,0.453926869893256,0.371087887325091,0.410416941945249,0.609538653116954,0.373874621959552,0.441104806006043,0.592121030454002,-0.147296780361576,0.43519721581882,0.406652014966944,0.0635225772798322,0.413562389344659,0.394828717954082,0.131750211228255,0.279193853050062,0.443472043472043,0.315005349430671,0.360406386654554,0.549718027379003,0.020966618293462,0.341332101640618,0.38952616002174,0.00325298948482901,0.456507533193877,0.456402758459556,0.0631598838448011,0.383481590924057,0.398040606905456,0.0739647967539142,0.402653224639075,0.394764095713979,-0.0498023778485584,0.508138804352024,0.481849958602839,-0.0626173672680423,0.485029521222241,0.469146627051925,-0.0650592420274235,0.490877203021286,0.468099107347219,0.0287759318878555,0.431985907518087,0.408308356925658,0.00752763352878312,0.228433645553186,0.375707768037197,-0.117214216279793,0.644578329601737,0.544156489585453,0.0577468225288837,0.432421440976904,0.444370071520264,0.240677330117664,0.275026039296585,0.536761250830055,0.307819443783548,0.369250207009174,0.571804280439403,0.00580967182432965,0.444319679768714,0.386523658596775,0.0947510493466571,0.370471551935904,0.44554508922104,0.132987331930891,0.278919469482077,0.443163357318351,0.347447567878214,0.322047452320256,0.54900585661346
"135","NUMEX_BILL_MELTON_CA_2019",4,434,17,7,0.00822433804714886,0.445311535871317,0.439999330068298,0.21316517003911,0.420070551191709,0.485135082800832,0.336863020767727,0.427244210565152,0.536765969119271,0.304053261307299,0.400165704601471,0.566396935507545,0.390924044494689,0.450429226198474,0.606231442279066,0.446064752123525,0.451690854320612,0.645720031602385,0.0271268248427128,0.352320560496888,0.335787153413964,0.0901751776488945,0.364037669366389,0.448327650819,0.366480817007446,0.398440021301557,0.599744541475974,0.372698233434644,0.478762665560051,0.59353235121209,-0.158183038545394,0.572593966983456,0.478654311532058,0.0647702861967299,0.407610048035278,0.408691673010123,0.124439697577426,0.274813670308649,0.430555678181216,0.315796712314651,0.379117884353518,0.541812055300616,0.046155153816972,0.242744211057338,0.287045260098196,-0.0128193116727457,0.450625285157517,0.459033698518189,0.030575338333948,0.396145878952844,0.409807802114343,0.0756733362980175,0.417822074196501,0.399554253374402,-0.0618457245913003,0.485651369497215,0.495563630121309,-0.0426705878787639,0.472836011109976,0.471780466093657,-0.0383862274899093,0.478113984893568,0.468568894483864,0.0754309780110099,0.259961051769386,0.257670294034067,0.0561358063641245,0.234179492195991,0.281454429517557,-0.108216914802147,0.62136000101398,0.532072448889058,0.0461538728680017,0.435611921713002,0.452758542901744,0.227454752442555,0.265598874079256,0.477477337930288,0.275533095554475,0.374200052235509,0.532286995880555,0.00771352339523142,0.448498037634904,0.415183234578375,0.0715262425717257,0.391809647084018,0.449617669104262,0.109211543275229,0.29608427247272,0.444535103186685,0.304049952053331,0.318522583162618,0.515447796033836
"136","NUMEX_BILL_MELTON_CA_2019",4,435,17,8,0.0112576176851119,0.446117210015458,0.44801387075338,0.197679656956066,0.421549082520709,0.47884710076544,0.307898933105266,0.385903730628453,0.506815961583598,0.277322218803964,0.371697083880463,0.531289765987275,0.371281531150805,0.4206026400647,0.573829829329501,0.446425244009425,0.429410396637287,0.626850056261821,0.0336454765892558,0.385167992871389,0.351018616833015,0.114480752209894,0.36407518663574,0.447400534874583,0.368276811908818,0.405050310914646,0.592601112325674,0.385022384794572,0.467010863385945,0.588762614516901,-0.15129563384235,0.478478300976004,0.469567094216877,0.0757159156601384,0.416626681016003,0.420256538135111,0.138780504807475,0.270709271362866,0.427910358825391,0.342432352218765,0.378724705298243,0.547861062131052,0.0534841117661529,0.272317984475849,0.326927232744477,-0.00436371946875976,0.457647169696264,0.43653884888231,-0.00688236339698266,0.419317542068149,0.415589631150696,0.0633552077646539,0.376595320061867,0.387222102110093,-0.0290734165155711,0.381261355961898,0.434429628122566,-0.0515081225303117,0.475744775725146,0.470682425320476,-0.0582166751673579,0.487905906465963,0.474763744187208,0.0767812851802636,0.288801464319743,0.293369105527974,0.0495488808060087,0.32864486544747,0.316191680634137,-0.0883868371471949,0.257742386170154,0.234413103476685,0.0656577331714985,0.440036964721704,0.455583183209099,0.228566522889248,0.284159006562914,0.469073574074636,0.29333670019335,0.37849738501731,0.5406923242809,-0.021566340104131,0.47671394082782,0.419237413243615,0.0841876898735069,0.39991909078267,0.458090447655529,0.142807360668783,0.272643631008147,0.439398995862599,0.322305757071974,0.304713190722794,0.517484434322441
"137","NM1701PAR",4,436,18,8,0.0337431996259642,0.450984623304456,0.448531968083043,0.23404832125516,0.427452490300933,0.491379343609101,0.350501555443303,0.409913081279471,0.539727156866755,0.301126270901906,0.397974500144886,0.554791364821791,0.385543275485953,0.430153941811418,0.594840679139036,0.494386527798834,0.463339966454153,0.651504788944235,0.0869055236046235,0.239573898571266,0.260525037821358,0.134349195906616,0.383712459342711,0.484839918873532,0.375465780307833,0.428454596051204,0.614151721542201,0.447449546745555,0.497300031123561,0.638097658816613,-0.147794529597204,0.536204564953779,0.386869712715633,0.0784097560848137,0.422683832791553,0.446415311778915,0.152258062592878,0.312181457949033,0.468014232720115,0.351897017510867,0.424158429746416,0.570444470314749,-0.00864694242640779,0.471077387958163,0.445985173313448,-0.0395391473797365,0.459951409347951,0.450415813318439,-0.0218762670725002,0.413743761541322,0.411709057115112,0.0589015304595026,0.41214674824233,0.409787613765252,-0.0598892008082781,0.468578188829454,0.452682620821783,-0.0845325450887638,0.490546165953253,0.474196817178151,-0.090756853204329,0.50020828564889,0.476663996337835,-0.0161554896129995,0.491782926299249,0.438489711315046,-0.0218057743513961,0.318327869031318,0.555304555282189,-0.098704561625012,0.221104043693602,0.219245030192008,0.095022383027855,0.443592661711668,0.4674174676289,0.228475569094924,0.27788973138629,0.459101012246054,0.314350155759708,0.396224397888123,0.572452196779787,-0.0291838063599628,0.46508114241352,0.412985420799753,0.112913786490559,0.383154450344224,0.470394707834949,0.158932350526386,0.288787095549447,0.467832513753966,0.365818770083161,0.341133269228089,0.558887983053918
"138","SW_9720",4,437,18,7,-0.00941472681215622,0.43962968514672,0.441101879412122,0.154825388301006,0.418844835902275,0.464718213274615,0.266229723665234,0.412124701061272,0.49386565043358,0.215518966992506,0.394399934027315,0.509881154014501,0.300019078435405,0.415078668283234,0.548150528868264,0.469194803419971,0.452971511379816,0.646478150838012,0.0342527498637297,0.281977279199817,0.283074798217499,0.0362665353194096,0.398060498709288,0.45141000027462,0.298786560165624,0.369932171357414,0.547423993080998,0.349598891516177,0.478966617397266,0.577177242360659,-0.136582673333163,0.500508624502433,0.37966544769384,0.0647613441151525,0.405974573675967,0.437062760847311,0.110875065727499,0.288146099845446,0.417375379401523,0.28069210628524,0.360914034825126,0.515990989742424,-0.0140019033045343,0.465459632161224,0.443060567927105,-0.0360005910820496,0.44851051437083,0.450780427586578,-0.0102151596452702,0.40544968377588,0.416722269059935,0.0245025764581633,0.413623245765926,0.417924108247168,-0.0840283374654656,0.511805114032931,0.508104707031489,-0.0904993526661162,0.492347923582203,0.493386745379155,-0.0897618267337287,0.500924866271628,0.492782011685397,-0.0136731516436584,0.464465613729636,0.444490320441073,-0.032571015937826,0.172550486711707,0.597613022013893,-0.133747079284086,0.566175283262094,0.462790216432594,0.0616853548888425,0.435366393027044,0.454165363192774,0.234920019324134,0.268742624677818,0.494810854475577,0.26726826036725,0.388718222588052,0.54099061580321,-0.023672610387834,0.462527477063294,0.429837434145065,0.097894757373713,0.365579133007168,0.448509974589449,0.111141748609448,0.283587056122021,0.447161772919929,0.326198996839016,0.330121103167635,0.514986691193891
"139","NM1705PAR",3,438,18,6,0.00838409934411218,0.435524538893061,0.420017382964695,0.191548457028594,0.411285729264968,0.469324106113033,0.326281390902358,0.416426892268749,0.512297992375663,0.269496435602826,0.390301548688359,0.535960064068168,0.374947455644633,0.417557217718457,0.601573931852492,0.477861336926284,0.462639982086349,0.657827969800288,0.0555691697552748,0.232043044738675,0.253026943293479,0.0736411719172193,0.367711016030344,0.45352978798357,0.350771702486304,0.406383259858977,0.598943530853223,0.408225571337442,0.494386692948784,0.617546425977799,-0.114221021625576,0.432731324008547,0.311187056351727,0.105971075122339,0.397076760199841,0.426544347323936,0.14266321184609,0.29800224404959,0.471955266158996,0.317422891608099,0.384530479167462,0.561298921868664,-0.0314576504112686,0.463843419208656,0.461147607427626,-0.00487755742595056,0.441736946422294,0.435254421526427,0.0530833163446396,0.397211365933613,0.412123009603427,0.0533175048235433,0.399771840054313,0.40105194719674,-0.0690073061796067,0.514801345431289,0.504599653186922,-0.0984661797706,0.501670679107685,0.498206904667343,-0.10015286630058,0.510128936252461,0.499841245714479,-0.00466494359615613,0.437186867927051,0.469551175969109,-0.0168307714339476,0.0771639454260792,0.524921945036941,-0.135447686996877,0.649242146685664,0.497683865933917,0.0842957903937231,0.432035253125641,0.457916131792897,0.241327166826507,0.273096906632689,0.525553654037534,0.325921360067072,0.387159502997846,0.58093810743103,-0.00152036114424716,0.447036774549177,0.38713302009782,0.147536820678643,0.35427461058307,0.453330435932805,0.149039793840977,0.27683833383881,0.455740031218958,0.377093476073813,0.33427052413005,0.564148619646864
"140","NM1713PAR",3,439,18,5,-0.0306466944180406,0.452477086568619,0.431595190373583,0.18266026883788,0.412932388177258,0.473938896488828,0.325286940904072,0.408801272380347,0.516069095450182,0.288925024661296,0.392622549019608,0.545245575502928,0.38153752893323,0.41983693105495,0.594368255356666,0.456878614706692,0.452220659002666,0.652918277416547,0.0735531708091883,0.262971781194958,0.274624061559217,0.106784058855701,0.395707855791889,0.470152847463772,0.368810332588277,0.418005021081334,0.599353545788338,0.433735155837844,0.476347587005282,0.620648874555972,-0.12443984570265,0.502838516664689,0.329879037622751,0.0904713673366971,0.414707146362746,0.440466620116237,0.150818538832182,0.314073701655401,0.466588272535985,0.326329541013033,0.407588684328693,0.559207216679262,-0.0611952792291608,0.486278034225847,0.478759143788067,-0.028679007694719,0.464480256337763,0.450154759858896,0.0258713016334781,0.412113438157061,0.423720287036341,0.0152387740274509,0.414706114222805,0.414303031652091,-0.0331396574954943,0.511415914783072,0.485829925956067,-0.0878686116370214,0.503464096028239,0.489444012505454,-0.0929540363343641,0.510590333409628,0.486686312657359,0.00825860167583302,0.425123447503469,0.448035203851362,-0.0334988656459522,0.238424862665088,0.4532243018695,-0.130024309066268,0.683144368858655,0.538607408775476,0.0791944710208991,0.440281530007309,0.460290733872933,0.293499790997463,0.259060372503217,0.563267835059273,0.333620256406211,0.381584460831098,0.566819549098531,-0.00522211020577048,0.445089871842498,0.387882252824989,0.0906173898097561,0.401917795708068,0.45771149449179,0.123721128373531,0.286728837876614,0.451505178500371,0.359232287980568,0.336679465793808,0.537297041163532
"141","NUMEX_BILL_MELTON_FG2012",2,440,18,4,-0.0274140532047332,0.453425466572171,0.4211834167222,0.196727685821243,0.400774530531028,0.469677403308046,0.340214338827862,0.418234914855691,0.525291715654669,0.276146542961111,0.411297588941905,0.556604964561192,0.37848336562188,0.435573916044673,0.608056718454838,0.448078664138423,0.440165296887986,0.641242479897942,0.0443746775508698,0.322235666157992,0.303759747539348,0.0790166313173075,0.36945671783042,0.462615646560283,0.362654124164621,0.41478416157151,0.613631394971711,0.432263193776916,0.468634713144517,0.636950755610886,-0.142255684247086,0.593976682661737,0.402383319272717,0.0434848346802333,0.415140124769229,0.435983585759159,0.122706154638926,0.278783128280976,0.443352555260733,0.304820812661564,0.39632419926787,0.553713589855884,-0.0432534682941398,0.475368513252064,0.482758181021914,-0.035832560081319,0.464341796900052,0.456158577812959,-0.0050127405423021,0.432003606040117,0.425565505147952,-0.00453899859881521,0.424710902957576,0.425105038744776,-0.036162972986236,0.507983576771247,0.495054852416059,-0.0920792048316104,0.503122892134648,0.479446298356198,-0.105032967111922,0.510121690699626,0.491319523918517,0.0133276946536746,0.458628621098908,0.444980191565117,-0.0629308086586786,0.149708237185257,0.453197389500175,-0.138843401855679,0.695317185697809,0.491193262772237,0.0459464682736017,0.441007373145834,0.449699550080019,0.2325975767719,0.280388575901798,0.539711940839194,0.307278540144863,0.374582136269587,0.544874614437667,-0.0161576931671945,0.467692418482151,0.405341110780318,0.087434078215011,0.394769877112425,0.44297443358969,0.108551103199864,0.278725739659732,0.432596584011043,0.335670304294587,0.319697729838204,0.524223072313503
"142","SW_9812",2,441,18,3,-0.0160160938333237,0.436495587265656,0.412877850294946,0.205913493319321,0.394989451609521,0.462477173115235,0.348156831285606,0.424234418273384,0.524397155270666,0.298851841085767,0.411992137764197,0.562306945505475,0.396383040475357,0.433816674129379,0.624037570418502,0.439891972313632,0.444364925457362,0.643915343915344,0.044810320480426,0.305126255018841,0.30345454276077,0.100112305543838,0.373674875681796,0.462018919181549,0.388201578706997,0.417331539517992,0.61629869427861,0.437545157320682,0.448956901333719,0.635378874797151,-0.0977191219778914,0.480890892942543,0.323219994030989,0.113051900507917,0.395705504893461,0.433722038141714,0.166391633141772,0.295393181014096,0.462826843937955,0.330954646132964,0.377443311694671,0.55370231779452,-0.040314350344067,0.473331163031411,0.470139149742485,-0.0297067325713737,0.448275129133982,0.449854054321476,-0.0164368713216383,0.422771007290871,0.415165890671753,-0.0175999083809094,0.424653184327651,0.426660326779062,-0.0391503450194974,0.509843481995767,0.47599972496084,-0.0989153702609411,0.503058429320725,0.491894083880823,-0.10552193166611,0.502280847007583,0.497290581698405,0.00551949619744528,0.447024665257223,0.466163578327737,-0.0333650273724794,0.175278749734087,0.526345150854955,-0.134401545785721,0.640711886830857,0.36224387678947,0.0843717631282632,0.431196175517704,0.456016116331,0.194593511892471,0.271659192451667,0.472697338013566,0.346591531119384,0.388623073612199,0.584002590620878,-0.00912014345766999,0.45612548598066,0.404241764784921,0.163529450088496,0.354116888534911,0.457895443799699,0.16115124311814,0.287483617539364,0.462405584091764,0.379368342448003,0.345150647323606,0.569347938180247
"143","MESQUITE",1,442,18,2,-0.019419918608979,0.445403541831731,0.408674168611748,0.205148533702421,0.413427626095522,0.47582384091464,0.332165616183061,0.43039580439099,0.516678719368692,0.278411591035833,0.421011760535195,0.558382158442794,0.38461859353913,0.436694514774602,0.608759463833905,0.383949286192123,0.432765413857851,0.606024461066478,0.0536412626719662,0.292133815998064,0.328114562087113,0.116108291554184,0.379337448403192,0.476579844607526,0.384947029380615,0.413361121454912,0.606695575922834,0.414959370641243,0.431774734585192,0.616419234360411,-0.0859682945620161,0.524502549718161,0.317296886782483,0.102233648225169,0.397204504291677,0.435832217759929,0.145912829809093,0.299502630320421,0.423243939226723,0.290254691264205,0.372463009130203,0.511442666652119,-0.0607401416307002,0.484657615755755,0.483740513451635,-0.0727271529331151,0.467979636464528,0.453758017822657,-0.0465909054907315,0.445719357701928,0.43321118428924,-0.0454295162702353,0.441850946391185,0.435845524714456,-0.0736826873637374,0.527149096656485,0.521254216246714,-0.0945046409423976,0.505876052064628,0.489866494119586,-0.115458538523066,0.506124237425854,0.499442671125298,0.00997466196844756,0.471246677699213,0.442182939672033,-0.0549159708509444,0.153867652968634,0.492685290753601,-0.139013694499367,0.675976490942398,0.4879505054617,-0.00969182813627666,0.44342042336832,0.445718133209638,0.252771007970151,0.258623828380365,0.5403017167793,0.241824845650079,0.351051585412787,0.499281314251913,-0.0152871669928409,0.473863558810405,0.411468094600625,0.121627988572001,0.365531798970793,0.451454684025875,0.132963961535597,0.269921997394416,0.443834825772193,0.329430169445457,0.323427156932425,0.522664165168555
"144","SW_8888",1,443,18,1,-0.0322288664079707,0.457150213544197,0.417486292382573,0.204334803386091,0.421275621264549,0.47815522701059,0.343622046687269,0.447736078928647,0.529345996180613,0.304315211499567,0.456825476874671,0.576992026186081,0.407049818357096,0.467579026654032,0.624592067310195,0.448925343876552,0.446360022138569,0.641127884034458,0.0683417526345844,0.268026265932153,0.340009576988578,0.180208957147297,0.416940793411382,0.529674604884689,0.418489449714114,0.442821935799029,0.632556947631003,0.451450103206084,0.440799542449206,0.644275791497411,-0.0640751206974375,0.562079337511641,0.324210993768496,0.108921949977581,0.40894121146897,0.432325904926897,0.190807769171096,0.322501536227026,0.451383907789137,0.327048372254413,0.390648946229022,0.527839231019162,-0.0446735312649973,0.481294872615334,0.483426405896543,-0.0494872063850917,0.471046319658599,0.45391964467312,-0.0455183301874265,0.451526121067603,0.443942492563933,-0.042657218272652,0.460674221914299,0.432609064627696,-0.0242400636931731,0.499623139835749,0.444868306163797,-0.0947903830815425,0.502099902228319,0.498275943140011,-0.12409699579577,0.498785191119249,0.497053292133974,0.0251429579907388,0.437048459622553,0.427400665295956,-0.00307974550264916,0.0673394758997914,0.103320222645304,-0.145102251288088,0.685510614502211,0.500143989219619,-0.0889236852762052,0.469142326051451,0.450753724407388,0.227330025669227,0.273343076878235,0.500343189303753,0.2020435471457,0.353678819965681,0.457490628933427,-0.0276398058018504,0.473553430867577,0.428199041519237,0.0965944116607926,0.388631009744084,0.444901677342958,0.127175939503121,0.276488882236525,0.423734526323959,0.343172517516939,0.333723601800271,0.525049220687026
