"","X.1","Germplasm","Rep","Plot","Row","Range","yld2","yld3","yld4","yld5","yld6","GNDVI_131","NDVI_131","GNDVI_138","NDVI_138","GNDVI_145","NDVI_145","GNDVI_152","NDVI_152","GNDVI_160","NDVI_160","GNDVI_165","NDVI_165","GNDVI_173","NDVI_173","GNDVI_179","NDVI_179","GNDVI_192","NDVI_192","GNDVI_201","NDVI_201","GNDVI_206","NDVI_206","GNDVI_263","NDVI_263","GNDVI_278","NDVI_278","GNDVI_293","NDVI_293","GNDVI_299","NDVI_299","GNDVI_307","NDVI_307","sca_yld2","sca_yld3","sca_yld4","sca_yld5","sca_yld6","GNDVI_153","GNDVI_182","GNDVI_208","GNDVI_279","GNDVI_311","spa_int_yld2","spa_slp_yld2","PEE_153","spa_int_yld3","spa_slp_yld3","PEE_182","spa_int_yld4","spa_slp_yld4","PEE_208","spa_int_yld5","spa_slp_yld5","PEE_279","spa_int_yld6","spa_slp_yld6","PEE_311"
"1",1,"SW_1011","1","300","1","1",9,5.95,0.35,2.75,3.6,0.0816952119800104,0.442585449930119,0.170723149886549,0.473638002209431,0.361022579939084,0.580072992404899,0.399351233654966,0.577209599889338,0.00950784906196098,0.286331143497193,0.116193282432877,0.418999061232442,0.248838104985857,0.404153882941544,0.29013329471343,0.467916387174981,-0.0101415495491799,0.447449663371332,-0.02711924125209,0.427142871717534,0.0219387711931225,0.437873682320326,-0.0934930251352023,0.468797352060208,0.132088141879687,0.425609709923765,0.141731369399203,0.395680511202232,0.100209537630473,0.448325612129044,0.278026324697053,0.436955900864212,0.211353972670554,0.170238411556256,0.0347326816345654,0.132603126204522,0.248864731632265,0.211353972670554,0.170238411556256,0.0347326816345654,0.132603126204522,0.248864731632265,-0.00658665640914656,-0.0024532274079659,-0.0108357709036958,-0.0193747160916548,-1.2501266210365e-05,-0.0193963689197955,-0.0518660637651065,-5.04657648270803e-05,-0.0519534730334479,-0.0999536144022473,-0.00534032645412089,-0.109203331109369,-0.0283422630805375,0.00317873338718765,-0.0228365353742724
"2",2,"SW_8421S","1","301","1","2",8.55,8.2,1.05,6.3,5.2,0.0726640672514681,0.416198268647021,0.162053091114351,0.471887900459329,0.363147964282646,0.587542192699011,0.404688446076928,0.592149540205537,0.0465382963240627,0.190431974379228,0.163361018268394,0.419260894238992,0.329698724777379,0.523173593761829,0.383797324210051,0.587149110893061,0.0800102097036204,0.41967991041483,0.0980797201502991,0.383554490809142,0.11224865055462,0.387196358779004,0.0929849140300346,0.465177986519044,0.389028193645931,0.582006575815936,0.276868325577315,0.469414419539576,0.223371929667428,0.515401445569477,0.380488871602346,0.542994051553205,0.200786274037026,0.234614281472487,0.104198044903696,0.303781707304906,0.359471279024382,0.200786274037026,0.234614281472487,0.104198044903696,0.303781707304906,0.359471279024382,-0.0144531932113451,-0.00348670412636734,-0.0204923418827829,0.0137351064479356,-3.06312102301118e-06,0.0137298009667172,0.0116660815152703,-0.00224227156826132,0.00778235325164604,0.0238471637797834,0.0012705900727272,0.0260478903317226,0.0503358791844756,-0.00566265891003862,0.040527866289216
"3",3,"NM1715PAR","2","302","1","3",6.5,6.7,0.85,4.65,2.7,0.0775133171348086,0.419800215690438,0.127887748919102,0.446970754113611,0.343697609893645,0.56679899326411,0.365328855613701,0.54084673375523,0.00126030169887226,0.187153860260407,0.0866291184053791,0.411397169527251,0.30553429524833,0.497212596107862,0.358737806871838,0.559233215682638,0.0387370801060882,0.439913521815708,0.0921960571878276,0.396537348206394,0.107361789559429,0.398152460927609,0.0458146757489798,0.455282035792494,0.352792925690157,0.551289877045605,0.173029660535505,0.413158922418952,0.166272563288429,0.44692247034729,0.326195745855744,0.49387559015694,0.152644535817622,0.191697034861666,0.0843507982553731,0.224219831582192,0.186648548724199,0.152644535817622,0.191697034861666,0.0843507982553731,0.224219831582192,0.186648548724199,0.00416725843194138,-0.00266132489749964,-0.000442291485832788,0.0231796598900761,-9.56532267336801e-08,0.0231794942138282,0.00933056177946716,0.0024953421583524,0.0136526211611152,0.0246138468219509,0.0013136157145113,0.0268890959711627,0.0417310571729927,-0.00469705414835097,0.0335955207776981
"4",4,"NM170506PAR","2","303","1","4",8,8.55,1.7,7,4.85,0.0776732380420412,0.400459453364084,0.133892952690176,0.470574332674246,0.340454820604541,0.585232855649918,0.389109288834594,0.590668789040832,0.0217698758646831,0.204120924884067,0.152629152754206,0.426975877365672,0.320951688194638,0.517961409704595,0.383835020786144,0.599005471569459,0.0915921969509206,0.415027393105674,0.159505748961993,0.403210377382115,0.158470764797345,0.3762244351882,0.126524789210882,0.467819297166877,0.404317737780641,0.608752486501847,0.261357526228237,0.478240049633731,0.219231966597689,0.512407409435567,0.372486347624321,0.538825654639965,0.187870197929381,0.244628305681678,0.168701596510746,0.337535230338784,0.335276096782357,0.187870197929381,0.244628305681678,0.168701596510746,0.337535230338784,0.335276096782357,-0.00677788753495172,-0.0057122904172705,-0.0166718647220174,0.0091146184402389,-4.59808085470858e-06,0.00910665433061603,0.0093948379598089,0.00230176754671342,0.0133816162805079,0.0149454187229026,0.0007964112872139,0.0163248435300504,0.0411416244799006,-0.00463312054388144,0.0331168243353743
"5",5,"SW_9813","3","304","1","5",8.6,8.7,1.85,6.55,5.2,0.0595891955778328,0.423319357127453,0.135917970802215,0.460847433996223,0.326573358012294,0.560886243707901,0.390986670428098,0.592452363661514,0.00982992106287738,0.268798071218218,0.140617385017983,0.396991675799111,0.306219729585548,0.488144244564618,0.37979666107402,0.586943626758026,0.042113709155636,0.369305383669014,0.122964963555968,0.362450122480569,0.143716848008882,0.357922174641594,0.0636468613067399,0.443556524021675,0.386157402475572,0.5746665218014,0.261510522740159,0.456483091148441,0.197698609684126,0.488519865216614,0.363166178531535,0.518867921201928,0.201960462774085,0.24892003034276,0.183587031496988,0.315836536959862,0.359471279024382,0.201960462774085,0.24892003034276,0.183587031496988,0.315836536959862,0.359471279024382,-0.00342693786677459,-6.12773064929736e-05,-0.00353307327450759,0.0306042830197698,-1.62655562488491e-06,0.0306014657427985,0.0129644394407932,0.0065515094254096,0.0243119865822814,0.0226720319598341,0.00121562801697575,0.0247775614391393,0.0502369393904876,-0.00565143817481987,0.0404483613786403
"6",6,"DONA_ANA","3","305","1","6",8.85,8.45,1.2,6.25,5.15,0.103913839537442,0.395124396753817,0.165119066412869,0.511915873438365,0.364124017111571,0.585279502856891,0.442577854514337,0.633219746797043,0.0166381659112125,0.212637359684899,0.176347617711805,0.416197425869054,0.331821073332856,0.532646255601779,0.385978471960357,0.597331108487123,0.0417800462132497,0.368037621552686,0.107441175296527,0.357441492277342,0.144242653526139,0.366569736015142,0.0751985199167524,0.463469315936223,0.389913879839724,0.571480063040611,0.275218312179582,0.472078576756299,0.213789116603107,0.499940815500109,0.385673940216702,0.538428854687943,0.207831406459378,0.241767155907624,0.119083479889938,0.301370741373914,0.356014824418379,0.207831406459378,0.241767155907624,0.119083479889938,0.301370741373914,0.356014824418379,0.00776767041351771,-0.00472440380548501,-0.000415236977295648,0.00964178784900845,-8.14367031657715e-06,0.00962768259832169,-0.0277479100621268,0.00224026958868277,-0.0238676493288331,-0.011992806361698,-0.000639420049195226,-0.0131003143694426,0.037292650274711,-0.00419951203222565,0.030018882099685
"7",7,"NM1712PAR","4","306","1","7",7.15,5.95,0.45,3.3,2.55,0.095044517054124,0.42832456830683,0.134953643087951,0.469440254734372,0.348324767344696,0.561469453428333,0.425589564520894,0.616128747795414,-0.0121882222932067,0.204989338482505,0.110635133346877,0.395728839641338,0.29165330342566,0.476579847698929,0.355362783616665,0.54011961457123,-0.0201093829493422,0.435862894776231,0.0367350870896813,0.402817126093614,0.0769495331977121,0.403618653837771,-0.0486940122110297,0.448573190508553,0.249557306542457,0.467387371370343,0.149753938820243,0.417646271486429,0.133416981454162,0.438619560537437,0.287587601074942,0.461554558885234,0.167908989399384,0.170238411556256,0.0446563049587269,0.159123751445427,0.176279184906187,0.167908989399384,0.170238411556256,0.0446563049587269,0.159123751445427,0.176279184906187,0.00985995932287934,-0.00226724254795682,0.00593298005389669,0.0221630842160419,-9.8087524252624e-06,0.0221460949585567,-0.023178392434778,0.00244299738014917,-0.0189469968680927,-0.0395254611138073,-0.00210709799094197,-0.0431750618746967,0.0235304922053836,-0.00265288583342593,0.0189355591752896
"8",8,"NM1704PAR","4","307","1","8",8,6.6,0.8,4.3,3.55,0.0911709519601645,0.357241534847505,0.151360912302533,0.49792635002719,0.354029926680428,0.594029758115213,0.437049106543933,0.636975134457227,-0.01394898550255,0.254129074668143,0.122316872096752,0.402472460648695,0.307147057696294,0.504024574182393,0.381729341183853,0.572376427717445,-0.0221290342890416,0.36722351402013,0.0288567419886582,0.372364636692386,0.0413416252542782,0.323344379613631,0.00328880543339219,0.447454360434803,0.309651081916843,0.510582897834016,0.193070548513032,0.429350509879506,0.168844542228606,0.469675928461126,0.317285788132336,0.478747892191703,0.187870197929381,0.188835885087611,0.0793889865932923,0.207343070065253,0.245408277026261,0.187870197929381,0.188835885087611,0.0793889865932923,0.207343070065253,0.245408277026261,0.0103526873629715,-0.00288634656600915,0.00535338848423805,0.0113127300013119,-1.03299447097687e-05,0.0112948380123134,-0.055214213269341,0.000126371513861122,-0.0549953313876607,-0.0704916599211728,-0.0037632608191001,-0.0770098188335038,0.0122563841294555,-0.00138728177208206,0.00985354162629539
"9",9,"NUMEX_BILL_MELTON","4","308","2","8",9.4,7.95,1.3,5.55,4.25,0.0674774148830702,0.338125325305319,0.149011146570986,0.4955054480314,0.356442670275392,0.576841563662426,0.441632875187072,0.637578943016321,-0.0378982641387117,0.269300390294055,0.0797895040831716,0.417956619506348,0.28023412376525,0.479798521497868,0.38217519146692,0.571303952599472,-0.022260572461364,0.363657645074017,0.0481208910808307,0.39576197538284,0.0489344721007541,0.308851289324252,0.0275900476280374,0.442513016251139,0.349572526756459,0.547408969464706,0.195997657144786,0.426963146325025,0.186337036328436,0.470577148020644,0.34991881267924,0.503022886876875,0.220747482567023,0.22746140703735,0.1290071032141,0.267617218340036,0.293798641510312,0.220747482567023,0.22746140703735,0.1290071032141,0.267617218340036,0.293798641510312,0.0119175318359224,0.00269215392953285,0.0165804792032929,0.0237889902978691,-2.91783228887617e-06,0.0237839364641188,-0.0345434957048615,0.00203411857368199,-0.0310202990020207,-0.00683432439293385,-0.000359449332754848,-0.00745690889729135,0.0453936282625347,-0.00510595659971758,0.0365498520492285
"10",10,"NUMEX_BILL_MELTON","4","309","2","7",9.3,8.2,1.2,5.25,4.25,0.0797071463090315,0.399278636817837,0.133969906999317,0.483200966661174,0.350655932844031,0.569942782095481,0.438827764520562,0.632067814780233,-0.0386674378602676,0.291777506894927,0.0857668536327912,0.415707973506225,0.277412269942663,0.465586579847699,0.365025671356898,0.56406287248505,0.0242066419911941,0.431070420817465,0.0945267911958735,0.411469025432414,0.116238985295211,0.37508350947901,-0.00824914583324379,0.447094242061395,0.336190477137711,0.517279782986683,0.178622799078644,0.41814638801232,0.168809145344738,0.452408515971569,0.344181969564609,0.489906211240715,0.218399105092905,0.234614281472487,0.119083479889938,0.253151422754088,0.293798641510312,0.218399105092905,0.234614281472487,0.119083479889938,0.253151422754088,0.293798641510312,0.0118880366448028,0.000820786377960847,0.013309680347379,0.02311527158333,-4.90026004026586e-06,0.0231067840840071,0.00751783637572942,-0.000509501597163476,0.00663535372676114,-0.0246687866740045,-0.00130837528306481,-0.0269349591297371,0.0336858873755531,-0.00378801098538908,0.0271248599179012
"11",11,"NUMEX_BILL_MELTON","3","310","2","6",8.3,7.65,1.5,5.35,4.05,0.0578412950370254,0.361204587619617,0.118195882094527,0.486385494368688,0.351571713213963,0.572947022386655,0.395240381216342,0.600308881240073,-0.0402038670839299,0.247966584094129,0.0661520774814437,0.407400820996162,0.271499245861354,0.475109584194552,0.32934405494232,0.556958280437799,0.032755492478355,0.415621350948023,0.0987272395548258,0.39869702483367,0.136026466920429,0.355663328668112,0.0103516409095154,0.437345156291015,0.354512675498588,0.55875899852007,0.176020930905619,0.415837979292297,0.158687593827761,0.45734208038084,0.356991678175025,0.520276717052583,0.194915330351733,0.218877957715186,0.148854349862423,0.257973354616071,0.279972823086298,0.194915330351733,0.218877957715186,0.148854349862423,0.257973354616071,0.279972823086298,-0.00545059273539919,-0.00107076423089083,-0.00730521077812504,0.0124528919991177,-4.77488871921596e-06,0.0124446216492916,0.0127234547352146,0.00310076080847779,0.0180941299741472,-0.00873532159484175,-0.000460920903539239,-0.00953366001455361,0.0313035078758919,-0.00352244113445695,0.0252024608910028
"12",12,"NUMEX_BILL_MELTON","3","311","2","5",8.8,8.25,1.65,5.75,4.4,0.0548211075317281,0.380583609482749,0.131310006018289,0.470572331496701,0.351690601742427,0.566404801659279,0.390620713140018,0.594503925026801,-0.0343320862879349,0.31737126172677,0.0740254064653308,0.401147421931736,0.277100050079315,0.456266145218799,0.349529124731917,0.572435665757645,0.0266396606851179,0.404693417029079,0.133425049161919,0.39717007468992,0.13560415949329,0.351345911809689,0.0545737492509134,0.450044587796608,0.379317768464146,0.585873305295395,0.199279723248554,0.424837178687729,0.178480666488587,0.472790537381666,0.363468080109714,0.529668534080299,0.206657217722319,0.236044856359514,0.163739784848665,0.277261082064001,0.304168005328324,0.206657217722319,0.236044856359514,0.163739784848665,0.277261082064001,0.304168005328324,-0.00306175045897737,0.000105150089402621,-0.00287962516250749,0.0216043847039512,-1.69450698182958e-06,0.0216014497317777,0.0114355059429915,0.00588797463808332,0.0216337771252634,0.0150482544900788,0.000805281911245577,0.0164430436686772,0.0479843757851296,-0.0053968944787002,0.0386366803857813
"13",13,"NUMEX_BILL_MELTON","2","312","2","4",7.75,7.9,1.3,5.75,4.1,0.0527500963542855,0.379761741179802,0.0945380919031737,0.462587086116498,0.327580088000331,0.545182324512407,0.360844160571356,0.571137434063416,-0.0328799253444061,0.329085952458996,0.0664695379274588,0.400919327407307,0.270410012832433,0.457988752956073,0.336313183470993,0.559703162590674,0.0492144414732224,0.427139211670518,0.1335664032581,0.409222113707126,0.129516839363126,0.358927606179375,0.0646594841358513,0.444027322848145,0.36767507953115,0.591763915708169,0.186426183890067,0.426854808740072,0.186507905281665,0.463254368960394,0.342246046092915,0.523367052700779,0.181999254244088,0.226030832150323,0.1290071032141,0.277261082064001,0.283429277692301,0.181999254244088,0.226030832150323,0.1290071032141,0.277261082064001,0.283429277692301,-0.0144639909595331,-0.00400732264737072,-0.0214048773567696,0.0150297826652588,-4.10757104887076e-06,0.0150226681435375,0.0152989866075588,0.00201612207155122,0.0187910124544867,0.00757663446197222,0.000403708209808933,0.00827587758973835,0.042565469818913,-0.00478934842540725,0.0342700750472076
"14",14,"NUMEX_BILL_MELTON","2","313","2","3",9,9,1.85,6.55,4.7,0.0703197354847173,0.384076837854611,0.131398681313704,0.47682457598424,0.323208274160284,0.572468137755409,0.377421923486774,0.574654355569388,-0.0228409670013345,0.321739607267811,0.0803105926780038,0.393653218538643,0.278720948123641,0.471115035132252,0.349473231683705,0.57426653522978,0.0669166451282844,0.44140404690051,0.149308870206245,0.407171248482429,0.140286350013229,0.371987408176989,0.0867398126975543,0.452186060560296,0.381713155440147,0.601569017996841,0.213937934036596,0.440482669135756,0.190772331967423,0.478787762184586,0.35440665576071,0.528984977075407,0.211353972670554,0.257503479664925,0.183587031496988,0.315836536959862,0.324906732964346,0.211353972670554,0.257503479664925,0.183587031496988,0.315836536959862,0.324906732964346,0.000918308965341773,-0.00295759828895976,-0.00420440151712961,0.0272899822117389,-1.30516922396166e-06,0.0272877215923404,0.0354423880286172,0.00342553066362553,0.0413755811549743,0.0364213340548813,0.00194635025758045,0.0397925115756037,0.0579396643773044,-0.00651526847973235,0.0466548883947692
"15",15,"NUMEX_BILL_MELTON","1","314","2","2",9.5,8.6,1.4,6.7,4.7,0.0629600860640888,0.384797048699423,0.153358846406649,0.462214910473993,0.365588952649002,0.586024456750231,0.402285417953881,0.587479887403916,-0.00314050817010875,0.241934131833057,0.0881019054079343,0.392783333770813,0.302507600920124,0.500462543991956,0.366525731282072,0.579025465619289,0.0607286524620434,0.446014757645886,0.121286979141189,0.396933938420929,0.121895052473763,0.361459704263901,0.0929566840865292,0.455966314638821,0.395558457832709,0.605694997918278,0.211234019319768,0.41677807486631,0.187267540496258,0.469638873981915,0.367760513859557,0.549591694257275,0.22309586004114,0.246058880568706,0.138930726538262,0.323069434752836,0.324906732964346,0.22309586004114,0.246058880568706,0.138930726538262,0.323069434752836,0.324906732964346,-0.0114947747422886,-0.000197356037575586,-0.0118366054250562,0.0250151624961704,2.65107817771332e-06,0.0250197542982489,0.0417828849001218,0.00200881487817281,0.0452622543169129,0.0745914875526208,0.00398329546208117,0.0814907576443549,0.0575941037208691,-0.00647545074758065,0.0463782940731615
"16",16,"NUMEX_BILL_MELTON","1","315","2","1",9.6,4.9,0.25,2.45,2.7,0.0738833129391168,0.419964573857416,0.177762828131694,0.476596237288279,0.376276209682443,0.601502120145587,0.410061973509363,0.590919701213819,-0.043238374016995,0.343825489117341,0.034865311304521,0.401096114433859,0.174144373241108,0.353598341116275,0.20725247140251,0.445297184224649,-0.0217578696382704,0.467181961222396,-0.0376382090836872,0.43877179460782,0.00783476815315693,0.446946784011367,-0.0856551130332033,0.475246221723606,0.101334829549054,0.445827627702394,0.118246598436018,0.391217727052273,0.0875412730677345,0.445956498406475,0.26642759536778,0.449084061485291,0.225444237515257,0.140196338928681,0.0248090583104039,0.118137330618574,0.186648548724199,0.225444237515257,0.140196338928681,0.0248090583104039,0.118137330618574,0.186648548724199,-0.00348114235742899,-0.00123069334978361,-0.00561276575847637,-0.0460604384660412,-2.07609341387284e-05,-0.0460963974586249,-0.0492214471988225,-0.00290873138451965,-0.0542595177203648,-0.117197143841637,-0.00626560515902951,-0.128049490269818,-0.0227536333686796,0.00254417471433242,-0.0183469935193804
"17",17,"NM1703PAR","1","316","3","1",9.25,5.05,0.35,2.7,3.25,0.0973086316940054,0.436465841380086,0.181356660790433,0.493526128400078,0.379167100401492,0.605941813114872,0.411873700097035,0.595520697942628,-0.0420755422232023,0.39534076154241,0.0729942895143101,0.421800491727258,0.143200062808757,0.389596111949053,0.200973220371664,0.451427763641504,-0.015703706837643,0.466533781637771,-0.0367757998903384,0.442359099640045,0.00694026864600618,0.445209020118939,-0.0885501235151445,0.481594409265632,0.120039281235734,0.463860395976038,0.117764977109866,0.446121009564077,0.117938481210783,0.43796623844101,0.280409387848199,0.481864713756989,0.217224916355847,0.144488063589763,0.0347326816345654,0.130192160273531,0.224669549390239,0.217224916355847,0.144488063589763,0.0347326816345654,0.130192160273531,0.224669549390239,-0.000199070622872772,-0.00283728871889535,-0.00511339881826643,-0.0556417580393813,-1.54833534632972e-05,-0.0556685759941341,-0.0688683598156641,-0.00136731782043616,-0.0712366237404048,-0.115750105575369,-0.00618507389115501,-0.126462967756603,-0.0330220792486007,0.00370591356376995,-0.0266032486957421
"18",18,"AFX_779","1","317","3","2",9.8,10.25,2.25,7.25,5.25,0.104966369997962,0.43157173876183,0.177449825042017,0.508415106615799,0.390908804613227,0.610788117574986,0.418374035941185,0.60575543797766,0.0314811845878653,0.256902649151353,0.172563409651493,0.434630780948332,0.300141874923271,0.49801364823603,0.382868903380892,0.586561636384213,0.105698113815553,0.452970948561062,0.18456025480268,0.419494568159938,0.150023240979244,0.3626281949094,0.0819829884867581,0.464583525080534,0.407986506094074,0.615231776763986,0.233013972435355,0.477040832611283,0.196105078344506,0.486539732258571,0.39369143081268,0.571502780216564,0.230140992463492,0.293267851840608,0.223281524793635,0.349590059993741,0.362927733630386,0.230140992463492,0.293267851840608,0.223281524793635,0.349590059993741,0.362927733630386,0.00872617279127875,-0.00209079838778652,0.0051048037710744,0.040760003366038,3.60958624034814e-06,0.0407662553527733,0.0756223177586761,0.00565722765866187,0.0854209234506435,0.0840892242332293,0.00449746531787648,0.0918790626350296,0.0543210369054305,-0.00610259050856541,0.0437510401329974
"19",19,"NM1703PAR","2","318","3","3",8.6,9.8,2.55,7.15,5.3,0.0879192252903059,0.395422916039054,0.14675946375544,0.495601776155409,0.347298423156591,0.591423320400245,0.402321492929707,0.60646669491905,-0.00644472707318832,0.379954670517541,0.146281095538201,0.435901365392109,0.263920231774976,0.473188033972348,0.364563573079338,0.583935614333984,0.112714510142057,0.451670759718457,0.223060859802794,0.438718928278941,0.192276261555033,0.412716299802169,0.100660842160195,0.468040078675886,0.381446854658797,0.621470020297599,0.236381018255902,0.480591684007545,0.198240959352237,0.516425610862571,0.384282646589334,0.571729411059515,0.201960462774085,0.280392677857362,0.253052394766119,0.344768128131758,0.36638418823639,0.201960462774085,0.280392677857362,0.253052394766119,0.344768128131758,0.36638418823639,0.0094457841854639,-0.00240266779046633,0.00528424151685246,0.0345912927423381,3.3722491997642e-06,0.0345971336492623,0.0596962271283274,0.00736692138582734,0.0724561092081867,0.049212666249968,0.00263195209787173,0.0537713409866484,0.0500534700806944,-0.00562397281734896,0.0403124634632268
"20",20,"SW_9720","2","319","3","4",8.2,8.5,1.95,6.1,4.75,0.0689927744565531,0.380451913785412,0.109696551586604,0.461583414662999,0.320851389566178,0.547965741330226,0.371431655460738,0.574652626482692,-0.0184957386673906,0.378089931879976,0.117706217046335,0.422978904298847,0.234901972558321,0.433849464738991,0.334812555155932,0.551430720247764,0.0757345587937577,0.413754334807098,0.149645110200005,0.402351531407701,0.13055382382224,0.352516019888869,0.0457157494160137,0.447949500724552,0.36324944900135,0.577966867065512,0.188293377022102,0.44655296032734,0.171164339375273,0.462568460708272,0.356573448363625,0.523240415569213,0.192566952877616,0.243197730794651,0.19351065482115,0.29413784358094,0.328363187570349,0.192566952877616,0.243197730794651,0.19351065482115,0.29413784358094,0.328363187570349,-0.00107835600755457,-0.00362299103804522,-0.00735356053339363,0.0144705910464259,-2.57729541010591e-06,0.0144661270398489,0.0239608533983445,0.00380060291771471,0.0305436907224546,-0.000503755513057015,-2.31341931050766e-05,-0.000543825110732018,0.0211174429089768,-0.00237359939539479,0.0170062481773037
"21",21,"SW_1011","3","320","3","5",8.35,9.05,1.9,6.3,5,0.0848451495500128,0.377226254273211,0.14488180409887,0.488146711676123,0.345477771640965,0.564277248575558,0.393637129043965,0.597677011497259,-0.00553779052878137,0.330218530024565,0.153677337595154,0.430876882829778,0.254779839199105,0.442873396272089,0.345317661237282,0.554714401074726,0.0694650967765421,0.417030294035192,0.145694930767387,0.408015648433348,0.116807769572849,0.358029027890008,0.0587680341047269,0.443464651585923,0.369908587294142,0.587861442956832,0.2142263000638,0.460412750644923,0.179731592753004,0.479127193606916,0.365767202632143,0.542030470416586,0.196089519088791,0.258934054551952,0.188548843159069,0.303781707304906,0.345645460600368,0.196089519088791,0.258934054551952,0.188548843159069,0.303781707304906,0.345645460600368,0.00503685733408022,-0.00314080508629144,-0.00040317662827494,0.0216055634500864,-3.31139211612128e-06,0.0215998279507225,0.0284275486290469,0.00206522705387684,0.0320046267998959,0.0373712009104138,0.00200068417046378,0.040836487528413,0.0336208970473479,-0.00377822817491746,0.0270768139143996
"22",22,"NM1715PAR","3","321","3","6",6.5,6.7,0.85,4.1,2.6,0.100138785288923,0.415358187603813,0.125274221295376,0.490421296723818,0.339588863451627,0.551753374414908,0.355821737459392,0.568318981913753,-0.0500922322387088,0.287011363364894,0.0831400431883829,0.430679100908656,0.215119352147717,0.415732443071037,0.297305082941199,0.517166080731306,0.0394845579687393,0.414148969958492,0.0706912862507152,0.417486883121822,0.0976790700421626,0.34666652007967,0.0091132656091873,0.449645109769633,0.322459280913645,0.533548621739247,0.118976403397953,0.451540749702033,0.137693095078707,0.433997461014375,0.327778004717493,0.491440382122998,0.152644535817622,0.191697034861666,0.0843507982553731,0.197699206341288,0.179735639512191,0.152644535817622,0.191697034861666,0.0843507982553731,0.197699206341288,0.179735639512191,0.00304969129093992,-0.00607018323127347,-0.00746417443093389,-0.00103393303721228,-1.63871131834221e-06,-0.00103677136846218,0.0154762914225138,-0.00131872146475366,0.01319219885451,0.00604773400604427,0.000324300930196318,0.00660943969163154,0.013768344084014,-0.00154753074162376,0.01108794222496
"23",23,"AMERISTAND_803T","4","322","3","7",9.1,9.05,1.95,6.05,5.1,0.105791564927785,0.416054528603482,0.175703073443327,0.495286668589004,0.369280627631829,0.581959142652364,0.427510499308855,0.624318066710079,-0.0178978662180388,0.29464021499532,0.145956819309679,0.434521528379312,0.272161515647511,0.454220233305201,0.373885254706829,0.559635621605353,0.07366800713197,0.418168542064055,0.127994975858077,0.412620407475204,0.143517819284556,0.35758191266668,0.0624451732416122,0.455346374440708,0.385279258796351,0.587717011307388,0.228827912987885,0.468499233575989,0.198576021862443,0.49620383249185,0.399767766968535,0.56404934928476,0.213702350144671,0.258934054551952,0.19351065482115,0.291726877649949,0.352558369812375,0.213702350144671,0.258934054551952,0.19351065482115,0.291726877649949,0.352558369812375,0.0188568165505988,-0.00334361969020842,0.0130654973912776,0.0162557542427791,-2.03819922630817e-06,0.0162522239781786,0.0295961979352865,0.00109774762897484,0.0314975525942505,-0.00236900935930577,-0.000122631620797728,-0.00258141355621378,0.0299074331043947,-0.00336042469996828,0.0240870068144749
"24",24,"NUMEX_BILL_MELTON","4","323","3","8",7.9,7.3,1.25,4.6,3.6,0.0907223498475816,0.336687787364127,0.156133977834869,0.494439998221511,0.360337321916189,0.582586777819153,0.424627108368149,0.618598056506553,-0.0528694535011478,0.350616654766234,0.0617627135252168,0.424508127434216,0.222814849173897,0.429553581282419,0.361085820399975,0.54843346065219,-0.00869306133996278,0.360866952144843,0.0563983519087029,0.394559423619929,0.0635124844702854,0.325833734468197,0.0274842978245954,0.44140642136187,0.332332599107236,0.547023104855868,0.162185434425817,0.439543430823713,0.175173947162478,0.471836057102965,0.34705614886853,0.513041062196023,0.185521820455264,0.208863933505994,0.124045291552019,0.221808865651201,0.248864731632265,0.185521820455264,0.208863933505994,0.124045291552019,0.221808865651201,0.248864731632265,0.00959680001196896,-0.00538001178192531,0.000278346301075807,0.00659585385425456,-4.31038820056921e-06,0.00658838804292346,-0.0233290362871016,0.000675650010979091,-0.0221587761450652,-0.0353776716248742,-0.00189070842910184,-0.0386524746720668,0.0258705900550205,-0.0029129290459457,0.020825248970647
"25",25,"AFX_779","4","324","4","8",9.3,8.95,1.8,6.2,4.45,0.099912596027239,0.376784682473443,0.185290579200098,0.49546604966773,0.368381711492009,0.58549572167033,0.448934372799032,0.628575218525295,-0.0420052504649367,0.41917241181665,0.147461199380176,0.435532106640068,0.233303772994775,0.453771842695803,0.397275799315496,0.575820327203496,0.0292320735407433,0.376666648187878,0.0980046760342353,0.405488266921167,0.101614295112135,0.35506284001312,0.0726296089266168,0.460773346565841,0.360395347302569,0.577185037393347,0.188257231619955,0.462544247228227,0.194449974737164,0.492938292427379,0.367006783644032,0.526167003395496,0.218399105092905,0.256072904777897,0.178625219834908,0.298959775442923,0.307624459934327,0.218399105092905,0.256072904777897,0.178625219834908,0.298959775442923,0.307624459934327,0.0259833711696526,3.61043889150657e-05,0.0260459058053564,0.0239863997591833,2.21686812442113e-06,0.0239902394873917,0.00271666757514386,0.00389141084492393,0.00945678884222304,0.0176622000681545,0.000947187482541816,0.0193027769050411,0.0288069406733161,-0.00323591887450017,0.023202164798003
"26",26,"NM1702PAR","4","325","4","7",7.6,7.6,1.45,5.85,4.3,0.0552336400289465,0.391865722292315,0.115769279414466,0.449621216007771,0.32082092910651,0.552132958554057,0.379418193304079,0.588625376076356,-0.0500771126242958,0.404720732965844,0.106489837166932,0.423972076715806,0.195488152526645,0.419182393407644,0.328507122201859,0.528064843513276,0.0539463353223698,0.420106456091731,0.0950432351890143,0.41071665409932,0.122798947265227,0.35291497404494,0.046979041644735,0.453935193957933,0.340984789439911,0.573608212528548,0.180207681580164,0.457514502749381,0.168547630807352,0.495057881652009,0.359031427652043,0.539281533508926,0.178476688032912,0.217447382828158,0.143892538200342,0.282083013925984,0.297255096116316,0.178476688032912,0.217447382828158,0.143892538200342,0.282083013925984,0.297255096116316,-0.0118243346607808,-0.00133566423631497,-0.0141377729698216,0.000208233736190135,-2.06203313726995e-06,0.0002046621900451,0.0260337850165296,-0.000406663857495171,0.025329422556824,0.00162383602608232,9.17538939570252e-05,0.0017827584315137,0.0221662309598792,-0.00249078385396428,0.0178520667929933
"27",27,"NUMEX_BILL_MELTON","3","326","4","6",9.05,8.4,1.85,5.9,4.5,0.0657940691788373,0.369191077577771,0.124360112472825,0.462656712760519,0.335975024124425,0.585803633276876,0.380373353748639,0.594130395085464,-0.0797276047281118,0.369581244391426,0.0763386670547786,0.423448740495752,0.185516233103661,0.420251076040172,0.312288647640897,0.531775571410357,0.047340008059671,0.413451234521527,0.115546199889935,0.406491799690407,0.139765776509064,0.360158079598142,0.0362189791469402,0.450747384961687,0.341179779379661,0.580360714515006,0.146815570607321,0.459135314903347,0.152002396821973,0.470847616648596,0.345679395057332,0.534220601285955,0.212528161407612,0.240336581020596,0.183587031496988,0.284493979856975,0.311080914540331,0.212528161407612,0.240336581020596,0.183587031496988,0.284493979856975,0.311080914540331,-0.00324790953792621,-0.00146928826113709,-0.00579279144605931,0.00383482702232575,-1.43582065216538e-06,0.00383234010801651,0.0278090781323232,0.00339008729171469,0.0336808815380074,0.0108431707900655,0.000583912062046518,0.0118545361442629,0.0211480541054127,-0.00237303378577987,0.0170378390383256
"28",28,"AFX_149092","3","327","4","5",9,9.1,1.6,6.45,5.3,0.0830000713081513,0.383427742686362,0.17698005086766,0.477656353642513,0.363389718177011,0.591792293801327,0.42995801469593,0.620761489781098,-0.0122419034240362,0.354074209915031,0.192844808038454,0.437535337791365,0.241300530754824,0.451198646894486,0.363641574158647,0.573574038040435,0.0904599566654912,0.410353715122243,0.147169970484327,0.406590298008423,0.117505788718017,0.363305759369166,0.0835853381012915,0.458557440948138,0.358396642155427,0.590972044239082,0.234132623533041,0.479312875166128,0.196807474721457,0.509376620473439,0.366802569119848,0.551246219880987,0.211353972670554,0.260364629438979,0.158777973186585,0.31101460509788,0.36638418823639,0.211353972670554,0.260364629438979,0.158777973186585,0.31101460509788,0.36638418823639,0.0161459777394044,0.000478821644577067,0.0169753211519514,0.0388912753422888,-8.09506959272362e-06,0.0388772542705247,0.0415033555200749,-0.00350956674978915,0.0354246076234492,0.0337615057644931,0.00180533681301263,0.036888440835741,0.0531824535598778,-0.00597575298784476,0.0428321458166789
"29",29,"AFX_149092","2","328","4","4",8.6,10,2.3,7,6.1,0.0573611239651172,0.383466263677833,0.15054500373508,0.467826076509035,0.339521189428378,0.576912635587214,0.410611582690584,0.600721986211459,0.0015888745317133,0.393823359251438,0.188116857198342,0.451099561645274,0.240936800334492,0.464331199646838,0.362682483937581,0.578698677838937,0.134656635658733,0.43927706957935,0.205098871286312,0.428527969534155,0.172245708365398,0.394974997755387,0.0828752038824648,0.454131562766313,0.365690374124785,0.59895633008849,0.251322817630343,0.483263011845615,0.211356502548146,0.524873558885433,0.384316611556073,0.567420339831671,0.201960462774085,0.286114977405472,0.228243336455715,0.337535230338784,0.421687461932448,0.201960462774085,0.286114977405472,0.228243336455715,0.337535230338784,0.421687461932448,0.00430119048544912,0.00162021201318941,0.00710747999906345,0.042222246893501,-5.92290129065129e-06,0.0422119881275822,0.0813740815378202,0.000923631635814713,0.0829738584515383,0.0414332793240401,0.0022184721665681,0.0452757858149221,0.0691382541818568,-0.00776299697541705,0.0556923490601881
"30",30,"NUMEX_BILL_MELTON","2","329","4","3",7.9,8.55,2,5.35,3.75,0.0431989727789275,0.399244500518407,0.108418707759644,0.447984492942476,0.319814803635198,0.55846436593833,0.370396007477703,0.580418957706539,-0.0529463386222628,0.452382930065479,0.0663791369551336,0.391200881959209,0.193332198138267,0.429892579921274,0.33119039645924,0.558587512457971,0.051897328284195,0.451563406967702,0.170536457733117,0.42397423091085,0.153976392671235,0.372200196406993,0.0187344265795559,0.43855282748166,0.312375652530523,0.558275544750453,0.13245592520201,0.453144309442376,0.142262603060011,0.464790943374185,0.310581470748783,0.515250602728654,0.185521820455264,0.244628305681678,0.198472466483231,0.257973354616071,0.259234095450276,0.185521820455264,0.244628305681678,0.198472466483231,0.257973354616071,0.259234095450276,-0.0147496823955323,-0.00220121518766101,-0.0185622989222927,0.00847898845789452,-5.55274608241427e-07,0.0084780266940651,0.0289887386739382,0.00837066465092411,0.043487155079103,-0.020053524805951,-0.00106831589166058,-0.0219039022007544,0.00639328983417782,-0.000721120521771203,0.00514427245754759
"31",31,"NM1704PAR","1","330","4","2",8.75,9.4,1.65,6.8,4.8,0.0488273268149331,0.385731952581415,0.132458736218432,0.461754616376465,0.342690591517043,0.581353129366919,0.390106094932862,0.591058292935871,-0.000274974581066644,0.313297402636948,0.114928594282757,0.414225427867319,0.234713517399649,0.45822444174668,0.359157517756791,0.573166211164515,0.0844026818733296,0.45222949660193,0.149845345092269,0.416260384291837,0.139313251344718,0.351446821574285,0.0987348708701418,0.443481012430646,0.39598822212567,0.617617921150494,0.213624147423803,0.466558644016553,0.171147763149968,0.492599691151828,0.348298572520045,0.56007488867123,0.20548302898526,0.268948078761143,0.163739784848665,0.327891366614819,0.331819642176353,0.20548302898526,0.268948078761143,0.163739784848665,0.327891366614819,0.331819642176353,-0.0254132949378947,0.000613783943090587,-0.0243501899682375,0.00603964146489536,6.75453191214104e-06,0.00605134065729741,0.0505927971620869,0.00352932925585548,0.0567057747231548,0.0599176691162805,0.00320069308104734,0.065461432127863,0.0323698081579062,-0.00363885857443738,0.0260671202529651
"32",32,"TMA_990","1","331","4","1",11.1,7.95,0.7,5.55,6.15,0.0766386382816179,0.408058130480805,0.193473465386592,0.515866346538615,0.39210644711876,0.623058735440265,0.429823494987879,0.625325587024933,0.0179105062503483,0.269744842738122,0.153826421325951,0.424444619436351,0.220809716276354,0.442483967878516,0.347000419193034,0.532598247102064,0.0129466403613004,0.436885486894252,-0.0111835010974813,0.420924646157104,0.034381275150696,0.415557540361587,-0.0268615659518004,0.466842680589566,0.317491138630081,0.523801898866522,0.239401008982933,0.478305556080447,0.202631450610266,0.495555425708432,0.326186744975129,0.51971706593085,0.260669899627016,0.22746140703735,0.0694653632691308,0.267617218340036,0.425143916538452,0.260669899627016,0.22746140703735,0.0694653632691308,0.267617218340036,0.425143916538452,0.0110555217773389,0.00545027098596187,0.0204956679987909,0.0128342612858602,-6.58467800814628e-06,0.0128228562890484,-0.0285503705459734,-0.000940055643132123,-0.0301785946747049,0.00218074281120111,0.00012731088141566,0.00240125172520581,0.0606969505617926,-0.00681482224790067,0.0488933322354585
"33",33,"NUMEX_BILL_MELTON","1","332","5","1",11.95,9.95,1,5.15,5,0.0890501980111637,0.371806255874863,0.185918372216576,0.500364779395921,0.405529343379506,0.621089542617129,0.441027703672139,0.633714251132552,-0.00523566873913546,0.24544017863885,0.118268408695408,0.413234367637794,0.231447483207693,0.466265312879373,0.381397853356804,0.600306657758989,0.0336793411673809,0.441325989324802,0.0424064288712586,0.410440079726134,0.078006949758483,0.377589413487103,-0.0129523807529022,0.450898279238064,0.344138522556543,0.539781733681896,0.164254598231073,0.430625838514011,0.172712800547256,0.45109885696971,0.309640979705169,0.519703925447179,0.280631108157013,0.284684402518444,0.0992362332416154,0.248329490892105,0.345645460600368,0.280631108157013,0.284684402518444,0.0992362332416154,0.248329490892105,0.345645460600368,0.0204671433878872,0.00503741871595149,0.0291922085047859,0.0355663585384313,4.78382164875698e-06,0.0355746443605451,0.00972241032892011,-0.00088422282930242,0.00819089147004859,0.00198951650158997,0.000111571128465738,0.00218276336390595,0.035499184433702,-0.00398512855530496,0.0285967393313832
"34",34,"NUMEX_BILL_MELTON","1","333","5","2",10.4,10.25,2.05,7.4,5.1,0.0705146955096147,0.382645964103045,0.157281585277287,0.482170147470753,0.363158705099529,0.595882879815837,0.410851427090131,0.602864171498858,-0.0252055987189941,0.354510412916423,0.0989145948936223,0.410364420645545,0.21343646437909,0.456827923952107,0.360671795893229,0.583170442807224,0.0752230131574187,0.444256738256651,0.118253859754235,0.407249276684788,0.141777691933803,0.356977632656651,0.0856799312770169,0.445079566385844,0.39232358287138,0.609493292569402,0.175386681538304,0.442000182662207,0.163953754503762,0.456368676792887,0.288184528322789,0.523627485820199,0.244231257308195,0.293267851840608,0.203434278145312,0.356822957786715,0.352558369812375,0.244231257308195,0.293267851840608,0.203434278145312,0.356822957786715,0.352558369812375,-0.00415598793328466,0.00150623741532721,-0.00154710821307723,0.0241022687113985,8.58893738561251e-06,0.0241171451872684,0.0609595113337795,0.00471207396656663,0.0691210628172304,0.0921835162799696,0.00492873831408866,0.100720341419878,0.0363776915894046,-0.00408578324132553,0.0293009074576401
"35",35,"NUMEX_BILL_MELTON","2","334","5","3",8.9,9.3,2.3,6,4.45,0.0479974157015256,0.402382539784447,0.1253690256457,0.466827243718,0.315961462108367,0.589641116810212,0.394138509165836,0.594813950271467,-0.0628190584792107,0.386331503076198,0.0841412969337358,0.414118178436686,0.180377438764967,0.452450010986596,0.354752691134862,0.58511016130135,0.0788526226741132,0.445451872627392,0.163732827951175,0.414424902452348,0.177092367492567,0.371610595896274,0.0367952305064333,0.451351477689921,0.341462002466377,0.578591577715779,0.143182693314435,0.442882991365469,0.154829317858036,0.447862339871715,0.267981365251008,0.50251647503094,0.209005595196436,0.266086928987089,0.228243336455715,0.289315911718958,0.307624459934327,0.209005595196436,0.266086928987089,0.228243336455715,0.289315911718958,0.307624459934327,-0.00473551462369266,0.000732490429889427,-0.00346680398861034,0.018075581063538,3.88652625987257e-06,0.0180823127244556,0.0536073780008047,0.00702172574203053,0.0657693636896693,0.00542134239875974,0.000294320516464979,0.00593112048475932,0.0161726639193878,-0.00181712764661361,0.0130253065253686
"36",36,"NUMEX_BILL_MELTON","2","335","5","4",8.6,8.55,1.75,5.85,4.35,0.0392168872622973,0.389535432775786,0.106444478354939,0.458104609365114,0.319446059003244,0.574070471512292,0.381277580790358,0.593259602333798,-0.0723131774161878,0.44139911194221,0.0863863776496064,0.424980495021109,0.175177977274395,0.457406290151388,0.330565290263599,0.564072444919384,0.0634471966656443,0.443010375712652,0.11170627486931,0.411013262028713,0.138282159797768,0.390872860188965,0.0295040239792401,0.448154460757345,0.311967862818762,0.576213316149315,0.13347442822299,0.445849158809042,0.1567821547302,0.452231117731025,0.277443014413146,0.508646579730519,0.201960462774085,0.244628305681678,0.173663408172827,0.282083013925984,0.30071155072232,0.201960462774085,0.244628305681678,0.173663408172827,0.282083013925984,0.30071155072232,-0.0112575647456544,0.000818603540155563,-0.00983970182904509,0.00991001846008482,-1.31609046069861e-06,0.00990773892454949,0.0300489354007222,0.00231479102921207,0.0340582710547018,-0.00374052049413182,-0.000195456017095906,-0.0040790602449076,0.0131622729064754,-0.00147775760975443,0.0106027216562941
"37",37,"NUMEX_BILL_MELTON","3","336","5","5",9.45,8.6,1.3,6,4.6,0.064896134742629,0.36552930970054,0.14608048412366,0.479169445556,0.360498914850653,0.591357653945793,0.42506199297398,0.615031296469205,-0.0820035713282898,0.483863892155065,0.0880653661387238,0.429066723346972,0.188062852921886,0.446566420189089,0.345468072790987,0.567319774679561,0.0335904762829226,0.430385412104716,0.0809464220859971,0.41344251621466,0.0939482424821401,0.374988774135608,0.0460410432806144,0.446247259142958,0.342406047983617,0.572898883608383,0.162472342370607,0.455795273457922,0.176390557743772,0.480189998909751,0.313758159387468,0.526702596161644,0.221921671304081,0.246058880568706,0.1290071032141,0.289315911718958,0.317993823752338,0.221921671304081,0.246058880568706,0.1290071032141,0.289315911718958,0.317993823752338,0.00946260973436325,0.00232753389880334,0.0134940166858127,0.0134013531726198,2.13293296868748e-06,0.0134050475208746,0.00534189363011423,-0.00164284581738666,0.00249640121783302,0.0159501997697369,0.00085575570755315,0.0174324121276089,0.0330365550146606,-0.00371173083021263,0.0266076486608061
"38",38,"NUMEX_BILL_MELTON","3","337","5","6",9.05,8.55,1.6,5.9,4.25,0.0630203058558285,0.362753822879164,0.11180317846272,0.475158268435579,0.333945558254803,0.578485681167878,0.379907236194975,0.599791207996114,-0.0935890242487482,0.365011454476739,0.0739996338675327,0.427543732559934,0.166500053931163,0.439929426661453,0.313205114947779,0.547722951210453,0.0442458620402671,0.423289192323972,0.0922054848787788,0.399402703231617,0.143273940149646,0.367155167832949,0.0528298386404637,0.449514748132886,0.333020533618768,0.563872880576771,0.138587993986424,0.454094940256861,0.150801986107197,0.466303130915014,0.287219555107157,0.508561882464429,0.212528161407612,0.244628305681678,0.158777973186585,0.284493979856975,0.293798641510312,0.212528161407612,0.244628305681678,0.158777973186585,0.284493979856975,0.293798641510312,-0.00548508127161468,-0.000913838476428125,-0.0070678959357828,0.000786688307099706,1.17314721234238e-06,0.000788720257667362,0.0224531274700532,0.00208429928957128,0.0260632397219946,0.0135877638069023,0.000727579587279667,0.0148479686131137,0.0133951435485023,-0.00150547093443816,0.0107875914121319
"39",39,"NUMEX_BILL_MELTON","4","338","5","7",8.95,8.3,1.35,5.7,4.35,0.0611921124704362,0.395806315137927,0.123943367796962,0.482322014778762,0.328442141537829,0.584606421698759,0.393101533615408,0.605618494311305,-0.0912037045969803,0.44602125831077,0.0774313600517667,0.433408434737942,0.170903085640304,0.450720406817968,0.323347047436582,0.544325810618282,0.0361170536589659,0.451264233118308,0.0679837854321144,0.415937216466079,0.138003748101072,0.362140659679036,0.0539441493446205,0.446614743458359,0.333490668037397,0.56694663923082,0.152018476997267,0.451606648462093,0.165046324188439,0.47786296499563,0.309066339177639,0.498464269721555,0.210179783933495,0.237475431246542,0.133968914876181,0.27485011613301,0.30071155072232,0.210179783933495,0.237475431246542,0.133968914876181,0.27485011613301,0.30071155072232,-0.00411387593531666,-0.000495520012253654,-0.00497214176895661,-0.000485725249101871,-3.09434831483019e-06,-0.000491084817576051,0.0189340047731516,-0.000794778030834224,0.0175574088490227,0.00135659536004945,7.43368340699286e-05,0.00148535053296973,0.0219720022469637,-0.00246815870781488,0.017697025982566
"40",40,"NUMEX_BILL_MELTON","4","339","5","8",8.5,7.9,2,5.6,4.3,0.0720929315938774,0.417188445987866,0.148640519490867,0.491120490428449,0.347236613685041,0.571018651362984,0.415832205611062,0.612325751889695,-0.0871582011508968,0.478702375259047,0.0896600892846977,0.427214741318214,0.177419108267905,0.446464070908515,0.374216471876651,0.576667743565529,0.0300681916734005,0.41006338055267,0.0921147605886973,0.394875119528915,0.102703607692229,0.351425118555061,0.0656125129235685,0.44972707953528,0.338586602659011,0.555992478737626,0.170660288754508,0.454651115184268,0.192329981473517,0.464899003727352,0.31904835652175,0.491808383777981,0.199612085299967,0.226030832150323,0.198472466483231,0.270028184271027,0.297255096116316,0.199612085299967,0.226030832150323,0.198472466483231,0.270028184271027,0.297255096116316,0.00421136245530071,-0.00193588083126814,0.00085831851279807,0.0109903646001897,-5.34615085930067e-07,0.0109894386197024,0.018086757845284,0.00220824753640969,0.0219115547573204,0.0017210245882192,9.13079633644906e-05,0.00187917461921103,0.0369536828243428,-0.00415436337739848,0.0297581144130291
"41",41,"AFX_149092","4","340","6","8",7.3,7.9,1.55,5.85,4.35,0.0567524925993114,0.398421297828173,0.14256657539242,0.481084057554646,0.353211499077209,0.55322946822184,0.398291900086668,0.598179271708683,-0.0529510161286924,0.342660268638377,0.171106919335822,0.437931103620037,0.199475999519044,0.439573446639444,0.375887433550335,0.567984943482624,0.0713388884490877,0.425283831899914,0.0922133655795827,0.395391169097127,0.0930293168223158,0.347561340678517,0.119182550842915,0.46019442436795,0.33858472835251,0.563636763058267,0.222657567956268,0.469939154588916,0.201456425406204,0.48323049887187,0.307675019216493,0.491136979877367,0.17143155561056,0.226030832150323,0.153816161524504,0.282083013925984,0.30071155072232,0.17143155561056,0.226030832150323,0.153816161524504,0.282083013925984,0.30071155072232,-0.00692517330535166,-0.00177300880273843,-0.0099961146205418,0.0185273343458284,-7.17764425623314e-06,0.0185149023013523,0.0285581126958454,-0.00548443674048083,0.0190587896519462,0.015664981658864,0.000829992338631646,0.0171025705529848,0.0394877671201845,-0.00444518604620984,0.031788479072698
"42",42,"NM1713PAR","4","341","6","7",6.45,6.25,0.8,4.3,2.4,0.0669234387370415,0.364188812121272,0.087874257710814,0.460818641181963,0.307697123975705,0.526291406903787,0.343208582932985,0.543339845163157,-0.0941953736475015,0.358034073706504,0.0610384867479286,0.433131567664995,0.160612318025912,0.405320186954174,0.296255037075722,0.502263791385107,0.0224075331273579,0.454997865699856,-0.010130360055459,0.427214102139602,0.103022454430642,0.365465202995505,0.0356833656451968,0.439970262816295,0.306725938343486,0.519024960843791,0.0911500877693547,0.462170027021409,0.11583993723271,0.415257874012141,0.202109724490322,0.460947538219268,0.151470347080563,0.17882186087842,0.0793889865932923,0.207343070065253,0.165909821088176,0.151470347080563,0.17882186087842,0.0793889865932923,0.207343070065253,0.165909821088176,-0.0188629634709637,-0.00475120675902145,-0.0270922949388922,-0.0166612475838925,-9.47983589524393e-07,-0.0166628895396271,0.00531289708137397,-0.00199582673309029,0.00185602379166354,-0.00575587101634231,-0.000307773162599601,-0.00628894976884148,-0.0117868971183514,0.00132125448004592,-0.0094984172391843
"43",43,"NUMEX_BILL_MELTON","3","342","6","6",7.55,6.9,0.85,5,3.25,0.0719353116179724,0.346715262378984,0.102211223953055,0.481233519048645,0.337959134474817,0.564156326202117,0.364813699393867,0.569751703150396,-0.111422468729275,0.367560993521369,0.0289424982265017,0.429573982203323,0.146847030202432,0.412315697538079,0.275564626758077,0.502298290382994,0.0123279574156558,0.449513422788048,0.0275934225199751,0.423161499073289,0.124375286987947,0.349622469488245,0.0534672649380546,0.445007624771031,0.322696926995728,0.548784466689286,0.104690914305426,0.455678499639701,0.128791594776578,0.432177160568193,0.252894752244607,0.502212537595509,0.177302499295853,0.197419334409775,0.0843507982553731,0.241096593099132,0.224669549390239,0.177302499295853,0.197419334409775,0.0843507982553731,0.241096593099132,0.224669549390239,-0.012734207832156,-0.00662127796017252,-0.0242025976200952,-0.0280912474022798,-1.42564783929861e-06,-0.0280937166967604,-0.0129439005707174,7.56974904933232e-05,-0.0128127886717504,-0.0126064258827002,-0.000677847772733264,-0.0137804926597411,-0.0131465844378838,0.00147150939176138,-0.010597855418676
"44",44,"SW_8888","3","343","6","5",7.6,7.65,1.05,4.75,3.8,0.0798526307885428,0.363598449360632,0.112205211795218,0.474815909269691,0.349734768421997,0.555227290017498,0.382250348619389,0.572409997209216,-0.0757558937728092,0.4277476330712,0.0985897047742016,0.428023184555021,0.176350824137306,0.424412044019887,0.318136777116477,0.529083540659375,0.0365352626279104,0.450680621748746,0.0432432827387331,0.415750827079803,0.0837182578727121,0.378402342442109,0.0227499911115488,0.440321751293585,0.302832573698656,0.528298606824142,0.150050133593963,0.464820046232435,0.160082132265516,0.450962138718828,0.25625887184514,0.497086624912137,0.178476688032912,0.218877957715186,0.104198044903696,0.229041763444175,0.262690550056279,0.178476688032912,0.218877957715186,0.104198044903696,0.229041763444175,0.262690550056279,-0.00488644285701796,-0.00404225707870623,-0.0118878374639967,0.000469364015296789,1.70246778829597e-06,0.000472312775991481,0.00399493986064285,-0.00156047925796906,0.00129211051349413,-0.0079742862916916,-0.000425825645144099,-0.00871183794102395,0.0111414104502455,-0.00125670473326341,0.00896473401163282
"45",45,"NM1705PAR","2","344","6","4",8.55,9.45,2.1,7.1,4.9,0.0726808593458114,0.404378223457967,0.105753518565372,0.496703465700006,0.346566439229504,0.596319875714223,0.39459686235955,0.600848462841927,-0.045148084704342,0.351779429228529,0.154041349886517,0.444277152181712,0.20258688911712,0.474508332413641,0.344565188666517,0.579271787878284,0.105295179335748,0.451440926398487,0.108993931408445,0.415714858974148,0.160124396277233,0.390653429860871,0.10229230941409,0.467338180458319,0.340018541588624,0.600802246289611,0.21634790628568,0.487146564375831,0.186460804201537,0.493986222304971,0.286525061325889,0.532221246707638,0.200786274037026,0.270378653648171,0.208396089807392,0.342357162200767,0.33873255138836,0.200786274037026,0.270378653648171,0.208396089807392,0.342357162200767,0.33873255138836,0.00366680851284609,0.000163120913157916,0.00394934222097799,0.0141957615479877,3.05065046607062e-07,0.0141962899361457,0.0394020933103201,0.00151506435429748,0.0420262617372325,0.0306524431315156,0.00164088874381144,0.0334945457929451,0.025123304256177,-0.00282577140479156,0.0202289246338907
"46",46,"DONA_ANA","2","345","6","3",9.8,10.7,2.5,7.3,5.65,0.0851589087475057,0.403792342224439,0.161907157182719,0.504729288397108,0.381515269950817,0.609655971843506,0.404058668233995,0.604671118139753,-0.0256602459971934,0.301102469229027,0.174554360484786,0.460549033555538,0.213593447476275,0.484704020259576,0.370184177505642,0.592116887715801,0.132699797373209,0.454267239088889,0.17434862955397,0.419987686692283,0.206137760052782,0.390253613827551,0.134715114239647,0.4786133195255,0.374128808384589,0.626212876217568,0.231468492367277,0.494883096187399,0.180789864662722,0.485491160657064,0.285689231293566,0.53942437671586,0.230140992463492,0.306143025823855,0.248090583104039,0.352001025924732,0.390579370478415,0.230140992463492,0.306143025823855,0.248090583104039,0.352001025924732,0.390579370478415,0.0100056020961261,-0.00180607932664688,0.00687738095354392,0.000710449772621358,2.84853195662436e-06,0.000715383574675654,0.0525263172512453,0.00302512232585962,0.0577659827958483,0.0203483215695518,0.00108422523738184,0.0222262547593392,0.00963014118372143,-0.00108415060950586,0.00775233725320632
"47",47,"AFX_149092","1","346","6","2",9.8,10.15,1.95,7.55,5.85,0.0864188957714137,0.412843787502408,0.170849735237014,0.493960818113067,0.396201545041593,0.595497643615339,0.42914616744941,0.607493343016219,0.023779460719737,0.318824568285339,0.209892266673318,0.452823056933617,0.243441590325613,0.470532102095947,0.360759644022053,0.574363593882908,0.138616323436061,0.441398955209263,0.154464187571753,0.393094358977213,0.179089155788467,0.371502266296046,0.141484399563521,0.43806177418045,0.396209786383828,0.61266068317862,0.264097519025453,0.488414653417782,0.176603535796717,0.478856495120856,0.305209475733338,0.554297964465412,0.230140992463492,0.290406702066554,0.19351065482115,0.364055855579689,0.40440518890243,0.230140992463492,0.290406702066554,0.19351065482115,0.364055855579689,0.40440518890243,0.00552242679121087,0.00125250982948064,0.00769183744337068,0.0413646939449798,-4.83227928060437e-06,0.041356324191786,0.0979727001934049,-0.000429272101363648,0.0972291791068203,0.104268392784954,0.00556716940064067,0.113911012999069,0.0587639782316885,-0.00660555374271372,0.0473228235871782
"48",48,"DONA_ANA","1","347","6","1",11.8,11.25,1.65,7,6.05,0.101539472963349,0.421237430202491,0.206259635704517,0.525149546998286,0.424616839843328,0.62217404012861,0.438686758284463,0.623577819811811,0.0263513890358005,0.246806578857474,0.207350011776886,0.467487728692548,0.272087435416279,0.481900266279351,0.388712608377314,0.594337352835328,0.0821058959710112,0.439100678822212,0.0977213868482007,0.403638501898087,0.122572959090206,0.365083551986615,0.0706594923674056,0.449921791566434,0.380106787250206,0.597834099637672,0.20770490241742,0.479657728815908,0.185230332768679,0.478989562684132,0.315988115383255,0.53874883286648,0.277108541945837,0.321879349581156,0.163739784848665,0.337535230338784,0.418231007326445,0.277108541945837,0.321879349581156,0.163739784848665,0.337535230338784,0.418231007326445,0.0142582197389671,0.00181145747440835,0.017395756106682,0.0158702100725907,3.34341937189515e-06,0.0158760010447886,0.0133049551291761,0.000941014079850841,0.014934839318993,0.0295041334065566,0.00157992575162618,0.0322406450686013,0.00750674232898656,-0.000836650868940681,0.00605762052211715
"49",49,"NM170506PAR","1","348","7","1",11.7,10.85,1.4,6.9,5.8,0.0986459123019887,0.382371872432963,0.196002527381952,0.48852498264263,0.410620005368751,0.622427696829191,0.435620878239231,0.621759172804924,0.0125628312922682,0.244800342457846,0.197571733132525,0.453768713197015,0.258218380284279,0.478365522569253,0.351042974127407,0.569565917715723,0.0841287504114372,0.444734613264408,0.0806260682252151,0.400583199080682,0.115045355571261,0.389777206088491,0.0684513921416978,0.455516121724685,0.376233528464459,0.583496833730795,0.163104324350322,0.454522272691051,0.130030904724135,0.436837096538738,0.30588763693367,0.534564420985082,0.27476016447172,0.310434750484937,0.138930726538262,0.332713298476802,0.400948734296426,0.27476016447172,0.310434750484937,0.138930726538262,0.332713298476802,0.400948734296426,0.0139031902913465,0.00255502783562942,0.0183286282980707,0.00886400793715669,9.74579184155476e-07,0.00886569595781227,0.0110505719264818,-0.00108315460381595,0.00917449312841869,0.0271392244169764,0.00145399716316716,0.0296576213666378,-0.0169218207807157,0.00191199735491833,-0.0136101442325315
"50",50,"NUMEX_BILL_MELTON","1","349","7","2",9.9,9.65,1.25,6.5,4.6,0.077745143858108,0.379101678471346,0.143343295337722,0.468257901451179,0.369025520698664,0.591403500342346,0.422636312188751,0.609200802092055,-0.0532143400518219,0.381748717717311,0.0895691551649171,0.426670796119726,0.195366523664505,0.447142147665821,0.301397571835433,0.55445274142076,0.0383541138755867,0.449761704513597,0.0829098333813212,0.411259229579917,0.129716627976586,0.389791034641375,0.0862412428554626,0.448846290762775,0.345245829944192,0.583191678148885,0.135061369124815,0.443267418532903,0.0723272725290975,0.40389491860792,0.246894196405638,0.500036543955909,0.232489369937609,0.27610095319628,0.124045291552019,0.313425571028871,0.317993823752338,0.232489369937609,0.27610095319628,0.124045291552019,0.313425571028871,0.317993823752338,-0.00384798720409102,0.000313134368059861,-0.00330562257138544,0.00403756924103652,3.51674820933776e-06,0.0040436604275859,0.0236932400949079,0.00448259597436344,0.0314573240383809,0.0617901563020669,0.00329825428954943,0.0675029002828844,-0.0105453758677914,0.00118601358981097,-0.00849114008074845
"51",51,"SW_8421S","2","350","7","3",9.2,9.9,2,7.4,5.35,0.062611786164005,0.392645372440758,0.129886582580764,0.456287814271008,0.362870566712403,0.595952303731376,0.403125184834251,0.601099649141227,-0.0344351048924248,0.320661327308349,0.164342265138021,0.433852184336474,0.194114636888458,0.455872788139646,0.325824282822731,0.571305397099939,0.0951637432690351,0.447788643538903,0.124496857082466,0.396983280327883,0.1715171220182,0.391198405477323,0.112533606539533,0.468976961773156,0.366648508569927,0.619134957190478,0.211558328549895,0.475928058125223,0.120935145388804,0.465547183311977,0.278723327391096,0.531036877977229,0.216050727618788,0.283253827631417,0.198472466483231,0.356822957786715,0.369840642842393,0.216050727618788,0.283253827631417,0.198472466483231,0.356822957786715,0.369840642842393,0.00707053182867451,0.00142351119903797,0.00953612553977719,0.000386363396302368,-1.79722089687434e-06,0.00038325051841016,0.0216871804318808,0.00344442144935495,0.0276530933587732,0.0253482261233799,0.00135646991313398,0.0276977009215996,-0.00869440538373347,0.000976765727823638,-0.00700259752344396
"52",52,"NM1713PAR","2","351","7","4",6.65,5.95,0.55,3.6,2.55,0.0492735812248685,0.385249752659018,0.0551461339052524,0.452583141099577,0.311221986995133,0.526165079060009,0.336604209277643,0.52242532929531,-0.085962091618679,0.410581033099129,0.0666901267847293,0.431390438740989,0.140849825380736,0.384182809577358,0.215033743279234,0.477752162119735,0.0241980853737044,0.456839461823746,0.00121616371048483,0.425318148639712,0.0762119388028356,0.422905032596265,0.0022440594080312,0.449426743546015,0.246110361701371,0.483027848820688,0.0772679703265327,0.458696479743285,0.0806074943690142,0.433790501529086,0.168649251646951,0.445423094610979,0.156167102028798,0.170238411556256,0.0545799282828885,0.173589547031375,0.176279184906187,0.156167102028798,0.170238411556256,0.0545799282828885,0.173589547031375,0.176279184906187,-0.0212772550180567,-0.00174624427876978,-0.0243018388180953,-0.0277573604381491,-1.09379094719382e-05,-0.0277763054530003,-0.0130043188283213,-0.00113356915225343,-0.0149677181853372,-0.0410539679010954,-0.00219568582715136,-0.0448570072945616,-0.026178850970603,0.00293918731365968,-0.0210880292326289
"53",53,"SW_9720","3","352","7","5",9.15,8.5,1.55,5.7,4.55,0.045067181953268,0.38620339412736,0.0899139972119951,0.4473758613551,0.34838396601253,0.580332296283839,0.386442937043641,0.576891447937199,-0.0729765434571156,0.427708179023036,0.118249503129306,0.429404180647051,0.178211782613261,0.441878931685244,0.284945940262973,0.512165183399558,0.0404688876657991,0.449047710470594,0.0526453547291393,0.410072794710884,0.0933414769053189,0.386240061859713,0.0282371177464522,0.44874642310951,0.324245433881061,0.539070452032425,0.163489394073112,0.459948374919336,0.144765216335264,0.473848664395939,0.251787698349863,0.490514119692113,0.21487653888173,0.243197730794651,0.153816161524504,0.27485011613301,0.314537369146335,0.21487653888173,0.243197730794651,0.153816161524504,0.27485011613301,0.314537369146335,-0.00335628719984351,0.00403521334156514,0.00363290729658506,-0.0045962658637724,-2.41106964873481e-06,-0.00460044195888634,-0.00613707405084541,-0.00014652458317625,-0.0063908620723555,-0.0116124817660942,-0.000616502525196305,-0.0126802954580625,-0.0017382605307286,0.000191635703892061,-0.00140633775649379
"54",54,"AMERISTAND_803T","3","353","7","6",8.25,7.85,1.3,5.65,4.4,0.0533196435856559,0.349484299984594,0.09943960021021,0.447214131504789,0.339445306204915,0.585400625432938,0.384952636362327,0.576380318425033,-0.0839649069469479,0.335707934182201,0.104375135330529,0.429604654870078,0.177766131946576,0.438291211418902,0.288075413589758,0.500858154966821,0.0281550357058913,0.442450213522408,0.0327036354866684,0.410015108640306,0.129526250271611,0.359935758248725,0.0711897570608883,0.453866553039701,0.339409566160011,0.578258192707022,0.160111700531977,0.451396573240008,0.158658113998901,0.461847952827347,0.258696884216395,0.497300817955147,0.193741141614674,0.224600257263295,0.1290071032141,0.272439150202019,0.304168005328324,0.193741141614674,0.224600257263295,0.1290071032141,0.272439150202019,0.304168005328324,-0.0154382282440375,-6.11634327311572e-05,-0.0155441664166302,-0.0263280193239191,-3.51437150401771e-07,-0.0263286280309166,-0.0216465036471875,0.00333020526217233,-0.0158784189586777,-0.00989752300246145,-0.000531406064403735,-0.0108179453014368,-0.0156730301149717,0.00175806724883555,-0.0126279683301723
"55",55,"TMA_990","4","354","7","7",9.35,9.65,2.25,7.2,5.4,0.0435008891426471,0.372887628612711,0.109559964499045,0.471353669672997,0.34927846223673,0.60165527513844,0.409524244507556,0.601904261927886,-0.0676213532552981,0.319705358364018,0.144596092097217,0.434100020660022,0.204358245300544,0.454786999227458,0.316025629766651,0.545126496550934,0.070507017501881,0.435784634384545,0.069876792144601,0.381556700065202,0.1610162235928,0.364296121930159,0.110465591746075,0.466839084799517,0.34140855430263,0.586423486777175,0.207601160142919,0.460802919651205,0.163548028759883,0.479023879147637,0.262739492454397,0.483032569258597,0.219573293829964,0.27610095319628,0.223281524793635,0.347179094062749,0.373297097448397,0.219573293829964,0.27610095319628,0.223281524793635,0.347179094062749,0.373297097448397,-0.00260862079480303,0.00656146633344959,0.00875617221722139,0.00654360541990559,-1.84559171494214e-06,0.00654040876129925,0.0424633868945795,0.00300572544643865,0.0476694560586639,0.0518065464214071,0.0027709150681822,0.0566059120819842,0.0270499656843514,-0.00303794443674878,0.0217880915923252
"56",56,"NUMEX_BILL_MELTON","4","355","7","8",7.75,6.95,1.55,4.4,3.15,0.0206951523452411,0.397681661868005,0.102909887124523,0.4616569704805,0.334081311510388,0.560568695519866,0.39040106184029,0.588387064542914,-0.112935901821115,0.519747020689057,0.0742286471511904,0.434918610624015,0.151971663986905,0.416679130452445,0.33301315352267,0.536612746010711,0.000629943211513749,0.452162799518462,0.0633638830918363,0.407882833375534,0.074322981401234,0.36499451395903,0.0317438402861478,0.45533237685318,0.309551264085125,0.524715002279982,0.1147624010683,0.453913277702394,0.139265923706588,0.437570613704785,0.24957774105896,0.461529711387042,0.181999254244088,0.198849909296803,0.153816161524504,0.212165001927236,0.217756640178232,0.181999254244088,0.198849909296803,0.153816161524504,0.212165001927236,0.217756640178232,-0.0216144788267609,0.00217539748616469,-0.0178465798705313,-0.00922704221487471,-4.21508535495125e-06,-0.00923434295683582,-0.0120469328255041,0.00180671245529645,-0.00891761507193788,-0.0426193256755001,-0.00228002827175167,-0.0465684504676102,-0.00938845377485983,0.00104782742196416,-0.00757356345038487
"57",57,"NUMEX_BILL_MELTON","4","356","8","8",8.25,7.9,1.5,5.8,3.7,0.0450480974475487,0.400649403103777,0.11933389899054,0.453179039338209,0.331027578771834,0.560761490628516,0.395286950221699,0.589805713183182,-0.11963475637547,0.555899279415795,0.0910852947701741,0.42924447244315,0.152577459115201,0.4340329218107,0.337162279960686,0.540506060118893,-0.00882025262650099,0.449337627803925,0.0579734623645303,0.405734234472371,0.0601016578452387,0.377841909588805,0.0701075487528921,0.450828829606297,0.342903650072272,0.560752256419394,0.114274082574268,0.445858143386304,0.146599644246308,0.428162134338003,0.246894277006908,0.466690379053115,0.193741141614674,0.226030832150323,0.148854349862423,0.279672047994993,0.255777640844272,0.193741141614674,0.226030832150323,0.148854349862423,0.279672047994993,0.255777640844272,-0.0113669792032367,0.0001152812616823,-0.0111673062017148,-0.00103150060555642,-1.51889975212227e-06,-0.0010341314170872,-0.0212057047770011,0.00197494764229147,-0.0177849951332121,0.00879742812241267,0.000469957149219164,0.00961141777868345,-0.00409376550115049,0.000457943566539092,-0.00330058398037161
"58",58,"NUMEX_BILL_MELTON","4","357","8","7",8.5,8.1,1.5,5.95,3.75,0.0538955911883291,0.338455308242011,0.0670718662686197,0.439839622123359,0.320461766326542,0.564316688488751,0.386118197197257,0.590067088563821,-0.112408896068017,0.417656947246164,0.0535645876573494,0.43108941211469,0.149928637451453,0.423331677886915,0.274947497880269,0.530425695865001,0.0345768556556444,0.451352723128313,0.049878151244867,0.396557381762601,0.132970601848113,0.367152419326763,0.0740649526767332,0.445809466276883,0.335401288095843,0.575946768599136,0.100170463467007,0.425055900934097,0.113270455810103,0.432560919948038,0.233186227238198,0.465688713296264,0.199612085299967,0.231753131698432,0.148854349862423,0.286904945787967,0.259234095450276,0.199612085299967,0.231753131698432,0.148854349862423,0.286904945787967,0.259234095450276,-0.0155392164222932,-0.000116219908763694,-0.0157405152082433,-0.0203075726528442,-3.97744265776412e-06,-0.0203144617855815,0.0179611505609967,-0.000467205431570803,0.0171519270194801,0.0130121909863616,0.000695263306346582,0.0142164223523299,-0.0194598356329169,0.00218637968884116,-0.0156729149437559
"59",59,"NUMEX_BILL_MELTON","3","358","8","6",8.1,7.5,0.95,4.8,3.6,0.0624736489670396,0.370737874530217,0.0976282315054443,0.434157423653222,0.347141427294608,0.572610281604984,0.370094448769814,0.58055529714961,-0.111891059472962,0.419796631541993,0.051091480498756,0.420309412165702,0.147618478456919,0.410124970909285,0.256192513355406,0.491549697872286,0.00449180576853643,0.443760792345238,0.0124217234662356,0.403122669495796,0.0904841912772444,0.377030414833735,0.0560303483498503,0.435262115115623,0.311919359012308,0.554502220822766,0.102333177302751,0.417033093352985,0.122253406112113,0.436698537169476,0.233373797340066,0.477011117340301,0.190218575403498,0.214586233054104,0.0942744215795346,0.231452729375166,0.248864731632265,0.190218575403498,0.214586233054104,0.0942744215795346,0.231452729375166,0.248864731632265,-0.0109064603902787,-0.00335401105854498,-0.0167157779274404,-0.0231216646335663,-4.67472574287727e-06,-0.023129761496029,-0.0222624222527231,-0.000780098020937232,-0.0236135916539659,-0.0188572705260126,-0.00101370957142788,-0.0206130670001719,-0.0147501925310554,0.00165434290693953,-0.0118847865756164
"60",60,"NUMEX_BILL_MELTON","3","359","8","5",8.4,7.9,1,5.35,3.65,0.0680932339827487,0.385182093994512,0.102083542916835,0.441126707093094,0.356957183455224,0.57735648476258,0.38599268924668,0.581806549780406,-0.104187555844532,0.489145568368554,0.0776300284744152,0.432978624738606,0.161497556128242,0.421591067946879,0.26890298876683,0.504221290079987,0.0278282302096104,0.449153918178803,0.0357600468373998,0.415248875199292,0.0873039074126117,0.383710307357416,0.0512005301826014,0.43673605659475,0.322224785120491,0.556278510060728,0.114607095894537,0.444227716785397,0.124701341608002,0.448756667417925,0.224254886891524,0.477764016054183,0.19726370782585,0.226030832150323,0.0992362332416154,0.257973354616071,0.252321186238268,0.19726370782585,0.226030832150323,0.0992362332416154,0.257973354616071,0.252321186238268,-0.00428735143790154,-0.00230362728282507,-0.00827735091602052,-0.0102144048742377,-6.22112282299298e-06,-0.0102251801750002,-0.00462139999572882,-0.00406818682688344,-0.0116677062437817,-0.00337678338161843,-0.000182168308908189,-0.00369230814679751,-0.00980310629240891,0.00109653761022834,-0.00790384744738283
"61",61,"NUMEX_BILL_MELTON","2","360","8","4",8.7,8.25,1.3,6.1,4.35,0.0456337305163192,0.387274430689668,0.0748913967661678,0.450883430295195,0.347035583173921,0.587381430007167,0.36258346922528,0.576883176394789,-0.101070530212078,0.484824564703016,0.0718047818677213,0.428873819567395,0.154581674670138,0.429787348937676,0.255313486014148,0.528850009516576,0.0366002319419197,0.453840487694938,0.0444154736965485,0.411425248402185,0.0925771153219043,0.408717294402401,0.0579263160770902,0.44773950658569,0.334177556313636,0.566333807683827,0.124377085140205,0.442521112248897,0.118366950295113,0.439705558974131,0.224862098178726,0.482134574871418,0.204308840248202,0.236044856359514,0.1290071032141,0.29413784358094,0.30071155072232,0.204308840248202,0.236044856359514,0.1290071032141,0.29413784358094,0.30071155072232,-0.0104992243774923,0.000269320004939671,-0.0100327484474806,-0.0134073494758725,-6.36475690288162e-06,-0.0134183735581579,-0.00208551205710096,-0.000737790714795484,-0.00336340305489505,0.0120606085777768,0.000645948488495306,0.0131794241740339,-0.00420119465372613,0.000472047908334001,-0.00338358369645789
"62",62,"NUMEX_BILL_MELTON","2","361","8","3",9.75,9.3,1.5,6.9,4.6,0.060845236393172,0.379783722741048,0.116306818997361,0.468564690833598,0.377969313570785,0.60113014370543,0.398166255333389,0.607278763357195,-0.0853773805733069,0.396600719877168,0.0681690403655882,0.422853068045603,0.163620260661024,0.433761542140308,0.293217020589368,0.548819297769056,0.0233251292855135,0.44841830804511,0.0860277429909934,0.404250675861712,0.107698657337521,0.388666992822734,0.100238182255687,0.459185805259202,0.372039849746856,0.618508513303735,0.128897087809099,0.437214117899007,0.0858472620555681,0.425788639790304,0.251130239290102,0.501979249411207,0.228966803726433,0.266086928987089,0.148854349862423,0.332713298476802,0.317993823752338,0.228966803726433,0.266086928987089,0.148854349862423,0.332713298476802,0.317993823752338,0.0110967842269454,0.00279485938280111,0.0159376226568136,-0.000971148316643443,1.21169993372539e-06,-0.000969049590803874,-0.00571280108885883,0.00483207324693824,0.00265659524415915,0.0480899908985315,0.00256949363781985,0.0525404844095122,-0.00947190390364473,0.00106672897150146,-0.00762427513517244
"63",63,"NUMEX_BILL_MELTON","1","362","8","2",11.25,10.35,1.7,6.85,4.75,0.0926594376593236,0.384416283514497,0.163678929056784,0.483585296863844,0.400934111702325,0.620015655843714,0.433488892524336,0.621057155949711,-0.0554820318451792,0.352021594241058,0.0976300587341194,0.434499304407171,0.195640107814925,0.458708755440782,0.302727212768764,0.544742905044796,0.0520687256375963,0.454657477200236,0.107475019506723,0.408811054813108,0.133407878670207,0.377357815081001,0.0817899627696635,0.453571698255682,0.361513431956727,0.587869627277864,0.141456869027123,0.447963473857259,0.0832694246981965,0.413427959156107,0.264866078172069,0.514382728455525,0.264192465838192,0.296129001614663,0.168701596510746,0.33030233254581,0.328363187570349,0.264192465838192,0.296129001614663,0.168701596510746,0.33030233254581,0.328363187570349,0.0142690463969486,0.002650302603327,0.0188595051412832,0.00894030549117913,5.58181896022359e-06,0.00894997348517464,0.0395275806181785,0.00570638826522268,0.049411334978068,0.0724415986178399,0.00387059366344107,0.0791456634690779,-0.00316946344700878,0.000358460609568092,-0.00254859146143787
"64",64,"NUMEX_BILL_MELTON","1","363","8","1",12.4,10.7,1.3,6.55,5.4,0.0979970038350553,0.400993314797164,0.183623239058807,0.500379820103004,0.421631003264337,0.639276748069046,0.431473582832495,0.633921049901442,-0.0325068167430175,0.280760725342769,0.123980795877234,0.431655164177439,0.230121710960287,0.468377110694184,0.324654272172857,0.551777154727093,0.064860272405629,0.452661912406985,0.0703486896031453,0.402368782525545,0.10352053545475,0.365430429302415,0.0678822118756199,0.439253765012678,0.359150389655628,0.582129881589106,0.138409737051451,0.43955928018493,0.102995206198838,0.415876287904191,0.275862076546123,0.521943329570634,0.291198806790541,0.306143025823855,0.1290071032141,0.315836536959862,0.373297097448397,0.291198806790541,0.306143025823855,0.1290071032141,0.315836536959862,0.373297097448397,0.0258199639121231,0.00479712161249822,0.0341288222387479,0.0266656238339777,3.31189296889818e-06,0.026671360200844,0.0391655233887959,-0.00188747620449601,0.0358963187188176,0.0607105735507468,0.00324426474836455,0.0663298049035635,0.00623009384979361,-0.000690607536298003,0.00503392651406263
"65",65,"SW_9720","1","364","9","1",10.35,9.7,1.35,5.95,4.8,0.0777191452104396,0.376358828942492,0.132958702342571,0.436914423889214,0.386325914896771,0.587739192062367,0.391630814478555,0.594789674787504,-0.0159580450706787,0.263118341046303,0.139840409738055,0.422716224374623,0.211191667395783,0.429892929631492,0.313592978192364,0.520614013204943,0.0778678094853445,0.445286403506361,0.0520653517011401,0.405516091304787,0.085717251485921,0.361980646851769,0.0411072213962996,0.435913132903996,0.337687171486859,0.537165564595065,0.154675023737231,0.428318468408886,0.105835810935946,0.40013544051022,0.253414735099338,0.471603073189326,0.243057068571137,0.277531528083307,0.133968914876181,0.286904945787967,0.331819642176353,0.243057068571137,0.277531528083307,0.133968914876181,0.286904945787967,0.331819642176353,0.00142713364618575,0.00140365597803623,0.00385833710586819,0.0101018008908919,2.42571188900354e-06,0.0101060023471098,0.0283162768442354,-0.00356611574903807,0.0221395832082214,0.0224015696447721,0.00119743439448539,0.024475586845688,-0.0142377715883861,0.00159974682543377,-0.0114669288195961
"66",66,"NUMEX_BILL_MELTON","1","365","9","2",10.2,9.3,1.45,5.8,4.05,0.0903565927045178,0.391757495542924,0.124671112265246,0.498144331639141,0.394689336549315,0.62443192510821,0.402573560209193,0.616747933741398,-0.0664995177943903,0.337247379083176,0.0836654970181111,0.426714089473362,0.17984132455602,0.434872162748777,0.290429519807691,0.534557132245942,0.0473544567657773,0.459683448877596,0.103465326092219,0.417197100308411,0.115581937625109,0.386799657719363,0.0665923824608406,0.44659352829707,0.344176189398238,0.568346583415307,0.11687870390138,0.451453896688775,0.0825022417287824,0.422393620425324,0.251736989169381,0.505853435901724,0.239534502359961,0.266086928987089,0.143892538200342,0.279672047994993,0.279972823086298,0.239534502359961,0.266086928987089,0.143892538200342,0.279672047994993,0.279972823086298,0.000221252616331965,-0.000917629086936771,-0.00136812757780014,-0.00367928757128261,3.13416545979631e-06,-0.00367385903749064,0.03128749104738,0.00367082474040662,0.0376455459756611,0.0377544191247225,0.002013010566262,0.0412410556864251,-0.0171220201579409,0.00192323559779595,-0.01379087840219
"67",67,"NM1702PAR","2","366","9","3",8.55,8.8,1.3,6.7,4.45,0.0683521703890147,0.387510309303807,0.0937331186506459,0.456237879767292,0.366703898412164,0.590172854929188,0.372658530170093,0.58913902584404,-0.0622285130278518,0.351578551831516,0.123137425204104,0.427785899403998,0.171181217968959,0.433758821667318,0.284174575835793,0.530026905567664,0.0420320428796624,0.445758780103014,0.0733441668876589,0.402592490569853,0.0589612350995292,0.397790187452872,0.12473991987235,0.468984416592224,0.363545619716362,0.604838863218635,0.149611884058672,0.441844919786096,0.11177554370136,0.428680531978198,0.249797342069049,0.512609745390694,0.200786274037026,0.251781180116815,0.1290071032141,0.323069434752836,0.307624459934327,0.200786274037026,0.251781180116815,0.1290071032141,0.323069434752836,0.307624459934327,0.00415852400969174,6.80818163496525e-05,0.00427644517416561,0.00144581427369537,-4.66247890777212e-07,0.00144500670866315,-0.00692465548975916,-8.49741943540272e-05,-0.0070718351110694,0.0437113439822773,0.0023308688471369,0.0477485272336558,-0.0084009448298192,0.000943784162506716,-0.00676626271612211
"68",68,"AFX_779","2","367","9","4",8.5,8.65,1,6.15,4.2,0.0857277223487136,0.396213254842698,0.117033172632772,0.466298084844798,0.381535414748405,0.599699896295051,0.393459394149388,0.595513884566172,-0.0785906462707338,0.468014157339194,0.139283479479565,0.431352774934159,0.19307043907623,0.441708812727464,0.288241250112818,0.546018560095794,0.0526686362207277,0.453052949055522,0.0500567647570956,0.419047831042923,0.0832909913433687,0.40965302066146,0.0845351775546961,0.457722498498758,0.377738567263235,0.587802927303956,0.140560190797285,0.4520558946354,0.149921408763881,0.43620094844864,0.262243800610069,0.501871246010842,0.199612085299967,0.247489455455733,0.0992362332416154,0.296548809511932,0.290342186904309,0.199612085299967,0.247489455455733,0.0992362332416154,0.296548809511932,0.290342186904309,0.0116305892195262,-0.00199010607538501,0.00818362439957077,-0.0028901937757101,-3.67901514054524e-06,-0.00289656601682749,-0.00755421907229269,-0.00309769526927793,-0.0129195846416017,0.0194334305177579,0.00103771434044818,0.0212308044713026,-0.00642289277767195,0.000722003813343898,-0.0051723454951666
"69",69,"NM1712PAR","3","368","9","5",7.3,6.35,0.6,3.7,2.7,0.0830682959554402,0.381437797459183,0.0884904462643026,0.446418567426971,0.347652300137154,0.556120393838565,0.351705366204818,0.564274516694747,-0.102911075563931,0.497473058543058,0.080425418607192,0.431047567740029,0.137343697555102,0.409798521497868,0.231229480484677,0.46747659199388,0.0165890996608573,0.461005689619171,-0.00488997596527322,0.431840555152102,0.0602957378667102,0.413863648440406,-0.00537330495729103,0.451785669338339,0.271997502477205,0.483517581479664,0.0613256072725746,0.460321831912977,0.0940924496134357,0.42031040669967,0.192144812333828,0.45590578303731,0.17143155561056,0.181683010652474,0.0595417399449692,0.178411478893357,0.186648548724199,0.17143155561056,0.181683010652474,0.0595417399449692,0.178411478893357,0.186648548724199,-0.00622545744875663,-0.00368530039899262,-0.0126085849530721,-0.0251932890482335,-5.83289505502292e-06,-0.0252033919187799,-0.00611913218402968,-0.00335473137779283,-0.0119296973507209,-0.00927044501944727,-0.000496703959657483,-0.0101307615101352,-0.0213297970819758,0.00239771919429229,-0.0171768256333265
"70",70,"NUMEX_BILL_MELTON","3","369","9","6",9.2,8.1,1.25,5,3.45,0.0733517708702675,0.325471758680804,0.102819494015434,0.443932957798504,0.360744475554713,0.591877980516282,0.381833838063133,0.600551751564824,-0.118016091677602,0.473198673824147,0.0556003756368191,0.429044981669598,0.150640222508218,0.410048191884634,0.256865982853407,0.490916772285594,0.0151974592314181,0.452351577781673,0.0396344297830191,0.406684529920951,0.0752482811306342,0.396418857991903,0.0374918168623702,0.439086237832745,0.302258375274462,0.538735070774233,0.0816085597378881,0.451287926028105,0.103957508578022,0.423332435487979,0.211988176255917,0.473486733001658,0.216050727618788,0.231753131698432,0.124045291552019,0.241096593099132,0.238495367814254,0.216050727618788,0.231753131698432,0.124045291552019,0.241096593099132,0.238495367814254,0.00103266619081191,-0.00111591562788445,-0.000900156365197846,-0.0199771494111051,-2.02889327337629e-06,-0.0199806635573224,-0.0122781619561309,-0.00119657473170988,-0.0143506901774488,-0.0184647241453987,-0.000988539216460657,-0.0201769242861008,-0.0295891414144209,0.00332258776012822,-0.0238342506264206
"71",71,"SW_8888","4","370","9","7",7.3,7.6,1.25,5.4,3.75,0.0704273070872931,0.304317314197948,0.0854120494368864,0.435431599110232,0.328276683980194,0.561589528602946,0.35967719599319,0.577578632929186,-0.0993513384064642,0.417720952309037,0.0955916526156744,0.431986595619953,0.168711158091013,0.430587676666108,0.266237987251212,0.519517306084601,0.0572285416845746,0.448058646380836,0.0549955681157034,0.39353771225339,0.111341263258887,0.362636861186933,0.077158884373539,0.457911985779125,0.31328210202194,0.561735798767283,0.105170588600676,0.457577653885539,0.105521924174631,0.451522519266504,0.220909617131013,0.484387934278189,0.17143155561056,0.217447382828158,0.124045291552019,0.260384320547062,0.259234095450276,0.17143155561056,0.217447382828158,0.124045291552019,0.260384320547062,0.259234095450276,-0.0167125149045279,-0.0047406551453014,-0.0249235704414713,-0.0166797067688381,-5.41028167049111e-06,-0.0166890776515337,0.0310466916380013,-0.00342990934012744,0.0251059144215061,0.0164774048045491,0.000877300339072927,0.0179969335586806,-0.0253873693459426,0.00285380316199517,-0.0204444372961663
"72",72,"SW_8421S","4","371","9","8",7.7,8.3,1.85,6.1,4.7,0.0426783304332432,0.405858647715656,0.117727847777749,0.448696572646152,0.339649641768477,0.576248163141099,0.387035985378408,0.595214752567694,-0.0900423719157856,0.490701365044054,0.144263564871752,0.435252797602391,0.174296869455151,0.453193406564999,0.33770988891013,0.549055019512925,0.0398367231567965,0.447503659814326,0.088537991516613,0.417485080192249,0.0724291805038492,0.381789311912268,0.11295843277067,0.473930751755363,0.340856020861826,0.586729902550671,0.185527904811481,0.471375729861492,0.175260174302622,0.473023924488276,0.262308188984992,0.498825027523447,0.180825065507029,0.237475431246542,0.183587031496988,0.29413784358094,0.324906732964346,0.180825065507029,0.237475431246542,0.183587031496988,0.29413784358094,0.324906732964346,-0.0160884299302557,-0.000728605326114789,-0.0173504113682371,-0.0209222332531106,-3.47173449411147e-07,-0.0209228345751614,-0.0183404925906766,-0.000193936654599527,-0.018676400728425,-0.012398513991568,-0.000666830866669504,-0.0135534989276476,-0.00835385446870748,0.00093756106575884,-0.00672995107471103
"73",73,"SW_9813","4","372","10","8",8.4,8.8,2.2,6.65,4.75,0.061697578749836,0.339034604690671,0.118179321547246,0.457994992868942,0.34593112351044,0.57294441975279,0.377441959146929,0.582312285307727,-0.0989672204427718,0.473760023786623,0.12824683041144,0.432083891120036,0.161609920879345,0.438077290953905,0.3230744830811,0.527194679587036,0.0355699372639382,0.444241054986615,0.0646187971827986,0.404646486568706,0.0573105737156702,0.382209102686023,0.0933060024050944,0.463668372088826,0.326029969691417,0.565652609797172,0.158071627554786,0.460304038094518,0.158407686196553,0.479089408990183,0.238116894819532,0.489928682915952,0.19726370782585,0.251781180116815,0.218319713131554,0.320658468821845,0.328363187570349,0.19726370782585,0.251781180116815,0.218319713131554,0.320658468821845,0.328363187570349,-0.00409648735759817,-0.000933730085227526,-0.00571375529870058,-0.0102890265354033,1.89847334656872e-06,-0.0102857382831246,0.00529021475333373,0.000358592264553833,0.005911314772028,0.018244058074622,0.000975153557089795,0.0199330735733023,-0.00948375824005817,0.00106698758385275,-0.00763568154185595
"74",74,"NM1703PAR","4","373","10","7",10.2,10.15,1.9,6.8,4.55,0.0733064658756215,0.305932819507077,0.121259935192508,0.461626530954262,0.35064777587274,0.605563593771531,0.409343810583062,0.627505273714424,-0.0931690219956341,0.461255542011413,0.150699267921207,0.435409707038247,0.186241796845383,0.464493801272854,0.299755052818563,0.553044632395511,0.0699429601237411,0.447974050912489,0.11080693034568,0.403122823321656,0.150543017105336,0.380351845438671,0.103461170582102,0.470738359528664,0.316943587047112,0.582335285249001,0.15149639889706,0.465134036267896,0.131364999068433,0.473000974733591,0.242333714084878,0.516422317893171,0.239534502359961,0.290406702066554,0.188548843159069,0.327891366614819,0.314537369146335,0.239534502359961,0.290406702066554,0.188548843159069,0.327891366614819,0.314537369146335,0.00804313555954833,0.0048984169928379,0.0165274426307268,0.00610579049012359,2.60333884535199e-06,0.00611029960525336,0.0270100370596745,0.000718482074309989,0.0282544845112688,0.0341444083664902,0.00182508783834587,0.0373055532169674,-0.0137012211497143,0.00154077434872689,-0.0110325217063824
"75",75,"MESQUITE","3","374","10","6",10.05,10.15,1.75,5.9,4.4,0.0733231268865208,0.321333783035406,0.105395279095982,0.464785902294553,0.359005490320698,0.594464197768141,0.410914963955538,0.618181342692236,-0.0791903956948506,0.418981115786042,0.149548073675991,0.436231199307032,0.184755159002517,0.451710493030436,0.287642200723635,0.524348391698589,0.0591199203730611,0.450305175803617,0.0670627133612048,0.40117214853398,0.0866089729067778,0.385168861546795,0.0371637128327486,0.440897796859437,0.287543329711111,0.547985796619042,0.129419949788927,0.450466334180352,0.134985887655893,0.442049506998296,0.215533821592957,0.479245830666849,0.236011936148785,0.290406702066554,0.173663408172827,0.284493979856975,0.304168005328324,0.236011936148785,0.290406702066554,0.173663408172827,0.284493979856975,0.304168005328324,0.00947899584386994,0.00412511134689874,0.016623898252355,0.0100460024550931,6.81999525783534e-07,0.0100471837129174,0.0235517770443675,-0.00141921273803362,0.0210936284860862,0.00580729185512109,0.000314679838863705,0.00635233332176884,-0.012089723894951,0.00135774520612428,-0.00973804022448724
"76",76,"TMA_990","3","375","10","5",11.3,9.8,1.55,6.85,6.1,0.0746387437024093,0.352766515051995,0.145896824670752,0.476096176026972,0.391913263697133,0.61665126571505,0.414763936820116,0.628840993187398,-0.0630186518730341,0.407944898113289,0.193203982699797,0.433055918794482,0.194252066413202,0.453874480373763,0.293793369873926,0.51806414988263,0.0558879143306825,0.442478853392036,0.0478740501311694,0.394677937396992,0.0985543655306184,0.373830425221505,0.0697787892532181,0.453479286451423,0.326895644329539,0.576708983937988,0.198071517946804,0.478220681141072,0.16722386486951,0.497254135316387,0.243350125005153,0.505287171513094,0.265366654575251,0.280392677857362,0.153816161524504,0.33030233254581,0.421687461932448,0.265366654575251,0.280392677857362,0.153816161524504,0.33030233254581,0.421687461932448,0.0245204384327555,0.00783353224246093,0.0380885142201358,0.0197543911202373,-8.17460911822643e-06,0.0197402322819744,0.0098770582850978,-0.00182687916123876,0.00671281077237088,0.0383135488807215,0.00205276005577033,0.0418690335775265,0.0303023653467328,-0.00339749699140913,0.024417727964765
"77",77,"TMA_990","2","376","10","4",10,10.1,1.5,7.5,6,0.0674714121307447,0.362733903904942,0.129879236924983,0.471359916515626,0.375773769605382,0.612952908343243,0.401968961895387,0.608358054168777,-0.0682000753526302,0.398679555863635,0.170962022845439,0.420846435852342,0.192809916307286,0.451950851635213,0.300668172954633,0.547294428090716,0.0806689615557861,0.436025156952711,0.0588309194221011,0.401562060896446,0.0911178591255587,0.388533781889543,0.1238774268541,0.463455239435857,0.342859818214326,0.584961537699003,0.212212777575443,0.474414063730214,0.177940747805576,0.485030172933072,0.250586455372906,0.50364372117006,0.234837747411726,0.288976127179526,0.148854349862423,0.361644889648697,0.414774552720441,0.234837747411726,0.288976127179526,0.148854349862423,0.361644889648697,0.414774552720441,0.0157999336860464,0.00448297390415095,0.0235646722231101,0.0148336736723873,-2.36545518841146e-06,0.0148295765838358,0.0186864555342044,-0.00411705351480614,0.0115555097002416,0.0618870624566749,0.00330700942977366,0.0676149707851219,0.0379398749192358,-0.00425828699252795,0.0305643055271982
"78",78,"NM1704PAR","2","377","10","3",10.1,9.95,1.45,6.9,4.55,0.0747175102353582,0.352743141002419,0.115794873369811,0.491319433756409,0.372265618011456,0.620707592669147,0.402627257566769,0.624804094477297,-0.0860078735159494,0.387647562234136,0.122167841107791,0.429267407053156,0.177241962623032,0.454874002133687,0.305267368659911,0.561079034251827,0.0510776661522897,0.451558582848493,0.0852668756943623,0.407318925867495,0.0687976173240398,0.390699238297319,0.126761128046087,0.465488506057108,0.360937502666268,0.601719052698468,0.14596408034773,0.449843319917109,0.128699079786695,0.452206459815101,0.242614139933806,0.519231271001477,0.237186124885844,0.284684402518444,0.143892538200342,0.332713298476802,0.314537369146335,0.237186124885844,0.284684402518444,0.143892538200342,0.332713298476802,0.314537369146335,0.0159555639746631,0.00360212089196616,0.0221946203472898,-0.00439388949394495,4.66852455035377e-06,-0.00438580337226269,-0.00526884201870583,-0.000831887575904581,-0.00670971356006142,0.0338954627182733,0.00180813884292023,0.0370272510476643,-0.0122054135799728,0.00137341834478003,-0.00982658323716186
"79",79,"NUMEX_BILL_MELTON","1","378","10","2",11.3,10.15,1.65,6.05,4.25,0.104764089846979,0.347026927993538,0.142399716221619,0.503145360708386,0.403639336096295,0.624582077061987,0.41259006460073,0.626961765010988,-0.0742676312847177,0.35593152031983,0.0862596206882355,0.430563234051901,0.178095854243564,0.454117019253318,0.306464601481,0.553785841921351,0.0551650362559805,0.458047789844427,0.104645533000597,0.421305872521659,0.126063603991228,0.365030129170064,0.0707705842602653,0.456248584157668,0.343943459042278,0.587832634523039,0.118709267744022,0.454148809749561,0.113169213423238,0.432716202077504,0.249478924378429,0.520493290949338,0.265366654575251,0.290406702066554,0.163739784848665,0.291726877649949,0.293798641510312,0.265366654575251,0.290406702066554,0.163739784848665,0.291726877649949,0.293798641510312,0.0133652426306669,0.000411415246257797,0.0140778347370799,0.00204140891977978,9.14405228391083e-06,0.00205724688285337,0.0401802330767784,0.00429560825444625,0.0476204447903786,0.0456408330110315,0.00243521389601118,0.0498587471877888,-0.00616290702292372,0.000693523847215539,-0.00496168848853497
"80",80,"AMERISTAND_803T","1","379","10","1",10.9,10.1,1.25,6.3,5.65,0.0946453363499767,0.329529303115756,0.165853011616841,0.490695081451384,0.418866932512004,0.622929787872156,0.421968521132732,0.624049348134315,-0.0141749368654342,0.290449581629828,0.165486039950178,0.434644951024674,0.222387177759851,0.448463009969466,0.335214618615183,0.542692966220188,0.0770386530211845,0.445210913465239,0.0433878076154499,0.405166453101442,0.0866409035757943,0.370483645347688,0.0670170927883599,0.446161314333179,0.361021536741447,0.565819426239312,0.205128935394345,0.445215824845839,0.159150644438307,0.441944940329511,0.281937865903703,0.506601471734171,0.255973144678782,0.288976127179526,0.124045291552019,0.303781707304906,0.390579370478415,0.255973144678782,0.288976127179526,0.124045291552019,0.303781707304906,0.390579370478415,0.0105856671943936,0.00208373713528422,0.0141948057665524,0.0088293502799808,3.65199256070231e-06,0.00883567571661716,0.0186529139559284,-0.00334469434782343,0.0128597334350254,0.032460077200245,0.00173384949530707,0.0354631926056712,0.010029216704261,-0.00112463455897768,0.00808129251667602
"81",81,"NUMEX_BILL_MELTON","1","380","11","1",11.55,10.4,0.8,5.85,4.65,0.118552444367942,0.366405250707453,0.180003936467796,0.499634375620535,0.43702885574505,0.634071480338102,0.429362771697587,0.6358759553204,-0.036592290407629,0.354205815830825,0.120044696995946,0.427102811070634,0.20297884493868,0.436352154573102,0.343670192192614,0.570048839439649,0.0569192728923721,0.461050631386422,0.0431834228514984,0.416460348862122,0.0906966513903468,0.391330295317828,0.0387530321463105,0.436954114123185,0.34067385415663,0.564171362441375,0.146135946198473,0.427017000182662,0.136871214370467,0.441366247752517,0.250838017110293,0.487945601126023,0.271237598260544,0.297559576501691,0.0793889865932923,0.282083013925984,0.321450278358342,0.271237598260544,0.297559576501691,0.0793889865932923,0.282083013925984,0.321450278358342,0.0284162975709459,7.2064022640874e-05,0.0285411161190122,0.0251908996283761,5.26425205674492e-06,0.0252000175803624,0.025666305814052,-0.0050963855983152,0.0168391070613816,0.0325977434026317,0.00174245552395594,0.035615764886864,0.0132229401465127,-0.00148528955134522,0.0106503431908736
"82",82,"NUMEX_BILL_MELTON","1","381","11","2",9.4,9.1,1,5.8,4.3,0.10615686429077,0.295530083412762,0.127385029956694,0.479631803701873,0.408788199931022,0.605799268860086,0.385875132048971,0.601804534852071,-0.064217240103362,0.379295249661023,0.0864312869687595,0.42943468864565,0.170163795758372,0.435732826843938,0.301265650038419,0.539770043187634,0.0633881212650202,0.457822706692246,0.0583572469014121,0.417023880854089,0.109871579926383,0.349538709044967,0.0593531044685715,0.445335354574411,0.333800328433142,0.561896829363096,0.133500274683973,0.438890311121225,0.127458230834968,0.425441094330117,0.215857834070033,0.503307875928649,0.220747482567023,0.260364629438979,0.0992362332416154,0.279672047994993,0.297255096116316,0.220747482567023,0.260364629438979,0.0992362332416154,0.279672047994993,0.297255096116316,0.000523571046878214,-0.00587768823905234,-0.00965688356972299,-0.00227574555820967,2.86790677028387e-06,-0.00227077819799388,0.0352955212609946,-0.00327182253365926,0.0296285584241121,0.0349729508709589,0.00186542540358441,0.0382039624335776,0.00199926945857697,-0.000226949862838472,0.0016061807670877
"83",83,"NUMEX_BILL_MELTON","2","382","11","3",9.35,9.5,1.25,5.6,3.8,0.0979609188029878,0.322995221092383,0.127456789643254,0.472768936634483,0.359354129677502,0.607611502840875,0.393693925128845,0.610714804440295,-0.0999759895805588,0.360443432828844,0.0889562636294395,0.422554531852902,0.150673959263531,0.431504432917632,0.293381551807738,0.547976208010794,0.0522779842544858,0.450007237732959,0.0484616364461276,0.401705634715927,0.0813846451288968,0.373925504609534,0.0521506376943389,0.444611349032553,0.329661920874573,0.566242277281998,0.0978133962590042,0.428749141802561,0.109111370200679,0.437051878970446,0.193589832968565,0.473815272377608,0.219573293829964,0.271809228535198,0.124045291552019,0.270028184271027,0.262690550056279,0.219573293829964,0.271809228535198,0.124045291552019,0.270028184271027,0.262690550056279,0.0162919395136714,-0.004045869704608,0.00928428765510935,0.00259607030246903,6.81900045982963e-07,0.00259725138798919,0.00728755087603096,-0.00437763011063919,-0.000294726859205741,-0.00370837050897954,-0.000198786434372995,-0.00405267871166444,-0.0213788789474287,0.00240001371783014,-0.01722193326745
"84",84,"NUMEX_BILL_MELTON","2","383","11","4",10.25,9.5,1.05,5.1,3.8,0.101008673623251,0.369724724036992,0.123576077567815,0.487948683747003,0.351451118977072,0.60419464498072,0.396592652556171,0.613644522999852,-0.104052152381108,0.430461922596754,0.100630783906297,0.424780868644973,0.16623966237491,0.435722585330428,0.296044224328597,0.555190229894615,0.0432018526888976,0.452091661464437,0.028112879225175,0.411389633191151,0.0852281845070684,0.387843341300382,0.0242529675557458,0.440079574833785,0.30645601379665,0.533258804164846,0.106582118375413,0.42722343997027,0.115571989191859,0.432388143269748,0.218039174778075,0.467160379787491,0.240708691097019,0.271809228535198,0.104198044903696,0.245918524961114,0.262690550056279,0.240708691097019,0.271809228535198,0.104198044903696,0.245918524961114,0.262690550056279,0.0202917472796612,-0.0020171305902469,0.0167979746271195,0.00679982486090476,2.49965069289041e-08,0.00679986815612458,-0.00160603282802859,-0.00427224194788963,-0.00900577291166439,-0.026495852680615,-0.00141512577945214,-0.0289469224190157,-0.0151070400963167,0.00169501381670966,-0.0121711900590736
"85",85,"NUMEX_BILL_MELTON","3","384","11","5",10.1,9,0.85,4.95,3.95,0.111388191076468,0.321058635863043,0.119169181219806,0.478585280265952,0.348058344303734,0.59260892022727,0.406972463371558,0.627082512017153,-0.103210518935293,0.457583521213363,0.098697573879144,0.427429281395735,0.150938439900545,0.426309851560928,0.277613995736627,0.523756885658797,0.0161338463082026,0.461301940008774,0.0136189773469371,0.424299776199208,0.080263131200422,0.391550725514016,0.0213404597598542,0.435916908483547,0.29955055515949,0.524215217108588,0.0887809726498974,0.436876350283126,0.0992258104968471,0.437839559581047,0.210221811689579,0.460167300751146,0.237186124885844,0.257503479664925,0.0843507982553731,0.23868562716814,0.27305991387429,0.237186124885844,0.257503479664925,0.0843507982553731,0.23868562716814,0.27305991387429,0.0177213503185694,-0.00296536179653318,0.0125851930465947,0.000665024131643702,-4.11866000075897e-06,0.00065789040329446,-0.0162591040272327,-0.00403546387723527,-0.0232487324641692,-0.023742098562894,-0.00126812969428328,-0.0259385636143811,-0.0254497521810619,0.00286074828426201,-0.0204947908267072
"86",86,"NUMEX_BILL_MELTON","3","385","11","6",10.3,9.55,1.5,4.9,3.85,0.109415872164619,0.303176664839389,0.119843808677923,0.475783304774901,0.346682524203171,0.599987187033278,0.40588291711854,0.626206669629721,-0.103779137501179,0.448555876173435,0.111816438041917,0.428886721184717,0.151931289334694,0.447153045453699,0.271761170481519,0.526708978136032,0.043599063720061,0.458738386797886,0.0695778118529568,0.406869654819972,0.0982549424806958,0.370046596341555,0.0208696553803094,0.441365781471355,0.282558394892376,0.514662800262642,0.0972756498570015,0.421629151338163,0.111704985370792,0.411254704823654,0.210601117227886,0.454361079083674,0.241882879834078,0.273239803422225,0.148854349862423,0.236274661237149,0.266147004662283,0.241882879834078,0.273239803422225,0.148854349862423,0.236274661237149,0.266147004662283,0.0179385349762756,-0.00228428746791469,0.013982033040044,0.0053561831189877,-4.51466416827508e-06,0.00534836349130331,0.014474250539667,-0.00214867220760187,0.0107526411235524,-0.0271775814086323,-0.00145224408247368,-0.0296929419334761,-0.0192956003945339,0.00216707318385607,-0.0155421195527774
"87",87,"NUMEX_BILL_MELTON","4","386","11","7",10.45,10.2,1.85,6.2,4.2,0.104602747150828,0.310324448812352,0.125358624264112,0.470195655939601,0.353753420401127,0.605392857571863,0.41106276645495,0.628728948369471,-0.103225066301195,0.474289561781067,0.121899320466478,0.43348330139731,0.167834123911767,0.457913769635434,0.29312582658376,0.541681623034079,0.0515351001166789,0.452425063890413,0.102538367423967,0.404716710923367,0.153435781023776,0.371182842372084,0.0665312508860884,0.449598889620033,0.320209673593236,0.571438166400806,0.102920622964725,0.443445733577723,0.113313605332405,0.43682741763185,0.217662766816702,0.471473340580013,0.245405446045254,0.291837276953581,0.183587031496988,0.298959775442923,0.290342186904309,0.245405446045254,0.291837276953581,0.183587031496988,0.298959775442923,0.290342186904309,0.0199744599097006,-0.00091803650664865,0.0183843740439306,0.011992690585308,-4.37499410973549e-06,0.0119851128732602,0.0383598735361665,0.00151905117373621,0.0409909473368773,0.0166066208559968,0.000889845365330132,0.0181478782328931,-0.0164589925187071,0.00185215831494092,-0.0132509602275871
"88",88,"NUMEX_BILL_MELTON","4","387","11","8",9.6,9.4,2.05,6.35,3.9,0.109224717289982,0.346895848167256,0.134030649708379,0.471945954852529,0.373056218743375,0.605228891638338,0.406624979609592,0.611765394964874,-0.112918059695653,0.494548600476091,0.102923193610303,0.427319211486469,0.157697371835797,0.439093905368415,0.339125368152984,0.560045901312179,0.0335614541433221,0.451564147725218,0.099666934773313,0.404762050508676,0.0978925117683863,0.382881697213202,0.102321713168206,0.450572090196798,0.342159644145564,0.576714191216135,0.110059511347396,0.447549806944943,0.141984351425651,0.436200400845499,0.242382552299786,0.463267478373507,0.225444237515257,0.268948078761143,0.203434278145312,0.306192673235897,0.269603459268287,0.225444237515257,0.268948078761143,0.203434278145312,0.306192673235897,0.269603459268287,0.0200343587311495,-0.00381582790291011,0.0134251509592517,0.00968658101994229,2.15492481353379e-06,0.00969031345918951,0.0208148487922112,0.00176649389039365,0.0238745059482626,0.0312118723591649,0.00166548041324795,0.0340965690413154,-0.00595988999415813,0.000669898748184268,-0.00479959133144657
"89",89,"NUMEX_BILL_MELTON","4","388","12","8",9.25,8.7,1.45,6.65,3.75,0.0939925798663039,0.378235475199231,0.135910387048112,0.483133937335618,0.385816325098506,0.605617084489503,0.400292363380571,0.6081279178338,-0.114075285030155,0.473202437420977,0.0845778727888927,0.427871690481611,0.149577265631267,0.442072618916234,0.342720260092317,0.562019158808562,0.0163152665927889,0.454665955719733,0.0555931698291045,0.408801965514459,0.0591714360278454,0.40472028452536,0.104347407626452,0.464005125289877,0.346066695176763,0.58307792599031,0.0938906219895632,0.449694792754121,0.127693247222145,0.436582434113726,0.235683198811197,0.468661768189863,0.217224916355847,0.24892003034276,0.143892538200342,0.320658468821845,0.259234095450276,0.217224916355847,0.24892003034276,0.143892538200342,0.320658468821845,0.259234095450276,0.0157544618919246,-0.00285364055238914,0.0108118114902466,0.00186390077670044,2.57162051378334e-06,0.00186835495406863,-0.00418976534493831,-0.0027126505129722,-0.00888821383605222,0.0404911910511377,0.00216286082587966,0.0442373758748912,-0.0172470746657185,0.00193900735182565,-0.013888615430783
"90",90,"NM170506PAR","4","389","12","7",10.2,11.3,2,6.8,5.1,0.0803694457865821,0.373305611389044,0.131747165193019,0.472095553907838,0.368312776835247,0.599057446135489,0.41333601593129,0.62562353354626,-0.0648188267851664,0.336925055374084,0.177032047122883,0.450174554426858,0.202837264262386,0.479907919123605,0.341344332205135,0.574653850649775,0.0888611555909987,0.453973881861875,0.118731046437288,0.413518384033998,0.158988294999804,0.367739317014536,0.111192840133486,0.468831332276171,0.349481422247391,0.588666941039284,0.184605386372189,0.480110732505175,0.16731974426856,0.478327706542046,0.270971033868093,0.508371149214946,0.239534502359961,0.323309924468183,0.198472466483231,0.327891366614819,0.352558369812375,0.239534502359961,0.323309924468183,0.198472466483231,0.327891366614819,0.352558369812375,0.00688151025651932,0.00182918396575387,0.0100497498077505,-0.00355411203590747,3.5084899150244e-06,-0.00354803515314336,0.023041764741129,-0.000713757509799777,0.0218055004752743,0.00116111059850559,6.2339238108952e-05,0.00126908532574359,-0.00702879561387803,0.000790278851654673,-0.00565999249664647
"91",91,"NM170506PAR","3","390","12","6",10.65,11.45,1.75,6.35,5,0.0888808005423301,0.386067912178724,0.12994586458577,0.480362914396528,0.371154293287207,0.602506136209844,0.426317194212032,0.628480824428537,-0.0569557849656038,0.346758614099491,0.203140087772194,0.449693749225074,0.208220609978338,0.484108450134275,0.323048772117341,0.580078756599238,0.107501448648976,0.453771890435564,0.141111322997654,0.410117691407917,0.1634894326491,0.376824328899054,0.101059392312003,0.455570238364922,0.343567829288203,0.580437756497948,0.181156559518838,0.472321778197125,0.162785250886825,0.454337016877129,0.262702322323965,0.505111348021796,0.250102200993488,0.327601649129265,0.173663408172827,0.306192673235897,0.345645460600368,0.250102200993488,0.327601649129265,0.173663408172827,0.306192673235897,0.345645460600368,0.0126631301803728,0.00269878898228916,0.0173375697961779,0.00586208362941036,7.81810961131664e-07,0.00586343776571104,0.0286889992197009,-0.00267462607660791,0.0240564109840113,-0.00739288310522858,-0.000397562500999065,-0.00808148155313401,-0.00847340757586316,0.000950629798881491,-0.00682686847220664
"92",92,"NM1702PAR","3","391","12","5",8.65,8.65,1.15,5.65,4.35,0.0722522308134523,0.359374414450427,0.0834502521381726,0.454224766829809,0.350712312815509,0.573713397958734,0.398938216841049,0.608903336375674,-0.0752991420854294,0.401984230597756,0.1348052270699,0.430387318756249,0.159074119991788,0.443632013109137,0.281002421535216,0.537037960976493,0.0413197917683716,0.454975620750122,0.0473227711888743,0.416754174353153,0.100824045083013,0.38537533192525,0.053320834450296,0.454478017137535,0.315699855334996,0.550587486747884,0.13450247839566,0.467941356158369,0.122519264849875,0.430549501498607,0.246295653688752,0.480637332321133,0.203134651511143,0.247489455455733,0.114121668227858,0.272439150202019,0.30071155072232,0.203134651511143,0.247489455455733,0.114121668227858,0.272439150202019,0.30071155072232,0.000752645499237154,0.00144666519480594,0.00325834310723294,0.00142860175587852,-1.45627391764871e-06,0.00142607941547443,0.0027399055964844,-0.00102479643200893,0.000964906116586188,0.00149759440561297,8.05237056871834e-05,0.00163706555446742,-0.0110080775358657,0.00123802862821001,-0.00886374905995164
"93",93,"AMERISTAND_803T","2","392","12","4",8.5,9.2,1.25,5.6,4.65,0.0639545530086039,0.381435351405275,0.10022408577937,0.463419394907284,0.3524302425662,0.60096637797451,0.391179858724521,0.601549261679981,-0.0684851150118532,0.336937085199135,0.149154086199955,0.429354907274563,0.186379755123568,0.449432365816871,0.301551916822212,0.552464214134732,0.0714292612505807,0.444891489541278,0.0359034550811735,0.401197432528754,0.0965713437892774,0.369465378899901,0.0447600694092458,0.445586205029642,0.309068593398893,0.539210418446616,0.154130642225046,0.455424950779931,0.144313463045987,0.439245186907582,0.224963421946107,0.474381070836295,0.199612085299967,0.263225779213034,0.124045291552019,0.270028184271027,0.321450278358342,0.199612085299967,0.263225779213034,0.124045291552019,0.270028184271027,0.321450278358342,-0.00409000237130101,-0.000446580199760754,-0.00486350196356078,-0.00457637084849031,-1.98324203481452e-06,-0.00457980592444331,-0.00323751682893201,-0.00409442217409,-0.0103292640311023,-0.0289690841892928,-0.00154723711348147,-0.0316489774694881,-0.022568825927859,0.00253470799511634,-0.0181785829171514
"94",94,"NM1701PAR","2","393","12","3",9.05,9.3,1.2,5.55,4.05,0.0813584954816898,0.347568156638862,0.111040836825246,0.476205685894267,0.372821173856055,0.612071416273269,0.391272346786359,0.619650049441671,-0.0871221863672883,0.318769638483167,0.106114525758642,0.422177357138561,0.162026746990851,0.454549227098247,0.308085673588988,0.556236855160785,0.0585747946545071,0.453114507512552,0.046634461764816,0.404973696795791,0.0998996962495313,0.353423447689514,0.0437982247201607,0.443646678709531,0.303012788267621,0.548165776954377,0.105780991413652,0.438242728703027,0.121458143677376,0.418502962532993,0.201293626418751,0.480319874758031,0.212528161407612,0.266086928987089,0.119083479889938,0.267617218340036,0.279972823086298,0.212528161407612,0.266086928987089,0.119083479889938,0.267617218340036,0.279972823086298,0.00874209329234278,-0.000746976653356608,0.00744829178231514,0.00266717414640049,1.07924145245757e-06,0.00266904344742162,0.0120712338566475,-0.00256830582120396,0.00762279770438649,-0.00852635403258588,-0.000454042561688302,-0.00931277881479215,-0.0175887031514686,0.00197476409164936,-0.014168311426716
"95",95,"NM1705PAR","1","394","12","2",8.95,9,1.2,4.8,4.15,0.0931102342325556,0.375619998650119,0.117108796156875,0.467250888288951,0.40264097855652,0.600335339363436,0.385558407126023,0.600313829235398,-0.0300715574967634,0.328489105131697,0.154223274253523,0.432451600332997,0.183034623478226,0.439530772909539,0.3122478562911,0.545994630063881,0.0889782408081903,0.455304115875573,0.0602056687520449,0.410956500286127,0.110711920912821,0.345798471699356,0.0512704700571038,0.443359834305995,0.315997863829141,0.540740063971185,0.168554452120085,0.45958862998886,0.155551779274203,0.436362191658305,0.229607299321572,0.499242582605181,0.210179783933495,0.257503479664925,0.119083479889938,0.231452729375166,0.286885732298305,0.210179783933495,0.257503479664925,0.119083479889938,0.231452729375166,0.286885732298305,-0.00544716929659158,-0.0025714873073017,-0.00990111594439334,-0.00261934221491535,-9.96347699333964e-07,-0.00262106793974506,0.0292762932915973,-0.00356038214148928,0.023109530555125,-0.0166352686421694,-0.000894344089706996,-0.0181843180382217,-0.00760384915694438,0.000849659128905783,-0.00613219638299582
"96",96,"NM1713PAR","1","395","12","1",8.4,7.4,0.2,3.25,2.8,0.105055908214545,0.409063661990598,0.149560029605484,0.483573429371749,0.428322384437935,0.606477355083344,0.390846654912694,0.588838008862016,-0.0264166698223595,0.357816937808732,0.117200271627348,0.437188405036267,0.182649238245399,0.397029774872912,0.321750619571086,0.525777171673495,0.0464882020810666,0.462105862639228,0.00669314480380094,0.433933690783915,0.0680966923651449,0.399923946684771,-0.0174638081169927,0.445378870418514,0.232961261738559,0.472759019371888,0.0935913673337073,0.448754607429074,0.0981304808903149,0.419762997360553,0.197542070277009,0.457742669289186,0.19726370782585,0.211725083280049,0.0198472466483231,0.156712785514435,0.193561457936206,0.19726370782585,0.211725083280049,0.0198472466483231,0.156712785514435,0.193561457936206,0.00932571505834556,-0.00251943496794028,0.00496192570657663,0.0107199953716397,4.2849552002581e-07,0.010720737547648,0.0172131919033172,-0.0052066047622206,0.00819508795962925,-0.02566613664616,-0.00137521205601924,-0.0280480737879578,-0.0111433240724146,0.00125079441365159,-0.00897688460761385
"97",97,"NM1712PAR","1","396","13","1",8.55,6.95,0.4,3.1,2.6,0.0793851112020352,0.41136747873526,0.118583738458324,0.465530314689979,0.397396956260871,0.601207221708369,0.365864275155668,0.578904796486496,-0.0456432956525885,0.36689949407234,0.0951543850600466,0.423393793037072,0.154883737907798,0.396557594692458,0.304572298504828,0.527119863026201,0.00881060390788955,0.466033012703686,-0.000222971228824444,0.438736364892677,0.0368543119431954,0.443792498776915,-0.0708778934453853,0.458536585365854,0.178928462267559,0.430059049058294,0.0542727753866881,0.438838236868792,0.075310432353582,0.408879873788596,0.158381632206871,0.42691514416712,0.200786274037026,0.198849909296803,0.0396944932966462,0.149479887721462,0.179735639512191,0.200786274037026,0.198849909296803,0.0396944932966462,0.149479887721462,0.179735639512191,-0.00874697829368666,-0.000319019032370894,-0.0092995354639199,-0.00809373930002522,3.01561241691696e-06,-0.00808851610612601,-0.00525896558283634,-8.65312684486138e-05,-0.00540884213557778,-0.0284695864592052,-0.00151995456389388,-0.0311022249775613,-0.0311072506709384,0.00349506968702548,-0.0250536124234702
"98",98,"SW_9812","1","397","13","2",9.45,9.5,1.3,6.4,5.05,0.0942765482810029,0.382662319546634,0.144324645831583,0.471330925532606,0.405695880991114,0.611741482380169,0.399057637866857,0.604382909375312,-0.0280384569539261,0.324722683446266,0.167857603138917,0.437417479773664,0.190437094981661,0.440605893389251,0.326618440358629,0.540817973065227,0.0693792126751363,0.442751547867068,0.0690538250409057,0.400111112038591,0.0963068385069802,0.3966336296223,0.0613929372546964,0.458055828236301,0.327978106272132,0.558898302671415,0.19183541498519,0.459795890730208,0.183668700754936,0.45090098970141,0.23293066205023,0.512142069047284,0.221921671304081,0.271809228535198,0.1290071032141,0.308603639166888,0.349101915206371,0.221921671304081,0.271809228535198,0.1290071032141,0.308603639166888,0.349101915206371,-0.00508032147999517,-0.0042810256864146,-0.0124952754449701,-0.00125219951899167,-8.23251454741002e-07,-0.00125362543233245,0.0313892058291534,0.000380203556617135,0.032047737703555,0.0104349570053251,0.000558802045214136,0.0114028305347799,0.00326172014887151,-0.000370569148050603,0.00261987555953515
"99",99,"SW_1011","2","398","13","3",9,9.15,1.15,5.15,4.5,0.0463169859326471,0.331725731702747,0.099679243235757,0.454791660253845,0.367138639049773,0.602222849523718,0.374563588555352,0.597825846387938,-0.0793150611278439,0.314990848714325,0.118639770081751,0.411028164947371,0.163196392108975,0.443595629621455,0.314473976762759,0.550046658942533,0.0572348743896022,0.443246775530171,0.0514188374220351,0.384942556560016,0.085532952475395,0.370120692901351,0.0410718765096187,0.44605577789524,0.281302332578058,0.543763303323176,0.136357251616746,0.439462437721635,0.146895447981158,0.435364028314733,0.208280514048448,0.477895536323982,0.211353972670554,0.261795204326007,0.114121668227858,0.248329490892105,0.311080914540331,0.211353972670554,0.261795204326007,0.114121668227858,0.248329490892105,0.311080914540331,-0.000170012488405312,0.003694732262217,0.00622945148215345,-0.00948849844913515,6.5656121412769e-06,-0.00947712647537336,-0.0036572868109468,-0.00246664833629021,-0.00792964703513693,-0.0171509033588587,-0.000918675153652386,-0.0187420953936824,-0.0151811313843902,0.00170628867088868,-0.0122257527269465
"100",100,"SW_9813","2","399","13","4",8.85,8.6,1.3,5.6,4.55,0.0332074565536576,0.381390904107424,0.0698534378008299,0.44765045724172,0.355409711694698,0.596491849751949,0.375301624991554,0.588187402882432,-0.0821960960896703,0.32320109189195,0.1161964524033,0.425717160581323,0.16758496413442,0.428964426295847,0.292284086574389,0.555338519015549,0.0450921183446366,0.444300972421489,0.035339346243215,0.401846240601155,0.0780377124850496,0.406580652222102,0.0459556667411519,0.439937541126849,0.306343175312063,0.546749827700529,0.135205319801072,0.440749800887473,0.133381441133437,0.42760905516554,0.218629105116374,0.471770135855097,0.207831406459378,0.246058880568706,0.1290071032141,0.270028184271027,0.314537369146335,0.207831406459378,0.246058880568706,0.1290071032141,0.270028184271027,0.314537369146335,-0.00809969669029086,0.00485411722221231,0.000307880927735744,-0.0140300766050786,5.01583545429557e-07,-0.0140292078368975,-0.0102343469497411,-0.00163052301103991,-0.0130584956354312,-0.0252573113249644,-0.00135007496866123,-0.0275957097544941,-0.0254802565272512,0.00286419765769117,-0.0205193206828891
"101",101,"AFX_779","3","400","13","5",8.75,8.3,0.8,5.05,3.65,0.0648054543831069,0.402331672321351,0.103479367500944,0.455801530265198,0.381187312509954,0.589115584971992,0.414322139907064,0.599691530933361,-0.096362089357167,0.440879638119689,0.124137896075761,0.436545574527326,0.174820033120665,0.4313937836176,0.319281053256855,0.542609182939607,0.0321870422131347,0.456494573252872,0.0573696230204886,0.419922532408979,0.0929682769932253,0.397494095292542,0.0470280519494407,0.453802369544228,0.318927754580847,0.541091033004588,0.0936404682056033,0.456931558360575,0.126488185753426,0.443038385592163,0.225030992365073,0.477030638125897,0.20548302898526,0.237475431246542,0.0793889865932923,0.243507559030123,0.252321186238268,0.20548302898526,0.237475431246542,0.0793889865932923,0.243507559030123,0.252321186238268,0.0040144811171136,0.00314380642784962,0.00945971355551568,-0.00602915865583969,3.33300818855736e-06,-0.0060233857163403,-0.0147993391477951,-0.00238663999716486,-0.0189331208641965,-0.0179271233784305,-0.000959599895237048,-0.0195891991446557,-0.0350367056728145,0.00393771396131192,-0.0282163850559531
"102",102,"SW_8421S","3","401","13","6",10.1,11,2.15,6.5,5.05,0.0537145391462958,0.413334998896564,0.116433637159547,0.454256900346866,0.375462847185372,0.612654005853924,0.421417956694125,0.617936818023642,-0.0575181276380204,0.321938860498982,0.202397207260311,0.447218766132066,0.205801568258925,0.46301364823603,0.341494443129824,0.578344121115212,0.113304300009622,0.438787561758538,0.12661333405288,0.399296228590296,0.160630229775931,0.368703126517404,0.0781267699631369,0.458561216527689,0.330754741967652,0.572521518670126,0.174674327810932,0.466253314689191,0.172360697731695,0.459388290784569,0.255087207998924,0.507106549131091,0.237186124885844,0.314726475146019,0.213357901469473,0.313425571028871,0.349101915206371,0.237186124885844,0.314726475146019,0.213357901469473,0.313425571028871,0.349101915206371,0.00717446792833413,0.00672569866224453,0.0188237196768337,0.0161232411949571,2.28073040098332e-06,0.0161271915358727,0.0425547204523687,-0.00191182574041461,0.039243341149223,-0.00312779865067198,-0.000164992042463692,-0.00341357324981485,-0.00910005379167593,0.00102481450235714,-0.00732502301301664
"103",103,"DONA_ANA","4","402","13","7",11.7,11.8,2,7.3,5.2,0.0720017812694328,0.413257217093675,0.155077175327836,0.47647041722672,0.388211103895996,0.61941364661037,0.42691672867319,0.63079399661099,-0.0588020382311475,0.325723922431617,0.205797502769998,0.45515947009222,0.213707078451194,0.482171577824376,0.373924408932677,0.595609254916744,0.107456376299694,0.436821861803706,0.126382488161274,0.403403664100331,0.170972406924613,0.381180277218794,0.12216807244665,0.471937735299511,0.340923777044175,0.582044937864324,0.187089666222606,0.476141008925253,0.18226213547209,0.482987248148189,0.26041313812395,0.504244185236284,0.27476016447172,0.337615673338457,0.198472466483231,0.352001025924732,0.359471279024382,0.27476016447172,0.337615673338457,0.198472466483231,0.352001025924732,0.359471279024382,0.0146048722903936,0.00669643691043825,0.0262034411982677,0.0068380237215814,3.79804435157072e-06,0.00684460212733898,0.0374174962705586,-0.00359493467074834,0.0311908867981412,0.0152324944043649,0.000814490771748875,0.0166432337971651,-0.0115782571438992,0.00130192156464385,-0.00932326285632061
"104",104,"SW_9812","4","403","13","8",10.15,10.15,1.8,7.65,5.15,0.0556812800563809,0.363826319714352,0.148086337161159,0.464389003464634,0.405096036290259,0.619859698014391,0.417921174169237,0.618994042881605,-0.070662127255738,0.338518566282821,0.180655925618414,0.438081563727678,0.192469442660317,0.470878490232866,0.387801109830228,0.596461881001755,0.0650894023840636,0.444209763822596,0.0751564072063901,0.398305495037521,0.0632160883151907,0.381458572738967,0.157360577417988,0.48049301877362,0.366238312369922,0.605106387133467,0.205528813253111,0.476099227569816,0.203056292679324,0.507183629271141,0.276673601866283,0.503209501747111,0.238360313622902,0.290406702066554,0.178625219834908,0.368877787441671,0.356014824418379,0.238360313622902,0.290406702066554,0.178625219834908,0.368877787441671,0.356014824418379,0.0109619541227536,0.005263997259674,0.0200794647875698,0.0169880554911179,2.74259735049658e-06,0.0169928058090529,0.0251658711983109,-0.00455733125564497,0.017272341951106,0.0413648992457066,0.00220830824001227,0.0451898012994665,0.0139073561169671,-0.00156489178221984,0.0111968840536598
"105",105,"NUMEX_BILL_MELTON","4","404","14","8",10.05,8.75,1.4,6.2,3.85,0.0721283158940972,0.324170736886812,0.130707595338172,0.472218884537224,0.376216593391463,0.601293882579903,0.395245981965848,0.601785130537344,-0.126606656352017,0.462566877486356,0.0677662281971887,0.423547085947275,0.143933562366836,0.423638716645253,0.362712596257075,0.573679671370966,-0.000436343328467443,0.447209808135945,0.0141005264052803,0.410093387906224,0.0367661610028743,0.398183420644213,0.0760229480898312,0.448732304218221,0.343407718527304,0.57474958280752,0.0927766510326624,0.439769656658037,0.14399037129612,0.441593014044195,0.234971865135642,0.468982924006057,0.236011936148785,0.250350605229788,0.138930726538262,0.298959775442923,0.266147004662283,0.236011936148785,0.250350605229788,0.138930726538262,0.298959775442923,0.266147004662283,0.0117070215577518,0.00178230821498997,0.0147940699273717,-0.00101236009243656,9.32554803684214e-06,-0.000996207769498908,-0.0211108095726785,-0.00281044535466284,-0.0259786436975785,0.0213452181260872,0.00114186465227597,0.0233229857105535,-0.0121789640357257,0.00137074097689636,-0.00980477103009954
"106",106,"NUMEX_BILL_MELTON","4","405","14","7",8.75,8.35,1.5,5.2,4,0.04987054606358,0.401939877621773,0.0785202334181652,0.449584986332391,0.32816548259277,0.565572359227538,0.359779055796461,0.577219282774838,-0.123795625626174,0.427926523626139,0.0732855549583896,0.422292364100112,0.13875371776721,0.4127058601951,0.328964362789787,0.537511545299557,0.0125554175165429,0.449933557485552,0.027418226645336,0.402614193589077,0.0978542160008404,0.35873227900636,0.0295891582209201,0.44159244922083,0.281012487742252,0.528828386825912,0.0822653645143454,0.442992187203702,0.122941847427034,0.439149791363203,0.218672274155049,0.461444196452183,0.20548302898526,0.238906006133569,0.148854349862423,0.250740456823097,0.276516368480294,0.20548302898526,0.238906006133569,0.148854349862423,0.250740456823097,0.276516368480294,-0.0163263710691011,-0.000548708394260669,-0.017276761882347,-0.00697565665137433,2.23382626189589e-06,-0.00697178755081036,-0.00287086858736486,0.000219470485242852,-0.00249073455782359,-0.0239784768324406,-0.00127928525837237,-0.0261942638876327,-0.0221017276362712,0.00248786569018301,-0.0177926178772971
"107",107,"NUMEX_BILL_MELTON","3","406","14","6",8.3,8.2,1.2,5.1,3.5,0.0556341071417449,0.331176980909063,0.0701955635759843,0.445390805895008,0.333042277498945,0.5779523218961,0.361249738166978,0.574722213608691,-0.127950233185793,0.362376118804149,0.0699444847006044,0.420826697281856,0.136426747182279,0.410530882818465,0.309179349900573,0.534121823265165,0.0239531767778621,0.447286033374194,0.0315233705753727,0.405604570582555,0.0889829573165182,0.4005203159737,0.0367937210267581,0.436249020851207,0.304225273477774,0.538047547331311,0.0619125601491436,0.432079577735367,0.115882873387342,0.420745489435545,0.203538985552995,0.459224883983444,0.194915330351733,0.234614281472487,0.119083479889938,0.245918524961114,0.241951822420257,0.194915330351733,0.234614281472487,0.119083479889938,0.245918524961114,0.241951822420257,-0.0173426299232694,-0.0021542099598814,-0.0210738310076499,-0.00901273875817626,3.93617507494743e-06,-0.00900592110298876,-0.00529436100684738,-0.00221952588161495,-0.00913869258571926,-0.0155996725096608,-0.000834684843994603,-0.0170453890614495,-0.0331277728523913,0.00372359215719841,-0.0266783220776421
"108",108,"NUMEX_BILL_MELTON","3","407","14","5",8.4,7.75,1,5.1,3.6,0.0535647540276593,0.376545160923911,0.0749081665337722,0.449283303064816,0.356403076260503,0.590637324972873,0.375311370768277,0.5855581491856,-0.119390319179836,0.428604150260875,0.066927024868037,0.426757178029297,0.135328215737726,0.413675826803517,0.300355300091303,0.534441691104865,0.0128945298777616,0.460335279149828,0.076210712976417,0.417422701543604,0.0729558626671058,0.425357473768562,0.0520629089727053,0.437723792983175,0.304355578048044,0.535679212138816,0.0815226275574659,0.435947449972601,0.123946445516829,0.427739749781871,0.21364771938088,0.474647316218341,0.19726370782585,0.221739107489241,0.0992362332416154,0.245918524961114,0.248864731632265,0.19726370782585,0.221739107489241,0.0992362332416154,0.245918524961114,0.248864731632265,-0.0118843957457021,-0.000452753833172957,-0.0126685883846524,-0.0121155037507724,3.51341801748225e-07,-0.0121148952089236,-0.015112549265028,-0.00150346588036867,-0.0177166285458933,-0.0122084675386465,-0.000656081492178158,-0.0133448340120388,-0.0226221545447439,0.0025413846887031,-0.018220347161568
"109",109,"NUMEX_BILL_MELTON","2","408","14","4",7.9,6.9,0.6,4.65,3.7,0.0244673407528252,0.36335461090361,0.0393702496261034,0.432886829945653,0.329124686573969,0.571732971816259,0.336964874633042,0.553892583575021,-0.119671979019418,0.418298862433436,0.0386118375942673,0.429963483192592,0.12536392541772,0.41145466733702,0.264251692734724,0.523719663897104,0.0034395853216062,0.463304182654094,0.0295695147498693,0.425988716284962,0.0346141308592483,0.436135343773992,0.00774154959573869,0.434557160476514,0.278309858943007,0.503554374154326,0.0631559319523497,0.426084320654057,0.0964248090523274,0.422506124028461,0.189993690701094,0.457327150585578,0.185521820455264,0.197419334409775,0.0595417399449692,0.224219831582192,0.255777640844272,0.185521820455264,0.197419334409775,0.0595417399449692,0.224219831582192,0.255777640844272,-0.0287375785041142,-0.000100663190614479,-0.0289119322639486,-0.0306608544200692,-3.68502885694012e-06,-0.0306672370772489,-0.0403942998408464,-0.00371002084245672,-0.0468202444090402,-0.0459299288140816,-0.00245401092833878,-0.0501804004057196,-0.0382887825530439,0.00430453526174451,-0.0308331088093111
"110",110,"NUMEX_BILL_MELTON","2","409","14","3",8.05,7.5,1,4.95,3.7,0.0313494362233616,0.302620415137762,0.0744981205938209,0.440870365240113,0.344022673930528,0.584345757907002,0.348911569923627,0.582746654217242,-0.11569834417883,0.322928914826521,0.0469086148664226,0.422068299767965,0.127311476165242,0.42038779915394,0.286097054873689,0.524039777892166,-0.00322300234935562,0.451703826130992,0.040386830172317,0.400990278309043,0.0325793995529572,0.41544953651024,0.0270210914345296,0.433207727637765,0.280627681454404,0.531028787298147,0.0806261054344399,0.430828466138228,0.117374361897349,0.4290536457727,0.211212435343191,0.469373014445843,0.18904438666644,0.214586233054104,0.0992362332416154,0.23868562716814,0.255777640844272,0.18904438666644,0.214586233054104,0.0992362332416154,0.23868562716814,0.255777640844272,-0.0193618707421916,-0.000353359159866116,-0.0199739067577251,-0.0216207342876596,-2.59885562720994e-07,-0.0216211844226564,-0.040770311931364,-8.0620800199048e-05,-0.0409099512528454,-0.0330162198340066,-0.00176540369621275,-0.0360739887183548,-0.0247486600482304,0.00278140720635929,-0.0199311214713301
"111",111,"NUMEX_BILL_MELTON","1","410","14","2",8.5,7.7,0.55,4.5,3.75,0.0664468313086883,0.358908473136547,0.0926049962409672,0.442423758719174,0.375685888071949,0.591600807334095,0.343245312016681,0.563493269386475,-0.0840253744394286,0.387806848326249,0.0665544130566926,0.418518868502332,0.136898548306124,0.402314023425135,0.29291384348437,0.506305147636286,0.00784277494021044,0.455761150112624,0.0618209518028174,0.382210387584389,0.0435699606017303,0.439090291052327,-0.00867939756282307,0.439512878322061,0.243342360108573,0.486995881144395,0.0886465830929175,0.43269905456561,0.121495255544806,0.414908447258915,0.185233420066303,0.470064244603314,0.199612085299967,0.220308532602213,0.0545799282828885,0.216986933789218,0.259234095450276,0.199612085299967,0.220308532602213,0.0545799282828885,0.216986933789218,0.259234095450276,-0.0269980319755849,-0.00531608301131573,-0.0362057578082008,-0.019600338279278,1.30689381219881e-06,-0.0195980746728051,-0.0164602779488617,-0.0010841428444857,-0.0183380684299674,-0.0267068498592939,-0.00142836129446321,-0.029180844182058,-0.0206575125819401,0.00231970628160441,-0.0166396634611222
"112",112,"NUMEX_BILL_MELTON","1","411","14","1",8.85,6.8,0.45,4.5,3.75,0.0691651203105684,0.371567392803818,0.119694512263915,0.472521895636082,0.401637599185228,0.613122680152314,0.368444126967575,0.579936196700903,-0.0588512930621321,0.359204862946462,0.0758687361714525,0.425473607677253,0.156969821490578,0.393959459956591,0.304864861352805,0.51431089823546,-0.00755784114756919,0.471818283429623,0.0348782986456979,0.399038760293863,0.0172478913760543,0.453659077427974,-0.018100998328885,0.439274477441811,0.241017554639052,0.489681208804531,0.107907886704774,0.421516348267543,0.134985810247659,0.403129937301469,0.199897096874451,0.453138630024928,0.207831406459378,0.194558184635721,0.0446563049587269,0.216986933789218,0.259234095450276,0.207831406459378,0.194558184635721,0.0446563049587269,0.216986933789218,0.259234095450276,-0.0152718470610381,-0.00335142189334951,-0.0210766800325516,-0.0139094422346701,-5.15963199443523e-06,-0.0139183789793938,-0.032768432702901,-0.00160808374009813,-0.0355537154314049,-0.029054732837407,-0.00155225457785832,-0.0317433166207902,-0.00904233551211916,0.00101222033664312,-0.00728911846826018
"113",113,"NM1715PAR","1","412","15","1",7.25,5.55,0.05,2.05,2.2,0.096424878181146,0.316959514321762,0.150390091105587,0.496882513689236,0.402753525705197,0.598752537568019,0.381581163350158,0.575291568041731,-0.0530248280932563,0.329620859897232,0.0948852207773305,0.440107795014481,0.15036694502482,0.38674766772806,0.289126038614691,0.489881130974137,-0.0271436029867217,0.478978399930996,0.0136959829800334,0.425758515884477,-0.0232416300232138,0.47837603595779,-0.0905236226392716,0.46403005361323,0.124487716258635,0.403044955896795,0.0350927216421889,0.445856717245202,0.0625922104041219,0.414155176127424,0.154488441162065,0.409924044524177,0.170257366873502,0.158793812460037,0.00496181166208077,0.0988496031706439,0.152084002664162,0.170257366873502,0.158793812460037,0.00496181166208077,0.0988496031706439,0.152084002664162,0.00093117045668338,-0.00297181201710657,-0.00421615892499567,-0.0195610281681852,-2.85387783939771e-06,-0.01956597122958,-0.045992399944149,-5.91990229615866e-05,-0.0460949356592288,-0.0731721527868957,-0.0039110517154896,-0.0799462930395509,-0.0490000028996624,0.00550708569173439,-0.0394614507216253
"114",114,"NM1701PAR","1","413","15","2",8.65,8,0.65,4.45,3.75,0.0885399239713445,0.328019082706544,0.115115272278085,0.476918007021813,0.384368591346308,0.607186873115593,0.359437231311226,0.589417297783311,-0.0761577275992824,0.350185474756268,0.0963574729456252,0.433801436683553,0.150228947286353,0.420423436348831,0.31197488296377,0.525283603216049,-0.00127226992702548,0.449664702371383,0.0648160687285071,0.378375751393763,0.0120610356352641,0.448197071558275,-0.0163919178172783,0.4463022693031,0.246643782914729,0.49934201537218,0.100880276219104,0.439973420057901,0.128581200211103,0.41290864884401,0.205440995316583,0.48886256174831,0.203134651511143,0.228891981924377,0.06450355160705,0.214575967858227,0.259234095450276,0.203134651511143,0.228891981924377,0.06450355160705,0.214575967858227,0.259234095450276,-0.017396284064252,-0.0058053176976706,-0.0274513892267566,-0.0138956861391048,3.05043646985912e-06,-0.0138904026281768,-0.0269086369863846,0.000828971872460473,-0.0254728155915119,-0.0279751948748482,-0.00149349195791873,-0.0305619988153549,-0.0178504022036913,0.00200245513903636,-0.0143820481781592
"115",115,"MESQUITE","2","414","15","3",7.45,7.3,1,4.6,4,0.0597937819761633,0.29376371487223,0.0833835192732908,0.448748114630468,0.346746343421609,0.570579426379496,0.331383021572679,0.551847947050899,-0.0878802869156567,0.289583176017519,0.103805592521998,0.420846224054019,0.146454420042763,0.404419678602685,0.296291378141191,0.507440484439936,0.0201357730348454,0.447148424831104,0.0491884203551215,0.392705003102419,0.00983662573271032,0.409677135127264,0.0190179527230401,0.440433760153612,0.264888400547242,0.52105847691996,0.101850529038864,0.45221855848025,0.141412317873762,0.428348459279049,0.224556719894098,0.485105285895453,0.174954121821736,0.208863933505994,0.0992362332416154,0.221808865651201,0.276516368480294,0.174954121821736,0.208863933505994,0.0992362332416154,0.221808865651201,0.276516368480294,-0.0152677278124617,-0.00545673452401925,-0.0247190692101768,-0.0165472332461558,-2.40187497899871e-06,-0.0165513934156347,-0.0295665617421619,-0.00264868505297739,-0.0341542188071194,-0.0455028746249827,-0.00243264654202702,-0.0497163420142178,-0.0223231368966107,0.00250909838372313,-0.0179772510338043
"116",116,"SW_8888","2","415","15","4",7.85,7.6,0.8,4.9,3.6,0.0774014916533351,0.331893240882954,0.107551413346847,0.474273039532555,0.371192999837068,0.607530020380625,0.366748993119587,0.569341736694678,-0.0967400501394292,0.371886648146058,0.0972327064444823,0.430666281684472,0.154236716265931,0.42489754626053,0.287647199130349,0.537099200134345,0.0344178244200211,0.457988434621661,0.0820837859507553,0.421188639118672,0.0447938921490401,0.429784851458254,0.0378074033104453,0.445155608492822,0.278697539532295,0.532040904683593,0.098255259940943,0.45445018675636,0.134420193725644,0.436575806460554,0.217480399317398,0.499473927315936,0.184347631718205,0.217447382828158,0.0793889865932923,0.236274661237149,0.248864731632265,0.184347631718205,0.217447382828158,0.0793889865932923,0.236274661237149,0.248864731632265,0.00124901207279385,-0.00367753285908356,-0.00512066165780812,-0.0102535868214095,1.05492643140799e-07,-0.0102534041027925,-0.0108321373806088,-0.00196750388239633,-0.0142399540541165,-0.0115746854704983,-0.00062071687626244,-0.0126497986326022,-0.0184575571110663,0.00207397845720985,-0.0148653210650732
"117",117,"NM1703PAR","3","416","15","5",8,8.45,1.15,5.9,4.25,0.0864852532879096,0.320966193230318,0.109333599227867,0.467179863398351,0.370200949009833,0.604584439452726,0.370888974827903,0.58178306993154,-0.0904704957953805,0.340683307983013,0.12728766134285,0.435345375423988,0.156605753213126,0.43098001973819,0.319181949820214,0.547279941374677,0.0426904226765078,0.458295266522645,0.112745294216365,0.414140537251749,0.0697887951492837,0.42037192785721,0.0610460984587483,0.451420337069359,0.302922882398227,0.547368249760587,0.123123716891596,0.462021062842098,0.148619968785198,0.444024737059225,0.251057283494074,0.516209080386212,0.187870197929381,0.241767155907624,0.114121668227858,0.284493979856975,0.293798641510312,0.187870197929381,0.241767155907624,0.114121668227858,0.284493979856975,0.293798641510312,-0.00272948082564601,-0.00423273113398874,-0.0100607861724561,-0.00181559016050198,4.77808643001183e-06,-0.00180731427207841,-0.0161718892458741,-0.00293768211311217,-0.0212601039000358,0.00494946342866723,0.000264879845316849,0.00540824877665216,-0.0178643956735701,0.00200978258585244,-0.0143833501379183
"118",118,"SW_9812","3","417","15","6",8.9,9.25,1.65,6.2,5.05,0.0903792975107244,0.350732968865491,0.126254374973693,0.462468406165885,0.358386325576024,0.602343972099765,0.365031953456048,0.57843137254902,-0.0775884345564859,0.300271898290695,0.171043993761367,0.427933783062533,0.167664636638306,0.433116740433814,0.337245869615545,0.553010102354013,0.0692174754692981,0.437649770682967,0.0533300197697718,0.3983583613664,0.0907986812503012,0.40468675274988,0.100330513244068,0.460955832910828,0.329560680054345,0.578962600068153,0.156735701790279,0.463823308175624,0.182738279108097,0.463293431317789,0.264899088947922,0.522875699461587,0.209005595196436,0.264656354100061,0.163739784848665,0.298959775442923,0.349101915206371,0.209005595196436,0.264656354100061,0.163739784848665,0.298959775442923,0.349101915206371,-0.00195595586395322,-0.00616636654226153,-0.0126364159665705,0.00296557173290117,-1.42724298785117e-06,0.00296309967554227,0.0224348288091356,-0.00297687983617509,0.0172787217073846,-0.00901574464359131,-0.00048520852315122,-0.00985615045428219,-0.00854713088171045,0.000963300798636655,-0.0068786449627912
"119",119,"SW_1011","4","418","15","7",8.6,8.8,1.6,5.95,4.45,0.0659646398552802,0.39807032879477,0.108592305498793,0.452039050914483,0.334095795394265,0.581372749222213,0.346704118983604,0.574230897771163,-0.0889240592392655,0.326613161310737,0.135760939328058,0.427610048035278,0.160782408908288,0.433215276613969,0.340705881160582,0.544885163565002,0.0467367398495664,0.440481113753578,0.0320465868359559,0.404535035208364,0.0960663843008989,0.365229166260894,0.065548811861131,0.448485992599864,0.305725500069688,0.552919128670959,0.121333781528432,0.444564067194497,0.157294137500333,0.449040105139071,0.236888671759394,0.479759640174478,0.201960462774085,0.251781180116815,0.158777973186585,0.286904945787967,0.307624459934327,0.201960462774085,0.251781180116815,0.158777973186585,0.286904945787967,0.307624459934327,-0.00889107868685706,-0.00218946090070151,-0.0126833361914858,-0.0061821217559706,3.56272566097273e-06,-0.00617595093413933,0.00821623424252476,-0.00202189691424585,0.00471420607468771,0.0148425831154969,0.000794114341842842,0.0162180294965773,-0.0181173162128406,0.00204059878386834,-0.0145828954567624
"120",120,"NM1705PAR","4","419","15","8",7.8,8,1.5,5.65,4,0.0763012821148386,0.371922971186628,0.129072049332221,0.481707041791075,0.356242965951089,0.590034915334318,0.362584899758706,0.584062489193208,-0.0851552239914865,0.316808795318621,0.136854492372876,0.435892648083107,0.15333673276427,0.450049663392562,0.360287402063631,0.577851825891407,0.0379687781211572,0.443398618612101,0.0369488185926768,0.415587511520822,0.0596314384324571,0.380874631674722,0.102903058711682,0.469216317912347,0.316891331442791,0.569217941563327,0.14494898983757,0.468843968682879,0.166619527304086,0.477285604243559,0.256337642918361,0.494758489621348,0.183173442981146,0.228891981924377,0.148854349862423,0.272439150202019,0.276516368480294,0.183173442981146,0.228891981924377,0.148854349862423,0.272439150202019,0.276516368480294,-0.003796508797531,-0.00421335414585153,-0.0110942522165365,-0.00522561836067725,-4.02777247413964e-09,-0.00522562533698379,-0.0154835051815606,-0.00377360535597369,-0.0220195813572591,-0.0109432956531333,-0.000588971716593149,-0.0119634245860358,-0.0150985266395564,0.00169660636327197,-0.0121599182307661
"121",121,"MESQUITE","4","420","16","8",8.2,8.6,1.8,6.05,4.35,0.049321721900343,0.38816763545314,0.128828800203355,0.444850760817147,0.366058397530262,0.583607811104838,0.3678826874884,0.580164587360159,-0.105256399519862,0.353087520825757,0.137014305271022,0.429804984324353,0.153903178670325,0.436007969436951,0.365343158855978,0.572310643228171,0.0254459693821506,0.443634917755533,0.024572393954614,0.408178513825472,0.0651434553203429,0.385489719670692,0.0835749834801301,0.464774202363872,0.317768583662377,0.556826294151006,0.115903414312693,0.453524655187044,0.164340033164107,0.462550320567438,0.269106899895926,0.48970152737712,0.192566952877616,0.246058880568706,0.178625219834908,0.291726877649949,0.30071155072232,0.192566952877616,0.246058880568706,0.178625219834908,0.291726877649949,0.30071155072232,-0.007161780977246,-0.000306464797142321,-0.0076925935743082,0.00475802079866089,5.32407330434444e-06,0.00476724236408693,0.00227762816149709,0.000199143092718404,0.00262255411455447,0.0167628499295931,0.000895354008094029,0.0183136485555956,-0.00790413370199679,0.000893057037389555,-0.00635731354594059
"122",122,"NM1715PAR","4","421","16","7",6.45,5.85,0.55,3.35,1.85,0.051628912434539,0.414240565625273,0.0874184084263069,0.453510464014666,0.322721015019129,0.531070443288608,0.324490225569104,0.541123098056715,-0.126599201226536,0.391096984132905,0.0847594767294434,0.426510557097066,0.108406894454699,0.378060920428209,0.29517399858908,0.503031260567558,-0.00695580714755588,0.463292600471644,-0.0240839385925575,0.422149507833028,0.0529758940729859,0.405766549213836,0.0157729017089318,0.450996573212083,0.234836571527289,0.477575679755573,0.0194154055634148,0.461897944551227,0.0795997493955596,0.450483168504788,0.201903795709833,0.462205450423291,0.151470347080563,0.167377261782201,0.0545799282828885,0.161534717376418,0.127888820422136,0.151470347080563,0.167377261782201,0.0545799282828885,0.161534717376418,0.127888820422136,-0.0187917037641111,-0.00109050488458007,-0.0206805136218519,-0.0255907841895002,-7.93737718579692e-07,-0.0255921589835507,-0.0235582719458034,-0.00258350331605042,-0.0280330309311712,-0.0303573167002656,-0.0016265908560279,-0.0331746546937214,-0.0521042272743705,0.00585856869494016,-0.0419568886794445
"123",123,"NM1704PAR","3","422","16","6",8.75,8.8,1.55,5.85,3.95,0.0393059384598724,0.36965860117672,0.0933639493100555,0.457694631397054,0.359902716748424,0.609158668572595,0.350609007304449,0.588505242195279,-0.12058754868594,0.311061916757137,0.11012532417436,0.420655897408647,0.142935193034269,0.433104145973586,0.330884884370849,0.563985601688078,0.0380602231116527,0.449845424928995,0.0577791250943909,0.40505884393396,0.0883037760867314,0.411305692760565,0.0895621033215958,0.451130000090234,0.31371702684939,0.590092502414468,0.0896131941121396,0.459140063696102,0.136495627707045,0.446708357519139,0.283520547320168,0.524681158355977,0.20548302898526,0.251781180116815,0.153816161524504,0.282083013925984,0.27305991387429,0.20548302898526,0.251781180116815,0.153816161524504,0.282083013925984,0.27305991387429,-0.0144695755250231,0.00221493344163811,-0.010633198285487,-0.0141602502137192,9.3203053445424e-06,-0.014144106971391,-0.00452542260538734,0.000181986569585705,-0.00421021262194716,-0.000680271920392633,-3.99023919394608e-05,-0.00074938489027329,-0.031222586329679,0.00351568135006089,-0.025133247634761
"124",124,"NM1701PAR","3","423","16","5",8.85,8.5,1.2,5.15,3.8,0.0566634157507604,0.379288053060196,0.0993880064319852,0.470727150588742,0.365700711557603,0.596840402487317,0.362733159762828,0.586360964138742,-0.112049930759308,0.359217320409457,0.0996033989139753,0.422745202646924,0.142835075098281,0.430935695103557,0.318933974741823,0.554317582076721,0.0223663419383498,0.454560277353456,0.094983275189453,0.409258285405833,0.0678800055310617,0.412036457362378,0.0512953889833201,0.453094536916179,0.300998776270128,0.54705865890979,0.0816806731362026,0.445798196559682,0.137000544160582,0.429255618937802,0.270139274997229,0.512836772903731,0.207831406459378,0.243197730794651,0.119083479889938,0.248329490892105,0.262690550056279,0.207831406459378,0.243197730794651,0.119083479889938,0.248329490892105,0.262690550056279,-0.00877982498344039,0.000673839480176291,-0.00761270077272946,-0.00442841609419167,3.39573551103815e-06,-0.00442253450778319,-0.00748713039771036,0.000113450807979487,-0.00729062783498884,-0.00990316496285263,-0.000530960690342837,-0.0108228158513295,-0.0192652903118597,0.00216784027889887,-0.0155104808225207
"125",125,"NM1712PAR","2","424","16","4",7.75,7,0.65,3.85,2.8,0.0696465838208655,0.330896139834491,0.0982087432399549,0.475945206513978,0.361176859589979,0.589536410847778,0.361498628948187,0.581821314011459,-0.121365136463219,0.399433557096861,0.0881715354419769,0.428737091946083,0.13163523560887,0.4139132779018,0.296321875919741,0.532772317295592,0.0152494638489178,0.461451582800682,0.0287305943238538,0.424155089404382,0.0136296837477251,0.430686705109107,-0.0116257643484299,0.450632499469621,0.241359692524474,0.488625621829608,0.0373314399332691,0.452858734314387,0.0911305531635201,0.445360246705915,0.230340325566852,0.477032728514291,0.181999254244088,0.20028048418383,0.06450355160705,0.185644376686331,0.193561457936206,0.181999254244088,0.20028048418383,0.06450355160705,0.185644376686331,0.193561457936206,0.00144272955013366,-0.000288053357462282,0.000943806501898433,-0.0126438480330582,5.932808438443e-06,-0.0126335721074561,-0.0185031106798007,-0.0028003108261372,-0.0233533912864603,-0.0183229249625185,-0.000979408747796468,-0.0200193106676664,-0.0285494883886608,0.00321565432512384,-0.0229798117423066
"126",126,"NUMEX_BILL_MELTON","2","425","16","3",8.8,8,0.7,4.75,3.7,0.0765877122275971,0.299245416578184,0.102907560056966,0.480604549512113,0.374338879374121,0.612331679659816,0.372465499533237,0.597842874767042,-0.127210017872075,0.355285094380174,0.0765665755245831,0.420260562948964,0.136039024314942,0.42243074715815,0.309490787685181,0.547286482211394,-0.00408600351376217,0.4538791500153,0.00916239083445363,0.412897714783373,-0.0176103340346244,0.419932166867308,0.0124762326642114,0.440166952531976,0.278354256612678,0.520872451070933,0.0634954251167184,0.428588977974165,0.109605843717035,0.415165686457044,0.259748449211535,0.486967360222276,0.206657217722319,0.228891981924377,0.0694653632691308,0.229041763444175,0.255777640844272,0.206657217722319,0.228891981924377,0.0694653632691308,0.229041763444175,0.255777640844272,0.00549526610226944,-0.00308474732135792,0.000152327036513591,-0.00848344534954405,1.90302244668984e-06,-0.00848014921799284,-0.0519626771112418,-0.00604400291783328,-0.0624311972002772,-0.0420823275189345,-0.00224861791974496,-0.0459770479857231,-0.03073422590318,0.00345887474333353,-0.0247432791368894
"127",127,"SW_9813","1","426","16","2",9.2,7.9,0.6,4.7,4.05,0.0966013888391306,0.321159398565117,0.127547409464031,0.491181258828318,0.39560014923486,0.61431508686791,0.372626002695292,0.599959516401887,-0.0635056968410383,0.307404723542772,0.136263277783767,0.431723199584937,0.147185053171384,0.419150388110216,0.295416418821772,0.505598694514112,-0.0147531191794626,0.45011387977301,0.0185992822076003,0.408258091562627,-0.00758218177112232,0.437258890122437,-0.0116299754579156,0.451021899786145,0.245951073140509,0.508472322909827,0.11063622643728,0.447052595604486,0.143010971172747,0.430172906029814,0.256021381961349,0.49026007406708,0.216050727618788,0.226030832150323,0.0595417399449692,0.226630797513184,0.279972823086298,0.216050727618788,0.226030832150323,0.0595417399449692,0.226630797513184,0.279972823086298,-0.00379290239496581,-0.00460951805455448,-0.0117768218289713,-0.0199809468029703,-7.55363942014709e-07,-0.0199822551316903,-0.0520340313122505,0.000137785684129429,-0.0517953795078256,-0.0389968349358312,-0.00208375840665695,-0.0426060103510881,-0.0315552657668067,0.00354798951010609,-0.0254099676974358
"128",128,"NM1702PAR","1","427","16","1",7.8,6.05,0.2,3.25,3.3,0.0505796860561985,0.360296381166857,0.117864375954924,0.490317323510601,0.387872154322699,0.595299242833748,0.376311046129897,0.59232925268873,-0.0536980725956364,0.289503347312292,0.106985020379986,0.417224103385218,0.131420080967418,0.400585476216753,0.265633138847479,0.495544123859937,-0.027771315327454,0.464453984908057,-0.0183009525643804,0.445850628465872,-0.0370787308449291,0.468500479043138,-0.0738951340533346,0.456264509608536,0.196186799018452,0.475563863359129,0.0776904513620629,0.428997857809153,0.109112632160735,0.403206216390857,0.228078831598074,0.471337324715896,0.183173442981146,0.17309956133031,0.0198472466483231,0.156712785514435,0.228126003996243,0.183173442981146,0.17309956133031,0.0198472466483231,0.156712785514435,0.228126003996243,-0.0223400510347856,-0.000703284140379257,-0.0235581748927568,-0.0288373121409204,-6.20666802720897e-06,-0.0288480624052423,-0.0644586720163878,-0.00165136317893135,-0.0673189169315464,-0.0846772985118452,-0.00452240755625999,-0.0925103381375914,-0.0419590160143288,0.00471468796229205,-0.0337929369574905
"129",129,"NUMEX_BILL_MELTON","1","428","17","1",10.95,6.75,0.2,3.35,3.5,0.0425255044300677,0.332499370329947,0.178214379378344,0.521336763966522,0.421723662337976,0.640494780718087,0.443195562347965,0.636254279489574,-0.0744286866189906,0.324014483842317,0.0942616664447964,0.40982022293646,0.157753483385182,0.403650075414781,0.308186275978468,0.502891006558122,-0.0288830513684198,0.453192059662898,-0.0490401036188027,0.441512125402642,-0.0363797796562037,0.449384975932247,-0.0733704716628839,0.443025066252432,0.219165460195679,0.458998135957151,0.0866287811799376,0.431725748442647,0.119161474955723,0.433527011402636,0.340295492611109,0.518129590144516,0.25714733341584,0.193127609748693,0.0198472466483231,0.161534717376418,0.241951822420257,0.25714733341584,0.193127609748693,0.0198472466483231,0.161534717376418,0.241951822420257,0.00580169075939645,0.00925250483153056,0.0218274991548528,-0.0105532092987675,-5.6274009896313e-06,-0.0105629562431535,-0.0606642846078181,-0.00540142210482794,-0.0700198220856231,-0.0759121069085197,-0.00405399608752038,-0.0829338340751062,-0.0158700758758632,0.00178677192343519,-0.0127752961364598
"130",130,"NUMEX_BILL_MELTON","1","429","17","2",9.5,6.85,0.35,3.8,3.65,0.0655302649340989,0.329084171658757,0.12478404924163,0.486432931015543,0.397077670494615,0.62382571162016,0.394446892071728,0.610987076257317,-0.108760864757421,0.394802766269566,0.0777984331060009,0.40628133448828,0.137563651628197,0.402951971579423,0.297409043070459,0.505192769498543,-0.0439002166287665,0.458446972753436,-0.0417255479346047,0.432159537957787,-0.0306155269606647,0.440800841409361,-0.0297807262689363,0.441243711862152,0.24021259858186,0.482988196963989,0.091970307863815,0.433884626770721,0.126618593744732,0.429220468675275,0.332271398615513,0.530892137469985,0.22309586004114,0.195988759522748,0.0347326816345654,0.18323341075534,0.252321186238268,0.22309586004114,0.195988759522748,0.0347326816345654,0.18323341075534,0.252321186238268,-0.010029826873061,0.000156454178975476,-0.00975884028720323,-0.0223267358669143,4.10808136628572e-08,-0.0223266647128582,-0.0687030472665682,-0.00137263808699432,-0.0710805261632572,-0.0512981879546115,-0.00274308396488085,-0.0560493487304505,-0.011211667386972,0.00126353974511621,-0.00902315236061169
"131",131,"NUMEX_BILL_MELTON","2","430","17","3",9.4,7.9,0.8,4.95,3.55,0.0332809717028404,0.298896390056316,0.0766045509817723,0.452836177205925,0.374607724167918,0.607854148398179,0.381261990619015,0.600598955631635,-0.132847632060935,0.416270051024261,0.0604411203952385,0.415067153144167,0.130091683539908,0.417004929551558,0.302869867871513,0.533281858638075,-0.0133286465845797,0.458237567008709,-0.0143021909607006,0.416567379991115,-0.0150914615045768,0.427460255186697,0.0186020838932803,0.442654503126607,0.296026001706894,0.530789252503358,0.0701467148450972,0.432329163596052,0.0955133037885498,0.428463248460255,0.328380396502714,0.523277345764176,0.220747482567023,0.226030832150323,0.0793889865932923,0.23868562716814,0.245408277026261,0.220747482567023,0.226030832150323,0.0793889865932923,0.23868562716814,0.245408277026261,-0.00381434636537437,0.00531487298328826,0.00539128363722845,-0.015507688040146,3.70875472520871e-06,-0.0155012642885572,-0.0582035592883878,-0.00431098870635453,-0.0656704107260201,-0.0331256502508211,-0.00176952524219696,-0.0361905578621885,-0.0300894607778752,0.00338693652038206,-0.0242231146681983
"132",132,"NUMEX_BILL_MELTON","2","431","17","4",9.9,8.3,0.75,5.2,3.5,0.0381747044581676,0.334555190519614,0.0954220108313606,0.45728582031103,0.380679343492052,0.62691563862629,0.412365357446183,0.619023156618121,-0.141937458745658,0.446022994929222,0.0719561783415157,0.419267693740013,0.137387640299234,0.440048973055509,0.317058669598391,0.559016650786176,0.00795440128234052,0.461314958653305,0.0170260974677677,0.412163522047578,0.0182076422225919,0.417173580562257,0.0357821507298164,0.446993739729525,0.30724181304942,0.537079582063705,0.0898856221292955,0.444908882315015,0.122551149582966,0.438177248184696,0.331828743283094,0.532398994524031,0.232489369937609,0.237475431246542,0.0744271749312116,0.250740456823097,0.241951822420257,0.232489369937609,0.237475431246542,0.0744271749312116,0.250740456823097,0.241951822420257,0.0062743525931512,0.00751506572034946,0.0192908281861351,-0.00901392496378313,6.66339960236762e-06,-0.00900238361717113,-0.0382310570169185,-0.00506760990568563,-0.0470084148081492,-0.0210614614773315,-0.00112608935874012,-0.0230119054520088,-0.0151182605047425,0.00170143462119346,-0.0121712893079567
"133",133,"NUMEX_BILL_MELTON","3","432","17","5",10.35,9.3,1.7,6,4.3,0.039520005569845,0.297280483849992,0.110155264731234,0.471777428920286,0.386790000320625,0.630335699728125,0.416987932045908,0.630733651485285,-0.138248132157984,0.422203643973636,0.0805148817868468,0.42431092561969,0.149991961555973,0.467181694441379,0.337041791180669,0.584373042403277,0.000751823623783092,0.461040657735854,0.0759406178105603,0.40681382055684,0.0638149642600262,0.403454139341934,0.0578898889693861,0.448896631823461,0.3121773975199,0.562234703417032,0.0990441684109814,0.448715695722555,0.137941585001312,0.447445263499288,0.350653674816747,0.556311056761013,0.243057068571137,0.266086928987089,0.168701596510746,0.289315911718958,0.297255096116316,0.243057068571137,0.266086928987089,0.168701596510746,0.289315911718958,0.297255096116316,0.00685308608648648,0.00879755065654185,0.0220908907391903,0.00267977418571838,1.17821829986643e-05,0.00270018152520696,-0.0176479366142693,0.00404310817805517,-0.0106450678599823,0.015130470571834,0.000809364555173485,0.0165323310971139,-0.00102291836157581,0.000124238177670418,-0.000807731526551216
"134",134,"NUMEX_BILL_MELTON","3","433","17","6",9.25,8.45,1.45,5.65,4.05,0.0291787993569342,0.282268326690932,0.0866910676341689,0.453926869893256,0.371087887325091,0.609538653116954,0.373874621959552,0.592121030454002,-0.147296780361576,0.406652014966944,0.0635225772798322,0.394828717954082,0.131750211228255,0.443472043472043,0.315005349430671,0.549718027379003,0.00325298948482901,0.456402758459556,0.0631598838448011,0.398040606905456,0.0739647967539142,0.394764095713979,0.0577468225288837,0.444370071520264,0.307819443783548,0.571804280439403,0.0947510493466571,0.44554508922104,0.132987331930891,0.443163357318351,0.347447567878214,0.54900585661346,0.217224916355847,0.241767155907624,0.143892538200342,0.272439150202019,0.279972823086298,0.217224916355847,0.241767155907624,0.143892538200342,0.272439150202019,0.279972823086298,-0.0107942056585664,0.00497875675252405,-0.00217074604235172,-0.0115643236885233,9.06624843125693e-06,-0.011548620485675,-0.0177726527182709,0.00252712437201774,-0.0133955449280181,0.00481833645405389,0.000256163485403663,0.0052620246238781,-0.00574012270561196,0.000652509260431807,-0.00460994351907363
"135",135,"NUMEX_BILL_MELTON","4","434","17","7",9.45,8.1,1.35,4.85,3.85,0.0271268248427128,0.335787153413964,0.0901751776488945,0.448327650819,0.366480817007446,0.599744541475974,0.372698233434644,0.59353235121209,-0.158183038545394,0.478654311532058,0.0647702861967299,0.408691673010123,0.124439697577426,0.430555678181216,0.315796712314651,0.541812055300616,-0.0128193116727457,0.459033698518189,0.030575338333948,0.409807802114343,0.0756733362980175,0.399554253374402,0.0461538728680017,0.452758542901744,0.275533095554475,0.532286995880555,0.0715262425717257,0.449617669104262,0.109211543275229,0.444535103186685,0.304049952053331,0.515447796033836,0.221921671304081,0.231753131698432,0.133968914876181,0.233863695306158,0.266147004662283,0.221921671304081,0.231753131698432,0.133968914876181,0.233863695306158,0.266147004662283,-0.0104553488918196,0.00555585703823793,-0.000832322264053954,-0.0180018786887224,5.11513086222677e-06,-0.0179930190222204,-0.0248866674700314,0.00215861163486099,-0.0211478424609811,-0.0307237378723745,-0.0016447652736603,-0.0335725548804301,-0.0266892512457999,0.00300743734240355,-0.02148021699094
"136",136,"NUMEX_BILL_MELTON","4","435","17","8",9.2,8.4,1.65,5.25,3.7,0.0336454765892558,0.351018616833015,0.114480752209894,0.447400534874583,0.368276811908818,0.592601112325674,0.385022384794572,0.588762614516901,-0.15129563384235,0.469567094216877,0.0757159156601384,0.420256538135111,0.138780504807475,0.427910358825391,0.342432352218765,0.547861062131052,-0.00436371946875976,0.43653884888231,-0.00688236339698266,0.415589631150696,0.0633552077646539,0.387222102110093,0.0656577331714985,0.455583183209099,0.29333670019335,0.5406923242809,0.0841876898735069,0.458090447655529,0.142807360668783,0.439398995862599,0.322305757071974,0.517484434322441,0.216050727618788,0.240336581020596,0.163739784848665,0.253151422754088,0.255777640844272,0.216050727618788,0.240336581020596,0.163739784848665,0.253151422754088,0.255777640844272,-0.00597657339442278,0.00430426917682877,0.00147863947671884,-0.00733489541361471,7.33990591936564e-06,-0.00732218232369514,-0.0190174159667701,0.000665533453408,-0.017864678216368,-0.0132026645676711,-0.000709108055284187,-0.0144308757421125,-0.0121476482678694,0.00137116986988364,-0.00977271239780155
"137",137,"NM1701PAR","4","436","18","8",9.95,8.65,1.45,5.7,4.1,0.0869055236046235,0.260525037821358,0.134349195906616,0.484839918873532,0.375465780307833,0.614151721542201,0.447449546745555,0.638097658816613,-0.147794529597204,0.386869712715633,0.0784097560848137,0.446415311778915,0.152258062592878,0.468014232720115,0.351897017510867,0.570444470314749,-0.0395391473797365,0.450415813318439,-0.0218762670725002,0.411709057115112,0.0589015304595026,0.409787613765252,0.095022383027855,0.4674174676289,0.314350155759708,0.572452196779787,0.112913786490559,0.470394707834949,0.158932350526386,0.467832513753966,0.365818770083161,0.558887983053918,0.233663558674668,0.247489455455733,0.143892538200342,0.27485011613301,0.283429277692301,0.233663558674668,0.247489455455733,0.143892538200342,0.27485011613301,0.283429277692301,0.0194771940301245,0.00392415481122344,0.0262740295102279,-0.0113031535468786,1.22530887337332e-05,-0.0112819305747349,-0.0484389600923415,0.00667022788503032,-0.0368857865478924,0.00972111567306647,0.000515487093901777,0.0106139655064487,0.00286729653193344,-0.000315705461269653,0.00232047863517696
"138",138,"SW_9720","4","437","18","7",7.8,7.35,1.2,4.9,3.9,0.0342527498637297,0.283074798217499,0.0362665353194096,0.45141000027462,0.298786560165624,0.547423993080998,0.349598891516177,0.577177242360659,-0.136582673333163,0.37966544769384,0.0647613441151525,0.437062760847311,0.110875065727499,0.417375379401523,0.28069210628524,0.515990989742424,-0.0360005910820496,0.450780427586578,-0.0102151596452702,0.416722269059935,0.0245025764581633,0.417924108247168,0.0616853548888425,0.454165363192774,0.26726826036725,0.54099061580321,0.097894757373713,0.448509974589449,0.111141748609448,0.447161772919929,0.326198996839016,0.514986691193891,0.183173442981146,0.210294508393022,0.119083479889938,0.236274661237149,0.269603459268287,0.183173442981146,0.210294508393022,0.119083479889938,0.236274661237149,0.269603459268287,-0.0289530933109637,-3.21043701031078e-05,-0.0290086997108843,-0.0409360493415763,3.96057943517524e-06,-0.0409291894167972,-0.0684069255964213,0.00251084830233621,-0.0640580087856812,-0.0400045144409515,-0.00214352378454461,-0.043717206526791,-0.0375856971077873,0.00422860056884459,-0.0302615461096396
"139",139,"NM1705PAR","3","438","18","6",7.95,7.85,1.4,5.35,3.95,0.0555691697552748,0.253026943293479,0.0736411719172193,0.45352978798357,0.350771702486304,0.598943530853223,0.408225571337442,0.617546425977799,-0.114221021625576,0.311187056351727,0.105971075122339,0.426544347323936,0.14266321184609,0.471955266158996,0.317422891608099,0.561298921868664,-0.00487755742595056,0.435254421526427,0.0530833163446396,0.412123009603427,0.0533175048235433,0.40105194719674,0.0842957903937231,0.457916131792897,0.325921360067072,0.58093810743103,0.147536820678643,0.453330435932805,0.149039793840977,0.455740031218958,0.377093476073813,0.564148619646864,0.186696009192322,0.224600257263295,0.138930726538262,0.257973354616071,0.27305991387429,0.186696009192322,0.224600257263295,0.138930726538262,0.257973354616071,0.27305991387429,-0.00913363632036672,0.00260905898645464,-0.00461461361563077,-0.0224494373984496,5.99021368800096e-06,-0.0224390620440392,-0.0533116098027884,0.00466381740988745,-0.0452336411269389,-0.0154771826704991,-0.000831425825029342,-0.0169172544358819,-0.0115455067771791,0.0013005676472042,-0.00929285754338492
"140",140,"NM1713PAR","3","439","18","5",8.1,7.9,1,4.85,2.5,0.0735531708091883,0.274624061559217,0.106784058855701,0.470152847463772,0.368810332588277,0.599353545788338,0.433735155837844,0.620648874555972,-0.12443984570265,0.329879037622751,0.0904713673366971,0.440466620116237,0.150818538832182,0.466588272535985,0.326329541013033,0.559207216679262,-0.028679007694719,0.450154759858896,0.0258713016334781,0.423720287036341,0.0152387740274509,0.414303031652091,0.0791944710208991,0.460290733872933,0.333620256406211,0.566819549098531,0.0906173898097561,0.45771149449179,0.123721128373531,0.451505178500371,0.359232287980568,0.537297041163532,0.190218575403498,0.226030832150323,0.0992362332416154,0.233863695306158,0.172822730300184,0.190218575403498,0.226030832150323,0.0992362332416154,0.233863695306158,0.172822730300184,0.0119838090405337,0.00469536282337266,0.0201164159750466,0.00195810010813589,1.26514707213298e-05,0.00198001309811995,-0.0443126755053517,0.00438788059573092,-0.0367126434092115,0.0292414902299953,0.00155698531377573,0.0319382678883088,0.00102861540551194,-0.000111815326044435,0.000834945580584415
"141",141,"NUMEX_BILL_MELTON","2","440","18","4",9.1,7.75,1.05,5.05,3.45,0.0443746775508698,0.303759747539348,0.0790166313173075,0.462615646560283,0.362654124164621,0.613631394971711,0.432263193776916,0.636950755610886,-0.142255684247086,0.402383319272717,0.0434848346802333,0.435983585759159,0.122706154638926,0.443352555260733,0.304820812661564,0.553713589855884,-0.035832560081319,0.456158577812959,-0.0050127405423021,0.425565505147952,-0.00453899859881521,0.425105038744776,0.0459464682736017,0.449699550080019,0.307278540144863,0.544874614437667,0.087434078215011,0.44297443358969,0.108551103199864,0.432596584011043,0.335670304294587,0.524223072313503,0.213702350144671,0.221739107489241,0.104198044903696,0.243507559030123,0.238495367814254,0.213702350144671,0.221739107489241,0.104198044903696,0.243507559030123,0.238495367814254,0.00219879271061875,0.00575640444093307,0.0121691776276604,-0.0220623952664926,6.98740899176538e-06,-0.0220502927191585,-0.0698329232134862,0.00196713111625594,-0.0664257521898702,-0.0230031108144881,-0.00123248336407513,-0.0251378346112211,-0.0202990190419162,0.00228355719427757,-0.0163437819767219
"142",142,"SW_9812","2","441","18","3",9.35,8.05,0.7,5.95,4.5,0.044810320480426,0.30345454276077,0.100112305543838,0.462018919181549,0.388201578706997,0.61629869427861,0.437545157320682,0.635378874797151,-0.0977191219778914,0.323219994030989,0.113051900507917,0.433722038141714,0.166391633141772,0.462826843937955,0.330954646132964,0.55370231779452,-0.0297067325713737,0.449854054321476,-0.0164368713216383,0.415165890671753,-0.0175999083809094,0.426660326779062,0.0843717631282632,0.456016116331,0.346591531119384,0.584002590620878,0.163529450088496,0.457895443799699,0.16115124311814,0.462405584091764,0.379368342448003,0.569347938180247,0.219573293829964,0.230322556811405,0.0694653632691308,0.286904945787967,0.311080914540331,0.219573293829964,0.230322556811405,0.0694653632691308,0.286904945787967,0.311080914540331,0.00417789789926667,0.0062150007838099,0.0149425949788652,-0.0216892960124831,3.97185556223337e-06,-0.0216824165568791,-0.0812216498605784,0.00122157247051047,-0.0791058242857728,-0.0259725834329164,-0.00139015111521922,-0.0283803957841527,-0.0106194966806043,0.00119517666531563,-0.00854938998130303
"143",143,"MESQUITE","1","442","18","2",9.05,6.85,0.7,4.15,3.65,0.0536412626719662,0.328114562087113,0.116108291554184,0.476579844607526,0.384947029380615,0.606695575922834,0.414959370641243,0.616419234360411,-0.0859682945620161,0.317296886782483,0.102233648225169,0.435832217759929,0.145912829809093,0.423243939226723,0.290254691264205,0.511442666652119,-0.0727271529331151,0.453758017822657,-0.0465909054907315,0.43321118428924,-0.0454295162702353,0.435845524714456,-0.00969182813627666,0.445718133209638,0.241824845650079,0.499281314251913,0.121627988572001,0.451454684025875,0.132963961535597,0.443834825772193,0.329430169445457,0.522664165168555,0.212528161407612,0.195988759522748,0.0694653632691308,0.200110172272279,0.252321186238268,0.212528161407612,0.195988759522748,0.0694653632691308,0.200110172272279,0.252321186238268,-0.014477926744642,0.00313672415185183,-0.00904496116804769,-0.0295918226487243,1.8229755948555e-06,-0.0295886651623869,-0.0904053620431302,0.0071898807328454,-0.0779521233679008,-0.0360293665469484,-0.00192745666920136,-0.039367819412804,-0.0137552745927052,0.00154458353289659,-0.0110799774488849
"144",144,"SW_8888","1","443","18","1",11.1,7.6,0.55,3.25,3.4,0.0683417526345844,0.340009576988578,0.180208957147297,0.529674604884689,0.418489449714114,0.632556947631003,0.451450103206084,0.644275791497411,-0.0640751206974375,0.324210993768496,0.108921949977581,0.432325904926897,0.190807769171096,0.451383907789137,0.327048372254413,0.527839231019162,-0.0494872063850917,0.45391964467312,-0.0455183301874265,0.443942492563933,-0.042657218272652,0.432609064627696,-0.0889236852762052,0.450753724407388,0.2020435471457,0.457490628933427,0.0965944116607926,0.444901677342958,0.127175939503121,0.423734526323959,0.343172517516939,0.525049220687026,0.260669899627016,0.217447382828158,0.0545799282828885,0.156712785514435,0.23503891320825,0.260669899627016,0.217447382828158,0.0545799282828885,0.156712785514435,0.23503891320825,0.0145940205714152,0.00903596883479348,0.0302447776204943,-0.00342491958322465,6.37818436365653e-06,-0.00341387224389503,-0.0701776142521799,0.00356163553818221,-0.064008680568963,-0.0634213688351167,-0.00338368215538254,-0.0692820782192928,-0.0151753041221359,0.00170918521148259,-0.0122149085092393
