"","X","Germplasm","Rep","Plot","Row","Range","yld1","yld2","yld3","yld4","yld5","GNDVI_62","NDRE_62","NDVI_62","GNDVI_76","NDRE_76","NDVI_76","GNDVI_90","NDRE_90","NDVI_90","GNDVI_96","NDRE_96","NDVI_96","GNDVI_104","NDRE_104","NDVI_104","GNDVI_110","NDRE_110","NDVI_110","GNDVI_114","NDRE_114","NDVI_114","GNDVI_124","NDRE_124","NDVI_124","GNDVI_130","NDRE_130","NDVI_130","GNDVI_138","NDRE_138","NDVI_138","GNDVI_144","NDRE_144","NDVI_144","GNDVI_150","NDRE_150","NDVI_150","GNDVI_160","NDRE_160","NDVI_160","GNDVI_166","NDRE_166","NDVI_166","GNDVI_174","NDRE_174","NDVI_174","GNDVI_180","NDRE_180","NDVI_180","GNDVI_188","NDRE_188","NDVI_188","GNDVI_194","NDRE_194","NDVI_194","GNDVI_200","NDRE_200","NDVI_200","GNDVI_206","NDRE_206","NDVI_206","GNDVI_216","NDRE_216","NDVI_216","GNDVI_222","NDRE_222","NDVI_222","GNDVI_228","NDRE_228","NDVI_228","GNDVI_236","NDRE_236","NDVI_236","GNDVI_240","NDRE_240","NDVI_240","GNDVI_250","NDRE_250","NDVI_250","GNDVI_256","NDRE_256","NDVI_256","GNDVI_264","NDRE_264","NDVI_264","GNDVI_270","NDRE_270","NDVI_270","GNDVI_278","NDRE_278","NDVI_278","GNDVI_284","NDRE_284","NDVI_284","GNDVI_292","NDRE_292","NDVI_292"
"1",1,"SW_1011",1,300,1,1,8.3,4.55,6.1,0.4,6.05,-0.0814892329956056,0.5034717,0.450568858,-0.0583049352244414,0.479916,0.450915777,0.132034140253205,0.360062679,0.396815285,0.275234403724429,0.415700049,0.526684756,0.338864194948557,0.370661184,0.515866007,0.362332808007711,0.419071383,0.551538594,0.24970810005718,0.475652184,0.569178774,0.058777420117263,0.424529596,0.4217241,0.241492440828845,0.404290119,0.49050852,0.256433876745541,0.406825066,0.419094279,0.282719214261829,0.432582734,0.524506635,0.160651577140271,0.394316797,0.417351464,-0.00738183811269644,0.479301709,0.262539673,0.00761758144492447,0.442945221,0.464649221,0.189637535307554,0.313887796,0.377501482,0.314342192213627,0.382922937,0.512856317,0.0189877778857426,0.442421921,0.439945902,-0.00439283951166424,0.436322859,0.442658327,-0.0147707157594951,0.460799876,0.457570117,0.0246751342939337,0.444141375,0.429880256,0.00481075070897618,0.383896989,0.427097555,-0.0317780869841191,0.455376082,0.424468641,-0.10325739532961,0.535300866,0.511417366,-0.0430478828428982,0.438040531,0.417279756,-0.0200059939207953,0.445772839,0.420137399,-0.00992962614206555,0.444697234,0.439777072,0.0909381482651339,0.243045026,0.23049367,0.151841416651849,0.311948285,0.425819584,0.186968235454695,0.419268614,0.497962483,0.253471973911654,0.362492763,0.483285142,0.237443279733552,0.271876497,0.476293226,0.327172919526342,0.339382888,0.528467827
"2",2,"SW_8421S",1,301,1,2,10.25,6.85,9.15,1.3,7.6,-0.00547924438763582,0.469129826,0.463592877,0.00596789859532179,0.445244163,0.453427243,0.126976835381617,0.331640021,0.389756957,0.2912423142182,0.430506418,0.52182835,0.336304212346861,0.390211568,0.537286227,0.328777938208945,0.401306684,0.51572487,0.300318784473783,0.470182006,0.5809646,0.0570806048118673,0.424012866,0.350784961,0.347627173394707,0.436768318,0.530198968,0.318471521211513,0.436699422,0.499593225,0.386012583102943,0.49664329,0.571518681,0.338462283401939,0.427374193,0.504022012,0.0938643195503099,0.240775686,0.236856943,0.121364044427142,0.424704953,0.464943107,0.2755016939864,0.344346312,0.499310653,0.382045083778698,0.42589046,0.550292645,0.0414813353110772,0.421801508,0.424829563,0.116028428567518,0.402740886,0.444396057,0.114138174809934,0.486214233,0.429192521,0.121408248437633,0.41981496,0.423748305,0.0303911407324907,0.319785673,0.412076048,0.0674987070184387,0.341985743,0.294131491,-0.031217882424705,0.513248543,0.502685171,-0.0101046683086535,0.397741922,0.382982505,0.0489580718479067,0.466878958,0.417101358,0.0599904223176764,0.452915524,0.439609456,0.159555652519275,0.290311496,0.33858464,0.288245372739184,0.339715801,0.553732357,0.375227958513392,0.442110645,0.593701685,0.2976656271598,0.373058528,0.608205201,0.267343142577609,0.27206797,0.548581737,0.361630847828462,0.31915451,0.569137368
"3",3,"NM1715PAR",2,302,1,3,7.8,5.4,7.05,0.6,6.45,-0.0663533309821834,0.48256198,0.498299591,-0.0350256635794625,0.456139291,0.467419552,0.0836994789327529,0.327215892,0.350185054,0.216075175013545,0.417904292,0.490986864,0.258359068967226,0.329636408,0.463883372,0.351867878656544,0.411998638,0.531644234,0.256663328864056,0.446615684,0.554967871,0.0878269722369366,0.301697125,0.290069264,0.24338959431054,0.427234429,0.483581692,0.282553165413068,0.364171666,0.468618937,0.344611668656807,0.477948957,0.552768116,0.293304017624613,0.404887191,0.46254947,0.080632179734167,0.174138819,0.202880713,0.0654943429829638,0.441144165,0.464745082,0.232864057694204,0.28435756,0.480024375,0.349410713961831,0.392225652,0.57138969,0.0395458659139576,0.431159425,0.42274642,0.0661317179537312,0.424775974,0.443248846,0.0445045268168003,0.456234561,0.45084467,0.0774064875049896,0.425153221,0.40981367,0.0388963401750964,0.249219783,0.379355157,0.0819054076806556,0.353101621,0.29729308,0.0197329800372009,0.491282759,0.442077991,-0.00244642521907606,0.412618604,0.392229399,0.0269257878983026,0.471907205,0.399138737,0.0287506692942971,0.456895236,0.44785084,0.104215548541349,0.246314497,0.269545136,0.215029857417689,0.29076009,0.452209125,0.309015855656119,0.415741808,0.554702039,0.285692276730498,0.380158665,0.582401971,0.267612442955564,0.312885577,0.54181325,0.378099096810207,0.364677026,0.575386977
"4",4,"NM170506PAR",2,303,1,4,9.5,5.95,8.55,1.15,7.25,-0.0160490672771642,0.480472937,0.483607508,-0.00809716196898026,0.470896088,0.466717073,0.109619248285107,0.323284059,0.380694755,0.279506411694191,0.410604665,0.499669081,0.271734319930353,0.3634989,0.490785724,0.327392174505804,0.405787967,0.523213778,0.272736111052336,0.462414088,0.576656888,0.104823821345905,0.271876247,0.270829333,0.326997588739392,0.441399719,0.524662373,0.283508611642261,0.353842614,0.47302347,0.367643324115646,0.493912992,0.582125725,0.315297436610745,0.397302823,0.472109309,0.0805259525298068,0.20073978,0.200509388,0.115525729727391,0.438043903,0.473128978,0.238947137223116,0.267637494,0.463724387,0.374408588570694,0.419251944,0.566495575,0.0535466716829556,0.395958645,0.387960886,0.113824624277167,0.399839016,0.41252948,0.0855855856439034,0.486115937,0.469126413,0.115775591529206,0.419734025,0.400518523,0.0430633064926086,0.266666667,0.375999292,0.0776171351821,0.344927099,0.295702363,0.00182339468972295,0.4896971,0.454037977,0.000803275867567811,0.390914683,0.367144907,0.0367667127344324,0.462657089,0.388748712,0.0558852087233758,0.452791841,0.44310299,0.109148217668279,0.26304602,0.313089824,0.214012566172288,0.314787327,0.494299611,0.358057015759394,0.42773006,0.581074782,0.270229243027846,0.393331762,0.574582811,0.248654011740163,0.296129215,0.541571416,0.365652303964035,0.330131084,0.572098098
"5",5,"SW_9813",3,304,1,5,9.35,5.35,8.2,0.85,7.1,-0.0311637855115635,0.494585694,0.479640606,-0.0457429283466656,0.493693428,0.462055388,0.102549511504214,0.329344875,0.375488825,0.280144479501447,0.422642739,0.501085356,0.255508101834617,0.344496233,0.46160684,0.207131363994605,0.383748933,0.441716363,0.263151272113045,0.435362762,0.577467485,0.104845317803682,0.28769096,0.293392227,0.294041932141551,0.41185628,0.514494304,0.27260883126933,0.371699781,0.453980805,0.347610925962028,0.449087967,0.573247145,0.235248339438227,0.296610345,0.414209866,0.0511886539724871,0.202496757,0.169309529,0.0730526929353229,0.446886571,0.455462464,0.208519151435552,0.274921017,0.416195536,0.342787511014382,0.381629279,0.543017139,0.0569115763671711,0.367277413,0.344149121,0.105317943384547,0.364061157,0.370319782,0.057165634734817,0.495157146,0.41192324,0.0967318922470691,0.363124747,0.356009454,0.0233252879317468,0.31763719,0.371496751,0.0371661422368682,0.260643099,0.280267768,-0.0297280871520376,0.511275056,0.480235953,0.00701008207705514,0.345290719,0.309198658,0.0248948013682072,0.437077945,0.34330877,0.0153747280429495,0.463938089,0.447825324,0.0583933729815694,0.257437826,0.329647481,0.17189261728864,0.301892195,0.447654469,0.308465698027864,0.408080479,0.55944293,0.274158530958698,0.394396588,0.54649542,0.219598604718779,0.278697711,0.492485139,0.327080503841424,0.304223791,0.530749631
"6",6,"DONA_ANA",3,305,1,6,9.15,4.95,7.3,0.9,7.2,-0.0365130268271406,0.473089891,0.477244546,-0.0490854893485559,0.471777744,0.460276315,0.113207956309734,0.343836505,0.379459588,0.299442297127833,0.421406321,0.510131023,0.288350632697935,0.377070445,0.495142042,0.2278198441407,0.387703979,0.454116148,0.304539614311413,0.456972668,0.581547831,0.0363154331849117,0.270266772,0.268722919,0.302276345013845,0.421330121,0.507499545,0.275982153068072,0.351254523,0.444016314,0.352176822521957,0.478561302,0.569083148,0.23820232210344,0.363039061,0.439747572,0.0479758059156516,0.307186905,0.198417583,0.0671679598193444,0.442399617,0.469653933,0.203998663829154,0.276144908,0.415984582,0.367055258916514,0.421710868,0.555148349,0.0556740894266592,0.425359613,0.425381003,0.107749014705524,0.413407774,0.444784674,0.0652439297684136,0.500068945,0.471730352,0.0937044670056557,0.411077931,0.40856898,-0.0050134079659057,0.43232892,0.419609519,0.0123916274170616,0.340535695,0.386354431,-0.0545950802109732,0.508337019,0.442972495,-0.00172690184536354,0.392237607,0.366398694,0.0290892232728342,0.441475357,0.376288052,0.0420026610307489,0.462664658,0.449403849,0.114352701205387,0.27478405,0.303109203,0.21194510533914,0.319776455,0.480120546,0.340892765749184,0.407782465,0.565902375,0.307580881559869,0.396314881,0.582050326,0.236628122237468,0.29681399,0.52849293,0.359248500184772,0.333508954,0.561099521
"7",7,"NM1712PAR",4,306,1,7,8.35,4.9,6.45,0.4,5.65,-0.0604476201835268,0.478622771,0.488349297,-0.066160583250568,0.460032562,0.463259757,0.0835991638437823,0.361216976,0.359343521,0.227899107469703,0.438830168,0.489925734,0.273215680328496,0.351931319,0.456693397,0.2402886191535,0.397145891,0.473012629,0.293548067418731,0.442725746,0.568510745,0.099162866564818,0.299154751,0.308332124,0.244956981752226,0.42745744,0.493020976,0.277847362342033,0.360537404,0.445265604,0.340183057883697,0.477872517,0.567390717,0.253788289706312,0.410941501,0.445819908,0.0442379303697354,0.383230526,0.252420272,0.0728765830679519,0.430801237,0.465719927,0.196204857987441,0.311134851,0.421350202,0.353412804429241,0.420724179,0.562048323,0.0180896299512298,0.438537168,0.436328534,0.0443055802487257,0.42942765,0.44574753,0.0152330027441874,0.455309096,0.483870993,0.0543247067790642,0.434605452,0.419388956,-0.0214441629215247,0.367804964,0.426985829,0.00448054694937338,0.409442498,0.440658018,-0.0843116018376509,0.525630217,0.487474578,-0.0127979836581192,0.417190476,0.399691221,-0.0198349303894624,0.47873119,0.432039444,-0.0103448286641451,0.444475049,0.43898478,0.0509558817186828,0.242048644,0.258308667,0.139255652930821,0.282177653,0.418966964,0.249675873633162,0.415731407,0.525857424,0.255229272127744,0.373535902,0.52244141,0.214931300216464,0.319086404,0.509658922,0.328537542479025,0.373761804,0.549820172
"8",8,"NM1704PAR",4,307,1,8,9.15,4.85,7.1,0.7,6.35,-0.0259783187728737,0.45717085,0.485055678,-0.0324959406791493,0.446666165,0.463810909,0.120441026375437,0.359098965,0.362459045,0.253202698644258,0.426658203,0.498803449,0.275238347969674,0.369537447,0.476668493,0.199774136937487,0.38724978,0.456136643,0.305116696019293,0.44048608,0.582389969,-0.0206985505673614,0.456237617,0.461470031,0.262832628807081,0.411332354,0.515467847,0.292654543595303,0.409580141,0.473754546,0.354409004039633,0.458375857,0.584803478,0.259130145928751,0.402884148,0.449678933,-0.0319529463528187,0.496301006,0.424025989,0.0700508889626813,0.427266034,0.457248848,0.1752556922255,0.293242836,0.413110032,0.319190316693642,0.409950359,0.564572049,-0.000248231491648623,0.433867482,0.431486631,0.0286410272615461,0.422113581,0.438227235,0.00378776958199644,0.464761629,0.456436274,0.0414284883451285,0.40882077,0.406409521,-0.0185493508907586,0.377744446,0.409783625,-0.0685407802639242,0.504957345,0.501505692,-0.14343370109357,0.558989062,0.557072737,-0.075373281318518,0.458592943,0.441227672,-0.078003123420833,0.483811004,0.452498316,-0.0295850971362602,0.455351616,0.446249297,0.0500531544857474,0.252758375,0.301873437,0.134791601256512,0.274349584,0.442718013,0.273166768997108,0.406735458,0.54221557,0.263782949774141,0.370990314,0.534122112,0.228752579231983,0.307059246,0.522832385,0.325449582749371,0.369753296,0.562105538
"9",9,"NUMEX_BILL_MELTON",4,308,2,8,10.5,6.35,7.9,1.1,7.1,-0.0395911609627136,0.456674761,0.48868013,-0.0220376015491439,0.447223406,0.467035751,0.0965078047779912,0.391152625,0.389309961,0.255628220039308,0.418559216,0.505175723,0.27138233247571,0.378323295,0.469655555,0.270354751314621,0.38713743,0.492730233,0.355388961519158,0.445237358,0.590773994,-0.0693419306601412,0.55286171,0.530190793,0.24814675690714,0.394776496,0.50711542,0.25777246887945,0.394056237,0.470046411,0.359812148921834,0.440078596,0.587847789,0.279325285014311,0.392427276,0.472714068,-0.0421976618180871,0.482233883,0.370822113,0.0635962756321391,0.430656904,0.454875762,0.160249196184623,0.310735154,0.399874495,0.340780585910212,0.392591091,0.567160381,-0.0134004804953646,0.43131644,0.431976068,0.0228942172306755,0.426850948,0.444937945,-0.0129536945061998,0.467139233,0.460979722,0.0569879043142193,0.409432182,0.408669573,-0.0397356717667779,0.345594473,0.362749008,-0.0752144178616509,0.488842545,0.47867542,-0.152439218544228,0.554436287,0.554391862,-0.0855987986861881,0.458414985,0.436966234,-0.0722221733428317,0.483815929,0.442885887,-0.0441200307082912,0.452883951,0.440732301,0.0542517851963299,0.257041661,0.323522637,0.139627928729907,0.263987564,0.455634966,0.282444589237699,0.404508127,0.54656488,0.250621881476008,0.338297541,0.531311808,0.220508613396704,0.293066826,0.516821679,0.333213787814477,0.326119095,0.54651765
"10",10,"NUMEX_BILL_MELTON",4,309,2,7,10.8,6.8,7.8,1.05,6.7,-0.037058837741352,0.468775555,0.484602745,-0.0354442421802634,0.449957543,0.465170029,0.086662125231057,0.368613471,0.404688859,0.261090182468802,0.417449406,0.506300131,0.279745844746155,0.392418543,0.489482861,0.215505652113242,0.384048108,0.460070213,0.337570487142151,0.458283802,0.582243249,0.022120557227437,0.269229102,0.26739764,0.280370227761237,0.43476306,0.507347171,0.259853154462439,0.358785992,0.461320304,0.369397157484322,0.480991248,0.585654895,0.306419095260108,0.409491884,0.479354833,0.0267585964794613,0.411788442,0.298827975,0.0711644982301245,0.422162232,0.459940531,0.188619436973903,0.333360846,0.414556963,0.365144660500748,0.408284632,0.569008381,0.0131245618950047,0.428653595,0.444117848,0.0586367575201876,0.411304244,0.429374237,0.0386128544127779,0.463829892,0.484729757,0.0768234553615299,0.408918496,0.4144545,-0.014549904612516,0.409597788,0.427806454,0.00435321330412915,0.32522359,0.373407126,-0.0852102805870596,0.50026636,0.455167726,-0.0128911006066432,0.398195536,0.378880526,-0.00298773048548688,0.502979739,0.389754907,-0.00939080566109019,0.462282389,0.442111128,0.0671306701704093,0.260167041,0.302839489,0.158178025657918,0.290085451,0.441139849,0.290139378504536,0.428365347,0.548162702,0.232662037589573,0.318338274,0.522123253,0.196598117706898,0.27824987,0.51221128,0.320913695084661,0.319678563,0.541541013
"11",11,"NUMEX_BILL_MELTON",3,310,2,6,10,6,6.8,0.7,6.3,-0.043223385791649,0.464363552,0.482727734,-0.0381890213339432,0.449931067,0.456921228,0.0691225624378091,0.362895247,0.424050907,0.255791165247761,0.422332175,0.501390133,0.250194434450316,0.370918795,0.478062849,0.245088023009183,0.371967821,0.473288373,0.335186794696905,0.449886094,0.572183378,0.0200698082846934,0.280679196,0.309121493,0.243240352312346,0.411239653,0.49092586,0.229212747385693,0.325313936,0.43430032,0.329667192700378,0.459422961,0.570346148,0.246257582215809,0.345824871,0.454494023,0.0260052642738791,0.393154162,0.247147552,0.0311963254558704,0.434037887,0.455256957,0.155444152174509,0.325896332,0.37566972,0.356120724708381,0.388882772,0.558145281,0.026979643137612,0.422504977,0.440357567,0.04675845494666,0.411645055,0.435232414,0.0197816395359182,0.467714231,0.476871058,0.065000980753277,0.408534093,0.411027404,-0.00165283067476162,0.430657133,0.426065955,0.00416175359538852,0.314312784,0.380660766,-0.0672008097047179,0.504431861,0.445413027,-0.0117621728912041,0.386416204,0.373379451,0.0144200632929081,0.478946855,0.372181408,-0.0226490920578743,0.465325945,0.431783359,0.0552562519425232,0.242448064,0.291872766,0.152769112336507,0.282590492,0.426553901,0.275427142178512,0.402694712,0.53353396,0.24578527744321,0.304093297,0.528899472,0.193955988772191,0.268534418,0.487317895,0.340519598153022,0.312859595,0.549607263
"12",12,"NUMEX_BILL_MELTON",3,311,2,5,9.95,6.2,7.3,0.95,6.7,-0.0545738615016824,0.477947779,0.481630142,-0.0412088688098534,0.464025731,0.463680835,0.0623736991982485,0.336191384,0.38865787,0.260234916048938,0.411925204,0.507437153,0.219907558225482,0.349352246,0.449814254,0.309427384901426,0.372457247,0.507833394,0.320411661919276,0.424828795,0.571395227,0.0193166955892568,0.27256711,0.282513071,0.238783002573998,0.397321631,0.498490145,0.216781608311078,0.31729641,0.429582668,0.336364692361561,0.433758952,0.573379807,0.240648785835948,0.302171367,0.440515055,0.0300974165088831,0.277917275,0.16975643,0.0330834221544272,0.427904268,0.450118513,0.172160935238308,0.280958659,0.388948223,0.331912601698418,0.358243682,0.564415208,0.0173514188881839,0.408569744,0.417321293,0.0536949232868547,0.413008488,0.438637478,0.0152639298997381,0.484797126,0.466416693,0.0702794489719089,0.393772762,0.404634514,0.0198328245797752,0.416688639,0.421064745,0.0380873191068267,0.216129673,0.250434746,-0.0393599091453788,0.506450204,0.483226253,0.0099237730179425,0.311963469,0.259527556,0.0328912347007153,0.441569908,0.272299883,-0.010280033350458,0.458694295,0.448052358,0.0580247608079654,0.254204402,0.31593219,0.165437827335221,0.302397765,0.445573548,0.300305870236207,0.405285783,0.556786341,0.220287886600734,0.304395542,0.49999137,0.188460671042412,0.265684965,0.478574006,0.315598720204668,0.283521666,0.534089191
"13",13,"NUMEX_BILL_MELTON",2,312,2,4,9.15,5.75,7.25,0.55,6.35,-0.0473347846712175,0.484216504,0.479784251,-0.028929191171701,0.471337613,0.469405413,0.0551233516626128,0.308937004,0.387974989,0.236521167397718,0.398113848,0.494258547,0.224219710535965,0.340971431,0.455759911,0.319904902564597,0.393046607,0.517768312,0.324745008450068,0.435008287,0.553478907,0.0345416528442252,0.316765012,0.273210825,0.233977553686753,0.411841456,0.486807631,0.218624153351318,0.299764684,0.426650109,0.32638244132184,0.461912628,0.55614126,0.257322204289737,0.370375285,0.449553191,0.0501129376928102,0.263769525,0.191448731,0.0439884932356611,0.413932073,0.43645347,0.184586373311719,0.285351098,0.406616949,0.3518785031744,0.378839705,0.5674139,0.0347485361591293,0.416769239,0.423697683,0.0654114484741555,0.415254544,0.438340755,0.0421635888181581,0.468684577,0.469597009,0.0839916644027435,0.40512563,0.406119818,0.0361986811361231,0.371556151,0.400700892,0.0682808130022784,0.314062603,0.288719631,0.0101846574259753,0.493208315,0.44004069,0.00794953545229684,0.379335229,0.344112047,0.0481464319770617,0.424020558,0.324818741,0.0382280744171799,0.445679847,0.442380988,0.0919497797559141,0.257927905,0.316952064,0.19266364802533,0.307361681,0.461380339,0.329153076705729,0.418242004,0.564306338,0.203809940185667,0.304913507,0.518566041,0.201160276404612,0.257064612,0.489445564,0.334416652128114,0.293030412,0.539087874
"14",14,"NUMEX_BILL_MELTON",2,313,2,3,8.65,6.75,7.35,0.8,6.95,-0.038009475438274,0.476923141,0.479934235,-0.0151200820631229,0.45540646,0.459781062,0.058694154722563,0.333940477,0.397688219,0.219307823447054,0.393363941,0.480884567,0.229944687290406,0.327048162,0.456746183,0.350230094453617,0.422189966,0.543103028,0.298188419603928,0.441078064,0.545057378,0.0304422183097434,0.391031655,0.319294032,0.239860997954959,0.417901328,0.484373774,0.241581965146436,0.315702697,0.460038079,0.33983755788084,0.462119886,0.556427844,0.307321001476706,0.374603193,0.476689526,0.0741790198838516,0.223339145,0.217121376,0.0846990890316,0.410684126,0.4476246,0.205086288684025,0.295249728,0.429741178,0.329199382807704,0.333440245,0.548262364,0.0443354037149183,0.413239012,0.429439878,0.0582819834472168,0.409007496,0.427509159,0.0464023497662048,0.46290308,0.434014112,0.083256619969294,0.405375677,0.411606056,0.0382812964132474,0.367499953,0.407336648,0.0713207831018592,0.305566616,0.271158572,0.0229211385659411,0.492577839,0.428174639,0.00445669408632802,0.374330107,0.345735455,0.0331265639899286,0.435768504,0.388096431,0.0699837909432156,0.466169587,0.451839471,0.135948894914623,0.285271845,0.316653111,0.245208147906598,0.313785573,0.508555161,0.363119683508002,0.428772029,0.588170874,0.252754678896598,0.302950809,0.575349597,0.213177557101186,0.258854456,0.516100908,0.339144169419897,0.282664982,0.551783711
"15",15,"NUMEX_BILL_MELTON",1,314,2,2,10.3,6.7,8.1,0.95,7.45,-0.0345909668646313,0.478032028,0.465044214,-0.0185877243725612,0.450116009,0.456054695,0.0836090688235315,0.326221918,0.408050001,0.2655923232984,0.419735292,0.509674832,0.296612509307728,0.367535219,0.510215368,0.346493402011932,0.432446005,0.528836146,0.360197089292788,0.449509475,0.571339541,0.0556344650964742,0.429785307,0.347229164,0.2690551719937,0.418178105,0.496637787,0.267529946346308,0.410952422,0.47890762,0.352169853368873,0.476386681,0.552001386,0.307348691587706,0.408727967,0.481864846,0.0622045210883084,0.280293538,0.221618643,0.071780031530387,0.420824936,0.441464729,0.23251607654369,0.318677298,0.465112386,0.369050192797643,0.404390726,0.581774604,0.0414423617228203,0.4178685,0.427892641,0.0710634259814796,0.405470103,0.424789598,0.0810172257035371,0.470499884,0.434303263,0.089013807484326,0.412122555,0.416527349,0.0297172605666813,0.368819619,0.41428207,0.0559536085356851,0.296448995,0.275320838,-0.0249884994606323,0.5082528,0.493630379,-0.00633928317438539,0.396695639,0.369537454,0.034391534342213,0.424353208,0.398260834,0.0591396844324733,0.467730522,0.44811938,0.149568351921252,0.285601011,0.326887058,0.257522834484124,0.325068856,0.522306973,0.352371620852355,0.441429811,0.578777269,0.251892342131313,0.286624417,0.578872807,0.233669415057463,0.272531021,0.529045887,0.360317327094328,0.314154975,0.574136437
"16",16,"NUMEX_BILL_MELTON",1,315,2,1,8,3.85,6.1,0.2,6,-0.102671699375721,0.496774248,0.447112509,-0.0772711103345296,0.473187014,0.448787512,0.115980984940153,0.398504881,0.449266199,0.299025234917443,0.453580227,0.551275478,0.337846781017825,0.403156982,0.550026986,0.377507666475931,0.462967284,0.575914457,0.334731968018344,0.469239705,0.566765576,0.0481080095396541,0.397715553,0.366594841,0.179863191416331,0.417791739,0.492155549,0.220165221289811,0.385038485,0.393213322,0.247705176562062,0.432483702,0.513789033,0.145331961941219,0.402926052,0.412741802,-0.018948545630123,0.498617175,0.295624146,-0.0256257364173438,0.452778299,0.456638739,0.16390804274893,0.321753091,0.36822344,0.320397120685659,0.383534028,0.527385114,0.0227036241450059,0.430633159,0.440707859,-0.0360607097111006,0.434495508,0.435360437,-0.0357148996362369,0.459205482,0.457143251,0.00378785743291652,0.435103006,0.426359857,-0.0046079810338075,0.420559187,0.425964657,-0.0417735242230952,0.441922406,0.412226208,-0.108521673259484,0.545750245,0.514697447,-0.0463591976837805,0.428048867,0.404394047,-0.0344107799231108,0.442079484,0.417037734,-0.0230612979937439,0.447557507,0.428979158,0.0742066818921708,0.231168564,0.224583334,0.109855028679542,0.347144083,0.419104105,0.141024321870301,0.426932136,0.484472394,0.207880627721396,0.319784588,0.44296134,0.179471868725407,0.272314875,0.445452172,0.3037325169907,0.349086676,0.525232076
"17",17,"NM1703PAR",1,316,3,1,8.75,4.05,6.1,0.4,6,-0.121189333394684,0.494968061,0.438709699,-0.0903715177701982,0.47888554,0.461229854,0.0946747722304935,0.418975572,0.507979307,0.311888242715658,0.463840416,0.548223345,0.270588825955201,0.428102523,0.535301129,0.37977325375655,0.456390308,0.570204739,0.371060835883829,0.471611158,0.572304156,0.0440836498505295,0.387447179,0.356314599,0.217658937832143,0.409634659,0.494468183,0.197747331639993,0.398788338,0.408406378,0.226391342233996,0.426709316,0.499008834,0.142292437541704,0.427918602,0.42207459,-0.0432800112950594,0.498544082,0.370956618,-0.0151537417225252,0.450709144,0.461657546,0.0970782000256638,0.366785647,0.367093517,0.301978002398266,0.368444311,0.519785608,0.0264023848125564,0.426120092,0.447015635,-0.02429553870237,0.429761718,0.434274814,-0.051829565047379,0.475297151,0.457885686,0.0139079139639279,0.433620645,0.428025052,-0.0267812634115277,0.463278281,0.44145098,-0.0513343934369731,0.462312039,0.423531014,-0.119187094778059,0.554058283,0.54236218,-0.0632981350160478,0.44351238,0.417258778,-0.0602857665274327,0.431825505,0.423650061,-0.0375084779058122,0.449535905,0.426416538,0.012979919423706,0.32457052,0.361147477,0.0450719944225721,0.357694743,0.438943313,0.118603409713851,0.438825187,0.481551139,0.174995594905985,0.318026731,0.423360081,0.157872566053776,0.27614362,0.437508679,0.295510706860383,0.358967494,0.541058099
"18",18,"AFX_779",1,317,3,2,10.25,6.75,8.95,1.1,8.05,-0.0548344293050244,0.46909366,0.467537736,-0.0305430618642706,0.447656463,0.458782743,0.0624707449497055,0.338103239,0.499093532,0.267041344534819,0.424110428,0.516861915,0.2431094356479,0.409306262,0.503977383,0.34184172314895,0.44752668,0.547579062,0.373557461279434,0.451679982,0.577462537,0.0919774098845759,0.410506773,0.345062932,0.28065889140846,0.410635224,0.506713467,0.258869249668997,0.419690811,0.478313262,0.369533108549974,0.446999168,0.561832769,0.30728583755436,0.406427332,0.502908389,0.0726103148028039,0.257332151,0.223534752,0.116782324131177,0.415329103,0.455557764,0.217204192392046,0.313358349,0.434361366,0.353932544250447,0.388206959,0.573443561,0.0546728321242078,0.422109091,0.436242221,0.132348394920246,0.387175577,0.425297394,0.0895882520402443,0.489219626,0.442291206,0.117456879455903,0.401386342,0.405269689,0.0201047700255942,0.404316931,0.423341817,0.0548538261993002,0.277043942,0.309775767,-0.00083925261309719,0.508413966,0.453143229,0.0279238139549981,0.285065576,0.222904855,0.00787545802263615,0.409972621,0.405415097,-0.0116051974801728,0.447268805,0.429351942,0.12232806820557,0.282065459,0.321960506,0.242851911795276,0.346969368,0.508381971,0.3761415017927,0.449647923,0.602735426,0.268532369312406,0.375167698,0.552117341,0.25686243715165,0.328887794,0.528315429,0.381580039579134,0.354765991,0.60066277
"19",19,"NM1703PAR",2,318,3,3,8.95,6.8,8.05,1.1,7.9,-0.0466414740359964,0.470923938,0.481103408,-0.00907932766287828,0.439511868,0.463944539,0.0460563007543532,0.352748823,0.479080101,0.252823939149333,0.419797366,0.507523006,0.190290770373328,0.394766112,0.467307094,0.348737471167407,0.427749463,0.542749952,0.331814981804841,0.451364278,0.567171222,-0.00219651737213691,0.489803238,0.412398464,0.255119789949589,0.413070394,0.491755849,0.219224773463164,0.321090026,0.458798625,0.355367657654566,0.46752663,0.565248151,0.317465169485497,0.405686507,0.507534438,0.0811203510367909,0.197902355,0.223756036,0.121340851257005,0.407340803,0.45036355,0.179696453575889,0.293876311,0.393982484,0.309558745759665,0.328211124,0.542674514,0.0461263887205199,0.413044947,0.44386908,0.0915974337472314,0.403066167,0.427511913,0.0479472610884834,0.460831984,0.455193498,0.108275444832669,0.402352205,0.410699702,0.0242168911374779,0.399505279,0.41874227,0.0679652406553265,0.303940258,0.365656362,0.0491589738051315,0.475538526,0.238743899,0.0578182634626236,0.150025739,0.221028275,0.0257453402216295,0.391696738,0.377825817,-0.00595102318653588,0.445911595,0.425651191,0.106389084997806,0.275567911,0.339998936,0.214624423856901,0.319918033,0.468127919,0.372659418365805,0.443917549,0.605893812,0.257521177773789,0.34016713,0.524930976,0.226427905426102,0.306313124,0.515220276,0.354026220051092,0.331668614,0.592901768
"20",20,"SW_9720",2,319,3,4,8.8,6.5,7.95,1.35,7.25,-0.0527314662505951,0.480741365,0.476064003,-0.0101005875081991,0.456039831,0.46914099,0.0221344349594699,0.338638007,0.478785112,0.240247223453091,0.414086447,0.49770531,0.171381950012053,0.391012531,0.439258088,0.242367205141866,0.387406587,0.485050747,0.322920434427396,0.430404097,0.550311288,0.0681326917952247,0.421295654,0.35373681,0.252154358147379,0.417679898,0.492872946,0.198315724716852,0.295446575,0.427615466,0.335859110194175,0.440893824,0.555943572,0.277167307102807,0.388188551,0.478505157,0.0664562821439724,0.237826734,0.232851911,0.0989254312290438,0.407626184,0.45312441,0.158956030792749,0.301363536,0.367817386,0.311920993526252,0.323334779,0.529452916,0.0380096842335676,0.417682913,0.439547792,0.10129181693445,0.390180591,0.426154976,0.05657850034744,0.467818632,0.473599538,0.11363777167924,0.394780552,0.402117014,0.0283882704678151,0.405861237,0.4083454,0.0670339017049947,0.307129451,0.372462889,0.0502447722450925,0.451968823,0.228823668,0.0572267412842183,0.134029756,0.217489244,0.0551098587075323,0.240050035,0.233632391,-0.021782991628918,0.473459142,0.427286986,0.0806342744766745,0.257078324,0.364402694,0.183858253192259,0.303990997,0.43675555,0.33204711314638,0.421110253,0.571807335,0.203887722057036,0.298205173,0.464171002,0.201324142718956,0.274600951,0.476363024,0.323254742425479,0.290393756,0.543417271
"21",21,"SW_1011",3,320,3,5,9.7,6.4,8.15,1.25,6.8,-0.0562492693882939,0.478397941,0.47905889,-0.0101746864303703,0.462920315,0.468515275,0.0407279265319777,0.343880567,0.466261079,0.266415009999709,0.410943052,0.516606673,0.18833406107563,0.389134072,0.449337545,0.333694735057036,0.403570165,0.548401912,0.32401076477556,0.417625794,0.57968493,0.0309979629179885,0.398141349,0.372640318,0.276603564711047,0.399288456,0.514001368,0.193648939503447,0.295353672,0.431329598,0.352104692419104,0.421739123,0.570735474,0.259720151801529,0.355922867,0.459401248,0.0440058161125374,0.267371219,0.223613619,0.0890073041094296,0.409866947,0.450823607,0.154614262792326,0.306581465,0.381563263,0.311337559802425,0.324344459,0.532880117,0.0303411851329729,0.412408849,0.428777476,0.101224273772538,0.405360143,0.439974725,0.0230332550037115,0.475655151,0.466298436,0.102749635712763,0.399271604,0.40535169,0.0310867579233745,0.409423643,0.413657428,0.058842669290873,0.266261851,0.322009098,-0.00847871270459064,0.503832326,0.45122866,0.0565439144981888,0.133718166,0.2167252,0.0588044619182708,0.465068209,0.201497188,-0.00966605709746463,0.453098246,0.4417434,0.0756560233000454,0.268487713,0.418290309,0.166824259655499,0.311172274,0.430382048,0.301373202703702,0.39672462,0.549905021,0.21403846041478,0.318801123,0.46048476,0.186706181685985,0.268195654,0.447504301,0.303488410804145,0.263942837,0.517224846
"22",22,"NM1715PAR",3,321,3,6,8.35,5.3,6.45,0.45,5.65,-0.115979783445487,0.491917878,0.496862326,-0.0612255615885545,0.46634221,0.461531685,0.0254497079832801,0.381403472,0.487434116,0.225011059039166,0.419972798,0.500678564,0.19627918263379,0.395492593,0.459542458,0.21345212628459,0.38875978,0.474358071,0.355973557613392,0.435403888,0.56247276,0.0296933392537585,0.389625952,0.363638171,0.194906613644634,0.414424872,0.478333418,0.197796727035324,0.329346369,0.414747547,0.328151020679854,0.431345679,0.541683123,0.239536833955146,0.371454426,0.444580102,0.0252407248886951,0.309828908,0.188657397,0.0505058585340636,0.427442973,0.444955277,0.128697998462094,0.327226943,0.36767465,0.331459181042073,0.382145585,0.567744732,0.0357455732280657,0.440227757,0.451575859,0.0306169807327408,0.438593001,0.447051675,-0.02235528656554,0.451927494,0.481826204,0.0585020127812123,0.41701593,0.410838139,0.0217418061684644,0.413434389,0.423631976,0.0203927265532461,0.231519294,0.292011799,-0.0368266089504105,0.49180595,0.448188969,0.0178811193961046,0.331887413,0.247690669,0.0343577343942993,0.484581881,0.232360541,-0.0370422800456554,0.468950863,0.432799569,0.0130322751456779,0.258818666,0.318702144,0.11359168248176,0.27743286,0.408581292,0.263580605030963,0.398945195,0.523147533,0.219547846522686,0.347600137,0.475415328,0.189767502701718,0.294407678,0.471118704,0.341828102789889,0.343662284,0.558077886
"23",23,"AMERISTAND_803T",4,322,3,7,10.65,6.45,8.55,1.15,7.1,-0.0381507328707003,0.458427026,0.474019357,-0.0130604586243321,0.448726075,0.471235478,0.0667935106015065,0.399890463,0.475790627,0.271235132468536,0.423893522,0.519134201,0.236597897529904,0.408659532,0.447337225,0.246149273004091,0.388564743,0.486170079,0.368676295300717,0.440696189,0.580285015,0.0397375798454963,0.387203302,0.351526772,0.308514942739913,0.423779553,0.519395983,0.252445248913461,0.351834727,0.459702047,0.381531587045571,0.452904878,0.576115408,0.305355296370487,0.414250977,0.489560646,0.0332372268393193,0.328889944,0.22022329,0.110532442362299,0.410632372,0.451673307,0.17818790479044,0.321523204,0.389895101,0.37181668417955,0.396542761,0.567561025,0.0325957487542041,0.424345098,0.44177153,0.106746034513681,0.39961917,0.428724709,0.0502060111151248,0.482893073,0.488482904,0.105060623897246,0.403238973,0.411957657,0.00638974727546237,0.410331448,0.428869344,0.0212987277735305,0.220385226,0.275588846,-0.0343949435947703,0.500045849,0.426075712,0.0322019342170038,0.279269006,0.19317687,0.039840717482771,0.492562756,0.227936626,-0.0255275907908077,0.471494701,0.434848004,0.0733860544191129,0.386375195,0.444737055,0.176394941982589,0.316301213,0.439964332,0.320505481874576,0.42815864,0.555042646,0.246226343059195,0.346088304,0.499762557,0.206918701986769,0.287959115,0.487429844,0.342642631289618,0.307331556,0.547332754
"24",24,"NUMEX_BILL_MELTON",4,323,3,8,9.35,5.2,6.5,0.55,6.15,-0.0697461535380729,0.461990311,0.490737297,-0.0125028424885035,0.440702201,0.479884243,0.0425609848141474,0.373017782,0.43002289,0.239694525742211,0.421677827,0.504701236,0.219047173525453,0.389682843,0.431244651,0.266419257856936,0.395430854,0.510729318,0.353672826778305,0.419026864,0.573819439,-0.0576861248202694,0.534680108,0.500843637,0.220457865442801,0.385057769,0.489675905,0.218708091429121,0.359418612,0.437552353,0.340441705614353,0.423096104,0.553507146,0.239742839337138,0.376979931,0.450831858,-0.0316839483242435,0.394039254,0.253496796,0.0279610765698575,0.436435825,0.448196821,0.118058827891056,0.340794798,0.367375566,0.335379636364385,0.394899143,0.565644753,-0.00259927310003171,0.432919709,0.44077218,0.0302049280953223,0.441054753,0.461785853,-0.0514149113889803,0.478111098,0.475585329,0.0547630549105641,0.418716459,0.40886524,-0.0336930994339916,0.287468514,0.313270362,-0.057871905531998,0.48034849,0.451736743,-0.0963519452008322,0.519089612,0.515901625,-0.0671056877186123,0.458201284,0.422454705,-0.0495935748838554,0.51523067,0.420249476,-0.057827628546131,0.472297073,0.441315545,0.0358043669295533,0.394335841,0.406450809,0.122654995681594,0.282469927,0.40940389,0.24843861513421,0.373747845,0.512844706,0.217903154756387,0.316329359,0.475168156,0.189420438840253,0.268960918,0.473435015,0.316092442353358,0.310797128,0.533987039
"25",25,"AFX_779",4,324,4,8,9.7,4.9,7.25,0.7,7.45,-0.0835681791841519,0.473139261,0.495245808,-0.00667065034112665,0.437252196,0.477970778,0.0319436812362971,0.365741618,0.464934601,0.252086003245849,0.43713795,0.52486886,0.210266598259155,0.437184203,0.477220929,0.183482908876762,0.378859799,0.458995608,0.371795251081675,0.429223223,0.602845978,-0.0465402190817023,0.51798812,0.413541206,0.241641684889786,0.392866697,0.496515808,0.210703639571298,0.349644762,0.422753902,0.350582587998483,0.43089226,0.555018822,0.234581591024763,0.409284825,0.45559615,-0.017206554578435,0.369543746,0.198959184,0.0524856576678584,0.435505533,0.451856115,0.120372136914972,0.351674024,0.375296693,0.357003341941892,0.404567406,0.565459951,0.0076565404991475,0.429377979,0.422397989,0.0403875073163262,0.417003221,0.444260189,-0.0424626537141926,0.456187088,0.461451303,0.0402635650001827,0.428373064,0.41603447,-0.038251580817577,0.346698695,0.36097313,-0.0540270733743929,0.458270488,0.434552237,-0.0287184201743946,0.461237841,0.380666059,-0.0510577466441116,0.442126011,0.378932235,-0.0446289596984328,0.48637359,0.412025731,-0.045741519676915,0.456782333,0.448761119,0.0667303010870746,0.288272691,0.407577608,0.160318556342839,0.288434424,0.43018883,0.298086036788331,0.390442693,0.536943689,0.248465691071865,0.385854903,0.462826126,0.243162589898828,0.329997507,0.480935397,0.360941095719017,0.344376194,0.565949537
"26",26,"NM1702PAR",4,325,4,7,9.45,5.65,7.4,0.8,6.95,-0.0645153753146644,0.454218308,0.491333208,-0.0127689608231255,0.441785234,0.472928233,0.0164433990024638,0.384906889,0.499655728,0.225399195571171,0.43073301,0.506641693,0.170564421847807,0.413136623,0.450178045,0.240903541872645,0.370828326,0.478193197,0.334733027422398,0.423892462,0.586721545,0.015216983417925,0.434035289,0.36305891,0.254164620141555,0.399723963,0.499037904,0.186523486779298,0.303555219,0.412605506,0.354911618034245,0.450262262,0.562400965,0.280278330683214,0.407624296,0.484231153,0.0366360553200984,0.252663783,0.23531013,0.0945164778943593,0.395006047,0.440336134,0.120868644712098,0.342310004,0.415176334,0.3071698948616,0.334555441,0.537829902,0.0259359610753382,0.427216624,0.432233886,0.0882927491795085,0.390545148,0.416272425,0.0175990515801251,0.439629551,0.465216663,0.0905339592141443,0.408964242,0.407730567,0.0164286739069814,0.397633093,0.417388786,0.0227634279453106,0.220721538,0.287748954,0.0448264365283372,0.328470175,0.209035804,0.0684222567347531,0.158864366,0.256885666,0.0426779951849241,0.475268109,0.194546058,-0.0374892769619703,0.462548853,0.442728504,0.043803925308543,0.257183405,0.49892407,0.137384689935248,0.28550145,0.437398337,0.30976187351898,0.416805589,0.539516979,0.217476988192885,0.336692339,0.450993787,0.196857815967492,0.285066352,0.438894424,0.330783353272337,0.314433117,0.550508086
"27",27,"NUMEX_BILL_MELTON",3,326,4,6,10.3,6.45,7.2,0.75,6.7,-0.0653370727824285,0.452242005,0.490056496,-0.0103279445766325,0.435574568,0.473128358,0.0292842721396898,0.363678287,0.472530704,0.2611892807564,0.41770086,0.509355635,0.174214373262287,0.374068738,0.444447387,0.290673394576623,0.37485799,0.499025229,0.347841892568761,0.447957595,0.60380414,-0.0203931432656858,0.469658903,0.415030043,0.229581190273667,0.396860381,0.485060208,0.169324794027675,0.319566359,0.416734417,0.344102955470184,0.417883735,0.559063283,0.284405552748557,0.381727418,0.481228023,0.0257274677273533,0.243941085,0.184450868,0.0590638448222026,0.419215666,0.445010329,0.109048836818774,0.322019813,0.381147981,0.284686338338091,0.33370295,0.538427888,0.025600224876561,0.42457917,0.433889076,0.069428999056132,0.398380269,0.426227975,0.0158050483522693,0.458323989,0.461315934,0.089219524660605,0.401808115,0.405160026,0.0238634633471043,0.393403348,0.413868127,0.0154198574507281,0.236910778,0.291369865,0.00785685986541889,0.48190201,0.344960637,0.0332858606593531,0.242417121,0.181326048,0.0323999867860376,0.463065347,0.181643397,-0.0386670164320557,0.45639953,0.44605287,0.0206983578501517,0.253535261,0.43523484,0.133830344625842,0.293603799,0.411337644,0.304800498446817,0.400465628,0.542150935,0.199382750601672,0.325425878,0.422638024,0.175818783669571,0.269007609,0.408549206,0.299091168440958,0.279994196,0.520414211
"28",28,"AFX_149092",3,327,4,5,9.75,6,8.3,0.85,7.8,-0.0717712841965082,0.484109958,0.494380757,-0.00639788743159678,0.459285816,0.47669894,0.0320737012824588,0.35975371,0.488526479,0.293964264937772,0.436127869,0.528962986,0.202282813984968,0.398452245,0.452545281,0.278904537193782,0.361650906,0.506114033,0.330498263432656,0.458861253,0.606903909,0.0645902993692282,0.447052554,0.374426694,0.324533398446936,0.428805834,0.533536561,0.188166504185561,0.318508974,0.428355305,0.383454594289042,0.443644583,0.594073961,0.308368138102083,0.422507524,0.497335916,0.0518067746212845,0.214082005,0.247321995,0.125863101258968,0.41063307,0.45839437,0.158350408579692,0.31028807,0.402190672,0.296708225547246,0.340218691,0.545200685,0.048019259689996,0.410734912,0.424044818,0.121198963392321,0.376506925,0.416655448,0.0330882530218532,0.451060959,0.44854586,0.10983032952029,0.408026514,0.402761679,0.0353506730525352,0.407521181,0.414425079,0.0572841079922617,0.254633953,0.285912559,0.0370233556083026,0.421025785,0.323240623,0.0858873260722108,0.185246916,0.279861115,0.065474556030015,0.445975316,0.202101336,-0.0236128370352956,0.448528773,0.434936533,0.0712724747349693,0.282525544,0.490625493,0.173917759786509,0.326639897,0.445555716,0.345407831649064,0.432772115,0.577242018,0.238684647004071,0.390093505,0.461526259,0.227781522800392,0.331032612,0.447429771,0.334644540621614,0.327458894,0.551165273
"29",29,"AFX_149092",2,328,4,4,9.45,6.7,8.65,1.25,8.1,-0.0633420992513093,0.479016043,0.488306008,-0.010298789735713,0.461821377,0.469267277,0.02239727750703,0.33859359,0.481562115,0.267062591586133,0.424987452,0.518016449,0.187852241813845,0.393076205,0.455399707,0.27863913545005,0.366238034,0.495100329,0.325795820771895,0.453218616,0.582062979,0.0835806044363532,0.495775666,0.422397996,0.291493024281369,0.410465585,0.511141699,0.187218298142511,0.295098945,0.419896599,0.366659555469568,0.443814763,0.580367145,0.330484143839315,0.412729887,0.519964305,0.086259620051838,0.196284899,0.254104912,0.153137473777399,0.40222092,0.458300133,0.175634067367828,0.283328183,0.409911342,0.29555228952667,0.321431609,0.536227544,0.0633079444611419,0.405838146,0.421372855,0.153150354075227,0.36296215,0.41246738,0.067727563306279,0.450492264,0.44148357,0.127549162989138,0.392352941,0.398009234,0.035940240421363,0.397310392,0.403690297,0.0622594106580504,0.273894939,0.32534444,0.0901566342629457,0.231915987,0.233213054,0.0920764307322539,0.203815392,0.310080873,0.0621764780049617,0.173518809,0.214156529,-0.00209717280686025,0.455264605,0.433000832,0.0929546090777398,0.275413963,0.497331893,0.191462050450124,0.322672618,0.443984894,0.369660582140411,0.425165778,0.590897914,0.237473599500755,0.358477178,0.449919758,0.219958380264212,0.30716301,0.439931894,0.317341313040909,0.284789526,0.542500191
"30",30,"NUMEX_BILL_MELTON",2,329,4,3,8.75,6.05,7.35,0.7,6.6,-0.0830640169321376,0.471781902,0.495753382,-0.0285525470516547,0.450408873,0.46600672,0.0180186763135192,0.343265992,0.48439663,0.234200802079112,0.419639993,0.501600252,0.174838993327496,0.391073278,0.443715478,0.350360871049975,0.416825853,0.551080243,0.301698413762555,0.454230084,0.581201775,0.0163247950686913,0.472646101,0.396851676,0.197471156103314,0.385078279,0.472039824,0.165838574221156,0.28942927,0.389166148,0.336456335464441,0.436059448,0.560036662,0.265808739179953,0.370504504,0.467595149,0.0569626359565737,0.129110352,0.214451612,0.0416250542877676,0.42678552,0.450376206,0.139604358457219,0.289466684,0.387007362,0.264231477726374,0.297455133,0.538984722,0.0296643253130584,0.427161636,0.438873383,0.058217291608718,0.408114371,0.426476843,0.000966249599566535,0.447972689,0.460509259,0.0741388521278823,0.412759997,0.407277894,0.0247179593520519,0.409014022,0.413858071,0.0611978107990856,0.273725009,0.335410094,0.0842407015284369,0.253092815,0.212737258,0.0871247796277311,0.20515717,0.324722701,0.00547690044072331,0.350814882,0.334397137,-0.0398383093245264,0.468845685,0.436447009,0.0503539884856466,0.258473166,0.479425835,0.161824863904285,0.290603876,0.410741398,0.308596555686727,0.401080882,0.540129614,0.203387924939447,0.301168864,0.431886165,0.19704257410816,0.270664453,0.420571462,0.273892044660914,0.230616018,0.504566969
"31",31,"NM1704PAR",1,330,4,2,9.5,6,7.9,0.9,8.1,-0.0710836297729928,0.472630594,0.468646674,-0.0361013297167105,0.452406767,0.462649817,0.038131293925154,0.345190057,0.482057775,0.260722049714399,0.434068997,0.51719746,0.194226239723996,0.399056601,0.457906956,0.370195010606533,0.428013742,0.561914573,0.318975896452597,0.465782437,0.588379304,0.0506838488021625,0.442012851,0.403393167,0.25268724638225,0.401723591,0.496909546,0.200679633146106,0.306879049,0.436697499,0.3522335311217,0.449799749,0.571408221,0.282149901234757,0.391382323,0.48227259,0.0687338324036296,0.175646224,0.215367342,0.0791906453398825,0.419258456,0.45538083,0.168118717593228,0.279166713,0.401944398,0.286475471570777,0.322866549,0.548726176,0.0468541617973834,0.415487984,0.42510005,0.100549164444061,0.383328241,0.412487751,0.0439448259710391,0.459168449,0.435554925,0.102915904258518,0.404466946,0.404780561,0.0304246527929931,0.401523006,0.407616334,0.0548675594075616,0.252916138,0.295415623,0.0316673510362304,0.441578063,0.348219372,0.0562223575377022,0.21753701,0.247408703,0.000795878465438163,0.398268673,0.372476349,-0.0131428370390128,0.464028101,0.431008464,0.0879951247825236,0.264725322,0.39596284,0.226669016420833,0.322065473,0.496969524,0.370604374565386,0.452505897,0.607400277,0.241810189436954,0.342088682,0.5033333,0.220984814299917,0.31001804,0.468703922,0.309776342442651,0.262695271,0.549082185
"32",32,"TMA_990",1,331,4,1,8.45,4.55,6.8,0.75,6.75,-0.109233036823649,0.500491811,0.433935535,-0.080961141228441,0.499019733,0.455740905,0.104910688655519,0.367768142,0.478770247,0.327979958869297,0.456489255,0.548493736,0.232220946414142,0.369378933,0.489048163,0.356318749362052,0.453173592,0.572643233,0.330504743559626,0.452914816,0.564435787,0.0448439159508805,0.400596098,0.377324077,0.229107846927603,0.385671018,0.493630688,0.189103280738131,0.369048844,0.418695758,0.276467212326152,0.4144624,0.52294781,0.189166431019282,0.395510285,0.422442565,-0.0169635592577471,0.486202359,0.231267055,0.000400670723860172,0.441204789,0.454215491,0.10954832703396,0.321558656,0.366984447,0.275536742618011,0.350430569,0.503308695,0.0242133441228679,0.413785018,0.425339769,0.0251376266526772,0.402610077,0.413402432,-0.0480951600576376,0.474794841,0.43810233,0.0465382784799943,0.419475311,0.41226773,-0.0211414352658799,0.45710761,0.434793028,-0.0495439654833645,0.446992966,0.412300463,-0.110960971353554,0.557203734,0.550061628,-0.0581528534275718,0.453136739,0.392650037,-0.062414929034485,0.440220942,0.413573304,-0.0224280271882043,0.460004709,0.431604185,0.0547398861569967,0.271949007,0.345176844,0.198881775814446,0.299016365,0.471672198,0.256245188222032,0.407092407,0.525478419,0.219196716429849,0.313241067,0.484620443,0.172714106241575,0.231865174,0.413866349,0.247261838401097,0.219896752,0.458896256
"33",33,"NUMEX_BILL_MELTON",1,332,5,1,9.7,4.95,7.1,0.25,7.15,-0.0941554005054755,0.494725745,0.455963161,-0.0641017160091532,0.475818008,0.458864633,0.066371102873773,0.346836122,0.478384656,0.299992463720346,0.454831595,0.542333026,0.204629482502053,0.370884616,0.475556698,0.325263664169866,0.418914969,0.550562752,0.344276051009466,0.445220983,0.580663927,0.042198629514689,0.41053776,0.379830807,0.212768423535596,0.395696746,0.494202091,0.182877160906187,0.33120255,0.410497161,0.297805079244543,0.42414456,0.547379664,0.236195714543383,0.392396951,0.449403498,-0.00337124144557254,0.40156939,0.192245937,-0.023042389207171,0.460585457,0.465506552,0.115272125673024,0.307459807,0.356969103,0.288687968551973,0.347966738,0.525398811,0.0102403200209893,0.427249707,0.419744945,0.0108470528081837,0.417721122,0.428088161,-0.0452024752567484,0.464760841,0.448282886,0.0509096060199649,0.426086611,0.422282295,0.0102729070820685,0.429742472,0.420894363,-0.0465650387690048,0.485192864,0.467126166,-0.109962556943927,0.566958432,0.574047941,-0.0494376364388379,0.449057108,0.399583727,-0.0580994710472789,0.450732103,0.435464981,-0.0420000846171577,0.452291354,0.428548195,0.012563925468215,0.242914813,0.378723156,0.176116084436807,0.28129997,0.426430879,0.266786383196945,0.420272133,0.533181188,0.224910009644389,0.332946985,0.477014762,0.207105763917567,0.287329049,0.433582012,0.283796927655145,0.240610377,0.501386946
"34",34,"NUMEX_BILL_MELTON",1,333,5,2,10.75,6.55,8.65,0.95,8,-0.0675949254621841,0.480625679,0.476834662,-0.0289308037473235,0.44618618,0.460118033,0.0286613589258094,0.337242338,0.484900607,0.270900344339298,0.429191042,0.51387286,0.194942567725809,0.368405482,0.444770387,0.292574456345574,0.412119138,0.527497533,0.339284359497136,0.441034465,0.583039312,0.0301039722456206,0.485008792,0.420778273,0.257030951623845,0.407491664,0.50311635,0.184219810504266,0.296967496,0.430712169,0.34112647527976,0.455136697,0.569970637,0.306426792682799,0.399333494,0.487022398,0.0696289640399191,0.174912473,0.228022534,0.0436920286497625,0.429347589,0.458535577,0.151568210922069,0.276068131,0.394250267,0.277049445460819,0.330865886,0.530245319,0.0449923700246203,0.418691519,0.433576314,0.0750965415956848,0.403221267,0.427450783,0.0360706690799568,0.445266658,0.45067546,0.102003495947071,0.416266317,0.414022494,0.037646849944904,0.385427816,0.387507216,0.0480494508196945,0.23297369,0.273920056,0.0175633590885988,0.464355367,0.37390047,0.059949078899486,0.199033791,0.225267394,0.00209898365148122,0.400872773,0.378404726,-0.0241135417711888,0.458526179,0.435131252,0.0691010157210002,0.273257052,0.452919987,0.214044685654697,0.311548913,0.478254104,0.346165725653445,0.429378444,0.569877579,0.231995920235712,0.341366307,0.475237398,0.221578575410203,0.308013908,0.438520096,0.282828177085608,0.217263856,0.50989081
"35",35,"NUMEX_BILL_MELTON",2,334,5,3,10.05,6.2,7.45,0.8,7,-0.0586449457291867,0.459485876,0.486009437,-0.0112029115356559,0.447465003,0.459395383,0.0192761780876968,0.34656396,0.476660199,0.256407744260754,0.426312514,0.506906807,0.178581454954553,0.375354294,0.445439245,0.234691400994801,0.38675161,0.48291257,0.311762330728307,0.450958747,0.58344979,0.0193429180853039,0.468122343,0.387918617,0.229564857630352,0.397756986,0.482388032,0.150417083957479,0.309802643,0.436633462,0.33836065398376,0.458278547,0.580414038,0.299966738206943,0.387928146,0.490788463,0.0615376050196814,0.156960975,0.246375219,0.0469225347694867,0.429447462,0.456999503,0.127838799128148,0.290318685,0.386528956,0.260521250796318,0.324366147,0.531725854,0.0367055675879353,0.424058467,0.43997372,0.0527127971380943,0.409201291,0.431609034,0.0174073425815045,0.432998066,0.47523451,0.0810267287726801,0.414487179,0.415959607,0.0260554205947965,0.398225425,0.399290729,0.0497762804336968,0.220621786,0.275425798,0.0835200364062079,0.232389012,0.198459482,0.07855461584075,0.186671725,0.292068778,0.00888818959768401,0.383026676,0.352688858,-0.0331584613149163,0.456324086,0.435066132,0.0485719452863561,0.251944419,0.509317085,0.16509257997463,0.309105249,0.443293851,0.312526973452221,0.425953803,0.569179925,0.203202106619378,0.307092805,0.430536642,0.201325791135475,0.293143719,0.409706157,0.24993492891772,0.213899068,0.477234465
"36",36,"NUMEX_BILL_MELTON",2,335,5,4,9.55,6.75,7.35,1.05,7.2,-0.0796882810205573,0.466523561,0.484444668,-0.0227277452419701,0.446176877,0.465358293,-0.00694000735260272,0.332315116,0.493692948,0.251755295834232,0.42226266,0.503882071,0.168109222191695,0.373853131,0.447604683,0.180422111792487,0.36469719,0.442371663,0.309112509860164,0.445855146,0.583658567,0.0211045068984127,0.520098616,0.468346984,0.224856099461772,0.403287865,0.482031492,0.141549796226929,0.309496563,0.431771785,0.334940416292596,0.441228115,0.567142755,0.311785928838582,0.391884939,0.499242722,0.0605500877234977,0.171350527,0.243975748,0.0789573359794219,0.422064241,0.452652791,0.126990974567395,0.294924306,0.4086565,0.265097661056548,0.317353652,0.520811383,0.0405480220696649,0.424623377,0.435587471,0.0787051410454679,0.397091243,0.427317397,0.0283978162166302,0.43810104,0.459924245,0.0973770880121521,0.410375602,0.413070117,0.0332036784856852,0.396417891,0.396121446,0.0469483053826123,0.234698611,0.2823259,0.0891753777320554,0.187272666,0.206427181,0.0886706175970051,0.210127804,0.299356696,0.0488789203528969,0.204032471,0.189124206,-0.0401614599424882,0.453200452,0.439824755,0.0439332265510584,0.246544423,0.491644874,0.168956019660955,0.306526284,0.435976959,0.323370067242432,0.422244553,0.568394209,0.200039507847137,0.333197126,0.456523733,0.202861697789244,0.299019566,0.413056179,0.271339141147984,0.23866441,0.496966467
"37",37,"NUMEX_BILL_MELTON",3,336,5,5,11,6.8,8,0.95,7.55,-0.0597081539142966,0.448323218,0.492229766,-0.00119600625076945,0.430399512,0.473413904,0.0132507348086314,0.355529366,0.476951118,0.285210698585427,0.431569706,0.521618249,0.180722523650625,0.397173408,0.454801085,0.198566444143951,0.364617399,0.465006725,0.345427100160992,0.45745836,0.59809206,-0.00386774746914838,0.501089026,0.415566446,0.274285091503297,0.405790028,0.504057617,0.154462839253654,0.328297319,0.449769118,0.355894871770195,0.440121847,0.578594708,0.320001137503446,0.413087991,0.501839292,0.0433083478561465,0.217554932,0.2606981,0.0722029507567959,0.428425904,0.457771268,0.124318019262361,0.334161113,0.413098239,0.281043795630104,0.323934433,0.533689974,0.0361781886757919,0.424625641,0.432930518,0.0738408536392567,0.400032365,0.433505882,0.0265702750321333,0.444458627,0.46855437,0.104324263385571,0.422227823,0.420285134,0.041174781658026,0.384214848,0.392874141,0.0509511314772956,0.235020207,0.273060946,0.0455079449721631,0.38622489,0.29515411,0.0881350881561641,0.202384089,0.285079799,0.0612679362159131,0.445782717,0.192408919,-0.0231666763265412,0.460568741,0.433578477,0.052961423201626,0.280582503,0.475770136,0.169174664894016,0.313544862,0.445789082,0.329853563414173,0.429505026,0.566200712,0.204417091722172,0.341183441,0.435003029,0.202623985323655,0.293796046,0.409503868,0.314204172866767,0.297820537,0.526310324
"38",38,"NUMEX_BILL_MELTON",3,337,5,6,10,6.2,7.25,0.65,6.75,-0.0581827716405109,0.443977603,0.493810632,-0.00961991748627719,0.434171028,0.468531598,0.0191665192158897,0.367512261,0.470447023,0.262538933991705,0.429168305,0.510542597,0.150887357162764,0.38222554,0.461411402,0.205295380622004,0.366414027,0.463616445,0.335762807715807,0.443121949,0.59301415,-0.000446243137856724,0.461251946,0.382792347,0.238235916944806,0.399004408,0.487203792,0.139520374116308,0.328718742,0.452657292,0.321147254010686,0.431817348,0.565751465,0.286479055535905,0.393469921,0.485527992,0.0203927593629202,0.259019071,0.183540413,0.0505695040373199,0.436876806,0.45851164,0.0941073672656881,0.313497774,0.398955781,0.268328392706999,0.344346677,0.534143618,0.022755234255935,0.433154461,0.440344204,0.0365390276093298,0.414403938,0.430886036,-0.0164880861649194,0.44639239,0.467399627,0.071838600490937,0.4210532,0.414921513,0.0276886061897389,0.377098114,0.411751113,0.0122559862883998,0.258832343,0.327843979,0.0223013144466918,0.458864615,0.310512892,0.0320983553842308,0.25686719,0.193067119,0.0328442762282698,0.454101434,0.21001428,-0.0267931305104913,0.452093924,0.444380077,0.0145355147818678,0.260449592,0.489621039,0.131770027351792,0.304777409,0.442297246,0.30953069193539,0.418015118,0.559613306,0.180554177563333,0.328064392,0.413913425,0.184108776866372,0.279451606,0.400537579,0.283127773455214,0.27852937,0.513856651
"39",39,"NUMEX_BILL_MELTON",4,338,5,7,10.5,7.1,7.85,0.9,7.1,-0.0648226463179795,0.442273084,0.487805893,-0.00784441623262559,0.432893034,0.46704846,0.0318363960585044,0.381688552,0.48278118,0.258005599851281,0.431300358,0.512664692,0.181099179352593,0.413089029,0.452306965,0.183337854944473,0.370392898,0.455223533,0.338905700953755,0.457078188,0.595310042,0.0135297489266661,0.451122431,0.372232701,0.246156602390902,0.402315073,0.495943697,0.17249663899265,0.342799359,0.465904459,0.349362520864447,0.45801937,0.576202592,0.327690155907418,0.427419568,0.521749155,0.0311624537782159,0.243364424,0.218111696,0.0760149809927638,0.415987618,0.447507226,0.113692764238758,0.360126595,0.454094677,0.302179204667139,0.37408532,0.538227509,0.022096836020247,0.438138361,0.446748115,0.0725284337387911,0.402223083,0.422945247,0.0206427570449627,0.437739287,0.469016692,0.0948489342101113,0.410548689,0.418914947,0.0227405250891575,0.390583208,0.399807273,0.0110828370720378,0.233911144,0.29757657,0.0605794647015679,0.256316871,0.18104988,0.0720468140132958,0.168132677,0.245372716,0.0431243545784676,0.482394741,0.214632733,-0.0300871511179169,0.458815863,0.445013526,0.0373758600309417,0.277654432,0.494969009,0.143859140555178,0.299431029,0.466598764,0.31794012976401,0.429527756,0.559184529,0.204436344657733,0.345622734,0.439585437,0.184971747676862,0.275902844,0.406278397,0.298204095535688,0.29270595,0.51648911
"40",40,"NUMEX_BILL_MELTON",4,339,5,8,9.05,5.25,6.3,0.55,6.65,-0.0702496681682668,0.452778864,0.499874463,0.00408414228625581,0.433793445,0.470407855,0.0199319546499215,0.387404476,0.469875625,0.250436231128515,0.430219973,0.507972037,0.177100921400892,0.42115034,0.458309478,0.194633233946117,0.385735117,0.468105214,0.335180397836149,0.43507693,0.59070582,-0.0446142778068119,0.485035764,0.312147484,0.225508391069449,0.391928302,0.476947789,0.188689874874921,0.333397886,0.421663439,0.334881086093365,0.43672717,0.549382146,0.239142027896503,0.385398681,0.453943381,-0.0139990423064983,0.421158989,0.213961252,0.0352190436263292,0.434465064,0.447899549,0.0900441435632939,0.376840772,0.380613187,0.321364604769979,0.37903979,0.545223231,0.00749955912711347,0.433454138,0.438814973,0.0151446357918778,0.41807476,0.43718772,-0.0459290535121389,0.440500026,0.471852876,0.0289116950907008,0.434943899,0.431208292,-0.0387059241496007,0.381322086,0.359328529,-0.0621806077922543,0.477245367,0.458495029,-0.0196356885184522,0.428038878,0.352734162,-0.04950013882816,0.435013062,0.391673448,-0.0561173289556938,0.506649478,0.428066669,-0.0626427037263481,0.487316194,0.43774835,0.0233620929912447,0.358045555,0.454204609,0.133379355313471,0.273471809,0.411185626,0.275087916060474,0.389328341,0.514909506,0.201207199833914,0.332807245,0.434564387,0.210246794887756,0.29178921,0.428427612,0.330671855137889,0.323997557,0.53218136
"41",41,"AFX_149092",4,340,6,8,8,4.55,6.3,0.4,6.7,-0.0686656255392376,0.448691306,0.49009595,-0.000499894711046824,0.436390716,0.462879234,0.0207669172898649,0.459836615,0.495899969,0.234514063628724,0.427459018,0.503585476,0.163876682285489,0.431152578,0.442786271,0.155525392580622,0.392846906,0.455225746,0.333923136264267,0.42118593,0.560401771,0.00239044718715138,0.511167891,0.345203539,0.263585464438411,0.407889112,0.504444182,0.191553296683225,0.331225829,0.408607239,0.341691430073259,0.436933137,0.543306873,0.241463933573875,0.397084175,0.449654789,-0.00814585702776683,0.439367146,0.224059898,0.0853843670478257,0.415603014,0.450806751,0.093531300187624,0.369468602,0.362972262,0.337095977073641,0.388207334,0.541843764,0.0258469025325388,0.437550089,0.431218335,0.0322348917604348,0.415998809,0.437791611,-0.0500555894161502,0.44393327,0.467470758,0.028056327329444,0.438709195,0.421638794,-0.0332518351828826,0.384512783,0.31948271,-0.0714608922746372,0.484490828,0.486272334,-0.0287000687071403,0.465586712,0.43504526,-0.0484663914601525,0.42622409,0.40473191,-0.0554148497858384,0.505311666,0.432721447,-0.0312051865168507,0.481366728,0.446736923,0.00426293119986554,0.472646566,0.484969006,0.142419642186197,0.286509728,0.407005814,0.300727553780374,0.407426722,0.534992296,0.211028692945968,0.36210301,0.434163617,0.217716534086164,0.302057788,0.43219607,0.341931792624633,0.330404364,0.536295473
"42",42,"NM1713PAR",4,341,6,7,7,4.15,5.85,0.45,5.05,-0.132219552120394,0.475554493,0.486068323,-0.0660369629263353,0.474873343,0.456533757,-0.0106619708208521,0.450183904,0.492504674,0.187153501596465,0.423246464,0.491197466,0.129842491914592,0.440022163,0.443684311,0.190715379933719,0.406164083,0.484152915,0.304344653088008,0.412769487,0.548707305,0.0632184356181156,0.467673081,0.446745674,0.175538440321108,0.403654351,0.465403763,0.139336605159747,0.349482812,0.414028194,0.298981809482968,0.410576321,0.515520911,0.22862182579223,0.389861442,0.437788292,0.0185902024572258,0.310811959,0.185942108,0.0481646978333293,0.430865666,0.445521365,0.0769823832384334,0.373033907,0.371364683,0.297161169954033,0.337182843,0.515089163,0.0271330799972906,0.440118564,0.447406774,-0.000189799233900295,0.435486547,0.438238706,-0.0688474227560924,0.462395056,0.469482955,0.0366662218534173,0.433951921,0.424603281,0.0340133003960546,0.405392809,0.408916075,-0.0108252100578261,0.31503969,0.396393711,0.0502116640643741,0.299060991,0.221643256,0.0582058697202009,0.159635471,0.201804334,0.0260366603694338,0.486110501,0.22855832,-0.0683343831290357,0.480136729,0.456327153,-0.0649270829643024,0.380826105,0.512307358,0.0719156294950266,0.270241611,0.430608468,0.223622875675781,0.395861337,0.487552309,0.176313713313907,0.344050213,0.398389941,0.188247316681626,0.289089319,0.402860776,0.295466972709361,0.325580563,0.514646803
"43",43,"NUMEX_BILL_MELTON",3,342,6,6,7.85,4.55,5.7,0.55,5.9,-0.107199954993721,0.464199476,0.49957127,-0.0483262722906063,0.460766891,0.453798597,-0.0146548289356958,0.419336743,0.488820229,0.21379013938526,0.431279545,0.502591634,0.112734512006379,0.387873753,0.458204635,0.186144108588644,0.404016339,0.478162884,0.319597193154686,0.410905099,0.564944593,0.051712392706505,0.416645262,0.353658537,0.163156764473537,0.407793034,0.465969349,0.113005205778941,0.341242883,0.405011595,0.291259189185911,0.406545919,0.520624781,0.221829183812206,0.358933281,0.431957178,0.0109799227031417,0.313773528,0.159127485,0.0184345390847213,0.445565665,0.449515515,0.0640275432883827,0.324316669,0.362464224,0.259780626555025,0.321541379,0.523825068,0.0247778458766732,0.424702215,0.439634734,0.00417152459492523,0.435108265,0.453897046,-0.0508995859168154,0.455024879,0.456536539,0.0462717171129364,0.429224515,0.422695619,0.0356337526453891,0.384495652,0.413515446,-0.00265731503483532,0.316133132,0.394974158,0.0152750080001401,0.470330807,0.374539179,0.0199521127600186,0.296708373,0.250723779,0.0290117588866392,0.485460847,0.287730133,-0.0456672361201857,0.462859365,0.434472895,-0.0330305951754847,0.273468615,0.481282049,0.0911410955310819,0.287395094,0.458469329,0.260717977014865,0.406997473,0.535754691,0.146527765936295,0.312035817,0.390002191,0.160385494581622,0.272109544,0.391136123,0.279548984344586,0.29102838,0.517755832
"44",44,"SW_8888",3,343,6,5,8.05,4.2,6.5,0.6,5.9,-0.108398132346505,0.474469853,0.485579961,-0.047792649544318,0.46741734,0.451017639,-0.00287841067888912,0.388684237,0.484691089,0.231322717269416,0.432476126,0.512235793,0.145274404891099,0.406909601,0.448472209,0.233855241418224,0.408433044,0.51343179,0.323358299515388,0.432184695,0.569598774,0.0462350754901472,0.477694775,0.381915154,0.225814874046339,0.410226703,0.482385217,0.124163290687326,0.353140805,0.41683713,0.313056846996619,0.420327447,0.527136325,0.241698324556518,0.40716131,0.441497007,0.03154117036094,0.315868535,0.21775001,0.0329060418466913,0.438784093,0.452489294,0.0926908016299443,0.348313206,0.393322548,0.279733135828729,0.333925686,0.513153449,0.0516567314051761,0.426248152,0.437279758,0.0408421561695238,0.414391083,0.436106752,-0.0227425933719267,0.446520071,0.471442557,0.0803585646921623,0.427870728,0.418456204,0.0550300915004819,0.390462544,0.396192578,0.0321167189460048,0.223578086,0.343524645,0.0324468676618503,0.434910853,0.363973491,0.0793801969415342,0.184082246,0.227153037,0.0529923874194823,0.469193224,0.214545533,-0.031602351107953,0.471301838,0.447266393,0.00167375017473809,0.246750754,0.493251495,0.123583903432624,0.262194438,0.422350652,0.272277019396285,0.393111558,0.53040215,0.171931768406242,0.329024486,0.389708342,0.179641902490116,0.261048878,0.371035654,0.291248959894322,0.275831645,0.482273084
"45",45,"NM1705PAR",2,344,6,4,9.55,6.4,8.55,0.8,7.1,-0.0802800368836766,0.463273398,0.474739646,-0.0272305639530081,0.4450733,0.457678151,0.0180172682551371,0.392787364,0.480581767,0.263323212744276,0.432440204,0.518007099,0.169148627109308,0.393848611,0.440183488,0.19585088761887,0.383438839,0.47213711,0.325974495292248,0.452320449,0.580884548,-0.00560412058391953,0.522897669,0.481102352,0.280152315659042,0.41894374,0.516025551,0.158450108792804,0.322937296,0.456658455,0.3561330662906,0.440166226,0.575136203,0.325233116427071,0.408655728,0.501807228,0.0655860043190054,0.22863346,0.245812293,0.119146073800697,0.423488985,0.46479318,0.13309784056455,0.312178935,0.407395247,0.298748803280821,0.350099362,0.528984104,0.0561447280846243,0.419673203,0.432996481,0.0861506759507753,0.388296649,0.422879722,0.0171530618679166,0.437762411,0.460457516,0.0978377397480564,0.418207652,0.422024525,0.0411568779593715,0.382906914,0.407134238,0.0224555175398,0.230935684,0.312962329,0.073500884001168,0.292227431,0.230225957,0.0787280305821924,0.187268558,0.234032302,0.0631569541607063,0.402624361,0.256812009,-0.0214876787163475,0.460549079,0.426237294,0.0444348881025434,0.251968761,0.490490549,0.171352826677526,0.308670044,0.441232891,0.335733450394058,0.431779444,0.583205517,0.208559072274271,0.356632562,0.454126609,0.211620629466956,0.312380614,0.424824265,0.296009901911181,0.280054653,0.523209715
"46",46,"DONA_ANA",2,345,6,3,9.4,5.95,8.3,1,8.2,-0.0780923603667323,0.475030005,0.477458503,-0.0367411042870199,0.454413186,0.452418301,0.0347837165706298,0.387553298,0.480571858,0.26760127690853,0.432133308,0.524351353,0.17333995822695,0.386328549,0.454532411,0.260031328743368,0.40563005,0.511957683,0.339617402470682,0.436011333,0.584319291,-0.0230264840985057,0.556699864,0.462875651,0.288892179418985,0.413320911,0.517530902,0.168116470372766,0.318482349,0.449411257,0.35309743862404,0.439821539,0.573022886,0.30984600262712,0.410453396,0.493182597,0.0578463249685458,0.173236241,0.228562252,0.111281035253703,0.424266854,0.4620141,0.137195317515777,0.285260973,0.396173156,0.297465219609637,0.341011711,0.541246653,0.05345763041766,0.42481267,0.431283861,0.0742055244430226,0.414617924,0.438344314,0.0187874153259474,0.444704464,0.454439441,0.0917906644522293,0.41572873,0.417601996,0.0222409880171394,0.392169897,0.397887455,0.0211418830121027,0.211499299,0.284567562,0.0445046932092558,0.39025721,0.257025499,0.0449646771026396,0.154802224,0.20789185,0.0095299767387233,0.40576507,0.356261881,-0.0263967927838523,0.453367561,0.433870208,0.062884387861397,0.259649756,0.470541336,0.191142248470664,0.319872396,0.466618219,0.345415325111167,0.444312985,0.593487559,0.231288785029823,0.381346947,0.454937268,0.223079968009612,0.328691332,0.428339396,0.273542025365495,0.231999259,0.510999082
"47",47,"AFX_149092",1,346,6,2,9.55,5.6,8.6,0.8,7.75,-0.0815551765690484,0.483640558,0.477528615,-0.041518159277055,0.466588718,0.458408138,0.0421731928659022,0.379013653,0.475815578,0.274668969096224,0.438600747,0.525343227,0.197951485238098,0.391528623,0.448484046,0.348080823653865,0.431239066,0.563933973,0.354372356384242,0.44552591,0.58519776,0.00784601404310215,0.510227173,0.428245898,0.322244784286084,0.438180781,0.534963286,0.201372689715838,0.307211319,0.433439268,0.367466399954786,0.468732144,0.571263293,0.321622895749809,0.442215616,0.490468129,0.0664441365965856,0.23120583,0.228606333,0.0948517044221481,0.421463362,0.461757285,0.155746549837117,0.294136409,0.404648126,0.310283778101007,0.333553732,0.532592617,0.0689115298646299,0.42001086,0.430203318,0.0910168830634674,0.403802234,0.429750509,0.0258863276747881,0.440257735,0.446103842,0.111224234995559,0.420313247,0.420059964,0.0468798857528844,0.370686368,0.380657319,0.0346678727924027,0.22848856,0.316055036,-0.0260819205751713,0.50396583,0.484803574,0.0623860824872829,0.177870641,0.211857865,0.0182283695003985,0.43795222,0.367527993,-0.0175026499060778,0.455617678,0.437242125,0.053134712835255,0.255212025,0.48751407,0.206487369735209,0.309363508,0.471352522,0.362404648358985,0.440668787,0.573762465,0.236798981847287,0.382625045,0.479134493,0.236314590884137,0.332638757,0.444001504,0.307591852264967,0.261697638,0.528393428
"48",48,"DONA_ANA",1,347,6,1,9.55,4.85,7.7,0.8,7.65,-0.101200043940423,0.487195554,0.466911943,-0.0672154576838944,0.483972218,0.464709058,0.0671568543194275,0.350279727,0.475094827,0.297433364715097,0.450732127,0.548994928,0.201484635358532,0.386157626,0.482545476,0.318414943512567,0.426712137,0.552650203,0.36493263011644,0.452981674,0.590146042,0.0728057224689337,0.382589724,0.340474752,0.273554628516692,0.420644285,0.520867723,0.209353060021969,0.351706266,0.420899272,0.326210243447505,0.452541871,0.558248086,0.271107725650943,0.425628976,0.473743762,0.00931898209272116,0.438016817,0.225575063,0.0326004932320087,0.446416122,0.471337924,0.143568582270308,0.311785922,0.39775443,0.321147517785998,0.360738706,0.539465885,0.0278590493136363,0.416286471,0.423482135,0.0480571944421215,0.417473121,0.43898133,-0.0235726991459359,0.454917655,0.453966907,0.0837882717583596,0.429386749,0.425650407,0.033355959591029,0.386328511,0.403745787,-0.0525046596262845,0.471279487,0.475903926,-0.113500023162526,0.542748433,0.544245766,-0.0437790469282542,0.435652976,0.409223966,-0.0497707435969543,0.472099966,0.426619866,-0.0218931657908146,0.446870545,0.432127517,0.0522483833479209,0.255958324,0.407991855,0.220363300302459,0.319277295,0.480856985,0.343477160304,0.430843451,0.566802822,0.249278063257036,0.38914148,0.513405183,0.230339571407863,0.319091981,0.454540477,0.311163262771944,0.25130473,0.528430129
"49",49,"NM170506PAR",1,348,7,1,10.9,5.75,8.9,0.95,8.25,-0.0843369380457338,0.487686778,0.469194254,-0.051205000301997,0.473289075,0.461806167,0.0596550450910005,0.340203555,0.493231264,0.290460590580253,0.447487491,0.552370284,0.220387931626826,0.372505406,0.474023999,0.333847762765573,0.432449683,0.562055604,0.350429579269208,0.489286998,0.595835546,0.00501344245265155,0.459536233,0.362547354,0.300126925993704,0.445687081,0.539393018,0.216423076165741,0.359247605,0.44064932,0.352096133378068,0.495647405,0.576929752,0.318409299939656,0.429043134,0.479173656,0.0179363971134044,0.466346604,0.240902656,0.0578358671398342,0.439927063,0.472350756,0.156788028554391,0.301734036,0.406281379,0.333340790651213,0.364611857,0.542152423,0.0451307694803553,0.415700955,0.422748115,0.0677790532596917,0.403726275,0.425520784,0.00105726788741091,0.434815642,0.454392953,0.0857394960081933,0.43887448,0.42732719,0.0348512094799947,0.37453733,0.378134427,-0.051654513193602,0.490341439,0.490134374,-0.120749052472105,0.53223608,0.561929726,-0.0361600229575683,0.433256115,0.412020514,-0.0488189363892958,0.487085043,0.431795676,-0.00839906891067309,0.44787568,0.436927646,0.0402581865901995,0.263594861,0.429946223,0.210879098748002,0.300241601,0.475421201,0.327374436491797,0.442907715,0.570297873,0.241962036703152,0.362426165,0.503767959,0.236070383138546,0.313387064,0.45284507,0.337047593767483,0.28957327,0.554665174
"50",50,"NUMEX_BILL_MELTON",1,349,7,2,10.45,5.7,7.95,0.75,7.75,-0.0821984670817021,0.472885142,0.486773115,-0.0435241183727628,0.459758251,0.465212317,0.0346559496542297,0.370731129,0.484967497,0.261837236463662,0.439165251,0.536018157,0.200984429429252,0.383804038,0.459024809,0.316991855575375,0.439202695,0.546495114,0.335675579479356,0.473739094,0.596229477,0.0617923851089259,0.466549803,0.338158884,0.260812011765419,0.413498993,0.504022713,0.175440766021607,0.319278128,0.414774731,0.352245703539543,0.474529641,0.567263145,0.311568584943433,0.416282535,0.478341364,0.0428691361232229,0.394368276,0.214012741,0.0256693108917618,0.42928806,0.452964019,0.123150977974672,0.311709402,0.39494572,0.30915108547513,0.349712047,0.542315711,0.0446885111116123,0.419879806,0.433554571,0.0410428631474127,0.413988425,0.434823822,0.00799286421711407,0.427993673,0.462747265,0.0842016385090698,0.431147224,0.427529154,0.0391290295066679,0.385613499,0.371741327,0.0300554268661925,0.212844149,0.284955102,-0.0663503057518826,0.508748603,0.509771172,0.0641058673534203,0.187901771,0.225382814,0.0230748017992878,0.471584781,0.364527295,-0.0176552899064161,0.45282901,0.431719396,0.0237682113473983,0.249216706,0.506329377,0.188313652649687,0.28764477,0.469862478,0.317856172727954,0.42311899,0.56258308,0.200971495972805,0.333120227,0.459317588,0.208374771416348,0.284560833,0.409714826,0.288024380850191,0.26349422,0.49502993
"51",51,"SW_8421S",2,350,7,3,9.5,5.3,8.15,0.9,7.55,-0.0754092234844832,0.504020026,0.483911205,-0.0421681784949213,0.478978572,0.464446745,0.0326539017733264,0.373488136,0.477355998,0.251212249204868,0.431102205,0.51935592,0.167875541043579,0.368312292,0.457965627,0.283389379245667,0.428229465,0.528407763,0.308526613473718,0.447488719,0.593822844,0.0571802418903834,0.435955235,0.323477289,0.291555141608645,0.406030036,0.517544225,0.161479314172712,0.298775778,0.420591858,0.365712015999682,0.437604957,0.578926442,0.303266487019385,0.397295483,0.473984044,0.0387826714553217,0.279954826,0.216330168,0.0941929528310243,0.415046469,0.458039137,0.122398535889894,0.287109145,0.381408112,0.310743391424218,0.339687809,0.550976129,0.0517229908213194,0.418820066,0.430299975,0.0721156785236857,0.395620352,0.423440655,0.00912746020736267,0.44012871,0.45092957,0.0823964953011197,0.414178531,0.406907442,0.00994824873529751,0.397899321,0.392162707,0.0149958922317431,0.198297409,0.261487183,0.0171443479919929,0.420674475,0.393043672,0.0291150751885996,0.209342038,0.20100306,0.0101442599132519,0.436110032,0.34625642,-0.0200249816827876,0.4667596,0.453323576,0.0401772527814499,0.267830602,0.494282056,0.177411646188991,0.30511902,0.446845388,0.332975788296473,0.418565747,0.586031748,0.210189547854955,0.363830454,0.444658258,0.205297054264249,0.295468444,0.409406498,0.27695501223368,0.239516577,0.509309815
"52",52,"NM1713PAR",2,351,7,4,8.75,4.6,6.5,0.6,5.15,-0.130205860650905,0.484137821,0.494746608,-0.0719887474142019,0.474678512,0.460725999,0.00805811100817184,0.407355441,0.487602403,0.224668285225481,0.424997635,0.503271348,0.154753941248233,0.391087816,0.455558584,0.308063016951302,0.415985077,0.530744548,0.34238313250761,0.440992413,0.583193918,0.0164951864077765,0.539483932,0.421767834,0.220011953787571,0.413000266,0.486785606,0.139427266673915,0.317575774,0.413316008,0.342802803075412,0.414524221,0.541351516,0.261835353663698,0.396570954,0.459672259,0.0313505061857185,0.347583734,0.184977302,0.0471989238743068,0.430538358,0.447174519,0.101045868302865,0.316851525,0.366061325,0.300761644258039,0.345128068,0.536742926,0.0480632612374182,0.43974101,0.44689589,0.0405319234464992,0.408044071,0.433779402,-0.0386407536248262,0.438558152,0.466799434,0.0527577931985588,0.431462648,0.426180616,0.0232690271788256,0.419117836,0.405974548,0.0132807951446604,0.188269884,0.252009251,0.0548197651850776,0.30833378,0.345119872,0.0697141154684547,0.186268287,0.222176295,0.0310854860239655,0.453407494,0.271932955,-0.0815642309135841,0.472199101,0.451344183,-0.0689745273249855,0.259673295,0.562789567,0.0645520296825597,0.27942359,0.437944228,0.178659803166863,0.381859176,0.471635188,0.150660334420225,0.341220622,0.413639915,0.172292468071196,0.286314868,0.387653181,0.278073353957259,0.307554702,0.501942431
"53",53,"SW_9720",3,352,7,5,9.6,5.1,7.1,0.75,6.2,-0.0796536909300704,0.471007305,0.480704411,-0.0360315126177077,0.465270214,0.453992444,0.0180575897501242,0.381706071,0.480060272,0.260025866202007,0.433824069,0.519643524,0.158775497885167,0.373620717,0.448971325,0.236816682977417,0.413577671,0.501333367,0.340783883229887,0.458586519,0.598784028,-0.00713806260205248,0.479523444,0.364202745,0.273972432144303,0.420961571,0.501324641,0.138573950296327,0.333504159,0.437851434,0.347952434876896,0.415847835,0.542449861,0.268988277578989,0.402399916,0.450796704,0.0251008077743863,0.418966211,0.222706178,0.0517993794213212,0.421189751,0.447117803,0.0835308011462558,0.350880313,0.386957525,0.297306380628292,0.329065387,0.516548294,0.0475374273826043,0.42665974,0.438137,0.0558253100442748,0.404329412,0.427918824,-0.0129141924372239,0.432163639,0.467312776,0.0825501584542482,0.421420005,0.41745282,0.0373599953970622,0.406440045,0.392667421,0.0308597906606898,0.194834338,0.242541749,0.017974155433986,0.452238243,0.428746572,0.0799571687147292,0.202177598,0.230226022,0.0418304295339116,0.470331357,0.264530324,-0.049394068639643,0.493772435,0.456821334,-0.0257227796600683,0.253297104,0.501223823,0.122582956619923,0.266553559,0.433519493,0.2469464800565,0.405788915,0.517970213,0.17232105178417,0.328841501,0.397027533,0.190275031596912,0.279173721,0.38572523,0.294149983846317,0.288716329,0.497487875
"54",54,"AMERISTAND_803T",3,353,7,6,8.95,5.1,7.45,0.8,6.55,-0.0783111279496461,0.463129621,0.480416232,-0.0373341392685833,0.455148631,0.460243922,0.0207848581955782,0.386489425,0.48279746,0.259586368379756,0.42232589,0.511266668,0.144863444780742,0.363544936,0.459357447,0.197041026135895,0.408522854,0.473872226,0.341541821678244,0.452140288,0.607189699,0.054914693002842,0.375607239,0.346122839,0.276502983423834,0.409159146,0.497587348,0.153445455083907,0.335575648,0.439336419,0.359706120849573,0.401999603,0.555892784,0.284372696492545,0.39062478,0.458607392,0.0111404542576554,0.369375906,0.182783246,0.07798197157557,0.419662917,0.439947465,0.097163966109805,0.315422602,0.367953187,0.291527925434665,0.362165438,0.550252862,0.0356550933129405,0.425753196,0.435881436,0.0470340161719727,0.402127998,0.429945643,-0.0230834327103695,0.448718221,0.465457575,0.063678598530229,0.427341537,0.414262407,0.0264524382309999,0.387944005,0.401894231,0.00613957353935621,0.250041779,0.328353303,0.00774051747802329,0.456100582,0.43404806,0.0194803964066305,0.306786387,0.21803854,0.0256737267152729,0.471184844,0.315037578,-0.0466442656586724,0.460195764,0.43637254,-0.014783445212237,0.257972546,0.50029944,0.129447946475887,0.29289826,0.435697528,0.303414653136114,0.408180571,0.54660803,0.171768592526074,0.344792401,0.405431453,0.188647211812605,0.285314297,0.40487477,0.297323126463368,0.280842994,0.516098835
"55",55,"TMA_990",4,354,7,7,10.25,5.8,7.7,1.1,7.25,-0.0529054555732132,0.498792996,0.476381588,-0.0154068086944836,0.454748842,0.447620146,0.0595151001872743,0.383073957,0.463361266,0.279292698206014,0.419869558,0.513815771,0.185533011996598,0.381340401,0.436718129,0.172817199120492,0.409514506,0.459089433,0.3650510826885,0.449286364,0.598274497,-0.00435491020518377,0.512591327,0.518765102,0.280241125803311,0.404471804,0.498674571,0.181678537895277,0.31962469,0.446982378,0.378490168684508,0.415828554,0.556574083,0.306623916764348,0.395527755,0.469688726,0.0201189066458573,0.397562136,0.223926523,0.0929741901526432,0.397247705,0.426804194,0.105929553514583,0.347553155,0.4042629,0.330884381919962,0.356960988,0.536441894,0.0446517807271271,0.435387029,0.442495726,0.0785713211153564,0.384984066,0.407093373,-0.00163681684645791,0.435670387,0.476026118,0.0848729869262961,0.418104514,0.407463856,0.0318187306484275,0.40110313,0.395566176,-0.00236827687528558,0.270659544,0.340425528,0.0480988161238237,0.308631698,0.33518277,0.0639138410738613,0.189366783,0.204674196,0.0336211703778269,0.481364574,0.338757063,-0.0158630222113677,0.468300514,0.442601172,0.0203036691156634,0.338299759,0.436146845,0.170280097829627,0.310304188,0.461639307,0.339834947345207,0.413453684,0.559895739,0.191720514864737,0.329580765,0.431426457,0.161995204616768,0.245302565,0.371245421,0.263409474277585,0.228758114,0.468342721
"56",56,"NUMEX_BILL_MELTON",4,355,7,8,8.1,4.25,5.4,0.35,5.3,-0.106103736394445,0.451432058,0.497245708,-0.0386064156286354,0.454476706,0.466100998,0.014774151055432,0.444948775,0.495342374,0.227848409160226,0.433932439,0.502998515,0.163017800708587,0.422987533,0.454897634,0.219787215408204,0.386268274,0.466438128,0.354417163922327,0.435097769,0.573194652,0.0240787348259009,0.492656857,0.370461663,0.189712218195118,0.400551324,0.47630733,0.154989430055933,0.352172744,0.37515624,0.318187980809632,0.411200387,0.517692347,0.213904656661763,0.371627769,0.427718766,-0.0156268790426838,0.519003967,0.278015946,0.0145607280176813,0.436519998,0.445978634,0.0532108554468903,0.418685208,0.378790972,0.323528319371305,0.371569925,0.534322808,-0.00880269477515783,0.449380157,0.449972458,-0.0167813250655987,0.439169804,0.445099918,-0.094404470560032,0.466371584,0.473321199,0.00479744214700569,0.445828275,0.428962109,-0.0442658141023887,0.418857089,0.343549585,-0.0767258329724377,0.510532631,0.51130761,-0.0507912507971244,0.492917835,0.489993629,-0.0489606468513003,0.426954791,0.417718633,-0.0734496908391569,0.509196302,0.459916982,-0.0653981192449336,0.507819955,0.485463875,-0.0773153976055799,0.447056913,0.520880407,0.059262195627291,0.271113909,0.36616846,0.195356272424651,0.391666131,0.474569941,0.144195064076457,0.320776376,0.375116601,0.170689601790534,0.271389068,0.39724471,0.31634777678936,0.314395672,0.51199104
"57",57,"NUMEX_BILL_MELTON",4,356,8,8,8.75,4.5,6.2,0.4,6.35,-0.0989412992340945,0.450716614,0.490786988,-0.0426815140096864,0.448430564,0.467119363,0.0130954611823493,0.442299712,0.490771369,0.228204023384165,0.421267965,0.502421701,0.159735382165528,0.376964119,0.450392294,0.272674565759229,0.428047918,0.527440404,0.366095848050015,0.431084373,0.575763205,-0.0231145566907219,0.500599778,0.34443084,0.201457621391893,0.404371372,0.477663685,0.158853090468234,0.321702715,0.376668742,0.333202162343192,0.405598808,0.522533229,0.211630155242546,0.360881276,0.419164366,-0.021253247089869,0.521802222,0.27591872,0.0242762179990432,0.429336714,0.449220138,0.0633665299977454,0.386751764,0.388124127,0.328439699123781,0.368883034,0.545281001,-0.0194294815194231,0.456654749,0.450129463,-0.00901963407617256,0.434616955,0.442801443,-0.093198920070403,0.460601512,0.468501184,0.0197109067481187,0.448782511,0.409340029,-0.0497516617727923,0.371042027,0.351964509,-0.0679451909452693,0.444386356,0.448319743,-0.0721680744637677,0.499561558,0.503051432,-0.0577233387241729,0.437409219,0.41473815,-0.064816462622953,0.46977795,0.45929435,-0.0510813641133268,0.474147989,0.446963473,-0.0348155488877602,0.444018749,0.502571868,0.113649665012965,0.293300526,0.378904211,0.277642339349607,0.381543669,0.510736232,0.151130889408384,0.321404978,0.407853846,0.169190739417684,0.262482139,0.395831358,0.317177789502177,0.291019961,0.50273449
"58",58,"NUMEX_BILL_MELTON",4,357,8,7,8.85,4.85,6.5,0.5,6.55,-0.111033844644798,0.474526077,0.47102678,-0.0617512416434086,0.469818942,0.460615502,0.00479702945484092,0.420051654,0.48402785,0.232459947172814,0.415259147,0.507624981,0.145947654043096,0.343418925,0.443868644,0.25843720501285,0.418862004,0.509758285,0.345421312745129,0.424312798,0.581017536,-0.00973500787909983,0.501444213,0.480527927,0.18944890979505,0.407792471,0.471539823,0.14442116790317,0.327850057,0.420937677,0.328738528725401,0.404865077,0.532047099,0.229430728122758,0.349683858,0.430847948,0.00490824544335555,0.408320688,0.190948574,0.0199149141194911,0.434445687,0.437773948,0.0576577302408191,0.347974312,0.383107785,0.30665706446999,0.329404822,0.532469004,0.0335616609324561,0.4409272,0.447812214,0.0130140108115543,0.43264691,0.44150211,-0.0594846673682345,0.454556253,0.462840045,0.0437514787210243,0.430232713,0.404558976,0.0258996396414703,0.450919688,0.408035491,0.0262993300786859,0.188301547,0.210756082,0.0324753097924528,0.346602716,0.42623529,0.0466119825312122,0.171798947,0.188044176,0.0226461052667669,0.460468306,0.383662946,-0.0538478201765424,0.467903678,0.448890795,-0.0328092469877395,0.311588878,0.488276527,0.126908488336219,0.284271382,0.397610819,0.295054513379627,0.38363027,0.533056918,0.161832035336509,0.290117697,0.40707999,0.171133216469012,0.260442856,0.39916617,0.284505810709519,0.268951475,0.510106477
"59",59,"NUMEX_BILL_MELTON",3,358,8,6,9.3,5.15,6.65,0.55,6.55,-0.104553009981452,0.468957926,0.477620648,-0.0529004685122298,0.456655537,0.456845999,0.00100250445058328,0.381040177,0.473578119,0.250950321530975,0.418852169,0.511147307,0.12518036187632,0.33826009,0.434687208,0.265740700971112,0.425351488,0.512509817,0.350521718197009,0.432409179,0.598781863,-0.0134076830050623,0.411398269,0.374254026,0.188811323766011,0.411726988,0.470489718,0.122958290546711,0.297436994,0.389297528,0.327064450470048,0.39765027,0.535837696,0.240439288233618,0.357024657,0.436813764,-0.00223902728981428,0.38090324,0.190120443,0.0263625383952201,0.438917846,0.438949291,0.0609309921263947,0.325975426,0.373998639,0.280146103352181,0.323729386,0.549640951,0.0233140795735217,0.433021016,0.433949925,0.0254935004395157,0.415775666,0.436872317,-0.0378075053118766,0.454312189,0.458973238,0.0556833432538687,0.426246367,0.411341647,0.0282991281924673,0.457900304,0.404246318,0.034707942599328,0.207274672,0.237620659,-0.00403017722861205,0.471676446,0.479635559,0.0120281161828515,0.340428061,0.239225679,0.0269477790296474,0.447129503,0.367132923,-0.0605703949808092,0.469103318,0.446596099,-0.0270581867226741,0.265418522,0.499764197,0.110395735885077,0.295156493,0.411984635,0.28891995613368,0.396471552,0.533589763,0.143245496414771,0.319825543,0.403355864,0.179916023510533,0.285518419,0.415272233,0.301530185440612,0.293096254,0.54174088
"60",60,"NUMEX_BILL_MELTON",3,359,8,5,9.35,4.8,6.35,0.3,6.5,-0.103393393064932,0.474331802,0.484556234,-0.0616255107717724,0.462463975,0.454458871,0.00899604500941619,0.376653917,0.48202433,0.264737865137365,0.427670121,0.527812989,0.16312975944479,0.370213281,0.459883403,0.263855766648732,0.415253129,0.511086673,0.360118259143904,0.456774928,0.598831263,-0.0164493649818557,0.503193282,0.395177119,0.225699637435769,0.426374041,0.489040137,0.123883183729466,0.338911533,0.442133494,0.334496115226458,0.416369528,0.54076733,0.258904959216092,0.382963399,0.44983133,0.0160738583600902,0.435451794,0.217601188,0.0238982791102415,0.438434893,0.444868528,0.0689320718558417,0.350843937,0.397565407,0.291015759657244,0.338092934,0.529749313,0.0461756717158123,0.429126596,0.438634892,0.017676528443842,0.427612609,0.447373343,-0.0449551349537042,0.445820568,0.466393744,0.0540165175632519,0.426267248,0.421934343,0.0392291330071409,0.447454891,0.402852541,0.0508413728915539,0.242464631,0.25534183,0.00633792725056769,0.451248539,0.449983824,0.0645973191219859,0.15984099,0.189025724,0.0357910654711203,0.445823596,0.3433749,-0.0436743236618325,0.462178779,0.444774627,-0.0181294561183812,0.264055356,0.501304352,0.125663898777359,0.286379225,0.423727207,0.28412080842584,0.390570359,0.527577386,0.156823160116568,0.341236215,0.399204733,0.188517440692911,0.28751089,0.406640219,0.314990394040232,0.30214567,0.530817726
"61",61,"NUMEX_BILL_MELTON",2,360,8,4,11.1,5.95,7.35,0.9,7.15,-0.0797171656274594,0.48300388,0.483738031,-0.0409449388691238,0.448811828,0.451401969,0.0182581876717424,0.395220008,0.464638373,0.264162783961736,0.418089933,0.522618567,0.163512329522778,0.369269075,0.441375012,0.28496746733904,0.419978461,0.517720879,0.359911979531169,0.465190449,0.610510054,-0.0279431279193795,0.592205765,0.487901245,0.237685255686622,0.413362194,0.495926433,0.147113987553255,0.311107081,0.438158505,0.364265026511108,0.409846831,0.559435245,0.274396014646229,0.363590042,0.462579953,0.0192593237277966,0.387819344,0.199818399,0.0188746827363912,0.43670207,0.454969849,0.092766799187513,0.322953652,0.391975867,0.292687249997956,0.355274076,0.543388897,0.0456078192323186,0.430178783,0.444366214,0.0566747825660445,0.403501309,0.433823109,-0.00837373993345398,0.434929893,0.454576345,0.0732487954165013,0.421218776,0.419786631,0.0253571326531421,0.451714243,0.394428989,0.0415681257663883,0.240296891,0.261561844,0.0459920854423557,0.272174686,0.373520579,0.0534955844480687,0.153672376,0.187622302,0.0253190462331836,0.43815451,0.346513129,-0.0565697433075887,0.466791029,0.443040796,-0.00534304766452879,0.278098197,0.48606791,0.138635191733954,0.28662871,0.413552682,0.285867748236791,0.392835609,0.534701933,0.181568917438106,0.338661821,0.42012841,0.205273200318752,0.304274011,0.425326185,0.307902345298794,0.304118446,0.544887016
"62",62,"NUMEX_BILL_MELTON",2,361,8,3,11.5,6.1,8.1,1.1,7.45,-0.0717509059718366,0.515221236,0.49597078,-0.0446147581498059,0.459866339,0.462665318,0.03702930634162,0.33863429,0.457362032,0.271125625078034,0.421344225,0.53272779,0.178401448814089,0.360669742,0.454073134,0.329389987647749,0.426953477,0.545345542,0.339734073412374,0.445309153,0.602067694,-0.0106793843086614,0.554364791,0.445595086,0.237442178412908,0.391990978,0.493094001,0.144014067998107,0.284443611,0.420460523,0.349671909943412,0.415998749,0.565780194,0.297281563667173,0.368931086,0.475457215,0.0103018725213669,0.331958891,0.177174387,0.0239242688056152,0.431563745,0.448516327,0.096261726266054,0.295171437,0.3678739,0.292135984956463,0.361972531,0.562411827,0.0227524821305605,0.424529537,0.429229251,0.0431604683014628,0.409938744,0.435041946,-0.0012659269642504,0.458390163,0.455859306,0.0757365758960873,0.420162712,0.42232421,0.0124584585243703,0.448742156,0.40983297,0.0390436373346568,0.229128205,0.252540372,0.00448193163101763,0.42442019,0.430801919,0.0180691036308864,0.291377449,0.177516539,0.0220483153836692,0.429221485,0.369715462,-0.0379016834644022,0.471514848,0.441262407,0.031477747730913,0.278934013,0.461250951,0.165609266131339,0.309110208,0.436893835,0.322298817004991,0.400864758,0.575710401,0.179023307396999,0.321943008,0.422086129,0.192884003945355,0.276944202,0.401978106,0.27708146244483,0.250555401,0.508767543
"63",63,"NUMEX_BILL_MELTON",1,362,8,2,11.75,6.1,8.5,0.75,7.85,-0.0811707051526982,0.478713222,0.483463563,-0.0518773609571884,0.456351905,0.465095699,0.0488051056051345,0.345474783,0.483525643,0.296716738199775,0.446405502,0.560506779,0.211730962400067,0.377666109,0.477822924,0.30621592397615,0.427601381,0.522608439,0.393615715330933,0.478089231,0.611193284,-0.00252788043850174,0.544129459,0.377286768,0.280721867965396,0.425782414,0.51748993,0.183141778376561,0.295808812,0.420117304,0.369995760879193,0.477927931,0.568067903,0.326130420238941,0.417355035,0.485960575,0.0332204167024074,0.412008285,0.229162628,0.0289755853796956,0.441834232,0.460497031,0.124745740710669,0.292320384,0.409149101,0.322519871320324,0.355014043,0.556039581,0.0462303064377836,0.406997912,0.416559817,0.0452133042230918,0.426880218,0.435871011,0.00351688860935996,0.451144374,0.461233466,0.0783672512443462,0.429396866,0.420541883,0.0336289585895068,0.448450738,0.392706366,0.037500069158479,0.244945207,0.281270694,-0.0797731512991901,0.510529854,0.509308959,0.0503801876488104,0.17678528,0.210741826,0.0207350188464872,0.45124487,0.380491526,-0.0335668933739598,0.459076705,0.443008568,0.0215386497978578,0.278031074,0.456728934,0.179089379211146,0.296684787,0.460685512,0.347073195726119,0.417795884,0.564968022,0.181694111790643,0.314939415,0.457565949,0.197925558853467,0.281610201,0.415478916,0.295872882085397,0.291495502,0.51483669
"64",64,"NUMEX_BILL_MELTON",1,363,8,1,10.9,5.6,8.05,0.7,8.4,-0.0959799396897907,0.496290909,0.471883234,-0.0740951223035115,0.488520803,0.45685656,0.0449809803527115,0.329311429,0.481634668,0.28302230761705,0.448794726,0.558973943,0.212722346880215,0.377679201,0.475838778,0.304692119875861,0.411442087,0.526879795,0.386978685160976,0.465925152,0.595168986,0.00257127144557409,0.438121645,0.335835407,0.249094607124454,0.432578406,0.504341723,0.205843200469449,0.334634364,0.413275147,0.337920033911492,0.471988035,0.55687373,0.29655638883112,0.417636918,0.473857722,0.0190946430949277,0.458523059,0.251797598,0.0217842628987138,0.449355714,0.462548629,0.129476054099445,0.312266212,0.382020574,0.330293596203185,0.356560787,0.553742321,0.0468679798861017,0.409199083,0.42338355,0.0503928684859931,0.417973492,0.438945048,-0.00632745851184225,0.442178334,0.456492414,0.0724777221498435,0.426301883,0.422155001,0.0313587432320845,0.445114612,0.385278848,-0.0526012783054373,0.479225782,0.461664253,-0.126460328581888,0.532647386,0.558179263,-0.0429550140456646,0.446696854,0.425971458,-0.0488676026744585,0.480656552,0.459750374,-0.0178586098283587,0.46362472,0.444043402,0.038347536361857,0.28123428,0.358508428,0.204463226078825,0.297710575,0.473856527,0.335207129789997,0.424758208,0.558454891,0.216604652544312,0.331403085,0.48617394,0.218674573151602,0.29010482,0.435602199,0.329656220263322,0.286046849,0.548451211
"65",65,"SW_9720",1,364,9,1,9.8,5.4,7.55,0.75,7.5,-0.103184153293252,0.534644941,0.498837622,-0.0794606858043454,0.520554067,0.464301107,0.0195768362931432,0.370321648,0.476524295,0.258839722481727,0.44169127,0.542210882,0.166015432491543,0.37350701,0.445487597,0.27444043140674,0.412334031,0.529274068,0.351578121865362,0.462124652,0.578197611,0.06997624430161,0.387234742,0.270210963,0.249168852376282,0.415106803,0.496299674,0.192022111568687,0.331886657,0.398668355,0.32344420357327,0.441924804,0.540847792,0.247085150515425,0.381712931,0.441165944,0.0147304154134547,0.452466169,0.232733616,0.0427208482551158,0.437633309,0.457914643,0.121481111288017,0.310978205,0.36554706,0.320144798574621,0.314523015,0.520734135,0.0597481121252262,0.408577778,0.43033645,0.0566335424367003,0.417963786,0.431917997,-0.0112789346373347,0.455019758,0.469898592,0.0724264932094272,0.424948129,0.420626127,0.0406374585182246,0.463899224,0.391579055,-0.0402610645628127,0.484301307,0.435731984,-0.123696671943818,0.539085483,0.553903209,-0.0416088090654945,0.44633613,0.404203535,-0.0398567480580696,0.469582229,0.451849225,-0.0447707688083845,0.459443409,0.44246607,0.012404875488577,0.256911301,0.474580065,0.172825173796467,0.291126879,0.42733463,0.287995837147225,0.390633454,0.530784742,0.186557935528498,0.291467219,0.423876838,0.202402876773646,0.25056297,0.389142806,0.307455008683986,0.257082287,0.509375782
"66",66,"NUMEX_BILL_MELTON",1,365,9,2,10.45,5.5,7.65,0.55,7,-0.10085168638766,0.502076041,0.501269749,-0.0597949642488432,0.466243971,0.471331661,0.0196923169478574,0.379781121,0.465860622,0.27655210595874,0.438138624,0.551064035,0.167193615428553,0.400654547,0.442282121,0.285737305523914,0.42630424,0.520486943,0.362315640083638,0.464283577,0.596736432,0.0328376696490756,0.576987159,0.396385257,0.232490521396986,0.415789671,0.500672172,0.168132398024397,0.332194039,0.404575584,0.349143596500438,0.433813706,0.55502085,0.275511290524631,0.37844074,0.463643642,0.0369388446765267,0.346350786,0.182516363,0.0370820467842762,0.439223993,0.447563926,0.121888743055946,0.281842144,0.388976934,0.296279949675215,0.31502634,0.559631737,0.0562700440106919,0.405667626,0.417032123,0.0560392663439392,0.436017451,0.449837647,0.0021950779304969,0.463328172,0.462756917,0.0845503784028953,0.429004157,0.417509841,0.0483288541575346,0.461037186,0.381502337,0.0613082449608134,0.291318541,0.367016133,-0.0431691543831665,0.470660681,0.46688043,0.0461901745698644,0.178644082,0.229539176,0.0242974651012642,0.442544272,0.3885954,-0.0629852438992109,0.457900144,0.429494919,-0.0124955689879402,0.253016058,0.51203904,0.137004489466397,0.287686351,0.401121347,0.27463751198238,0.417288293,0.543077843,0.144975191110712,0.293607339,0.428660606,0.19585062251224,0.283039237,0.408879932,0.301982196325359,0.319248015,0.526486837
"67",67,"NM1702PAR",2,366,9,3,9.6,5.25,8.3,0.8,7.4,-0.0842816121457591,0.51628922,0.492598833,-0.0472113959297231,0.459974255,0.468434789,0.013240399258128,0.371979215,0.462144148,0.265111086585846,0.430643167,0.534910591,0.139597980711469,0.368988621,0.447485148,0.269376097623746,0.41813235,0.510241174,0.329131839658567,0.423245247,0.597154331,-0.00785666577310866,0.592812555,0.543134198,0.250298068119875,0.399308312,0.50753351,0.148354012195292,0.303857984,0.42013119,0.349608813404798,0.428840809,0.56409986,0.260061832531757,0.36114377,0.451793949,0.0148910782572019,0.291583708,0.174701484,0.0589545817772452,0.417436929,0.443393168,0.126558830986553,0.282423477,0.389305149,0.290904216810951,0.31424933,0.561087755,0.0405958787220795,0.419675616,0.423663952,0.0807700242423162,0.40341429,0.425162393,-0.00194430738530576,0.455170959,0.449970716,0.0904080294870573,0.414537021,0.412765871,0.0371918435059591,0.460749865,0.388903227,0.0748277399947864,0.335077187,0.415713917,0.0265196053934972,0.219533736,0.257418252,0.0414374190141799,0.165093452,0.238555751,0.0326837607856897,0.418945698,0.35872758,-0.0405765485963832,0.456100079,0.432717394,0.0167535582077772,0.250086505,0.467634205,0.154688113036383,0.29645661,0.432721936,0.307485060485202,0.398351439,0.574579618,0.163229881826415,0.308188006,0.427853913,0.202944136724071,0.29367251,0.431960151,0.298615547968287,0.298718883,0.548536318
"68",68,"AFX_779",2,367,9,4,8.9,4.85,7.2,0.6,7.35,-0.106528394999817,0.500717123,0.494885687,-0.0639164873241208,0.458490665,0.464471781,0.00423108153565748,0.412157199,0.473946015,0.249253644122931,0.430529862,0.524527622,0.139155071000013,0.394046429,0.446796451,0.234028156604223,0.419905646,0.49875724,0.347750851343336,0.441687504,0.586906792,-0.0321946807588114,0.573782592,0.529965234,0.231018532510149,0.406872972,0.493836168,0.149989880820392,0.351380851,0.419078531,0.338810354603973,0.412173316,0.542544101,0.223620801880945,0.344455045,0.433148734,0.0200869375563637,0.32723029,0.163356495,0.0482433550407588,0.436290084,0.455319452,0.111650906405364,0.330188905,0.379243645,0.296132373895395,0.313383122,0.525309466,0.0622559746755512,0.423704813,0.442592921,0.0584918008183401,0.419652916,0.443523058,-0.0218435600861717,0.453611712,0.467182372,0.0697165863106156,0.433993489,0.427504506,0.04172018633151,0.465926485,0.388893917,0.0778516444593508,0.333394026,0.420815681,0.0515038417530744,0.172068052,0.178836454,0.0494185938982361,0.130014987,0.222791784,0.032152663956721,0.421312332,0.374671154,-0.0619137189690874,0.484245823,0.455419811,0.0117605968265619,0.237603681,0.500858393,0.151449239569975,0.297488365,0.429939155,0.284560411581521,0.400264799,0.546237981,0.18591974111206,0.349257425,0.407518027,0.22994855299907,0.309930162,0.436204503,0.328064578977865,0.311213683,0.556496617
"69",69,"NM1712PAR",3,368,9,5,8.6,4.4,6.2,0.3,5.7,-0.139301861673964,0.477570389,0.489786222,-0.084916204565187,0.468752319,0.458633469,-0.0119624176464471,0.416742007,0.477660012,0.236473875008467,0.436358899,0.526417731,0.119571116199066,0.417665971,0.445281884,0.163871872556177,0.410482222,0.468339558,0.353896774745223,0.45005629,0.592380305,-0.00196068885290513,0.583490086,0.527222379,0.199504715332157,0.425370877,0.488431563,0.112643239690822,0.358251272,0.418437423,0.308662316971932,0.417672881,0.527048597,0.196992714276316,0.381598972,0.432093007,0.00814798487090153,0.407987439,0.162122963,0.0257172948826336,0.441431295,0.44829618,0.0714217750642129,0.366146539,0.402957392,0.269019981654241,0.305991755,0.520729444,0.0473041602153647,0.428017112,0.44663672,0.0082524413158869,0.432953913,0.448061712,-0.063425789275096,0.462220861,0.468167989,0.0441819770420436,0.443483059,0.432568333,0.0452055137859552,0.476514347,0.398038285,0.0744475252197082,0.297585731,0.369433559,0.0201355364812199,0.256176798,0.287414976,0.0528756058540808,0.129186064,0.216277838,0.0338143709126016,0.444719168,0.401769191,-0.0903217476434891,0.49138215,0.466425348,-0.0654015019889825,0.243154341,0.536357717,0.0641863080461233,0.28005605,0.435881783,0.175928077280269,0.389264403,0.474468761,0.114136083828368,0.359971558,0.410251475,0.177558500912334,0.287112395,0.40193366,0.295986694299507,0.332006124,0.5225041
"70",70,"NUMEX_BILL_MELTON",3,369,9,6,9.35,5.05,7,0.75,6.55,-0.117072496395728,0.467356535,0.483064206,-0.0576374495709239,0.457566321,0.469498186,-0.00456762726138292,0.385451743,0.472637587,0.259070354741444,0.429926564,0.528757561,0.123987787145789,0.36628479,0.440752711,0.251756154767561,0.432899038,0.515200013,0.34619507258038,0.41402241,0.59923764,0.0110522766529957,0.522204848,0.483069047,0.198955565311331,0.400704449,0.48211481,0.130744019538778,0.347799464,0.415494978,0.328936781577207,0.409795725,0.536976564,0.223046214267293,0.347262889,0.435806164,-4.72343372585463e-05,0.337927806,0.160065444,0.0217276039012976,0.433899109,0.442137919,0.0845646124261979,0.342408307,0.40213571,0.275076319716693,0.299820521,0.543149257,0.0219072490400251,0.431642617,0.445182753,0.0232250895614952,0.426407255,0.440496275,-0.0405933478404125,0.451562088,0.468687137,0.0523547422132907,0.433503292,0.414311886,0.0398605818697529,0.4723805,0.392938011,0.0701136576724223,0.313952436,0.38526938,0.00976469376065803,0.30152393,0.322146601,0.0349521405837049,0.219504004,0.200759667,0.0313826157056446,0.430520981,0.380835205,-0.0821821207195776,0.474345343,0.43969595,-0.029979890801803,0.265770004,0.497721208,0.115960929414579,0.287000458,0.411850156,0.265807182670282,0.394566678,0.519889214,0.131884313003739,0.317005784,0.388547498,0.179379835041267,0.28065182,0.40982192,0.300917039453863,0.30767555,0.540188922
"71",71,"SW_8888",4,370,9,7,7.9,4.65,6.85,0.35,6.2,-0.1135176844421,0.477220761,0.471952857,-0.0658183642168097,0.472934015,0.470318081,-0.0182436789140336,0.4442981,0.477838917,0.222862462967697,0.422804179,0.509154199,0.121334765278766,0.377797786,0.422795956,0.248444523787837,0.416952769,0.501808718,0.332933256080643,0.420025278,0.562450343,-0.0202652713729308,0.589090553,0.467034336,0.212953854487757,0.400379434,0.481724867,0.156759737158717,0.351964226,0.415686818,0.329439603084986,0.412804881,0.529762095,0.223412785365879,0.352197347,0.432074078,0.00731928147763149,0.349303878,0.171605409,0.055116754646082,0.432901141,0.437451762,0.0871429652488108,0.341144157,0.397748579,0.286456453897834,0.310294581,0.525422538,0.0482675871634994,0.432589152,0.439420015,0.0313665993315512,0.427808943,0.442466026,-0.0481939087869593,0.456009211,0.464681653,0.0544710537776345,0.433220144,0.395865531,0.037421114748894,0.447299965,0.394025846,0.0670137964208225,0.306686777,0.386200597,0.0336147251794576,0.149922453,0.230354317,0.0462908156829154,0.132556116,0.215063622,0.0285880985973558,0.418318133,0.361366659,-0.0663620791752024,0.471700654,0.450323366,-0.0234021003316737,0.310445415,0.486493378,0.11416456601468,0.275607309,0.422785916,0.25632176206585,0.38199823,0.511987546,0.160181824407183,0.331218605,0.383251508,0.184837251253271,0.273153098,0.394694517,0.286801311095542,0.287995016,0.5095463
"72",72,"SW_8421S",4,371,9,8,8.25,4.8,7,0.45,6.6,-0.10435033103399,0.465508918,0.480333317,-0.0482430435776285,0.455771359,0.469323003,0.00221373499918642,0.45831159,0.487775292,0.228409986713266,0.433040585,0.511142532,0.137430619290951,0.404576981,0.44218728,0.285716232467701,0.431126379,0.534301692,0.328776191420933,0.423118829,0.559726966,0.00583426237023697,0.461096871,0.33084541,0.236994532952362,0.42137572,0.501526556,0.181619686875529,0.365134855,0.43109535,0.338787370103138,0.435759719,0.541044169,0.238281972900462,0.37382066,0.450074848,-0.0292859401535577,0.484203804,0.217104798,0.0863473044512481,0.411707679,0.444526209,0.0852914164884195,0.354157378,0.421353052,0.310210473901947,0.359675279,0.534537831,-0.0002678953473993,0.444610357,0.444284364,0.0191482108203832,0.424357012,0.438643634,-0.0669676004444492,0.458879163,0.474005019,0.0447011042133663,0.444878049,0.406270647,-0.0334417490925272,0.329510083,0.342538406,-0.0414583504294992,0.414025407,0.396155166,-0.0956385403024896,0.510402781,0.513191844,-0.044618506419834,0.42636147,0.357180307,-0.0439941002291086,0.474209145,0.457621458,-0.0404523294711414,0.475358406,0.453052522,0.0185439823853752,0.421373098,0.482743651,0.142437822422134,0.292304838,0.432918043,0.312999483711898,0.402233645,0.548720489,0.154686328021956,0.331098056,0.423839752,0.174212569952546,0.274950547,0.420017998,0.306954793523778,0.296434907,0.511612263
"73",73,"SW_9813",4,372,10,8,9.5,5.55,7.45,0.75,7.05,-0.0864454053264272,0.450708599,0.48457771,-0.0435290072996071,0.442413632,0.479760382,0.00551872017234805,0.410298785,0.495032344,0.241030605710038,0.427435546,0.515209148,0.159873991402852,0.38768407,0.450908569,0.318268855839566,0.434627545,0.553387974,0.3432675814954,0.439377094,0.578419854,0.0460330308317251,0.434481289,0.330793447,0.239932692082422,0.42631061,0.502362061,0.208422681791303,0.377526145,0.434951048,0.338947318868186,0.437487109,0.543596072,0.22891785802243,0.372694656,0.441247068,-0.0410996849317842,0.442447585,0.18352685,0.0789944484304826,0.424096021,0.438986076,0.0806510472613104,0.362115109,0.422049259,0.299630982949037,0.343231605,0.520963227,0.0218085545086187,0.436978661,0.448616858,0.0215074329363862,0.41610159,0.436166478,-0.038409510883303,0.440933392,0.482537319,0.0405882148141416,0.44742247,0.415088658,-0.0327340047788046,0.367123252,0.375280711,-0.0478616529108917,0.397738763,0.378607541,-0.102485077359969,0.48382343,0.492600938,-0.0356822771586337,0.420919714,0.346931174,-0.0494314762052222,0.463170885,0.45630567,-0.072505070546097,0.46236782,0.446262856,-0.0121447436093106,0.37779004,0.490215605,0.13319311811047,0.288875792,0.417771038,0.282759973601865,0.398445184,0.529860382,0.1522485239305,0.348570814,0.41148607,0.213852073293112,0.303160999,0.432372334,0.319383601156091,0.337384878,0.524211243
"74",74,"NM1703PAR",4,373,10,7,10.45,6,8.5,0.7,7.35,-0.0620402885875883,0.442470211,0.468809395,-0.0171781625053706,0.450096754,0.470914864,0.0170185742155824,0.393819738,0.473945485,0.266200222390028,0.438714993,0.528904931,0.160593408688166,0.358032864,0.445715463,0.312285853064104,0.436308892,0.556072465,0.351124470152974,0.451514217,0.605413815,-0.00450019717305384,0.562445974,0.403011659,0.267216274398397,0.418308723,0.516686652,0.194798020987871,0.338216817,0.452706766,0.378643241614992,0.469626312,0.566505919,0.289035323336934,0.397551709,0.491894916,0.0174736296418646,0.27821107,0.242317464,0.113595104669425,0.413529885,0.434561532,0.113909422970795,0.313841573,0.442118309,0.287882642172073,0.290117942,0.542103074,0.0533069477534042,0.424421116,0.431778783,0.0579686126138914,0.403588583,0.43469109,-0.00137057402177616,0.436494739,0.473450421,0.0693722663839882,0.429961005,0.400648567,0.0422891276565357,0.427876283,0.404191014,0.0627105793938127,0.27804178,0.3450726,0.0453454562561952,0.233141403,0.213639548,0.0507131132977252,0.156118006,0.212646161,0.0240642678107678,0.434887849,0.418713677,-0.063741179076764,0.46786537,0.444180621,-0.00080125384079737,0.272856653,0.498498618,0.147550184544936,0.284512093,0.423999771,0.293130623028815,0.415219455,0.548950013,0.151169739920126,0.324839826,0.422618596,0.211658161478745,0.304055161,0.443912781,0.303879849469319,0.341504655,0.547661604
"75",75,"MESQUITE",3,374,10,6,10.75,6.05,8.7,1,7.45,-0.0724760196996062,0.440935928,0.481173295,-0.0245324351421773,0.440565179,0.468798181,0.00981541937927296,0.354600336,0.470150087,0.284862852313623,0.425664949,0.53097392,0.168827317137099,0.364144101,0.444457252,0.320397652967413,0.419148068,0.541392875,0.35983337066063,0.455863902,0.61562029,0.00986457827826528,0.520290684,0.476918983,0.294659908974039,0.424485315,0.522221472,0.191628955958518,0.34576162,0.444255795,0.381649345108357,0.453585195,0.564178321,0.265812051827949,0.385072095,0.452935553,0.0174321910402022,0.274470432,0.257980704,0.0911042378711681,0.405162769,0.431156387,0.121033996109845,0.308877158,0.416392939,0.291019021949771,0.295848557,0.53741253,0.0511852331248169,0.4308545,0.438698441,0.0826419274680493,0.392213029,0.419446661,0.0159442128301453,0.431594945,0.463875001,0.0728707614365303,0.424640327,0.408235313,0.0429036614450775,0.440840921,0.400425302,0.0682423232267401,0.290890644,0.363045213,0.0483967004709788,0.239616417,0.22829988,0.0510778306746463,0.149009972,0.228017195,0.0314902188522876,0.428629504,0.388893881,-0.0706156570537859,0.471178614,0.450791661,0.000914468229905434,0.263131449,0.505814707,0.16050350172343,0.289038109,0.420275807,0.299090133077991,0.409117418,0.537917605,0.15698411538428,0.334693422,0.421687356,0.215581633018672,0.296255624,0.427173826,0.301849987868162,0.323339142,0.528304162
"76",76,"TMA_990",3,375,10,5,11.35,5.45,8,0.75,6.95,-0.0700474629958962,0.51650842,0.497998616,-0.0281791234652611,0.460015866,0.458844504,0.0606730500028511,0.346643237,0.456402389,0.326925438945445,0.474460526,0.58351023,0.201380650854162,0.375753391,0.462519416,0.227637596471197,0.418062845,0.504070726,0.370015244502451,0.485037202,0.620135666,0.0365048871820325,0.509247766,0.489879222,0.302539597443003,0.424279085,0.531836427,0.167934693446189,0.352240301,0.448017659,0.355751702981561,0.447465768,0.55498046,0.232095977783376,0.396292645,0.43456951,0.012308809690832,0.388516823,0.243276303,0.0804222298738653,0.408099051,0.436400439,0.100468688351296,0.334879212,0.406213059,0.27446899324855,0.300408172,0.516929884,0.0566538947567524,0.430083788,0.431546814,0.0642792574340487,0.401178456,0.427597518,-0.000263914045798767,0.428409901,0.463752871,0.0668400733569073,0.42428779,0.413203841,0.0414503927301375,0.436551031,0.404941623,0.0680591836719832,0.281547716,0.344363922,0.0499544742865818,0.234126166,0.228204548,0.0500797162341511,0.161999648,0.209321415,0.0319905176956814,0.450670695,0.424468194,-0.0691653381068707,0.456741155,0.434473475,-0.0019615991866011,0.263462674,0.49673469,0.160987424613759,0.310998144,0.456013804,0.290552592181055,0.425723438,0.538102894,0.14812386617068,0.320317494,0.429231047,0.192201926894763,0.271146769,0.400197726,0.258682556977896,0.297965096,0.496249886
"77",77,"TMA_990",2,376,10,4,11.6,6.15,8.65,1.3,7.7,-0.05399920496265,0.537874034,0.49229624,-0.0227828085020493,0.455059091,0.450267121,0.0670609134294144,0.353177416,0.443246084,0.322026485266053,0.456548256,0.575737057,0.194668249769313,0.369109621,0.458598194,0.235529083695835,0.399822811,0.48772646,0.351185152108673,0.489417485,0.617550817,0.0287022801561217,0.519110905,0.525910005,0.314166257577673,0.427809022,0.532965721,0.183238319365223,0.351846999,0.433041336,0.3738892562149,0.460013569,0.567935918,0.269865042133835,0.387618559,0.4507235,0.0229110156347525,0.293838087,0.243676972,0.0805037936832842,0.414282283,0.441696547,0.135428802479094,0.290537836,0.385602582,0.290521754576951,0.317870794,0.522837261,0.066838261360261,0.400086173,0.427161497,0.097052279532913,0.385580834,0.421305298,0.0305659116416157,0.437364622,0.457523234,0.0892104061288985,0.421373285,0.411702719,0.0435013732555223,0.431539579,0.395355753,0.0695952003488009,0.293455239,0.361887593,0.0632211773306324,0.274416168,0.252040276,0.0547892005972475,0.158413381,0.224547939,0.0407804121816624,0.426987954,0.398677801,-0.0388138144039681,0.465559202,0.444620899,0.0396274540271402,0.276069156,0.492142654,0.197050294358477,0.321500534,0.444020943,0.346512458859061,0.41279435,0.570649443,0.15817412435795,0.311310538,0.413859186,0.201412715207784,0.264195259,0.397225243,0.259929696979269,0.27537393,0.487967402
"78",78,"NM1704PAR",2,377,10,3,10.9,6.35,8.65,0.95,8.6,-0.0638928822974682,0.474428899,0.494036575,-0.0245507231660146,0.447787674,0.471637207,0.0306109840548185,0.343323149,0.454545213,0.285463946829977,0.446518965,0.551165103,0.179181395305808,0.355293875,0.453951639,0.263971419880627,0.391239471,0.501996594,0.323520234976435,0.488412145,0.617010084,0.05963699233777,0.524476578,0.520938139,0.2794169916562,0.411767176,0.521958314,0.177499126411001,0.329264126,0.427521811,0.370758654700718,0.465491496,0.583025176,0.299045832939808,0.3760136,0.471139908,0.0293232972324888,0.247389372,0.253351453,0.0840459417339852,0.415503035,0.444013772,0.136177599571675,0.287512349,0.397395341,0.291695637213836,0.297062328,0.558696325,0.0397687555616959,0.41348877,0.425481436,0.0669331659274592,0.402808042,0.430725441,0.0134241244259971,0.43862395,0.465802988,0.0721896215165837,0.427647611,0.419388405,0.0320922889992489,0.428485746,0.397153045,0.0660636120158211,0.307087559,0.379603255,0.0507406670104822,0.281969478,0.261209259,0.0528726694658054,0.130335468,0.248905528,0.0359132879115725,0.396041276,0.347985266,-0.0273537346688054,0.462034492,0.431977103,0.0391131407485174,0.270808783,0.476454113,0.189044039866235,0.320169947,0.440253491,0.349153976692321,0.431970706,0.585523958,0.164303714505077,0.317543377,0.437905355,0.230835843487361,0.321489875,0.456520104,0.301845795520716,0.344049032,0.561068202
"79",79,"NUMEX_BILL_MELTON",1,378,10,2,11.3,6.35,8.3,0.75,8,-0.0834062831685224,0.475025018,0.501358834,-0.0363340850914527,0.451154405,0.46799659,0.0255427833232651,0.342393588,0.463214391,0.289660861172296,0.442132052,0.561111581,0.193671860244829,0.380791254,0.455055646,0.257725650401613,0.404903751,0.51084723,0.334677312077596,0.492793258,0.611611002,0.0569601824300719,0.542692276,0.403337792,0.248193724217308,0.406602377,0.506070944,0.188593276909472,0.339974554,0.417883833,0.362498648226467,0.450903609,0.568239091,0.293989828654132,0.373385145,0.461242515,0.0481134184423777,0.29110465,0.233937572,0.0564552299605359,0.436743614,0.453302672,0.133690381661745,0.271708284,0.39061747,0.284291296051793,0.29491048,0.549031805,0.0501053726599192,0.381491011,0.399383346,0.0568549550955617,0.415793268,0.435682141,0.0241771310528239,0.448453868,0.463683729,0.0798983192677746,0.42901071,0.412720657,0.0492478785744589,0.424865464,0.375646426,0.056998167393752,0.261644423,0.331442455,-0.00289608046770548,0.313007389,0.320484529,0.0507619990564183,0.165768958,0.232142089,0.0287557799531459,0.423077481,0.398067002,-0.060593536389833,0.460516609,0.436519402,0.00686155685132667,0.270991149,0.488704547,0.17313669589498,0.295614557,0.414925231,0.318092043620845,0.425354976,0.567268019,0.142220990552906,0.280013636,0.421530675,0.215037408587517,0.301689038,0.428467496,0.298589035508248,0.33046971,0.535885914
"80",80,"AMERISTAND_803T",1,379,10,1,10.6,5.75,8.5,0.75,7.85,-0.0859391518813514,0.517553784,0.501498253,-0.055901463909576,0.486528342,0.458576859,0.0437765848543411,0.365791166,0.461093548,0.289949965824078,0.444515032,0.553658609,0.20429980261849,0.378042699,0.461128843,0.229080872519156,0.400457697,0.500980267,0.364515039104051,0.473757803,0.593641539,0.0775412272036256,0.386328424,0.263379886,0.294588284344808,0.418205326,0.521109441,0.222504279347099,0.350443459,0.420829891,0.343631442675634,0.444523366,0.554440853,0.28868608580758,0.388843307,0.460751644,0.00830000706912707,0.445742542,0.210139239,0.0807340878244285,0.427234005,0.459803922,0.152768951832077,0.284182994,0.389546854,0.335709228683932,0.342545386,0.536354587,0.0623335303725859,0.382372927,0.404680641,0.063078167916954,0.405205063,0.426850335,0.0123986022051293,0.456409804,0.469403544,0.0704323963695175,0.421000993,0.418173123,0.0501687180130218,0.422349962,0.360712065,-0.0328487927062355,0.467973656,0.40903395,-0.108545362473604,0.523699885,0.523431593,-0.0304129302352908,0.439058311,0.362631721,-0.0275886190328324,0.45501577,0.442762008,-0.0362640653041088,0.469053572,0.449921927,0.037625489907433,0.263854553,0.450566974,0.200367019205584,0.302744144,0.45694419,0.316244298208134,0.421134703,0.555362759,0.186155863719546,0.29162793,0.419263141,0.229829563049554,0.287288321,0.418232886,0.331810518264482,0.313408242,0.530360155
"81",81,"NUMEX_BILL_MELTON",1,380,11,1,11.15,6.2,7.95,0.8,8.3,-0.0655056694503394,0.49235361,0.511390268,-0.0279772963249608,0.456905878,0.463156639,0.042231318758043,0.335808092,0.447861506,0.269160732365107,0.437247357,0.542734732,0.218325191195917,0.366999219,0.455726115,0.280477325355116,0.411791521,0.518583272,0.356407185949364,0.497521712,0.594595865,0.0340629103998403,0.421762968,0.239770767,0.256857796448876,0.416052573,0.504387511,0.225375797318584,0.302738962,0.427836099,0.353654352737192,0.468182882,0.562524595,0.311567626558376,0.403000124,0.468608642,0.0175603556441775,0.425746303,0.216197734,0.0678118342619215,0.440477059,0.459480124,0.138992422238992,0.27979648,0.380745759,0.33594509382042,0.3425484,0.552283641,0.06554704161529,0.372977642,0.389089687,0.0446231645076428,0.431292331,0.447785753,0.021684423965704,0.451310932,0.468414314,0.0681490460606881,0.41865449,0.412761101,0.0656431889760377,0.33490643,0.292660745,-0.0158924934815746,0.445783211,0.365059296,-0.0915930431076179,0.538321732,0.534567284,-0.011852656520869,0.415860325,0.299990044,0.00793080891240196,0.431460524,0.37418927,0.0433086772541251,0.462322348,0.440614265,0.0811783148675287,0.286776104,0.425303035,0.21438304953256,0.329551003,0.470158312,0.342442126477262,0.44053058,0.583495384,0.168529739550717,0.282295354,0.426458556,0.215030636207818,0.275317946,0.408625761,0.31357981287418,0.306893034,0.514610523
"82",82,"NUMEX_BILL_MELTON",1,381,11,2,9.6,6.1,8.35,0.8,7.4,-0.0743674095581299,0.497715927,0.51860216,-0.0332076732619399,0.459527349,0.473554356,-0.0114676312924179,0.3253911,0.435244215,0.238372591903839,0.39769361,0.513923307,0.173726094932015,0.355679708,0.438813303,0.304014694944359,0.426750363,0.54132647,0.3396147393162,0.458392335,0.58339305,0.0212362497677183,0.585187682,0.432075706,0.243878176067654,0.410822126,0.500387878,0.195894082351869,0.310167312,0.415516717,0.34094062939939,0.451902607,0.554478878,0.304308892317767,0.377002916,0.457760999,0.0579019824631539,0.288183583,0.290310427,0.0840173070898322,0.439438572,0.457422927,0.130915293424145,0.266852628,0.383952286,0.289554632878538,0.285760124,0.53647804,0.070889476966731,0.366017496,0.385290498,0.0665164652660211,0.412405281,0.439283719,0.0413554055633515,0.44930819,0.455189361,0.0781802529618105,0.418955295,0.405553678,0.0657265092924356,0.339888274,0.308426904,0.0561889925823091,0.26560445,0.382458101,0.0060197225568694,0.301397415,0.311743673,0.0664326325361241,0.153993482,0.30172522,0.038619200082724,0.40370991,0.318419213,-0.000121435589418868,0.461817019,0.445300696,0.0504628569324583,0.271123768,0.471771863,0.194094726125982,0.310660687,0.432758294,0.338247389011951,0.419341599,0.576402243,0.141246449402439,0.278481973,0.423017119,0.208469046907729,0.27680799,0.408975246,0.279572294402481,0.296837488,0.512101971
"83",83,"NUMEX_BILL_MELTON",2,382,11,3,11.45,6.8,8.45,0.8,7.6,-0.0610348200768864,0.495257844,0.50446116,-0.0222140816162118,0.44872275,0.463165435,-0.00244276554370992,0.339718159,0.452548772,0.24059462449205,0.419500241,0.528606226,0.174488746555091,0.355566805,0.457536935,0.276032800015174,0.418824642,0.526723228,0.330845425197029,0.473824438,0.587224329,0.0155189898066687,0.560803658,0.54191013,0.248443917447249,0.418985586,0.513474598,0.177059387390849,0.326812846,0.437271866,0.344851860387738,0.452547668,0.572588396,0.284008326166261,0.369091982,0.470216804,0.0325177232423236,0.238663913,0.249454302,0.0676819152062639,0.434101964,0.458684102,0.114960907152337,0.267882578,0.383238886,0.283497325358352,0.301373971,0.531647122,0.0557279118824179,0.395523988,0.419164168,0.0565485434495464,0.415791909,0.430648995,0.0298308395559942,0.44568072,0.453944813,0.0582507875837432,0.417608513,0.415801724,0.0328544329329766,0.401204774,0.375064522,0.047411197803465,0.249248757,0.352915938,0.0477796794360588,0.255686751,0.277107114,0.0476811467948829,0.158808004,0.271800431,0.0242010032252854,0.402043539,0.328083933,-0.00760496502053808,0.460761585,0.446365499,0.0366200046783093,0.269420465,0.4771508,0.185015898330599,0.305295834,0.44184596,0.32156119487414,0.414000691,0.564539281,0.149190528554976,0.287140843,0.408496153,0.213536834821316,0.280885374,0.417445361,0.282146118173036,0.300586305,0.519563575
"84",84,"NUMEX_BILL_MELTON",2,383,11,4,10.65,5.15,7,0.5,6.75,-0.0972282143954529,0.473559904,0.485313201,-0.0479755284028892,0.451593053,0.466700835,0.00133640731698862,0.363855068,0.473079098,0.247282348057005,0.433542304,0.545037513,0.165334420803082,0.374640796,0.463302073,0.235670917239274,0.402228424,0.494943994,0.353414106958216,0.47916221,0.598081121,-0.0353789004963033,0.605922673,0.543616838,0.211694229346102,0.414455647,0.488463855,0.152645279796003,0.318827442,0.437863209,0.326175607231756,0.453520896,0.556948591,0.222857820713191,0.368148047,0.437723972,0.017547394341274,0.315749854,0.231807714,0.018469351658284,0.445994319,0.451370816,0.0960760763369409,0.299095023,0.367821723,0.275614605103468,0.302835246,0.523801508,0.0546053383649956,0.410947813,0.434119658,0.0245953601156025,0.421044835,0.443806309,-0.0215612480822867,0.446085129,0.473916092,0.0302766126849898,0.433533458,0.410893389,0.0511410477908314,0.386587341,0.360992123,0.0474857281274415,0.2461566,0.349893551,0.0599348048863115,0.237951765,0.278359126,0.0422601038341761,0.213478098,0.243735317,0.025487561143866,0.417106243,0.312998898,-0.0610634801664576,0.473656523,0.448999111,-0.0123200890228964,0.266473491,0.483593414,0.146712124002475,0.290601345,0.438608071,0.267615649578597,0.393128969,0.522539147,0.135889723847368,0.286455395,0.390846829,0.220000832688908,0.288105251,0.411801547,0.295194815105331,0.312521494,0.522994487
"85",85,"NUMEX_BILL_MELTON",3,384,11,5,10.25,5.05,7.25,0.5,6.6,-0.106739999500756,0.474754409,0.482426927,-0.0455279800710189,0.458594348,0.461312547,-0.00471742063043828,0.346093429,0.48161361,0.248329652606114,0.457794351,0.550094223,0.161410677626329,0.379370294,0.466699775,0.266661562094006,0.431708327,0.529188246,0.345864541906364,0.485215313,0.602213759,-0.0381783241702066,0.605246849,0.554059578,0.211264646030881,0.420672398,0.490793753,0.137625441358714,0.355951743,0.445195492,0.319044768360808,0.461368648,0.556985549,0.206279916844127,0.390557714,0.445937655,0.0108682615710452,0.363091252,0.224282379,0.0161327740681768,0.44743399,0.449356105,0.0772624669706751,0.329371696,0.409485957,0.270762220905254,0.317529213,0.518604651,0.0584617812973796,0.435018487,0.443395773,0.0198568499682683,0.416841499,0.447338595,-0.0243642632977181,0.440923739,0.481255146,0.0378804288781355,0.435033661,0.416743921,0.0631766320452385,0.394202559,0.353573171,0.0637252276213487,0.26352188,0.373828367,0.0616406779966273,0.204176814,0.250475459,0.0471005566483096,0.216524089,0.232377926,0.0309967147992316,0.441955152,0.357503059,-0.0795182969488332,0.470266245,0.444987971,-0.0429953797163862,0.260505447,0.505427135,0.105324227001057,0.266190394,0.426790455,0.221602337653023,0.39120413,0.512315396,0.117138805153753,0.295214956,0.389426535,0.201877192573223,0.269005581,0.391969445,0.267036123789561,0.299040571,0.502320781
"86",86,"NUMEX_BILL_MELTON",3,385,11,6,11.25,5.6,8.35,0.8,6.8,-0.0906014445383197,0.45695134,0.48067332,-0.0335853254150342,0.451368203,0.470338666,0.00287678516809565,0.343344384,0.47033377,0.255069773250073,0.439352485,0.538836291,0.142193287045925,0.368339473,0.455001488,0.313232648602548,0.45062267,0.56569831,0.339145257231481,0.489031744,0.613325139,-0.0031922901962327,0.511548958,0.468632305,0.262875538340911,0.412390371,0.507060344,0.174747590857055,0.346755395,0.457278488,0.349183705264202,0.476618714,0.57061519,0.240837446212319,0.396803138,0.458014608,0.0137165492883979,0.229780148,0.248406704,0.0372159071551565,0.428311851,0.441102258,0.0989985171050291,0.308552404,0.412654968,0.28166230637116,0.31566088,0.537457134,0.0532140450788765,0.428712809,0.440662287,0.0545582456316559,0.405146354,0.430371836,0.00286473778290031,0.425843021,0.473058204,0.053385518643816,0.427334282,0.413980121,0.0587257150289925,0.396813958,0.367526768,0.0606216394145261,0.266993164,0.385079691,0.0591636507709801,0.21870028,0.256241584,0.0454660139912806,0.233090683,0.231582617,0.0287185255521208,0.43620592,0.345741564,-0.0734119381493879,0.466344175,0.448033994,-0.0110016036015925,0.259328664,0.501256583,0.131055314366665,0.275752651,0.438852903,0.263450964382073,0.40610113,0.529680686,0.124167832405294,0.279721364,0.37912945,0.201936813446478,0.28118754,0.410989349,0.270903577607774,0.3039001,0.5063267
"87",87,"NUMEX_BILL_MELTON",4,386,11,7,11.2,5.7,8,0.75,7.05,-0.0674498877876378,0.439941114,0.469711985,-0.0352377107559087,0.455107325,0.473785784,0.0177452223513779,0.362043371,0.482527245,0.26000449925373,0.442803131,0.539201088,0.158799431758606,0.358508111,0.45345372,0.305044898639762,0.437443194,0.562177391,0.348345768236605,0.477271213,0.612258207,0.0123380711038646,0.494941581,0.370176806,0.232890718261923,0.418810319,0.501348848,0.189677557681443,0.336034578,0.46261841,0.357050086614547,0.471462286,0.565939389,0.250911750780096,0.396045789,0.47440415,0.0108497070944568,0.212616574,0.241246078,0.0449094449944589,0.436732482,0.440646434,0.0881545927114337,0.315128636,0.418694386,0.277869056343495,0.307446512,0.528804271,0.0562014998166527,0.421002418,0.434609512,0.0338785478853103,0.411548672,0.440351452,-0.0123876984538231,0.429752154,0.470067211,0.0519467278745479,0.434733255,0.410014711,0.0589893766107367,0.39034728,0.367060499,0.0524121599259551,0.251141076,0.36646174,0.0488095615853226,0.201893698,0.239481054,0.0467994485695623,0.235720429,0.234569263,0.0216345413015992,0.412108486,0.349087163,-0.0430116388149318,0.472797744,0.452645885,0.0142655084433799,0.253188661,0.498170324,0.147626091022693,0.294969482,0.440882925,0.296629560302777,0.402357454,0.540710515,0.130420503702692,0.299119528,0.394715515,0.203591895724157,0.274665281,0.407768948,0.276858768161224,0.296696386,0.497173238
"88",88,"NUMEX_BILL_MELTON",4,387,11,8,10.45,5.2,7.1,0.45,6.6,-0.0774975218111457,0.438648128,0.485885624,-0.0537801123166663,0.453257108,0.469186266,0.0209966060275315,0.409277914,0.479737146,0.261970098441449,0.435818677,0.534694761,0.158462443638739,0.388369707,0.458817715,0.275540145153362,0.418245579,0.531229227,0.36264659556293,0.474956844,0.607602183,0.0207364331168969,0.420529353,0.307293215,0.221581487072757,0.422839975,0.492888146,0.204221459253237,0.380898657,0.431516021,0.354475472857932,0.451041271,0.553542443,0.228475737635224,0.391834878,0.45858885,-0.0485433669665267,0.417417514,0.195478997,0.0364183409738522,0.434054427,0.44794604,0.0755685991481001,0.363976128,0.445409754,0.305212523004073,0.357452913,0.547414613,0.0337675193686192,0.437050166,0.447191851,0.015180387884958,0.416961294,0.433322159,-0.0317045369405135,0.436746879,0.480687831,0.0361093417262323,0.438450134,0.418101203,-0.0121069825553833,0.387401635,0.374043722,-0.0504187178639691,0.415248208,0.394242237,-0.0985487649220148,0.484957198,0.476298109,-0.0435999685442593,0.43225276,0.359499644,-0.0519712419191816,0.459696866,0.447075149,-0.0657114080416873,0.464855114,0.445209615,0.0036408207921034,0.325304692,0.441597604,0.1338673637423,0.279657053,0.408187419,0.292858620222959,0.39688376,0.531127319,0.12119378930409,0.303873377,0.38819982,0.19515634423948,0.265575286,0.406518034,0.307733697331253,0.297326874,0.491387061
"89",89,"NUMEX_BILL_MELTON",4,388,12,8,8.85,4.25,6.15,0.3,6.9,-0.0929613544675096,0.450270064,0.495183139,-0.0880099918748603,0.468570617,0.468869673,0.0113433641879898,0.460787941,0.490063537,0.243987834709304,0.447037415,0.538772415,0.13486721462711,0.392292376,0.454266971,0.257611860581386,0.425716857,0.522358557,0.356629836334658,0.455502506,0.59024615,0.0361979095161406,0.462462095,0.346821674,0.162112810671945,0.423582518,0.478687894,0.180791278774563,0.361982269,0.379080801,0.313119239442712,0.414862754,0.525908801,0.191820094661735,0.408502366,0.433400454,-0.0526127231690393,0.354819753,0.197600137,0.0013176643125458,0.446470657,0.446963499,0.0471404143647954,0.383108928,0.381316632,0.30871921719926,0.356173746,0.531971832,0.0226284448825981,0.444620412,0.441525189,-0.0508610262430289,0.456777563,0.442996277,-0.0938371874040798,0.468826011,0.482162063,-0.00456120562816114,0.460375026,0.428895592,-0.00187002740630709,0.415334842,0.358690799,-0.075342127011668,0.450736421,0.40575556,-0.0981377063366753,0.501831375,0.488333939,-0.0765593206353437,0.474489956,0.400808833,-0.0700740510594091,0.514027845,0.4626575,-0.0893833095719385,0.481295316,0.472527215,-0.0200707893464981,0.268334237,0.375279839,0.110010855864422,0.28,0.386847486,0.272608215292142,0.401576943,0.523205351,0.110428312927526,0.306883739,0.376811962,0.205764776940984,0.294067713,0.426229466,0.328534542657637,0.31334577,0.517476599
"90",90,"NM170506PAR",4,389,12,7,10.95,5.7,9.1,0.7,7.5,-0.0528400725347353,0.438663731,0.481086463,-0.0336265990299989,0.460625313,0.477146849,0.0291747045094583,0.424360407,0.471082125,0.258082070638017,0.454891174,0.548355447,0.147270925873287,0.376300606,0.44708875,0.298255832587403,0.442839278,0.5640024,0.369972276337714,0.485145426,0.612858385,0.0644333274046749,0.487640078,0.437226127,0.284522066040873,0.452083791,0.52942171,0.209090782538981,0.334922715,0.478602637,0.383416805858533,0.491817771,0.585455129,0.281027890194893,0.425836126,0.48662645,0.0062003152640238,0.158749777,0.197824365,0.0912041600772831,0.41862572,0.445437313,0.103182733565238,0.305463754,0.429474545,0.322249886654218,0.355762298,0.566930516,0.0645574072698953,0.424823529,0.43972368,0.0440840741531483,0.4165407,0.44432974,-0.00415520442080275,0.431133213,0.471017268,0.0518766534150846,0.434380311,0.408543391,0.0730592521995572,0.359307881,0.341348416,0.0227878545006441,0.219094632,0.258786942,0.0407182644255503,0.168005701,0.21168765,0.0231948329388097,0.406810914,0.166805413,0.00196061892097931,0.485932323,0.4200361,-0.0567828935803523,0.457065176,0.459984448,0.000883395085771012,0.25899282,0.516670546,0.136737964902112,0.281174417,0.480605124,0.301382585737363,0.411303334,0.554832323,0.147309150039693,0.31331737,0.402779033,0.226065268762621,0.304655195,0.436720842,0.321615412947035,0.328662533,0.542430294
"91",91,"NM170506PAR",3,390,12,6,10.9,6.15,9.4,0.95,7.4,-0.0837270062131114,0.460981228,0.474372566,-0.0126875624505231,0.440844448,0.466852734,0.021874474188684,0.408190506,0.460873943,0.249076204227697,0.442320365,0.540153539,0.14244274182922,0.382980229,0.448752822,0.345421053994523,0.442928726,0.570449744,0.354539180146607,0.461750521,0.595665635,0.0142336620595716,0.402274954,0.379614614,0.300872813963921,0.447374643,0.535152627,0.206491366649085,0.337565577,0.471453959,0.383954600623855,0.49013862,0.593966817,0.310643977326634,0.426854333,0.508670118,0.0198049320749837,0.21361429,0.240370603,0.12769609780985,0.403661897,0.45699001,0.128783978154366,0.297690284,0.415301291,0.335403435707641,0.354605657,0.578982884,0.0723951016966375,0.430364308,0.426460798,0.0887902352398599,0.388762671,0.422162522,0.0369280053592774,0.415686078,0.459553948,0.0704711513111279,0.429792141,0.404300098,0.0787407562581786,0.34156957,0.326253205,0.0368768981743814,0.208559678,0.299015787,0.0528064430428675,0.132610668,0.227352137,0.0271329690804014,0.39968301,0.189561744,0.0234257575618972,0.464551819,0.387032064,-0.0425054381659291,0.46602448,0.449455987,0.0259727156599134,0.250086519,0.490280462,0.156948657330926,0.315373083,0.481552605,0.319274667841357,0.436030337,0.569956031,0.151698638307566,0.304872981,0.411651929,0.226982874468621,0.295196027,0.443938088,0.311869439336171,0.315886478,0.548901405
"92",92,"NM1702PAR",3,391,12,5,10.25,5.35,7.85,0.5,6.25,-0.0947847799399408,0.476882542,0.476099402,-0.02255240697157,0.444802535,0.457932617,-0.00777206621748189,0.42608274,0.469664691,0.218238151217648,0.446546016,0.533754533,0.148009383624385,0.382053163,0.453801692,0.272497350389869,0.436247653,0.530759872,0.339540410035315,0.460623417,0.588432311,0.0373838445637113,0.487655833,0.471561975,0.261852417798428,0.437418911,0.517747453,0.163570573454151,0.334060439,0.45578499,0.340170264702186,0.476854198,0.56700668,0.239443515552641,0.393237935,0.454621697,0.00926308482622112,0.393120253,0.205373436,0.0695257665430115,0.405938691,0.452926797,0.0813335865341135,0.348718653,0.417332552,0.297190660520618,0.325220862,0.536545142,0.0546644151569753,0.428301502,0.439420219,0.00911932884079011,0.42009218,0.434512533,-0.0259774191398669,0.434886163,0.473652527,0.0322332121930705,0.436162491,0.412335283,0.0748276160300633,0.358934955,0.318194759,0.0344160657868538,0.207721352,0.288123724,0.049907219475045,0.12074295,0.211443168,0.0195997938520775,0.418656163,0.18477472,0.0192075766865132,0.486355013,0.421676715,-0.0842176110313795,0.480920096,0.468495882,-0.0335042587188975,0.256153766,0.512507856,0.107960458020719,0.285384527,0.454146639,0.227316976465452,0.41284312,0.524249765,0.118868695885143,0.297713783,0.387230056,0.204924424423701,0.291582616,0.419824169,0.285370132430911,0.317393432,0.521931594
"93",93,"AMERISTAND_803T",2,392,12,4,10.45,5.55,8.1,0.75,6.5,-0.0941406999880713,0.476224054,0.47964299,-0.039699429664722,0.447165253,0.454499561,0.00474041600471362,0.406882078,0.465833017,0.217743230916464,0.404814916,0.531376698,0.168269067088324,0.392524115,0.444643474,0.261969005847698,0.433360898,0.526361952,0.349502742848426,0.469852113,0.585289727,0.0292088954048336,0.532977788,0.526307145,0.279535205329923,0.424717442,0.524489631,0.187475837273684,0.353613249,0.437126466,0.345420504385387,0.448551571,0.568983696,0.258954087379016,0.382853688,0.452286101,0.0154108749850065,0.342480926,0.211738766,0.0691605469132244,0.421236427,0.445878056,0.110773278768155,0.302286172,0.388068646,0.309415707119246,0.343303527,0.531843004,0.0613645303538627,0.419536949,0.429913725,0.0337515096609114,0.423300472,0.440631819,-0.0167715897290847,0.445870728,0.464895179,0.0267764416250494,0.425770255,0.401779975,0.0597299421412757,0.361453431,0.34491497,0.0125502301116606,0.25700376,0.293650736,0.0494663318652756,0.134024441,0.237214015,0.0126679734504928,0.402852018,0.189297556,0.00818477712409445,0.469128079,0.403233971,-0.0842977693645051,0.468354982,0.458208597,-0.0330936286934557,0.258320827,0.500043079,0.130620521136235,0.290049705,0.443287396,0.253603880861059,0.391233217,0.522374319,0.131049785725497,0.312066582,0.3940428,0.216326282506745,0.283021927,0.402747253,0.280261304279863,0.294204718,0.505847793
"94",94,"NM1701PAR",2,393,12,3,10.95,6.65,8.75,0.9,7.6,-0.071441881044324,0.474220785,0.48268141,-0.018762585450735,0.449752102,0.461534527,-0.000761347943913953,0.370915165,0.465495558,0.214057650027307,0.410443189,0.523664667,0.155090120594794,0.367160368,0.455548031,0.227646734348088,0.440166889,0.517106584,0.333034409817857,0.46858563,0.582289321,0.074922762718805,0.503501489,0.478186252,0.261352742820146,0.424053526,0.525714629,0.191842394980002,0.335968526,0.430675762,0.364153937569481,0.437761977,0.594538026,0.319473535688948,0.371080952,0.486499829,0.0242227583452338,0.274163933,0.225495565,0.107264046243643,0.407523631,0.440444692,0.113157856886895,0.268835919,0.397381497,0.30961050168233,0.338245622,0.565239376,0.0602893073224529,0.411105882,0.407247466,0.0563704746474277,0.417669909,0.43928736,0.0284026750479536,0.463105974,0.435814354,0.0473784777095451,0.405703749,0.402340065,0.0291340138761625,0.393032428,0.384259615,0.0076683908915029,0.288102893,0.30772656,0.0100074793367407,0.270976657,0.262053369,0.0114902644852117,0.330777069,0.230214423,-0.00525332595408247,0.447645349,0.385938212,-0.0502004443065121,0.468629641,0.444824055,0.00728271701196385,0.262038647,0.4607246,0.149712509865716,0.293288684,0.44875114,0.309000799172622,0.422629059,0.570257324,0.141332499660009,0.304657156,0.419112376,0.221921119730249,0.318539724,0.450010432,0.294222177447524,0.332500225,0.55473687
"95",95,"NM1705PAR",1,394,12,2,10.05,6.1,8.9,1,7.25,-0.0523551893803901,0.449168334,0.490490343,-0.0121826346765032,0.441384585,0.460125704,-0.000649220328934856,0.389590616,0.479950204,0.228957597497355,0.405545792,0.532748168,0.181231663117888,0.376870031,0.445889916,0.269460590996923,0.445854122,0.531393618,0.320871172522007,0.475077515,0.591697839,0.0727275841327741,0.535995716,0.377034625,0.299430175002177,0.439857084,0.530208163,0.222296561454815,0.323729584,0.434547411,0.367808032090168,0.471019177,0.580626217,0.338794504142787,0.413252171,0.483510695,0.0613913190500502,0.304627489,0.261869993,0.141872900415802,0.402694125,0.459460394,0.145693650438221,0.265809329,0.390358128,0.311961044059063,0.330577839,0.540141941,0.0783663486670929,0.405822394,0.400903339,0.0806208050615005,0.408081211,0.439245669,0.0458462849472297,0.439520618,0.434536318,0.0751513963239401,0.421307534,0.404286619,0.0728541953795347,0.335621606,0.305693627,0.0366242377190601,0.215791686,0.300970158,-0.0107995090827471,0.456032106,0.35823325,0.0655147845361456,0.145297869,0.282406988,0.0184729806895533,0.460901597,0.379220077,-0.0474949210749564,0.451733876,0.441059515,0.01519419460622,0.255945771,0.482548906,0.161556851784136,0.291959068,0.438736553,0.310920035743651,0.411940827,0.561647644,0.147804137102652,0.295947547,0.420565787,0.232220787646934,0.319539269,0.443233191,0.317868984740507,0.344170236,0.551504455
"96",96,"NM1713PAR",1,395,12,1,9.55,5.25,7.2,0.7,6.55,-0.0857718151456927,0.469567223,0.497862695,-0.0355390632816996,0.461623175,0.466659338,0.0276780927480098,0.402753645,0.480506737,0.213721974743333,0.400196327,0.513362874,0.185700724699186,0.42577116,0.462484239,0.31624779192299,0.472351155,0.571805762,0.3492660795033,0.469900397,0.585816055,0.00188720097434091,0.517161627,0.284922313,0.245648930309491,0.43376444,0.504612593,0.220714794666416,0.328716963,0.399521219,0.342974227016485,0.456780359,0.550721563,0.290738842593214,0.418799115,0.468258241,0.0218520437269936,0.437567524,0.20224383,0.0867974308772783,0.427372588,0.450696584,0.125190398249679,0.299592403,0.372924372,0.336647649346783,0.358056862,0.539815155,0.0658611386447027,0.419505882,0.404971745,0.0233588326403227,0.454771433,0.460722709,-0.00123606446904037,0.451955532,0.472575086,0.0457397443443597,0.430833609,0.410023176,0.0739474797975422,0.313898379,0.264258861,-0.00996156994989528,0.415469945,0.345628446,-0.0768121939673297,0.511575157,0.506393042,-0.00665824393049333,0.412409841,0.288096449,-0.0248827229176763,0.481171667,0.446236341,-0.0635524633347065,0.461888976,0.437197987,-0.0084547362072267,0.259881113,0.491534534,0.139431626510963,0.282838369,0.395720226,0.262716338872235,0.415283526,0.52995327,0.159022372695918,0.32780345,0.387317202,0.232017325884049,0.318603339,0.425099784,0.341834080133949,0.35567533,0.54110693
"97",97,"NM1712PAR",1,396,13,1,10.05,5.4,8.05,0.65,6.2,-0.0752629070466234,0.464253882,0.493599285,-0.0342173868083379,0.454541841,0.463207215,0.0416653486899651,0.35559661,0.476909356,0.213379200939851,0.395322265,0.508844361,0.197435538194622,0.393239582,0.457100974,0.27453545075651,0.424035243,0.507440487,0.346988379877883,0.483552061,0.594295675,0.0507524300348956,0.466690489,0.304257411,0.255743184555036,0.425731893,0.498745353,0.216989742294214,0.290362109,0.404780055,0.355360539851265,0.452525612,0.549708087,0.276752928877109,0.402776938,0.446170537,0.015786280931036,0.47517894,0.205677675,0.0912712450875493,0.422469764,0.453603407,0.120494413960818,0.297776091,0.377588821,0.344086011345632,0.376001269,0.556333939,0.0410271448596866,0.424682731,0.415049758,0.0141567953835424,0.434607893,0.446626756,-0.00892753976582292,0.435581124,0.46435328,0.0363720805659738,0.425720585,0.407055795,0.0383587508755704,0.342187029,0.334032549,-0.0140312155616537,0.430780648,0.378541741,-0.0508173604008663,0.504107346,0.446847244,-0.000388121216178421,0.379816846,0.291930899,-0.0248454319284257,0.477722045,0.434347222,-0.0907146560652389,0.481224331,0.45265551,-0.0378751262218691,0.262460916,0.526170599,0.107610112506299,0.288932594,0.394537835,0.231632087184354,0.408276301,0.508371326,0.140367719418442,0.299456342,0.395251816,0.203432940416147,0.304795535,0.421258096,0.308843208872643,0.336757467,0.526099966
"98",98,"SW_9812",1,397,13,2,10.9,6.2,8.75,1,6.85,-0.0346070220455574,0.454313935,0.475262913,-0.00467551776376436,0.43909559,0.460038701,0.0379167026408652,0.348520055,0.450158599,0.234013506031724,0.403727032,0.534647521,0.220745105631726,0.354778476,0.46448721,0.34644761625742,0.471170453,0.577799509,0.343541429628069,0.483309254,0.597822497,0.0702785055037632,0.535516517,0.397217218,0.313745688704073,0.442213252,0.526480252,0.222576142941513,0.307863607,0.430011014,0.378633900847009,0.467195596,0.580443801,0.32127150327473,0.406040834,0.467563086,0.0390278648827201,0.386212061,0.231858954,0.137308533290724,0.410651858,0.45759202,0.130507325706278,0.28288941,0.384962479,0.346112138918848,0.338350405,0.530313562,0.0588885210480854,0.417658671,0.399549172,0.0632940554720331,0.420487521,0.438833398,0.0310930880648911,0.43160054,0.462534961,0.0584629432831099,0.420627598,0.40205257,0.0387426146494054,0.325515707,0.338433607,0.01052533951408,0.330879398,0.322643063,-0.0187690447697555,0.489652243,0.368611771,0.0704703726442263,0.150325158,0.336853383,0.0199697716447419,0.444964381,0.360909777,-0.061022351399702,0.473594368,0.444914989,0.0170616120282877,0.275761958,0.485866714,0.170010216293424,0.304603663,0.416159751,0.320802163940914,0.416954411,0.554554214,0.160907315365562,0.321750499,0.407841458,0.218419449322119,0.295554457,0.417419674,0.297545463443979,0.296793541,0.515576491
"99",99,"SW_1011",2,398,13,3,9.85,6.55,8.75,1,7.15,-0.067833469314641,0.5252013,0.4914082,-0.0164843008350306,0.467625149,0.454352186,0.0198161499483333,0.349758585,0.4428973,0.20466135275117,0.388421957,0.513601978,0.164698603027112,0.338635127,0.446425391,0.314355075503189,0.439636574,0.552476318,0.308243082043254,0.435783379,0.575660347,0.0979293596998473,0.491127303,0.380759524,0.266283869220613,0.398869955,0.519401988,0.178291048226247,0.321423892,0.434351714,0.358912105558207,0.416491725,0.587343655,0.316777600164119,0.349293884,0.475727435,0.0150706352913448,0.302218115,0.204970108,0.119061097530202,0.394754695,0.447654308,0.105473042465547,0.255836976,0.377323729,0.336292642352554,0.356782297,0.556713712,0.0544480217382212,0.400677566,0.378959817,0.0755684764275748,0.395526235,0.414253462,0.0306963617310805,0.486403338,0.392899495,0.0470009231297891,0.396254644,0.394899754,0.0108003803833023,0.359254418,0.331741244,-0.0161442946496138,0.420512821,0.387025052,-0.0199893903666224,0.473667256,0.360393705,-0.00506652836023563,0.36771534,0.260445587,-0.0113429562070216,0.432567897,0.387993034,-0.0396793847569172,0.462911962,0.44047557,0.0156181103651403,0.27194953,0.444419048,0.146538593112793,0.292541199,0.406533532,0.296594490693159,0.382326531,0.555534737,0.14294945874175,0.307619485,0.397985225,0.196777993804411,0.27829364,0.423302111,0.273082300133325,0.27403834,0.513777014
"100",100,"SW_9813",2,399,13,4,10.5,6.1,8.15,0.95,7,-0.0806371687327084,0.520519198,0.484748174,-0.0225570678562238,0.445957997,0.445479472,0.0265446346135178,0.361320674,0.466053507,0.2113582138136,0.390558251,0.525663081,0.187439993372947,0.366149623,0.452384846,0.298911690825716,0.436931138,0.549814944,0.345965640682599,0.478019967,0.596158208,0.0383158789816158,0.516064911,0.504235481,0.278195908909932,0.416952424,0.513832839,0.180625121567549,0.313309747,0.433223737,0.355129865332947,0.443942017,0.577211639,0.271599486419827,0.374970762,0.450198898,0.00771558695242863,0.380560383,0.20316295,0.0837779182380361,0.414055468,0.442266476,0.0974953447123393,0.295068425,0.377659935,0.338526276505286,0.364826638,0.557262211,0.0426548383993386,0.420539367,0.42006918,0.0271290378865598,0.423323138,0.436958742,-0.0143851206875376,0.438483692,0.463687669,0.0287747627297223,0.422839091,0.404393923,0.0416004429335322,0.349045677,0.339700948,-0.0150977259752817,0.413939869,0.382027149,0.0442658296386276,0.234874441,0.25518109,-0.000285993399624419,0.403718826,0.203633322,0.016470294749595,0.449828811,0.339177307,-0.0572838159617013,0.47067412,0.445517353,0.000497104474593272,0.276611896,0.453944277,0.146756735276753,0.311443503,0.417672427,0.2886486723564,0.392484953,0.542149635,0.133603064770391,0.308371057,0.390383186,0.197824894989661,0.283818143,0.407408478,0.267938306331364,0.266986527,0.502416449
"101",101,"AFX_779",3,400,13,5,9.75,5.1,7.5,0.25,6.7,-0.116203740555516,0.496536018,0.475352669,-0.040275237686742,0.449648275,0.462462119,0.00393264518887683,0.379137878,0.484900607,0.214080672230064,0.415930347,0.515856535,0.181823416852154,0.388978671,0.456070568,0.271813760083027,0.441936245,0.543181244,0.350126519361675,0.460068104,0.600164191,0.0362144159270883,0.407343224,0.396674351,0.259264290166055,0.419922349,0.502475141,0.179792317286071,0.333743717,0.428302609,0.353052482321084,0.449607504,0.563512111,0.257298500529818,0.396336327,0.454240157,0.0031266202819132,0.409564958,0.201799246,0.0821558725320024,0.416745176,0.447513476,0.0849914115872766,0.330892278,0.382002478,0.344617665240822,0.361303549,0.569343909,0.0502798389814471,0.435694126,0.435416704,0.0221275520862911,0.424627451,0.439453165,-0.0128612689088736,0.439324816,0.464879229,0.0415499662575453,0.427097499,0.402253234,0.0614768367169929,0.358671769,0.357042623,0.00876467600017913,0.333669739,0.338985186,0.0478987282298951,0.231615886,0.230688388,0.0142449650344589,0.410766446,0.178518309,0.0294966757292165,0.474825811,0.361448417,-0.0709961898701211,0.471461115,0.447825285,-0.00412398173869758,0.257605335,0.497374793,0.143495205023702,0.307348745,0.454019226,0.294531764488868,0.429499385,0.545845542,0.15886334639629,0.355562249,0.393052585,0.22652261291551,0.316515626,0.42979243,0.318989529504734,0.323503313,0.541447394
"102",102,"SW_8421S",3,401,13,6,10.45,6.25,8.9,1.1,7.6,-0.0837133158363061,0.492822493,0.472580947,-0.0222980630348911,0.447451148,0.458436053,0.0210921859202143,0.372011952,0.47285383,0.229392145901867,0.420684683,0.52151499,0.13938246858743,0.376951201,0.438405551,0.337333268257995,0.465080882,0.594948208,0.347698347854949,0.460207806,0.603085343,0.0390029393319956,0.344371869,0.341111567,0.305734720991396,0.433005129,0.523540671,0.205549309223077,0.319350427,0.451864049,0.391757312080237,0.473296327,0.593498767,0.3177441476805,0.413420793,0.496991558,0.0223701718433195,0.211476668,0.229847966,0.138832550804244,0.392563472,0.446533279,0.111828178127921,0.31099231,0.394614267,0.361729962557361,0.357095748,0.56869548,0.0670980619032115,0.421129613,0.421729915,0.0776167373265973,0.391441135,0.422433374,0.0308859421741345,0.418648528,0.450090219,0.0557120282426602,0.416673656,0.400752492,0.05906062857579,0.371637525,0.348446828,0.00596186615727812,0.337340232,0.322081007,0.0454495999758774,0.208094413,0.2411074,0.017579086692406,0.395938871,0.192998316,0.00924783535595655,0.44890347,0.389389893,-0.0200131922885577,0.454737783,0.451243516,0.0415230132212484,0.260464301,0.452320591,0.166639894970687,0.319253071,0.466906424,0.341962591252272,0.433994304,0.576845329,0.152397633647385,0.30514328,0.413429928,0.197370141233213,0.277594501,0.423241272,0.284592910036703,0.288333483,0.525231243
"103",103,"DONA_ANA",4,402,13,7,10.95,5.6,8.8,0.8,7.3,-0.0497005458585952,0.43038725,0.476787921,-0.0433726674318539,0.460970697,0.47147134,0.0466098426490019,0.410794268,0.480056556,0.248547408609509,0.456206045,0.55038727,0.157871327000881,0.383886764,0.450430379,0.343924559043013,0.45570343,0.592711662,0.376523497641819,0.501061416,0.62128738,0.0811321103314866,0.446708831,0.40526691,0.290671297624662,0.446608147,0.520586145,0.203634833690411,0.336484304,0.488195772,0.386985354995001,0.483006878,0.590116046,0.273946004125615,0.428902905,0.486813018,-0.00673548606480197,0.144371446,0.17147599,0.0942715418638255,0.420346639,0.445167289,0.100362131164353,0.338017569,0.443908895,0.356130733836243,0.369591531,0.572159569,0.0385062870639801,0.428370563,0.43563779,0.0416660769223046,0.403831819,0.434818963,-0.00724492198613368,0.425061275,0.470893441,0.0409748522131813,0.425832873,0.408934076,0.0458782350785165,0.388258198,0.398113327,-0.0248949720866412,0.422380864,0.384568113,0.029223674362168,0.328470175,0.20031737,0.00358487869445223,0.424993289,0.189294,-0.015711262558704,0.478051751,0.41076583,-0.0551708183499686,0.45887989,0.450360429,0.0184435509855915,0.272384001,0.477316603,0.151731998228081,0.321087396,0.490063897,0.333594131926568,0.433557464,0.562880005,0.155614718070384,0.330316297,0.418114456,0.208943725317479,0.296515879,0.422165608,0.309190016710145,0.297792412,0.519375019
"104",104,"SW_9812",4,403,13,8,9.95,5.15,7.8,0.65,6.9,-0.0472175651828741,0.436771983,0.474776219,-0.0638545036580645,0.472397037,0.454983074,0.0568462612867004,0.409385504,0.4857585,0.279084888577966,0.453450646,0.551391117,0.162658686080935,0.37802267,0.4568052,0.332025061061248,0.443398415,0.571829163,0.394479897868401,0.49572338,0.616857566,0.0425010157986159,0.456225391,0.327129517,0.256052563623026,0.425695301,0.504737671,0.20357734869865,0.364161884,0.450022463,0.369937657193418,0.443052757,0.560708603,0.226294813910133,0.422711992,0.445602456,-0.0514408591921492,0.335447744,0.225786052,0.0627889647116934,0.429723459,0.452279509,0.0563452238569087,0.413715925,0.456762683,0.354732820678049,0.379071508,0.555669021,0.0220555208171644,0.435700738,0.436527629,-0.0112067947907098,0.429201635,0.437197846,-0.0725474154048039,0.455719644,0.462369251,0.0152155816720291,0.43826638,0.419080675,-0.00114693126215664,0.375392809,0.376925684,-0.0996408848343486,0.504785326,0.483331504,-0.0888208681240275,0.502584697,0.485643521,-0.0973893840216439,0.466297637,0.43522256,-0.0746115684202798,0.494855601,0.44746143,-0.0848318250144475,0.467891496,0.461249074,-0.00126172919760282,0.256619794,0.374041074,0.141329022778228,0.28606775,0.418496033,0.305483547843775,0.394293945,0.5333797,0.142022916751972,0.321998735,0.40003175,0.214598089412676,0.295783955,0.436991014,0.348658102034728,0.309867673,0.527855049
"105",105,"NUMEX_BILL_MELTON",4,404,14,8,9.7,5.15,6.9,0.4,6.4,-0.067458723094777,0.439448212,0.48364794,-0.0708225776073731,0.463353868,0.470414857,0.01860603905347,0.41120251,0.500423018,0.235292313065338,0.429582997,0.527287354,0.150898878950426,0.397972009,0.453245401,0.220742859934755,0.400783148,0.501024571,0.37187267884001,0.454147981,0.591904963,0.0599286569975942,0.347346846,0.272889361,0.208481263546419,0.416549477,0.489112759,0.197404766258509,0.360534723,0.421547354,0.342811271586223,0.423048023,0.545627995,0.222246439359569,0.402303525,0.456323397,-0.0588237460453318,0.37151216,0.228846145,0.0341879785720991,0.438301481,0.448299432,0.0479359790546347,0.379899261,0.418115748,0.338166183387337,0.367980811,0.550553484,-0.00145517978114562,0.452559206,0.422248262,-0.0225822449846098,0.434153582,0.450067378,-0.0859670884108256,0.458648906,0.463196176,0.0162344011359184,0.426258691,0.421660413,-0.0124154817613401,0.328755004,0.351839003,-0.134871681819917,0.538796849,0.522898451,-0.102762852821654,0.512473677,0.508983802,-0.127313349154164,0.479664447,0.464078817,-0.0724190911646759,0.501519237,0.441800792,-0.0748372128544479,0.47378658,0.452679885,0.0180051121537826,0.265240955,0.414936725,0.130271822332503,0.299147402,0.428500801,0.287138131426816,0.409618104,0.534435724,0.111867497868799,0.304951156,0.388386227,0.178159313137096,0.262539091,0.409272004,0.314671046290994,0.270315964,0.490407495
"106",106,"NUMEX_BILL_MELTON",4,405,14,7,10.25,5.6,7.4,0.9,6.25,-0.0623713483016027,0.431251676,0.475748748,-0.0469589608209802,0.450808314,0.463110491,0.0139323895065199,0.387101524,0.490010803,0.214941432093494,0.433030461,0.52616697,0.141965943815436,0.390300006,0.438565812,0.271818420632792,0.413188096,0.528300334,0.354901910489713,0.458647279,0.594545518,0.0381586834213864,0.355000116,0.310756282,0.227085289318881,0.419951998,0.490175061,0.185121676917518,0.33140717,0.451871766,0.344177795055165,0.450050403,0.554535491,0.240791150345951,0.382027372,0.450154738,-0.0296234824541273,0.27448024,0.177925345,0.0249437131387039,0.43459797,0.446664669,0.0456378191396675,0.363948638,0.421569551,0.323605416031341,0.329347073,0.549677651,0.0137703210949992,0.449420525,0.426366794,0.00780292935657336,0.421938347,0.434603524,-0.0340584707619703,0.434099012,0.465395328,0.0223736836020908,0.416313873,0.408891219,0.00758859045345082,0.407783923,0.434357857,-0.0947946799248738,0.495136999,0.503592868,-0.00498943965997579,0.49914078,0.290249271,-0.044800341168147,0.466768891,0.372779462,-0.0359454723433382,0.491606852,0.447307839,-0.102014609474094,0.483236408,0.460102,-0.0385634605509335,0.257314494,0.462642631,0.0862540155656979,0.27998188,0.461789502,0.23454144280398,0.392979116,0.506342314,0.10955172276394,0.329937617,0.367055516,0.173103544951954,0.271866019,0.398866201,0.294629296246961,0.289892489,0.496029601
"107",107,"NUMEX_BILL_MELTON",3,406,14,6,9.4,5.95,7.15,0.6,6.45,-0.114574363118789,0.49388797,0.479671865,-0.0542316579900732,0.458909288,0.463531645,-0.0103881578548639,0.346409653,0.490755797,0.196500425488032,0.414036992,0.502469609,0.119945783649815,0.35860994,0.446154188,0.34707612186983,0.439903564,0.572305847,0.322486786451336,0.421627609,0.576669102,0.00502905716299196,0.274744267,0.270313452,0.2135244488951,0.408476278,0.487085358,0.175353354889565,0.299616352,0.412207588,0.336806029718934,0.43571154,0.554414997,0.268450149068688,0.366115777,0.469514235,-0.00876396436943765,0.216771926,0.168062114,0.0686507349171078,0.41130687,0.442613759,0.0546158758022627,0.307729279,0.369680867,0.32960433936875,0.335098959,0.557890895,0.0315893465854653,0.428855819,0.410583142,0.0350725523171996,0.414306635,0.432502801,0.00569358946625063,0.430404961,0.463860425,0.0188710563560534,0.405763179,0.399023891,0.0123386013183241,0.424395658,0.42311491,-0.0489599746877786,0.477096232,0.468715359,0.00877737268703314,0.481810892,0.237093339,-0.0245872040983104,0.439139633,0.296522719,-0.0217833601393873,0.464823916,0.416498248,-0.0603553273851334,0.476520394,0.444130029,-0.00415369344453983,0.25724553,0.428616219,0.115558926038826,0.303447691,0.460842053,0.274842861799335,0.410767742,0.542643268,0.108010158359937,0.276558148,0.375892481,0.164659234517634,0.250137099,0.395128163,0.255697662728098,0.252030182,0.492298821
"108",108,"NUMEX_BILL_MELTON",3,407,14,5,9.75,6.25,7.4,0.75,6.75,-0.111540407536258,0.502821768,0.478331551,-0.0362799651496661,0.454213859,0.461659326,0.010185758890227,0.341995787,0.480663876,0.211696332738021,0.416946222,0.517485748,0.178404201699215,0.35809465,0.444386639,0.276564599643083,0.426807407,0.541771743,0.336186040415076,0.446655482,0.598771794,0.013523559198012,0.320289022,0.299929786,0.235558124767679,0.418334056,0.49359616,0.184494425393641,0.301074526,0.420415542,0.354307794755095,0.446045695,0.564531176,0.284407622045955,0.374874958,0.473080092,-0.00853383238181288,0.410565919,0.192731556,0.0784527954017912,0.4111712,0.440171308,0.082783550365879,0.313498372,0.39243439,0.32307313003814,0.371211616,0.567270028,0.0384624174923325,0.431721314,0.412891877,0.0489940613023307,0.430040606,0.441577761,0.0234322432762742,0.436623566,0.456524523,0.0691013219301978,0.401862367,0.403838477,0.0275885563062639,0.349974303,0.403100944,-0.0320661270829964,0.476920673,0.499298332,0.0141987363984485,0.471353875,0.236911298,-0.0175186291018892,0.43186909,0.288188661,0.0491047683997553,0.467407683,0.331795415,-0.0397173791399836,0.470662162,0.439622555,0.0157899883324792,0.26522993,0.439737839,0.139540809185871,0.311157397,0.458420119,0.302922867674928,0.417892781,0.554318437,0.119990537904191,0.285508783,0.385633915,0.167928666149419,0.253840323,0.396015903,0.26315380165606,0.257983597,0.502235381
"109",109,"NUMEX_BILL_MELTON",2,408,14,4,9.75,6,7.25,0.75,6.5,-0.108482745181514,0.511733447,0.486771142,-0.0489500354933869,0.460624003,0.46579108,0.00137788619067081,0.352569564,0.479892339,0.186470986236377,0.400536208,0.51097923,0.161243221761909,0.362969632,0.450638546,0.289694183980434,0.434565802,0.542998679,0.333586439553759,0.447383588,0.58219783,0.0397693107021393,0.387135342,0.337831667,0.204663899075547,0.398786074,0.480298893,0.163114175885622,0.285909934,0.404400028,0.324914808030639,0.425734396,0.548992246,0.259826523555933,0.361619843,0.460709388,-0.0156147294631631,0.401501978,0.168781171,0.0353786674415655,0.428284703,0.439317421,0.0794899426725386,0.291320038,0.359153306,0.323582921373816,0.352822447,0.557090048,0.0213463378654842,0.441867468,0.414319701,0.0116330704898723,0.429325639,0.440613819,-0.0278500771920439,0.454476474,0.469083864,0.0242245231312905,0.4116617,0.406650848,0.00929859298301985,0.386500568,0.384751131,-0.0496276698959095,0.479950885,0.489776239,0.0152982849855437,0.467464755,0.207677803,-0.0308684153792334,0.432648094,0.30969257,0.021394645391089,0.475857714,0.325034012,-0.0826877017319749,0.479668933,0.446884385,-0.0229824675501091,0.269709483,0.40562567,0.114140975663961,0.298408675,0.405758755,0.251598705409935,0.389580094,0.513627292,0.117339108572406,0.307133319,0.380527862,0.183599167622356,0.281644845,0.419303142,0.268488341414611,0.281163636,0.510198679
"110",110,"NUMEX_BILL_MELTON",2,409,14,3,9.9,6.6,7.75,0.85,6.4,-0.0882038733033982,0.494972583,0.486044478,-0.0396768308461047,0.477011852,0.472688264,0.00162606939220695,0.340549154,0.436401168,0.196652915518383,0.40066051,0.505208069,0.15369767656785,0.333319315,0.423583063,0.322915206979526,0.441929841,0.562924929,0.298373101931117,0.43084318,0.563381532,0.0383609563738396,0.347119902,0.254774072,0.20732513860267,0.400468944,0.492519596,0.160947363967999,0.317031373,0.441905153,0.32927079836996,0.412083603,0.563498739,0.310774204038492,0.358501257,0.494113187,-0.0154602825559744,0.329072442,0.158318074,0.0709263301212554,0.424564097,0.443031013,0.073520341793757,0.285269467,0.365076657,0.31792540399258,0.370192112,0.563926796,0.017977758104612,0.419386023,0.390502162,0.0502228272349721,0.418226657,0.431120774,0.0076807801830049,0.48559117,0.424687287,0.0377261687804456,0.400249605,0.396533495,-0.0182930442991092,0.307396793,0.334483735,-0.0504053707117119,0.476799801,0.474160139,-0.0518939838125189,0.504312177,0.448246925,-0.035527162284474,0.427870907,0.295995406,-0.00711144786339994,0.451399609,0.41205782,-0.0586059004175495,0.468021437,0.435611545,-0.00385489200131334,0.279136287,0.373631364,0.12576436884458,0.306255055,0.394137102,0.280534173240305,0.392649791,0.555270071,0.116697624042831,0.307805517,0.399176661,0.165075134403085,0.266495135,0.42555771,0.251920852648323,0.256415736,0.502009546
"111",111,"NUMEX_BILL_MELTON",1,410,14,2,10.3,5.95,7.75,0.7,6.75,-0.0645919796292837,0.455373388,0.478325847,-0.0512334143794276,0.454417282,0.472235644,-0.00232139430169496,0.320114563,0.457914496,0.217050084657112,0.407738086,0.517632621,0.179872832402739,0.365819319,0.454713167,0.334028772395735,0.468267114,0.568410541,0.336160294409695,0.44975468,0.578775447,0.0466357233842648,0.427218649,0.290552036,0.251051099085842,0.423263414,0.503470512,0.197298083917227,0.285756255,0.405125327,0.33125626253585,0.452984693,0.550091554,0.280000322895195,0.37630137,0.454020654,0.00189395834794507,0.454926262,0.180699975,0.0729235207944255,0.423067924,0.452515038,0.094608538445846,0.294589449,0.388718133,0.323524924379807,0.355817894,0.54551294,0.0285629664103951,0.436886476,0.413231574,0.0337764611778021,0.419841409,0.445693424,0.00161171189682589,0.446176471,0.460332439,0.0420341258276974,0.413051971,0.408197866,-0.0215137367380809,0.298625403,0.36810532,-0.0344753686263744,0.461017268,0.478899285,-0.031761393140663,0.496967225,0.40070639,0.0329967995386291,0.275150717,0.246132033,0.0269475114033372,0.480980824,0.342679194,-0.0513641147487952,0.479203592,0.446340027,0.00626025887780702,0.26522769,0.443224941,0.13874468340953,0.290809682,0.425172236,0.287718113770451,0.398437836,0.53230442,0.130416383829406,0.293842649,0.386313122,0.179036116625858,0.251282051,0.385065592,0.268107356632912,0.263140683,0.488640865
"112",112,"NUMEX_BILL_MELTON",1,411,14,1,10.7,6.65,8.5,0.95,7.15,-0.0364233480039175,0.452951206,0.477473213,-0.0290877344646906,0.459319325,0.471818531,0.0441272441551093,0.340860246,0.451847664,0.237306740922277,0.409242322,0.520219893,0.197888559526113,0.340811766,0.438664404,0.326671779190995,0.456018195,0.562149312,0.357412523237148,0.476846353,0.596042534,0.0355562712837403,0.328995857,0.258772481,0.274001164285072,0.429777312,0.505355236,0.239372674334216,0.294215937,0.438421324,0.366433150600539,0.450855553,0.56288639,0.321637345877184,0.38197697,0.463584537,-0.00157103682044223,0.511229496,0.223468566,0.087355692299414,0.416011249,0.442759745,0.129684914892221,0.286599861,0.396438496,0.338751057748405,0.369842144,0.542614527,0.0303237072592894,0.435326094,0.404637707,0.0428460664581269,0.417697295,0.430249293,0.0199772222208383,0.441042915,0.461619331,0.0530650649305435,0.404537741,0.399719149,-0.0229931214280499,0.285239,0.342598365,-0.0410288870546699,0.455904651,0.461965096,-0.0468649625230986,0.504932134,0.429301096,-0.0181689258459468,0.423723375,0.304884982,0.00155391891851972,0.478004692,0.405963798,-0.0162052564538447,0.475170761,0.443202237,0.0356343606518354,0.267306308,0.422214298,0.162267952225301,0.303968308,0.428373233,0.319524038892752,0.40883263,0.551496999,0.146358757764293,0.289169965,0.40110876,0.174507686994805,0.25124859,0.392351716,0.273167736580602,0.253377617,0.483715472
"113",113,"NM1715PAR",1,412,15,1,8.2,4.85,7.3,0.5,6.45,-0.0874361370899878,0.462062752,0.497159287,-0.0815624847166198,0.469737281,0.456023757,0.0175202325849609,0.378233622,0.499665461,0.203485006773281,0.419744315,0.507527045,0.152163750711216,0.382144482,0.438388689,0.308843122955207,0.465029918,0.559865089,0.348032338218333,0.464198643,0.574153923,0.11636020130917,0.286738817,0.270961244,0.215244915942149,0.404111473,0.488671212,0.23528436653216,0.360258612,0.414006456,0.33604757415988,0.42883273,0.5368019,0.252772916489617,0.383625524,0.435660334,-0.04953657629814,0.512848567,0.263467358,0.0782294897415393,0.437630158,0.452734146,0.109493734244304,0.31091278,0.386607523,0.330669752004155,0.365749886,0.545978259,0.0280210379993936,0.448569188,0.422657092,0.0191807085643127,0.44043889,0.451749517,-0.0323527341412875,0.462806163,0.463771585,0.0343427263637993,0.427576978,0.421895302,-0.05391962278307,0.249672458,0.330999944,-0.0574762104052026,0.485299426,0.493182424,-0.107030129279086,0.515932985,0.524752446,-0.0608212312252543,0.455951285,0.393577471,-0.00984893299301379,0.505361616,0.416422624,-0.0411602336045787,0.468746261,0.434745235,-0.0141757107937239,0.267519743,0.442179746,0.120252499609607,0.279054704,0.385421912,0.249299914522937,0.404299551,0.507797124,0.160774964128948,0.35085265,0.39993154,0.217109250063975,0.304740949,0.440302166,0.323992249880904,0.330495505,0.534219697
"114",114,"NM1701PAR",1,413,15,2,9.6,5.6,8.25,1,7,-0.037128208803956,0.423711607,0.481910706,-0.0435174066906663,0.445679914,0.464162235,0.00513588109288318,0.327535301,0.466267803,0.233339320181235,0.430302434,0.520595124,0.195176908117201,0.382823775,0.436045756,0.296330983526765,0.459260573,0.541512581,0.335075535353647,0.455358511,0.584594644,0.116733958998135,0.297892878,0.273684795,0.263505266816737,0.413531645,0.511095348,0.226705207125031,0.366079063,0.442217951,0.34927248886298,0.43329907,0.555441176,0.271239257357617,0.401789565,0.462348171,-0.023496127978133,0.473617622,0.185042768,0.09099497750024,0.430741665,0.456562828,0.103141813727818,0.309997425,0.384821948,0.318170261837845,0.362051465,0.554570159,0.0261568528411826,0.446256786,0.423391087,0.0617965395453205,0.417741574,0.44695994,0.0168006496257913,0.451304432,0.462333203,0.0525269524510029,0.416385609,0.409045175,-0.0404530183235429,0.250015828,0.348549988,-0.0493514495543951,0.486166516,0.504104374,-0.0939994142141233,0.515684899,0.510577227,-0.040782950894938,0.436539774,0.356418897,0.0276657815780066,0.489783212,0.375360997,-0.0240856726939452,0.46210568,0.432197422,0.00237199056800311,0.284045843,0.465059544,0.13773364758971,0.295372511,0.429732013,0.292980828844726,0.411785862,0.539964952,0.13238059746638,0.335617484,0.398644525,0.192780626108951,0.27619656,0.441982838,0.297990067691163,0.291041169,0.522570821
"115",115,"MESQUITE",2,414,15,3,8.5,6.15,7.4,0.85,6.25,-0.0676665006988278,0.489667946,0.487980539,-0.0482879820688653,0.463333468,0.460756336,-0.0214205953005589,0.315354567,0.458476161,0.172030322332062,0.392086495,0.490970944,0.151628068825595,0.328815287,0.436195504,0.330340496157432,0.443753513,0.562578125,0.282760773624618,0.394497745,0.541835863,0.0949959955129769,0.280553608,0.272353409,0.222342200662059,0.38683972,0.487172429,0.188546595315792,0.340427771,0.448016209,0.309577963512191,0.392302876,0.531501409,0.29080675977487,0.36504216,0.479073604,-0.014480617407273,0.299564741,0.157477062,0.113464667664647,0.401370344,0.43870643,0.0901977738600152,0.293050378,0.351204556,0.315712659611335,0.351554234,0.541194298,0.0220877515757163,0.434445158,0.417054268,0.0772054033613713,0.403463535,0.429464668,0.00669272435409572,0.493076387,0.425128729,0.0457929065329269,0.408138838,0.400490848,-0.0245465521754481,0.25560248,0.343677076,-0.0539381743454181,0.49663628,0.489092599,-0.116114659601546,0.525950471,0.544503591,-0.0799207706830471,0.464418049,0.387411086,-0.00872708408069817,0.44891227,0.414007532,-0.0417115652158244,0.476759548,0.440740008,-0.000324558539010877,0.246272174,0.399842042,0.124252106955911,0.305251458,0.381046788,0.268095967075594,0.37175539,0.527161547,0.132266447758864,0.338491645,0.396831588,0.173919056759453,0.250484894,0.456444732,0.26311756543777,0.246715235,0.504623592
"116",116,"SW_8888",2,415,15,4,8.8,5.6,7.55,0.7,6.25,-0.0780042878312929,0.472772679,0.487665781,-0.0363855845122429,0.443010393,0.456588892,0.00149427136880561,0.369350856,0.47726982,0.189999657353744,0.398238509,0.505997828,0.191709439006567,0.380787792,0.431540599,0.320133088914483,0.430582406,0.55861092,0.326663927050513,0.447820675,0.58207547,0.0893015840166631,0.301733486,0.262952156,0.237949837281176,0.410593752,0.499353536,0.208499470120988,0.360675492,0.44487462,0.34258206183979,0.417440122,0.550278464,0.280572289370556,0.388743864,0.479156273,-0.0220622421190981,0.362995176,0.165106008,0.090819191889681,0.41171645,0.43341076,0.104972607159169,0.298626163,0.373437075,0.328115767123876,0.358481438,0.561176133,0.0347782208575486,0.429268755,0.416932417,0.0633819388024875,0.40761797,0.434149218,0.00818660528322932,0.447461657,0.468760416,0.0571842692613825,0.410001126,0.407673076,0.0073016844640939,0.40641547,0.391320783,-0.0549468201639532,0.484934425,0.501273338,-0.085651529752841,0.511246673,0.501024752,-0.0668854722907626,0.459350482,0.380465582,0.0290680751733769,0.4715861,0.376652189,-0.0317136634305594,0.464429994,0.44558976,0.00840747055470554,0.271263427,0.453353726,0.147612238764448,0.294686809,0.427470245,0.295116001181781,0.397443022,0.541135784,0.12874788088101,0.339070474,0.389199174,0.180962931230215,0.266116582,0.43266943,0.256818119099241,0.245506938,0.485251514
"117",117,"NM1703PAR",3,416,15,5,9.9,5.95,7.8,1.1,7.2,-0.054626635032677,0.449019021,0.482676062,-0.0148194032265005,0.437365896,0.462029988,0.0238258660787592,0.367455988,0.473164038,0.215430700967446,0.426799955,0.520540175,0.187927280825702,0.381675493,0.445237925,0.285526975388577,0.424320579,0.533144777,0.334085714777977,0.449589392,0.595308034,0.0689914340420054,0.268358707,0.251301002,0.253862633109203,0.414047158,0.502056164,0.217581163402115,0.349220867,0.450530231,0.364478202828544,0.435385265,0.56759986,0.29666764855602,0.407483102,0.498650156,-0.0166108205486134,0.375542425,0.177377652,0.116715370646257,0.400175654,0.436928299,0.102188577039743,0.312597565,0.386784357,0.327055208576895,0.351292264,0.570085252,0.035829768693929,0.429390171,0.418847364,0.0838834382315516,0.41013034,0.426517509,0.0361227212585741,0.437871619,0.458519918,0.0797672283505226,0.400672847,0.401171504,0.0152370212347856,0.368435655,0.426104314,-0.0456697024353834,0.494722768,0.506847021,-0.100151515240034,0.503172902,0.515141844,-0.08155525548372,0.480203716,0.417564259,0.0384146608699452,0.476682636,0.366300744,-0.0206967471824046,0.469203323,0.460245541,0.0144670969094634,0.290107162,0.497215779,0.143304804306468,0.295467308,0.449304189,0.297841347229424,0.428613841,0.549154652,0.143435001588542,0.331908737,0.416265539,0.198858756777457,0.278767845,0.469250795,0.302890296754718,0.298009749,0.556593506
"118",118,"SW_9812",3,417,15,6,9.2,6.7,8.45,1.2,6.85,-0.0588390345761625,0.47613564,0.48287386,-0.030310354408584,0.452393456,0.467933328,0.00552641154364788,0.357258423,0.482793744,0.200676328727911,0.407599556,0.496077119,0.164662282139777,0.354510046,0.447505168,0.31034498156052,0.437000745,0.558165553,0.32091083666236,0.407727492,0.560344925,0.0557683820984863,0.269195428,0.270072739,0.2532108756624,0.398445296,0.503478708,0.21237502927956,0.341995073,0.441472979,0.361137368312785,0.412739331,0.562085114,0.297140899374118,0.378968688,0.489328734,-0.00633146295749058,0.265029242,0.168072098,0.145765977511715,0.375101555,0.431917819,0.076101458854631,0.296701431,0.350404481,0.341077080097382,0.331176063,0.537942048,0.0462781001918894,0.430588436,0.415109904,0.115172732068833,0.373400248,0.416722561,0.0630306896622584,0.470549626,0.429477361,0.0583013287385869,0.396207556,0.397943752,0.00183032919126006,0.432509357,0.426778392,-0.0647173753816229,0.498116934,0.501927934,-0.0974773923660398,0.516912477,0.517111603,-0.119192176518496,0.476997719,0.45972223,-0.0297313555929486,0.454914121,0.421173621,-0.0102443142160558,0.470288514,0.457689261,0.040302018955022,0.290303999,0.46371917,0.160843754886599,0.314625391,0.444160754,0.307966947447937,0.408211247,0.548515043,0.148777713459707,0.305063148,0.396313246,0.187367705840438,0.235935122,0.417312868,0.271043607099016,0.230555906,0.49330454
"119",119,"SW_1011",4,418,15,7,10.2,5.9,7.9,0.85,6.8,-0.034107117194244,0.453774468,0.473738863,-0.00848166996604913,0.435909099,0.457203751,0.0406248163889207,0.396770515,0.470296077,0.218840894788343,0.429465238,0.524232433,0.188665927899572,0.394601772,0.446887644,0.233688860986515,0.413118075,0.512524817,0.344047448465709,0.440352346,0.582545193,0.0768762618353871,0.290358249,0.250609127,0.273224360635809,0.417521519,0.513711416,0.23491322165021,0.400237671,0.457563983,0.365620498525199,0.439185605,0.566804145,0.263558978898363,0.412728922,0.474515405,-0.0267933795482662,0.362832979,0.192043079,0.10379543845558,0.407929068,0.437395125,0.0834225327755749,0.300780879,0.36672797,0.324291301098946,0.339679001,0.539340288,0.0373779403603565,0.434637719,0.422695943,0.0846926412178085,0.398984257,0.424755186,0.0135116584124096,0.450998712,0.463505655,0.0588285318054043,0.409982683,0.401569558,0.0035821160995057,0.3889576,0.428381468,-0.116301693733241,0.536073823,0.526667913,-0.107605731725426,0.515580286,0.518322486,-0.138132926693083,0.477591697,0.481070049,-0.0447865711693606,0.49063406,0.438632837,-0.0676903668568722,0.470547557,0.46655581,0.00908395896697186,0.24463576,0.457343156,0.123560201436656,0.298492981,0.431486801,0.266285774008967,0.403757397,0.511939406,0.133065198458029,0.33429716,0.379084298,0.183531908234628,0.256645838,0.412648052,0.287401417156325,0.25948945,0.496486175
"120",120,"NM1705PAR",4,419,15,8,8.9,5.25,7.25,0.65,6.4,-0.0607503780678633,0.43117408,0.47217733,-0.0466299593508677,0.455202347,0.470798857,0.0161765178224039,0.420426274,0.506102489,0.214424848576853,0.440785265,0.522458312,0.178605154476492,0.425821883,0.450653292,0.268170184740774,0.417073352,0.542927592,0.345968337106563,0.451314097,0.580841718,0.0494362326449396,0.296101358,0.236288391,0.268063441646587,0.420188816,0.518715929,0.244936615370994,0.395577633,0.470752822,0.361574352571574,0.450410028,0.562562328,0.24420720479669,0.421876609,0.471421687,-0.0312755948398318,0.418468691,0.208607595,0.119703175595112,0.409236388,0.447618155,0.085661929646672,0.308659456,0.370312511,0.325313973698729,0.365864263,0.547769652,0.0165196172299465,0.442551634,0.424077627,0.036300556706227,0.423500621,0.44841658,-0.0463879458195686,0.453286648,0.469020191,0.0474971469262177,0.425219686,0.423608072,0.00182321991017458,0.415099715,0.398563581,-0.137947636818078,0.540207997,0.534505517,-0.147898799866978,0.542979662,0.539027924,-0.162302941544211,0.479022234,0.48165968,-0.067177794752742,0.492892404,0.436528591,-0.0415120669696586,0.474396899,0.464814353,0.0569780377428317,0.255350294,0.418401113,0.14110369299593,0.297706695,0.423506893,0.300804980811238,0.4361446,0.551740401,0.148706576945608,0.333436227,0.440726727,0.204389041889968,0.270271366,0.464821054,0.324410042030638,0.281593716,0.527547799
"121",121,"MESQUITE",4,420,16,8,9.05,5.85,7.45,1,6.3,-0.0471075050325569,0.430785698,0.47766803,-0.0387254901562764,0.455044882,0.473536153,0.00995704170124755,0.388576292,0.500655718,0.198294695074465,0.438642968,0.513713707,0.216058486690654,0.394639883,0.478152732,0.165917471666757,0.382538402,0.472333579,0.34136799475638,0.445597183,0.572912343,0.0901491784551255,0.327951335,0.274222321,0.259681981673973,0.420646565,0.508331053,0.290611648418354,0.41321639,0.490101152,0.363067155893465,0.449477166,0.55679447,0.268797301129392,0.433169676,0.486418001,-0.0243331593693839,0.418979934,0.213353361,0.134492818009974,0.393424564,0.432526138,0.0944721832910652,0.312892617,0.377147666,0.321334366655789,0.342677181,0.533501088,0.0195228801484832,0.443738426,0.431543468,0.0454699221898838,0.406158933,0.429114221,-0.021028065941243,0.436689359,0.470684167,0.0403824169779931,0.422676645,0.420628845,-0.0169112783695184,0.413911765,0.382579563,-0.144394384792315,0.53640181,0.529751634,-0.17024112934979,0.564117786,0.563231374,-0.162999013660395,0.486328378,0.476894426,-0.0703853606862716,0.477872167,0.43702878,-0.011023795632565,0.470544975,0.455036124,0.0738828717447059,0.256265697,0.357129843,0.167730211271089,0.309848554,0.433626879,0.308391640891577,0.431516408,0.54231888,0.18107846447169,0.341656683,0.453694485,0.204715504654039,0.255901335,0.467072812,0.300788128938391,0.258946016,0.497848995
"122",122,"NM1715PAR",4,421,16,7,8,4.2,5.8,0.35,5.2,-0.121949988961438,0.466645103,0.487249219,-0.0765925394843291,0.467248204,0.468714394,-0.011994699802284,0.371183434,0.502493251,0.178697405750512,0.432528275,0.50230946,0.212937625634885,0.397464886,0.456120712,0.220105505301598,0.387195226,0.514975845,0.328157759831482,0.445354668,0.567592991,0.107290132680932,0.28627451,0.24941223,0.165270119036952,0.420039445,0.48918219,0.239342600084179,0.359576758,0.430762974,0.309341533716131,0.437444037,0.526605685,0.209589361428051,0.408147931,0.443233252,-0.0487659055237176,0.420618141,0.229536757,0.0633727947728345,0.419339353,0.431329409,0.0528304368648057,0.317877915,0.35647543,0.292005415867253,0.312071299,0.519985801,0.0213519276690189,0.445282811,0.427690553,0.00207337297451224,0.424140382,0.436589129,-0.0506252889756555,0.454865913,0.471619843,-0.00273624782015139,0.430826252,0.417834492,-0.0185407136844443,0.408286576,0.439673643,-0.129979747052787,0.53651117,0.526482306,-0.166349117267187,0.552594231,0.578033122,-0.158309890579505,0.511605055,0.5038581,-0.0601058403357282,0.474752052,0.443275574,-0.066570385075797,0.483121265,0.457439545,-0.0222719783724396,0.241310804,0.368713927,0.0840268097586113,0.273951968,0.366486168,0.205600937797951,0.398829911,0.487803893,0.15119723111005,0.357960586,0.413788741,0.201410901991472,0.287287223,0.464725035,0.288811688580971,0.324083129,0.524971291
"123",123,"NM1704PAR",3,422,16,6,10.6,7.15,8,1.05,6.85,-0.0261950493191563,0.448017951,0.479715298,-0.0130817391537583,0.445877143,0.468339558,0.019937725809186,0.345809057,0.469196814,0.22155984133536,0.430126044,0.516633392,0.229203521852388,0.367296897,0.479523264,0.260836133150707,0.40645489,0.543946968,0.349853007411967,0.471154736,0.609355943,0.045754176259531,0.259556711,0.236950339,0.228664285158082,0.41223046,0.509876356,0.244631509289901,0.38404952,0.505091362,0.378919274742295,0.447071353,0.58399757,0.333909393087682,0.422440806,0.532922112,-0.035067258803778,0.316884489,0.175642786,0.143372146370595,0.380616823,0.435148757,0.0832496451472702,0.29714299,0.382265981,0.332308055125927,0.367414838,0.572147443,0.0109940113179499,0.425895095,0.41248969,0.0838036482402962,0.385827848,0.422150959,0.0493305148553459,0.441773925,0.439471372,0.0421539667181537,0.408131001,0.403639039,-0.0199588662381289,0.421015837,0.438292421,-0.0852691260334519,0.50872568,0.50487502,-0.153741042765138,0.569820316,0.583996951,-0.15220911707659,0.494837496,0.492722217,-0.0381276846119813,0.460640295,0.427729222,-0.0189835241245288,0.476863817,0.441664495,0.0306449895159576,0.267642195,0.409347772,0.155173729111179,0.320824369,0.428068399,0.313561563294519,0.429988151,0.566473943,0.173067942492957,0.355394508,0.47185361,0.206467915278015,0.276007155,0.511810878,0.30817632559415,0.303459748,0.564847175
"124",124,"NM1701PAR",3,423,16,5,10.3,5.9,7.25,0.8,6.75,-0.0344047358837449,0.43224578,0.487057649,-0.0299267940729845,0.449123596,0.470243067,0.012961838622642,0.351132842,0.480163262,0.225596170831774,0.412024595,0.51700829,0.235059971347985,0.380039442,0.454611897,0.279152028434435,0.408616732,0.552986176,0.343608267385676,0.457549271,0.599010834,0.048842201160745,0.256701182,0.213984492,0.235386249244851,0.41984954,0.499012383,0.256371472267945,0.386440263,0.504301081,0.354998382614657,0.433888741,0.556545031,0.275865616477996,0.393478796,0.482973153,-0.0334304507462424,0.365242585,0.185663866,0.088870559775431,0.405259478,0.420177814,0.085895856326697,0.313063155,0.377008654,0.314736127041699,0.330911864,0.564178745,0.0191067601135376,0.441700754,0.427584917,0.052537922243257,0.412642745,0.426398235,0.0362675345724361,0.429805537,0.475908591,0.0522411338891475,0.408544863,0.407953316,-0.00742312319313605,0.418010558,0.447860106,-0.0664650885504376,0.508085108,0.506760844,-0.154427507898957,0.556505084,0.581025904,-0.106529841345011,0.484932178,0.457677065,0.0159396431793542,0.481920589,0.373362682,-0.0204149086948881,0.474637151,0.451600089,0.00314821174517836,0.258140615,0.451640641,0.139147829773672,0.293381446,0.40750725,0.281623767882859,0.423604162,0.537189848,0.154297239317249,0.333864442,0.452018681,0.192600495636482,0.265542969,0.503066526,0.28151547466963,0.267339012,0.531262544
"125",125,"NM1712PAR",2,424,16,4,9.05,4.8,6.85,0.6,5.8,-0.0986854061070451,0.449451883,0.485972619,-0.0634680111664112,0.458412985,0.46778296,-0.005123577255086,0.356423181,0.495903508,0.186836513246264,0.400209438,0.506159004,0.222121112794513,0.382542365,0.454049077,0.293489600289368,0.424966714,0.566057735,0.327842453885497,0.441069406,0.590164152,0.0784851884713085,0.275295124,0.221657983,0.196651037712132,0.406227071,0.49215067,0.24477553336178,0.372369454,0.475498046,0.319337191867965,0.418985428,0.535707737,0.223803544667622,0.386367585,0.44809254,-0.0359237320202497,0.369373045,0.183801595,0.0719003545965459,0.423442309,0.434712522,0.0905740999221446,0.30426443,0.366347533,0.302754385233981,0.345997798,0.548256463,0.0191724347726602,0.438478029,0.418848869,0.0138294383993574,0.423405608,0.441051579,-0.0268935428084794,0.447346421,0.47089297,0.0131918980637502,0.418686287,0.414138321,-0.0155581485845059,0.44493948,0.423030354,-0.0696853944891949,0.499207594,0.494661274,-0.153281433345202,0.551505173,0.585982943,-0.078884113199429,0.475149845,0.411372496,0.00870666711602077,0.473443936,0.355332061,-0.0614518955787286,0.469007305,0.443216657,-0.0324007449148723,0.269314462,0.386534024,0.106715056553976,0.2891495,0.365918402,0.227301331529159,0.409902472,0.512495284,0.159318709913007,0.372547201,0.443079709,0.211206378830823,0.309095433,0.512907556,0.301940399101817,0.328125174,0.546535162
"126",126,"NUMEX_BILL_MELTON",2,425,16,3,10.3,6.15,7.45,0.9,6.6,-0.047156800415808,0.441266142,0.471978526,-0.0419162091188073,0.450636879,0.455568594,-0.00341437305740327,0.316883131,0.447568286,0.202480652179833,0.409117357,0.508376856,0.204659919900195,0.347581751,0.448679614,0.330053336102685,0.423051098,0.575270084,0.33744702920675,0.471656663,0.608121891,0.0723733878895031,0.26657675,0.233882683,0.227805957675246,0.392130643,0.499870991,0.240078058019694,0.369147718,0.493220403,0.320805607888158,0.404780716,0.543141017,0.270557061435242,0.375308585,0.477008807,-0.0441337461001518,0.329721466,0.181095767,0.06585352638963,0.427911998,0.429431411,0.0747259306229273,0.292692319,0.36904561,0.303976649664122,0.334964354,0.554251517,-0.00214262895962629,0.44571825,0.415743791,0.0502729856419304,0.403370365,0.429819211,-0.00663174044637571,0.484716539,0.455696737,0.0185862426953707,0.408695324,0.404706802,-0.0409157826779534,0.275767345,0.394877828,-0.0629378595028719,0.483000727,0.481723183,-0.154966138645043,0.573312104,0.58810143,-0.0985863228848306,0.483851874,0.422664021,-0.0145275004984616,0.444652493,0.405340097,-0.040498698699529,0.464327563,0.440701694,0.00744857351521654,0.261793517,0.323083173,0.141186184915142,0.307739757,0.407160296,0.284724045318829,0.395895412,0.530043902,0.159679691130251,0.350615024,0.45727243,0.190696116214567,0.247359457,0.504242723,0.292408297936782,0.274123119,0.531495088
"127",127,"SW_9813",1,426,16,2,10.2,5.3,7.7,0.75,6.8,-0.0116668703486826,0.425270672,0.482368376,-0.0421126562142222,0.456423286,0.458989586,0.0251640026059408,0.334325891,0.448399458,0.2537150485509,0.446599943,0.538391934,0.231093367615502,0.379847509,0.457704293,0.328194802974052,0.443048147,0.57870211,0.348076583906979,0.473135066,0.610899396,0.0399129101323097,0.376885003,0.295079701,0.287812529747418,0.416974699,0.527893841,0.262579885645351,0.391947881,0.48142299,0.349423297416198,0.42964502,0.548051574,0.233625793405466,0.406938606,0.447108077,-0.0372009840208708,0.476664378,0.22728027,0.11656909071952,0.417184009,0.438476486,0.0879817325687188,0.327455822,0.379979517,0.309006558503146,0.328572018,0.520950874,0.0207011082322,0.430574519,0.42401943,0.0486391122963081,0.400708212,0.419310398,0.00313423881075925,0.435231871,0.457834864,0.0306104265866371,0.418501453,0.407882316,-0.0531089653865139,0.278147624,0.348710596,-0.060551602713771,0.479469068,0.49191153,-0.151535858586352,0.554440892,0.566578145,-0.0784020431469071,0.462202678,0.418042985,0.00835605257591019,0.491477083,0.375102174,-0.0136425428476667,0.475427645,0.454721053,0.0115899304654541,0.278288413,0.417553605,0.143109816962383,0.294028191,0.411408217,0.268701802844513,0.403172623,0.529978872,0.169207927491655,0.378809725,0.449285781,0.20489827408587,0.273030409,0.494755509,0.306967455307008,0.292095909,0.516202022
"128",128,"NM1702PAR",1,427,16,1,11.1,5.75,8.15,0.85,6.4,-0.0164462393608619,0.430309413,0.481220601,-0.0390718595109792,0.452006252,0.466019925,0.0458876364592407,0.385516333,0.492017331,0.262786137461787,0.458544223,0.544885448,0.190416046011612,0.346663942,0.460392536,0.354468171793486,0.438092764,0.589352054,0.368833509919338,0.495618712,0.621049385,0.108192736523766,0.310745356,0.301644644,0.286107507224005,0.412029672,0.535471825,0.283360749717108,0.387547643,0.500543455,0.361393240800959,0.455362308,0.547984841,0.261659590694285,0.396169986,0.47041942,-0.0812825624940516,0.606181034,0.330205799,0.0994305973744748,0.421163776,0.443978595,0.118966426438213,0.313475661,0.406397153,0.307295337787741,0.358874841,0.553876192,0.0221699881000137,0.432055411,0.418411612,0.0364916869582538,0.41589098,0.427808039,-0.0107429798356851,0.436547333,0.462299716,0.0296224901978996,0.423068278,0.416718169,-0.0643790445023564,0.327970588,0.34559917,-0.0651284624842945,0.477493545,0.489766825,-0.156452020497433,0.557711049,0.567734291,-0.0746903970871601,0.461462237,0.402437954,-0.0124631302799169,0.49051734,0.389038636,-0.0280566868740548,0.460715051,0.433076256,-0.000953117562547985,0.27966923,0.380259131,0.123058379901387,0.275629625,0.399584955,0.235350152974777,0.414392954,0.522354739,0.164850991670896,0.348674237,0.448411862,0.200486012210776,0.278106798,0.485271374,0.290653707719728,0.317711298,0.524899398
"129",129,"NUMEX_BILL_MELTON",1,428,17,1,10.65,4.8,6.9,0.55,6.4,-0.0494603075875587,0.451024851,0.485181504,-0.0519468867577525,0.457421284,0.465986611,0.0808153346028142,0.375069788,0.463512742,0.280690475226547,0.487965469,0.570891686,0.274974923298613,0.365448348,0.495083545,0.39139128355933,0.423665239,0.576865722,0.397953312696418,0.487960134,0.625983974,0.0781016847260288,0.251357432,0.220490707,0.236743648654931,0.411197807,0.514009034,0.264255740030276,0.392806291,0.46950821,0.331420181747026,0.41695375,0.523689367,0.213873653463347,0.390403427,0.428324028,-0.124079514061737,0.6306128,0.412907814,0.0577582685526244,0.434955141,0.434395651,0.0806625898649742,0.34706584,0.369487175,0.310124114557236,0.363607413,0.542174658,0.0136532991707411,0.441556249,0.432421145,-0.00101534488218921,0.430472276,0.434580293,-0.0406779506680874,0.45572269,0.456122166,-0.0124169889393772,0.424873285,0.420041525,-0.0618028908818469,0.318916075,0.274111875,-0.0726558947606944,0.503701634,0.489405275,-0.170275478950497,0.582842194,0.585427397,-0.0988886949187179,0.462461354,0.445923848,-0.0267140443601902,0.46641932,0.404257267,-0.0449499177621744,0.468697661,0.43364339,0.000356464190063988,0.308214059,0.328397593,0.116569352034326,0.285424964,0.385202754,0.207693384981629,0.419002727,0.504899463,0.182618941947852,0.36728187,0.451579,0.216319823870369,0.285757887,0.490599812,0.318317390179858,0.314058377,0.516648397
"130",130,"NUMEX_BILL_MELTON",1,429,17,2,10.6,5.25,7.35,0.7,6.2,-0.0230520923325023,0.431024188,0.487709409,-0.0461404811227264,0.464285883,0.465321418,0.0294130925352281,0.33301534,0.436927264,0.262951507645521,0.457149301,0.549750514,0.287687777808702,0.39907416,0.487801274,0.397789049446945,0.444572197,0.613705097,0.378284895599134,0.48485786,0.621161165,0.0850939334207347,0.285276678,0.242152548,0.25287065336881,0.411198933,0.514545533,0.260614939149382,0.386096749,0.485470886,0.342954501437424,0.428584707,0.540151808,0.229198405069392,0.39430244,0.445461033,-0.059177497722919,0.48182528,0.301128697,0.0674895792130394,0.435655244,0.436070758,0.0756578335905071,0.321407681,0.385496818,0.302373298546409,0.364706067,0.53862518,0.0094960343643482,0.435461036,0.41976732,0.0232776139246254,0.414189358,0.436213152,-0.0162548817540084,0.446481856,0.460184693,0.000568252494833367,0.42398374,0.41052073,-0.0539683660476656,0.299612498,0.335116846,-0.0676718807537145,0.506306398,0.504370852,-0.171774682317445,0.580348888,0.588189644,-0.102369514173322,0.47067389,0.450582454,-0.0129183133297253,0.463710009,0.387016114,-0.0390403603410951,0.451662523,0.426365996,-0.00861740431200182,0.356468548,0.36460912,0.113123488411438,0.28143043,0.409609039,0.219489997703713,0.419737246,0.52497382,0.167577323709362,0.361833703,0.458022349,0.205700491301017,0.271865681,0.499785966,0.316991712256875,0.296475847,0.515968027
"131",131,"NUMEX_BILL_MELTON",2,430,17,3,11.95,6.6,8.3,1.1,7.15,-0.0297141090668689,0.438776471,0.470657691,-0.024155181323097,0.446815417,0.457016164,0.0300614022110848,0.336029467,0.429447422,0.231583700609696,0.443821903,0.534796771,0.281235272775612,0.382561403,0.494202797,0.375884020556564,0.445517178,0.605094458,0.384204118401039,0.5015786,0.629475694,0.0669458115312814,0.257458306,0.20354632,0.238670642943471,0.409383016,0.512222766,0.265076667770306,0.382921032,0.515555483,0.347168915771054,0.420809748,0.559732478,0.26483095950731,0.370227137,0.465504856,-0.0640412014442887,0.359491065,0.255229182,0.0630891380406414,0.425368271,0.42055239,0.0848698043745302,0.291194105,0.377981199,0.31994265936841,0.363664785,0.570997881,-0.00765768468878135,0.444009167,0.426268806,0.0563029332199297,0.393387342,0.422796525,-0.00336147513892691,0.464534112,0.45053698,0.0165998729346166,0.40617816,0.401381726,-0.0457840361676735,0.275361525,0.435984582,-0.0724398793400733,0.511718131,0.502839078,-0.168108597176682,0.583868733,0.61420998,-0.114986440135837,0.483103191,0.45767042,-0.0171324114954859,0.451020738,0.402022522,-0.0335842261513989,0.46242169,0.448612829,0.0164464159695834,0.293956101,0.314240874,0.138678975853898,0.303426604,0.401452087,0.279641101810026,0.413306078,0.531806065,0.171886466766496,0.346665509,0.46964137,0.197601233899772,0.26048257,0.506948215,0.308723334614123,0.282695355,0.541321422
"132",132,"NUMEX_BILL_MELTON",2,431,17,4,11.5,6.2,8.1,0.65,6.9,-0.0375507723576455,0.439621383,0.472818816,-0.0175034660167515,0.4443504,0.464402175,0.0276932016772064,0.35189907,0.450012785,0.233331144069179,0.439315415,0.539145318,0.289372996930401,0.393940482,0.493289624,0.347000198415692,0.427567403,0.580511078,0.372661462302122,0.484265566,0.621405854,0.0856175274751698,0.257036283,0.219017423,0.239077110672447,0.408213939,0.507932085,0.276169076570477,0.403042329,0.522393546,0.367769000606565,0.440429505,0.560081468,0.26873009150204,0.388313328,0.474982061,-0.0540913486317249,0.393511336,0.24594435,0.0646262972445704,0.422499576,0.420775174,0.0964401905834702,0.316939277,0.397540175,0.306787124561836,0.379438318,0.56842366,0.0200045853577376,0.436396435,0.426557474,0.0434506558155364,0.399337275,0.429419972,0.0116777783126521,0.436136227,0.469513291,0.0225544596162283,0.409968179,0.410867638,-0.0302429942715731,0.478047968,0.422931307,-0.090923795779083,0.521757315,0.510859328,-0.171003346002108,0.576921716,0.599286845,-0.101429274437423,0.468196679,0.449331797,-0.00558790503148613,0.468321363,0.387395501,-0.0229697230333424,0.465377771,0.440819276,0.0146106744379988,0.318963547,0.373128895,0.137667684267657,0.286075952,0.432718204,0.282964642490001,0.417951604,0.535978232,0.187405470702106,0.36839804,0.489407615,0.214854903694512,0.275019329,0.527848714,0.309482492728385,0.283208683,0.536268019
"133",133,"NUMEX_BILL_MELTON",3,432,17,5,11.95,7.7,8.55,1.15,7.3,-0.00761425957314577,0.440217259,0.479513306,-0.00127029358942565,0.439856577,0.462897882,0.037237428116256,0.36370076,0.450176118,0.229690081203037,0.436292389,0.542450636,0.290763367875457,0.403235958,0.501783174,0.373695085342285,0.410759039,0.589996794,0.363585826347491,0.486575399,0.615199737,0.0607300364940229,0.250740197,0.211514302,0.261418513293598,0.422324118,0.517734317,0.281605676283486,0.42094764,0.540421974,0.383691614775171,0.438306315,0.569396048,0.319890965322916,0.411671027,0.517610746,-0.047141780713914,0.370194044,0.229730603,0.102098830448966,0.411796735,0.425553277,0.104277078387015,0.330196337,0.399044443,0.32372785329513,0.367828345,0.571075373,0.0123293933358582,0.447126391,0.436050755,0.0621200254618673,0.402729213,0.43099032,0.0469371538363531,0.428310818,0.466018587,0.0530840433834883,0.410511889,0.40949798,-0.0238050983888117,0.45032568,0.451033648,-0.0962716046708321,0.535732385,0.527019323,-0.171856030356904,0.581610626,0.598006863,-0.12260262515143,0.48487268,0.465036028,0.00438628895849421,0.466079665,0.401341475,-0.00898937139876596,0.475097084,0.447106867,0.0186492603315531,0.26199262,0.433547169,0.154215980901102,0.305873198,0.460943198,0.305413684066033,0.433710929,0.551422943,0.180600284471969,0.360842067,0.483364616,0.200392469563711,0.262296412,0.511603737,0.295456911078648,0.277039086,0.527920124
"134",134,"NUMEX_BILL_MELTON",3,433,17,6,11,7.8,7.95,1,6.45,-0.0249585882441296,0.456317416,0.483042131,-0.0107257226426468,0.444076526,0.46346539,0.0211586705284414,0.339002717,0.424401815,0.216216987856235,0.4290947,0.513427452,0.270686838300412,0.349310322,0.489235865,0.351980306601008,0.456431947,0.60451784,0.351628155743925,0.460302795,0.599201153,0.0583986019410197,0.261284668,0.221068813,0.213773299440866,0.402013034,0.495108679,0.25189521167349,0.379859776,0.516018696,0.37740243248051,0.435601126,0.57436495,0.332680422832673,0.406057257,0.525447924,-0.0592691521696535,0.31702012,0.226347433,0.109175605927255,0.391513358,0.409047535,0.0864273714596573,0.297648714,0.391697568,0.333269336584695,0.360461548,0.575989948,-0.00951283685685167,0.447365623,0.434381869,0.0587131349886317,0.399513685,0.429772199,0.0253739258882337,0.440767974,0.449416628,0.0363809120891533,0.406366479,0.408345473,-0.0334285031284446,0.421336424,0.449744521,-0.110501326951521,0.551404438,0.541801021,-0.171398374775927,0.605953012,0.628514635,-0.159545996287928,0.501125309,0.491704483,-0.0467965283408406,0.470731039,0.425306296,-0.0162023700203717,0.473801936,0.44527309,0.0240195522329161,0.264145098,0.385482717,0.148887473747002,0.309920771,0.421151201,0.285927809626662,0.410016008,0.543171457,0.156424311559018,0.317699148,0.456537395,0.171894710802169,0.226476376,0.462672767,0.271156459797841,0.243183054,0.506212041
"135",135,"NUMEX_BILL_MELTON",4,434,17,7,11.5,7.2,8,1,6.6,-0.0296986876821848,0.456748241,0.477010682,0.00508898901071991,0.439178544,0.468609213,0.0382283584546142,0.361771386,0.471197325,0.228824396208361,0.446146667,0.528540943,0.292060789098411,0.400690718,0.48545399,0.246902112820882,0.39035439,0.530996215,0.360103081163242,0.471699849,0.604343951,0.0592686587226455,0.266729536,0.217172222,0.237375000477446,0.426345893,0.515124254,0.294737043738206,0.42528477,0.525419547,0.379827533417453,0.449660021,0.565938206,0.319084123375066,0.414802024,0.501807035,-0.0601319904155719,0.423880934,0.310925931,0.0897759014385931,0.414395946,0.423887587,0.0878068163675509,0.311843736,0.392615161,0.326633688525076,0.37083969,0.574631215,0.0113252866038406,0.446073033,0.430549733,0.0584300283938349,0.393003723,0.429500521,0.0234281250784425,0.428283437,0.464467137,0.041390363340295,0.405246792,0.413210136,-0.0311400977795558,0.416011582,0.422051841,-0.138427617154918,0.555068074,0.554664857,-0.180081281087126,0.581328189,0.613515895,-0.156088211624202,0.494468756,0.4882129,-0.0620751049973299,0.469612253,0.435717462,-0.0214377280074378,0.478213691,0.444123236,0.0348446331740323,0.265016294,0.358053321,0.141546672468863,0.297512016,0.4343925,0.27576727304245,0.433580679,0.537791905,0.178953828704284,0.353945257,0.472629138,0.182931232502695,0.269559721,0.467116367,0.284156582216574,0.275682627,0.513826473
"136",136,"NUMEX_BILL_MELTON",4,435,17,8,10.2,7.15,7,0.75,6.6,-0.0396085157378815,0.440156527,0.478414596,-0.0197586542096589,0.438372699,0.471806997,0.03056283691189,0.360340149,0.469634608,0.215070494767667,0.438021402,0.508214331,0.266750944337045,0.372945246,0.477325118,0.242954364951753,0.393063266,0.512671278,0.36483808407836,0.45220299,0.588001376,0.0307982175879247,0.38871843,0.314230473,0.219193852551361,0.408783841,0.501940705,0.307738987253059,0.420233165,0.527132274,0.376057621531045,0.453716358,0.564299566,0.320777384680801,0.416254528,0.499042834,-0.0437496863569293,0.433117917,0.257616183,0.106237636306404,0.414051509,0.425163593,0.102741380824556,0.302456846,0.377486174,0.334079937610285,0.354275951,0.565148555,0.00769849306905798,0.446427149,0.438682353,0.0330889718448911,0.410390604,0.43318293,-0.0184271501231409,0.436627112,0.470479894,0.0219192575635638,0.415153037,0.419434941,-0.025713488647719,0.348946614,0.352371562,-0.146684565179963,0.55967819,0.548095629,-0.174430784472453,0.577245073,0.602226743,-0.156499928593528,0.488854522,0.467483755,-0.0689981314131797,0.477263452,0.418353283,0.0104250184258313,0.472284034,0.460127393,0.0825042873568005,0.262949257,0.338289124,0.179343657437812,0.314479286,0.443889525,0.316304392415671,0.433012663,0.543224516,0.180028366453875,0.331803092,0.469723636,0.203907709189389,0.233995716,0.480081287,0.310014197538547,0.252349995,0.512009362
"137",137,"NM1701PAR",4,436,18,8,10.6,7.75,8.35,1.25,7.65,-0.0448782548879073,0.434162022,0.479268701,-0.0170951993286752,0.44409658,0.473579131,0.0603457755262875,0.351986664,0.469677786,0.227951778220593,0.437047455,0.517986773,0.322108524588989,0.357481466,0.496962035,0.286471377207691,0.440458363,0.570508038,0.363978410890646,0.451574775,0.587631976,0.00461096202553298,0.432087581,0.362888212,0.255134402378474,0.429000993,0.519541602,0.319145097287841,0.438189004,0.542251699,0.404446612741842,0.460828168,0.581453118,0.353292500246756,0.444487815,0.529187996,-0.0526905927660299,0.399404521,0.331353617,0.144385632481562,0.405338784,0.442404915,0.120110446152692,0.302137733,0.405635324,0.35748904530126,0.401149815,0.583337411,-0.00921040743042666,0.44462679,0.436539353,0.0528418925958904,0.401115115,0.430287615,0.00927966515167377,0.441579895,0.460310566,0.0389525721828998,0.412151529,0.419877681,-0.0343311953439444,0.311888349,0.312473791,-0.151301346125143,0.527052975,0.507047727,-0.185345675497841,0.570592999,0.568078455,-0.151223336138991,0.477016742,0.462214767,-0.0659216450614704,0.466341706,0.429594779,0.010984962511834,0.466362382,0.472057089,0.0817375250858806,0.277425744,0.355553405,0.194192706552913,0.327834554,0.47130808,0.353322830960373,0.457170561,0.581873059,0.192200595741194,0.375698555,0.499130882,0.227830071734699,0.264090312,0.509231023,0.341613448813908,0.290935824,0.544063061
"138",138,"SW_9720",4,437,18,7,9.9,6.25,8.05,1.1,6.1,-0.0439369395347102,0.447800846,0.479410093,-0.0124648772347331,0.448875323,0.459078946,0.011373955671733,0.333463221,0.475824957,0.180228352079268,0.4344952,0.508185009,0.30466054830776,0.338269667,0.47562307,0.290079523818742,0.433856816,0.582900188,0.328004729396855,0.457892804,0.576780418,0.0709608026947466,0.285324758,0.233943825,0.231961789914042,0.417416621,0.508821371,0.284997744480257,0.39335355,0.506732135,0.37551259989599,0.449388781,0.557683224,0.270863054300675,0.400079386,0.474084676,-0.07986569886354,0.408688977,0.374074922,0.0919058635726644,0.398519499,0.421580197,0.0933405128757164,0.293812053,0.399060877,0.338934017061389,0.382508833,0.560898869,0.0104199836951419,0.439603419,0.440921468,0.0496536135020457,0.394770187,0.431869939,-0.0185415776862622,0.463595062,0.458639881,0.00639754600655762,0.41974079,0.410184667,-0.0274355964713896,0.410156416,0.378488725,-0.149851908469906,0.537531122,0.526886922,-0.190502854080652,0.573196858,0.581710064,-0.162648478578243,0.493165434,0.493370597,-0.103984348084444,0.487698419,0.454728194,-0.0484667887822503,0.463814111,0.467638665,-0.0081556732437545,0.239104802,0.370422694,0.111852142866421,0.273920919,0.403782542,0.235662491600994,0.417899741,0.518128689,0.168870511287912,0.361859415,0.449585187,0.181820560701526,0.261968051,0.452957992,0.276392818233517,0.284641795,0.501300451
"139",139,"NM1705PAR",3,438,18,6,9.65,6.25,8,0.95,6.15,-0.0330323208409989,0.446606186,0.480246954,-0.0131948214977951,0.444364388,0.460597404,0.00248610727994844,0.352500551,0.463297738,0.200299480788612,0.448454358,0.526387693,0.312339478073863,0.347278015,0.512820513,0.388748352572809,0.46302403,0.616912397,0.337864283625909,0.472401912,0.597389486,0.108974016736085,0.278247958,0.253281855,0.246033771019758,0.418799622,0.524408378,0.263963363563698,0.391860534,0.524494554,0.392954913282323,0.448797747,0.576274679,0.291940307594698,0.408667318,0.493603476,-0.0789936662916912,0.328691388,0.308270672,0.117664048065082,0.388541046,0.431459963,0.0983489067331901,0.316366663,0.407385314,0.346458159305549,0.389281144,0.585090358,-0.00464901499136275,0.42952177,0.429155354,0.0687959162295055,0.399303922,0.430181373,-0.0013010779064696,0.462594996,0.444672356,0.0156051994059272,0.41095556,0.402924438,-0.0283472785967295,0.412481053,0.439048656,-0.132892141549838,0.525598213,0.519906875,-0.187782957205043,0.574603902,0.585763286,-0.165644914878181,0.493174729,0.489524936,-0.0945511592731009,0.477955297,0.454817142,-0.0320702577085324,0.459020883,0.456870691,-0.00399343260101929,0.277039567,0.395623388,0.131305379840844,0.294540703,0.404172007,0.278122471228539,0.413987469,0.538261386,0.170321189292891,0.370231135,0.481421951,0.194610722326236,0.266497839,0.498935743,0.315657930663676,0.292887788,0.543807104
"140",140,"NM1713PAR",3,439,18,5,9.45,5.4,7.1,0.5,5.95,-0.086408257122991,0.452888414,0.492646828,-0.0448755493728821,0.457407069,0.457033925,0.00926990948018644,0.334301294,0.471766068,0.19912723036047,0.424250662,0.524522168,0.32224221690276,0.351530698,0.489205255,0.410028361744011,0.437644564,0.624929972,0.36113740017603,0.462996372,0.597471464,0.0491425366430614,0.239404285,0.18927214,0.224041485610256,0.413879741,0.504596368,0.263655182080523,0.392044005,0.504185869,0.366235121143716,0.432300442,0.54370774,0.237299279740284,0.402393155,0.457570358,-0.075434082216653,0.360483843,0.314283104,0.0875209008784212,0.427083801,0.427506333,0.0910482617218981,0.32153984,0.381108092,0.34106297883954,0.394218041,0.576165652,0.00262601132507273,0.444177174,0.441678632,0.019185449474637,0.424764481,0.440113559,-0.0293749904028926,0.456065943,0.461788344,-0.00270728644841634,0.433206968,0.411942574,-0.0288678207494056,0.461897659,0.464975327,-0.126705829021624,0.535995185,0.530919059,-0.189964222275148,0.575433879,0.576729078,-0.146279003420016,0.482812869,0.491716135,-0.0519153806814942,0.472115633,0.413591731,-0.0482382034700918,0.46418898,0.467904044,-0.0294686126699707,0.271714887,0.409395367,0.117805096882825,0.291435249,0.384920581,0.25570807780612,0.406864861,0.516072543,0.178703253475926,0.405682513,0.472682219,0.21191299592661,0.30634946,0.520140267,0.324803448114473,0.321206611,0.544540533
"141",141,"NUMEX_BILL_MELTON",2,440,18,4,10.2,6.05,7.9,0.9,6.9,-0.0654915693829996,0.431303011,0.484562125,-0.0341753732118258,0.452520268,0.467390301,0.0177166249203124,0.345544328,0.474085458,0.223354451558636,0.448894842,0.538443527,0.330093409782473,0.367127463,0.512852011,0.382504471899986,0.441840114,0.602628925,0.362966665173833,0.461123719,0.604827162,0.077161667055968,0.245033199,0.202799585,0.218991828192561,0.408963612,0.503325396,0.270190060232528,0.385444357,0.501851782,0.361922143417308,0.42708561,0.551369169,0.227851661358902,0.384865002,0.454940936,-0.0812235631297708,0.375914105,0.323845236,0.0494492942506603,0.436181744,0.434528162,0.0896774051448507,0.312451348,0.385774381,0.341899775810594,0.40313859,0.591230968,-0.00506786592776223,0.453867987,0.433697488,0.0121117066748923,0.419151948,0.439555423,-0.0327054153399826,0.457012138,0.456652661,-0.00897019739697769,0.42187746,0.417578266,-0.0374483754862538,0.497106493,0.464039067,-0.116345271184417,0.528094225,0.503379186,-0.188142385878469,0.580352858,0.57959526,-0.138569210494944,0.479143251,0.47591547,-0.0542890032866969,0.461685255,0.433982784,-0.0424644789280332,0.461500214,0.459951592,-0.00985422048485553,0.409418355,0.342605412,0.12784357358659,0.290625403,0.410089039,0.269963586617203,0.423170399,0.534814877,0.177613778822884,0.367983205,0.490125547,0.207732569368895,0.290372849,0.525660376,0.321914408608105,0.307515952,0.550375947
"142",142,"SW_9812",2,441,18,3,11.35,6.15,8.45,0.85,6.95,-0.0160943643894067,0.4459378,0.479543001,-0.0126678221059466,0.445434733,0.454905458,0.067272685267766,0.350435096,0.450104273,0.247821881576934,0.455836632,0.549525611,0.350670049798514,0.389782922,0.545698279,0.385555479238586,0.435131973,0.599333868,0.387223374386539,0.494615477,0.624904009,0.113398134680669,0.270827672,0.248210178,0.284544806000022,0.428132911,0.540825935,0.290236522777647,0.393689586,0.519224708,0.385864293067508,0.428921759,0.561095268,0.253344663620751,0.386927268,0.447878368,-0.0804799849390771,0.369703118,0.315621,0.0925282280641111,0.410291188,0.427332826,0.100297312411299,0.310089204,0.383269907,0.351757624774876,0.387459915,0.569494029,-0.0042607340572473,0.438113369,0.433374077,0.0650878921980544,0.397873584,0.42928628,-0.0179805307916822,0.47934282,0.44720341,0.00647612280176524,0.41074009,0.402349654,-0.0431529646158474,0.274635495,0.461647953,-0.0864229326511405,0.49597267,0.482284437,-0.186297299756506,0.589612944,0.588588192,-0.141007865963953,0.474441655,0.484284305,-0.0568123003592496,0.472918883,0.428915423,-0.0290374458971046,0.466082726,0.452331359,0.025515452658716,0.389954522,0.324101006,0.145508082116766,0.307108034,0.404514,0.285733387169146,0.409128497,0.537676753,0.180756122906724,0.382143945,0.485244922,0.202495750163007,0.256917923,0.50105699,0.315063243347158,0.273154251,0.526481118
"143",143,"MESQUITE",1,442,18,2,10.35,5.25,7.95,0.8,6.7,-0.0363226557271607,0.438982331,0.479236581,-0.0416988148904203,0.471952928,0.45994818,0.0629872242436593,0.355120062,0.437623948,0.263383347238618,0.462284899,0.554515944,0.349434557613166,0.403186026,0.525916292,0.411836400547857,0.459257242,0.626643682,0.374969722376643,0.481491789,0.606536875,0.108743061222718,0.276184719,0.259536949,0.270744818718351,0.414361633,0.519672208,0.273124555917646,0.381725815,0.484236305,0.367058561442982,0.433919194,0.531841712,0.213626305337612,0.409786441,0.420376396,-0.0816895400719696,0.489228355,0.3720807,0.0820442004290032,0.421563159,0.435826889,0.0913131591582058,0.326551521,0.375941397,0.326158750717023,0.387596225,0.552547321,0.0135778196313753,0.430164095,0.434876089,0.0365587333200558,0.423738627,0.448500392,-0.0265778730582621,0.472636481,0.453093446,-0.00842715864112143,0.423621381,0.408765221,-0.0465943622911079,0.243915424,0.27868499,-0.0879590270004583,0.495614125,0.482252588,-0.192621256607778,0.585343615,0.581595946,-0.136265633795202,0.465555109,0.476041479,-0.0617132482373147,0.475886425,0.44138439,-0.0577995537257905,0.461535661,0.462026088,-0.021179170813363,0.382427649,0.317224792,0.0991433086907516,0.278507858,0.36980087,0.202477996662181,0.413586744,0.500738688,0.167977667424666,0.378279818,0.459385431,0.213487167858993,0.271899988,0.4919359,0.322294444700043,0.310602379,0.526533815
"144",144,"SW_8888",1,443,18,1,8.15,4.45,6.7,0.55,5.4,-0.0851844389199942,0.47154384,0.485939646,-0.0762378491499802,0.476182405,0.466918911,0.0999677665319892,0.373465309,0.453570528,0.272967007910896,0.482971132,0.568033656,0.331875866842912,0.41442117,0.522734568,0.422812696764422,0.441906404,0.612651285,0.36711345304632,0.486521719,0.61051068,0.109180790438151,0.268015987,0.252958077,0.217450309091262,0.408856969,0.507786708,0.247006173263117,0.363359021,0.438024434,0.324666187844035,0.423058796,0.517154383,0.184695542617412,0.409105194,0.412384531,-0.172749226455848,0.625768909,0.462017563,0.0481378619908906,0.435632975,0.43596308,0.0751066942665436,0.364303987,0.377120725,0.307498120549916,0.378221764,0.536915063,0.00541380693585722,0.437569646,0.435320805,-0.00552738063643581,0.440287992,0.446144931,-0.0666571362739235,0.473654879,0.453665383,-0.0272049061341355,0.430518155,0.416972189,-0.0519992669765927,0.278560974,0.221242947,-0.0898909882389755,0.505400785,0.482172378,-0.191340374727026,0.579046636,0.573096074,-0.135986995882129,0.468951599,0.471641563,-0.0725788590131663,0.475957592,0.445557266,-0.0777730195945712,0.452796239,0.457514691,-0.0353424433853742,0.347182849,0.302696252,0.078145739386347,0.25614271,0.34279202,0.146327472100724,0.409773422,0.480628043,0.157827638972657,0.355528105,0.422836709,0.20912598070109,0.267334035,0.469840932,0.294717375082639,0.308914729,0.497207605
