"","X","Germplasm","Rep","Plot","Row","Range","yld2","yld3","yld4","yld5","yld6","yld7","GNDVI_138","NDVI_138","GNDVI_145","NDVI_145","GNDVI_152","NDVI_152","GNDVI_160","NDVI_160","GNDVI_165","NDVI_165","GNDVI_173","NDVI_173","GNDVI_179","NDVI_179","GNDVI_187","NDVI_187","GNDVI_192","NDVI_192","GNDVI_201","NDVI_201","GNDVI_206","NDVI_206","GNDVI_215","NDVI_215","GNDVI_223","NDVI_223","GNDVI_228","NDVI_228","GNDVI_242","NDVI_242","GNDVI_257","NDVI_257","GNDVI_263","NDVI_263","GNDVI_278","NDVI_278","GNDVI_293","NDVI_293","GNDVI_299","NDVI_299","GNDVI_307","NDVI_307"
"1",1,"SW_8421S",1,100,1,1,5.5,4.88822534688889,3.5,4.4,4.8,3.85,0.101328611865837,0.422070838,0.312590523641739,0.499096815,0.349758811942909,0.510859884,-0.0175882122192969,0.243591044,0.0900460044429422,0.313637281,0.227991718388236,0.407856749,0.268797100033474,0.433260896,0.0586499538053729,0.332983345,0.0619076767572968,0.443327586,0.167787879413177,0.376336617,0.161698614792604,0.42445291,0.00409910217988488,0.262117029,0.12058552714888,0.439569986,0.140228799031329,0.36626584,0.322002505508648,0.464170761,0.0673501559319571,0.320858806,0.179156197855767,0.420584716,0.329412013278908,0.463079058,0.243612833686178,0.412223027,0.19839118933518,0.465170254,0.347261048812221,0.50311007
"2",2,"SW_1011",1,101,1,2,4.85,4.90053046244444,3.6,4.3,4.4,3.25,0.0677192080356383,0.443246819,0.269327407202038,0.44583688,0.307854697005471,0.478753533,-0.0211460904887795,0.22945833,0.063703026727897,0.325712375,0.214468069438523,0.388462712,0.255181514566975,0.420886095,0.0704816063994753,0.390089825,0.055875782361211,0.443430429,0.167659364806136,0.372515758,0.179079708041732,0.428228624,-0.00181140397092141,0.305829229,0.135674398884287,0.437765848,0.167252738477975,0.381703679,0.335230984808443,0.476221429,0.0684162489523993,0.302535373,0.171366684041928,0.406067694,0.32561287554151,0.460701777,0.217516823728286,0.387131994,0.153359573906068,0.421456831,0.310434334434757,0.457700999
"3",3,"SW_9813",2,102,1,3,3.85,3.68018661422222,2.85,4.35,4.65,3.6,0.0103837132978349,0.449106971,0.207551719878675,0.422188921,0.228909108445925,0.452279268,-0.0219490821010521,0.168432035,0.0207270102122393,0.393057017,0.172209317403776,0.324904009,0.173008412708129,0.377824529,0.0607895248476669,0.357597123,0.0380757917893053,0.435257611,0.159359355641858,0.315955141,0.144779572441821,0.411263378,0.00795372972118852,0.280181986,0.148325888857564,0.438453279,0.151352190517421,0.372241081,0.347325307751877,0.484939061,0.103690378070813,0.317382111,0.185483015641172,0.428300728,0.341753832728546,0.479392245,0.235666621181683,0.422857626,0.162210308135012,0.449742313,0.317582287122217,0.474024103
"4",4,"DONA_ANA",2,103,1,4,4.8,4.42719823411111,3.5,4.25,4.2,3.1,0.0579891764928697,0.431810224,0.255837671852531,0.487322382,0.275343825303152,0.503095607,-0.0113839274582651,0.163506147,0.0543740717289083,0.400787502,0.221489703393445,0.39689034,0.219996509316974,0.419479665,0.0591367194236941,0.321068037,0.0709091142482485,0.437919327,0.20433430897226,0.375626367,0.197378811890677,0.443767762,0.0275209656610454,0.262820074,0.186985105272065,0.451660153,0.178774253094181,0.387526597,0.365510919316797,0.494473066,0.121879471979182,0.303687972,0.212809533177849,0.43639786,0.350016198862279,0.496496346,0.250923495763377,0.434446859,0.1853441356258,0.462001327,0.335709243828958,0.492179772
"5",5,"NM1715PAR",3,104,1,5,2.3,1.65812404877778,1.25,1.95,2.55,1,-0.0181408428769045,0.449098904,0.119188089308654,0.402788788,0.107645983458653,0.389580715,-0.0241871113162689,0.177038903,-0.0134334618584679,0.399833234,0.0847572755789539,0.237625906,0.0489827918011309,0.359323011,0.0429274118134463,0.307776244,-0.00899715135977389,0.434044487,0.0833010604640786,0.260963596,0.0460895347810768,0.39809272,-0.00764583722869392,0.24318096,0.0511699610084647,0.430172688,0.076245958689572,0.316021047,0.235217748209832,0.390718882,0.0605817698630476,0.272381532,0.112655424922217,0.380672628,0.260080693414463,0.383961887,0.136070662685092,0.29304163,0.064726797637568,0.374828933,0.199242518230876,0.369714151
"6",6,"NM170506PAR",3,105,1,6,4.25,4.26144333144444,3.15,3.9,4.45,2.95,0.0335253674589568,0.436150303,0.215263590913476,0.464642049,0.243933566637404,0.485839655,-0.00889766109081286,0.157382696,0.0454122553420502,0.390525356,0.213024511465394,0.389347898,0.229664974379104,0.438702715,0.0756052511263853,0.428646558,0.0685747131206493,0.422447783,0.195485744584678,0.3533782,0.206541884385294,0.435228886,0.0478495702188322,0.223367402,0.167706403700787,0.425509223,0.161571244056142,0.380248602,0.352415566391442,0.475407772,0.104741947072509,0.316422124,0.183101082422572,0.451683315,0.351482806790501,0.49644045,0.239153647821563,0.401359051,0.159431243480961,0.449682812,0.314169157231381,0.473873564
"7",7,"NM1704PAR",4,106,1,7,4.7,4.50088565122222,3.3,3.7,4.2,2.8,0.0415111418534412,0.453867675,0.253064518464028,0.484030226,0.288065709133265,0.51844149,-0.022395359395226,0.16070192,0.0311986783264163,0.400994422,0.2331465193811,0.418164907,0.264171074447027,0.455278703,0.0256521749884153,0.339837376,0.0535665478807416,0.424305183,0.194247800461948,0.366843324,0.22551818453026,0.434480377,0.0108200099828089,0.195216354,0.160796994417904,0.421042919,0.160705966741748,0.380089425,0.353531649279239,0.469213657,0.103601682241183,0.304130801,0.18281575565622,0.436589599,0.354079534977524,0.506890794,0.219877547642452,0.367459995,0.161050434817056,0.438910786,0.32184523128827,0.478659502
"8",8,"NM1712PAR",4,107,1,8,3.05,3.07337277522222,2.05,2.5,2.9,1.65,0.0160852724814826,0.441762612,0.209873158885617,0.453545259,0.234033142756956,0.49231523,-0.0290689695048286,0.187713725,0.0161907932400825,0.393833183,0.190823350589324,0.352879427,0.19690835755679,0.419900732,0.00152672565697975,0.356125072,0.0296059339306855,0.424187083,0.161085231362815,0.334523737,0.172509941037056,0.413721459,-0.00945187895197234,0.198551523,0.131804468546494,0.40748851,0.120709937491397,0.353379346,0.301293201842844,0.436820138,0.0710191012123952,0.273248448,0.139178856607153,0.415142344,0.310828499750329,0.469593542,0.17008721503114,0.326256641,0.108862550947086,0.410386743,0.242757134400308,0.426357433
"9",9,"NUMEX_BILL_MELTON",4,108,2,8,4.6,4.27094769322222,3.3,4,4.15,2.8,0.0297306355132695,0.426003392,0.236328515547613,0.482036821,0.274523882562132,0.522032369,-0.0321286590013181,0.226895552,0.0199001393625111,0.389853369,0.185269594266073,0.364783791,0.229822476853631,0.442905942,-9.60180512625227e-05,0.335264067,0.00441448913105103,0.42038617,0.171340512476868,0.358170677,0.204630312509034,0.427096683,-0.0107166652333472,0.194955669,0.165163139222338,0.421221545,0.160221289912915,0.364675178,0.326080703397142,0.463845414,0.0813739132737585,0.29639285,0.16508482839061,0.411805179,0.346166151043718,0.510125717,0.196207505158412,0.383777534,0.141175439328342,0.435470405,0.289151379947991,0.448996335
"10",10,"NUMEX_BILL_MELTON",4,109,2,7,4.65,4.31781635122222,3.15,3.9,4.15,2.85,0.0263115261869956,0.424595623,0.223027616730284,0.474312404,0.260580200578273,0.506540836,-0.0292864759774865,0.201101211,0.0151515782022641,0.399683299,0.185942913392752,0.359210904,0.225061239098435,0.441829511,0.0227305572786025,0.318575429,0.0136211663840882,0.42297513,0.160061156124386,0.33669056,0.204377546351962,0.427312415,0.00171738052397792,0.195687738,0.157505293048547,0.430094611,0.157055083703033,0.344498385,0.314017021755201,0.455623592,0.0778247560890315,0.298691183,0.180955782598949,0.401609413,0.343378447712302,0.494334387,0.192715383975222,0.380888742,0.136835800654672,0.443026752,0.304959707916844,0.458660305
"11",11,"NUMEX_BILL_MELTON",3,110,2,6,4.65,3.74883212344444,2.7,3.4,3.8,2.65,0.0113383741374066,0.435672424,0.222640116485242,0.461167502,0.248563201135743,0.487413632,-0.0342756765546925,0.229346755,0.000893652955520684,0.397112138,0.157779709048852,0.323702384,0.184490657106122,0.396738611,0.0665295000049459,0.408452254,0.0382442175040371,0.420232611,0.129982099986906,0.302392818,0.167249448841402,0.395530106,0.0129120257133101,0.227534246,0.111431745776477,0.408214167,0.13643236053771,0.322109891,0.258517898905977,0.393619843,0.0376271206338065,0.317254565,0.151480635089283,0.373721339,0.325379139106831,0.458424841,0.18817884387082,0.345911637,0.130856554716449,0.413999531,0.278934432589318,0.434046178
"12",12,"NUMEX_BILL_MELTON",3,111,2,5,4.8,4.13858877077778,3.05,3.9,4.15,2.55,0.016265254117161,0.438049902,0.208122799617617,0.467923739,0.236920406021387,0.483345497,-0.0319296515286747,0.218602643,0.0105170632437148,0.387961048,0.151118828788216,0.342794577,0.180236708460387,0.396423061,0.0572656329393477,0.37327003,0.0368232847770825,0.425304011,0.129624281720242,0.319338238,0.154032390808271,0.411077629,0.00190972638033566,0.246569593,0.127361618743233,0.424392196,0.140576900453506,0.360488251,0.282542876514405,0.434147972,0.0564913973279416,0.307244041,0.172530440791574,0.401377824,0.328298675684984,0.468542813,0.187031920619999,0.369525401,0.122242192359366,0.422030597,0.264798951779569,0.447077289
"13",13,"NUMEX_BILL_MELTON",2,112,2,4,5.1,4.19483519411111,3.2,4.15,4.35,3.05,0.0348125431322697,0.427523926,0.237664396871219,0.463536499,0.26383366626605,0.49506121,-0.0291885351457576,0.257975023,0.0171933277545592,0.387212923,0.169415839322163,0.347826127,0.20131442743806,0.406979069,0.0581561805967187,0.388109413,0.0544450439681682,0.428170348,0.140549246732989,0.349826022,0.171005262331074,0.417088994,-0.00141981793559694,0.255121992,0.137337346581973,0.435347099,0.153373899208064,0.340714543,0.297094025505876,0.44032964,0.0533581806313357,0.310183319,0.168876275786752,0.418663243,0.326859589960446,0.470193019,0.19317104801658,0.3657832,0.126587405318192,0.422489426,0.277965203517286,0.447873102
"14",14,"NUMEX_BILL_MELTON",2,113,2,3,4.9,4.06166780622222,3.4,4.35,4.8,3.15,0.0404241520037214,0.412835036,0.235021549782076,0.443936664,0.275698343106227,0.472568428,-0.0303701434562589,0.304411495,0.0319394287835853,0.350665994,0.170680401296938,0.341881507,0.211732010098161,0.409877471,0.0744166179191704,0.453757835,0.0670944682713669,0.422960654,0.143594233115383,0.360267376,0.195913089320467,0.414530635,0.00624045743088225,0.272145003,0.150072247317879,0.439506015,0.1647341525034,0.365140392,0.305849192499253,0.459631904,0.0625120931464584,0.316351207,0.190492071379549,0.423466428,0.357321794835547,0.501704214,0.210406559315085,0.417120286,0.154264725075752,0.44047594,0.307897965005969,0.477747467
"15",15,"NUMEX_BILL_MELTON",1,114,2,2,5.15,4.67561825644444,3.1,4.3,4.45,3.35,0.0679635062996996,0.442971703,0.280303678401122,0.457205092,0.312295743764241,0.489937926,-0.0491167224777937,0.340793515,0.027234128806175,0.365807423,0.17479245142708,0.368254021,0.243545998012028,0.425632483,0.0694763417475469,0.441895656,0.0565067127549306,0.442323517,0.131140599527284,0.358177696,0.17753493601545,0.422759233,-0.02786736952701,0.331616411,0.119430952558546,0.441420594,0.142169313853865,0.36828601,0.301168477904242,0.455030578,0.0409046941686154,0.306821913,0.181913392890303,0.417394584,0.353442230592325,0.489627893,0.197985067433804,0.408485803,0.151423104073037,0.428788475,0.304304237272273,0.462973784
"16",16,"NUMEX_BILL_MELTON",1,115,2,1,5.9,5.17482203888889,3.5,4.55,4.7,3.4,0.110525984587287,0.424740824,0.323288628795224,0.501972396,0.358483209810986,0.524192198,-0.0484711186015642,0.417693987,0.0567361666425761,0.353178815,0.197177790792655,0.40152577,0.277140687377617,0.453699361,0.0603269934673462,0.363570701,0.0787465186666871,0.443595599,0.16929484409431,0.370992551,0.198895817005777,0.428560802,-0.0076914100175909,0.308502007,0.119339306905177,0.436466914,0.157860539443468,0.384358213,0.310835408724618,0.453906352,0.0464761503432908,0.357711885,0.194139330109824,0.42851468,0.344971042515623,0.484557683,0.206835748284961,0.40509215,0.181650267585634,0.438287497,0.318762172384123,0.487470212
"17",17,"AFX_779",1,116,3,1,5.7,5.54752962488889,3.75,4.3,4.75,3.25,0.118825136795765,0.438227197,0.344020551704917,0.516563116,0.343924901734333,0.522725695,-0.0610748538176327,0.521198638,0.0966243883298619,0.389750252,0.183447269529973,0.404035715,0.299387712823053,0.483077125,0.0622591468309771,0.335601948,0.0861381151299609,0.437411151,0.166447969385149,0.385964066,0.216500415960712,0.438115551,0.0060553838527729,0.279031561,0.14153565702785,0.443431829,0.186355733640425,0.376999003,0.267665360125737,0.42039857,0.0477693016592049,0.334095348,0.203018918286331,0.430050621,0.345109478301086,0.489085612,0.189716062197628,0.428105702,0.178987213749893,0.441228128,0.310743741772774,0.480824501
"18",18,"NM1703PAR",1,117,3,2,5.15,5.08179119244444,3.65,4.55,4.6,3.3,0.0859286602973367,0.423697101,0.310635490258587,0.513100536,0.314676082310207,0.508789144,-0.0546533866942695,0.442646789,0.103915634865319,0.385923623,0.169445652405343,0.379938104,0.267409617314084,0.4644665,0.0813765329196205,0.412371734,0.102646331770519,0.442182052,0.154986048065464,0.384514878,0.220609591109542,0.44052764,-0.00705774260705078,0.3279631,0.169241021401875,0.443253058,0.179402645524853,0.393677601,0.283433667840868,0.426422128,0.0447458807994859,0.336632999,0.190768754176945,0.450155784,0.37460891568142,0.518149962,0.214376251229125,0.454575485,0.168543681535585,0.437964596,0.314019296818826,0.490438041
"19",19,"SW_1011",2,118,3,3,5.35,4.85496419822222,3.55,4.15,4.1,3.35,0.067855078225065,0.408335393,0.279986085640325,0.479326857,0.28360066110293,0.491635514,-0.0194875658021699,0.363439605,0.0844493745731758,0.386995399,0.149406831076382,0.353075268,0.232234386028152,0.434441691,0.0718551102397736,0.417565752,0.0814951542687867,0.429070916,0.129834601611506,0.359608878,0.181403317733542,0.425814153,0.00141131091544515,0.297656404,0.148601234630096,0.438873361,0.139350971204125,0.371350856,0.247534331993286,0.411849485,0.0305916054168194,0.323500958,0.161042589715243,0.420988371,0.319313745600229,0.447303881,0.190145037351398,0.438725834,0.138500756138759,0.429439145,0.288376764089809,0.459288806
"20",20,"NM1715PAR",2,119,3,4,3.05,2.05091838211111,1.25,1.95,2.15,0.75,0.00256616399110106,0.442044067,0.189816521618765,0.422688641,0.171261735127744,0.412099465,-0.0349910350060161,0.346297401,0.00777355127180989,0.404932847,0.047788822613524,0.296965466,0.0843917215127003,0.374306779,0.041527544161652,0.333593884,0.0226218097278832,0.432694646,0.0456412534394238,0.369523953,0.0709518109738142,0.393188835,-0.00680122972249661,0.25894692,0.0657539851722196,0.437003448,0.0730168142245232,0.312295098,0.137250763194453,0.337343112,-0.0204106989255846,0.320202826,0.0878445934898674,0.390325113,0.242342234927365,0.360632315,0.0868507374898252,0.357147687,0.0316089767561448,0.382906385,0.161138447910821,0.355716167
"21",21,"NM1703PAR",3,120,3,5,5.15,4.71085543277778,3.9,4.75,4.85,3.35,0.0544306230620806,0.427059582,0.236417413198386,0.483808939,0.237791144382694,0.474898386,-0.0411812645725326,0.326250957,0.066825682770655,0.390557238,0.135185136330414,0.358122824,0.212409875747847,0.450805583,0.0554955079570263,0.341166454,0.0628599263671138,0.436593762,0.125998555137851,0.379973428,0.200841936892044,0.448130374,0.00951753698389709,0.272467732,0.163613270871006,0.450881484,0.164394753424492,0.389196452,0.288274611194907,0.462202006,0.0470040895196822,0.322256424,0.187021137817457,0.45251112,0.34545255438357,0.504415783,0.20491795214337,0.450079687,0.144672204266983,0.459707361,0.303557347052222,0.490933777
"22",22,"SW_9720",3,121,3,6,4.45,4.12806382144444,2.7,3.5,3.85,2.75,0.00405219978895504,0.445436508,0.20116877216143,0.448840673,0.219305571323925,0.474075999,-0.0295702890287776,0.268584122,0.0337733784889358,0.41654693,0.113895934711293,0.309173781,0.153600866082003,0.415952923,0.0554153368357262,0.341851316,0.0316770994229423,0.424441536,0.0977939971901302,0.308706836,0.149666643465596,0.410809325,0.0173064670559043,0.224948501,0.0989814657226941,0.418622038,0.110523509658886,0.337630914,0.207763880897925,0.381296813,0.0144985184875164,0.291255018,0.121862293864762,0.385867733,0.304150921389924,0.428488822,0.157580323199166,0.376864355,0.0994166746332169,0.401538217,0.239887724721561,0.405419332
"23",23,"NUMEX_BILL_MELTON",4,122,3,7,5.45,4.95441304322222,3.55,4.2,4.5,3.2,0.0560473818247816,0.427876469,0.268749122290426,0.501844061,0.287004431879869,0.522251205,-0.0332300510699343,0.310473206,0.0473830765725018,0.408262926,0.156275002463463,0.361948276,0.24827847963638,0.47994539,0.0327715658526797,0.317144621,0.0115558869504801,0.425244663,0.157705943606553,0.353174379,0.231346251629316,0.450231149,0.0107029006053313,0.212260672,0.173035083367556,0.430089362,0.155212584003241,0.381162472,0.298180349897251,0.44729106,0.0754755226299687,0.315570413,0.182313416989553,0.443536454,0.350760216279207,0.502243076,0.184866484640422,0.424071126,0.134638138996953,0.44155742,0.293514470717166,0.462918106
"24",24,"AMERISTAND_803T",4,123,3,8,5.3,5.13060314722222,3.95,4.9,4.9,3.65,0.0580397244711433,0.428402029,0.27146326687988,0.516750156,0.28664641175131,0.535877016,-0.0236255841209184,0.354163465,0.0747796119709509,0.413692452,0.169815708809084,0.360997598,0.261205370008854,0.479474315,0.0251613672633402,0.291245119,0.0193524985234133,0.423854638,0.179371105830856,0.374675743,0.230816537055991,0.459823619,0.0156982579896613,0.20766455,0.195946935773538,0.445908335,0.17187956807248,0.388152539,0.31653585479317,0.457969675,0.0964251374003284,0.332360949,0.19311731779177,0.460093843,0.356139004847129,0.516506414,0.213949431400202,0.448260086,0.155116444123034,0.461806689,0.290938872348977,0.470870786
"25",25,"NM1702PAR",4,124,4,8,4.8,4.33783351922222,3.5,4.15,4.6,2.8,0.0343275512347783,0.427769681,0.228904409241952,0.477768726,0.236176911848131,0.489533734,-0.0329791634639741,0.456071788,0.0797549067130968,0.421819438,0.096924280727924,0.391115545,0.212992099201242,0.444198106,0.0639578723683748,0.34661755,0.012031521691172,0.422856211,0.137169624217187,0.346259062,0.207651195671417,0.438860276,0.0314671546304217,0.201076752,0.16249963719167,0.422112967,0.131379289068202,0.357407501,0.266007889809197,0.427090027,0.0781968436608063,0.295854486,0.176438003781989,0.412543493,0.321383184763944,0.48811232,0.168324415717633,0.450140079,0.118665358907017,0.449602614,0.245092022807476,0.444737182
"26",26,"AFX_779",4,125,4,7,5.3,4.88853977922222,3.45,4.15,4.25,2.9,0.0702266787189752,0.433466352,0.272458225171057,0.495008673,0.285565826942329,0.50347008,-0.0342364048490731,0.431651075,0.0871963203701845,0.424706591,0.134524739361707,0.368368806,0.239553376526285,0.459200127,0.0640176047499387,0.350579814,0.0365520573972971,0.431352105,0.152220313255084,0.338701955,0.231652028712207,0.44449323,0.0220740087184025,0.24451603,0.174751242822115,0.432883921,0.143030117722304,0.350660047,0.255727148489888,0.394972139,0.0617541021537499,0.307577097,0.185890306409737,0.412034866,0.324791885294739,0.471804476,0.167265500169003,0.440070028,0.13842075207661,0.442533183,0.278779527476947,0.455371776
"27",27,"AFX_149092",3,126,4,6,6,5.79354103544444,4,4.15,4.65,3.9,0.0960256063873651,0.43828627,0.313594831665446,0.548092106,0.326996786535733,0.542014507,-0.0202409703218825,0.381372105,0.131182609966527,0.426941152,0.167673039964821,0.386608866,0.261471055903437,0.508661563,0.0797928191402978,0.38202716,0.101825209511533,0.429594847,0.16132310945997,0.373672345,0.261835741878764,0.472497544,0.0237157750212895,0.267011784,0.184410971182777,0.426380045,0.142207231287539,0.36999544,0.268277595797164,0.418069867,0.0511225181731497,0.315684669,0.209628308190546,0.442805013,0.348576445013944,0.502987064,0.230857235551982,0.450664789,0.177033642187234,0.47374663,0.32494285319447,0.503635535
"28",28,"NUMEX_BILL_MELTON",3,127,4,5,4.25,3.59956699677778,2.35,3.35,3.65,2.1,0.0186491995848792,0.440526995,0.198420878117297,0.446583218,0.215964362291648,0.446452681,-0.0666626569434106,0.391110668,0.0250765606368235,0.401230317,0.0619202206763834,0.337496781,0.160353384766673,0.402962926,0.0458724275191189,0.319604702,0.0150380906547743,0.429593596,0.0526487770027726,0.363322375,0.14194171483721,0.412550466,-0.0259522176169925,0.273319223,0.101455215162563,0.429284807,0.105640959591953,0.334687061,0.214311170819946,0.38360163,-0.00299724126399937,0.322928969,0.117923379574314,0.379555551,0.276707837642221,0.442185925,0.0975856151158743,0.390848294,0.0747583766124972,0.416793893,0.223767588937163,0.416835466
"29",29,"NUMEX_BILL_MELTON",2,128,4,4,5,4.44042595411111,3.35,4.5,4.95,3.3,0.0381126914187304,0.418479471,0.255034861494209,0.477345403,0.247447430065209,0.473488551,-0.0460271788685247,0.46404015,0.05540675845284,0.412749422,0.0904444966417652,0.355129904,0.194901070804315,0.430553754,0.0309642187856617,0.332196888,0.0376481129083228,0.432834571,0.109121559126268,0.393754908,0.196966876496498,0.443621214,0.00235413330086048,0.286316169,0.139459089519705,0.438254485,0.131818931527905,0.375628893,0.284097067873528,0.439571184,0.0474058114074457,0.320814117,0.195304522198707,0.432804782,0.344608939567242,0.507496453,0.178011498381056,0.441214325,0.140938589354655,0.451676673,0.289515529323647,0.481380936
"30",30,"AFX_149092",2,129,4,3,5.75,5.36625263422222,3.8,4.35,4.8,4.05,0.095246306026146,0.428836951,0.31804302654278,0.511434193,0.31864532901105,0.518160989,-0.0146274957406057,0.441369916,0.143309042671038,0.397064846,0.156519219517879,0.379686796,0.270829945432018,0.46554757,0.0842439900937009,0.434367195,0.1134060589239,0.438914322,0.155479206252054,0.389816894,0.241870916749372,0.455414671,0.0182517459456374,0.309128003,0.189368833939179,0.44685871,0.144188687516413,0.382781353,0.278195588242824,0.429260503,0.0547752397561517,0.34303067,0.214747690630854,0.442590798,0.344917968664771,0.502165999,0.235765569302357,0.474164279,0.181174993195491,0.471128186,0.317367450950731,0.505652933
"31",31,"TMA_990",1,130,4,2,6.15,6.24290404044444,4.75,5.55,5.55,4.8,0.0891623134782906,0.429997906,0.32939186330204,0.529485527,0.312368899491331,0.517343798,-0.0545447877333429,0.4916922,0.148036362121939,0.398387622,0.154316406587374,0.402250251,0.272164705386079,0.47276208,0.0931098564521572,0.438043577,0.125197977631562,0.445311422,0.182472950855388,0.396986849,0.25880510425788,0.467695056,0.0052113087371356,0.303768131,0.205044018926688,0.451288108,0.200949725289764,0.397673847,0.312109638077066,0.474633712,0.072860918391968,0.339302297,0.227266739204008,0.454993999,0.357112075223897,0.507447827,0.237862467366011,0.481408836,0.193673564022031,0.475137898,0.313815871540763,0.496122957
"32",32,"NM1704PAR",1,131,4,1,5.85,5.52151510888889,3.95,4.1,4.75,3.15,0.117234699647263,0.433346206,0.337254764413925,0.532859146,0.350635755673351,0.548689751,-0.0772813177081344,0.547383164,0.122748010789715,0.381764053,0.143103571156165,0.41415186,0.295726311183259,0.49327908,0.0741864866664556,0.390276276,0.0903000857241975,0.437731682,0.15898564557889,0.40710369,0.241683397721983,0.452121377,-0.0135433385423762,0.311911927,0.156872068870795,0.449769705,0.169095946476012,0.384737821,0.278650975814311,0.436601857,0.0344325549149517,0.376086345,0.200398894352106,0.428349224,0.323967306569788,0.491199332,0.171665957204986,0.44198609,0.164178793574333,0.444850054,0.289119150905106,0.482272635
"33",33,"NUMEX_BILL_MELTON",1,132,5,1,6.2,5.91450519888889,4.05,4.2,4.5,3.2,0.101600749366836,0.429762591,0.328215075280669,0.528209148,0.321409888399715,0.531083178,-0.0683141208754075,0.519278436,0.117513336342208,0.386592982,0.119055093341348,0.423822426,0.286122594830045,0.489254316,0.0779853442446913,0.349576155,0.0791647773694761,0.433406712,0.169045025488743,0.378983334,0.221163711916675,0.441172256,-0.0132989167305305,0.304017589,0.170601085256919,0.443888665,0.137848939127167,0.376843171,0.257377995594052,0.39379248,0.0271356152248639,0.41949573,0.176217906727399,0.406365646,0.327440631725153,0.458724322,0.155991988788025,0.417449854,0.157473888861087,0.422847914,0.255826547752231,0.439556081
"34",34,"NUMEX_BILL_MELTON",1,133,5,2,5.5,4.88959711044444,3.2,4.1,4.35,3.2,0.0607396302053297,0.431485658,0.2846124177952,0.478346086,0.258765573858647,0.479682367,-0.0697493309023613,0.55464666,0.102510137238754,0.396260551,0.0966983190628501,0.373601514,0.230075330150621,0.437678929,0.0825139477780605,0.359758288,0.0587081229455567,0.443034698,0.127023176052609,0.391729818,0.192999412963269,0.434573459,-0.0450004735559773,0.333724982,0.140705741060686,0.4486389,0.123793800484162,0.368599276,0.256857981162743,0.414129834,0.020960018801477,0.392406306,0.156873143263483,0.436748637,0.337909943528486,0.480557004,0.154347848970701,0.428901124,0.131982184667771,0.438104002,0.253103198949543,0.439182588
"35",35,"NUMEX_BILL_MELTON",2,134,5,3,4.55,4.35346583822222,3.2,3.95,4.2,2.9,0.0215951634787002,0.444308298,0.243484787140925,0.462674226,0.222083449039523,0.473534637,-0.0500950148350985,0.538676422,0.0878845629005156,0.41362207,0.0728643090326259,0.404912077,0.198043782135319,0.441173144,0.0760760264655739,0.344612315,0.0520141769236245,0.443144921,0.122953600719753,0.387594035,0.185907693609106,0.444649483,-0.0120104335571036,0.309741944,0.145235463247174,0.449908145,0.106976067951283,0.360162229,0.275090548262733,0.430473313,0.0423927788564909,0.340043755,0.171723390579154,0.444304522,0.334396805636852,0.490959178,0.166174663788301,0.438688142,0.126949736966934,0.442010234,0.250136607565692,0.449035328
"36",36,"NUMEX_BILL_MELTON",2,135,5,4,4.6,4.65365367411111,3.2,4.2,4.55,3.1,0.013779435799799,0.439739389,0.244532319937665,0.4679844,0.224309587346578,0.468106477,-0.0537280804389039,0.529459948,0.0808485567451097,0.412900658,0.0731270830140802,0.400789285,0.191360809849604,0.445927905,0.0426837573888554,0.326528215,0.0313724384190403,0.428104209,0.113366424432219,0.396063648,0.18722844046384,0.45027824,-0.00161721539659529,0.322534101,0.151088920907797,0.44413651,0.102444871369976,0.345905116,0.297601178777137,0.442709194,0.0579054571365965,0.328446763,0.194610124323995,0.446711062,0.343930157050428,0.505316458,0.173217344617559,0.394406437,0.127730501374491,0.425943296,0.242244787373141,0.428698245
"37",37,"NUMEX_BILL_MELTON",3,136,5,5,4.45,3.63197491077778,2.6,3.4,3.9,2.6,-0.00788702365574619,0.443549356,0.210777274676185,0.463255414,0.205270816186823,0.46464028,-0.0780056509275573,0.516309256,0.0334440085628457,0.392226827,0.0380263148999875,0.386489902,0.137380680221902,0.420178653,0.0468652866033569,0.289014898,0.00101807908236431,0.436055286,0.0529038468166732,0.373909428,0.113455775138811,0.409989721,-0.0468895499591527,0.289626098,0.102037387367846,0.439162049,0.0527571879467736,0.355971395,0.203780667929116,0.380352122,-0.00142698185828869,0.320127516,0.118720198316916,0.416000726,0.283321879992582,0.443963115,0.121621519396394,0.387909141,0.0845328579068363,0.411609484,0.205481005963289,0.397027252
"38",38,"NUMEX_BILL_MELTON",3,137,5,6,4.35,4.02193575944444,2.8,3.2,3.6,2.35,-0.0179774788385981,0.45164789,0.198743668315547,0.465659848,0.215404443611671,0.480835668,-0.0638994000675052,0.544263456,0.0624398648714562,0.417760597,0.0611629368051694,0.404418315,0.158607555116402,0.46153672,0.0668789595657043,0.315992385,0.0321520189476283,0.439072579,0.089600576828035,0.368242538,0.16973612550314,0.447517824,-0.026121117647003,0.2799601,0.112055684086746,0.445556413,0.0621453299954409,0.355787632,0.215082339365267,0.394925505,0.0146762907678242,0.309389035,0.129370511051315,0.418551453,0.307219273236233,0.450207659,0.12842655419804,0.407012138,0.0936753106111901,0.424489015,0.214367718213556,0.412693187
"39",39,"NUMEX_BILL_MELTON",4,138,5,7,4.8,4.24299389322222,2.95,3.7,3.95,2.75,-0.000296015649871969,0.457107674,0.207577510811263,0.483000797,0.219274560698146,0.486283292,-0.0652692192319542,0.529615676,0.0564885123352033,0.43260971,0.0589944485452617,0.393550197,0.159038993910128,0.440319201,0.0626851988741454,0.301202171,0.0156536830144115,0.443371447,0.100922496438062,0.351489298,0.162235100933744,0.435562189,-0.00704982668839425,0.253447267,0.124356921035784,0.44851998,0.0799931496176343,0.353424977,0.228972013141542,0.383850702,0.0546981714442396,0.310282532,0.147266009233937,0.41980347,0.310970041031363,0.449778131,0.145356306284698,0.4063286,0.114012398653521,0.411968897,0.228185933018815,0.402771989
"40",40,"NUMEX_BILL_MELTON",4,139,5,8,4.9,4.68673120922222,3.4,4.15,4.15,3.05,0.032740045514235,0.429840546,0.22712564147511,0.502013838,0.22301100205453,0.489875506,-0.0560089344032202,0.525998821,0.0696755456379136,0.420698585,0.0791865751524273,0.385477156,0.185672738344061,0.451719656,0.0685671637327948,0.305621428,0.00498237159745508,0.43835009,0.11890002306892,0.344702487,0.179920686291677,0.454118453,0.0140007738577026,0.233730219,0.142308657697587,0.449474292,0.0946227471308054,0.353339958,0.258924970561499,0.415857825,0.0605155332206577,0.313360045,0.157621649634487,0.438775705,0.308759776467236,0.469613092,0.145349846344653,0.425097199,0.110638370640881,0.433999863,0.203115587508247,0.414119354
"41",41,"NM1713PAR",4,140,6,8,3.9,3.41181900322222,2.4,2.35,2.85,1.4,0.0118939604439419,0.428655531,0.220561997254659,0.453636246,0.231358619329796,0.456378938,-0.0458684576565356,0.501612708,0.0667854085794102,0.420501089,0.0661867586611027,0.386350109,0.161352901063869,0.412621882,0.0674087616335304,0.298697615,0.0151858503003258,0.433375316,0.110388217604268,0.316430785,0.153841378876672,0.412393537,0.015009502337074,0.208181661,0.12328658877575,0.413683827,0.0731064096550943,0.323013554,0.223543592531278,0.374695303,0.0540936330543159,0.277442814,0.154848307992153,0.403646462,0.284667164964529,0.428116399,0.101303181851775,0.418721989,0.0613005992051674,0.423616816,0.145421327140373,0.409455535
"42",42,"AFX_149092",4,141,6,7,5.05,4.82028630722222,3.55,4.1,4.55,3.3,0.0460138999017932,0.431686598,0.272651842276162,0.501985507,0.272663865945481,0.501543902,-0.0458654290941068,0.535832587,0.0994741415253168,0.424566893,0.113880007419832,0.40186477,0.218185449059024,0.472577477,0.0629292220937799,0.279479305,0.0637342839086679,0.441898991,0.138038794752691,0.393464904,0.218762885481781,0.473287757,0.016658087355926,0.255908491,0.1705537023554,0.448393187,0.0926506293270919,0.373311828,0.296289129133544,0.434700627,0.0868382471577595,0.317859049,0.198050251711627,0.441306714,0.3391141318003,0.492382399,0.207361821150609,0.445289184,0.143407881596548,0.454012022,0.239631587907048,0.447519232
"43",43,"NM1705PAR",3,142,6,6,4.95,4.91205984344444,3.8,4.3,4.55,3.35,0.0133132542073946,0.44206917,0.253881483115825,0.487016795,0.25107159692664,0.489686364,-0.0495859082453931,0.546665743,0.0817593233840563,0.426622919,0.0993867069998973,0.405246478,0.210575535284362,0.478627063,0.0669879360815564,0.29615401,0.0660761586831422,0.441991122,0.137095256582753,0.388991375,0.225789236476336,0.473583623,0.000642111782229172,0.263882743,0.151476219921978,0.443680022,0.0834653329595081,0.375446162,0.294213293147783,0.434278944,0.054372661782419,0.317838002,0.184583805829456,0.439127618,0.343587702898369,0.506228952,0.190856735110005,0.437478037,0.131248005347205,0.451600356,0.25234740360251,0.454638146
"44",44,"DONA_ANA",3,143,6,5,5.5,5.21464816077778,3.85,4.2,4.35,3.35,0.0383307057763085,0.425689124,0.27318840794889,0.519327181,0.260471220300274,0.508453159,-0.0462116372300989,0.516650306,0.0819556177379997,0.402738498,0.118031818880057,0.411555281,0.220321974520673,0.489906334,0.0503780199007236,0.291447434,0.0542424997132107,0.431584734,0.149757498702908,0.37859491,0.22266813360104,0.468461896,-0.0148555947014698,0.276234521,0.173076282040641,0.44456681,0.100388897390677,0.370852638,0.302239761132616,0.425173724,0.0452079556781895,0.328554951,0.193421936944006,0.413510462,0.336925848755492,0.495931891,0.20408906124162,0.432210626,0.140036780016641,0.445295947,0.257217495559656,0.440954367
"45",45,"NUMEX_BILL_MELTON",2,144,6,4,4.65,4.05255136411111,3,3.65,3.65,2.1,0.0040446087028364,0.432369762,0.23164301872819,0.471307824,0.236137129778508,0.487173975,-0.0507439482998626,0.504644708,0.0499797969154586,0.411561011,0.0662382575588027,0.410561564,0.185342438376773,0.448133365,0.0312078896708015,0.321784644,0.00900619398642413,0.433228559,0.102587639078529,0.395225081,0.165587297478665,0.434072071,-0.00187294318733645,0.283437274,0.124420384352427,0.432516805,0.0853079795731463,0.338768371,0.286860035435536,0.421993066,0.0527810420445556,0.331114086,0.186382337711481,0.399877156,0.323467133979157,0.476212706,0.127743921315168,0.387175802,0.0744370482058015,0.395466599,0.189781810924074,0.404443227
"46",46,"SW_8888",2,145,6,3,5.25,5.18296287222222,4.05,4.6,4.75,3.2,0.0583035060203528,0.419325836,0.281279877577196,0.495384578,0.273213509720826,0.498525954,-0.0393042293308861,0.484875028,0.106739652842483,0.410514197,0.108896482387398,0.411033786,0.244406729303957,0.490774095,0.0716716407103365,0.322499958,0.0783818347243532,0.431214839,0.166894845343796,0.406217189,0.225254244376494,0.462544206,-0.00495687791386362,0.311519149,0.167982810595782,0.442690116,0.116980286182079,0.401183526,0.321095970353404,0.442266347,0.0640407384569023,0.349998232,0.203086596560291,0.432000321,0.35848293817327,0.512397833,0.19153755617127,0.421962694,0.145645813650606,0.434393461,0.250572739141044,0.442941804
"47",47,"DONA_ANA",1,146,6,2,6.75,7.20542550044444,5.25,5.65,5.8,4.25,0.112706414239935,0.451885644,0.344874047787936,0.565094959,0.346004653979689,0.566794447,-0.0312608664306846,0.509921508,0.154372339877738,0.4117797,0.16702397951576,0.453405437,0.30422049203461,0.531352979,0.075347783680695,0.303647898,0.103182704195347,0.446576568,0.212321223290429,0.436740822,0.283980984026542,0.499867834,-0.00331809642069776,0.325913681,0.212977505961332,0.466716531,0.166594605550868,0.396162312,0.349837301340854,0.477388302,0.0853209433676426,0.36081799,0.241006567089672,0.467426978,0.376129941464297,0.539374682,0.231175945932762,0.471811179,0.190967142197196,0.473577734,0.296389208430845,0.492585518
"48",48,"AFX_149092",1,147,6,1,5.5,5.95304117488889,4.4,4.7,5.5,4.2,0.0994472491493491,0.432218721,0.323751136252353,0.524948326,0.321102171180319,0.52914341,-0.0287095430207568,0.468384376,0.162733880708056,0.394257045,0.144213267648717,0.438039642,0.300324581789674,0.506389596,0.0824327670977045,0.322959105,0.115774407069777,0.433601404,0.211067407245908,0.40532725,0.26243589746533,0.470668926,0.0206080666586265,0.331016384,0.210327480735757,0.462990811,0.148402785344949,0.399655259,0.327192926416983,0.448628321,0.0671626573897925,0.413335699,0.23677195315021,0.450683883,0.376048073025197,0.529347207,0.21844550894501,0.455856477,0.205806966952954,0.463629678,0.290767880543086,0.476851736
"49",49,"NUMEX_BILL_MELTON",1,148,7,1,6.25,6.19281017488889,4.7,5.45,5.85,3.85,0.0967848986931481,0.424927912,0.306960246829145,0.505617902,0.33621142378755,0.540389007,-0.0443134038244014,0.481387913,0.12055238426856,0.402222576,0.129782452289943,0.430335263,0.295761107419738,0.507408428,0.0738145156057751,0.378636672,0.0556196960231691,0.427276243,0.198114539287568,0.43592831,0.265067666042455,0.482819271,0.00445253726203875,0.327269895,0.167598691455938,0.45284194,0.150534047091514,0.402330273,0.35493658893334,0.474436522,0.0478377174585719,0.409135674,0.214439873255566,0.45428453,0.385102772344754,0.529996195,0.164437590071364,0.433780776,0.168518660929795,0.455527283,0.27349881058638,0.470055863
"50",50,"NM170506PAR",1,149,7,2,5.7,6.13121955444444,4.45,5,5.3,3.8,0.0755782048846282,0.425024204,0.295792916279828,0.500413191,0.321944797943808,0.535161069,-0.0273632757758462,0.48264456,0.145190196972949,0.411273536,0.139862801030844,0.431695995,0.273457113073113,0.497549343,0.0747944051540353,0.359712174,0.0669851912467987,0.429274864,0.187965240401298,0.414537127,0.255058384643669,0.480193165,0.0148027838075666,0.308865963,0.176839106951933,0.448690077,0.142273405845291,0.402895823,0.334974087875855,0.466819559,0.062105799357243,0.41430025,0.211892902294925,0.465735974,0.373996956816323,0.525974794,0.19497540117167,0.46225136,0.157491378897918,0.465899982,0.271133497887074,0.483028137
"51",51,"SW_9720",2,150,7,3,5.35,5.53318333422222,4.25,4.9,5.25,3.55,0.0328720889359502,0.422660241,0.250120709037398,0.468594217,0.29662314403873,0.523537636,-0.0395318919450984,0.489841454,0.11186801394811,0.407559017,0.112751851554045,0.416029813,0.235806275595951,0.474015496,0.0624014932205328,0.368253862,0.034593592601833,0.441215898,0.147970843737217,0.391498463,0.200086913026536,0.463346654,-0.0159753882423273,0.297409263,0.130793287369495,0.435534424,0.116372550431591,0.372651478,0.335004106240706,0.454673348,0.0520819891231514,0.342724584,0.198380663037824,0.44189744,0.35023832786058,0.502048211,0.175434412245353,0.433362793,0.124933761595548,0.443482993,0.233861460839913,0.42812896
"52",52,"AMERISTAND_803T",2,151,7,4,6,6.24223452411111,5.15,5.65,5.5,4,0.0675058740210192,0.432934448,0.282712517600387,0.505271786,0.318429317885079,0.542260009,-0.0333167049530948,0.487728108,0.137928131992719,0.404836601,0.145686320227821,0.41803241,0.269712597085221,0.512087376,0.0601450342881041,0.377238567,0.0573191847016419,0.428942104,0.184501896364166,0.404462258,0.250347925523866,0.500956297,0.015135095053983,0.300945965,0.1900701822956,0.45857476,0.140500441987929,0.430443256,0.386652040371169,0.501978206,0.086440626654348,0.375667737,0.241194518632062,0.477992114,0.38392616135773,0.543888913,0.23301354749636,0.464862842,0.166143558791828,0.460701159,0.277640451927595,0.473411479
"53",53,"SW_8421S",3,152,7,5,5.05,5.36733857877778,4.15,4.85,5,3.2,0.0449644097569012,0.433301924,0.239717232570362,0.491933549,0.258994296836652,0.512911253,-0.0294804578689285,0.45831748,0.121853612664579,0.405075345,0.125191331692704,0.426270955,0.221821752169799,0.501887424,0.0631129484319862,0.365272996,0.0514703441283233,0.428108973,0.161099781879045,0.387760574,0.237044460298622,0.487475241,0.00164027631208995,0.285071655,0.157819346744979,0.448489963,0.107241243776322,0.412316405,0.347024472671825,0.4696243,0.0596361113838654,0.331295535,0.207509289992705,0.461215761,0.365602715360785,0.521193825,0.214850721373614,0.434385014,0.145473438407451,0.446007565,0.255721571756692,0.449072388
"54",54,"NM1713PAR",3,153,7,6,4.8,4.36029614744444,3.35,3.6,4,2.35,0.0416947632119455,0.440142675,0.227820503124221,0.475497694,0.226432681341818,0.463493862,-0.0446281918115853,0.48708572,0.0819567241523237,0.429545495,0.0974498560691178,0.394445003,0.192922626217544,0.465084016,0.0636890185638868,0.356409645,0.0326976090051391,0.444757065,0.125306432317678,0.381507442,0.201354882372904,0.448932022,-0.00492482871781947,0.263776307,0.111711210095386,0.420919899,0.0740663969702998,0.386685282,0.261138395942637,0.391345304,0.0373963291335067,0.296751008,0.167524470344004,0.434330797,0.323806891384535,0.459228533,0.128811262225793,0.434092051,0.1033262219683,0.416536484,0.214645306615817,0.439480469
"55",55,"NUMEX_BILL_MELTON",4,154,7,7,5.1,4.71499521922222,3.25,4,3.9,2.2,0.0385254206096764,0.419633932,0.235001795507278,0.483919988,0.246544904339414,0.484894699,-0.0481054883235456,0.509840375,0.0775208039497859,0.423877641,0.100821927776763,0.400699876,0.198041692998305,0.475673044,0.0538575525640314,0.362237489,0.0203873562471624,0.437053384,0.129502003790631,0.377582642,0.210178388682216,0.469214532,-0.00895430808826129,0.269967513,0.132160979657348,0.435455685,0.0836012927580285,0.358327234,0.303351413577596,0.443112981,0.0614021476712567,0.318780627,0.183855583289409,0.439639425,0.337683027426535,0.480895065,0.142251827250072,0.411117229,0.100889760951927,0.423960152,0.19754738488127,0.420015334
"56",56,"TMA_990",4,155,7,8,5.7,6.38091335722222,5.1,5.15,5.45,4.05,0.04962606445475,0.42259313,0.240400468276883,0.499807893,0.268717056729174,0.52403939,-0.0166579863543693,0.457822102,0.161218215324009,0.409927276,0.15064398726224,0.403447007,0.232796992064138,0.489406849,0.0741545862169216,0.330332193,0.075829874335606,0.422402445,0.179721138216084,0.400151156,0.248619119729665,0.482969889,0.0192148623804821,0.266505222,0.201422808746684,0.479626477,0.12609369784275,0.398446047,0.341420909081595,0.457400989,0.0998207063301911,0.337774063,0.219670390457832,0.466605668,0.343867547612011,0.494406281,0.218925743371889,0.434289256,0.15407951807592,0.453558183,0.22952957988133,0.430485528
"57",57,"NUMEX_BILL_MELTON",4,156,8,8,5.8,5.51565660522222,3.95,4.55,4.7,3,0.0422382568079158,0.428329592,0.222653707052775,0.478974522,0.288382428524207,0.526172253,-0.053648135328283,0.47628657,0.0871675275831905,0.420850382,0.119564739025205,0.389505987,0.23256627775802,0.488829018,0.0516762416237677,0.345696847,0.00530991890379097,0.435322045,0.160867099325033,0.384691986,0.250322264386977,0.465694854,-0.00753525730768132,0.253246074,0.166859515548192,0.415286047,0.113387232212936,0.360640656,0.338615287945024,0.458483508,0.0715371160808279,0.322267429,0.203731701261431,0.423066383,0.358038961516196,0.520004315,0.150307653588414,0.415459957,0.113743929132561,0.443334054,0.238808931158163,0.435896044
"58",58,"NUMEX_BILL_MELTON",4,157,8,7,5.7,5.59096486122222,3.9,4.8,4.95,3.15,0.0336335466989296,0.424382277,0.222110512255133,0.493194112,0.268334065565256,0.519762536,-0.0607401885083074,0.495376533,0.0730185785370855,0.424277769,0.100424280446022,0.408913772,0.215380509577126,0.496961485,0.045921433750191,0.369470942,-0.0100560962385545,0.445571716,0.126960612764457,0.381622105,0.22611928977215,0.476830358,-0.01116935528511,0.253601365,0.131370869951922,0.441583587,0.0929409638617375,0.375440333,0.34385538314407,0.481649037,0.0770099055995154,0.338947625,0.206370698960755,0.430105951,0.355506350032429,0.515045743,0.159324656434291,0.425497358,0.118451213862653,0.441583743,0.218976030911772,0.452674652
"59",59,"NUMEX_BILL_MELTON",3,158,8,6,6,5.73124003744444,4.5,5.15,5.05,3.65,0.0452537922783577,0.425808035,0.236117725726523,0.490288972,0.26535878162578,0.505495333,-0.0656047674888061,0.508645995,0.0705557903813665,0.431071134,0.102113637520614,0.414519001,0.225603304901557,0.491476289,0.050814883700553,0.373260356,0.0133769299512045,0.448774475,0.13827429034684,0.369244273,0.232059057261073,0.48098324,-0.00275333192491154,0.265355536,0.131403079287229,0.44628281,0.101966828422855,0.36861948,0.345549396287407,0.462407975,0.0722774577088764,0.331562482,0.21093420696739,0.439781092,0.35628432248646,0.509075701,0.181250392105633,0.427756055,0.151660842143975,0.451450862,0.276648430008963,0.467384693
"60",60,"NUMEX_BILL_MELTON",3,159,8,5,6.25,5.86729370477778,4.3,5.1,5.1,3.45,0.0498703633725511,0.437756123,0.238468594352549,0.498288268,0.281109387788191,0.531197907,-0.05418247329525,0.474269251,0.0839817499011557,0.410175254,0.110421194562912,0.401734674,0.238499570743733,0.488732145,0.0581824248587966,0.352776165,0.0223286181520131,0.433219249,0.148148729239901,0.388833369,0.244282866817352,0.485379863,0.0057830686468559,0.257456057,0.148608915425152,0.452969225,0.122248902282871,0.371721125,0.369635501996017,0.484045429,0.0779090243762481,0.347113379,0.214959557651628,0.427153429,0.369043576995135,0.52242752,0.182745244747069,0.432583079,0.141621135450166,0.439979969,0.278376397618441,0.460050762
"61",61,"NUMEX_BILL_MELTON",2,160,8,4,5.75,5.56026753411111,4.3,5,5,3.35,0.0564488346555032,0.434435073,0.242981017508116,0.474778075,0.301242637196467,0.534768951,-0.0609270857004637,0.493040894,0.068621342936111,0.415954089,0.1015737595802,0.392770236,0.240903024614859,0.472319883,0.0498187109906871,0.35632074,0.0082647420844745,0.440115398,0.132182543069287,0.381674215,0.208140675674202,0.457315633,-0.0104996526288859,0.27701153,0.127865946030048,0.436330115,0.108214091267513,0.367853925,0.341400511054385,0.459017362,0.0643789855736226,0.348953023,0.20147760327642,0.422940151,0.351337147528785,0.508504145,0.158533146130355,0.420550197,0.127235759035805,0.439662319,0.275473562954006,0.459878087
"62",62,"NUMEX_BILL_MELTON",2,161,8,3,6.75,6.31664868422222,4.9,5.6,5.65,3.7,0.0851065012763532,0.438974708,0.282344099496824,0.502079304,0.345812517082647,0.557047362,-0.057695155326943,0.476518592,0.0965942664914437,0.409092209,0.115736873364509,0.427535268,0.267886607368925,0.512958066,0.0577703411032735,0.375943429,0.0227792031229841,0.434800545,0.165163956120498,0.41995044,0.25359246795704,0.491549085,-0.00827660018273595,0.30811714,0.15587103945079,0.453749668,0.137079509812802,0.41309559,0.387807401377102,0.510376537,0.0712739955446637,0.369434833,0.229526555247364,0.447357822,0.376548239322307,0.540119805,0.175152031253231,0.437890724,0.143245209352234,0.452080065,0.284632983934105,0.482594207
"63",63,"NUMEX_BILL_MELTON",1,162,8,2,5.55,5.58342417444444,4.2,4.5,5,3.1,0.0807708629487423,0.429715133,0.277776182936653,0.488813279,0.319927403687641,0.536138272,-0.0602538593143632,0.501348339,0.0931051192318964,0.411337124,0.105675301433924,0.413672516,0.263264941277955,0.481469981,0.0588426203771667,0.389906944,0.0131178430356877,0.440015502,0.151237907122979,0.412408322,0.220015544730282,0.468989075,-0.0108336037929998,0.313857222,0.144412442368368,0.44230415,0.12561853639599,0.370537445,0.33415004541862,0.46698966,0.0325368430690101,0.436373433,0.192985315162415,0.43570757,0.366274130432962,0.505410703,0.135237978786206,0.422304161,0.130281905960052,0.423799017,0.262961876312186,0.463571144
"64",64,"NUMEX_BILL_MELTON",1,163,8,1,5.8,5.84986495888889,4.3,4.95,5.1,3.35,0.0979702319666913,0.425077855,0.288761067776834,0.48434756,0.333795653570577,0.53231593,-0.0654422585749471,0.493404765,0.0925023381343671,0.417366972,0.105389954125281,0.427073519,0.284048579574273,0.486369121,0.0650803909161352,0.395414006,0.0273345703145375,0.439745584,0.174480351177399,0.432632063,0.250750616687315,0.474848148,-0.00453719961704838,0.377708453,0.157508081547174,0.44755107,0.148059850447984,0.438735963,0.364810418444759,0.494589688,0.0392688972856303,0.417601428,0.221590849140386,0.448190177,0.371520870736629,0.519608257,0.141079925206353,0.426517698,0.161464240475166,0.456890278,0.27989819048863,0.48658772
"65",65,"NUMEX_BILL_MELTON",1,164,9,1,5.65,5.12208674688889,3.65,4.2,4.5,2.7,0.0680218968220122,0.442163581,0.258324405013688,0.473548866,0.305531696305919,0.520709444,-0.0718468230161916,0.470812751,0.0568900640331597,0.407153836,0.0715840025436014,0.426528695,0.259183357569261,0.483724263,0.0690508501099771,0.363494038,0.011746332035608,0.438110258,0.156521741637625,0.428265864,0.212100340385316,0.457174609,-0.00873296881952742,0.341725042,0.132193282864322,0.44357422,0.135568059640902,0.451279544,0.347274033854866,0.473147456,0.0333803274262835,0.404928638,0.194825056053312,0.436301833,0.345021785557629,0.492603543,0.111435877338716,0.438935091,0.12408615260218,0.442983013,0.269636951056676,0.47816931
"66",66,"SW_9720",1,165,9,2,5.7,5.76962481644444,4.25,4.55,4.8,3.35,0.0430687057272605,0.440960723,0.245030992984789,0.467358899,0.294832714838053,0.529212586,-0.0503785680982263,0.42894611,0.102416768826195,0.41215208,0.0991938897241463,0.429423537,0.252793346060641,0.484248126,0.0693042767585499,0.360324561,0.0315076326876307,0.434604426,0.13534023197655,0.426829539,0.205621203265009,0.465351048,-0.012676485891939,0.319678401,0.137842719540824,0.440012368,0.138278567062901,0.438643345,0.339912219349062,0.47212911,0.0412519527972064,0.416997213,0.181884773113102,0.42965469,0.350594323427666,0.483688453,0.133560309204831,0.426967913,0.113089949120641,0.439279938,0.262444953509934,0.450347875
"67",67,"NM1712PAR",2,166,9,3,4.95,4.77740644822222,3.5,4.2,4.4,2.45,0.0162643198160629,0.449577601,0.212521012560692,0.443859681,0.281848535203774,0.517180033,-0.0574637999009363,0.354059493,0.0548584603291387,0.415366916,0.0751895887513472,0.415802628,0.226634305795691,0.468899553,0.0644706709162054,0.357138264,0.0123072037877891,0.437056625,0.133321756372343,0.376346411,0.192781604197314,0.464495164,0.00393441742539001,0.285796017,0.120062772458942,0.438691619,0.125073550816598,0.442289252,0.34729244392857,0.460663304,0.0524004750345972,0.387371786,0.200980778844494,0.43788293,0.355194368690959,0.519280637,0.124160352136194,0.437299655,0.0954661146110003,0.425381406,0.274210005219777,0.461504899
"68",68,"NUMEX_BILL_MELTON",2,167,9,4,5.3,4.92543453811111,3.55,4.3,4.6,2.6,0.0218463203868529,0.421740281,0.227191225895598,0.472332798,0.296886850577174,0.532602836,-0.0688870734109981,0.491353706,0.0364139406104087,0.411963984,0.0723016309982367,0.411567156,0.222245587372086,0.481674215,0.0602859230813295,0.348736143,0.0146998115020675,0.436175941,0.128398159960766,0.368701736,0.205349232028384,0.468712655,-0.00727073891855572,0.284689991,0.120578731000246,0.441659203,0.12283760203054,0.450548995,0.349993547361861,0.461052056,0.0587846068187459,0.357049657,0.200603608179673,0.448028297,0.341185335040626,0.504710377,0.135995023322068,0.43643324,0.107169976334771,0.433856294,0.285712202554325,0.467356495
"69",69,"NM1702PAR",3,168,9,5,4.8,4.65243300277778,4,4.8,4.8,3.3,0.00383434794779919,0.425257631,0.188509721733836,0.423168908,0.260988497396836,0.491303213,-0.0555261862480778,0.476841111,0.070793976876742,0.416020688,0.0773646437647863,0.402260267,0.208265488735453,0.453375973,0.0686784882698923,0.352515649,0.0334478430407578,0.431665517,0.126816750290545,0.379780324,0.216071753599996,0.467561031,0.008922350410084,0.294894162,0.141668492161471,0.443936397,0.136147960570664,0.450376338,0.356701705090549,0.472185521,0.065885634936372,0.368220793,0.202354310634281,0.456528991,0.335875641913882,0.514656605,0.161166851729594,0.437324608,0.100602515285477,0.440713381,0.277398562519273,0.471728468
"70",70,"AFX_779",3,169,9,6,5.8,5.71298656544444,4.15,4.95,5.25,3.7,0.0411265468985465,0.436599076,0.247205547380795,0.475885555,0.304773816683498,0.524158826,-0.0492334950649564,0.447835334,0.091895887631135,0.419633172,0.129899801598365,0.417343376,0.267310584407277,0.51430164,0.0709694477550204,0.352248037,0.0460649854967944,0.429434119,0.157861564393217,0.395814185,0.249453097182702,0.493972709,0.0109229041396101,0.285442833,0.148657084363005,0.441942807,0.143517185881345,0.448396908,0.37472400257,0.466964661,0.0761521658574717,0.337014489,0.227889707028581,0.465991112,0.388793549886448,0.5403501,0.173203537462714,0.445109914,0.139025726102956,0.438867228,0.317244427786626,0.499338392
"71",71,"SW_8421S",4,170,9,7,6.5,6.60304539722222,5.6,5.95,6.05,4.3,0.0428028657978905,0.427969497,0.237857363815799,0.502892745,0.288743695415691,0.541713179,-0.0275903049060177,0.42085174,0.130908140789059,0.402547025,0.14123788175319,0.423298354,0.2640770028344,0.520871529,0.0797239035629481,0.366733375,0.0669889727684656,0.436324159,0.174199249352152,0.431588381,0.284113478579607,0.520255574,0.0229354864803965,0.304170328,0.189549818805907,0.474227841,0.159342598238475,0.453738889,0.383018568706401,0.500423895,0.0842631687221676,0.380041506,0.246477780551035,0.492035769,0.374170825045039,0.554866168,0.205517622420102,0.464861715,0.146856749790725,0.461151025,0.266530459917956,0.482089143
"72",72,"SW_8888",4,171,9,8,5.45,5.56036551722222,4.3,4.9,5.25,3.4,0.0306126129192057,0.431527919,0.217106562110582,0.500986877,0.286167984950738,0.547264589,-0.0492697137557765,0.447573782,0.0955839954640916,0.410615359,0.127774064499022,0.420051687,0.247303814704921,0.523223218,0.0640163980731095,0.349279235,0.0481879668368395,0.43616336,0.177510307494136,0.428123793,0.280144995320118,0.509487843,0.0164769504962705,0.297226394,0.191434151469869,0.480798945,0.166446949877165,0.416702227,0.366816820839541,0.477888643,0.080730223437603,0.335151165,0.248139405863058,0.479869161,0.372905933279827,0.556685759,0.182109316837732,0.414201842,0.1311982419554,0.449530704,0.268683330640861,0.471467069
"73",73,"NM1703PAR",4,172,10,8,5.75,6.68501238722222,5.2,5.7,6.25,4.4,0.031365212733542,0.436990811,0.217095645909951,0.496619896,0.28266256514191,0.53697089,-0.0388294027218377,0.396542288,0.0923587010622307,0.405534478,0.139023358945893,0.409518993,0.276618009613261,0.521657326,0.0640260473612859,0.320182349,0.0745422404844972,0.424917951,0.184468037703821,0.421799058,0.309199944189298,0.50250169,0.0442145124238098,0.250114961,0.195059665117998,0.458118377,0.202752253554001,0.449110807,0.385526474897912,0.498077982,0.0578053674545831,0.32195983,0.251442402604475,0.482949027,0.368879522126195,0.560331259,0.201276583716016,0.451271612,0.141151152782726,0.458289492,0.286882185654941,0.498241056
"74",74,"SW_9813",4,173,10,7,6.4,6.59912195522222,5.45,6,6.25,4.4,0.0273731881403122,0.428632703,0.213293738691194,0.49110129,0.286376074224136,0.543735405,-0.0352440206038593,0.390526727,0.0915557972593993,0.403054913,0.133758866935789,0.416743944,0.261808674555544,0.510463916,0.068277676728837,0.332598028,0.0718518100281956,0.426181271,0.166394751396936,0.398749725,0.272849337663454,0.495796251,0.0243544179732165,0.278599509,0.160020131649012,0.451139545,0.162244947353944,0.456746795,0.369660589849351,0.485854963,0.0580912793688467,0.327197959,0.244236455540924,0.455356788,0.362099692759306,0.533045957,0.195523176282095,0.44411153,0.145772762710382,0.449520013,0.269115027527731,0.48614546
"75",75,"TMA_990",3,174,10,6,6.5,6.95394762344444,5.9,6.4,6.25,5.15,0.0653100031304689,0.427725085,0.271407057778699,0.511234589,0.328902827322164,0.562072254,-0.0303357549249635,0.398770599,0.121295936262923,0.397933294,0.154267214600861,0.396630838,0.290963467721088,0.517767541,0.085608775500068,0.331221947,0.12746364156862,0.419982006,0.189840473015399,0.401091912,0.297272132761285,0.502204668,0.0489722579731173,0.291534728,0.208761186576525,0.457485065,0.216434821988747,0.462178011,0.392898890387993,0.495161963,0.0960068053604572,0.345070507,0.266272413092245,0.470475443,0.370267431209972,0.543641629,0.235387996205109,0.482655868,0.172572421284268,0.474080911,0.298709841044025,0.506053648
"76",76,"NM1704PAR",3,175,10,5,5.85,5.83113793677778,4.6,5.4,5.3,3.5,0.0176389633178912,0.436821003,0.210391588769564,0.487214981,0.303221875126736,0.5551007,-0.0532377765948142,0.474158136,0.0583885261937198,0.413626666,0.105646937321869,0.420732811,0.250661348785648,0.515811561,0.0633017471469371,0.285688547,0.0630726754096673,0.447733669,0.144488443067874,0.39389904,0.24715604159376,0.49149997,0.0207363963909134,0.272899129,0.151865196306416,0.454310806,0.168312175073275,0.454696856,0.373765354795749,0.495095684,0.0885983012583661,0.357780606,0.232949909580724,0.475143921,0.344343662711302,0.531055648,0.177631450256767,0.454211662,0.123498671717465,0.453997239,0.281841428109164,0.493490556
"77",77,"MESQUITE",2,176,10,4,4.85,4.99183847411111,4.15,4.4,4.3,2.9,0.019179655848427,0.429300478,0.210071255471809,0.460374162,0.298402866200031,0.527234865,-0.0546873311487239,0.486998882,0.0673632018000666,0.412688595,0.100198548993141,0.412213079,0.239225043005446,0.471795257,0.0638296176822439,0.293996057,0.0685867979655427,0.449652089,0.134660527372844,0.388086711,0.215073790845306,0.459951883,0.0274472120118074,0.288078089,0.15137190505994,0.446418952,0.16689638043329,0.460658003,0.338482560815049,0.444959096,0.063520483247296,0.385420713,0.205266682743251,0.444240095,0.311054079187962,0.475888743,0.168046192047908,0.437729161,0.120645948367701,0.430756836,0.257251904565145,0.449054839
"78",78,"TMA_990",2,177,10,3,6.7,7.21409288822222,6.05,6.2,5.9,4.55,0.0484275731217982,0.429179368,0.270038951086762,0.501386896,0.328465390909292,0.549527039,-0.0329167597554515,0.33673654,0.11680936264527,0.39007209,0.136276431799754,0.410582649,0.288059555243324,0.518126399,0.0886906525445375,0.313268428,0.122571496622334,0.436937292,0.196832762215487,0.413638455,0.275930448740476,0.495243252,0.0511547541587247,0.289585269,0.215271221491056,0.470822302,0.214081252310138,0.493715132,0.397291780965566,0.504521724,0.103833284223218,0.365714218,0.258148793360784,0.459849966,0.36896185627588,0.534731667,0.213192637072199,0.45567082,0.154647649835385,0.452498609,0.285462485334474,0.478716975
"79",79,"AMERISTAND_803T",1,178,10,2,5.5,5.88898059844444,4.6,5.2,5,3.45,0.0466415755894957,0.422555713,0.253099748900489,0.456529193,0.300832737474882,0.518465496,-0.0529182491412145,0.409883928,0.0830613800350198,0.403924745,0.0974747064819312,0.452157735,0.268069609892954,0.502903474,0.0748489869172095,0.307471529,0.0860711239260664,0.433980148,0.166561762567889,0.415761483,0.236536563275272,0.483576576,0.00137196629423023,0.334646174,0.179415271625796,0.443592267,0.183495486892744,0.466075332,0.372569516873759,0.490927081,0.0687688556408442,0.388215286,0.228482894939827,0.452573383,0.387744091876659,0.522963094,0.169793795175487,0.441647825,0.136785725280874,0.434303655,0.28299996084083,0.479580283
"80",80,"NUMEX_BILL_MELTON",1,179,10,1,4.85,4.63143199088889,3.75,3.7,4.15,2.3,0.0453875947964731,0.425918431,0.227456797236624,0.429315306,0.275523291663805,0.482089653,-0.0774767085499942,0.477198376,0.0288467871138886,0.406875144,0.0433724651669877,0.419010227,0.227153381927582,0.456641554,0.0708396651925713,0.279589993,0.0296024306562014,0.436800391,0.121784909596282,0.424987943,0.185095152832182,0.444970692,-0.0162454341782599,0.362143309,0.124293696953106,0.435926279,0.140547279014266,0.44737089,0.30808703118189,0.427028535,0.0163364922185481,0.409442025,0.18844797035045,0.413507304,0.346479263355172,0.484559603,0.0937066626785286,0.425979587,0.105342876347683,0.411545732,0.258133935443095,0.454025937
"81",81,"NUMEX_BILL_MELTON",1,180,11,1,5.7,5.35229004088889,4,4.25,4.4,2.85,0.0525778738145852,0.428131522,0.242143869916266,0.455766636,0.289550674670182,0.502881502,-0.078886713404499,0.486539781,0.0295180510528962,0.415537666,0.0521501473375189,0.410500681,0.238628764252582,0.467683924,0.0688648538596029,0.302813037,0.0446097088488136,0.435767429,0.14743049137137,0.396402919,0.208691551681512,0.459499291,-0.00654879885986241,0.317423825,0.142651559192103,0.442964534,0.141010288541472,0.44927745,0.340181887399781,0.441124118,0.0505047337116954,0.382481752,0.201455372106211,0.421095347,0.356460411416572,0.496564022,0.113289418434371,0.422700853,0.111873889914626,0.44112048,0.258922484257276,0.452138119
"82",82,"NUMEX_BILL_MELTON",1,181,11,2,5.85,5.62196015044444,4.1,4.55,5.05,3.3,0.0432411072828634,0.43771386,0.239136844358075,0.47506957,0.290919205359696,0.534565999,-0.074058425823864,0.490421482,0.0425967322494046,0.419327958,0.0783086334625064,0.425943883,0.245480635238944,0.497558582,0.0668709319523259,0.314099686,0.0614345373588432,0.448812645,0.138699242955614,0.414288354,0.216254946503438,0.469847736,-0.0169771776214666,0.29833234,0.146262146025414,0.446575763,0.147559249477303,0.455686237,0.352009221694754,0.461814341,0.0642607730712629,0.346655048,0.197072295647549,0.437926243,0.366259948701622,0.513691095,0.121366529985536,0.429909123,0.109384840813569,0.432950083,0.251576138544868,0.474218764
"83",83,"NUMEX_BILL_MELTON",2,182,11,3,5.5,5.49535361822222,3.9,4.55,4.5,2.7,0.0144676723792894,0.42747354,0.216219395594089,0.488850517,0.279686427869674,0.535547482,-0.0753830905929713,0.451867474,0.0108120042052052,0.420897708,0.0733116041321475,0.409304896,0.236334878776304,0.487409374,0.0561294125609117,0.33450849,0.0518328998825293,0.445501153,0.139637937200222,0.394534008,0.214914197042004,0.484642517,0.0132238637968872,0.25212226,0.124984399490433,0.445344572,0.133734420223835,0.450176688,0.350225731900051,0.451247405,0.0635861437557556,0.335348336,0.19265498219721,0.442622741,0.324413247082623,0.494980293,0.111753356566772,0.422639743,0.0834226189381052,0.429330273,0.241313680610263,0.448645951
"84",84,"NUMEX_BILL_MELTON",2,183,11,4,4.9,4.69840746011111,3.45,4.05,3.95,2.9,0.0111198268874596,0.435949263,0.207823917526497,0.470200843,0.257425204428097,0.5179372,-0.0750628424658692,0.484736291,0.0100726033323327,0.419362701,0.0585029049765565,0.404288665,0.192274606022545,0.451871624,0.0489932254220386,0.315280595,0.0515894320201166,0.450332395,0.116664957537715,0.339256709,0.169826705815797,0.436117348,0.0124672360872332,0.264493857,0.117723873554143,0.431494257,0.125473492823587,0.441830065,0.308400722787336,0.426865455,0.0608896318184678,0.327894343,0.167607142949895,0.42070524,0.288704842688417,0.457368837,0.111884127634505,0.424363223,0.0945439662552407,0.413977356,0.206738760744702,0.430961897
"85",85,"NUMEX_BILL_MELTON",3,184,11,5,5.8,5.54282242277778,4.35,4.95,4.8,3.55,0.0414400038366842,0.430032577,0.228432342419102,0.486093527,0.301487815473272,0.535516218,-0.0660283769850119,0.474209068,0.0328788637720833,0.422679697,0.0975835844007309,0.409147445,0.242935818107625,0.499816506,0.0525684541508719,0.303459939,0.0704893873172334,0.448187616,0.145298731058386,0.376641702,0.226073293713904,0.481834666,0.0107777778998952,0.267669241,0.141033513412058,0.447789238,0.146746600087106,0.456422839,0.356069652526437,0.465560736,0.0773765882721369,0.334030763,0.204617735592729,0.453434081,0.330637436563921,0.515344403,0.137876461228623,0.432895658,0.112555692045637,0.434275012,0.221256376815347,0.442389418
"86",86,"NUMEX_BILL_MELTON",3,185,11,6,7.2,6.83772318344444,5.25,5.85,6.4,4.6,0.0644329938682734,0.441772052,0.258587470395123,0.541109203,0.316112370451106,0.566826607,-0.0648607882773412,0.453834089,0.0640187233033764,0.415522433,0.119076123929339,0.425322904,0.27321404207714,0.534184388,0.0619851835531217,0.304960919,0.0930131831226663,0.438484454,0.16822357050438,0.403737705,0.275437474798345,0.505955624,0.00574177186635706,0.303730454,0.153765969831417,0.461373794,0.161996995590387,0.462075006,0.398281089162517,0.494428865,0.0599218627430932,0.326060499,0.232616886224948,0.481063137,0.383075809770406,0.574325011,0.171251280866918,0.444605615,0.138837167772491,0.456029721,0.26949975960693,0.495379989
"87",87,"NUMEX_BILL_MELTON",4,186,11,7,6.2,6.40600115122222,4.7,5.45,5.9,3.95,0.0370393187104873,0.42435155,0.22076626385362,0.512366915,0.285500478953798,0.547929747,-0.0609639106397624,0.438510012,0.0548584256120638,0.409961589,0.111399670892276,0.403963874,0.255615975336404,0.518247065,0.0601594133613342,0.30789662,0.0789592804854718,0.430987575,0.156260597681331,0.377648611,0.260442495638836,0.491608815,0.0224447832317114,0.284326674,0.147487513227702,0.446096638,0.158022858284537,0.445092849,0.378400535324081,0.481639379,0.0332183766638011,0.318594196,0.244644859222304,0.483792354,0.364971065601439,0.555397177,0.174739547744638,0.437221839,0.138085060669049,0.447045149,0.28084431996261,0.503483284
"88",88,"NUMEX_BILL_MELTON",4,187,11,8,5.7,5.69669687322222,4.35,4.85,5.05,3,0.0274854897364465,0.427336076,0.206912916436318,0.502716749,0.270529110487611,0.535019366,-0.0644808696598125,0.46301029,0.0384304928841612,0.40603006,0.106060408610651,0.399769058,0.244162079364184,0.512546478,0.0534755691158488,0.30742115,0.0688045181693415,0.43869236,0.165599432923432,0.394195092,0.279837817040075,0.492210749,0.0185385310182183,0.280503962,0.148630082100229,0.466563165,0.165535092774237,0.461628584,0.365237215691032,0.469684125,0.0126846889170196,0.315821725,0.207277779651976,0.470258749,0.335311600232526,0.515300071,0.137697162462239,0.421658868,0.10764273946638,0.444197383,0.261853464615926,0.472356603
"89",89,"NM170506PAR",4,188,12,8,6.15,6.95335560722222,5.35,5.75,5.7,3.75,0.0329101127776105,0.426525855,0.23440841688023,0.531010019,0.293892836337049,0.549159426,-0.0482279612848001,0.454879929,0.078009735648257,0.399143933,0.128995375394086,0.422560472,0.263219356753084,0.536295114,0.0390525513488191,0.358011941,0.0957765696669746,0.44410487,0.188417092664112,0.425460445,0.309163944213897,0.513405381,0.0305257439133991,0.274159035,0.179212758986282,0.456318994,0.201415807622031,0.448409173,0.401517996750172,0.501547978,0.0485954075241195,0.336549681,0.25088880272413,0.482080796,0.342609396308613,0.541502369,0.18188840076374,0.450571493,0.122289859201518,0.455914968,0.270134110876595,0.496302277
"90",90,"NUMEX_BILL_MELTON",4,189,12,7,7.3,6.55335560722222,4.8,5.55,6.05,3.45,0.0517446515799789,0.439830865,0.249857134887544,0.533919177,0.324863213118893,0.558571706,-0.0686674593854686,0.455182606,0.0370058995616198,0.408306676,0.115102288389375,0.425838943,0.262133621088665,0.524097678,0.0334289895551439,0.359920615,0.0666310553333643,0.444579114,0.154459696401194,0.386171398,0.273187364263456,0.492311146,-0.00257405359380502,0.296922306,0.142209551816148,0.44443586,0.157574871136542,0.442446693,0.394026376766063,0.508964646,0.0235789323268326,0.324633162,0.239477308338723,0.468957027,0.353598785896698,0.558459881,0.155725675334415,0.449240866,0.115469696490444,0.445484985,0.26178893237339,0.497543904
"91",91,"AMERISTAND_803T",3,190,12,6,7.2,7.47652449544444,6.1,6.15,6.75,5.35,0.0888472757513475,0.460204899,0.306799303876858,0.554175279,0.365013806119643,0.56702365,-0.0499325176160095,0.45467201,0.104486651787667,0.410703112,0.156561206879785,0.435629985,0.306925284385184,0.542205924,0.0487532715004934,0.36332256,0.135717006200949,0.444473224,0.206668405486541,0.426101105,0.312924906214083,0.510497095,0.0233589765470051,0.30261372,0.189521497602649,0.46529999,0.19070874705263,0.463919854,0.407129893311541,0.495154319,0.0636747961930973,0.354692899,0.264087803621435,0.480182394,0.385218058867232,0.567354911,0.243458046716996,0.485317138,0.17515223195314,0.471224645,0.271269057032373,0.503362041
"92",92,"NM1701PAR",3,191,12,5,5.65,5.52364222877778,3.9,4.3,4.7,3.2,0.0391939890346568,0.427943751,0.238698003161792,0.503631585,0.30154405209427,0.534502897,-0.0619662757813756,0.458699726,0.0436490238750863,0.409107817,0.102559949373024,0.412249223,0.239323768439362,0.502420906,0.0392913018421598,0.352059329,0.0748284406598941,0.444031856,0.146585147494338,0.372250402,0.231809924898525,0.467980453,0.00203278455411171,0.272137497,0.127333166570499,0.431915395,0.133366305485226,0.42971914,0.349967883612733,0.446116473,0.0497363717301997,0.342404996,0.206819093259466,0.440474572,0.326014010119615,0.507144216,0.159718726486288,0.431201262,0.116109136627798,0.425367682,0.217549446440242,0.443538598
"93",93,"NM170506PAR",2,192,12,4,5.45,5.09779094811111,3.95,4.45,4.65,3.35,0.0297280894338548,0.436407529,0.234838167571208,0.496654143,0.272415333755608,0.517204329,-0.0595485853019472,0.477361154,0.0583188450838409,0.405104947,0.0963580804967274,0.431511807,0.218635903794712,0.483350724,0.0379708434002502,0.351743197,0.0935588228745965,0.451242791,0.143381906812813,0.385532063,0.216488046056899,0.467483156,0.0149286831916963,0.262712131,0.139272228057642,0.445465461,0.152703177697798,0.457526701,0.351606812774085,0.458268964,0.0621062750260655,0.383392286,0.208373691379359,0.456854263,0.317724047972973,0.499410637,0.173731912955211,0.457044496,0.119472209398152,0.432797633,0.228052139869636,0.456055333
"94",94,"NM1702PAR",2,193,12,3,4.8,4.66100642022222,3.7,4.15,4.3,2.9,0.00422859797541595,0.424282234,0.202977757787206,0.44767628,0.258006596509055,0.497145426,-0.067566260497579,0.506065305,0.0285620783519295,0.419510783,0.0433983864541759,0.417325166,0.188805518076646,0.453740938,0.0394446726948932,0.371997243,0.0635272889795738,0.451365733,0.121185208866136,0.392847415,0.19285789645434,0.461060447,0.00838451729123406,0.273558029,0.112694593809934,0.43706381,0.129788987425442,0.445370699,0.341017530954981,0.446869701,0.0405932785594433,0.389968786,0.191812535440699,0.41806382,0.30033392268363,0.478781243,0.139500224173822,0.431316326,0.0788992830041199,0.431433899,0.230460551203546,0.452141037
"95",95,"NM1713PAR",1,194,12,2,4.55,4.32517733244444,3,3.1,3.2,1.75,0.0359630665099422,0.443649841,0.227748464011086,0.443235132,0.262123751439238,0.485640339,-0.0762099367044985,0.49541357,0.0124669737725167,0.42517941,0.0468153026412983,0.411884174,0.19246269949913,0.456085981,0.0476866559970384,0.357550341,0.0588346806771253,0.450746201,0.109024454660542,0.378173086,0.163755382138831,0.435410471,-0.0213856592667615,0.320529884,0.0959238201126693,0.430419549,0.11435325265986,0.436223937,0.284006803146386,0.392357069,0.0190828527565514,0.371877705,0.160975822252575,0.388741291,0.287387121836552,0.425730125,0.0770067396603886,0.434892141,0.0602648444014217,0.425546187,0.215087268807136,0.421464282
"96",96,"NM1705PAR",1,195,12,1,6.65,6.92579363488889,5.05,5.2,5.35,3.4,0.107422027194766,0.444863583,0.30253503726693,0.529983424,0.340675394266633,0.550367756,-0.0512376405260792,0.472645469,0.101061868057934,0.402694794,0.116078570643808,0.468378489,0.284276303651468,0.523842073,0.0679038188924477,0.358831784,0.120254871627106,0.446423969,0.201020685480117,0.425201927,0.278483947468039,0.502788268,0.0188086739666829,0.341808684,0.184645037472222,0.457976984,0.187719193334343,0.475961106,0.4044072410744,0.484771677,0.0606948198853122,0.400968935,0.241440024584566,0.444788537,0.383057478943799,0.538312387,0.16906274440457,0.452363727,0.144811951117993,0.450277829,0.289867782418955,0.505621173
"97",97,"SW_9812",1,196,13,1,5,4.45718507888889,3.1,3.35,3.8,2,0.0501839963975117,0.432272615,0.248592083038629,0.441966175,0.298542678123325,0.500802422,-0.0833882020504542,0.498362657,0.0309578279076853,0.419028308,0.0745692705365053,0.403951551,0.226595703113883,0.438384326,0.0491684561135971,0.350679003,0.0495871695538448,0.448332197,0.101240790149564,0.43010503,0.189928023015847,0.451664686,-0.00344056898978685,0.310753749,0.0909043080110583,0.436997707,0.103961123365932,0.43928418,0.323944530596222,0.411402148,-0.0144682144087119,0.382615782,0.169922511369189,0.424214594,0.296168191355968,0.440069783,0.0661122950579768,0.449661319,0.0758956074962369,0.436572111,0.230365821016545,0.44173652
"98",98,"NM1712PAR",1,197,13,2,6.6,6.31781624644444,5.15,5.3,5.35,3.95,0.0775081569156341,0.427048728,0.291616411104719,0.52970722,0.313129811789034,0.541308239,-0.060092218957575,0.494990666,0.0839732992354031,0.403740546,0.113644558686109,0.457490927,0.241590448138019,0.504349353,0.0543845095143262,0.391165291,0.0939471261125071,0.442300335,0.165827790379352,0.40847271,0.24326327664372,0.492509027,-0.00649418462848474,0.322364734,0.148610139936693,0.456561919,0.148381546629121,0.470286257,0.391607972632099,0.47166663,0.0429288391812138,0.372305664,0.229011325493465,0.460935365,0.344477785597471,0.497849527,0.16733197441705,0.447376814,0.141577063101935,0.446311541,0.266657803052885,0.483943383
"99",99,"AFX_779",2,198,13,3,5.55,5.00037937022222,3.95,4.3,4.45,3.25,0.0532120897277044,0.444651782,0.26554047844526,0.507751339,0.298685514845648,0.528682146,-0.07150226522347,0.493986176,0.0564466571446433,0.412623058,0.111634158753528,0.421848314,0.240968253934563,0.480492603,0.0386787950015861,0.387793999,0.0729441559004865,0.45293497,0.140559133376532,0.401196686,0.23404857023203,0.471591397,-0.014071766581826,0.294915637,0.117664740785043,0.44783849,0.126951631595205,0.44924967,0.361919330797187,0.446881476,0.0108102550265313,0.391421211,0.209223706172597,0.452859785,0.3291963991098,0.499887967,0.14467245738268,0.457811147,0.116338722586709,0.444403791,0.285023831788414,0.492026562
"100",100,"SW_8421S",2,199,13,4,5.6,5.48125629811111,4.1,4.6,4.85,3.5,0.0247165735817229,0.429676429,0.230611393940506,0.513344925,0.26697493979439,0.526859508,-0.0567571367381221,0.421711614,0.0681273310527207,0.403502447,0.106138921801261,0.412409872,0.215678132285097,0.468719291,0.0326605122778229,0.378092287,0.0792618336011329,0.443471473,0.136740608957071,0.36759116,0.220959039749687,0.463820047,-0.00122997971446397,0.236646156,0.106935183964033,0.443742501,0.114794872618909,0.454588868,0.364033210657933,0.448640107,0.0146524367644601,0.365388831,0.190042636680902,0.455418656,0.320536340455597,0.481673678,0.17121846134403,0.440304212,0.12013071122049,0.431564174,0.23669741431484,0.466553026
"101",101,"SW_1011",3,200,13,5,5.8,5.71200261677778,4.55,4.65,4.9,3.8,0.00617277425039383,0.442323179,0.207601820246651,0.510599908,0.26704139787185,0.516652396,-0.0537121494427665,0.385989004,0.0649152658201327,0.40597747,0.0975367305566141,0.431149616,0.202559663953146,0.476219149,0.0407571896959354,0.371886001,0.0821909687121355,0.435992312,0.136159541819018,0.364569139,0.215306680128367,0.476066856,0.00664908052854464,0.265286385,0.0862800381753848,0.44573873,0.077260108967977,0.442114547,0.335968606047743,0.438352479,0.0186041088108786,0.322175469,0.188795714133485,0.449799907,0.297841746295242,0.470625607,0.165617893199353,0.426333874,0.1146844286056,0.424370566,0.208699502874492,0.431264371
"102",102,"SW_9813",3,201,13,6,7.6,7.60386178344444,6.4,6.85,7.05,5.1,0.0513851054766392,0.448338622,0.253419780061354,0.546969255,0.314797187838045,0.552989649,-0.0538671901178245,0.403079279,0.0968167095742143,0.402581438,0.145926543602766,0.453854836,0.26585393633409,0.517318321,0.0470276804895216,0.36094397,0.114535720298575,0.437536005,0.186564353775598,0.41653981,0.291519003747309,0.513763702,-0.00917749697324595,0.326633304,0.143027233478827,0.469831413,0.127655125347188,0.465533619,0.413334151392435,0.488898671,0.0301056603453951,0.348755804,0.241363311136956,0.491654079,0.373711091064696,0.557591463,0.222032363504575,0.463340814,0.161769268925431,0.475873354,0.238547567074249,0.477893028
"103",103,"SW_9812",4,202,13,7,7.9,8.16001434122222,6.3,6.85,7,4.9,0.0651270962339344,0.453351218,0.269496850182884,0.566051844,0.329528921320324,0.56226779,-0.0362708799110893,0.411219118,0.11742111770082,0.40226243,0.160624490448178,0.470986537,0.272218804050641,0.544158578,0.0512984818032181,0.379117615,0.115440824772803,0.439787019,0.186631360130815,0.419465939,0.294105336610141,0.529160418,0.012858331953695,0.326622378,0.171910128172943,0.489840795,0.192135221158299,0.487137869,0.417304920126987,0.510340311,0.0679962761671566,0.361874911,0.268689778786677,0.523559911,0.368276621535458,0.545569983,0.231164381278926,0.476789693,0.16025969961942,0.478154745,0.271053335398303,0.505963181
"104",104,"DONA_ANA",4,203,13,8,8.25,8.39237738122222,6.6,7.15,7.05,4.4,0.0771979452002403,0.449575026,0.291143334074052,0.571767016,0.354718304265332,0.570510189,-0.0391837122791164,0.406229074,0.114282382551981,0.40430115,0.175763390698745,0.453946947,0.290006591908015,0.546076159,0.0463023495212272,0.357971103,0.131895513464438,0.449125883,0.215278566291324,0.459041764,0.348181753320711,0.53936195,0.0250195298680751,0.306640658,0.20153025096751,0.494360408,0.228123751715963,0.490754346,0.446957466457723,0.541139921,0.100887865845673,0.374264811,0.296338939817202,0.530593317,0.363270024390314,0.569253276,0.226440382009617,0.461414908,0.154562450098426,0.466029148,0.283117813341202,0.502251121
"105",105,"NUMEX_BILL_MELTON",4,204,14,8,5.85,5.62033118122222,4.25,5.15,5.1,3,-0.000306758898868366,0.425975586,0.218815263854831,0.466103697,0.294125788928021,0.503758343,-0.0730378138720282,0.40624391,0.0186452116667785,0.418866217,0.117354743923275,0.400222595,0.226069974347764,0.463819495,0.0129333722489895,0.374360285,0.0376405688536681,0.442926353,0.135597913050271,0.366465879,0.266772824466708,0.473318968,-0.0076468911266201,0.268836309,0.134527549796425,0.415192716,0.159199478757596,0.407745256,0.390559769936027,0.481972704,0.0595751712059343,0.335505826,0.230680321859693,0.461714265,0.319953933564053,0.517587353,0.122548829322267,0.41696923,0.0924583672340223,0.424339337,0.194226638537938,0.419217986
"106",106,"NUMEX_BILL_MELTON",4,205,14,7,6.75,6.43571864722222,4.95,5.6,5.7,3.75,0.0266197361674728,0.427457159,0.257853705061065,0.505221284,0.320521591752119,0.533687955,-0.0838362562871216,0.421035047,0.0247408201159842,0.421720923,0.127596903514347,0.398348416,0.249653825173194,0.491123743,0.0127770299108518,0.3673331,0.0417144207449165,0.450824325,0.131641518666777,0.366345875,0.275388865471131,0.490477709,-0.0169860235015204,0.267651246,0.142413258970089,0.445176444,0.16326841587803,0.438559126,0.39535575904542,0.49698908,0.0565513612734271,0.336086746,0.239680227454688,0.459474477,0.334688402596955,0.520296414,0.14819326898247,0.438082359,0.122666785707341,0.43568439,0.22362836636471,0.457104341
"107",107,"NUMEX_BILL_MELTON",3,206,14,6,8,7.25729942744444,5.35,6.1,6.2,4.5,0.0644749929696731,0.451636399,0.289780047339364,0.540211694,0.360149297094595,0.554449632,-0.0821103341171677,0.446364117,0.0513165828209909,0.421395044,0.13435751011353,0.427135452,0.266504701593177,0.506899435,0.0202639247318119,0.378057725,0.0663553176126729,0.443223736,0.146510973829434,0.396835692,0.279408966351026,0.488376751,-0.0248178667292925,0.318852522,0.12661469458894,0.463002785,0.114238966006639,0.429580261,0.407510868487436,0.484125498,0.0189008109057299,0.349498729,0.230291734643717,0.449873545,0.36447663606798,0.545153645,0.169798521071629,0.446608712,0.135091443914669,0.463983177,0.240328380814788,0.488656333
"108",108,"NUMEX_BILL_MELTON",3,207,14,5,6.15,5.49414519477778,4.05,4.5,4.55,3.35,0.021589798263237,0.434611405,0.232891751611993,0.498156935,0.286616902997179,0.50762455,-0.0918313980080568,0.435824461,0.0194262407994583,0.417274676,0.0943146696253523,0.380157635,0.214317052205294,0.452076184,0.0160429818070986,0.380851596,0.050103371637754,0.441843816,0.104173185874217,0.338025283,0.213909712995188,0.450353366,-0.00291863248543569,0.226179207,0.0907514286722517,0.445934251,0.084630503795761,0.417536524,0.342876234271102,0.42780169,0.00942582247606813,0.316610269,0.192744802877768,0.424320845,0.308994758568764,0.470686953,0.134188370131169,0.414409511,0.108079478313749,0.42617539,0.237298573076953,0.464650818
"109",109,"NUMEX_BILL_MELTON",2,208,14,4,5.35,4.47750844411111,3.55,3.75,4.2,3.1,0.00531898200034883,0.449440119,0.212377016942743,0.484603419,0.251669932995867,0.500443165,-0.0911175371432403,0.491639429,-0.00423145030234185,0.413226603,0.0646166577397787,0.413929443,0.167962917385798,0.430660136,0.00772825627297601,0.396454977,0.0312577785268211,0.448999635,0.085962036292441,0.327043523,0.171149485375998,0.421879025,-0.00798768283183959,0.20220098,0.068287397438694,0.438946681,0.0849658965075162,0.454937921,0.344475689987004,0.41601126,-0.00902658404879449,0.353552532,0.170472011282114,0.38899326,0.300159223853563,0.453249056,0.111676303882473,0.418066713,0.0958540784823148,0.398923241,0.23326697391272,0.461820624
"110",110,"NUMEX_BILL_MELTON",2,209,14,3,6.35,5.43428564422222,4,4.65,4.85,3.45,0.0431618544792609,0.443023631,0.247732294685342,0.491600099,0.274811576535604,0.518168541,-0.0877836881067537,0.513800625,0.0245490479403482,0.410522167,0.0920470320098791,0.424659898,0.198272531602878,0.458902434,0.0195136647755791,0.412994988,0.0374331236381769,0.451442204,0.103227802761847,0.356606019,0.19066427075735,0.444339818,-0.0205380303888574,0.27622663,0.0905666105235434,0.443757607,0.105914898260788,0.448422831,0.377413245049638,0.452896251,-0.00351958362375124,0.382910609,0.181917224678174,0.4219283,0.310995523484645,0.47328891,0.117035503004715,0.429721498,0.106686952136412,0.42393613,0.267561530418077,0.473710806
"111",111,"NUMEX_BILL_MELTON",1,210,14,2,6.05,5.57901493444444,3.9,4.35,4.4,2.95,0.0411416263310444,0.438207559,0.26311358962419,0.490499586,0.276603861903646,0.521937096,-0.0906991086839479,0.508262766,0.0159995670139468,0.416404517,0.0945526393309615,0.428143604,0.211100902977296,0.462599253,0.0231289413371493,0.360929246,0.0389062964520824,0.451987069,0.102430631664898,0.368643158,0.188594729284163,0.451219695,-0.0174337207456705,0.280131152,0.0938737253131369,0.435963257,0.109018141905245,0.445271911,0.373700625063139,0.44928736,0.00148274461627249,0.383385812,0.181031066821633,0.415906111,0.310919400651761,0.47141887,0.0995802909515542,0.427419589,0.0985109840386595,0.426253555,0.229905310290882,0.465913778
"112",112,"NUMEX_BILL_MELTON",1,211,14,1,5.55,5.39775008688889,4.05,4.35,4.45,3.05,0.0699051045550381,0.420340932,0.287836109570163,0.5025696,0.308101813492904,0.531387391,-0.0941004136968839,0.49522629,0.0168745945408841,0.41534539,0.0827100451437907,0.441381194,0.235536048453794,0.487014082,0.0206569570441315,0.407310684,0.0447733063755736,0.44778093,0.130029417488164,0.390858358,0.206605330049523,0.47255525,-0.00611088820820265,0.299752182,0.112887279019389,0.439063305,0.119605635650616,0.451502564,0.387450664012388,0.46505007,-0.00353322706342552,0.384686867,0.202922455321331,0.430442959,0.327098093586497,0.477527879,0.100860218581878,0.440367687,0.121063490962346,0.438577798,0.254894573838306,0.498041499
"113",113,"NM1701PAR",1,212,15,1,6.2,5.62371972888889,4.2,4.15,4.25,3.1,0.0882085184446364,0.429568014,0.283385141253837,0.50725628,0.288405017056557,0.517645157,-0.0894886031719305,0.503509132,0.0423796552118164,0.40992543,0.113754196578575,0.423206092,0.241393751071912,0.481362109,0.0141586747012473,0.406414633,0.0568269196483422,0.443200654,0.12535492904148,0.378809818,0.218123157716036,0.468557241,0.0157050699465725,0.24539378,0.118697474528636,0.438061952,0.121817286958481,0.445460394,0.413799959596451,0.464651718,-0.00891916410493095,0.351860612,0.194197298937837,0.418098048,0.333676631657661,0.488226001,0.098574650919798,0.419373686,0.117464771257307,0.415844532,0.284542884491044,0.464804479
"114",114,"NM1715PAR",1,213,15,2,5.1,4.65454365244444,3.05,3.15,3.6,1.6,0.0675010783391191,0.431921617,0.25733169127141,0.481428681,0.285005129173634,0.49806082,-0.0866570120084964,0.507040457,0.0412487481773548,0.419770727,0.108913334102728,0.428147004,0.215506558051698,0.446182541,0.039629551384047,0.339499336,0.045707170625711,0.451185743,0.0866670722662049,0.362451655,0.175318928680406,0.440404529,-0.00784498966674629,0.259085759,0.0693550677316522,0.427369787,0.0834352881878827,0.434648029,0.350105033323716,0.422389787,-0.0300771963638601,0.412318676,0.166848208602722,0.423406513,0.303335813259256,0.469988962,0.0466801387124942,0.456237904,0.0542139128196923,0.443762983,0.228082310974366,0.437925241
"115",115,"NM1703PAR",2,214,15,3,5.7,5.75430281222222,4.35,4.8,4.9,3.55,0.0574616159803445,0.426540445,0.265528180833752,0.515374203,0.298264110111365,0.529094304,-0.0678639850123692,0.494119625,0.076364895476268,0.406273093,0.134203139697562,0.451512136,0.230477577601911,0.487229494,0.0343950252697317,0.444671918,0.0807813763970752,0.448823363,0.132629616250235,0.387929285,0.23817386843429,0.475252158,0.0154535583607371,0.249718415,0.112356619092915,0.443136763,0.124108786938316,0.448042875,0.420637600025271,0.479526864,0.0108962456890912,0.389173002,0.205428272186352,0.462687509,0.355640197492938,0.527080066,0.154167708694583,0.447124873,0.113103067463062,0.445456719,0.27755213878449,0.497124148
"116",116,"SW_9812",2,215,15,4,6.25,6.10065695411111,4.75,5.25,5.4,4.35,0.0620571366142568,0.435053939,0.278135229241204,0.531148425,0.29731502081144,0.519368179,-0.0675901645006022,0.445778532,0.0774689282432864,0.408121724,0.129291912374357,0.446392782,0.225637231006891,0.487490045,0.0116327607655636,0.452399563,0.0891718652544219,0.445113372,0.139280632456588,0.377111802,0.235728829967041,0.461694635,0.0260799819494667,0.214358174,0.118526536106481,0.444344989,0.128058371474082,0.448054051,0.405503637996041,0.462819551,0.0117286352935553,0.326710951,0.211837775698942,0.461585833,0.36418514080861,0.526784487,0.173013845229607,0.453324262,0.142938163606765,0.448996426,0.283985728944078,0.52842079
"117",117,"MESQUITE",3,216,15,5,5.55,5.23836830877778,4.55,4.85,4.85,3.65,0.0264537633638641,0.427133486,0.227449922741846,0.493474455,0.272227470762182,0.504981845,-0.0848636178496553,0.426505108,0.0687484291059556,0.405631939,0.0948109023745975,0.417609681,0.193861375388612,0.46167219,0.0125495859381602,0.434656939,0.0728754618651176,0.441285311,0.102878819412791,0.350634839,0.215231781092048,0.452917155,-0.0159781854510697,0.258890709,0.0876693366535721,0.437041338,0.0890155083367163,0.435422285,0.351699179105932,0.452697528,0.00807737040689667,0.322318466,0.183538398677566,0.437960396,0.306241253638533,0.474661157,0.155654848758551,0.437229665,0.111284043208262,0.420578561,0.261073517696492,0.473633757
"118",118,"SW_8888",3,217,15,6,7.95,7.25311064944444,6,6.45,6.5,4.75,0.0828322505341063,0.479962549,0.299087600241952,0.5577483,0.374338708605763,0.573117925,-0.0728122101890999,0.447700577,0.0865928450022176,0.425924332,0.159331858501565,0.463921017,0.271900009984275,0.519687117,0.0144634168682457,0.441805119,0.0996772474926378,0.456379577,0.165421343285295,0.40608983,0.311653730859163,0.5087184,-0.0139429521934448,0.30369711,0.140185500551969,0.472916933,0.145476187243422,0.470102772,0.411907544900477,0.48598358,0.0369733376157482,0.340187238,0.245491792371829,0.48672983,0.353693569752546,0.550336388,0.190052796100665,0.466964286,0.147046184169643,0.483052413,0.258716905370225,0.517953731
"119",119,"NM1705PAR",4,218,15,7,5.95,6.42910478722222,5.05,5.5,5.25,3.45,0.0166743362057326,0.426554862,0.218445490856515,0.5125153,0.277069827176331,0.528016392,-0.0631334582110536,0.334619727,0.0816480307809627,0.405998648,0.13951223209122,0.448087864,0.237758837645361,0.507891921,0.0243899026364203,0.414866001,0.0894374699948595,0.448716966,0.137862890240346,0.389703053,0.302815077859607,0.524370543,-0.0131790230822291,0.288658308,0.145474733860314,0.467081328,0.172102764142327,0.453040445,0.400116777969631,0.506443261,0.0657441096615702,0.342507851,0.243660953017441,0.4913286,0.321650581533256,0.525399915,0.150544277256882,0.451259549,0.113776531077791,0.439170418,0.20463580276452,0.451305448
"120",120,"SW_1011",4,219,15,8,6.4,6.56684866322222,5.3,5.65,5.35,3.5,0.0061858183384317,0.433616087,0.213794158082744,0.505758537,0.27134172924484,0.519555063,-0.0586581651662559,0.371799248,0.0669862901152445,0.413270861,0.147862422697176,0.433974543,0.21952167281229,0.496446548,0.0223740028532917,0.413873875,0.0866880519461868,0.449546808,0.150997407140504,0.389735402,0.283437711452457,0.516348031,-0.000217986429492807,0.281823208,0.142838546498493,0.476398416,0.177332485912241,0.463985858,0.398456095786834,0.488507203,0.0729548614424694,0.348306014,0.230778549782527,0.475111367,0.292104258373683,0.491706829,0.145638319964596,0.425225681,0.10347826342609,0.440170524,0.193754376889907,0.430341352
"121",121,"NM1715PAR",4,220,16,8,5.05,4.83210150722222,3.3,3.55,3.75,1.65,-0.00785135118452638,0.44708742,0.187024925281921,0.481010019,0.23296470409739,0.494002601,-0.0914847201445461,0.39764296,0.018720465746785,0.411628999,0.11809877373269,0.41902439,0.187131972839766,0.455956915,0.0106360874677542,0.428430356,0.0316687299273664,0.442499297,0.103319524477257,0.335176223,0.236252831670831,0.457065951,-0.0360767832316375,0.244458008,0.089402364351141,0.365692332,0.123811520646549,0.365588977,0.373006854888903,0.421044321,0.0301265736297,0.281285483,0.200382273388665,0.425541629,0.287995504037959,0.478897829,0.0604768923532376,0.440642165,0.0582096446423652,0.416781328,0.189761963931629,0.433821265
"122",122,"MESQUITE",4,221,16,7,6.05,6.27050676922222,5,5.55,5.5,3.9,-0.00549460679784342,0.431619363,0.197123781321293,0.501664519,0.251550267809288,0.521682547,-0.0995879484550309,0.426367466,0.0589157328070314,0.399934641,0.122552431009108,0.419298992,0.212007914397056,0.479473576,0.00668019143614789,0.422442035,0.0671670630420084,0.44421439,0.123249123005,0.370089123,0.285756233368263,0.486371074,-0.0465199059168024,0.273544906,0.115362928376149,0.403678607,0.144939683929585,0.393726658,0.425711111017949,0.49421728,0.0678675068881706,0.327308369,0.247150062966532,0.450422927,0.308837164702812,0.507357616,0.16141345650738,0.439107344,0.119328007651282,0.450384636,0.237616508538305,0.454831704
"123",123,"NM1712PAR",3,222,16,6,6.2,5.44693771344444,4.05,4.45,4.8,2.85,0.0259375490656599,0.450282687,0.218871850842151,0.507968169,0.329912385137524,0.547123723,-0.102128119388915,0.451962762,0.0401992839214935,0.410634465,0.111230052168875,0.426837048,0.225359161249707,0.488160447,0.00265361653918711,0.438470806,0.044209678926459,0.448743616,0.110649765413247,0.347679805,0.250273979656318,0.465579724,-0.0552076761431298,0.304464583,0.0725438259691301,0.427640596,0.0963869916731113,0.408956294,0.379143135723401,0.435075649,0.0192961824559282,0.323701788,0.209408577269455,0.434063535,0.323111753874589,0.527001358,0.115986719876459,0.450882031,0.102373063424611,0.440687891,0.24093797391859,0.482574871
"124",124,"NUMEX_BILL_MELTON",3,223,16,5,7.2,6.32161319677778,4.7,5.25,4.95,3.8,0.0282401470208168,0.423962968,0.24440152583521,0.53079319,0.290167081370532,0.542854993,-0.122332955848756,0.467962607,0.0270899551124183,0.400471181,0.0936553902499153,0.376531055,0.210353079325212,0.475862451,-0.000469481840105772,0.434591369,0.0481450936618013,0.440118495,0.105388872342816,0.364605543,0.23775812907982,0.468211144,-0.0507295535338423,0.253455721,0.0828624811507426,0.430139883,0.0910917837626783,0.423517214,0.409950440069605,0.506522249,0.0213497812298982,0.323477445,0.202986002408215,0.443087165,0.326151210705064,0.519629659,0.1389375021923,0.44447094,0.110656597036053,0.426319155,0.273581294565898,0.497594489
"125",125,"NM1704PAR",2,224,16,4,6.85,6.40343321211111,4.9,5.05,5.25,3.75,0.0485426031882904,0.437986019,0.263367454161486,0.533091174,0.30851885418666,0.534885486,-0.0986915395792084,0.468041697,0.0590337650843756,0.410144889,0.122985734617155,0.39129695,0.231902949349849,0.497749657,-0.00508296728539864,0.448199519,0.0638048710565984,0.443388422,0.124257149074209,0.383519507,0.24235182062488,0.471927674,0.0250698176905897,0.211111959,0.0962642356944428,0.438522834,0.0964919888311421,0.44674931,0.420929046879186,0.461355567,0.00551708813808668,0.304465606,0.205667732377822,0.452098211,0.381652286839746,0.550190325,0.135687666820587,0.446778711,0.113464905034523,0.441133415,0.296055550249181,0.528498962
"126",126,"NM1701PAR",2,225,16,3,6.2,5.80725856622222,4.4,4.8,4.75,3.4,0.0355416554504531,0.427292388,0.254042017407447,0.50948496,0.305154651584434,0.531755431,-0.10047992513865,0.475457769,0.0547099543358702,0.409138797,0.127436705790242,0.441135012,0.214869862159444,0.487161122,0.0322115994608908,0.436103993,0.0639040663300234,0.44891319,0.113243756748473,0.373823502,0.22509955592958,0.458280974,0.020002452407958,0.188806283,0.0942092814515042,0.43158398,0.102774785499601,0.43696404,0.42248515683593,0.462327544,0.0132347293314618,0.331102149,0.191724949249603,0.448010792,0.382014257053016,0.545369669,0.103180093415161,0.453259281,0.104854984568472,0.43066167,0.293071808559055,0.492685107
"127",127,"NM1702PAR",1,226,16,2,5.8,5.64202219244445,4.25,4.5,4.7,3.35,0.040602932289225,0.433354101,0.252598805946729,0.495712253,0.291769626975474,0.528959134,-0.101656701263619,0.524452631,0.0587545396106491,0.403785713,0.112237845660707,0.443052157,0.226726919381254,0.4794004,0.0384148111768795,0.331630143,0.0615799679917783,0.441211517,0.116382136866968,0.35859639,0.22271215009529,0.466265018,0.012299041485913,0.202945556,0.10169044041562,0.427423096,0.110901678810792,0.438621338,0.439799774278328,0.461820863,0.00918456892038084,0.344453337,0.20195783878685,0.440326456,0.380281662418996,0.548597934,0.125028903965525,0.443965839,0.11358518285319,0.435346228,0.301513215597431,0.489378911
"128",128,"SW_9813",1,227,16,1,6.7,6.38919694288889,4.95,5.1,5.1,3.95,0.101012828797168,0.436536772,0.305796837542698,0.52353083,0.300379714768757,0.521474307,-0.100100988613011,0.508482581,0.0792381530889736,0.400625432,0.13034838082598,0.454727339,0.27401109526599,0.498486817,0.00872449398278393,0.414593624,0.0880688292235592,0.441847473,0.156794858067839,0.385058605,0.260684941202797,0.480013229,0.029043979256026,0.215420558,0.159153334025769,0.442155058,0.156698965019529,0.458410693,0.466141663628356,0.47893998,0.0340355207384636,0.332001779,0.235309585844088,0.444370155,0.39831078335675,0.548520472,0.161954168173168,0.448786718,0.170764370083706,0.44615133,0.331951703567138,0.51088746
"129",129,"NUMEX_BILL_MELTON",1,228,17,1,7.25,6.31071247088889,4.75,5.2,4.95,3.4,0.0859773973711376,0.421178324,0.299337672717882,0.518748173,0.317802937560483,0.521429684,-0.154922840101005,0.550166488,0.0441568855782803,0.410865932,0.138973708768972,0.39105178,0.280115992062218,0.488794277,-0.00859930466345996,0.420283403,0.0618338274803711,0.415896007,0.124967871815276,0.35832682,0.275441399936996,0.479707213,0.0358213207612112,0.188772939,0.143196219993022,0.424816371,0.147938118358952,0.427312699,0.478522945831862,0.517565268,0.0380885604223831,0.310934256,0.237951554071062,0.438761268,0.395236987453037,0.569426482,0.106904727596786,0.435848135,0.13610838391484,0.429062146,0.343603142280941,0.511259006
"130",130,"NUMEX_BILL_MELTON",1,229,17,2,7.35,6.61168818444444,4.65,5.3,5.55,3.55,0.065515870914902,0.428030256,0.288937683638602,0.518572195,0.338578504267933,0.549535056,-0.15566445007478,0.569700296,0.0453549312465466,0.413377615,0.143789267816301,0.410316558,0.261705733394459,0.493742945,0.0221612740065962,0.374658387,0.0617655236486778,0.428559504,0.114501032779591,0.370680444,0.266696340216624,0.478203955,0.0238083645830558,0.187170927,0.12367758633926,0.435786528,0.13070447219026,0.429847556,0.46676471249249,0.495983689,0.0349059669691681,0.323151567,0.22825181536148,0.453789015,0.411828311614281,0.602341988,0.114032902900778,0.451661939,0.107080951956091,0.47514067,0.344350642169042,0.524287045
"131",131,"NUMEX_BILL_MELTON",2,230,17,3,7.25,6.11316616622222,4.15,4.45,4.7,3.1,0.0382929404839378,0.433545695,0.283115539892662,0.53040477,0.335650741609251,0.549148227,-0.152211998773733,0.501091862,0.0357353684060839,0.409249762,0.13110155728418,0.398432985,0.230450240882499,0.481895406,0.011372063047486,0.462179424,0.0572143249139754,0.443958842,0.0991696713473214,0.349893839,0.218026534277751,0.449198519,0.0238170510414238,0.180330932,0.0897017518649648,0.412391783,0.0933382177648888,0.416283795,0.416798038798309,0.433116034,-0.00166246131345026,0.330302158,0.17764378012958,0.413988028,0.372839679016245,0.534334272,0.0869693136566601,0.45165107,0.0918263958686325,0.437445418,0.315699570203711,0.492864459
"132",132,"NUMEX_BILL_MELTON",2,231,17,4,7.3,5.96617904211111,4.5,4.9,5.35,3.5,0.0255798227454272,0.436445919,0.265760812237843,0.509803121,0.331998681716287,0.535356423,-0.142645249222376,0.456871449,0.0220427251088855,0.415257807,0.0899840801080187,0.402177346,0.22760704613493,0.49082639,-0.0257187769002275,0.466969186,0.0231439215630109,0.445165029,0.119225975723484,0.379402063,0.241018550586374,0.472978535,0.0137462018071967,0.178972691,0.0731943685321924,0.427124566,0.0745524749448198,0.436395553,0.450578429156887,0.492901939,0.00520276790841969,0.305567174,0.199565563716522,0.448554351,0.396527817028144,0.570314074,0.116083596104794,0.438400974,0.107185128867552,0.428743941,0.335212573113992,0.53288
"133",133,"NUMEX_BILL_MELTON",3,232,17,5,7.65,6.95627060477778,5.4,5.95,5.9,3.8,0.0409083199101867,0.419540561,0.276110859259865,0.538139597,0.356489810156559,0.577965019,-0.14344376174295,0.475609219,0.0363819651178009,0.39181501,0.107266462483642,0.404636913,0.249436077298982,0.513580989,-0.00549553383854828,0.449175675,0.0528573264444449,0.43274393,0.136818673655372,0.414600981,0.290909397037267,0.493829201,-0.0520372027415361,0.274654482,0.106975966395945,0.445164634,0.119418850603714,0.432436028,0.488640864492679,0.579632931,0.0448967854679894,0.335162781,0.240502976810946,0.478251763,0.361529817342888,0.578685617,0.151733898420457,0.446023205,0.122287910393488,0.439223632,0.313699875329882,0.523340928
"134",134,"NUMEX_BILL_MELTON",3,233,17,6,10.05,8.75346573344445,6.6,7.75,8.1,5.75,0.0795532057339602,0.439608907,0.293837727735086,0.583321521,0.404874743122628,0.5977506,-0.13291012372021,0.458972023,0.061356703134597,0.415486331,0.139507099161632,0.433726778,0.286611457280099,0.559904908,-0.00515233034671613,0.449965684,0.0810513986797302,0.441045458,0.165791640270108,0.461965663,0.339086368425121,0.530546258,-0.056648535381426,0.330020698,0.139871426874187,0.459774298,0.171837445824907,0.453861696,0.505165414241666,0.567960632,0.0654086621640694,0.35009825,0.286363465362496,0.517571082,0.373284756810603,0.593374989,0.199515519876829,0.473213955,0.155519923797448,0.49885875,0.326170594730045,0.567114291
"135",135,"NUMEX_BILL_MELTON",4,234,17,7,6.8,6.16367244722222,4.65,5.2,5.5,3.5,0.00288393890349018,0.429163274,0.220923214010478,0.501774195,0.279200408292604,0.536384142,-0.144276931691157,0.448524468,0.0221040358097349,0.401695847,0.103820384113379,0.384623757,0.220175548617006,0.48884066,-0.0055127586387478,0.452933145,0.0503299463168318,0.439541693,0.121346612945772,0.391344166,0.284139695639738,0.487885171,-0.0577257749942949,0.296560974,0.0953298705635529,0.418444068,0.133337088777173,0.401875517,0.473384716377676,0.521068748,0.0484434769763154,0.324183905,0.219825669194029,0.46635804,0.296611790707776,0.502614792,0.11992324120311,0.44045741,0.105721475152172,0.436666353,0.301296734862383,0.505971194
"136",136,"NUMEX_BILL_MELTON",4,235,17,8,6.45,5.82976617322222,3.95,4.55,5.15,3,0.00943907084793469,0.432901451,0.233165507122642,0.515833423,0.289179526354223,0.536378641,-0.13542615212889,0.444081323,0.019662892839231,0.412053244,0.119073795922633,0.392689421,0.215355539765816,0.496566456,-0.00651043732458059,0.443123146,0.0265982607814702,0.445578105,0.10953473482626,0.381115971,0.260651189085995,0.481527855,-0.0408591269630388,0.264040985,0.107644529825807,0.445014549,0.151828126818736,0.417424873,0.473922701532839,0.511746953,0.0508033798485514,0.323074895,0.210908717568914,0.462771842,0.303007111234782,0.508050418,0.105479993047907,0.428160332,0.0956057675913901,0.42917228,0.298759192258166,0.492972458
"137",137,"SW_9720",4,236,18,8,7.15,6.62588760522222,5.1,5.7,5.65,4,0.0165324003288988,0.4411533,0.205354347440256,0.531754938,0.281729155119218,0.544172404,-0.150342799468186,0.4969561,0.0322936338320105,0.421279912,0.092949438439575,0.391052496,0.18788457042102,0.50611186,-0.0446517723919389,0.475723676,0.0129709565409204,0.450445201,0.113723105551464,0.381742772,0.243095216334778,0.487373179,-0.0537526587004073,0.281739378,0.112942377358172,0.424167643,0.163577557583267,0.38655355,0.520020759428657,0.55604557,0.0540594939626337,0.31754142,0.215823329601688,0.43517537,0.304983028524847,0.48845017,0.142674394019243,0.452059789,0.122403310835286,0.446201593,0.333790496325647,0.499656654
"138",138,"NM1701PAR",4,237,18,7,7.3,6.56459916922222,4.6,5.5,5.55,3.7,0.0466692304893872,0.456234474,0.245298990692574,0.556050548,0.320395227665509,0.569689629,-0.160110605050752,0.470391784,0.0265657568099255,0.415367918,0.102315720044934,0.409741805,0.224597279869125,0.515589166,-0.0392906729154778,0.462645128,0.027490129524474,0.437187824,0.137348921928179,0.421151376,0.286720307664112,0.504750701,-0.0491396332867077,0.296883674,0.107006109940625,0.404607367,0.155891433343589,0.401632767,0.527912751708705,0.571702861,0.0512995882024216,0.326938294,0.234094411319743,0.468980085,0.328709314321008,0.520720213,0.143736550789883,0.465456872,0.118536356926615,0.463372823,0.352784703813312,0.543889427
"139",139,"NUMEX_BILL_MELTON",3,238,18,6,10.45,8.44521889144444,5.7,6.65,7.05,5.3,0.103968892810635,0.500415564,0.31049797296282,0.604502955,0.412908564410607,0.630670155,-0.151654939123329,0.438732232,0.0419082698946246,0.41340158,0.135742167200757,0.458129897,0.286786688097273,0.561952196,-0.0398087389846955,0.463046118,0.0465877335557109,0.448711592,0.170580090006337,0.471836847,0.340340447696128,0.5347435,-0.0596157808729571,0.303597737,0.139009350930637,0.427592864,0.18334932615023,0.425849348,0.528494778387691,0.582926105,0.0524458222536239,0.319870406,0.259902257299178,0.491495126,0.380410726001514,0.590315818,0.188355391785658,0.472980791,0.152085321244005,0.497370653,0.368910880701822,0.587856411
"140",140,"SW_9812",3,239,18,5,9.5,9.78162373477778,7.65,8.2,7.9,5.85,0.107092117517888,0.479643303,0.324421164670642,0.608156628,0.384693243287346,0.620220631,-0.128575086611585,0.396234207,0.119441514200348,0.394962538,0.172764624234567,0.485335715,0.302799389636603,0.567066965,-0.00501792248373878,0.435615026,0.115704641739158,0.442602794,0.213787275364571,0.504509379,0.370467333226575,0.545075868,-0.0118197678058938,0.266413292,0.195358190031561,0.483469335,0.224808253040318,0.475161897,0.536547956404145,0.616884057,0.0985360106789134,0.36798976,0.319589009259598,0.533685738,0.397368412915282,0.603989396,0.244203049282615,0.491452075,0.178597088769734,0.501168783,0.360304647186766,0.567272188
"141",141,"NM1705PAR",2,240,18,4,8.25,8.08610646211111,6.2,6.4,6.7,4.65,0.0886989066652965,0.461894807,0.300947854117076,0.585851794,0.370133924445982,0.606620315,-0.13152185893821,0.374857289,0.118692700448012,0.408722323,0.144405440717104,0.479086745,0.290710622046112,0.557928047,-0.0195957142290876,0.439733277,0.0977660639327198,0.443362511,0.180958816635852,0.478374827,0.328596791870843,0.538657373,0.0465286084052,0.229027934,0.164331000676635,0.470942043,0.187473742540503,0.468341015,0.501294003548186,0.572192332,0.0385769422727011,0.324080265,0.280364613819226,0.49999621,0.418473410918824,0.605123398,0.218842115461394,0.47595061,0.155879245895212,0.482291776,0.395645694640703,0.594731002
"142",142,"NM1713PAR",2,241,18,3,6.85,5.42568762622222,3.55,3.4,4.05,2.2,0.0741585692620495,0.441402834,0.290942759467422,0.542947985,0.316436553350263,0.551671508,-0.157842309753272,0.453863752,0.0440927226164314,0.41652532,0.127374620172475,0.393330108,0.209456182178843,0.470519889,-0.0257652849269761,0.465001173,0.0455990563952734,0.443971802,0.109301376967261,0.354080763,0.204200129636108,0.429588585,0.0497815224406121,0.188897084,0.0764592043333186,0.407383368,0.104070930463018,0.397078433,0.406115077733069,0.431140675,-0.0317576984511865,0.29526672,0.187687499577279,0.41873131,0.33711977695077,0.506923626,0.0674880784907542,0.46730851,0.0818793780170024,0.409309614,0.339165334460488,0.490818607
"143",143,"SW_8888",1,242,18,2,8.65,8.36631788644444,6.05,6.55,6.4,3.9,0.123525738727878,0.464278275,0.343755765663165,0.584191734,0.382127155850686,0.600560826,-0.153964928846469,0.503759938,0.0924928112913191,0.420846961,0.192100279881852,0.483945481,0.30471047336112,0.551805655,-0.0122510561818441,0.452525219,0.0793262747613648,0.452682634,0.170899519091666,0.429148996,0.335532906710854,0.529471132,0.0643172915174708,0.218513081,0.182814580539378,0.46420281,0.203794804400411,0.461945134,0.502976465772272,0.555323319,0.0526034999552101,0.323629427,0.284489591941027,0.489051077,0.419646237050607,0.615282439,0.174059205693961,0.455770836,0.144557667404006,0.463329213,0.381117512951777,0.553609927
"144",144,"MESQUITE",1,243,18,1,6.85,6.45590718088889,4.8,5.4,5.1,3.6,0.114108939008938,0.448603044,0.31801921843867,0.545834448,0.32347142442932,0.555524086,-0.148449425396107,0.503745899,0.0913617105773517,0.400431298,0.165068606747449,0.432995082,0.285576483950332,0.507402643,-0.0208065395238339,0.438049845,0.0700791396673999,0.425788457,0.142314326603313,0.387700324,0.295729758658809,0.491478715,0.0802170257862738,0.205711961,0.174969033139291,0.437465677,0.192775224500869,0.420503227,0.487055779334082,0.540914621,0.0360107854462797,0.29694801,0.242272585985172,0.449077108,0.392224322142651,0.567810744,0.155541684070035,0.45623684,0.152419440388782,0.442691362,0.358469485380922,0.527299123
