"","Germplasm","Rep","Row","Range","Plot","yld1","yld2","yld3","tot22","sca_yld1","sca_yld2","sca_yld3","GNDVI_133","NDRE_133","NDVI_133","GNDVI_159","NDRE_159","NDVI_159","GNDVI_164","NDRE_164","NDVI_164","GNDVI_168","NDRE_168","NDVI_168","GNDVI_171","NDRE_171","NDVI_171","GNDVI_175","NDRE_175","NDVI_175","GNDVI_178","NDRE_178","NDVI_178","GNDVI_181","NDRE_181","NDVI_181","GNDVI_187","NDRE_187","NDVI_187","GNDVI_189","NDRE_189","NDVI_189","GNDVI_192","NDRE_192","NDVI_192","GNDVI_194","NDRE_194","NDVI_194","GNDVI_196","NDRE_196","NDVI_196","GNDVI_207","NDRE_207","NDVI_207","GNDVI_223","NDRE_223","NDVI_223","GNDVI_231","NDRE_231","NDVI_231","GNDVI_236","NDRE_236","NDVI_236","GNDVI_238","NDRE_238","NDVI_238","GNDVI_243","NDRE_243","NDVI_243","GNDVI_245","NDRE_245","NDVI_245","GNDVI_252","NDRE_252","NDVI_252","GNDVI_258","NDRE_258","NDVI_258","GNDVI_259","NDRE_259","NDVI_259"
"1","ALGONQUIN",1,1,16,113,2.14,1.94,1.43,5.51,0.487914878620742,0.251070639306264,0.220053674203608,0.349609145320225,0.366803859464892,0.544405112078424,0.212780024144719,0.34139145913615,0.499030702435633,0.226449764257024,0.431820471307789,0.48827232116088,0.054023437019382,0.39697910255283,0.277710952841525,0.121476266054482,0.368703104920615,0.344494232682502,0.102063296355222,0.47830656318724,0.352487030445174,0.128348830186426,0.283166427673348,0.394262731589721,0.255567894428851,0.354845703882771,0.521212284000358,0.249092601834381,0.330337792031706,0.572998930955361,0.274576977132246,0.366666666666667,0.551625807313447,0.295864706774399,0.295602887894288,0.54924546509425,0.293908662930202,0.327327602004385,0.605564349491005,0.270357373858996,0.34368295209807,0.527825453450511,0.271572411149354,0.241488792384963,0.412760889590736,0.217008783393612,0.292764740133161,0.453387628310229,0.24188112645492,0.327097845489643,0.478999404984294,0.251287469005697,0.25513866871039,0.463744282649701,0.304577983342423,0.321216742589292,0.534294843863471,0.222279790742012,0.223548251692391,0.428827500868521,0.286949166694842,0.329665005103125,0.517933565325224,0.263976625129675,0.298977460142936,0.43414981776719,0.200977947851692,0.227789967005023,0.427224008574491,0.11838209839094,0.301279896574014,0.362478547980278
"2","SW315_LH",1,1,17,114,2.18,1.77,1.31,5.26,0.497034782894027,0.229069603903138,0.201587631613095,0.343449511341316,0.407176055308709,0.533142380028442,0.227812338262245,0.326388104648974,0.491529593831384,0.215091181611321,0.431509742321472,0.459460063744693,0.0606071681103992,0.38380931445822,0.26540637181629,0.11833545797526,0.393112047034003,0.325275218209647,0.0688884741600339,0.505906148867314,0.326467364271108,0.107153023194021,0.289276721849154,0.344509434807942,0.235273054211516,0.340825946817083,0.492270421106038,0.252443593808769,0.31853945035461,0.553515722778473,0.283005450742102,0.376629852816081,0.540649210468001,0.28431422295601,0.25997127632847,0.516350518788506,0.301300295960136,0.347745548401524,0.592237306771275,0.269774876577799,0.312869261438761,0.504192017226872,0.267049019761893,0.248930414820664,0.410344489772046,0.218384709081565,0.295686185159869,0.436059250919932,0.261916954545442,0.337000982467793,0.484053855840148,0.255183103697013,0.235473335787243,0.445136777905988,0.316203771763053,0.341375605631971,0.534620882515527,0.204053901605889,0.194469350828844,0.384829185911653,0.301365813803388,0.362540400775695,0.515199380000139,0.274576376905004,0.335254393587402,0.434301843740209,0.229404184450404,0.256881869575268,0.426067923418027,0.127227139446366,0.307935500515996,0.361155572755418
"3","NY0465",1,1,18,115,2.34,1.97,1.59,5.9,0.533514399987166,0.254953174965639,0.244675064324291,0.360638926676845,0.363586007714664,0.553642760492238,0.218107115207192,0.300631082472515,0.488962945740439,0.211161322712557,0.412000659591054,0.481693799844097,0.0608849328456958,0.392859110759401,0.29596266010141,0.143376177080708,0.352082944700079,0.323090774364714,0.124628669018647,0.431581646125409,0.366311262995646,0.136540070700092,0.275096398936683,0.400690479352012,0.260496788268997,0.347326692690806,0.526992417104141,0.242354792160272,0.317866604088444,0.548412468710889,0.278867602341572,0.369913925285754,0.537576375336865,0.272748710765438,0.270248709387136,0.49881447144075,0.288393477561205,0.321300124490553,0.584457505494395,0.253369848025773,0.318081570492524,0.497745466643227,0.269780441101735,0.282289043880043,0.44450541737948,0.223988864821445,0.308432251156709,0.461258910794514,0.265808740107775,0.356542128495717,0.499625693608424,0.257293645767363,0.271482738394503,0.466702139545277,0.318041505401187,0.33329122760363,0.533166605072372,0.189845157813932,0.23738188307338,0.396229000074606,0.300616609909854,0.312686542042497,0.510537067451902,0.264110413887522,0.309531409790326,0.420549989064061,0.231652466863097,0.263515961582918,0.43051636088519,0.131189294110306,0.299127976982648,0.359844987768863
"4","HI-GEST_360",1,1,19,116,2.06,1.97,1.38,5.42,0.469675070074172,0.254953174965639,0.212359489790894,0.380428572429714,0.394982645456045,0.572800445641353,0.226851788801968,0.290789392583388,0.487736407275094,0.21133724054857,0.437445583738082,0.474845745637705,0.0608787110734913,0.371581816583135,0.299040124270934,0.188393401565184,0.277237209716733,0.349123088378487,0.206500017178612,0.312305410733037,0.445595911399323,0.184521731873657,0.309870247752077,0.457708271813156,0.308321162693385,0.426249561816833,0.571805739554548,0.274793938289389,0.317368064246975,0.562100803087192,0.310069934361478,0.42592781625957,0.555355736169787,0.310029804946447,0.283467089647104,0.522755222570956,0.31875682022971,0.376200293201393,0.598699076794753,0.291755127386985,0.347669973767748,0.520033351706117,0.285829387115457,0.256518401544063,0.43824991592461,0.261273938280701,0.38396317591364,0.486505777217852,0.28155608791692,0.379423803395741,0.506221235141904,0.291450963173535,0.28202720531368,0.48477825254678,0.335337247110881,0.367627211772918,0.537510013146634,0.201243455816462,0.197995883852599,0.376159654068784,0.313650335908352,0.352630634773007,0.519900445521964,0.268942669414326,0.312580113142634,0.418289500907387,0.220456999015225,0.231468801883025,0.412756026311918,0.120646107423274,0.276382625448369,0.350286069178803
"5","N-R-GEE",1,1,20,117,1.98,1.86,1.38,5.22,0.451435261527602,0.240717210881264,0.212359489790894,0.369925839212102,0.338784369740624,0.559631929644991,0.211144398963747,0.318159067417379,0.477242598265616,0.219373068129695,0.405165197577502,0.469965371469689,0.0579024914078899,0.372337114217884,0.273225475541487,0.183526159865132,0.263359268125855,0.33272447456784,0.207923681134205,0.298160498148523,0.440904429419748,0.178313932855919,0.285383350478506,0.448844389372071,0.296058567746789,0.387031154185549,0.558613242398409,0.252217430771435,0.311035669586984,0.540506883604506,0.282447291313153,0.39216571996097,0.537239365532943,0.286861635152924,0.288178015771526,0.506136035332007,0.292027553176869,0.335563558545547,0.577547885937204,0.255599189827993,0.329013687723918,0.492428499249778,0.252296231429563,0.261116813615827,0.42055957655247,0.239269272302897,0.361358415877541,0.468965345051433,0.258079004112691,0.356822832343947,0.485723460829286,0.271315954232723,0.258543007422494,0.465937365486977,0.316489687739794,0.364145286638702,0.522212467076383,0.18231171482615,0.192885158432229,0.355312688345739,0.300133356929114,0.343710337733108,0.511055737431449,0.257185208080659,0.291819326464381,0.406576814626966,0.210563378492695,0.240770211839363,0.406293174064972,0.115315317354325,0.280312432665374,0.342215039862099
"6","PLUSS_III",1,1,21,118,1.84,1.91,1.13,4.88,0.419515596571105,0.247188103646889,0.173888567727326,0.382011256760756,0.370787906556353,0.577353147732949,0.190863974095796,0.331223820226378,0.448168692158462,0.182661746522197,0.385620660952921,0.436655172098384,0.0793197214852963,0.324303760368123,0.285828717137079,0.215838063204164,0.263277914231232,0.379521359283671,0.25476019803094,0.322234759860725,0.486171649994166,0.203868941671026,0.328348058330499,0.482377592693659,0.318524707553861,0.450467387565247,0.573716815482867,0.275234888290297,0.339863631622862,0.553472569879015,0.300863378209758,0.432255652534437,0.5511403715697,0.306275817337935,0.301700921332388,0.519249202693125,0.306920694324116,0.366176312613347,0.590495914769388,0.276886056506173,0.339962534710211,0.505397055830591,0.249759965778821,0.195105350119168,0.36674036057376,0.259484035177935,0.392122314103738,0.479670805057802,0.2693804116247,0.380172416178892,0.496038302406354,0.275508665799177,0.243462742616557,0.458496387375874,0.318587520825048,0.386294930575879,0.520857152147758,0.178777095236387,0.148293731174501,0.336588875906218,0.318372445808757,0.39449037679588,0.523867388146325,0.273200871836303,0.317476339948099,0.421160982934024,0.19198586100824,0.195999411554547,0.390420738499044,0.110933438685729,0.285693240454076,0.333296439628483
"7","SEEDWAY_9558_SBR",1,1,22,119,2.22,1.68,1.26,5.16,0.506154687167312,0.217421996925012,0.193893447200382,0.351933589746826,0.328347560693178,0.544409893179004,0.217133008002367,0.328251458686241,0.476310910837765,0.20188394832978,0.420772920789111,0.445673832224021,0.0489595893873089,0.349028840235646,0.279774612386061,0.146924953992505,0.314795725779763,0.337054273186068,0.161622694974594,0.33672734771642,0.402743189733314,0.142841580578899,0.292635481469297,0.41257436096638,0.260954371786222,0.355482884173456,0.522721968543886,0.247237879004522,0.306603306216103,0.528489648518982,0.281267739536464,0.386565017549127,0.53638752475106,0.290684615882467,0.286878938370839,0.502920953674009,0.279826600824418,0.32210517978774,0.572499013861841,0.249121534443479,0.315347143542477,0.48800563432036,0.247472779338503,0.213684695354652,0.371338772645524,0.227681350452144,0.310106668930198,0.434382003731849,0.241391869594812,0.323052845697206,0.464201502760596,0.268675375571522,0.268490168147031,0.467876794592481,0.289797496334414,0.365532353951453,0.509943144229071,0.174598829459416,0.191233839958255,0.34934231994815,0.299300192267049,0.33313720174977,0.511166566563374,0.281030885284021,0.284659419390307,0.434505665998688,0.230643688517425,0.230080490931635,0.42681924216632,0.142642169575951,0.300412563215331,0.359154086974156
"8","NY1517",1,1,23,120,2.19,1.67,1.37,5.23,0.499314758962348,0.216127818371887,0.210820652908352,0.347392068702196,0.358340437624325,0.547117660829255,0.215948115926011,0.294986892429348,0.493545121166605,0.198519839294954,0.424190052167656,0.452842237812556,0.0406598647720654,0.335778012251238,0.28768691931182,0.136263820325568,0.323467359988393,0.348201534842267,0.125075380614456,0.364033050627048,0.393065770378476,0.115906213314114,0.301368721701933,0.382845024877565,0.237377695614367,0.345046738756525,0.511584630801215,0.240164806163275,0.301240743637881,0.524491421568627,0.287210740169211,0.378771431558405,0.544321653424403,0.277341779565944,0.255104831089062,0.491192564375148,0.28127689024324,0.330451225964686,0.580812031659489,0.244247653487985,0.295935465375069,0.493018179440559,0.260087928902967,0.274663332894679,0.414397216007954,0.224694387909674,0.296620785475275,0.434517666715809,0.244156633082972,0.342079510703364,0.473788312784535,0.268761000159623,0.252715037112471,0.461985280994425,0.283600519662531,0.361916161483828,0.511587776097143,0.188370400287925,0.211780983579873,0.366474273325149,0.290033915178459,0.312708607016007,0.50458518394951,0.280586328882707,0.273102204537059,0.426676440046424,0.232483281065587,0.285695731668873,0.444240590126726,0.1185271708923,0.2543037124352,0.321054792957907
"9","SW5606",1,1,24,121,1.88,1.86,1.25,4.98,0.42863550084439,0.240717210881264,0.192354610317839,0.389843725056304,0.398084532925729,0.563154580608978,0.243550021602632,0.30447987317648,0.519601802748007,0.210358479596711,0.472637860636245,0.459175752680935,0.0748454851083537,0.269708813271198,0.287466367713004,0.207869367525643,0.292475128236949,0.377018827045586,0.238619571031801,0.333737309381016,0.474425930799288,0.200997613574999,0.316141734359469,0.465794767550694,0.301136319776893,0.433698269544278,0.562772468255037,0.279069139901826,0.3171721161869,0.546122887984981,0.327464603414607,0.45308314211576,0.566667238532307,0.309770220943205,0.288028555490903,0.510898508625136,0.314494350643497,0.383213114443328,0.60095164072719,0.276966341354535,0.348609906986141,0.512299337368963,0.280215783471588,0.279020338933485,0.425223348101358,0.273943894552865,0.382696193841705,0.482893657197063,0.278129612849151,0.403706117591709,0.487397567354394,0.297345920684205,0.283917089234409,0.471395785871014,0.317589762246121,0.399483237407733,0.508985269729782,0.206407985125179,0.198051348599704,0.360727040345328,0.308726696336388,0.310538259969,0.497329899701816,0.285013502729555,0.293170062719088,0.404944463163619,0.197330951722138,0.241106472696606,0.396135989879823,0.108625307553452,0.248493098596905,0.302644080256537
"10","EZRA",1,1,25,122,2.14,2.03,1.44,5.6,0.487914878620742,0.26271824628439,0.221592511086151,0.377170826446686,0.364172841453507,0.553088895648919,0.217265732871897,0.301799138627783,0.503571336307909,0.201842676169241,0.403871049949032,0.459311177070216,0.0496140846812758,0.291268354875583,0.294109147395879,0.176593101511272,0.283426216681176,0.370784754176512,0.17904503177429,0.321753763902547,0.428255546783504,0.151779937682701,0.28312226586448,0.429437612352837,0.269385594159431,0.36428283642224,0.542696600710299,0.243089075875524,0.339562082811848,0.532745880267,0.295660172196164,0.395682615463247,0.562993245283896,0.28966045388425,0.281806195369714,0.506393219938578,0.283509946139223,0.334865334067727,0.590364570623793,0.256950052934421,0.335080444072764,0.508076758810998,0.244271801486757,0.239390270649647,0.407935254638768,0.229742955452716,0.302634482820241,0.461109547487256,0.245355657002551,0.350912726417314,0.484755559245575,0.271783819163913,0.280360871101966,0.475794829800562,0.283970171969849,0.324995024875622,0.507393880271843,0.181575748968173,0.200371523373945,0.356031527488585,0.29841233016251,0.32794847467523,0.513787003635201,0.286055421583227,0.308518919174543,0.435857111611603,0.202533427467614,0.239297438160688,0.419204968160898,0.117897375161815,0.298202937207272,0.340713376200683
"11","FSG_421LH",1,1,26,123,1.61,1.68,1.14,4.43,0.367076146999717,0.217421996925012,0.175427404609869,0.322139231339066,0.398838221022805,0.529252678772504,0.23905643455567,0.312404891688779,0.494727447412869,0.238409043872509,0.413586915095692,0.473097526990893,0.0539948200924582,0.267032445265102,0.272928280430259,0.162370208696507,0.293627482800975,0.358383132545456,0.152963813319577,0.3641409746207,0.405589549735752,0.138068764939092,0.28763446081239,0.400715318639838,0.262394624959516,0.393903567710294,0.517549563361783,0.251962606481286,0.313606366933025,0.515943134045762,0.305930744371121,0.431880079775257,0.560059902925808,0.294132192462306,0.285579868018061,0.49035816151474,0.29111547929491,0.372750753540217,0.573638730387418,0.265860998628333,0.352604194172218,0.482032556513692,0.224580221538203,0.205453869047619,0.358000408496732,0.241405354022226,0.33120095391143,0.446498037399865,0.265278506966821,0.37588747284376,0.465440519185797,0.288410081009445,0.266163129112475,0.455341404238463,0.299135329984122,0.367725110853436,0.507179417989315,0.188339426204071,0.186707173290772,0.333341305871007,0.299689065578803,0.324109309530088,0.49506487556305,0.287257872871682,0.29293325530393,0.407360182541512,0.222439164535273,0.262056406699872,0.420826135384486,0.13183795520761,0.27203037464986,0.323055306681496
"12","ONEIDA_VR",1,1,27,124,2.01,1.87,1.49,5.36,0.458275189732566,0.242011389434389,0.229286695498864,0.315572593870677,0.348695915644307,0.53865204782364,0.232361971815145,0.305378102053294,0.509404236002701,0.242190348410983,0.429392576602506,0.471496372249205,0.0426791847812602,0.31387496702717,0.2941344998388,0.148815202271772,0.322919516643867,0.354813352402272,0.137025252292352,0.387687987816486,0.405935625111303,0.110908494985651,0.322926804502175,0.411452532148167,0.247527271643029,0.33021279135703,0.53219819739159,0.22092632920105,0.349230157488527,0.52818953379224,0.285201721967604,0.37342312517424,0.575415127543909,0.273998316396883,0.268338353413655,0.499381939522797,0.263929301132076,0.308074996195215,0.585590114392026,0.243716071420872,0.325220856171724,0.496278107807412,0.243381481251792,0.269662114845938,0.437950513538749,0.215258397745093,0.293010154620062,0.466388788370213,0.243498513114209,0.349711348194888,0.498869055032034,0.252675201458915,0.2641723446473,0.469491763865996,0.273827488849444,0.294772436781115,0.515508400614509,0.168260020999454,0.22127600569418,0.363355587055915,0.2782468710312,0.282575362651264,0.50621702775403,0.264438696241318,0.291640568195925,0.426916006076835,0.206319162146848,0.27167538826892,0.439399785637728,0.122844573278207,0.282719368290303,0.351348340241074
"13","PERSIST_III",1,1,28,125,2.2,1.94,1.4,5.54,0.501594735030669,0.251070639306264,0.21543716355598,0.355359567297237,0.402273874965733,0.557088075016294,0.238343778083405,0.329694952201346,0.496305276612182,0.240489350262728,0.438408638817846,0.469255470304064,0.0647556005251214,0.290114745449749,0.294447668454527,0.171383449594561,0.352884426449905,0.351031583519484,0.170256732501776,0.376290046240858,0.42568163814226,0.139526210202909,0.289341184907471,0.435206189508209,0.283701464775634,0.393323186199899,0.553019816754708,0.249633307573222,0.315911686483104,0.542219180225282,0.311777566488862,0.414750845288899,0.584775364028222,0.30014790768156,0.293336851648872,0.51785921024341,0.28603398206662,0.337523143321138,0.591774405540495,0.269470686912968,0.359252411020493,0.503354969221287,0.248544713457498,0.234565972222222,0.413254843604108,0.246079704992225,0.331785196800677,0.494726120113117,0.268313144453088,0.373376921693166,0.508795715886919,0.27659594209968,0.282910205667132,0.482240676388349,0.299449269823085,0.324824114720515,0.520422462849153,0.184645277665925,0.197916303998059,0.364256437038092,0.300567323681485,0.335285255541423,0.523920387013366,0.288123617374335,0.330115093369274,0.439348809164908,0.213874659364429,0.259676576006747,0.442068943706515,0.123366167567149,0.298999201490551,0.354538322116177
"14","ONEIDA_ULTRA",1,1,29,126,1.73,1.59,1.24,4.56,0.394435859819572,0.205774389946887,0.190815773435296,0.291993393838045,0.369234185660059,0.507865281314241,0.218889083457748,0.31402418128071,0.500689960379977,0.249242292404825,0.447177849733165,0.4755249745158,0.0680048917692367,0.301541663003019,0.271274070166183,0.153761325860009,0.364473997844381,0.322010892094681,0.109216688646027,0.416561811069558,0.386104407312565,0.0903821627943502,0.306082509845486,0.38049619688893,0.244806135494588,0.332596431402462,0.523090441363426,0.215843616396426,0.345290858364622,0.522478358364622,0.287200414885621,0.35911218752904,0.569670569649661,0.268989185981474,0.250307849043232,0.49507412000945,0.258559306759589,0.302035016445989,0.577286675798151,0.241755383891107,0.312750233291684,0.487222924775167,0.232955124255992,0.24546991713352,0.414300449346405,0.226698735801866,0.294611752196892,0.485570134486543,0.2570410763678,0.342035783967786,0.510061023703765,0.252227405203017,0.245298142101745,0.460632644276701,0.280611155420999,0.299740542681719,0.511167755991285,0.166909307297497,0.198864027720316,0.345865653229277,0.283624246496585,0.304981555599678,0.513152999696948,0.261732538096618,0.296233932825467,0.421105031836203,0.191722674037104,0.256300989849316,0.423322825378812,0.110426426262473,0.269995332221958,0.338378344050171
"15","WL_349HQ",1,1,30,127,1.76,1.76,1.18,4.71,0.401275788024535,0.227775425350013,0.18158275214004,0.350300568998254,0.419103987373495,0.545155626316176,0.228686519846825,0.324556120208294,0.493812070282658,0.234887756963736,0.411943844816214,0.456339269652815,0.123813534931962,0.264896245493713,0.308372314546147,0.226754005075583,0.387944434102755,0.369292292338877,0.212460756969428,0.387693273683384,0.462236780749503,0.16717753688557,0.310712669556216,0.4658234521193,0.308421554834257,0.433308114722297,0.570438863521055,0.257519213256846,0.314284391948269,0.539168231122236,0.314318602870735,0.432696132043776,0.583517688519082,0.287821366779422,0.276595984609625,0.502714215047264,0.286084602761548,0.358164976709344,0.57787058405204,0.25799244714931,0.333307815578079,0.489519857917139,0.238882261639371,0.213942039157199,0.394171455308447,0.262359777455847,0.36114201129681,0.528137336806067,0.281466171909435,0.369256922246669,0.524983879225649,0.257762628214145,0.241555080721747,0.452593709848612,0.297399954058465,0.326019059686501,0.510246096909661,0.175016590280311,0.185454068633103,0.341129596848155,0.30600886618971,0.354470542170062,0.523211030142607,0.268319473016095,0.307343867302725,0.424019223607441,0.180772320977502,0.231301515247042,0.384699997898409,0.119566061924556,0.281192947767342,0.325203112919376
"16","FSG_415BR",1,1,31,128,1.92,1.78,1.35,5.04,0.437755405117675,0.230363782456263,0.207742979143266,0.317945094298868,0.423787044026574,0.540708651461606,0.223535557610867,0.301225751609383,0.488041540726963,0.225248759053248,0.393213342428854,0.450845480340063,0.0936076427052513,0.311624168351945,0.324995750168528,0.171656451567041,0.367452376520228,0.357131241209564,0.127621256355921,0.405581333074789,0.424124064506895,0.132982651762834,0.286808025996693,0.429853256622214,0.265666492944448,0.380727310711195,0.538373324976871,0.240794416035243,0.319246062786817,0.530671542553191,0.303409906095436,0.39795643813486,0.57516301744905,0.284235216418781,0.280852823056934,0.503081148121899,0.281587801117444,0.338226921448567,0.577409117046754,0.252757532195832,0.334272927011995,0.502746887501426,0.239908376435871,0.232745829129564,0.409059964030355,0.2349550633443,0.306490379245797,0.510394822469126,0.265595942188093,0.339563701274441,0.528004068246918,0.244825275851945,0.241300820405502,0.452379947971595,0.285352640179919,0.30382412580097,0.509126970935966,0.169995088455909,0.2091293767978,0.359080882823939,0.300952400625229,0.323343133779566,0.519175163862071,0.262900106914908,0.283302890043566,0.430453339008199,0.200557275989488,0.264791206943656,0.426448101212618,0.120029652822483,0.286227781553798,0.344183427047289
"17","GUARDSMAN_II",1,1,32,129,1.79,1.77,1.36,4.93,0.408115716229499,0.229069603903138,0.209281816025809,0.287739188792201,0.400313120843051,0.514198029561656,0.236943522079291,0.32830605597869,0.498668640254318,0.247974405314474,0.420452119685795,0.451733675121425,0.113425999415728,0.288857674609455,0.314951786394677,0.182912040461976,0.374961913941052,0.362063564855118,0.126401305576311,0.399317165057688,0.404730136305366,0.132926720944268,0.282910808732608,0.414963449608778,0.259059249273712,0.362648330117707,0.53151927132409,0.238696798489494,0.316079735085524,0.521343085106383,0.298936618533713,0.386250261360468,0.565129141111421,0.278258866881621,0.266628777114711,0.492871288007957,0.281518987706403,0.336052900488565,0.564872205812469,0.247809500992985,0.31955311405898,0.498324497400369,0.23520297825508,0.232868798526122,0.402590837975757,0.235712851056712,0.318160330963687,0.51426191405718,0.266230952742135,0.33847041396834,0.533960694369491,0.248127749179399,0.252620269953421,0.454685410126928,0.288586373109168,0.315147140116411,0.508483595096413,0.186857936713231,0.206332700032736,0.371502084996895,0.309038018763447,0.31312165064537,0.508807716635041,0.262302289633533,0.287878132259838,0.423720938480909,0.193396630354689,0.262929252081584,0.401968664779502,0.111495116156021,0.2707787368341,0.333575040876079
"18","AMERISTAND_427_TQ",1,1,33,130,1.66,1.78,1.17,4.6,0.378476027341323,0.230363782456263,0.180043915257497,0.338459249099061,0.378091242881626,0.53141436105822,0.243175520627858,0.31941765726932,0.490605605439365,0.243840792387868,0.399546830964802,0.439171163878395,0.130730510082523,0.266863624373516,0.317784811981594,0.216642477383647,0.396720443451642,0.387021402524009,0.206248083111135,0.350102879233477,0.461808027504228,0.187355656833334,0.311835496602836,0.464105149926045,0.30712997112113,0.419418305206147,0.566579105909061,0.256919890268586,0.306645807259074,0.543406862745098,0.316655487715968,0.423408891081041,0.575472825659611,0.298189559044275,0.290499514397459,0.507369534159045,0.29562335826362,0.342096990262428,0.578093306288032,0.270142698034121,0.338187320737769,0.516987552438987,0.242825078177024,0.205327162930795,0.386863183752248,0.260736760505049,0.361581464058244,0.542489616793022,0.282306236259956,0.376416344943058,0.561579420759129,0.265226617821163,0.247735071897758,0.456723393980116,0.295597794276208,0.325753064741651,0.509628979286574,0.191539657333541,0.17967906236043,0.362573516253652,0.316841640987321,0.360418909080776,0.51900260903793,0.253941292351841,0.281719838975687,0.416325997387197,0.178825423865232,0.236262951053948,0.389948511022844,0.109150567082452,0.274479574501866,0.322499896800826
"19","LIGHTNING_BOLT",1,1,34,131,1.99,1.96,1.41,5.36,0.453715237595923,0.253658996412514,0.216976000438522,0.371374332828202,0.365511077060589,0.576376949298522,0.249384699337925,0.324488724195827,0.495703927239197,0.261224211034628,0.410087545721653,0.461169574863585,0.117074481772695,0.252147923444415,0.316177496409625,0.196184147463481,0.389461820669071,0.377041749575094,0.209391113649204,0.324651811867873,0.456842173136088,0.179963209995322,0.300645541735507,0.474943109199165,0.294923160365284,0.397163876204972,0.564443399886591,0.250356782237394,0.300913902795161,0.543110528785982,0.301238661000698,0.405532129913577,0.57880395641669,0.292788338430343,0.292574831865113,0.503722648479682,0.28187003342104,0.322902010479465,0.565354869969531,0.257212156006015,0.339399266183323,0.498699851878676,0.244295405346316,0.236827360325189,0.407517217177699,0.248068384101683,0.340821453514952,0.542855504775009,0.270627784310563,0.358386677183223,0.549639807934465,0.266661901619053,0.269181470308921,0.469527121389867,0.294886825788882,0.329114167723474,0.516315806587975,0.182698713498474,0.195651807774264,0.371671711862903,0.307676736428552,0.324398627256089,0.513688283662611,0.258918415470617,0.283341786518647,0.427213818297895,0.200170762580931,0.246601727507723,0.411603303700902,0.128430993625892,0.282067252240263,0.345654334131843
"20","VERNAL",1,1,35,132,1.78,1.51,1.2,4.49,0.405835740161178,0.195420961521886,0.184660425905125,0.341561699825628,0.320621472109242,0.551296611347086,0.234726762983563,0.321759428409045,0.499372115996157,0.274199612384706,0.41625634157786,0.458568915678594,0.0994915146470265,0.269548198950731,0.29872197309417,0.14960517936609,0.354168217920079,0.359466782493588,0.120341965697512,0.352840312448186,0.364635415707154,0.108284303128524,0.246825889144108,0.371796177788524,0.223035651251,0.312899448108763,0.505659951242129,0.205847940155135,0.309202779516062,0.530994472256988,0.265332491928513,0.333582666752447,0.563562294039015,0.259380553968816,0.244158857652834,0.491379973676217,0.245366133976883,0.283666328132928,0.559096448029648,0.244328421142345,0.329407161325467,0.504055961761253,0.246055993241607,0.255763331432498,0.432813820531941,0.21283626257137,0.268967874231032,0.517934765612784,0.247685313975827,0.340869276433227,0.553002476925844,0.254323509838017,0.24713023506527,0.472783795371485,0.269310517972289,0.317471596556716,0.507916594154864,0.158675693256634,0.204860080392307,0.373073539562309,0.285921573618391,0.335463887788366,0.513388208881568,0.24805863200027,0.298188772041828,0.432540980214817,0.181097681144503,0.264972784397789,0.4296639556144,0.106509314638911,0.289866406121272,0.3396578668232
"21","REBOUND_6XT",1,1,36,133,1.7,1.82,1.21,4.74,0.387595931614608,0.235540496668763,0.186199262787668,0.403507221101859,0.397457510694075,0.60668738045815,0.240908388164844,0.318307542604218,0.479431140044951,0.270681480923804,0.396216945493794,0.440311656772801,0.153700301456156,0.369003487792725,0.338187520150063,0.240457437898835,0.376722552128674,0.409512187538863,0.281489845976998,0.381128141829861,0.509056575965808,0.224533607035497,0.377689211390306,0.506559033120618,0.31749902934679,0.453707732712568,0.577560062076581,0.264819851764836,0.336970040675845,0.56265931372549,0.306366847746321,0.439173578199052,0.584264647802249,0.299938351757577,0.286655921426542,0.504190347636639,0.289110910432331,0.350188937966421,0.563896892949897,0.302529213492336,0.352757680612352,0.530058923269321,0.235182771475047,0.202157155181237,0.375720489538097,0.269508778224905,0.392249042094243,0.559547114965072,0.295163893156922,0.385140243818064,0.566953242835596,0.285944187702601,0.260770245631717,0.470219665235361,0.30851247156072,0.361439231830952,0.517026679741209,0.175060903932584,0.179923871620211,0.357052500849681,0.318717814323318,0.363807349196563,0.521643693896105,0.256271576246557,0.30895573182544,0.419959684808503,0.169024099872726,0.219262131433495,0.373783914423218,0.114428721275764,0.275416682510108,0.312029354728317
"22","SEEDWAY_9558",1,1,37,134,2.08,1.87,1.54,5.49,0.474235022210814,0.242011389434389,0.236980879911578,0.385134322428729,0.347721075185041,0.586515208828517,0.245302062041701,0.339732854055105,0.503981355388005,0.281829248449811,0.407267494153625,0.458550698566889,0.112924860445613,0.313988979747355,0.279987983235148,0.176373695799002,0.283133221643088,0.380575980392157,0.197986843984421,0.300426791449433,0.431058442794594,0.17268212016632,0.291245020261702,0.463750273539562,0.273307330431525,0.366654701544996,0.557373506229341,0.236667034237049,0.288607243429287,0.567493481435127,0.2765406532291,0.385476185370247,0.5846013739072,0.296958681223707,0.299447950532288,0.517151631737032,0.263380674276421,0.297972437826707,0.565034491540953,0.321672535799296,0.358836857816103,0.565697591079525,0.25905121822117,0.270944422511734,0.430916933514644,0.227478733578902,0.307793807444262,0.533383722373036,0.252118678611608,0.323530795522161,0.559541561155161,0.271524613306119,0.288888935549233,0.494311520788933,0.277371951978885,0.311691607322863,0.511366695932104,0.188597849504678,0.204624991759156,0.388198804425985,0.296491643339371,0.309948843060798,0.507691960158753,0.263854616799714,0.29485242393611,0.437852063345688,0.191769253570014,0.255645793801392,0.40854100780097,0.126764176868599,0.271544145431452,0.335817099309359
"23","NY2003",1,1,38,135,1.79,1.65,1.19,4.63,0.408115716229499,0.213539461265637,0.183121589022583,0.359123825159521,0.37161683626005,0.546561679987604,0.251299261572175,0.389679894794984,0.499018562189918,0.310068125765171,0.44460499490316,0.474435450020987,0.113011434533969,0.266585040593218,0.254360327090477,0.162057540778041,0.289960696223521,0.374285951166936,0.14548467812693,0.365764110216589,0.382017034812672,0.128587149250781,0.293218328073464,0.38878685533646,0.243589536035419,0.367679663780081,0.509467252957629,0.236275841066293,0.288993533583646,0.539141635377555,0.276788321332941,0.39734397003424,0.565323354277912,0.276506873176636,0.264162996116321,0.481871181443592,0.264770419677635,0.313510802322863,0.54964913777306,0.323505310301346,0.382128640107787,0.555817282665279,0.24000223621494,0.213794505124943,0.380773054934129,0.222815566157712,0.305471194325684,0.506832738411686,0.257030236671439,0.339466284749609,0.541219505445086,0.274477610426026,0.232196385676778,0.453772275291883,0.286782192685876,0.323442005657985,0.502255389718076,0.172183879382833,0.193785687533017,0.349509596682364,0.294362137358093,0.369028041324057,0.500356651199379,0.268143127589025,0.318584593921982,0.420730638954406,0.196670896413361,0.247344219574218,0.406693987348423,0.122958407194466,0.26853492528233,0.309927373664398
"24","LANDER",1,1,39,136,1.97,1.88,1.42,5.27,0.449155285459281,0.243305567987514,0.218514837321065,0.362120560504266,0.325494210865394,0.570271506241425,0.213803762694674,0.320631134385101,0.477294916457719,0.280632675987817,0.383693333931589,0.46323581759172,0.126116533086029,0.313291128110437,0.280473343298455,0.195680050698376,0.260724719740217,0.39440424112683,0.206098762883076,0.346239175365618,0.44306553953502,0.157611074283368,0.279085791799126,0.454919014478717,0.265194761315605,0.361036052168204,0.557836123795028,0.225032915479354,0.307934266791823,0.545700224238632,0.280890171389307,0.407580760384723,0.590413878821671,0.272167420171456,0.271151009265821,0.504943096381792,0.26083158141688,0.308189450340567,0.570328267533847,0.324989557364175,0.370912165759649,0.576519735436834,0.211742003278347,0.194784109020193,0.36630258367329,0.220108637412172,0.332520546762033,0.551870764254665,0.260257653895612,0.352910180303596,0.571710047462881,0.252849801874285,0.228876407246818,0.464328003555518,0.276512628077828,0.313482241615191,0.507579487600645,0.161220463073444,0.176008181050198,0.345762711864407,0.303507726030682,0.365536313781096,0.52607057711422,0.264221982720966,0.32736751257633,0.453020033458062,0.160975517303946,0.212116722358826,0.380242733749448,0.105490732832976,0.284787634510818,0.337657578868652
"25","NY1615",1,1,40,137,2.18,1.91,1.37,5.46,0.497034782894027,0.247188103646889,0.210820652908352,0.371166949116364,0.318779856057341,0.567330800253684,0.243427596339502,0.344517886205866,0.498385142374912,0.319405611036523,0.393683780462893,0.474306438482717,0.118258644933712,0.312153199097277,0.283942231601161,0.183285506995008,0.271266788956597,0.388177387762716,0.200824475899331,0.35169277506152,0.439815879259639,0.155687358920516,0.269037365291455,0.420790616034157,0.26143972462978,0.363083561418465,0.547939606048369,0.22680225995567,0.333054469128077,0.523034652690864,0.29435385944416,0.404384493863167,0.580338687425389,0.272945419486154,0.263839158851947,0.493752220090935,0.263421916329827,0.307206740307438,0.553411250320523,0.325489516520836,0.370796026771215,0.560361058470604,0.226887171159368,0.241792194879443,0.399880978491322,0.218239499664269,0.318712110043379,0.544434169201971,0.258137096368659,0.333788451160281,0.556053385362614,0.2652078691335,0.261150745892113,0.474366291549313,0.281070028294136,0.30981826098122,0.497355225705613,0.170974595149244,0.211938786814161,0.355765206270832,0.298720866214366,0.291363443640483,0.500663441555282,0.261055945779918,0.261117002725118,0.426510489634503,0.177978773386879,0.260915452997919,0.358878170775277,0.110122440049827,0.265727724913495,0.313894638737848
"26","55V50",1,1,41,138,2.19,2.02,1.27,5.47,0.499314758962348,0.261424067731265,0.195432284082924,0.386866501391905,0.38721590660142,0.578887799772913,0.224303776765904,0.325740660779024,0.466171150058618,0.290779846463478,0.360853870600228,0.437069466930503,0.145546880116471,0.273703068671415,0.291232304581025,0.206353706956226,0.287754999218748,0.396516570524778,0.233097842490187,0.3542468270567,0.454029988103867,0.179702039929974,0.284796777746605,0.45280518407681,0.290688723475958,0.433930702172658,0.569961815544975,0.25424559876725,0.324093006883604,0.526978645181477,0.326143345457133,0.456393022256296,0.593539895223492,0.289424189049371,0.28599825773683,0.499896793054571,0.287061033337098,0.344112591862398,0.564834631886915,0.341717130036705,0.397010594971982,0.568904191036123,0.226732686046915,0.210138468511939,0.383327923264757,0.247880289626614,0.375903960733682,0.556565358732541,0.284645735065467,0.370687035576404,0.559391700222785,0.274873932366117,0.255166664916904,0.465408937089024,0.28501159711395,0.317932299287874,0.491293597372614,0.181849615899845,0.185023011087674,0.346166187755705,0.310883122793277,0.34306514168943,0.508175553099652,0.263323629853122,0.297061247169956,0.427060596924932,0.157347410849609,0.207766181741514,0.344461311406283,0.0939568647906639,0.259117567674843,0.306621576565849
"27","SW5210",1,1,42,139,2.14,1.91,1.26,5.31,0.487914878620742,0.247188103646889,0.193893447200382,0.405843925536934,0.383467469858402,0.591247388312409,0.256323993000287,0.35855701264537,0.495664109979463,0.31942968895524,0.382813000104695,0.466908362124407,0.157148182525372,0.254966734077787,0.281407866584601,0.211323025873521,0.299777395135269,0.399083079961943,0.272909950728561,0.343681429875144,0.486296824671317,0.210112575315007,0.292566578870354,0.476654354090702,0.307477012385742,0.43784836004417,0.573904557256693,0.264407209660768,0.330318888193575,0.528617412390488,0.342462996016279,0.460217880808904,0.592678833108161,0.307444589225764,0.319992752871412,0.511740197957873,0.298694345649059,0.355069368429289,0.561004476856919,0.349181409799382,0.413381900849932,0.569039027288669,0.229987187071089,0.206395285929435,0.378399350791771,0.262383402064395,0.367205893521683,0.554224241530743,0.292621962770752,0.351135234616076,0.544373088685015,0.279567673949015,0.254604212055192,0.464507429752528,0.27224512901687,0.310696111441209,0.47502700204661,0.18187564511907,0.179362743214046,0.329540780530668,0.331456134298909,0.359521772023167,0.523452163914269,0.288682215852103,0.337335532343779,0.460863606086256,0.200283908166165,0.238628922094025,0.382043376836265,0.131030000176552,0.291610200641343,0.345862200083653
"28","NY1614",1,1,43,140,2.16,1.87,1.34,5.38,0.492474830757384,0.242011389434389,0.206204142260723,0.365982032937375,0.320432316449532,0.562782027833798,0.241479603066172,0.348381267307099,0.503172880922242,0.343306322369068,0.397890058163938,0.464946333273371,0.13703184975084,0.283931973387262,0.274368826753422,0.173304495371202,0.305287744061684,0.391390996144758,0.215640810023478,0.300011482478644,0.44323470488519,0.157452609397956,0.291486301066702,0.419155334421645,0.258708974876621,0.339548017528903,0.538852694395836,0.227283731841359,0.347756049228202,0.520598273884022,0.316967318030082,0.410945921615092,0.583022749976768,0.274456818116333,0.286643042759272,0.493884213323884,0.266618948266147,0.308685775309157,0.551732668575003,0.32045459458291,0.37502717273162,0.558042489201237,0.242124298156457,0.268324871615313,0.424722222222222,0.230784650853207,0.308682046672659,0.532386987824918,0.278341085997957,0.325507354670873,0.541166922661796,0.268002576652165,0.278253736618688,0.481981291534997,0.24327558045419,0.300805549091957,0.478144062863985,0.18526536067675,0.213234565856994,0.36469254368414,0.29032763380342,0.287141344368623,0.495710936710801,0.259086189950192,0.253547323059462,0.422618714051795,0.196944747864356,0.261553285837379,0.372884433516172,0.0953110450163071,0.244231593089725,0.304743146127229
"29","WL_358LH",1,1,44,141,1.65,1.68,1.07,4.4,0.376196051273002,0.217421996925012,0.16465554643207,0.394401543431315,0.368482360702693,0.581481523210063,0.235009910098161,0.315057704208302,0.46941664632658,0.32499198038376,0.371112760088745,0.455496941896024,0.177294577251161,0.254484744570474,0.258843313109997,0.217281732740596,0.311218535409945,0.403456192603624,0.27921361072536,0.342777859656233,0.485747007854191,0.19694795535437,0.31960315273982,0.448674169981324,0.297310873603185,0.433654012594383,0.561210642552303,0.262977932779536,0.346925323320818,0.524905350438048,0.3481779905257,0.472219053133466,0.58480538697433,0.297180197040104,0.303340294786728,0.500238764319469,0.286562346477162,0.347585592133258,0.542429254293195,0.335068046037414,0.400051290688061,0.551834343836441,0.236515842657557,0.205507119514472,0.374005310457516,0.273502373158203,0.386374581730619,0.542006233647101,0.316377145829797,0.378824082914747,0.542018625375344,0.279412669466027,0.240506031432741,0.451682956959332,0.264431854409315,0.318403788733523,0.469278264774646,0.177731764383513,0.194433630325953,0.33449507863409,0.302894022765223,0.340851700481682,0.503368816509234,0.262955400800626,0.303097412615936,0.424404050435369,0.181241990978749,0.211401130655907,0.34780341718681,0.0855831085500828,0.25507446417481,0.287388747354145
"30","SW3407",1,1,45,142,1.87,1.73,1.17,4.78,0.426355524776069,0.223892889690638,0.180043915257497,0.40866164849464,0.3722291663491,0.57982498259734,0.253537005092189,0.353170137620266,0.491612564758345,0.340369318563475,0.415435040444416,0.457517051292605,0.179370506350189,0.244774758931973,0.26636698027492,0.221023306431492,0.298188709944866,0.405489444720806,0.309054214913868,0.363361182243019,0.512682614542842,0.212685788980174,0.319600197212138,0.472329265173866,0.312903036639051,0.435229205837586,0.57396215716119,0.275184216662201,0.339042422820192,0.53250664893617,0.354466129881611,0.470694173403959,0.58793820991758,0.309481165835646,0.300219111741082,0.522132205291755,0.293201395544717,0.348150587982534,0.553655696890422,0.346010680899889,0.400633727904398,0.568759603366805,0.249301332612804,0.250811595471522,0.409966444911298,0.293003085953095,0.396459211010295,0.547709588886059,0.328744266503117,0.393944504407268,0.550763120615219,0.280053678802855,0.270721821738609,0.473119760454277,0.275390457229169,0.326305596201997,0.497864793678665,0.18975483658295,0.183686346691449,0.350374517473221,0.313681994242132,0.299218049502679,0.503271507114012,0.268242335379914,0.290663072585079,0.42411155840087,0.1786866907605,0.253773809894132,0.356048568554868,0.100735179294048,0.259673632610939,0.311364293085655
"31","ALFABAR",1,1,46,143,2.03,1.93,1.24,5.2,0.462835141869208,0.249776460753139,0.190815773435296,0.403865196491644,0.335839689556598,0.583514281036342,0.233863743292314,0.32488174892267,0.47636860629188,0.335682953223994,0.40268796458324,0.45437729019907,0.145742102148401,0.289649315630587,0.295184940941997,0.169908416458267,0.270224854182179,0.392360723297758,0.243094628729356,0.292090387674017,0.469549965304004,0.172500336102821,0.296886722362501,0.427572685141889,0.28546527528362,0.383166419886032,0.564296525627795,0.251738338116613,0.344209819566124,0.527255293074677,0.337373416779901,0.428918809822507,0.583734957253043,0.297374404961365,0.302412602185265,0.533903631232418,0.269672690282957,0.311354410289381,0.536741023036808,0.332640779500769,0.387964206159835,0.566737507576397,0.244756436637569,0.222000320961718,0.391485615079365,0.269404095336101,0.33055157203764,0.537606196120128,0.310035785878513,0.355261045843885,0.546181659678691,0.265562101302642,0.236819870398302,0.465487402938383,0.274236238255154,0.297651221019088,0.509650960881865,0.17668712337577,0.189774567699616,0.368826702396581,0.306220431294693,0.330608142364857,0.513226836720288,0.273798483877952,0.310933692741492,0.449076001820686,0.195369675508331,0.252847235357165,0.395241367715361,0.100116298939705,0.27440244876231,0.330346907993967
"32","SW4107",1,1,47,144,1.74,1.85,1.2,4.79,0.396715835887893,0.239423032328138,0.184660425905125,0.403361138078522,0.354488249534065,0.581977872250733,0.246320265325474,0.341768428734501,0.473244280737569,0.340165585562436,0.421614199196498,0.458768063800444,0.174270843476014,0.254395058471819,0.285527418740291,0.206334842965952,0.282873709737595,0.406502870704307,0.298160371271807,0.303329839902369,0.519242802685787,0.209029419984663,0.306138805375592,0.466270427176295,0.319076212561199,0.423201719043782,0.571974811233474,0.278983413614596,0.33237653838131,0.528315602836879,0.349613641138739,0.456125324355043,0.588678061089547,0.313105728027984,0.323214327899835,0.558581089062131,0.28463090696552,0.329589940357637,0.542577241081728,0.343534179287652,0.392533027864573,0.572546373220068,0.255179389318445,0.244823880335132,0.407040546270708,0.295331137581815,0.382035004326026,0.549644014969092,0.325144970253431,0.363572446621556,0.550383854318015,0.259412851310701,0.240165737542563,0.458858384688875,0.287578676078405,0.305553719676216,0.517357402689161,0.197626609441216,0.206174838982299,0.392666946370541,0.298235616374584,0.297905589034621,0.490540310416971,0.259068826362531,0.272955008955647,0.416477800043744,0.172039814179505,0.246201164281361,0.365700145009772,0.0877662372175685,0.258666996210249,0.311059102373981
"33","NY0651",1,1,48,145,1.72,1.81,1.11,4.63,0.39215588375125,0.234246318115638,0.170810893962241,0.368471614791434,0.327169631649569,0.559066361291933,0.240706367581547,0.32361220289609,0.478489683093264,0.351038593262109,0.420295766624693,0.464388529111951,0.164989619096794,0.235116210908878,0.259919253202028,0.180279467314057,0.284666552112568,0.393209233060313,0.258822032154163,0.292357542656023,0.484931770369242,0.175854431648313,0.306996961578417,0.44641599037703,0.298270294040918,0.393188471116331,0.568253838181043,0.259171158823711,0.345221109720484,0.526057441593659,0.327640260237489,0.403116868785429,0.580035690223957,0.289913471959003,0.300639010300846,0.552718049109069,0.270590747859677,0.29922797672082,0.528366602844812,0.322674774678126,0.374823927488747,0.563604918802503,0.218461830481208,0.194489040955681,0.374279071807694,0.271745216789707,0.317231730544424,0.538681224749336,0.31031278065055,0.341756956840605,0.545123777104349,0.224008588185963,0.178612577995682,0.418686627961911,0.285588355608474,0.302111115081114,0.527224690240542,0.170284892846292,0.181478090294498,0.376514146148101,0.301097313538954,0.328069590118926,0.50789196571929,0.267204240511892,0.309662207562153,0.444223147202806,0.18524165937317,0.23910367147931,0.383321564424269,0.101069525879245,0.267156292381206,0.319330266043069
"34","SW4412Y",1,1,49,146,2.01,1.99,1.27,5.27,0.458275189732566,0.25754153207189,0.195432284082924,0.376765131886629,0.354354256019201,0.571941406693528,0.260290019832486,0.347433782472146,0.493200793712303,0.355402870704905,0.432480692479138,0.467077361188605,0.157113058892984,0.248111316275389,0.276303086256924,0.174703006560167,0.305856184968702,0.400097417402479,0.283090921680891,0.310312854440889,0.498544608958881,0.195002424183301,0.310305388795292,0.456814892152908,0.318090941654728,0.427098906687007,0.566908511688428,0.289220119942092,0.336353254067584,0.523011446599917,0.346736977740156,0.431768851908244,0.583720843787752,0.311986019411466,0.324061835577605,0.567530858729034,0.29925098436369,0.324417246702261,0.546976360637713,0.347327521293779,0.396476763532066,0.579612717028508,0.249330578424446,0.243106402889269,0.41399701715138,0.303259398390295,0.359898041636781,0.546132452054753,0.330484858758676,0.370827210206595,0.545133325030789,0.229721774615987,0.21669348045764,0.431489040810728,0.296922484908182,0.302126621792996,0.525386661463922,0.188957586910305,0.191594645521044,0.395236255421709,0.312355824225439,0.31918385220093,0.496037596179911,0.273676829902576,0.291127465758688,0.430313477214823,0.188113534594438,0.246083702298124,0.356545013704406,0.113330576694673,0.262196207430341,0.310267285861713
"35","SW4602Z",1,1,50,147,1.47,1.82,1.04,4.33,0.33515648204322,0.235540496668763,0.160039035784442,0.330112410116742,0.37036547734876,0.533744096224407,0.251325164356895,0.322418682009475,0.48097513928716,0.347435944470035,0.420236909409073,0.459339226155756,0.143998730662748,0.226096163428002,0.235711040769073,0.157363827790987,0.293225934888723,0.393240671796145,0.249561467659146,0.325422789789332,0.470354775612466,0.171196371558942,0.290771480823384,0.41587720938932,0.303477539664393,0.428490315456472,0.541254513982153,0.28814937321629,0.327856435127242,0.507845614309554,0.343913679149026,0.429350054595298,0.573083356565375,0.305252511297282,0.30034792231439,0.554866927984291,0.301970425023555,0.323889120585392,0.542271394539124,0.346532330944783,0.399331850095995,0.573069349851834,0.215657987208232,0.20093433346493,0.373084177742685,0.291211709748253,0.341447051973368,0.526333063794364,0.327287489452629,0.366793142098053,0.535480233024755,0.218192333258347,0.182270403888051,0.41455756661639,0.298129626007913,0.308240106656261,0.530259942119468,0.185704893522178,0.190751705578653,0.393783276022273,0.303202402040333,0.299784147685248,0.481427910565576,0.252962085970679,0.260196137544557,0.407224695123753,0.18464372918858,0.250469285248933,0.359244267910808,0.108996669211947,0.254116506331039,0.290689760066923
"36","REGEN",1,1,51,148,2.28,2.11,1.33,5.72,0.519834543577239,0.27307167470939,0.204665305378181,0.382787387599592,0.345852408511128,0.583736368837262,0.26123631497441,0.308814241550814,0.507464364753367,0.365026031714617,0.424305330694969,0.464718474545782,0.13251714291218,0.240353761833582,0.256846478501715,0.152583565078438,0.277318477496484,0.387236416190949,0.252907669503813,0.338945333849168,0.473064853877661,0.157786527421848,0.301004516368871,0.42348709552397,0.296725086804361,0.387347270719551,0.550482436505805,0.269897937452885,0.350637515644556,0.513594336670839,0.325441974389462,0.370360918702151,0.570020658646251,0.288047920663318,0.318422661233168,0.552691353649894,0.292142396647478,0.291603693592121,0.546859887626839,0.337385036262239,0.381948995110798,0.574682048769534,0.196648278069586,0.168548347004723,0.36739848810516,0.276155744197725,0.303045641435734,0.538802740660326,0.321527662644728,0.358971729835194,0.545702187720536,0.20054511370924,0.207904168985103,0.430419418168838,0.295445162573891,0.301578642734042,0.543085747731929,0.180631270292079,0.201262727313147,0.417978566191071,0.319415317845769,0.348700745807008,0.51028786204308,0.271951690565078,0.318657303138319,0.456057032399936,0.150268568043736,0.294611941239518,0.372742996448311,0.0854802592041917,0.277999670456418,0.303346768571682
"37","SW5606",2,2,16,213,1.94,1.86,1.28,5.07,0.442315357254317,0.240717210881264,0.196971120965467,0.386661978461459,0.333191122327754,0.587245325251342,0.22739621981079,0.3023749860067,0.47486594110635,0.229182362372995,0.440678179528692,0.475246896923907,0.112214498221768,0.262907031272898,0.317120372812802,0.204559260785822,0.29312251799454,0.362471689625217,0.261768612547357,0.31178850180849,0.51104560834669,0.177732884550726,0.323051321535993,0.480067594572616,0.275480384814107,0.384540314981828,0.547408504210227,0.304057683463354,0.436052617855653,0.548233468919483,0.289028026278666,0.481976436901775,0.569408337979742,0.227811663024077,0.265671612687913,0.460009524559489,0.285712472530797,0.409317516887516,0.573532571262472,0.323552170812445,0.403299089297908,0.548510678563848,0.223246650212022,0.169274188842204,0.305050186741363,0.223561310887881,0.374210928390495,0.447788365745022,0.237888399502014,0.383847260852118,0.437882020839387,0.26693689447126,0.246462644311696,0.392829751568662,0.254353883686181,0.331557853337792,0.439148030318733,0.241765650859802,0.240648596603392,0.353802057221356,0.281460100812539,0.327894780741081,0.397921054277791,0.241414814142225,0.270394344050554,0.350256846784538,0.276961057296263,0.278169302129454,0.434831752055661,0.12736443963476,0.291323457966182,0.347859585615623
"38","ONEIDA_VR",2,2,17,214,2.29,1.95,1.53,5.77,0.52211451964556,0.252364817859389,0.235442043029035,0.361887638359053,0.26370076601157,0.57270525141679,0.215468394285115,0.292561715068109,0.484142238362187,0.216608014219262,0.433319092162859,0.488126011872639,0.0653949400419987,0.314191945836631,0.319736656994636,0.139967814403199,0.287653769224392,0.331893835758405,0.171001138266687,0.361279576033357,0.428585508741549,0.105730763776587,0.413018087330537,0.415468091366144,0.210120851425892,0.278442589850586,0.510801812715933,0.247094918237506,0.360979349186483,0.532504171881519,0.241102030345279,0.429340710400092,0.553111449464948,0.240197052744912,0.320462726153263,0.49883164014398,0.232061004418632,0.332102217047382,0.546469217057452,0.277462691240661,0.372411223729471,0.526393269436874,0.226156718762896,0.22047560690943,0.370579919467787,0.17912560715436,0.289512104682383,0.432787107400111,0.198189162921684,0.35388932707875,0.438817164127472,0.238011917459899,0.248264548032529,0.4135815642435,0.227030511730962,0.304865818946666,0.456728150157114,0.210413913972715,0.263400275364383,0.398037331693506,0.240340756137586,0.265107804908564,0.37767218549951,0.214247612648706,0.245719555232403,0.363799322562911,0.257593386912465,0.279282096547086,0.444475547989828,0.106723048375783,0.284296361078368,0.342448635562822
"39","LANDER",2,2,18,215,2.18,1.95,1.41,5.54,0.497034782894027,0.252364817859389,0.216976000438522,0.364444157773035,0.259652884968071,0.593380052653124,0.190880500158033,0.298450701794612,0.458851265893004,0.198210215357094,0.41185550898791,0.479784901588142,0.0762955040060782,0.297274539113104,0.327886807936927,0.162344518373334,0.295404411764706,0.335725366095805,0.19463715178192,0.309958740579663,0.452485953175713,0.118428926190522,0.382178403161722,0.431148971623072,0.225029673695957,0.289457426806339,0.525057450681947,0.243124203718855,0.385579761159783,0.530423445974134,0.239141686719986,0.449652826177865,0.551690276228975,0.22012053884868,0.281950509788922,0.475806193963529,0.22664934914564,0.32447789299413,0.530104010666464,0.269062958567106,0.390260708618448,0.51625197725621,0.206417533348028,0.19535275109298,0.350148265122604,0.195424796327395,0.316702034349093,0.460330713891085,0.202860152164585,0.368264768151438,0.448513706117592,0.231868534756227,0.227593901026411,0.402774844008637,0.246105641545274,0.30918201624084,0.459531524394269,0.213362616816564,0.225443246978641,0.364891870119046,0.259161605586764,0.324927137205293,0.412417591957719,0.213770359011445,0.264961724213351,0.365433802100883,0.24695716939095,0.26170502070067,0.4312760859971,0.0922958692486865,0.284956721659252,0.337159257085187
"40","WL_358LH",2,2,19,216,1.82,1.88,1.18,4.88,0.414955644434463,0.243305567987514,0.18158275214004,0.359672443254556,0.300894952886345,0.580643655023141,0.199836316626654,0.26926640660656,0.44487217812026,0.195242166103082,0.428647838340229,0.45353735683876,0.099620769599712,0.278044784430962,0.279672030247076,0.190896535605393,0.30729600540818,0.344667170494804,0.229553889313334,0.299310855336562,0.468288418891613,0.148146286758763,0.310337370242215,0.444317154524767,0.255032303831639,0.342947009467403,0.536187014851707,0.26758731976936,0.415997861910722,0.525372210054234,0.261824539142409,0.481892875268956,0.551519661455541,0.214726363799267,0.287674351141423,0.482077057876291,0.252373195828025,0.357477567298106,0.517772849675273,0.287485422124071,0.397258942705816,0.497303825664869,0.191882968112081,0.157917708470413,0.285251568188797,0.221309979674765,0.35805109922757,0.454007567939456,0.235317843828397,0.385007403102384,0.447585204865291,0.24628018684243,0.203362102675828,0.368786799620133,0.275583618440329,0.352409586056645,0.459154944233083,0.225978867185542,0.173886503754044,0.319898505541576,0.278181460828434,0.378254304203071,0.430667750971356,0.228064815024991,0.281744075381132,0.362507463039482,0.245303957428379,0.215253767101696,0.406277452031188,0.106419322156108,0.277515368138206,0.318275599832693
"41","SW4412Y",2,2,20,217,2.36,2.11,1.51,5.98,0.538074352123809,0.27307167470939,0.23236436926395,0.381222511908246,0.310016437256426,0.600142905050074,0.245089779405699,0.361540997602379,0.493784637262898,0.243572478746402,0.45725010493494,0.484193799844097,0.0669229116418385,0.331761481872271,0.332097951288139,0.177963029241316,0.311464667618102,0.36498213473153,0.238874825508403,0.292007891768276,0.487848246590057,0.154215139359262,0.279071380582151,0.46064181813017,0.244742681523145,0.340219207926702,0.531516996448503,0.260935508045788,0.410923811013767,0.521669274092616,0.267207998953712,0.476229846203884,0.550526496143481,0.239302680892636,0.321529029282396,0.489341417959419,0.262744064458695,0.383400381605765,0.514273031720689,0.295155453558397,0.426509077610436,0.513498006480537,0.226198745394759,0.202259654048047,0.335444722258777,0.227084091841213,0.349389884059813,0.456493074155114,0.242620605037203,0.377425121424717,0.449728761917611,0.260597761341028,0.253824246814557,0.400356671670989,0.288967394983764,0.382110279207917,0.479780580915676,0.233233522490551,0.252981493915834,0.374905969920925,0.283563631355549,0.318376823104442,0.402224997300395,0.236931905903742,0.25439327963792,0.355948119642457,0.267012121407522,0.267275645696579,0.437380067202676,0.13114110913628,0.273745304437565,0.323705390172263
"42","GUARDSMAN_II",2,2,21,218,2.16,2.06,1.56,5.78,0.492474830757384,0.266600781943765,0.240058553676663,0.350508092668956,0.310644517588844,0.586578190798986,0.211666192909957,0.306034348858366,0.467061634159511,0.209188433726352,0.428405348409387,0.468315310868817,0.0530832767435829,0.316111843840675,0.30310516134705,0.155208867140591,0.307531593861173,0.352029298006122,0.193363895702617,0.325297672636278,0.452454250674448,0.109162908222892,0.304725044977492,0.450043220049937,0.189792789285485,0.334842271764109,0.505946369415346,0.231403453659504,0.381454552565707,0.506834454526491,0.236730926613972,0.446901703444776,0.535019479173368,0.241330980702896,0.276390812967699,0.471021745050677,0.242507551063852,0.386799934282446,0.504378747954225,0.283421275713974,0.412735164605794,0.509391118253124,0.208685870457043,0.178843853723443,0.315279642058166,0.195274134260738,0.300077585526502,0.439617314230317,0.219981034436964,0.333938450468402,0.443673045788534,0.250639312415851,0.258608881223867,0.413987286540856,0.27559251876894,0.355695647271308,0.471500613009888,0.234436111470232,0.256131981983,0.388402441956067,0.275316583806542,0.31479537224319,0.412233354880414,0.238719468778644,0.279112474655222,0.370274344287006,0.278812655090664,0.279483238456673,0.454615644107105,0.133191297673016,0.293480994207638,0.341997160855292
"43","SW315_LH",2,2,22,219,2.08,1.66,1.36,5.1,0.474235022210814,0.214833639818762,0.209281816025809,0.318575675432779,0.362752437571631,0.530883058665447,0.222249299365002,0.322769529419146,0.48518739950965,0.213982005176464,0.464790579840499,0.480924626731426,0.0392281154995128,0.255948005510126,0.312829215393183,0.117294291424545,0.342111004021059,0.333775468432616,0.0897265990016454,0.440945880387858,0.370975725084898,0.0431281768943279,0.373319676129158,0.338497496618656,0.130598266038258,0.291549607470495,0.424157884850407,0.218268564241862,0.344888402169378,0.495880397371715,0.224041428174395,0.423754440894112,0.524847133166063,0.251678524324939,0.329594849988188,0.498022236002835,0.241386404539245,0.410278411076018,0.50008017904329,0.273726428658923,0.392643158737344,0.507057877278993,0.218118935733944,0.197326695032972,0.335466070096943,0.175377361133299,0.260645523493821,0.393050808840283,0.21613180270545,0.316111088048487,0.428767902362074,0.243082626595925,0.200732660724472,0.371757286887627,0.269792949782728,0.357873118069782,0.476429356485546,0.229592750398235,0.213661556576654,0.347908512063829,0.273602268463522,0.332294562353721,0.428576566616526,0.231229911832421,0.265227024183204,0.372275443792229,0.293316072310987,0.293999957968182,0.467476409642099,0.131926060035215,0.292672344956082,0.330625879311
"44","SEEDWAY_9558",2,2,23,220,2.33,2.11,1.75,6.18,0.531234423918845,0.27307167470939,0.269296454444975,0.36502015133129,0.370849635563987,0.584428899691175,0.206537044806093,0.284643481433816,0.478221314931103,0.219970712042352,0.411687567267616,0.483714605419216,0.0497539630923581,0.22915985228172,0.304752483953223,0.145880882519793,0.334190271572764,0.335863039836188,0.161029328376784,0.373074679292325,0.413396031760653,0.0874047799944028,0.358176657781574,0.406480185189579,0.177763078436575,0.281132300713284,0.487367714208971,0.214767181985666,0.345819513975803,0.516769529620359,0.229552505817063,0.437520908837469,0.54177832566676,0.252606493741162,0.299531041616861,0.489532710561412,0.242676897667741,0.412025206473179,0.521936550965858,0.260053303976157,0.400862848433181,0.516207549892286,0.226588131026937,0.206881022356743,0.370668070360135,0.186718692274104,0.294623814438056,0.449405599560398,0.224224477686304,0.350813787759282,0.469508350976241,0.232469719367941,0.228518937489526,0.400162840064801,0.272300630748041,0.346152115240789,0.483788898644035,0.225273050533553,0.262590358637511,0.403045915045211,0.267368314131789,0.299604812612556,0.412477401690824,0.212191873335084,0.252948388279038,0.361645711042934,0.27523386732334,0.296896160393418,0.455443750919446,0.114109685206674,0.291657526981381,0.339273742585269
"45","LIGHTNING_BOLT",2,2,24,221,1.94,2.1,1.35,5.39,0.442315357254317,0.271777496156265,0.207742979143266,0.391421925607195,0.42182174722274,0.612727000132362,0.202791723937786,0.313077800290076,0.45948794976928,0.220508084177748,0.418771061941596,0.471670714157223,0.0748744100670711,0.227053254784724,0.300959436091327,0.182072536088391,0.320673605065705,0.352742973510757,0.224956367382289,0.2922465196539,0.475624067353218,0.126150655924861,0.345312316933147,0.453424407872298,0.212471053381681,0.326324947025995,0.523343032799117,0.244225041295136,0.385750286816854,0.529065498539841,0.245709034569786,0.469235630088711,0.546117961584926,0.232635673688824,0.286714357429719,0.488864133002599,0.253253432785583,0.432129778887636,0.517094821454639,0.284311677511552,0.429011518714722,0.5200216135387,0.22746612835933,0.189411618487813,0.357459461040195,0.213011959245204,0.336809492537047,0.457638600363059,0.234735053670418,0.357669060567064,0.459602999986162,0.238306839025242,0.225339926439967,0.39986001896743,0.278695298542023,0.345345105714554,0.474962913558485,0.222857616075218,0.230722011943055,0.369128662278624,0.275701327249363,0.322198705785044,0.423501782847134,0.202306406985199,0.2473417392281,0.334781842794398,0.262378337106657,0.262698863039321,0.428296870731143,0.101002565572537,0.280761705167897,0.334305501309836
"46","PERSIST_III",2,2,25,222,2.1,2.04,1.49,5.63,0.478794974347457,0.264012424837515,0.229286695498864,0.391904217820392,0.432714867948011,0.600709111747204,0.211433207902111,0.315251897860593,0.47051380938849,0.233145320646297,0.450347736348544,0.494940996993763,0.0631956437445279,0.253621296052053,0.34184003048155,0.163675532980445,0.325325504674444,0.351699010300323,0.200786856299565,0.320010531616342,0.449325577396634,0.12022595174066,0.387417579477463,0.417324214143728,0.216183374648839,0.31337356605495,0.511904398677854,0.254904014462733,0.396005423445974,0.528909704839383,0.248352896372208,0.462674385512499,0.54425399010315,0.265900240843987,0.321076514341646,0.504828361833193,0.246069756465714,0.411640063695475,0.517699348511561,0.29009235821372,0.423173056312582,0.524257305733329,0.226564869878881,0.172425319120937,0.341857115702358,0.202071812547546,0.310369953404009,0.442119856980538,0.233774780244981,0.356335256756196,0.464403254597534,0.236779434667818,0.220175046281229,0.400055152526833,0.280411713248364,0.352591425161628,0.478877849713831,0.223645517300319,0.214588361611997,0.35325606889738,0.278069777613627,0.352495117153561,0.437891409665603,0.217577409629978,0.269571488529087,0.373731874419952,0.289303633666211,0.271539110267763,0.448946658233186,0.13147857313359,0.323641710077696,0.377617273153605
"47","EZRA",2,2,26,223,2.11,2,1.57,5.67,0.481074950415778,0.258835710625015,0.241597390559206,0.38965232323832,0.42388594076461,0.60419935579416,0.212793797791398,0.3104186302673,0.479868071071391,0.226135600637327,0.418230497091803,0.487374078071596,0.0585380484682444,0.299150326797386,0.371582402766787,0.158303606417738,0.318986221257083,0.348229299200571,0.186141524698878,0.341540260332303,0.422741705495391,0.112886767753068,0.420082582582583,0.403174584619221,0.215251552879714,0.283779359536813,0.502966842749276,0.246853948580791,0.387706117021277,0.524015827075511,0.236618028906385,0.455303982329352,0.53577491368403,0.244013740173731,0.28528570163005,0.493842723836523,0.219645980622912,0.358532502181928,0.503754468681184,0.27207313142074,0.409359517450092,0.515707886676635,0.21739119114493,0.189904080946323,0.34176572940884,0.195432107672951,0.303535857930145,0.443262243931374,0.228902146205263,0.344150442110507,0.456982301742151,0.230709150244116,0.238678307574172,0.403995875225574,0.277266743105625,0.349231619679381,0.484177153448444,0.220593015461988,0.247440143665753,0.372448941911981,0.268554176798727,0.291351784230454,0.403066172705641,0.202786428970436,0.238153296624984,0.343707426895992,0.268193575496462,0.288985141752306,0.436193178235925,0.10554622206677,0.262036452590086,0.316659188562303
"48","AMERISTAND_427_TQ",2,2,27,224,1.72,1.76,1.22,4.71,0.39215588375125,0.227775425350013,0.187738099670211,0.391837494360421,0.421452329894481,0.60469283799838,0.203672159615474,0.295969560419688,0.460346738607608,0.221181254383054,0.419688640500517,0.470474814089841,0.104170321843508,0.275273161581523,0.340299100208095,0.216153831093739,0.304807851410606,0.376398842764954,0.23536877091704,0.321043997223723,0.48285371757996,0.151349150989132,0.381577670734826,0.452012460221415,0.250855620875161,0.319900091234053,0.528321592557694,0.265930671125988,0.408668909052983,0.527346944096788,0.250368292387559,0.466695271117926,0.538915557336679,0.270161072358925,0.305301079100454,0.515619967793881,0.222476124411978,0.348749245658518,0.492467430652874,0.290484644321473,0.427262113923436,0.510420646672651,0.205112612693792,0.164140457077686,0.30682282756503,0.227600837141223,0.348676504094461,0.462627305042166,0.244323152206423,0.360607054395506,0.459997647612327,0.244278619891028,0.235466314731021,0.394383693648399,0.284818206945529,0.353648359509641,0.481134718564042,0.238713834013987,0.217155674530349,0.34285208336208,0.282695252222862,0.335129877141832,0.420021840678002,0.219662651497661,0.256498844337253,0.363562515147753,0.269793529528892,0.259468087342118,0.419212744047244,0.120421730610056,0.279843003377822,0.322821279246993
"49","REGEN",2,2,28,225,2.24,1.94,1.64,5.82,0.510714639303954,0.251070639306264,0.252369248737005,0.383305082091832,0.403435597567891,0.589218377768013,0.191678311346599,0.277544535600802,0.472197926162121,0.218107699421703,0.423474395874558,0.469393326137795,0.0757158679249636,0.288287317916703,0.348297869222427,0.173181076892815,0.302404992123699,0.349951809476433,0.161796057007763,0.366305781397403,0.41283874353446,0.118456025998363,0.428281534363845,0.408066527633494,0.216519735072036,0.30177263277546,0.505669672903486,0.24102108560475,0.379482686691698,0.523865900083438,0.2270849946156,0.44241756199381,0.531049159000093,0.257850026625603,0.30530637254902,0.50860648476258,0.189477748831133,0.32190369218909,0.487222833058457,0.261316605632015,0.405520128405344,0.513149299282441,0.212427259761443,0.201709435452033,0.347481978622918,0.191100435585556,0.297561640286098,0.437724733699966,0.22841396894006,0.34526270635283,0.457274828068136,0.227624790994159,0.240725381710778,0.397021063645876,0.264612153436026,0.331909690379493,0.476126637870519,0.227060051266983,0.249512987869347,0.380804826638753,0.272317776857469,0.291248410033989,0.419658930569747,0.224325021161433,0.250116984991163,0.379058445205034,0.278628750630971,0.306598995439548,0.446408381144526,0.132389441983179,0.277363689767405,0.324076018099548
"50","REBOUND_6XT",2,2,29,226,1.69,1.66,1.21,4.56,0.385315955546287,0.214833639818762,0.186199262787668,0.394244595783084,0.431545180161064,0.592621677413863,0.192243147579622,0.28653543103671,0.457123420294776,0.212079422165092,0.423219963805507,0.443528663944601,0.121428554856028,0.228460828277499,0.323312963451449,0.251587525525298,0.320672649333995,0.398992590179532,0.242745073703833,0.361374349598563,0.503441260343711,0.177099463602519,0.33192806383697,0.465425362894728,0.25386841676776,0.342990270689707,0.5422593786373,0.272699486632359,0.434270572590738,0.533706847100542,0.259557743827537,0.482064428259455,0.538833373989406,0.235105136881895,0.269607166538113,0.497347581007712,0.212912729052049,0.356007056711486,0.485978357761606,0.282373433083007,0.411988396743846,0.506397885561817,0.209915337808649,0.163198081618926,0.322728282961208,0.234329018709091,0.379612280850671,0.47060044645184,0.256105875275717,0.387361174533328,0.469102910041928,0.247247142580746,0.225204844743537,0.381662904676416,0.279158721311923,0.35446258814665,0.4681011293591,0.233533899574788,0.214392649715253,0.339573117382546,0.28100219491595,0.325207651298733,0.421342035573535,0.216335408747973,0.242426950882855,0.348300200393694,0.243606868544786,0.222872865275142,0.378307189542484,0.0978968930401591,0.247282913165266,0.286623445758394
"51","SW4107",2,2,30,227,1.99,1.89,1.3,5.18,0.453715237595923,0.244599746540639,0.200048794730553,0.410059818922969,0.422854660602669,0.611776598528066,0.190873181299902,0.298904524479972,0.444321918490716,0.215522923578566,0.398997571505666,0.455496642081909,0.094100165937328,0.243666578739119,0.321834022099124,0.238152985717382,0.29446793516561,0.3830938057041,0.224733670983377,0.34483536289555,0.49627033400269,0.173911954141811,0.328795344949866,0.469565922375404,0.227852344509338,0.333804992345618,0.536006169135614,0.269326579878853,0.433406341259908,0.525074050896955,0.25199683746289,0.471596720350554,0.53066615198759,0.253561225123741,0.268160731159934,0.48727143869596,0.205532416991035,0.348560532817703,0.487359639311735,0.276498244747248,0.429412915550986,0.517955868926415,0.190786991944865,0.169833537581699,0.300761700513539,0.22172993141193,0.339813437336657,0.459682629032474,0.239165726652488,0.348942255801403,0.449680490403642,0.247253856350413,0.250991730620501,0.392409388527854,0.274963957732883,0.344256105095438,0.467760803824017,0.235195868631784,0.222304816465192,0.351724418580992,0.289081301873432,0.338490170328875,0.428462138829177,0.231884139815308,0.271869690897161,0.378863608150526,0.268474283341187,0.220629006157661,0.396890906416157,0.138677054072842,0.292074350102032,0.332833567816267
"52","FSG_421LH",2,2,31,228,1.6,1.62,1.13,4.34,0.364796170931396,0.209656925606262,0.173888567727326,0.375988302296661,0.411414415719898,0.56505981091608,0.206854323377282,0.308689654662318,0.462090763628474,0.237964683282251,0.449249415362475,0.466442405708461,0.0749520753602078,0.292946891761189,0.287582578621882,0.189495148710454,0.290013679890561,0.339714043651287,0.12330541492194,0.388736850831783,0.372913788127215,0.129229579512821,0.355957687791598,0.386535973689953,0.183163152042699,0.332842912908871,0.469100372414412,0.260268577565596,0.42931815811431,0.516390540258657,0.243520595810626,0.464767071976439,0.519529211611732,0.268607016129464,0.318583049161694,0.510176304821445,0.202872673279363,0.360168870336032,0.472320887803878,0.269215588311028,0.403131546321235,0.489921085787143,0.200981158996847,0.173634453781513,0.308617968020542,0.204373592435926,0.319587888318538,0.415512488887102,0.237342638669847,0.352813870784729,0.435537105456156,0.247290243103492,0.205520069980854,0.355916188024031,0.26556497584327,0.344680530798178,0.465163134614115,0.23527783247582,0.227510514563641,0.332124412853654,0.285163142173888,0.33654471714244,0.423945930729612,0.23913438212903,0.257518310308748,0.371675090295389,0.295440001988273,0.301350692474203,0.420698148498413,0.14372836034362,0.257726402778306,0.286763121538208
"53","55V50",2,2,32,229,2.06,2.09,1.4,5.55,0.469675070074172,0.27048331760314,0.21543716355598,0.401496840334675,0.393415930194958,0.599911012320783,0.192538712185645,0.319656435257458,0.449797327802443,0.214724945298955,0.43109922710891,0.456659616877818,0.0550103428660856,0.336422081538146,0.324515958849908,0.185108241330529,0.311252921527261,0.353178776784976,0.14944234361646,0.358029513089295,0.420254171195569,0.143772514361536,0.366053281593625,0.426217868300246,0.180536358676224,0.346460888769511,0.490738950070135,0.257457456047696,0.422514601585315,0.52389445139758,0.245707635174373,0.469259943313818,0.529544187343184,0.279779457120353,0.32193071070463,0.515068078101388,0.199648584300456,0.346174994829033,0.482581625752114,0.264384923595403,0.42144205938492,0.514141046840392,0.206732806268432,0.189309640522876,0.342207778944911,0.217073526181817,0.333290812852383,0.445099249763187,0.240391687200005,0.359310493119266,0.454768309273251,0.250498165796308,0.235166874888453,0.393640521709308,0.268327842412509,0.336049087720053,0.470478082533748,0.233809297097951,0.244284380418834,0.351280248445894,0.272930091012536,0.30721914075804,0.42346007882061,0.221436937703702,0.266023368849097,0.373029078713521,0.26498318481844,0.238122996813506,0.405231721068587,0.118104541966485,0.251562435500516,0.301226651186791
"54","ONEIDA_ULTRA",2,2,33,230,1.74,1.74,1.37,4.85,0.396715835887893,0.225187068243763,0.210820652908352,0.367206837938233,0.319031282090851,0.568656809110053,0.170492024818412,0.305095283611908,0.450588333708538,0.191276893420323,0.406682107093602,0.462718564490016,0.0512022122526357,0.351942026436883,0.322063952636361,0.175235376482835,0.305223932474274,0.351194359675892,0.133430870891008,0.383082324693109,0.376910429063577,0.101418513197551,0.399817226053879,0.389790565011026,0.146527699772804,0.314341394834059,0.463160138197155,0.221695067529407,0.376866134751773,0.516322877555277,0.211803909282661,0.421143302381106,0.521834687940068,0.271570862347856,0.287857730652648,0.505604101543999,0.169217274842388,0.327850814834474,0.47696125823839,0.245228887904473,0.37864606909674,0.505593746563449,0.205274365741165,0.195023780345472,0.350459558823529,0.181891800529502,0.286321567436119,0.431332490465617,0.217368425364086,0.326060027398398,0.450558069381599,0.23395509242821,0.226334351695345,0.397404051750988,0.242352071363086,0.319675303555588,0.472088789642773,0.217576118072701,0.255443480074022,0.382109778777411,0.252650200612795,0.274954820637933,0.415593830584343,0.204550081609328,0.237521738873421,0.368925499654188,0.250842808873359,0.286817836812144,0.425946869070209,0.0973782148088169,0.262287792945232,0.308450004436164
"55","N-R-GEE",2,2,34,231,1.75,1.83,1.31,4.89,0.398995811956214,0.236834675221888,0.201587631613095,0.37835240154977,0.329813117940013,0.579766602869193,0.194101297866738,0.302840855270523,0.472751015206258,0.190467957187049,0.427849283444265,0.474543832823649,0.0691769311907171,0.327753158064422,0.301736569067089,0.197245837171857,0.303851374410524,0.368547044345164,0.209798463121681,0.317992246737797,0.458477572019311,0.128332699002666,0.389047195307489,0.426576980982751,0.180864196724101,0.314555271383916,0.483754056924066,0.23947378146784,0.392002372757614,0.519265618481435,0.229601888602331,0.440136546324691,0.521960522953257,0.253620723047127,0.287578699485149,0.530829349142602,0.188734399809172,0.339949072750668,0.482183132033581,0.253281654608325,0.383051650558356,0.501195978246692,0.19621637033068,0.163229750233427,0.320369105975724,0.197141353432818,0.307215602881238,0.448551712019204,0.22702176829414,0.347088020811712,0.456330551980849,0.231985328274017,0.213952609421423,0.383573365808933,0.254162005394104,0.323177248827264,0.468189512283988,0.223334073638327,0.218367573017908,0.348836031587776,0.279211358321829,0.331200867443752,0.449440396019255,0.224884750720993,0.2863392978536,0.396854114573173,0.268601868321444,0.26402328562722,0.415902318054767,0.120592382321326,0.280924749990494,0.30903494429446
"56","FSG_415BR",2,2,35,232,1.99,1.97,1.48,5.44,0.453715237595923,0.254953174965639,0.227747858616321,0.409717745742558,0.396135767548853,0.602519655205077,0.203102629017528,0.301144805748386,0.46633636326731,0.182824406743269,0.412559663008934,0.467923337530731,0.0681733809207963,0.332459040417363,0.321954043201735,0.208024474388551,0.299920848360486,0.37101534324089,0.238011319218397,0.291943255600647,0.469163623380441,0.13643189879686,0.37419300788678,0.438440126978189,0.197743870642301,0.33942847763154,0.496466111558779,0.246178468960745,0.417572095327493,0.523984277221527,0.23620977253209,0.45700070768373,0.526016026534566,0.264826072690833,0.290808971535474,0.546642778488207,0.193594042448125,0.342677705951862,0.493500755119966,0.261910407830232,0.4223137459044,0.515675429463821,0.208445673345912,0.184999488236756,0.358161015338276,0.2009253430022,0.311595834506051,0.44707371518517,0.227012852786692,0.333127291848285,0.454351225317226,0.245893898210635,0.245190604300081,0.409289930899408,0.258311523354685,0.329004259747017,0.470387019152603,0.224285843270107,0.243541635109788,0.37138968581783,0.277100498129488,0.311112906701142,0.446117702664192,0.225115947486275,0.258672909018899,0.393377668221343,0.271423185912603,0.294522203307904,0.433174032742786,0.120917965689326,0.291638085098293,0.344809561833783
"57","NY2003",2,2,36,233,2.08,1.58,1.18,4.84,0.474235022210814,0.204480211393762,0.18158275214004,0.362703325288421,0.373753556839961,0.549523480464139,0.186299525979124,0.281680732144486,0.437834286235555,0.162248619565659,0.403977388962023,0.428126604169186,0.0688226029372827,0.345258800082066,0.303183856502242,0.18662192731504,0.310326176884256,0.365351591586002,0.18954193641753,0.348223351816199,0.407324662853133,0.1054389862945,0.417259225863264,0.37688491828088,0.183524002777459,0.332643544069039,0.433498751140426,0.246126177363015,0.414150500625782,0.5083657957864,0.227872362003233,0.44347266750302,0.505967730694173,0.309660211155896,0.322589930215728,0.577551588239044,0.195026064838526,0.337949546997636,0.487139050139302,0.256874301219393,0.389286370456564,0.494527462208204,0.186201296593256,0.148146247313243,0.306382272521238,0.181849074076457,0.278804110692656,0.397758061225554,0.220751783741371,0.337273029183445,0.430827348582341,0.237658875837047,0.193308206737987,0.356011240476915,0.257134149174141,0.326848242447891,0.465783240659448,0.221545153107391,0.200862119523782,0.331811804405787,0.277795828914607,0.337943192165204,0.435680748726289,0.224987744316512,0.270382403187383,0.380088433323284,0.278064041221936,0.236937141416052,0.414316457558372,0.128624600579535,0.279195304437565,0.312449174406605
"58","NY0651",2,2,37,234,2.01,1.76,1.43,5.2,0.458275189732566,0.227775425350013,0.220053674203608,0.363999618020467,0.304253936778695,0.573413051615334,0.189509875183591,0.300648058960079,0.45809624684305,0.172785608035913,0.400799904059483,0.452249955027883,0.0837656646520743,0.320067557665817,0.300697558545092,0.212992204939187,0.285822140695602,0.373601956638892,0.240747934272087,0.304917427295854,0.473121511378274,0.130815620799033,0.401230865986097,0.431199466748055,0.204139969734675,0.345907483030361,0.477707971974487,0.234174527628429,0.391436691697956,0.516140488110138,0.225770016994413,0.434559270299443,0.517008284903462,0.30185459812744,0.30575861987307,0.582542832954438,0.198178255763627,0.333450309522094,0.496638445192782,0.251489932782191,0.395831939254059,0.505409657677139,0.174152469279349,0.154159026772529,0.288388092000409,0.196587536102347,0.300019066123131,0.436577146679014,0.227935902783981,0.32048486861223,0.445196424370736,0.233003395384819,0.231629974138504,0.382756856445952,0.260664971894421,0.327114324166597,0.473667634023981,0.214328047860789,0.221729983503487,0.344851268216467,0.277445040478216,0.301457961049049,0.425298088679423,0.22902828969419,0.270139093321984,0.38832857472202,0.282658878511426,0.238294769140239,0.416792131643654,0.152130654715566,0.300804720078076,0.337190640962267
"59","NY1517",2,2,38,235,2.21,1.48,1.18,4.88,0.50387471109899,0.191538425862511,0.18158275214004,0.371189294696016,0.299643846557329,0.573932697640124,0.200878634412453,0.282341500500068,0.459026017082283,0.170608642318418,0.413280416141992,0.439910055765425,0.0529283729009238,0.36403939154137,0.353284680090272,0.16980783510572,0.310459713948871,0.368794857077852,0.173239153673028,0.373335426313999,0.410257298115856,0.104134377828232,0.415156698717198,0.367597329729927,0.1804736621241,0.334788103978273,0.432529173008625,0.240149604093087,0.384687891113892,0.513126434084272,0.230067715717384,0.416747514171545,0.515985789138842,0.304111947877847,0.302648202520633,0.585780057672333,0.202381050702175,0.324872830214909,0.500926522719948,0.250417239997898,0.360820373538746,0.495684842347008,0.207090047827065,0.187709493939261,0.332465675308155,0.183759134823641,0.266977157689232,0.402536942475023,0.222355521566045,0.305979354338771,0.440397830268311,0.230242063234371,0.193511879140376,0.359208827203914,0.252536862835868,0.312313058055719,0.472170654652846,0.222300405521424,0.225917270811998,0.342954394734349,0.268407979227112,0.300397046864287,0.423379168239086,0.227701429395372,0.254918867154942,0.382727245857644,0.315097232155535,0.328784946236559,0.455217162133671,0.132394231015971,0.268385870185178,0.309802654093312
"60","SW3407",2,2,39,236,2.23,1.85,1.28,5.36,0.508434663235633,0.239423032328138,0.196971120965467,0.398933576596553,0.302734432213797,0.603023110540264,0.207162883687481,0.298901723454153,0.4609537549691,0.183660631313671,0.404836001678959,0.444178359417161,0.0809862253747558,0.32000307746417,0.335997098390926,0.223648917338699,0.304330281266841,0.380220510508643,0.275650345647906,0.313272599988946,0.494974453921876,0.170154243763365,0.335819445433142,0.452410971111586,0.238686763457074,0.417048204483929,0.493823903321817,0.269768480118341,0.447292188151857,0.524536008552357,0.266311972957744,0.474354004042375,0.531442535545024,0.27266002836734,0.270236128871839,0.546306656720659,0.23590763141329,0.36527046676598,0.506264423512679,0.275541671788053,0.417245069119093,0.506220466896519,0.218316920728632,0.191258937579506,0.359658288371277,0.230750741904718,0.353876968118454,0.45499220421821,0.257443543643385,0.372124897947888,0.466785808183542,0.251138540062307,0.234156052734484,0.386991927825261,0.279258871509292,0.352671154033753,0.480115240789516,0.240824443511284,0.254547489493882,0.365082278121977,0.274735058741375,0.299653161512744,0.414277025946855,0.210604277206325,0.241526974237255,0.350736581236856,0.273134378789893,0.285951915600109,0.417139524620137,0.104784311668655,0.242740915370673,0.289601505760675
"61","ALFABAR",2,2,40,237,2.2,1.84,1.29,5.33,0.501594735030669,0.238128853775013,0.19850995784801,0.384234093590938,0.248399813222869,0.601307189542484,0.181061070018006,0.279488835499066,0.440454108740554,0.167712001146459,0.378167541616189,0.428305439643439,0.0725183715245598,0.347757554441807,0.345999443125531,0.203016823348714,0.29396639985108,0.374159737734756,0.238117682094494,0.29003917884097,0.461010451784848,0.14066038083637,0.380972754761682,0.421596293525359,0.210391503476052,0.372975796102307,0.486442385173247,0.244641276843391,0.404239544221944,0.525399718397997,0.24663731858111,0.457743847083128,0.532113257990035,0.124301483687813,0.269762223497163,0.372900003374844,0.222376460921899,0.346791687993277,0.50635833127966,0.26832606453573,0.409131911484011,0.509889788815058,0.206378806455942,0.165929581377667,0.333829451243585,0.192302136607031,0.289893777819474,0.441444520391889,0.224467191847351,0.327222660412083,0.453387161498333,0.230302310129022,0.210855380611079,0.379513160815194,0.269569191961032,0.331391408968231,0.485442460898124,0.220653099133111,0.216337834568856,0.368888497018393,0.275498169687531,0.329089727914616,0.440314512729945,0.210926950178229,0.283171185869585,0.386870370698777,0.259429216175504,0.247161591324633,0.417170628165521,0.104005803160056,0.28847604985314,0.336861665475907
"62","SW5210",2,2,41,238,1.99,1.76,1.24,5,0.453715237595923,0.227775425350013,0.190815773435296,0.384399988103997,0.29768014317734,0.579469508633988,0.213099581105469,0.303135331839262,0.459978846310308,0.187320840818789,0.416706455556877,0.440053082343185,0.0916606487530269,0.323268853131686,0.345385855388493,0.227568749175122,0.318923446041838,0.383190586198777,0.275828817135584,0.323747259630442,0.485889322844703,0.169007168205835,0.340221875617266,0.43807889248486,0.235601833078646,0.4021867072552,0.494687677201779,0.271475325113632,0.434971579057155,0.524507326866917,0.259388200286849,0.467487483737571,0.528309694730973,0.0634438071713451,0.358057598039216,0.427273669129488,0.2357837250537,0.384000180144923,0.496820131505794,0.28623859280378,0.409388082871077,0.505463828938384,0.216160485178786,0.171946454942902,0.340514833823164,0.223984734906703,0.338747939367134,0.453782406104388,0.250610329247185,0.346726444988722,0.454658972975217,0.256278419775484,0.243315170794357,0.391672388391373,0.285714936064421,0.350335444485942,0.47391263256624,0.241086612862651,0.238456060390258,0.364978383066974,0.295473223515064,0.300387499913117,0.417883555407275,0.230953550091315,0.280875229802503,0.379922207049838,0.284746298790326,0.252644641993989,0.40749637475569,0.150513019402553,0.297539751194595,0.332471757085187
"63","SEEDWAY_9558_SBR",2,2,42,239,1.56,1.35,1.07,3.97,0.355676266658111,0.174714104671885,0.16465554643207,0.31545867662063,0.313591998529584,0.521881906296127,0.190505693091534,0.302491361059136,0.464482481618032,0.205965734564368,0.390817293278167,0.435672183246387,0.0863199114159421,0.337889006125619,0.333372900729799,0.188459915738109,0.322697088877834,0.362602858268043,0.200536303900668,0.335451631325878,0.411364013190619,0.112101633747146,0.388940093365722,0.364072422223437,0.176515114555724,0.305501562944018,0.435926923019398,0.238206661822218,0.383955986649979,0.516521563412599,0.236078052749456,0.436312181452968,0.519605841607514,0.0545771666342208,0.372826748169147,0.449898269548783,0.210704398823438,0.345438475099998,0.488920115258479,0.254941159868989,0.372660676429094,0.494853475570041,0.20662869000002,0.196036028132357,0.345744615519586,0.190473118064599,0.27361243274556,0.415762519787288,0.225560194982272,0.308809138334233,0.432111890627811,0.241533653056718,0.227220711593579,0.383815393014247,0.270838257553174,0.336060559250127,0.476108778783927,0.234067565689836,0.264919527132887,0.382058209347769,0.263467850305674,0.26269318606633,0.377678737529167,0.20335699059683,0.206923454338021,0.331884942098636,0.281096276977703,0.306307400379507,0.411472064094455,0.119224526662952,0.240883430295195,0.27599173606094
"64","WL_349HQ",2,2,43,240,1.91,1.88,1.2,4.99,0.435475429049354,0.243305567987514,0.184660425905125,0.370612609991217,0.298387498455248,0.585506619066349,0.176897274593135,0.282137290577188,0.440962173187237,0.176538688650507,0.368821435515472,0.406309806912849,0.122021343219361,0.274142706409918,0.331577566751663,0.253547430131838,0.310714119508563,0.40488851658807,0.300762198042425,0.32122785854001,0.522234565629442,0.179080875529115,0.346504757610991,0.470084790673026,0.228689283962624,0.402647506491181,0.51892410541081,0.263942566778908,0.460500886524823,0.528059553608678,0.261623735663021,0.493902024672428,0.5332652344113,0.0338101336915509,0.369528079616173,0.435567162989726,0.231345411950625,0.3881419604116,0.493260095104096,0.277223392715762,0.418511472782762,0.501188361862184,0.207611005877188,0.160663976254185,0.334156687283414,0.217995432378428,0.344023375672232,0.459316222244416,0.245986887689533,0.35590283255151,0.453671800406825,0.24725776885092,0.23207209094464,0.397765348304564,0.278689483262308,0.355441615452151,0.486075504828797,0.234378033407646,0.23264899180011,0.364181680205039,0.273905363510506,0.315332659118238,0.413047278464736,0.200408734507169,0.262508054171322,0.35939243469471,0.242992434978852,0.261781308450497,0.407023306643129,0.0958918731835598,0.263226611911733,0.301358987033727
"65","ALGONQUIN",2,2,44,241,1.64,1.5,1.23,4.36,0.373916075204681,0.194126782968761,0.189276936552754,0.293244111932212,0.312825425143983,0.49689700879552,0.171129338271035,0.300371391419985,0.461323624750735,0.192551446327448,0.386972926785393,0.439766144990106,0.0986562209853101,0.312373164512442,0.326037251971043,0.188168508280762,0.286568705177631,0.355835457861792,0.175270744728393,0.386959653180792,0.393197351148292,0.08677459542703,0.422046893249703,0.356321993635426,0.134157047831756,0.280437102118511,0.413868843507616,0.223923200885935,0.369994394034209,0.517884856070088,0.227116738548167,0.416827575361169,0.527204220368424,0.0416557988190784,0.344053419560595,0.415191353649894,0.203839545184275,0.361094339359544,0.505942312921376,0.254558625299773,0.369334964975947,0.508860228583412,0.216891271295915,0.185511105262388,0.375465485224664,0.178548345326197,0.276807735321667,0.423963354613509,0.22654399494629,0.328742026097666,0.452243624337526,0.236767929730447,0.21127547217352,0.404064349280672,0.263133447918321,0.330454743513567,0.482440879382056,0.225948544951933,0.229566922554462,0.381736602687052,0.265660731137978,0.321604506076725,0.428230034241446,0.213587010678561,0.284555853091915,0.388353402259306,0.252346930484599,0.282521909085177,0.432894310993422,0.0875204449660023,0.281969611812336,0.322050138921966
"66","PLUSS_III",2,2,45,242,1.84,1.93,1.11,4.88,0.419515596571105,0.249776460753139,0.170810893962241,0.374083601835788,0.313811040582965,0.590584619771815,0.163531829871082,0.315694762753586,0.42679074264752,0.177306016545805,0.382193589974216,0.390284523595371,0.132505951517658,0.272276737301797,0.330284738708637,0.23543996786348,0.308823400140647,0.39751502130388,0.293993186829048,0.315282606253395,0.517723391059587,0.173430546761578,0.349742241870855,0.462603461249059,0.20711087207218,0.341499977565397,0.506215880707737,0.264567943983436,0.450893695244055,0.530351089904047,0.270797732348139,0.470797109219189,0.542885634020287,0.0731578178533244,0.380713015211452,0.438628698929921,0.234565381878894,0.387925979286333,0.506060864564969,0.279040640918482,0.399601529612134,0.506561214414748,0.205183803283302,0.153870099866942,0.336762585720343,0.225902239612204,0.352013873066505,0.463782599695912,0.25202462808569,0.352509022531031,0.460540058913474,0.252483985715535,0.222569216113641,0.403946521306969,0.280863789531655,0.350649216905125,0.486149887272663,0.240662458358495,0.235598872317289,0.376676018806769,0.287413230464312,0.312659604784842,0.423453823216632,0.226973084087542,0.274819177930778,0.366210750135984,0.248667421210602,0.255961369313948,0.408446741724469,0.0777958908118918,0.255350140056022,0.291752284624257
"67","SW4602Z",2,2,46,243,1.86,1.84,1.17,4.87,0.424075548707748,0.238128853775013,0.180043915257497,0.369449381858395,0.383328012939199,0.570844866070031,0.171743103470395,0.303362524438922,0.433915306346353,0.187837541277815,0.419482835895982,0.410757940246539,0.111733990390894,0.299764061080336,0.345178053284094,0.185830215867442,0.300297563528583,0.370502217800439,0.235462858792344,0.331972280317825,0.449521923202999,0.152854851078589,0.358210144338723,0.421055524396343,0.179835221199197,0.322145074163608,0.459606947801952,0.254401400030227,0.446336436170213,0.512791119107217,0.256581630683449,0.455228661369761,0.528505424681721,0.0592704708888463,0.36409417080085,0.409236504842901,0.212208844326707,0.381934259526716,0.482085363846156,0.2662571922566,0.420131467475069,0.491046330036439,0.188906877451049,0.163956953400301,0.313417701159509,0.210173877096057,0.33447999082674,0.421773685550775,0.237282273275877,0.333816679812362,0.430747505777187,0.243266519895795,0.209240987846147,0.387313938961271,0.275799948891624,0.356976156815816,0.482993391486169,0.234329253970835,0.23329633171536,0.352670785828456,0.275398521825483,0.302750803041014,0.411479632966406,0.228798479865671,0.261395071142717,0.360653318909716,0.272687022691465,0.284807084123972,0.408777777777778,0.0928844471118789,0.260265668767507,0.278604640385566
"68","NY0465",2,2,47,244,2.04,1.97,1.59,5.6,0.46511511793753,0.254953174965639,0.244675064324291,0.350194763908877,0.30964794013117,0.571031768386343,0.162182213508854,0.310390348497765,0.455426632664484,0.200615184175661,0.403158343428905,0.441933414097905,0.0899009302082752,0.338548609279287,0.363305049972156,0.157158022506835,0.294025347480764,0.361177039381153,0.20501618489939,0.367151182427246,0.428277543400699,0.116730005176649,0.422577335120588,0.406947431860927,0.150977781897168,0.296451892732684,0.456570497001241,0.21907595545201,0.378342328952858,0.507295447434293,0.227708563824923,0.369630217380427,0.531732252507273,0.0583437912056547,0.35723276965107,0.432699134404164,0.17875502720986,0.325077723645049,0.473697812995646,0.242477796391851,0.395543912062709,0.501057344830968,0.188564653764472,0.180759803921569,0.348761671335201,0.179027497433641,0.295872777606524,0.422667333812845,0.219760052171373,0.308377267632529,0.443081074349288,0.232552206076867,0.242741606614156,0.414077146528127,0.259954320717567,0.324595974376484,0.488643449419569,0.232753525926665,0.25024307274699,0.382031682729589,0.256899630786619,0.280048349060711,0.421089839382191,0.205991867061974,0.254870157891315,0.364377094823458,0.257299116219901,0.304405144694534,0.441177101065507,0.0731481891897134,0.264702967159715,0.269555242911644
"69","VERNAL",2,2,48,245,1.95,1.64,1.33,4.91,0.444595333322639,0.212245282712512,0.204665305378181,0.342199164337253,0.319367611693851,0.573707238114552,0.145365719569183,0.328199914133418,0.438676744303343,0.199327161846334,0.415398752773281,0.431335372069317,0.0767586300113228,0.379263606788007,0.388589349043055,0.138414615170683,0.312028546009394,0.36647400023597,0.170375229264316,0.415490994393373,0.398961576487783,0.0864210294559234,0.435963267921126,0.356301560559682,0.133806720564795,0.314228473998295,0.420616502894064,0.201687407018673,0.362963078848561,0.500212765957447,0.227239905957743,0.339014003113094,0.544397012359446,0.0793007751443427,0.377315438223482,0.425244064493267,0.172748635519586,0.329663812301414,0.48252345766439,0.226231778333607,0.377925256446651,0.484255032389896,0.195780586044073,0.179016981792717,0.360390697945845,0.167731360772355,0.301126255925018,0.41980485974294,0.210229192203843,0.306410671537493,0.454478115875849,0.211791780738751,0.196748240613397,0.390162273012007,0.241642271839765,0.306613338536078,0.480349364289663,0.211778797649049,0.191761968994976,0.356965453563894,0.253247782616082,0.292925085667021,0.449616670489536,0.220820847128176,0.301509750719703,0.411321593454988,0.251285501138654,0.258882584116176,0.432326881449257,0.0850884152222233,0.287340922441851,0.312499674525681
"70","NY1615",2,2,49,246,2.4,1.89,1.35,5.63,0.547194256397094,0.244599746540639,0.207742979143266,0.373159116531936,0.381528718235682,0.589336678296422,0.165637105417617,0.306630005202131,0.432469434397675,0.196633184390188,0.401913263776459,0.427493553996522,0.0839406046563867,0.353912043143117,0.387473695008646,0.160612117630227,0.341492538471085,0.394747714486639,0.243798379203241,0.320388195992459,0.462057319012791,0.139966958579002,0.385987851520903,0.420620389969824,0.202258903992239,0.282963410630614,0.48166472677351,0.231436066988138,0.40210706090947,0.511827023362536,0.266489926296067,0.365515358166599,0.555251370690456,0.0674609159094362,0.383555182674251,0.435905612916127,0.213306768876186,0.374280422136853,0.492983830172265,0.243982350037357,0.381228054023227,0.477368631031387,0.199284847135173,0.176431343370682,0.332581553454715,0.186564935856395,0.305985249478708,0.431979487272606,0.223229657030927,0.309280722874894,0.455084340016882,0.225999144029751,0.212846494148528,0.395936711181695,0.245535353505937,0.319558111447218,0.469668557513754,0.216776361748609,0.211729968465644,0.364199858945035,0.27048014126836,0.274381564040008,0.440585316012261,0.234643139094114,0.262326103790928,0.40174182908014,0.280806106666952,0.307956833322825,0.434834079398104,0.109407272890524,0.276844746948553,0.304911720344246
"71","NY1614",2,2,50,247,2.22,1.76,1.4,5.38,0.506154687167312,0.227775425350013,0.21543716355598,0.362199311037732,0.414522297458855,0.575078022015165,0.180921432946273,0.313196512685004,0.449519553100116,0.213329281763861,0.411718819077934,0.431133663230492,0.0840454811747674,0.357839620152994,0.365548667897652,0.149642415876023,0.32874124279733,0.379171848443394,0.22075881377776,0.337172000024564,0.444946205854719,0.114687836338325,0.402126797958158,0.398857392760008,0.191180794371083,0.295666382495027,0.463438626404032,0.220618821719042,0.371562630371297,0.509922037964122,0.264843993547061,0.34653929699842,0.556641314701236,0.0787355652773821,0.352573381762343,0.401823470351996,0.216701817740309,0.359251009459536,0.503634212305612,0.247052824798601,0.384554894164925,0.489725183391299,0.205273148653466,0.203710317460317,0.37921510270775,0.176509829783047,0.281137782066575,0.437896881240534,0.226088207453527,0.306484010682608,0.467678331742012,0.235242364137084,0.253443918349064,0.428196099428527,0.235308096757284,0.317989273052813,0.461470991852231,0.209624564848952,0.234828932353094,0.386259671601516,0.253835914915356,0.228883609104616,0.402331963778554,0.21697866425235,0.230481122204685,0.374982236488204,0.247392437766616,0.278044275774826,0.419960995150748,0.0821728932216759,0.264716309317845,0.276140014829461
"72","HI-GEST_360",2,2,51,248,1.92,1.87,1.25,5.03,0.437755405117675,0.242011389434389,0.192354610317839,0.38159099829116,0.505508977753689,0.587658795802289,0.192600625708539,0.301175846035181,0.440443557579107,0.232476760557582,0.413964643065464,0.433609578079897,0.100188798004574,0.318348720654181,0.338545531815118,0.191793827927711,0.32621915591131,0.389420322453876,0.292490332518897,0.329026563925939,0.498319459641639,0.169745491284407,0.341602305825804,0.444107308365885,0.251749818449133,0.323022085535917,0.503599803183888,0.259951034398335,0.419122731539424,0.516390279516062,0.310804381762685,0.407397225021981,0.566528990013796,0.10518075485421,0.326316661930473,0.38569787818509,0.261589351291797,0.400587979650791,0.512709269239678,0.285947063234722,0.399281105425084,0.499163335609449,0.222242061736831,0.162877130018674,0.349937266573296,0.217608342326339,0.331311493230998,0.472529064789127,0.26262495911231,0.363516404444629,0.491389984363541,0.251052659026267,0.223759147533657,0.41760697726384,0.265988217977961,0.362787790381252,0.477967818447394,0.202549792411116,0.197710037308888,0.352768241279179,0.290519475746761,0.304032258064516,0.451410986230721,0.261275138020468,0.323722593650062,0.43074630394817,0.203971215862838,0.286662253325768,0.401153142929197,0.0707697218981226,0.273041180273014,0.283164759116316
"73","VERNAL",3,3,16,313,1.88,1.85,1.38,5.11,0.42863550084439,0.239423032328138,0.212359489790894,0.306448709203466,0.24806352396671,0.528654600977224,0.200092720303569,0.370514424478619,0.495638149858099,0.154823676806864,0.379471427714817,0.460048719793728,0.0770348933398206,0.279368680207509,0.350928221811894,0.131943493644428,0.335344510425735,0.316398380176595,0.107296239055891,0.356726239667832,0.354016291392155,0.0898007190093648,0.333869769423403,0.3585172542785,0.129537579616318,0.325271286596831,0.455657176112454,0.166109834062582,0.296216233833959,0.492908974760117,0.18488032821069,0.313735654214292,0.510275096412973,0.171682314717275,0.276336346736762,0.460408970351426,0.208495642786482,0.301409012836879,0.524713088149881,0.290507391026261,0.377893585857039,0.561232277918976,0.208216698498368,0.206079454899036,0.368068897954409,0.160156457504393,0.284961214682577,0.414717572302712,0.171421837983356,0.288869746910762,0.413129505860213,0.209690754484395,0.221153846153846,0.398047176135411,0.245679868225492,0.39535316879654,0.484232822814034,0.199539465475484,0.232848695033569,0.366685280515219,0.241782244677984,0.353429113580916,0.440030999993049,0.214934284048394,0.325387459241225,0.412448377066299,0.208747110552698,0.295477166214825,0.453573965491877,0.0514848840643269,0.342305537599655,0.37016958819727
"74","ALGONQUIN",3,3,17,314,1.76,1.78,1.35,4.89,0.401275788024535,0.230363782456263,0.207742979143266,0.288375389904213,0.278395490390545,0.506565243111033,0.21597054375875,0.381332875706277,0.5051828724463,0.167981036912113,0.390563200815494,0.462367931882233,0.0915947050584539,0.266031243588616,0.350087634455875,0.140888345252557,0.275611193844626,0.323177406511128,0.1265866012838,0.334783810172989,0.365377695080538,0.0870872270822023,0.305517589582559,0.361599527534558,0.14645984081391,0.360744380131915,0.451852948654672,0.179568932890509,0.295579630788486,0.492315394242804,0.199334946971182,0.315832815080097,0.509421629388175,0.174557555036473,0.253181840339884,0.459873630844573,0.217174363476367,0.296900532691323,0.528878283508054,0.290116688991517,0.370538365339614,0.539820135697425,0.217961969757813,0.186952815428931,0.355359623342253,0.176047860146037,0.307805163532718,0.439578000259115,0.19568178984964,0.304208836675108,0.431903358379343,0.211413828998783,0.199107217941666,0.383850239807658,0.254554910509488,0.393903944330634,0.487543589243326,0.203008876678743,0.202906909890393,0.347824493782187,0.258734353134992,0.371343950619864,0.463267776465712,0.210786809470843,0.310908155845998,0.4019353656446,0.228089745055985,0.277687750368965,0.467702298123551,0.0613347224390156,0.317902074857092,0.349208968655335
"75","REGEN",3,3,18,315,2.33,2.01,1.53,5.86,0.531234423918845,0.26012988917814,0.235442043029035,0.33409840537528,0.267757810485745,0.559037254086457,0.229231890048491,0.39255519511274,0.50635794062904,0.149861894475657,0.40043982730707,0.460562901001379,0.0968596210710384,0.247545355960022,0.351399513467569,0.152852620539097,0.27316267151681,0.339127855158977,0.17747221245085,0.319113962528325,0.410743323323692,0.137548735591596,0.299327225246758,0.40367695876651,0.189262953746756,0.359556991370156,0.492620660773844,0.205601319305482,0.318454578639967,0.498760429703796,0.21832907688638,0.346639630378218,0.514364661741474,0.188633465756338,0.275727449796344,0.468361484086388,0.22013247350614,0.300871062823989,0.517449986489131,0.282861697247476,0.368682521049809,0.517344236450967,0.217579024632555,0.215245535714286,0.376580152894491,0.189257537860828,0.325860849390261,0.456313689750222,0.204235893868385,0.315663996014779,0.442999155907952,0.225367802235277,0.234515123200806,0.402485643195347,0.264669848591313,0.390685769371406,0.480356634227005,0.214967461889872,0.254819818699608,0.381313353966822,0.266090016183143,0.334126009670155,0.435497690537316,0.224244128766447,0.311941927208025,0.40442556763435,0.250476719118166,0.2945431161712,0.457144423360742,0.0791051378019735,0.32003663003663,0.362615562061929
"76","WL_349HQ",3,3,19,316,1.82,1.95,1.22,4.99,0.414955644434463,0.252364817859389,0.187738099670211,0.347957350381259,0.291893580543841,0.583616281717601,0.228937990935901,0.377240558058972,0.501898045120551,0.1488884332377,0.375858389743052,0.440717968139822,0.151647214653519,0.257439842902781,0.358279990621062,0.232108464270918,0.339807930962064,0.392663700988347,0.269797952040462,0.338233144808189,0.498052725631436,0.193717431621076,0.313529682618642,0.467987509009196,0.243693270717477,0.391556229333309,0.54973238579543,0.238134072567868,0.395397893199833,0.510454604714226,0.2448723076623,0.393871744833551,0.521446677103215,0.233188209091678,0.295524581988083,0.483069308044503,0.242525708946081,0.319695614012663,0.514460348558055,0.30195631520154,0.399043339355524,0.510858697982056,0.215627301661731,0.176104545985061,0.3410966678338,0.222157634154994,0.381948930555742,0.482146244994542,0.222224295482573,0.319762823972214,0.445500435883598,0.232987167295391,0.232925218632875,0.394083281715328,0.273550414484208,0.411959982610203,0.473641356951649,0.222231217601159,0.22218228157553,0.342275365890236,0.263018860278432,0.341616100534507,0.41962539358175,0.207828397487453,0.259489616769228,0.353268072378183,0.215658450090652,0.264881995670723,0.415582666078221,0.0590166735183099,0.290896026831785,0.314707946336429
"77","WL_349HQ",3,3,20,317,1.83,1.79,1.14,4.75,0.417235620502784,0.231657961009388,0.175427404609869,0.349028971428995,0.308519265386975,0.596028781594445,0.222764405580059,0.362285850184312,0.494393396043384,0.166760342006178,0.385099988007435,0.435764226179769,0.146371844982555,0.251305284445617,0.362039332923005,0.230963369568609,0.342771421464992,0.396838598018489,0.275332029779438,0.323706576272852,0.505023550290771,0.19646978850508,0.301971564990596,0.469052183671561,0.248807711125758,0.399179043089394,0.553874605524895,0.238814673611125,0.403446495619524,0.513940602836879,0.242949844933814,0.403135599618995,0.524469293048973,0.238993143656917,0.303990095434309,0.478825808705125,0.237823447762906,0.316297795302459,0.507542511042445,0.293990035420203,0.391174684345368,0.505520893938002,0.200249256090338,0.153428017040149,0.323684056956116,0.218703080411366,0.382998919586356,0.476620393488465,0.221632886053211,0.328028309947832,0.447092131003778,0.226346150765953,0.203048712362438,0.375351935646053,0.279470185110335,0.419783719548425,0.488256684491979,0.217081742049217,0.194730396866845,0.325350629894142,0.267452517658856,0.37383193972378,0.434970216374391,0.203841138863532,0.297888595293408,0.364688503076841,0.215410812544473,0.263541153111922,0.405124850003256,0.0551041192099438,0.301587005843061,0.330184797901061
"78","SW3407",3,3,21,318,2.27,1.97,1.16,5.4,0.517554567508918,0.254953174965639,0.178505078374955,0.368676624885165,0.372788249565292,0.601154337748634,0.242774279105103,0.395352378984093,0.496707053484547,0.191559701662637,0.398509024404869,0.451147838340229,0.12056224226851,0.251132067176646,0.348793634045546,0.213799303127289,0.318103573353231,0.374572892053227,0.277831846874672,0.336876777018355,0.505487494089399,0.192558554754158,0.307701292161345,0.460535030201404,0.252594708640131,0.39820852215791,0.551014642317644,0.246403148813,0.406739935335836,0.50966598873592,0.249130867946534,0.407467278562902,0.523777315519719,0.248496241753708,0.320700744153083,0.47980908929837,0.241215212504437,0.327129980774188,0.505487587082988,0.29811797600496,0.411673846568738,0.515767115355413,0.223745796876333,0.184982347105509,0.35188054388422,0.226467599370324,0.384386098937183,0.468362528424448,0.232838679144501,0.352915161830434,0.450222784950254,0.24168902458398,0.231880012076545,0.381787025433811,0.290378482173617,0.439392839722954,0.486417065001788,0.230810679254467,0.242024342693763,0.357129819912899,0.291052309910718,0.365896669557857,0.438767029284622,0.233891805461404,0.335490136965247,0.381295288088102,0.24151054659161,0.247404535233172,0.404634007944014,0.087679202616962,0.300249819384768,0.352088926068165
"79","N-R-GEE",3,3,22,319,1.77,1.79,1.14,4.7,0.403555764092857,0.231657961009388,0.175427404609869,0.336289942578798,0.320917035651648,0.582520564888153,0.204542045819581,0.340560888386975,0.46485079758737,0.138602554582418,0.390664961636829,0.425325077399381,0.119955577049494,0.266852926521879,0.349712183827193,0.194302477691279,0.322055850293704,0.362629529659965,0.234662496670475,0.30092368161455,0.466579561736004,0.142466812707217,0.283478636560921,0.420624536327789,0.216658101799073,0.362413674754529,0.529349240457218,0.210317399016024,0.345848326032541,0.495898779724656,0.215568601439196,0.354953571658339,0.507483433767236,0.214557579209721,0.301609403825943,0.455648024104972,0.211551789478576,0.30161323955944,0.493291912317618,0.264613807459718,0.40673375284523,0.500354951975585,0.20769524325389,0.180785922124256,0.353554561272682,0.189824280520524,0.315838467231656,0.453114217510502,0.199655704469101,0.30059432382692,0.427873441543166,0.219222230495779,0.224759005154802,0.374866545583073,0.261976189560379,0.393906922872862,0.474030606824387,0.213527689620679,0.22202734201025,0.335720578250132,0.259655052807494,0.365591397849462,0.435843002602686,0.206434078040397,0.303724839951054,0.368643293313708,0.242317784061214,0.254149061775248,0.411703563145688,0.0799436988141342,0.258128699443578,0.295299694538449
"80","NY0651",3,3,23,320,1.94,1.79,1.27,4.99,0.442315357254317,0.231657961009388,0.195432284082924,0.306220739470719,0.325872388155926,0.558186083601544,0.215588265124814,0.36504676530252,0.481137031009154,0.175226942644148,0.401250074953529,0.440230407147569,0.111229790967545,0.260400949617515,0.352796096016882,0.179469390038632,0.317854070803797,0.3592318534179,0.214541849476882,0.312471856335345,0.449642731278211,0.120160064386335,0.294805262431622,0.394786516385867,0.204779233421165,0.357835060797774,0.507856149324718,0.211083899453593,0.342126746975386,0.497814325198164,0.210762530749853,0.344575463479231,0.511367147569928,0.197514812302745,0.27394947436806,0.444169324356249,0.204008195262383,0.313837304286517,0.492018958700223,0.254603679289939,0.396824067577525,0.499842322461882,0.205241746223558,0.169047243058297,0.349822198827331,0.186241602751299,0.311369481338522,0.452123177819772,0.203239509798369,0.307025613350492,0.445041720287268,0.209512726327081,0.219455543773819,0.368995741077084,0.247198172436258,0.37961013744327,0.470829137425671,0.207037915280178,0.214378471695191,0.332926120639827,0.273464371154419,0.368933801808565,0.439780080766798,0.226707221379113,0.310156461338429,0.392610743154998,0.242457392985486,0.251440640564908,0.409211693251792,0.0738038395784564,0.271811002619671,0.328927585933159
"81","SW4107",3,3,24,321,1.89,1.91,1.15,4.96,0.430915476912711,0.247188103646889,0.176966241492412,0.345058430525551,0.351975493638686,0.586471802537014,0.219741771844852,0.366118006271459,0.45645371016215,0.156453673646516,0.386001170799528,0.414091365048585,0.136105860645211,0.237523374073097,0.360695946540051,0.217239482632175,0.327114229130471,0.380254870935716,0.269648450868059,0.422748853092764,0.512673921307005,0.165282714546828,0.288290265682715,0.443258535093478,0.239769546599153,0.405166240409207,0.533261991295374,0.239576150418792,0.394416588443888,0.49730274822695,0.23231783360057,0.392579328486772,0.511573416825717,0.220786640546559,0.31290033995348,0.451049254913989,0.222267814661522,0.320611746733382,0.491389700362781,0.269684807694993,0.415518123252953,0.498832915192946,0.207477097345065,0.161431182465529,0.333666564314018,0.212311560887369,0.363849314313711,0.465943974612705,0.219718659326491,0.326924183929041,0.441836799645758,0.22145802175292,0.233413915423719,0.372923579688286,0.258380715544281,0.380871719832212,0.457438168633954,0.220356108277508,0.234417533491739,0.337507507711182,0.270707722499518,0.336475325607237,0.422825424360542,0.218760142896843,0.277919807054567,0.359734700030148,0.235793869413051,0.23981506000042,0.389127209297438,0.0857032741762526,0.248390385565991,0.313608605206789
"82","HI-GEST_360",3,3,25,322,1.7,1.83,1.21,4.75,0.387595931614608,0.236834675221888,0.186199262787668,0.326099906659715,0.326544510417332,0.56415681767823,0.213193591109807,0.368057188926117,0.460522604615844,0.15954597988682,0.383875996881933,0.438908676620495,0.115686695263872,0.256295758961283,0.36668439872212,0.194150008892154,0.311348479666708,0.372276458151971,0.248936694830368,0.401732249292465,0.48239049171195,0.15651414362667,0.277284074732172,0.432168890343631,0.233189110686753,0.37607007490972,0.525318590145343,0.236946217875093,0.374197173550271,0.511918674384647,0.231589896646314,0.383036689201747,0.526268469473097,0.231543823607648,0.277081118592015,0.463763583746752,0.218049487492374,0.31954844457925,0.501155112383336,0.272095950278164,0.401715270691556,0.518918998406719,0.205546369007801,0.164906932198681,0.346247751897179,0.20914522980161,0.369490869181272,0.469632042077863,0.221131569074687,0.338628834737847,0.457239403877288,0.224461485077304,0.212214744902066,0.379071575801479,0.250234539234337,0.380222417325139,0.473702337983286,0.21413775524602,0.209853734337426,0.3334909858482,0.276502566795871,0.383327599029686,0.448022012775333,0.219208045704875,0.300880904668168,0.386994981290677,0.231750523626327,0.235600949919089,0.396202845554084,0.0707914428853901,0.254726288705527,0.310121170640202
"83","LIGHTNING_BOLT",3,3,26,323,1.86,1.9,1.29,5.05,0.424075548707748,0.245893925093764,0.19850995784801,0.322022795977431,0.283245980351382,0.564877514495577,0.209336547308285,0.371538549543665,0.464991407190896,0.167134865344147,0.398744110916678,0.442289526031618,0.123418057534205,0.250589993845072,0.368979307717108,0.196396361997901,0.314413196632109,0.369424111092019,0.24193116099015,0.394081235514702,0.475415862137735,0.147156117381196,0.271050800967939,0.432431257601251,0.20936982456396,0.355074212906665,0.517310767925058,0.215590424215964,0.34383171271782,0.497234106735984,0.212620786954422,0.363668375115267,0.514862216122322,0.220652575454936,0.308925695882218,0.459941271194468,0.196900338001799,0.300655820699894,0.486971794895687,0.253667079640598,0.409127567918279,0.502739615789884,0.197628918306605,0.193452354842011,0.363832083168838,0.196161517436541,0.349412127870132,0.457481486189166,0.207726163113898,0.306000525827833,0.440729793681763,0.220393183158955,0.233245792164859,0.390934181448717,0.253981869320592,0.39173551312946,0.467275003407586,0.212066646582954,0.246077153155917,0.354455637612051,0.261879507119083,0.329712251757123,0.422352622263327,0.219059666544952,0.268561835346137,0.373861686972045,0.226388310501695,0.233284840818048,0.399419776512756,0.0799715390433728,0.25976032041776,0.321538715033525
"84","WL_358LH",3,3,27,324,1.54,1.74,1.11,4.39,0.351116314521468,0.225187068243763,0.170810893962241,0.274402765902829,0.338855923724066,0.503048666118397,0.205283127343399,0.362206525122126,0.453234820498248,0.15020423069778,0.387365383462253,0.417683036517359,0.127699693557119,0.267440868724171,0.370373252439989,0.197140741373183,0.335058605894789,0.372451861294201,0.229178596404002,0.388284574713067,0.44716889887806,0.145342777491263,0.290851148585845,0.409842455107126,0.213129515868584,0.361078132927448,0.498467185961142,0.228538335421693,0.379264705882353,0.493217433249896,0.220402949247845,0.3766500557569,0.507650020908837,0.227777460986603,0.285266507205292,0.441534963382944,0.203345821981604,0.310920804028992,0.484665535566466,0.253577621291679,0.396017954292597,0.495514488981433,0.173077583475753,0.151184951236274,0.300385284613473,0.205248957925321,0.363029379747646,0.440475073602009,0.216588842158901,0.307986356151494,0.43347641385418,0.23003409065287,0.209578342134641,0.368557460464107,0.265111572045912,0.416812309473203,0.464859770321718,0.212944973709812,0.213331649094947,0.322892859881893,0.266465519174819,0.358471304154416,0.423180661842901,0.217985074273195,0.27404233686239,0.370082817570803,0.221630258022396,0.212571296471429,0.389690855977975,0.0812271517734725,0.2431330634278,0.293831610700961
"85","SW4602Z",3,3,28,325,1.78,1.71,1.19,4.68,0.405835740161178,0.221304532584387,0.183121589022583,0.293617015797311,0.341182367306586,0.50930408059183,0.226012166849872,0.407363974132341,0.476597313136244,0.192235731879072,0.415108039794988,0.446875276311738,0.116577652400612,0.245858465957384,0.35915105952695,0.177104083970895,0.312717175477786,0.35998541821792,0.20271068639329,0.36801366960815,0.412353463151625,0.134175516873202,0.289678132917817,0.391022892954412,0.191011281068029,0.356715163995583,0.478487181782911,0.209916842844235,0.365599316854401,0.480556033583646,0.215710432714268,0.383992622933242,0.498242656887764,0.218150486779351,0.304215363010475,0.43441468911773,0.198765873703373,0.301231818563003,0.471560862583589,0.242496041759751,0.403742548277952,0.485679650756872,0.171699429429219,0.156954862481906,0.288986562559401,0.191434068259992,0.33782316754453,0.416240988686809,0.211104174181812,0.301084035590242,0.420960604425256,0.226588754300254,0.198561672532261,0.352173481928384,0.258531096727398,0.422621012584138,0.466950866582122,0.219373728821322,0.213745340148484,0.32236036987078,0.263043321000058,0.338578927751595,0.415778757763542,0.234011747857797,0.295918944002081,0.386839986522194,0.249610853371354,0.252925834856987,0.421133598133787,0.124328096579229,0.274684616493656,0.32729509083045
"86","SEEDWAY_9558_SBR",3,3,29,326,1.77,1.54,1.29,4.6,0.403555764092857,0.199303497181261,0.19850995784801,0.282788619313805,0.336640388631378,0.501246528620726,0.219866136736919,0.378539505393725,0.478331112857967,0.190929557401379,0.369093212208431,0.451439707381424,0.101797344109649,0.259482253289956,0.372969459831765,0.156460886547984,0.304555040832401,0.354809984247399,0.166612329259583,0.317521938308678,0.374597004476705,0.0920373677072472,0.307623886862641,0.362377126261209,0.163154961404297,0.311711760218962,0.454473310300474,0.191190558723161,0.315467511472674,0.474230809345015,0.201524109486719,0.327997949772326,0.491803154911254,0.206733082563772,0.2789274746043,0.4293944897236,0.182869092127061,0.31313673586854,0.464197462004042,0.232895270550469,0.363604733001527,0.484914644542865,0.194601072570883,0.191300317293211,0.344187685514176,0.174528767702817,0.283871145481053,0.410684316257072,0.20331939792094,0.28260506178477,0.440399767528748,0.216512850874767,0.20846283328609,0.370495217897975,0.234919467457432,0.376763502747699,0.478409390953728,0.212580326597928,0.273408673814353,0.373595261859533,0.250360685255948,0.298770947584989,0.413691605674528,0.223962455084148,0.260474183442848,0.387246553865575,0.222886975380525,0.274735304625602,0.419549629069205,0.0894765918217257,0.235624294966856,0.302181071523632
"87","PERSIST_III",3,3,30,327,2.15,1.88,1.28,5.3,0.490194854689063,0.243305567987514,0.196971120965467,0.355363378780127,0.318598312409393,0.571698637544406,0.22352159015739,0.380561780854678,0.488722593274705,0.182618980711102,0.382948953799674,0.432995318646146,0.102588240760163,0.246305870629268,0.380696093085964,0.162869140788574,0.307428047695872,0.370464005749979,0.191200086122711,0.334532642034131,0.414456032785927,0.121941290344549,0.276080096133329,0.403582935145016,0.1951811192812,0.356702032411138,0.496084847942221,0.203299867393103,0.345756935753025,0.493689377346683,0.219010692758964,0.347386931440458,0.50998334441323,0.220474764533383,0.305210865881511,0.45912408978621,0.202030497120294,0.312509241530966,0.491671563888204,0.246062412403559,0.4061860142287,0.503187040042462,0.202554020032912,0.180425494582621,0.351920135690369,0.19015973175798,0.319244635653304,0.44667536339363,0.217942324119586,0.304119722695006,0.463670278273624,0.224561500326518,0.218732121797496,0.385369042494742,0.242768424116366,0.372461809907622,0.478771477344054,0.224504100694709,0.230037777822994,0.35948872957846,0.25930739169008,0.34551156325908,0.432872326666277,0.225025960660492,0.290900589358445,0.397372773649707,0.218819138166093,0.233219692177946,0.406753320683112,0.0665407466395107,0.244740230934003,0.311720090751233
"88","LANDER",3,3,31,328,2.04,1.79,1.45,5.28,0.46511511793753,0.231657961009388,0.223131347968693,0.326910047749054,0.301684624561693,0.554060086653572,0.201561814934415,0.360236268420412,0.481882520245692,0.178688114011448,0.394381933201415,0.418031420519278,0.113585028752759,0.241476156979982,0.378938714499253,0.181519100020425,0.288065819682303,0.369340122652436,0.204468376386248,0.333313480796133,0.426948049449746,0.119655275579581,0.267872429117194,0.40225218351213,0.194138252676939,0.367466201092309,0.497783746679798,0.190391971452199,0.334318940342094,0.483632926574885,0.197798133504935,0.32378303417612,0.501607514314512,0.217651273137642,0.311741377273801,0.461442977793527,0.183035487126429,0.304418368825148,0.482175850072161,0.238904105167999,0.381494818435745,0.496506327072106,0.184555157877915,0.177913906800602,0.328790922782237,0.174595673095732,0.300330296924724,0.441143411112451,0.19816958088682,0.275932583336793,0.451578037001674,0.215472531662411,0.232103483311345,0.398058929681695,0.226150870790282,0.349970441256315,0.471644007135813,0.219910629751261,0.220891671169409,0.364353952503789,0.254987434577827,0.360656474350266,0.447851114153247,0.218214027415063,0.296716971986262,0.408412988348791,0.206423215794929,0.214751066557384,0.409769245318706,0.0808616480094483,0.261980852583949,0.318427435103596
"89","SW315_LH",3,3,32,329,1.77,1.3,1.13,4.2,0.403555764092857,0.168243211906259,0.173888567727326,0.287461655711891,0.358751632293239,0.507783688754071,0.225496101228791,0.401944858210843,0.487185357978197,0.194657396631599,0.432078311446903,0.424849343407088,0.113987211074241,0.241012339165861,0.371824056977051,0.156242291536738,0.278095593417071,0.349161329436637,0.132679641516786,0.32573981480199,0.333942760056695,0.0590410156195612,0.320923605266166,0.316119709675073,0.146133616829114,0.36340931185594,0.420560266822213,0.188650951996089,0.314122079682937,0.466893512724239,0.19516600608281,0.31152890065979,0.485913251556547,0.205865611953287,0.2402690454201,0.433091047409302,0.188829589496274,0.317780389629265,0.472797988031822,0.23644365850947,0.353713521406998,0.492352378541086,0.183999737220463,0.182481905513883,0.326959395242064,0.158648540705305,0.259389763005063,0.385717355316876,0.204093353237869,0.269587746222342,0.43505197090304,0.222507587168225,0.180919641360818,0.359109546952684,0.226565477630441,0.351822803195352,0.470145903479237,0.219038763633255,0.21018953720848,0.342036324887771,0.266195662984341,0.361146269922361,0.445430976360768,0.239984484003231,0.3058438111452,0.416122648034191,0.250661946578299,0.242812507428779,0.422628759479122,0.103870604096683,0.273575547866205,0.327180754654803
"90","NY1614",3,3,33,330,1.93,1.53,1.43,4.88,0.440035381185996,0.198009318628136,0.220053674203608,0.28897895093947,0.323038433275372,0.5340417594606,0.219810729509473,0.387864858001543,0.489910700857735,0.221003655417126,0.414319360758305,0.450986476117034,0.0982348470828629,0.255832527330813,0.379758638881562,0.146542209998858,0.293049493734527,0.361068280606628,0.160342842719397,0.309421490910154,0.390075578147435,0.0862335830911125,0.327944274388524,0.368154194580885,0.160052577948147,0.349738759368773,0.469642821914773,0.18364851364919,0.305471552982895,0.473775292031706,0.199813088978114,0.312214192275525,0.497181274259613,0.193032922762079,0.293053746264235,0.441667472879379,0.191505362404053,0.32502259576411,0.481789056506493,0.222322434385211,0.364384996580621,0.485310193832869,0.190227034815007,0.178890204851516,0.324956792560425,0.169638124812281,0.281410001533841,0.429242595496465,0.204200942850535,0.290651888137047,0.458590504656344,0.206563006350963,0.20381532302373,0.377345749650922,0.221394143073765,0.334830292979547,0.469877930608396,0.201762317066592,0.249271233917296,0.357142631063725,0.267763596203347,0.346992270853751,0.446914423337573,0.23911847374011,0.307991511346776,0.426767631984962,0.261199361209271,0.271828384086754,0.438057919845323,0.123337823861058,0.284090768660405,0.344612348615917
"91","NY1615",3,3,34,331,1.78,1.45,1.37,4.6,0.405835740161178,0.187655890203136,0.210820652908352,0.250942850228542,0.333553660243386,0.517387423589751,0.216138248388627,0.374024374791638,0.489371365586199,0.199927787279928,0.417254002518439,0.441072584997302,0.0944204818861267,0.296245054075442,0.396081655382631,0.142302025637591,0.31450340442731,0.385798045433818,0.158593312713356,0.335886405924725,0.40355234796706,0.090506988126445,0.340877469164666,0.364636132672465,0.170882351362646,0.347518433765573,0.470489672604358,0.193555744390497,0.315934631831456,0.474451397580309,0.206932570048863,0.324422393364929,0.495644282594554,0.203928344964202,0.277601354551482,0.440092622193805,0.199335731606048,0.350769337706078,0.477852552558245,0.231981584297926,0.360792864022613,0.481506838980302,0.209078351807364,0.218838589872937,0.360303841148689,0.174955959313567,0.293777670557856,0.430989088883826,0.204852285205628,0.291830157609974,0.445213306211687,0.21586698532765,0.224987034256858,0.385373941830882,0.216622667381784,0.334074594348519,0.458690469222515,0.213020487909803,0.288428168202147,0.390049506392595,0.252350110972308,0.282676142503372,0.4049682436938,0.217679198068365,0.248354702749354,0.380820372767738,0.240375818744651,0.273137676576007,0.410512966476913,0.0947233045965123,0.23349633065896,0.299971228310329
"92","PLUSS_III",3,3,35,332,1.8,1.76,1.08,4.64,0.41039569229782,0.227775425350013,0.166194383314613,0.321683663860779,0.334396035117105,0.56395614493004,0.20909704740071,0.367770261376399,0.482349004599644,0.199406150169599,0.39291899022606,0.436698147148768,0.138586756338045,0.255406811454029,0.386450364899323,0.213104996614422,0.321308533962108,0.381317479523455,0.244446302385221,0.382658603685759,0.473724231314825,0.148049599720077,0.294139975993093,0.426758519182074,0.226727966050277,0.393927102496223,0.509304975994975,0.219776929610185,0.366273466833542,0.494538355235711,0.230955259033316,0.358050938931898,0.510270849863824,0.232381062281969,0.311400747715418,0.468116049632704,0.217984575020789,0.386671915717023,0.495412050453002,0.259912731442424,0.395407232933606,0.506884994770048,0.210349819318161,0.179249095471522,0.347554563492063,0.209179442665777,0.348141000153384,0.460107339054707,0.228234346399716,0.328891471902805,0.461021351377531,0.229370752866852,0.214266866839543,0.390120393232172,0.230035932288244,0.352670422289183,0.465104452843864,0.22337710067561,0.217230696421695,0.346418944225524,0.270354088648684,0.371332304634012,0.445651312634235,0.22167400209877,0.292937275000443,0.391083840228886,0.227868705446805,0.21743137254902,0.377891208096142,0.0657151615774071,0.221547606572994,0.283448821147892
"93","NY0465",3,3,36,333,1.9,1.89,1.45,5.24,0.433195452981032,0.244599746540639,0.223131347968693,0.307944393767202,0.309752105724396,0.552325283058164,0.207186750483986,0.370302341402086,0.48858872490586,0.216438756663161,0.415505636505367,0.451225939917251,0.112375225372861,0.266078871010288,0.382296227908204,0.170100683189089,0.312595733325042,0.367325918210836,0.16944938802169,0.342528079192842,0.393251321825316,0.101103112846767,0.341911341618044,0.361929775229704,0.179245276223359,0.349992389649924,0.469131823201122,0.194014906090118,0.318463443888194,0.48252920317063,0.204849041179625,0.306158233435554,0.499833745702072,0.203624767588441,0.286350584919958,0.457147212749834,0.180376123096983,0.322983651996613,0.481346481147079,0.229217708017847,0.372001984568446,0.494928737113732,0.194941404622744,0.210759366246499,0.372069911297852,0.170241613245861,0.2676538345269,0.424566317755172,0.207092334641992,0.301988182711334,0.448222425173316,0.21028970213877,0.222368722417742,0.404008993910955,0.210326517034178,0.347125110723078,0.46515985511979,0.214947763724947,0.276023328352056,0.393128249416527,0.255900745233561,0.316749205885828,0.427436036449319,0.227204192859018,0.32535046001786,0.413920666916819,0.258639828349848,0.294984132988672,0.435993527100015,0.0921982051537012,0.280121677630328,0.33519943724096
"94","ONEIDA_ULTRA",3,3,37,334,1.76,1.79,1.31,4.86,0.401275788024535,0.231657961009388,0.201587631613095,0.322157216193646,0.297707117527242,0.555344528315853,0.198848153296902,0.362978832288295,0.484405619955492,0.202900741786533,0.385376078730501,0.428068978926429,0.11417991623201,0.243602831267036,0.381870072393681,0.187317397819242,0.300105743774303,0.357899887275585,0.17605094753943,0.333166147761955,0.399254650184534,0.097386987485521,0.319708426600437,0.369781458367938,0.179318353492347,0.357374553177488,0.467859589297199,0.193347709556221,0.320259569253233,0.482499869628703,0.205530736301175,0.306864818110985,0.500837497230026,0.198983299568353,0.258504944146333,0.44628080951256,0.167353812757917,0.291257511705939,0.479243837399607,0.2269376625122,0.364893485930989,0.49289671492555,0.198725037674749,0.196464023109244,0.364878764005602,0.171979273853447,0.293334120189209,0.43935505055549,0.205875058840846,0.317125520638742,0.449363333194958,0.20434133955866,0.19823203955864,0.384172904571431,0.199564605925717,0.322125191038273,0.456817611289955,0.210784322407904,0.214548041438798,0.344676476993811,0.259587806129508,0.353055688776751,0.44900031973087,0.225582926357858,0.324882157867669,0.418392712526675,0.230830661552357,0.271594056700923,0.409976672340962,0.0742588943155066,0.261237055908336,0.320495582848524
"95","GUARDSMAN_II",3,3,38,335,2.13,2.13,1.33,5.59,0.485634902552421,0.275660031815641,0.204665305378181,0.364931510382481,0.316496069586295,0.583413158589731,0.203182470600738,0.347737566043644,0.478207631600358,0.191833949621533,0.395507361706928,0.417516715907324,0.119644578213928,0.22940751487441,0.386961956681028,0.209394442107436,0.301497274385441,0.372618973593666,0.212575370441982,0.344546894861922,0.436916846287528,0.133779999084261,0.29920811944517,0.405153617181712,0.213927240766543,0.386693737754446,0.50216060184562,0.215195773982189,0.355920160617438,0.486072303921569,0.226226752504034,0.35093764520026,0.504729471810598,0.213587131811841,0.285720375106564,0.447249455337691,0.182931597958441,0.29740637899386,0.477337302733544,0.242091054919531,0.382827571424197,0.487077170795439,0.206753767252731,0.170170547385621,0.341973330999066,0.18937521916561,0.323358008806925,0.444733789315833,0.214098858805585,0.318175930922828,0.448145073131582,0.207377808290828,0.20096782885919,0.374461580455848,0.203703505272115,0.321026761616753,0.45006822098657,0.212506044716523,0.234562827014045,0.353383085814363,0.266805992064927,0.351628481850558,0.442424258568165,0.232111720267344,0.327908516436421,0.413087540714205,0.236144474262483,0.266193178235925,0.40557699178278,0.0759178409568714,0.274659771997034,0.329296810636019
"96","SW4412Y",3,3,39,336,2,2.06,1.15,5.22,0.455995213664245,0.266600781943765,0.176966241492412,0.371638832420936,0.33527197358772,0.578568565347245,0.226119589479569,0.377186676163658,0.480437181460199,0.221950081469192,0.412091053546801,0.439484319721772,0.132023751184712,0.233745273894311,0.382770743573962,0.237534152645737,0.315344610945644,0.387447515926202,0.250996349002498,0.376583547633008,0.478698689270858,0.169585736444277,0.3463702968905,0.429900463704271,0.237992578349624,0.414389978213508,0.513810248604769,0.239820129991782,0.389177357113058,0.497511863788068,0.249836711302422,0.379931291236874,0.513065119412694,0.240930580614067,0.301428908912963,0.470022161475032,0.205512395774178,0.305169096320449,0.483461450967754,0.268414330190867,0.400147441604618,0.507716551706322,0.211168690706844,0.183647994619175,0.357206942433946,0.215872176838059,0.358986295209205,0.463318575702477,0.232280822273794,0.342750356317545,0.448797929898847,0.236469397163285,0.261052727355443,0.397523875514868,0.210924075323704,0.340142549562175,0.439158518236207,0.232006931991425,0.272591576702773,0.382159704897374,0.270521650666905,0.302331428849455,0.420357125480465,0.232223764558253,0.292118793854593,0.387097838230861,0.242174190216241,0.278406282943285,0.396038794012229,0.0944863126786155,0.279332158450425,0.329457997936017
"97","AMERISTAND_427_TQ",3,3,40,337,1.74,1.65,1.03,4.42,0.396715835887893,0.213539461265637,0.158500198901899,0.343336425682822,0.30741800895423,0.559563818488972,0.207432793211257,0.357547094375739,0.48207024575311,0.223686045395656,0.396748066198957,0.443874647718415,0.13866382133861,0.234342301943199,0.383161874615317,0.241309990380739,0.302460437134685,0.392588763835344,0.239193485597193,0.353871783388813,0.478824729797735,0.164278526949513,0.349737436836532,0.43419471491302,0.228430033599464,0.404317913282781,0.506354825683134,0.230176216472116,0.37799332498957,0.501020025031289,0.237421132168128,0.363036892482111,0.515252228488916,0.242649071513701,0.311724152221275,0.475120624940798,0.192528998642712,0.296790003820315,0.480677903982756,0.26609156166486,0.411707547242191,0.498135503059969,0.208565818269369,0.174352034624439,0.339437206649998,0.205639516014531,0.329161287056024,0.454515373400822,0.222671845154755,0.321257835526589,0.440402950170894,0.217970542153624,0.211470780792676,0.370981052353601,0.202733824406646,0.338155025996703,0.43499637929832,0.219512880627882,0.210813225274507,0.336886547410351,0.260815094772043,0.321845264160255,0.439665742227412,0.225010440491894,0.308398564731892,0.407963728150289,0.213217492720929,0.204950507534203,0.374790996784566,0.0669646030148081,0.258400192656248,0.306934103958325
"98","ONEIDA_VR",3,3,41,338,2.02,1.66,1.43,5.11,0.460555165800887,0.214833639818762,0.220053674203608,0.310584647841858,0.290630472964261,0.5358480645658,0.202001479235099,0.351408986958859,0.480627736382212,0.214890571792743,0.411568177729808,0.441122204233375,0.105078667829523,0.251504586887072,0.371860546909347,0.188494563855756,0.282046690199905,0.365247848366863,0.158656034274527,0.312922308865466,0.399094324175004,0.100969356931555,0.271882046406268,0.370077776738676,0.167885903426623,0.353252066835344,0.470696073488155,0.194294104840734,0.324778499165624,0.479999087400918,0.207322043072508,0.30620600432116,0.498030213270142,0.209846759724083,0.284900484290102,0.459669412945901,0.15849815997051,0.301930262049903,0.467975560497993,0.2278202718451,0.36479009094528,0.48842233926366,0.218119740421184,0.226799578891959,0.390634147767981,0.161089257521385,0.269467638198288,0.422595704948646,0.196758552943701,0.298045857722058,0.435796559978967,0.189016172865301,0.205981109559655,0.370413608955986,0.186058033440971,0.323459694989107,0.456745813416577,0.207477413577322,0.266449219460773,0.389885847735827,0.254231040531226,0.262859178135635,0.435273391644809,0.228992989408617,0.307277542310261,0.431068234348307,0.256511515380394,0.295105815102032,0.44298573019776,0.0950166559907295,0.293083894191161,0.363885825823542
"99","SEEDWAY_9558",3,3,42,339,1.65,1.55,1.23,4.44,0.376196051273002,0.200597675734386,0.189276936552754,0.278134311972648,0.290866322906613,0.515560963579711,0.193117402982938,0.355486542443064,0.475508464255267,0.200930035172019,0.40879502166284,0.450182175186977,0.100547068107755,0.295176587824966,0.392287874791172,0.173913526346621,0.300101994911889,0.373295172499379,0.138459535093218,0.332942284519176,0.386981968048188,0.0949365746482719,0.277907494852183,0.361066158344473,0.161641298786556,0.345738502402483,0.456815441549527,0.197997682323011,0.313721970171047,0.482688256153525,0.218235118329478,0.3114151530098,0.506649510697462,0.208276557133893,0.261255377083737,0.455654339030298,0.166634364673634,0.290863048409825,0.472133229701807,0.237096449706761,0.365644971957741,0.490900647671903,0.219863938537797,0.198994604553231,0.379264815545905,0.172964465203865,0.277334751018962,0.423839902787271,0.209843540101709,0.296802966775984,0.438026346741943,0.201673133141609,0.20497324612515,0.369533968147316,0.21544847124061,0.316749195200468,0.448998016453679,0.206909447504039,0.242716446277193,0.368481705299822,0.256325997063538,0.260740374581205,0.41559733317742,0.222686457257645,0.292527843951703,0.403728311677734,0.230784801787275,0.254808860307253,0.414122270558813,0.0643241523400374,0.248373136019114,0.31200916028176
"100","SW5606",3,3,43,340,1.88,1.81,1.27,4.96,0.42863550084439,0.234246318115638,0.195432284082924,0.325777788381042,0.331929750767702,0.534683336400384,0.233250834317652,0.40331592715044,0.491431399669135,0.223270008605423,0.442154164418061,0.451117257300474,0.127664473385595,0.268665992555468,0.38656965327237,0.218932361333447,0.327792718567342,0.393859465033371,0.230599126266857,0.358038792647588,0.486387823737909,0.17615620120652,0.367154194037195,0.438278514167584,0.231640131355548,0.439151672873574,0.502927267016646,0.246135208320474,0.400953144555695,0.500839330413016,0.264286558059975,0.393921626707555,0.516098062447728,0.242801232493566,0.287271143397118,0.46931785967399,0.200802037127011,0.300421011109972,0.478869776961949,0.269941014897532,0.402127784725472,0.501798770897429,0.238725471907913,0.214167361202497,0.381769238642511,0.227822824791322,0.378161117819562,0.451413314206683,0.249238002992382,0.361206498125009,0.442714793750951,0.240906548670814,0.219115669826738,0.378390428096993,0.260897268253251,0.368517298220023,0.465690152669119,0.246219849303342,0.267401725285218,0.376792524919572,0.280454274418607,0.263401415156633,0.396129518805041,0.243851230167158,0.288014565488541,0.383598574190002,0.232685233335259,0.261178578958465,0.391919671094244,0.0870455508526004,0.255991744066047,0.30458617131063
"101","55V50",3,3,44,341,1.93,1.91,1.2,5.05,0.440035381185996,0.247188103646889,0.184660425905125,0.352436821166132,0.322275175792082,0.560058111222526,0.202839391517822,0.378976834475556,0.477781960390656,0.206021403724402,0.43885837782863,0.435894617190889,0.113260107841794,0.255318590814502,0.368033646941587,0.197465075291466,0.307411371721684,0.36692611379995,0.196521433962966,0.328373648237873,0.439578612528632,0.158904806713292,0.316810318345862,0.420054686070378,0.210692114087399,0.420942937296684,0.498193362580953,0.229466391045662,0.386252346683354,0.496619472256988,0.25119901509971,0.365460744997963,0.51472010751074,0.235132474898683,0.295970927286642,0.468521149737404,0.183406589781133,0.291125918623976,0.469626958098741,0.263155215246142,0.402436818037991,0.495924942074696,0.22530169940275,0.185107250954073,0.366222309953064,0.204037849001247,0.330569293107993,0.422716178443733,0.228634545640023,0.326837145585122,0.427468969239072,0.227507331660379,0.208272722194291,0.375967543712642,0.247314520930122,0.351826352320671,0.47154102408174,0.231395280570809,0.229145066689576,0.344285058656231,0.269648534102998,0.270061548192478,0.417140528668043,0.240058780991363,0.33623957391217,0.41002429551863,0.230869005797073,0.254295021331148,0.412709370993842,0.0790003118235939,0.270089483757304,0.322031382688822
"102","EZRA",3,3,45,342,1.94,1.81,1.4,5.16,0.442315357254317,0.234246318115638,0.21543716355598,0.340377519668913,0.302488199218532,0.547660549060256,0.205315816601523,0.393088196259552,0.487991905792417,0.20299154468217,0.423271121904419,0.443502878215506,0.096366481760734,0.29966807350743,0.380224801430288,0.162106004149607,0.328968463706836,0.369619113501637,0.14815292591799,0.376886786659543,0.402798247391659,0.127900116042367,0.283382900020301,0.391579859051325,0.181114723849844,0.378054137941326,0.48030903990211,0.214375968961899,0.340458906967042,0.492584350229453,0.235005292554493,0.326055914162967,0.508698934185413,0.227376152397689,0.275144844082211,0.469888672336404,0.170086211136483,0.299283458037104,0.465954162434814,0.253317680242861,0.387020523227888,0.499527596083964,0.224323454258942,0.209206913190332,0.380562500913863,0.178759494674124,0.286736746798666,0.421685526948685,0.213861346252663,0.315314411314985,0.442818936634287,0.220468467735993,0.218451886133065,0.393036134512864,0.242668550159617,0.324528553508946,0.471900442331815,0.230785368083772,0.265285323168816,0.373722219584632,0.263544699905906,0.254613712601758,0.408729826981423,0.231618757736583,0.304416818883116,0.409601754479302,0.241102533526848,0.277691336932222,0.435158513355266,0.0845431485909153,0.268364956842465,0.323523454630721
"103","FSG_415BR",3,3,46,343,2.05,1.95,1.33,5.32,0.467395094005851,0.252364817859389,0.204665305378181,0.353902051092635,0.316128089268788,0.568698713448972,0.190404075400536,0.354306430521264,0.470926534865154,0.197786297396076,0.426658571685555,0.432386070636206,0.106167990240602,0.318859726252235,0.381924440927343,0.175483722841899,0.346542643956317,0.375376566765947,0.167806337805037,0.344530467996782,0.422152779057129,0.138183488224555,0.285817954632834,0.415125419537184,0.198559458844086,0.407003036149624,0.492595384454316,0.213944836354495,0.363746479974969,0.494126381935753,0.241688738579058,0.339286979602267,0.514981182046278,0.226686465073855,0.292873456414235,0.474420793545545,0.166251828123889,0.30123041907688,0.465420521651828,0.254645087607999,0.403397422618454,0.504952470097208,0.21152802886939,0.179285870947932,0.360628737699405,0.186573103610622,0.301900324191346,0.424773460686773,0.21972927611996,0.313279781919825,0.436670402811795,0.225646984831763,0.207912707828089,0.383097150336129,0.244031148518929,0.325058368289273,0.456352876142165,0.232902060649387,0.227671605040484,0.364082644552074,0.274741801991185,0.280361328592158,0.436025846138582,0.245416121123716,0.329016652183937,0.418559529931961,0.241389764500877,0.242204568858626,0.422372906290062,0.0905988084614337,0.271856344347694,0.328764591809575
"104","FSG_421LH",3,3,47,344,1.69,1.7,1.27,4.65,0.385315955546287,0.220010354031262,0.195432284082924,0.294750257572379,0.338253329293454,0.503223685737532,0.217255632137267,0.433463240368611,0.47606967248911,0.228817093633733,0.465131059421125,0.444714937755541,0.109835056847785,0.301209150326797,0.369493244233418,0.151075085838906,0.350993735231936,0.371262643535215,0.131099334282022,0.377284234469237,0.382724906931613,0.127258453039746,0.332723581666756,0.381407925186179,0.178529678324144,0.391592652281613,0.439775270838929,0.215846893020557,0.370557467667918,0.469639001877347,0.236329692077877,0.359627715468251,0.492404194634471,0.229117242606105,0.305110441767068,0.441403850696905,0.165196953606196,0.300634585126348,0.43255325333485,0.261629524507817,0.407279078603388,0.466431642228536,0.215347186741602,0.213935459344066,0.353596964512874,0.182779897875566,0.289885736325365,0.377155306567071,0.221596847175595,0.295434015525759,0.400114298365782,0.239032736198718,0.235315114801944,0.36607727652903,0.258172279735236,0.367736321666918,0.45442810837728,0.252795476998904,0.272132355767166,0.354912435784106,0.266590200982857,0.243916946431178,0.376322017640803,0.242246981599865,0.282540684648897,0.374287893028782,0.264849538543625,0.278722327640734,0.417733291165929,0.132576890152244,0.252420794633643,0.297914344685243
"105","NY2003",3,3,48,345,2.1,1.78,1.27,5.15,0.478794974347457,0.230363782456263,0.195432284082924,0.328527833086472,0.340318937185521,0.534774140004404,0.208847708810376,0.394196541938792,0.481466853055821,0.220498803549859,0.460464246720809,0.447169800032904,0.0918284182073551,0.31897373897242,0.368061930302764,0.121845627653282,0.399160191178062,0.377650495446475,0.114845004613224,0.381305373573965,0.366708834071263,0.11134569679174,0.405484520192355,0.35203420632627,0.17796785786348,0.383294712513904,0.441579523226364,0.210399389300717,0.352653968502295,0.470975046933667,0.23311035188673,0.330588467614534,0.499272982297184,0.212019561066023,0.262272982193414,0.433732226116426,0.163916489915289,0.300129603419733,0.454293684602757,0.257566559753569,0.383559420644885,0.468845372610262,0.220147981968139,0.170918103259201,0.343013261978915,0.169234193511996,0.281088341769456,0.378389080246665,0.220120323558268,0.297422198237093,0.425133878533771,0.218913552706769,0.180816993464052,0.360199849170437,0.253546816334385,0.335544861829983,0.468651632444355,0.231601500509907,0.194527377806113,0.320551874233686,0.2659351264671,0.276581359138077,0.439360245786003,0.246595226534549,0.344696283497823,0.410168968937523,0.241293063291839,0.2710520564067,0.446119622554274,0.101610188344597,0.263023562366123,0.315183340304448
"106","ALFABAR",3,3,49,346,2.37,2.19,1.48,6.04,0.54035432819213,0.283425103134391,0.227747858616321,0.358190283463946,0.308629721844268,0.564280691321222,0.212840710747239,0.348106075983314,0.491009227582118,0.203253782084652,0.42242174851592,0.444280146309288,0.0869054234262524,0.352208007268677,0.368438846390574,0.134531822251866,0.400880513410438,0.368862185466153,0.168261032393879,0.340952398540454,0.411904597016579,0.12927300812974,0.39772902841384,0.409996519785809,0.198528422335411,0.376812491587024,0.486889068365714,0.200805994751204,0.33966651022111,0.494229896745932,0.243398398809055,0.321283409462947,0.5224202783556,0.219214950181838,0.307853029766123,0.474930900070872,0.173710461661384,0.312514928626945,0.489588349036037,0.268791712990947,0.403171474211757,0.502962101029897,0.22680917274101,0.187467941688234,0.364657776608033,0.174662832323388,0.285523062443066,0.421844632281065,0.218256525505175,0.280578133864696,0.455187153195788,0.215399107952164,0.209522962668861,0.400361607062849,0.237099980704484,0.307927161577732,0.477128215133483,0.197477633378919,0.173979497637096,0.31817412464044,0.257711985674714,0.272003739461045,0.446329871899132,0.248597091700848,0.326312105788954,0.433222200547388,0.214171906190101,0.215223083874493,0.42494882626148,0.111649464034846,0.291268742791234,0.349267779509994
"107","NY1517",3,3,50,347,2.24,1.6,1.33,5.17,0.510714639303954,0.207068568500012,0.204665305378181,0.338183039654358,0.346307242863873,0.538666225040101,0.236157590063044,0.37498723687982,0.489568563481607,0.211565126117983,0.433186274509804,0.425269233075493,0.0671474626357755,0.427566605117383,0.364138016940708,0.112592442325571,0.436728509969389,0.376118453710598,0.121177987759361,0.372061324333516,0.3856098345468,0.0979898729655806,0.42048367571724,0.347599026362002,0.181832764082884,0.344573521950637,0.444960903691766,0.199352617263592,0.30976793909053,0.483991186900292,0.243715782491878,0.305122229579035,0.506440357541121,0.209415843724723,0.267046464318417,0.448819935918544,0.194870128253825,0.307089168631178,0.480987877489028,0.263083239966498,0.361574449504086,0.486358186065004,0.237989913070012,0.200710034946119,0.354006521325905,0.167789216610665,0.262952389887374,0.388200894392845,0.220616942491988,0.280626150248384,0.450351059266332,0.22378206242571,0.200693046092254,0.384144488421819,0.25165255240563,0.322432152960687,0.486319903749228,0.207296661296976,0.195685355121333,0.334967433301004,0.271326998254621,0.254116371406247,0.438583529553504,0.25925097500997,0.266940715387753,0.399921852370734,0.22170984870583,0.261140323224681,0.42128596347435,0.12862739136013,0.277466316843479,0.345732664106366
"108","SW5210",3,3,51,348,2.04,1.75,1.29,5.08,0.46511511793753,0.226481246796888,0.19850995784801,0.356079208155665,0.382975990626091,0.549511963375659,0.261734397459512,0.387234192054792,0.492602742090172,0.251609566028706,0.446479369231754,0.439856119714252,0.0915828367893321,0.407923444415135,0.334138310032533,0.16196865322175,0.379190452552329,0.375090619053529,0.22417869470211,0.359711347739848,0.440067887474439,0.166737152831983,0.350791880554831,0.422542032814201,0.250805939769517,0.412754200614797,0.490793565523622,0.233797931445512,0.362667657488527,0.500263480392157,0.278295304344524,0.34827832700707,0.514317514100062,0.237132248379388,0.297990491377274,0.463241052445074,0.24128407281521,0.363964822151871,0.497760390008404,0.284034014328927,0.385352298129038,0.497656576946239,0.258081456068361,0.207566931321373,0.375602491555906,0.2092938359878,0.308556000816063,0.433159100960959,0.253084480755419,0.289494375025945,0.467740877578978,0.244519719524187,0.224878828918682,0.402956259426848,0.266727638295426,0.346321515811712,0.474508615567439,0.233223412287249,0.212084527297509,0.345217627280797,0.287593631488407,0.263042925466509,0.44168295138272,0.269415576304232,0.290630796786607,0.40310616136717,0.177306861837268,0.241730761121653,0.381508749736454,0.113794296448219,0.229061016511868,0.293721362229102
"109","FSG_415BR",4,4,16,413,1.79,1.88,1.53,5.2,0.408115716229499,0.243305567987514,0.235442043029035,0.332941666192573,0.327878114151873,0.550125373522965,0.200923004123342,0.340043474570329,0.512108418246526,0.174119439579092,0.476349593477386,0.424354092565933,0.0636830748611411,0.407948796858056,0.367410240628389,0.154053007626635,0.333772984404732,0.385917980061223,0.222171381199947,0.355985826839348,0.450879988700773,0.143222166753949,0.306847782069602,0.385028251386805,0.172751235988585,0.361591062054112,0.484272595384454,0.210811682299495,0.40787807676262,0.481397189194827,0.208166080598223,0.334571746352569,0.491447414273766,0.279151301623515,0.33375481383986,0.467435531106686,0.200743025178838,0.325315429004362,0.441685045872484,0.265445011031952,0.305121132840772,0.519362201643407,0.26204057973432,0.228347297158983,0.427104736003275,0.203972705758582,0.37569562646962,0.461469627723498,0.20643391589311,0.304316354629361,0.438689443314376,0.217276635318205,0.211040304038803,0.40794868295346,0.238356718156678,0.375460832872191,0.476119077089334,0.236979810069371,0.269499495480376,0.403091479708687,0.279864129789306,0.322048397522781,0.453342056425548,0.260975048174845,0.343216703021275,0.443991322184587,0.225098953712451,0.260261227749406,0.437126915074712,0.07784939261483,0.331539895369913,0.35353667202175
"110","ONEIDA_ULTRA",4,4,17,414,1.67,1.76,1.46,4.89,0.380756003409644,0.227775425350013,0.224670184851236,0.310743789202031,0.287644041847091,0.545559849426587,0.184068821392048,0.314230663974379,0.496889322810729,0.144592142057273,0.462088205312706,0.42262307369431,0.0469293482998848,0.419263606788007,0.366529499692254,0.140154344099098,0.334335100319197,0.375045729179621,0.211830506836851,0.335894618423462,0.441430090598362,0.127046555003782,0.279291228945208,0.383389055145111,0.172288363164827,0.368146752217287,0.483990068949014,0.202532437149316,0.392303921568627,0.479659600542345,0.202719360960855,0.328883074921547,0.492513135038923,0.269616747580612,0.3299570190395,0.464965336980203,0.197076606132633,0.317481501140579,0.447764813305277,0.250468867486169,0.301173306386584,0.503127200906391,0.25058939629153,0.200257343802547,0.385023468000175,0.190165837131416,0.348109429843176,0.449843265323141,0.199633013997519,0.296468512599112,0.436856518189492,0.19807048771416,0.198433270614643,0.390127995642702,0.220098031020138,0.358198289597763,0.473415796832829,0.226883342468593,0.244962397874251,0.385754501202276,0.276051017671364,0.324810246679317,0.460223047035191,0.249002850955344,0.334777704871517,0.435994845330354,0.236829952147533,0.287521383687451,0.470778849589139,0.0907327007590829,0.281187751118547,0.330824999683131
"111","SW3407",4,4,18,415,1.81,1.92,1.36,5.1,0.412675668366141,0.248482282200014,0.209281816025809,0.35115420059367,0.368318117006108,0.556293775889977,0.240697212075934,0.354041695729675,0.499735388226437,0.177137057808914,0.465657192540625,0.406907117587096,0.0824639075922984,0.372055599519329,0.356417978252587,0.195277536036171,0.310065437039795,0.397175813890957,0.276984504301272,0.434472930526893,0.492234733937528,0.170045339466309,0.31607489842784,0.409406465288818,0.219524069825392,0.326941086937058,0.511438654609485,0.236708910924722,0.439312291405924,0.48430120984564,0.23267160459151,0.377850861908745,0.495061303549856,0.252090782323107,0.320269687526952,0.458128611551716,0.238621101585282,0.35608765603501,0.455233675919283,0.270489259807163,0.33343568541948,0.490033874265366,0.252796253383477,0.214734979748797,0.390466435642117,0.225777451112697,0.406678014108355,0.473319216043674,0.226267204587172,0.336408872652801,0.443938727219893,0.226997343509539,0.206284168495169,0.402534076632616,0.240498877120091,0.383222840048125,0.47010529054076,0.24671145480125,0.283163781656539,0.391878963411425,0.298632892705173,0.317221392021012,0.447119201799272,0.26617094339941,0.321462814851596,0.415323083107225,0.227279666083095,0.286857701279869,0.433782863627766,0.0978779587291446,0.267183361117726,0.327075208382948
"112","PERSIST_III",4,4,19,416,1.96,2,1.46,5.42,0.44687530939096,0.258835710625015,0.224670184851236,0.342568274359913,0.341589333173096,0.562513629597916,0.20668822922669,0.339478821831763,0.47427250214974,0.14552804227156,0.434004467230317,0.417212778077592,0.0557999216740522,0.413259327647352,0.363818546850728,0.172845682411758,0.323987002509574,0.390413617390362,0.244424716756155,0.381550837115319,0.471851102893084,0.143434883055539,0.297756580109521,0.398850753868055,0.214644458146037,0.326017259688009,0.510376901332615,0.222978342315907,0.42775357217355,0.484552565707134,0.220761424750545,0.359004238954058,0.497709249211898,0.269308687014385,0.344243008193616,0.463165435256228,0.232648077696483,0.346158208691146,0.458380883774715,0.264740303417132,0.331617423283387,0.493686208016531,0.242552475983403,0.178530069746019,0.3628775716103,0.20374424776202,0.372619903889254,0.462595287982285,0.213970983372911,0.317828884553115,0.446448032988778,0.217979376677323,0.204905215343321,0.40165737542563,0.220660734113723,0.381444151790069,0.468280948200176,0.234945804941066,0.223009768738202,0.38665250153736,0.293338215521176,0.329189690764643,0.46240503645627,0.260555726473697,0.335332777669404,0.436914410020867,0.24214516592305,0.271184060721063,0.466270082226439,0.0919117388639999,0.277810436391751,0.343280099370065
"113","SW5210",4,4,20,417,1.8,1.81,1.42,5.03,0.41039569229782,0.234246318115638,0.218514837321065,0.33985429545432,0.35915545020807,0.555210635692473,0.24991822494247,0.3467796956288,0.50227140482895,0.167172183160682,0.46784376086082,0.403967502526745,0.0548706839982258,0.402671531990973,0.370423810779917,0.183738595784345,0.310683740795896,0.385108355050881,0.248942116763335,0.402567440915617,0.467847507890999,0.152975377338712,0.301529003501943,0.390950968170699,0.221307051004736,0.347386963917987,0.508853523144418,0.231514498111476,0.431045447434293,0.484453744263663,0.223934709063852,0.366026043118669,0.488463403726419,0.243815615375104,0.319973601220943,0.453697066510674,0.244039343851062,0.363970860005653,0.453097871494551,0.257286936578193,0.331912934731738,0.465238084277666,0.239364734095179,0.203673436563291,0.351949086868155,0.223997525342831,0.396975901025636,0.467280868204667,0.224205566183597,0.314123774509804,0.436514689017809,0.230263000119172,0.210672993809339,0.389476645914479,0.23582307838575,0.390850672616219,0.456403036566154,0.252546764696813,0.302900972064909,0.395005459811043,0.295069349331584,0.305136024633178,0.431347179070139,0.268109726643299,0.319208007190415,0.41024925027124,0.240952292946459,0.271518240947742,0.421393230741245,0.133231501891809,0.272405487930466,0.334531919385401
"114","SW4602Z",4,4,21,418,1.64,1.69,1.24,4.58,0.373916075204681,0.218716175478137,0.190815773435296,0.340174503638058,0.376077640961366,0.554993736305028,0.227682257753092,0.315167261458822,0.46460439248163,0.154044935483993,0.43997031840259,0.418414133237393,0.0552209558238413,0.407515314047891,0.361390867258712,0.186011615894684,0.310490221932655,0.376578788160834,0.231993627669368,0.398220966433823,0.448370629941012,0.139202046917573,0.308359044055811,0.3826809969772,0.208264901486221,0.339169874951503,0.499819589936431,0.219230900467465,0.442923837088027,0.479758943471005,0.215243781685401,0.378190331181689,0.479872616928653,0.234872797402777,0.301975584919958,0.44214872241167,0.233408322433423,0.366271813928843,0.454408491696627,0.240210424661919,0.326099027529442,0.443170072954153,0.217225727898193,0.17087131347692,0.316947697796494,0.208272405665614,0.383489919093634,0.440098910377548,0.217669988276232,0.305931891458065,0.420477811449209,0.221657938294567,0.187365897537466,0.37221740828767,0.217742117815874,0.395894620249396,0.447430151111535,0.238081970886424,0.226697835443028,0.370357709938966,0.302377406110524,0.343928415038472,0.453832426270756,0.266293202338935,0.314360956924223,0.401167130705161,0.253472619501094,0.269146123615577,0.41996112056827,0.113671261276904,0.268028188651026,0.309304663041687
"115","NY1614",4,4,22,419,1.78,1.59,1.43,4.8,0.405835740161178,0.205774389946887,0.220053674203608,0.320104355362618,0.298263541907789,0.549031777666117,0.236128961625968,0.318204747006309,0.491969733951672,0.176107901905214,0.447041434310727,0.435417041434311,0.0372074898969344,0.437638559160585,0.396167531287552,0.166632013016762,0.318128445881524,0.378138861252746,0.201365959511992,0.340013540649583,0.444364510602237,0.107907157926159,0.313284399412582,0.364674244042111,0.169877969557823,0.363306723612534,0.474823888365415,0.197999302376094,0.381397319566124,0.478224212557363,0.198587410318421,0.32558927180059,0.484628680491519,0.233181472578509,0.299751358374675,0.452548133711316,0.214531554353653,0.317475814044599,0.457401123517406,0.21614559401683,0.296919443400159,0.4417530439853,0.236427517686272,0.222724381419234,0.372541433239963,0.185296715000202,0.333281659287851,0.452919583569738,0.196283714240015,0.28417064496935,0.438390136576861,0.206076847346666,0.214859126588347,0.397004545884033,0.19814925509819,0.359441875589373,0.45723916365883,0.226672793991256,0.331823124730118,0.418702622291855,0.27281565742774,0.274869409793533,0.428006993224315,0.25723985071567,0.30195510944806,0.418106486489682,0.237760091717886,0.323515751423828,0.440634260134922,0.122913233292166,0.295961260617607,0.340263110264349
"116","AMERISTAND_427_TQ",4,4,23,420,1.73,1.77,1.23,4.74,0.394435859819572,0.229069603903138,0.189276936552754,0.332793561890427,0.290021686122701,0.560839517046221,0.219821812726917,0.31269435310356,0.476783054020906,0.170060885444208,0.433760787305006,0.424846023840505,0.0699718626738597,0.402602655411941,0.350937307658489,0.231209584586408,0.331158217506412,0.407165110242409,0.285095573296932,0.413373310489244,0.503578753768968,0.159673925384082,0.317333312241126,0.412415795953987,0.205355386370065,0.330928462709285,0.516955113856806,0.223118461576762,0.437374713183146,0.484489074885273,0.221531982671954,0.365440595669547,0.494131295883282,0.245969222586821,0.324371251452809,0.436576498554333,0.232154056532949,0.345654003720924,0.469610949084212,0.242566077962395,0.321160957715134,0.465393880165261,0.247507857016087,0.199830765639589,0.377358339169001,0.214213114296244,0.404416418348307,0.474958489509573,0.213530397124709,0.305950848935199,0.440385929954198,0.227838481701931,0.219859249071751,0.404059729906598,0.205778487336907,0.343584690924463,0.435934705557181,0.232945684562685,0.254277379501706,0.379428607601233,0.276567687869357,0.28286173030006,0.435852430302146,0.243492312853259,0.283702613393865,0.391233278358072,0.210925358449457,0.257365169723803,0.400625975121231,0.0849106084993657,0.293904204215623,0.294227663916245
"117","WL_358LH",4,4,24,421,1.53,1.51,1.15,4.19,0.348836338453147,0.195420961521886,0.176966241492412,0.311592737486553,0.313252874493368,0.528755096113373,0.221651666243251,0.309312464555431,0.469714684292689,0.167780513972518,0.454816513761468,0.415567847934281,0.0677402808258369,0.408982092089452,0.332676514552009,0.2173359578145,0.327791682211997,0.39683561849687,0.245290446606329,0.386909784270739,0.459604803399593,0.148761990663052,0.305950828080535,0.393056672941385,0.179913306792505,0.347707941624138,0.476525502133882,0.227489918113948,0.428679338756779,0.482155428660826,0.220847256466451,0.363264209074078,0.488850335613648,0.249945420990292,0.33712186983227,0.456878838884952,0.221196051402004,0.356170815087234,0.458309163175422,0.228087207964358,0.304936664931459,0.440089669391963,0.20947041145839,0.152997782446312,0.308145570728291,0.204944023889169,0.380650527090156,0.448756323369326,0.215655885181992,0.292019594005563,0.426513623092144,0.215010495491987,0.182912515354169,0.373658649253026,0.209731231762083,0.37987580765112,0.426840903565495,0.220723714244065,0.20028847697271,0.351978682245026,0.281918755575012,0.315152636737077,0.436329246338734,0.237624073130624,0.29135623378082,0.382259305892993,0.219241880838475,0.236477943803459,0.395549881260114,0.0913816481383678,0.284079242556751,0.272682358011078
"118","55V50",4,4,25,422,2.02,1.87,1.51,5.41,0.460555165800887,0.242011389434389,0.23236436926395,0.337647831586026,0.296813827428146,0.56249022179816,0.222386240600169,0.312408213175477,0.475966829419515,0.170780588125933,0.462121738759257,0.426093584689357,0.0486940691985539,0.450757056185703,0.386128550074738,0.201307201160552,0.318131954786134,0.400836254860594,0.244270542041036,0.382939856180493,0.471808582499708,0.163424567632076,0.304814527812405,0.399686734300876,0.168414584309105,0.345443681667938,0.481734493950135,0.217833825706557,0.437309266791823,0.480445348352107,0.217578399301818,0.356657431930118,0.48802562494192,0.240344645732501,0.317867329433115,0.443002235784276,0.218812287203244,0.343391631957709,0.45635197212102,0.231376401541187,0.327794066611548,0.453490828918762,0.230241100636004,0.193400297619048,0.344617909663866,0.2034861872611,0.377199832617789,0.448155147226355,0.212892754177954,0.299411903081628,0.432232831029377,0.222597421270813,0.213138511814982,0.398915423719345,0.209272720821959,0.368304683838765,0.44134274259516,0.236304717733823,0.280274715250085,0.382299739819299,0.288731522510073,0.29735281925881,0.436634515237966,0.263958755675649,0.299758108851017,0.406690075487536,0.241835574142058,0.290686379589349,0.422416619380871,0.124964896974084,0.302058746292635,0.327329718652167
"119","VERNAL",4,4,26,423,1.47,1.42,1.32,4.21,0.33515648204322,0.18377335454376,0.203126468495638,0.265499246497421,0.314771667461596,0.491077010514351,0.201183336417825,0.308997498665018,0.470506293933404,0.176158421092906,0.455222012352342,0.430701265215566,0.0339142057986314,0.485658284240453,0.415135848061198,0.165117278172816,0.321495540483229,0.367791606478337,0.132919808734123,0.339723734857555,0.386956577710836,0.0754505282327862,0.338657039392333,0.329820521213255,0.0758747025455604,0.394433849643358,0.382726445220402,0.168556229302445,0.373948685857322,0.47241186900292,0.173234065964892,0.305687203791469,0.471909816788545,0.221669338683683,0.271202161587527,0.441193450271675,0.175430179265534,0.2935732042412,0.444039443441238,0.191100125986978,0.283188569621107,0.441262604209395,0.223747986869095,0.176025646649413,0.343018087175213,0.159444031892085,0.310267409942832,0.409058526945274,0.181657501818594,0.262416317267909,0.414540246585578,0.188033707017383,0.201856975652526,0.389748584521343,0.168401468965821,0.341706109973011,0.421081130296231,0.207216115463268,0.209706481462642,0.367629839129625,0.247666888765606,0.284688094086464,0.439214623230696,0.237671091283564,0.297077468578293,0.409850519647111,0.230699507410224,0.28920118529727,0.446898051825232,0.0811390007860614,0.301226514249424,0.299359911089942
"120","SEEDWAY_9558_SBR",4,4,27,424,1.88,1.65,1.35,4.88,0.42863550084439,0.213539461265637,0.207742979143266,0.322592124807592,0.27575014427657,0.549589954094387,0.229747914258084,0.29891199029593,0.477132319041033,0.179024775359437,0.45001705029838,0.432275766141697,0.0286419179916461,0.491640434948269,0.417571148040681,0.178404728135746,0.330994689542484,0.390725702200712,0.203501169925546,0.324253952424703,0.444451061956845,0.141139061790235,0.336750930034512,0.394193447178522,0.109686016040175,0.286208252942672,0.435169979509729,0.201912976646927,0.411827153733834,0.479187526074259,0.203270733556162,0.343026467103429,0.488501881795372,0.264791275007423,0.35008277062838,0.456604584936497,0.199732118649139,0.321299754191074,0.452300114373819,0.207046370299417,0.303843566903741,0.436980617211016,0.223123040716289,0.203542717609042,0.338854088988317,0.185467125736513,0.344342138769383,0.435935501260579,0.196721501577589,0.280068495994022,0.423489697925748,0.204244347254802,0.194801384412412,0.383629778165059,0.184929253894746,0.332147888010926,0.431360582707378,0.228851119981341,0.299413023213052,0.389647233658058,0.278658872599785,0.274665498953924,0.436364694761279,0.253125051173495,0.285222295128482,0.402280350186502,0.232419661487463,0.311839974699557,0.426934640522876,0.118508444045798,0.295916955017301,0.323757684069103
"121","NY0651",4,4,28,425,1.63,1.71,1.53,4.87,0.371636099136359,0.221304532584387,0.235442043029035,0.308721853181116,0.288775720975998,0.540621146626307,0.229855992765889,0.291221802730754,0.485225289061606,0.190348041844888,0.466308838520118,0.440176440606824,0.0514015632397354,0.484239866350128,0.388654415428354,0.210200887650538,0.307082841064544,0.389815088297475,0.23221438088495,0.340207081969433,0.460512072343261,0.166062801856506,0.345557968241074,0.402227655104001,0.106114688475595,0.250632207116256,0.43524670585244,0.207057492282973,0.424149718397997,0.482906106591573,0.202408971780573,0.332540584589651,0.488459179515773,0.254259851462789,0.301319247578549,0.445250265768958,0.198125718353211,0.320140588336002,0.455124293010634,0.217722561793156,0.320858978677364,0.452388844658113,0.237730464284114,0.210463949934933,0.363444605284321,0.189374783357421,0.354827651422079,0.452626962534083,0.199638581904937,0.273245049607705,0.433112208892025,0.220346990255618,0.215768163413857,0.412129356472198,0.190984771240187,0.327298796956861,0.428265360271125,0.245133859302863,0.307189241044817,0.408349705230491,0.273754830397133,0.268077131597056,0.419750853194876,0.248632760745627,0.290281792548192,0.394064799872316,0.239905845602997,0.293542021310132,0.416374545530967,0.112110173441904,0.272625068126798,0.30369380331318
"122","NY2003",4,4,29,426,1.48,1.51,1.29,4.28,0.337436458111541,0.195420961521886,0.19850995784801,0.311872953064537,0.295611363360386,0.524618778112024,0.235691549154831,0.309661958766818,0.463148597163942,0.182470137970794,0.477837588152972,0.43916888478296,0.0393632381569221,0.483855036783024,0.39739118965972,0.182028980514565,0.321210158641516,0.370986002523372,0.184326161383203,0.325194716454983,0.402244721764383,0.134305192925188,0.334734110618069,0.360903621581377,0.0691720104674474,0.186866475661802,0.390342614975975,0.20591936958564,0.424366004380476,0.478840999165624,0.199169015426167,0.336900322925379,0.476714669872688,0.261409710453052,0.335602045434384,0.458858562211788,0.185082047467369,0.359264437325043,0.436272614105262,0.214827332018816,0.328281113651052,0.433938895553091,0.223761857205724,0.162876548083812,0.331561755201708,0.180743667804634,0.345939566682601,0.409628200030677,0.203516334026585,0.278445902002297,0.406829258167628,0.216584617028936,0.187708368247584,0.378125384056757,0.196303715837795,0.308148501563974,0.418663918713781,0.229920583005283,0.203739009216694,0.348698549900825,0.279486877733645,0.328763788393769,0.45288001056502,0.258658011329598,0.314688089284553,0.402901275071379,0.235921863406492,0.280113906227014,0.419608053296345,0.108416621081295,0.270114001482946,0.284461633918273
"123","NY0465",4,4,30,427,1.68,1.62,1.62,4.93,0.383035979477966,0.209656925606262,0.249291574971919,0.303418901708377,0.280336699577999,0.529072010595721,0.220932424769843,0.294330468243512,0.478964286636921,0.179274330725535,0.46164627930683,0.4365434430653,0.0441097761480143,0.471532870248249,0.387715056127085,0.18347889682387,0.305859294034739,0.373757150851884,0.184898804415286,0.318411138335698,0.420090056066272,0.112262720920061,0.285310991412835,0.361143144900827,0.0525810337550974,0.210252689680767,0.383264546558646,0.192355260858232,0.382776256779307,0.484597804547351,0.193014821141307,0.322458307420672,0.488708512934886,0.23006860540609,0.311680693361682,0.439488985353177,0.163672938640206,0.319359056786028,0.447044225578716,0.198388346295801,0.29935079548971,0.443342233202137,0.219039686207683,0.182030237896799,0.339777894752233,0.173391134137855,0.331865462825215,0.428383644792314,0.197266646263408,0.28109731966181,0.426751352622912,0.206583088010419,0.190633449167638,0.389732811204082,0.183125347648835,0.290141579683283,0.433393034825871,0.229417561289042,0.257422466568153,0.379063908290731,0.281726220382165,0.295430683342281,0.453358775515266,0.260590798123835,0.319046267889127,0.423529293538338,0.266864835126513,0.312414517789967,0.447839144232184,0.129243128249539,0.269840882749861,0.307694339922204
"124","NY1615",4,4,31,428,1.92,1.51,1.49,4.92,0.437755405117675,0.195420961521886,0.229286695498864,0.325580761389153,0.265954292905056,0.552561026330102,0.239200523543864,0.305431245840453,0.484804567413263,0.199044079317045,0.45231891227439,0.439016159980812,0.0369072331400793,0.476910225973798,0.412734693279404,0.181993643751081,0.314398732537412,0.384754953778552,0.202577566895871,0.324631393428026,0.434257689922195,0.108539013959236,0.281400734644679,0.366687838357389,0.0677275173938479,0.226521290438372,0.392907973257953,0.198564253395128,0.400577153733834,0.484640305590321,0.197641743631786,0.32998305848041,0.483126532421208,0.254932840063469,0.336917448138676,0.441211548025007,0.168041284418355,0.327293953353175,0.437681118209449,0.198380537007234,0.29879013295712,0.428181779316831,0.237199259459225,0.210505622084777,0.345544004328055,0.181970826927519,0.338758959192396,0.432647274752538,0.19369354436883,0.265943791772178,0.421240953685638,0.212726182355876,0.192438786665619,0.392358965663183,0.182647381176657,0.300216824374858,0.430372451468149,0.232373040314325,0.308446605883706,0.402705458285776,0.264791994701369,0.264882603165336,0.432385435563804,0.245401452159453,0.280788924553843,0.402645787890073,0.239834432331104,0.3368302761965,0.42884229390681,0.131777325631251,0.260070725122628,0.311440992686667
"125","EZRA",4,4,32,429,2.07,1.61,1.5,5.18,0.471955046142493,0.208362747053137,0.230825532381407,0.339932323116071,0.268266280671469,0.577082426270079,0.234219786362283,0.298980037129903,0.480189495639825,0.173786028456522,0.435478353420879,0.431705042873418,0.0369177169662724,0.478198657639438,0.398799202790234,0.189027293328184,0.302360878423099,0.368858587738893,0.22726662556313,0.338654102417666,0.440025361851599,0.122078977487655,0.288722368769616,0.377909813566611,0.105631033788697,0.27446638015937,0.421127077924016,0.20527085406424,0.404565602836879,0.490448216520651,0.20601089032088,0.333642029086516,0.495646896199238,0.261773443568981,0.331961946759962,0.455147199442026,0.183605672741788,0.334383453999373,0.44716349394185,0.205197406846181,0.308501240162905,0.442035525818865,0.236906488509447,0.208767089236888,0.35907356231083,0.189724032746026,0.353394526509477,0.441516634435839,0.200289109386042,0.283394467305271,0.42736356583918,0.211301689819164,0.201716167459309,0.401151204011856,0.186772405830418,0.285737303264889,0.423877207699222,0.239412719285713,0.269680602937974,0.392169372457081,0.275116714319981,0.282644846888835,0.450859867841256,0.253697701702303,0.299725007344579,0.422763248601621,0.230577378919551,0.295521854306005,0.441807051216459,0.11302055466664,0.273426746264117,0.312839524950252
"126","WL_349HQ",4,4,33,430,1.78,1.61,1.27,4.66,0.405835740161178,0.208362747053137,0.195432284082924,0.346481239699888,0.309284257581204,0.583231113093412,0.238839714284717,0.322297140199953,0.503717235686545,0.169251180101408,0.436966930503088,0.444670804101457,0.0780989449672084,0.443609718924939,0.355017878601366,0.242791913408484,0.303935535508723,0.402168629364252,0.302647257765488,0.406229466418575,0.504227384658843,0.176387902638902,0.336734829371929,0.432057560774941,0.171292060253173,0.36350966931395,0.478839532761999,0.233771769001924,0.454022084897789,0.49591442428035,0.229478998597869,0.36368124209217,0.50078474262472,0.257420410020383,0.325670319456285,0.47143956616463,0.212318032666866,0.362207859715337,0.454676374915657,0.228452191202091,0.33339010835846,0.444622100829376,0.238568681138018,0.178136889356787,0.329943121170914,0.214223654895591,0.393162049508799,0.463751178302262,0.218170975067092,0.316767127457899,0.43422198237093,0.229272013986274,0.205680688229708,0.400989749176024,0.198336370853535,0.305343712460884,0.412430576059829,0.240100946336849,0.250529741086642,0.370706323960846,0.294438367583949,0.323370241396807,0.459986202917892,0.256831590371668,0.299836138253915,0.409734640916964,0.22556720766728,0.280156568522371,0.417367967551436,0.109561896341683,0.26588742284244,0.302887815759788
"127","ALFABAR",4,4,34,431,2.05,1.75,1.46,5.26,0.467395094005851,0.226481246796888,0.224670184851236,0.356848114682192,0.3004787006142,0.587862044392252,0.242235470472062,0.378514655752507,0.524352402357517,0.180171995427562,0.432894603755477,0.449033981199042,0.0315884965415157,0.48485110935256,0.416111257657024,0.174304419088104,0.311984208240258,0.375595164226028,0.237826365942124,0.340812815197502,0.453767903833694,0.139388777719729,0.279186988969639,0.390808010141828,0.155042157204346,0.352710926075148,0.45672307279076,0.201694479952496,0.410233494993742,0.493240508969545,0.210348796150489,0.335139769770467,0.497281705928817,0.261098028530837,0.324251403372594,0.467192092365728,0.206885854868261,0.316248191187529,0.462816186738956,0.208676241238639,0.322883252082928,0.446565209200104,0.254193496338405,0.212135368688863,0.372696846076238,0.191145370730413,0.357858847951727,0.449361967009026,0.202232501426683,0.299785932721713,0.432568668963704,0.219368694870269,0.211021966523536,0.41040129062512,0.182305205371049,0.293962022954555,0.42660682549324,0.233420464832263,0.256298979101999,0.386632995947908,0.274280727474223,0.281015100537369,0.451183256351244,0.246638334685164,0.283693509963527,0.406340598343649,0.247122247469015,0.308432003026291,0.449512220751109,0.0976336998800597,0.261107456140351,0.313231037151703
"128","WL_349HQ",4,4,35,432,1.65,1.6,1.27,4.52,0.376196051273002,0.207068568500012,0.195432284082924,0.384232911349206,0.309964136660839,0.612871783387188,0.236039457404238,0.377374797523687,0.513500146695168,0.161408687413858,0.401762007555316,0.413088685015291,0.0812766929323602,0.453930068290395,0.338887716521586,0.249960946436521,0.305141617957965,0.405482060688969,0.335860054727821,0.420898873637831,0.517936998204038,0.201978362879423,0.362093321695398,0.443768379105749,0.224532277535647,0.44340510938013,0.511107678992449,0.238122739488751,0.458356930538173,0.504791405924072,0.235916776266746,0.374586433917351,0.503825638166313,0.230912702602002,0.292181283745382,0.459195912664583,0.235039010116515,0.366709218139973,0.46797939514789,0.229168304655087,0.330596426493554,0.448395443549622,0.228579469699465,0.174486409030428,0.338839028527145,0.21998964008886,0.411069712308102,0.475946253036036,0.219954438073116,0.319874493198832,0.441199164210497,0.226650741835218,0.2036479163134,0.400138962988697,0.20860597500284,0.302134946184112,0.435046727148571,0.246060557993729,0.235430518723497,0.373474738294565,0.294052292260471,0.318683533104128,0.462840193814246,0.250193885539626,0.296735178846938,0.407395177546448,0.230787379997073,0.280044763886262,0.430219826408591,0.101518766432572,0.266941708810221,0.301797660240567
"129","SW5606",4,4,36,433,1.63,1.55,1.22,4.39,0.371636099136359,0.200597675734386,0.187738099670211,0.379045736241093,0.3390841160572,0.590364578443265,0.259082286129615,0.422379070205157,0.514597687999222,0.175759456744449,0.425473106673862,0.408857558313845,0.0801836816836956,0.452455962953193,0.366028605762185,0.241029675840878,0.310626861504095,0.40084220133201,0.330107595763895,0.430308360688283,0.506169368304578,0.215299053160413,0.355896985659936,0.439145159206617,0.219288713469155,0.424759127144374,0.499227053140097,0.248893479514334,0.461348821443471,0.495984694409679,0.243414768939584,0.381436001533315,0.502733394898244,0.243883761652962,0.289981288365413,0.46208437859749,0.250351917963834,0.380440497178568,0.474670938307647,0.237445379182059,0.329785982586684,0.451704330873422,0.245609801971465,0.19245573247942,0.336667397757015,0.231382520852374,0.413976712428725,0.466147245713809,0.229994174625362,0.332923049247928,0.432888455311553,0.234581739552287,0.203582114623469,0.398524459935679,0.231564702930754,0.350296621467824,0.448454589796117,0.257931242895324,0.272821925705148,0.381152307666362,0.300513545146677,0.312300428856406,0.450365952832746,0.267627783696128,0.290745831042697,0.396278352160882,0.24895211302301,0.291848197343454,0.423853468269028,0.12876403294531,0.234074552898082,0.299250795340761
"130","SW4412Y",4,4,37,434,1.91,1.76,1.41,5.07,0.435475429049354,0.227775425350013,0.216976000438522,0.383282591212022,0.309023012895384,0.599402738813715,0.243000571997213,0.39025229103335,0.485625352869678,0.164218419778312,0.42795181987168,0.412710619415962,0.0612152292416395,0.461017175180984,0.378515782994812,0.221034849398728,0.305474676657132,0.396289977407453,0.308580002497201,0.384673687385636,0.494388965067229,0.200043311693347,0.320561447179188,0.425256006516349,0.188108874891209,0.363531172084963,0.476049628891104,0.236804705789404,0.436497835836462,0.495822773258239,0.227975447323378,0.362947824408655,0.498339445147363,0.254550259405303,0.323866865586814,0.450431437671687,0.241747351407725,0.3619833645481,0.478026046471178,0.226858586073976,0.322188134227308,0.454404943956438,0.25305192534572,0.22364229211446,0.37676404790104,0.218838490563556,0.394131114399765,0.465128817385883,0.214971685728882,0.317514356483596,0.437154856296788,0.229686331426076,0.221174655047204,0.4101104686889,0.233670486029437,0.364581390179979,0.461581910961373,0.251911638539337,0.320344182870888,0.391550367793068,0.272763167887838,0.274344551716468,0.435277262269672,0.248423063509569,0.27948890741102,0.391444667104104,0.245450419203727,0.313261669083496,0.420148792636026,0.124995087696693,0.259368290302546,0.298157090890655
"131","LIGHTNING_BOLT",4,4,38,435,1.69,1.67,1.31,4.68,0.385315955546287,0.216127818371887,0.201587631613095,0.365383377447584,0.280103353350534,0.591870062204796,0.232544302096343,0.381944398312685,0.478510965211732,0.154554280393682,0.457428844917067,0.4155902544084,0.045602502421442,0.472370380140098,0.387999648289809,0.20500122017797,0.286987440018201,0.39210153470671,0.283275990283686,0.365091237028521,0.472518240480401,0.184826977447464,0.291864867046274,0.417305854754596,0.165317625816251,0.326778135911899,0.464318948279464,0.218088817201806,0.420397893199833,0.497844962453066,0.213481558169715,0.343301380340689,0.504843844938632,0.251993771730577,0.312761334788266,0.441062100877834,0.227182395233617,0.339701950868451,0.476324251797831,0.216346040701574,0.319797604707724,0.458736320927223,0.236327028082002,0.200332938544545,0.360713690397859,0.204456160653515,0.380122468976958,0.461388319283056,0.208359054364238,0.297458037555177,0.436737930175599,0.222013258946094,0.204097104842294,0.407896470028311,0.231183550618512,0.345130368073167,0.45453369859728,0.232259686604152,0.233920611559125,0.371052225033139,0.272734980439989,0.296375197770443,0.453523724480304,0.234796482173991,0.273088841204254,0.393787440812925,0.204174397678514,0.264376142740054,0.421121829224723,0.0789342904659851,0.277104453441296,0.284427593871557
"132","SW4107",4,4,39,436,1.9,1.84,1.27,5.01,0.433195452981032,0.238128853775013,0.195432284082924,0.386003960651931,0.296550506814486,0.598282827144776,0.246400750697305,0.38660358680819,0.465434423490689,0.173459844847602,0.439308374570478,0.415352108811181,0.0528259785086374,0.460305401682347,0.376340162372871,0.227872943020405,0.325354433528168,0.400680237739916,0.313320608034772,0.386233058835811,0.50316409056576,0.21477909211717,0.315583713652195,0.434143142264301,0.195314337917266,0.359296450845785,0.494596551053679,0.237800081189412,0.445556294326241,0.49803739048811,0.223882262029858,0.351199499349503,0.504989226140693,0.253060067208665,0.315485726295349,0.435904346642038,0.24029181312957,0.356119789198309,0.478630894832957,0.233594764743597,0.331205566746386,0.470469537051707,0.241894826718818,0.206447975023343,0.36781527194211,0.212903754851551,0.393348939788568,0.465289486342118,0.214103552848105,0.307063251553268,0.437609697372245,0.233957289834068,0.239298695026824,0.419947297141237,0.243418203607225,0.378200890969987,0.462471173544044,0.253220536340197,0.288801471624431,0.384716899942651,0.282334486916795,0.2957988915943,0.440274105733962,0.251396561741579,0.293409891474762,0.39820437416919,0.221263910113722,0.284054179013513,0.417172309438245,0.10644380567648,0.266309575300709,0.311604697025869
"133","ALGONQUIN",4,4,40,437,1.53,1.48,1.21,4.21,0.348836338453147,0.191538425862511,0.186199262787668,0.304357864270574,0.312755676234613,0.524344996889134,0.224714896654321,0.367141391952229,0.481839384817173,0.180755999532883,0.445025634106854,0.434680398153145,0.0373312973011032,0.476119024590404,0.388160702248014,0.181769906469789,0.296483567055514,0.375332097501448,0.183051962839024,0.342973139772664,0.374416923048581,0.12717265735903,0.296598891278822,0.35664479358251,0.121829128266847,0.302195511385681,0.408997970573313,0.196938917398327,0.392435726950355,0.49083711410096,0.188026616312886,0.305254301501862,0.490718763626486,0.231924472310187,0.313049471461945,0.42109697426494,0.213060652467521,0.317098859185683,0.474825368132363,0.21002625776155,0.307254059874861,0.463577742393157,0.235647530040053,0.185759366246499,0.353650355975724,0.170448423159069,0.312460592955949,0.42614215276754,0.191222841939757,0.272941038094843,0.427113758700375,0.211446118350606,0.196873057034105,0.414785634425323,0.217228691628872,0.347268369974252,0.464565920644352,0.231363369783766,0.212071570624483,0.375434090773786,0.262882371296567,0.301487096079126,0.463582653905235,0.250992058403645,0.314185272541335,0.441461277908812,0.224291549095509,0.270939068100358,0.457088340712629,0.106410374033728,0.263073754388633,0.322709735477902
"134","NY1517",4,4,41,438,2.3,1.73,1.37,5.39,0.524394495713881,0.223892889690638,0.210820652908352,0.372154499734946,0.290505342489557,0.588636020041315,0.249418011861467,0.382847596658338,0.481585554731335,0.17618055146409,0.422700378396973,0.429743198576151,0.0202544948124183,0.484230487411706,0.432266625633811,0.170468192459284,0.320139374152777,0.374327153776149,0.179436920796576,0.349646592116333,0.371778185123094,0.139954199136804,0.297261798826872,0.368668277256659,0.142876439880091,0.315864595457666,0.429026919748112,0.216607683432582,0.409401204630788,0.496901335002086,0.210111585829164,0.317117803875105,0.496148563098225,0.239439948250031,0.320057781566733,0.424599347589277,0.237234236393881,0.341695260121451,0.481025794139764,0.208617352195167,0.297988450630024,0.452056688072386,0.246343640699474,0.226624941643324,0.369021358543417,0.18305070179322,0.324215917095174,0.422923023542219,0.204351577334547,0.282689055862288,0.428324269722003,0.216295014070083,0.203233478576616,0.399079381040165,0.226183007483098,0.360299641579864,0.459113706979318,0.245367292568463,0.305145636408989,0.390846508094763,0.274546456480075,0.290976465027698,0.44324151496827,0.264019325197424,0.277542310261458,0.411333061412687,0.259564875622304,0.346956055734191,0.461925057268352,0.134568075411267,0.275356857675197,0.337688251771297
"135","FSG_421LH",4,4,42,439,1.7,1.57,1.1,4.38,0.387595931614608,0.203186032840636,0.169272057079698,0.332948076584689,0.326705923755432,0.541587735327679,0.263728868203065,0.40347156868896,0.481208012410058,0.199270674872345,0.47558493733885,0.453864454038496,0.0385059063833815,0.481617134148129,0.386457838740878,0.181861102563666,0.309321368610869,0.368298149069353,0.167343003446571,0.380263965905811,0.343491583918253,0.14491584375359,0.295254646806273,0.362600597269847,0.130140361735295,0.31706869475479,0.408564035835539,0.219583450721833,0.425157488527326,0.478095666458073,0.212968361768856,0.345524793949662,0.480360704252536,0.263579040114232,0.329481307583274,0.436267422631703,0.247933065416677,0.418089500967502,0.475933259411796,0.214395049666178,0.319944951175289,0.435706795222899,0.243070024993228,0.206670605742297,0.34984593837535,0.195871096481911,0.361565381070025,0.421710396013802,0.214928519057452,0.293047587418877,0.410700042896481,0.231645216847815,0.189016248298356,0.385175168764632,0.23709358772184,0.395242052543519,0.441260616868494,0.257005859121347,0.287279224375036,0.373188133109384,0.277610910659133,0.292983068334883,0.425032297934797,0.252855292466511,0.26421465179379,0.374641744548287,0.252400151911642,0.315331525965156,0.412447933085346,0.122406792123548,0.250740589029134,0.291042756211796
"136","REGEN",4,4,43,440,2.23,1.9,1.49,5.62,0.508434663235633,0.245893925093764,0.229286695498864,0.366856734565552,0.284749392606644,0.588107448245319,0.241149985622753,0.361622804589557,0.492370668073993,0.166002999907026,0.415264146398724,0.448844902601065,0.0236816442114613,0.493260206922829,0.416035639966001,0.172343306245567,0.320150264747249,0.379622735170017,0.185119101904438,0.362307475031105,0.39339756448673,0.164438254337213,0.295840880388729,0.403890853100686,0.154096755172508,0.304858238577014,0.447809263735936,0.223413208178258,0.409827909887359,0.494569513975803,0.217622759232582,0.305982976721494,0.502095965755971,0.245541359892585,0.291951928382733,0.430788117716222,0.248178498116033,0.363078906249395,0.49412570369699,0.215212190201034,0.311539894458564,0.462032897490074,0.235577705512731,0.201847757745902,0.37022459095495,0.189153437649899,0.362013624712117,0.451662535673322,0.199438583580382,0.291827390095064,0.435602418808031,0.214819940836771,0.20988112110809,0.409692286695153,0.221344464750105,0.355357200923487,0.450682925243066,0.244349829078852,0.296829270860119,0.391106168673467,0.261539988737056,0.277522746071133,0.437229532011316,0.242371077776063,0.278226131574125,0.399017538881697,0.247724354047769,0.303477082151188,0.449769875795978,0.104450025047656,0.270544467787115,0.311455630046136
"137","LANDER",4,4,44,441,1.89,1.78,1.35,5.02,0.430915476912711,0.230363782456263,0.207742979143266,0.360216331514058,0.262511989471221,0.595496663649303,0.231675623726281,0.351432975473896,0.488709036535123,0.154649288307129,0.437954368291659,0.430854770042574,0.039884214778855,0.488773850347314,0.392542278495853,0.197597289659227,0.316457063798035,0.377713696472246,0.202465066171562,0.333469530972266,0.421068312734402,0.172783190585313,0.306802500481166,0.418405191846807,0.170675498877448,0.310603201836139,0.479264418795482,0.220920351316901,0.418981278681685,0.496404229244889,0.210950396647491,0.317164547189638,0.50783570300158,0.260022781305512,0.322469879518072,0.431089800377983,0.24491996706031,0.390573322464661,0.502604058058931,0.21434767672849,0.316501328586737,0.468155604487784,0.229233647515853,0.187687853664956,0.370599494085479,0.187239568245547,0.373851741653599,0.461356897889406,0.189653571820865,0.285292042010876,0.431885784659665,0.202251243153622,0.224479603013792,0.416143872505276,0.209003260433538,0.33747146619842,0.442873085552629,0.232134539444824,0.259240378412274,0.379890795186086,0.261435683206479,0.286868792181885,0.439361476600566,0.232228348308706,0.280946047396951,0.390777279256593,0.200407153758315,0.260856209150327,0.424510647269661,0.0850002203004643,0.294432487927298,0.311023866560199
"138","SW315_LH",4,4,45,442,2.1,1.65,1.26,5.01,0.478794974347457,0.213539461265637,0.193893447200382,0.365423752611135,0.314216131849441,0.586466870867293,0.259032072507694,0.403642724536061,0.494763352342068,0.176441740958104,0.45393158941685,0.441742869535305,0.0387741130246626,0.479801137196284,0.401111111111111,0.165133173025144,0.320537561015968,0.360853732315711,0.129553774000628,0.352513808286049,0.302136533131422,0.123265320656341,0.288153670710085,0.350514735173049,0.146668645789016,0.30635078745457,0.419890519136716,0.219614809409502,0.401263949728828,0.493519503546099,0.211197940590789,0.316549362727227,0.495237359982272,0.24078907919324,0.274351780433054,0.436155052466505,0.246163286320018,0.439011016678016,0.500752598459478,0.21347428428344,0.301272345436777,0.451639468731353,0.226541711839178,0.19872278516179,0.370188036437543,0.183627503028254,0.345635627988569,0.424768993190046,0.199890282627731,0.27977842799964,0.422117427819752,0.215856586268701,0.189801198257081,0.399512967364275,0.223982445721026,0.361036426670525,0.455361343420458,0.239861786520871,0.268590600081841,0.385116155690148,0.262863989164974,0.282597257265189,0.426914041050663,0.247067579965483,0.271292733084927,0.387445395603724,0.256591910669621,0.322185254893692,0.442507397772245,0.100321545305632,0.253080218512744,0.305020723221415
"139","PLUSS_III",4,4,46,443,1.92,1.88,1.11,4.91,0.437755405117675,0.243305567987514,0.170810893962241,0.37886405470739,0.297550240168851,0.605904260446437,0.224960575448615,0.334885697801299,0.469617992124386,0.136029724217492,0.394252863224801,0.383935060262637,0.0835744169549095,0.440688033060758,0.356684691813945,0.237396644621422,0.332882130124777,0.398249207188161,0.261906276573153,0.303423100658519,0.479981563302662,0.207967792742555,0.346128209041104,0.441869922727354,0.231010427798955,0.401462530217567,0.514403557465604,0.252041982778586,0.45318288485607,0.507351246349604,0.244020548649894,0.351102069974909,0.518288843973608,0.276614781733442,0.336313932199386,0.444247726198913,0.261621835560904,0.462228520154436,0.507188647292626,0.233055591043244,0.333523695787529,0.465219171999878,0.213429484063277,0.170041233495635,0.345960725826498,0.235605600604918,0.436984767325325,0.481715429393448,0.23139876889099,0.327827500795661,0.45494790153182,0.218457076547186,0.203067264385676,0.402766585127715,0.240823120394785,0.342082069672599,0.448948367034212,0.245887786459964,0.264311374267221,0.38303683055143,0.262650941847085,0.275576214040328,0.399375107411719,0.220106767910894,0.245817919570602,0.345343831834814,0.200459137833425,0.239659542273501,0.396621482462224,0.0858418416437121,0.283932872906248,0.280595316345162
"140","HI-GEST_360",4,4,47,444,1.91,1.72,1.27,4.89,0.435475429049354,0.222598711137513,0.195432284082924,0.373960731998102,0.306751016821208,0.593353763646811,0.249653311062081,0.386123443668201,0.497051626974901,0.160411991103337,0.427936829165917,0.43840423937159,0.0543428149101394,0.458207890031947,0.406619625428647,0.18643543167094,0.311781123314305,0.376824403284521,0.225066411316624,0.30410855855026,0.431873952211639,0.175943478472027,0.323807761048245,0.413947987780168,0.21364386728113,0.351771286699272,0.499736916887274,0.252022894541057,0.432984981226533,0.511705256570713,0.242661662709901,0.348165955408777,0.525544237381427,0.251565743262896,0.265984203665363,0.421629972439862,0.254177889266037,0.454470234157341,0.504312762646639,0.237137932951576,0.321253272374744,0.470406038521603,0.230013929177699,0.179056893450893,0.355492096913337,0.229191999308582,0.419142329978243,0.475570387644691,0.229719774447375,0.313959760333209,0.45238338384048,0.228977421590921,0.21111911336014,0.413597477541793,0.246109026327571,0.365086683831782,0.46324935630818,0.255558868489183,0.254908553459698,0.392314473682193,0.276471072623409,0.291683348277276,0.433277206664303,0.243944745344413,0.268960967564596,0.388842741196569,0.220317900348488,0.266511989576109,0.429917617636551,0.0979878341319925,0.279146228627198,0.315634941759509
"141","N-R-GEE",4,4,48,445,1.81,1.87,1.26,4.95,0.412675668366141,0.242011389434389,0.193893447200382,0.371949914119489,0.267331277783411,0.594734312035483,0.243687002923296,0.35745409274821,0.496552542844103,0.165382955110625,0.418848195474738,0.433723142499108,0.0702840166866766,0.452541985404027,0.40453676836953,0.196838102730189,0.314472431353416,0.379461924304606,0.241575957238008,0.332824100513992,0.457400840072954,0.16814059506125,0.308749970339084,0.405423333781543,0.203535453162882,0.312488446179387,0.497444549139259,0.239854146003459,0.409849942636629,0.498210914685023,0.232636444174394,0.325865103150265,0.515234556500325,0.284393706213707,0.324689493267186,0.456989575950862,0.239955399725405,0.399607748352322,0.497963703689661,0.219578782995245,0.318393190065905,0.461689645207242,0.202772440754406,0.180892953751225,0.351594069395096,0.208544277709949,0.39056628499353,0.463838592321564,0.216865443739407,0.298183403213085,0.445568516750384,0.212206848334323,0.195168834622909,0.397588126808817,0.245138804691194,0.354151985172178,0.476870809351933,0.252367225437052,0.245892858084854,0.398378861902576,0.273383916390482,0.285333562705479,0.449097107825761,0.248166128190646,0.288257402448468,0.403543007797029,0.225221561422302,0.283799915665191,0.457128399746996,0.0944598897786232,0.274956103765035,0.330804729980227
"142","SEEDWAY_9558",4,4,49,446,2.08,2.05,1.44,5.56,0.474235022210814,0.26530660339064,0.221592511086151,0.372022309740521,0.270869903218901,0.594942746299822,0.250710714296316,0.355388374058451,0.503456560489809,0.141992346742966,0.411833654895978,0.411186790505676,0.064994252972783,0.454980069755854,0.426371230106392,0.178212412629343,0.301906231902044,0.362074827293787,0.218813151859724,0.335516417653814,0.420469869751847,0.143597389467171,0.295794246526123,0.381180011507989,0.182645481752371,0.344175843853523,0.489660071029934,0.238270353185974,0.39431763662912,0.506417136003337,0.231073034766308,0.312535294832479,0.530505314776293,0.257142211117769,0.282104103047553,0.457812539938144,0.234859606108221,0.35845858064436,0.512242400524284,0.22084236547824,0.322921254063123,0.472901817568034,0.223087923599234,0.183805032825957,0.379176646049919,0.198577429753427,0.379152556222365,0.46724182804778,0.214876841167691,0.296369850692571,0.451729004940014,0.210793278194565,0.201165384784666,0.413111369688167,0.233136928667164,0.334855136084284,0.483929755128458,0.246774691194642,0.253850089941815,0.410153364547326,0.264498594955504,0.268309942559365,0.455114968353659,0.241108621496934,0.274623892366715,0.412435285841801,0.2049668832042,0.281580186200954,0.449214215160877,0.0896349923395077,0.303383652103375,0.324636171210566
"143","GUARDSMAN_II",4,4,50,447,1.93,1.87,1.33,5.14,0.440035381185996,0.242011389434389,0.204665305378181,0.377694270708485,0.291710700752241,0.595310291645229,0.268461495795556,0.363939862377744,0.512288247374896,0.179907395800917,0.424665407447383,0.434895065059663,0.0620367516106575,0.462845335443594,0.438219760250887,0.165947142703099,0.330954250093272,0.37409241180616,0.211331016872564,0.36746191116597,0.418787728057086,0.134535851189689,0.299117610724759,0.360692091263243,0.173552342144931,0.373044226080974,0.476343159689505,0.243062430931657,0.385630997079683,0.505350177304965,0.245184442413274,0.309424948889508,0.530871898522442,0.280899244895697,0.321215302386015,0.476519755492558,0.246479567706251,0.337352201360177,0.505732995264401,0.218936367592439,0.308851695096405,0.466432162194107,0.198809273133077,0.167981313330701,0.343526779839453,0.205520820596735,0.374572497792312,0.465357392292377,0.230725379921092,0.309635518286355,0.456205045179681,0.217580029302547,0.197255391894398,0.409421703359195,0.240152583274282,0.349698383491947,0.482746753589579,0.240130509560651,0.234763434564033,0.395178033548636,0.277536025512608,0.291561735383591,0.466970520023316,0.239657045513802,0.270227763098004,0.401793730455704,0.185028432728353,0.258930920706975,0.430872370384381,0.0878193460119774,0.301514201794078,0.320521393982694
"144","ONEIDA_VR",4,4,51,448,2.17,1.89,1.28,5.34,0.494754806825705,0.244599746540639,0.196971120965467,0.373269517876564,0.300801012730011,0.587447141252124,0.286017119394261,0.346564239965775,0.525741391316839,0.198154659355298,0.435932271991365,0.432356389038796,0.0594356200351728,0.468553738386236,0.435596734957062,0.162432473696171,0.380832866973428,0.374743890685238,0.219219961109912,0.341408237417877,0.43581028361427,0.134652689142558,0.272471396833387,0.388529269731544,0.183225151910504,0.384436947908178,0.490225518270151,0.247103471832184,0.379444879015436,0.509661556111806,0.258800691793733,0.312213477443475,0.537052318557755,0.280781062932596,0.268824447049351,0.457499171166051,0.259616955209696,0.336333908361927,0.515257688637814,0.21849529271306,0.31747379269955,0.476143620354102,0.215467201674661,0.207953970551681,0.37621997046395,0.193905370463859,0.335991493886231,0.465240790627788,0.228006689836703,0.29475417548812,0.459619881827113,0.208385758163394,0.216651023786277,0.425890611822098,0.225326348190512,0.31949332337396,0.476179824055407,0.24689656533205,0.285268156226709,0.424660561022903,0.257608097982001,0.255508059303126,0.454482140250641,0.239785490645162,0.260776983690673,0.428498229560139,0.16672921864712,0.301056049429418,0.416060147531681,0.0989726594314698,0.29890680254002,0.334620834759243
