"Germplasm","Rep","Row","Range","Plot","yld1","yld2","yld3","tot22","sca_yld1","sca_yld2","sca_yld3","GNDVI_133","NDVI_133","GNDVI_159","NDVI_159","GNDVI_164","NDVI_164","GNDVI_168","NDVI_168","GNDVI_171","NDVI_171","GNDVI_175","NDVI_175","GNDVI_178","NDVI_178","GNDVI_181","NDVI_181","GNDVI_187","NDVI_187","GNDVI_189","NDVI_189","GNDVI_194","NDVI_194","GNDVI_196","NDVI_196","GNDVI_207","NDVI_207","GNDVI_223","NDVI_223","GNDVI_231","NDVI_231","GNDVI_236","NDVI_236","GNDVI_238","NDVI_238","GNDVI_243","NDVI_243","GNDVI_245","NDVI_245","GNDVI_252","NDVI_252","GNDVI_258","NDVI_258","GNDVI_259","NDVI_259"
"ALGONQUIN","1","1","16","113",2.14,1.94,1.43,5.51,0.487914878620742,0.251070639306264,0.220053674203608,0.349609145320225,0.544405112078424,0.212780024144719,0.499030702435633,0.226449764257024,0.48827232116088,0.054023437019382,0.277710952841525,0.121476266054482,0.344494232682502,0.102063296355222,0.352487030445174,0.128348830186426,0.394262731589721,0.255567894428851,0.521212284000358,0.249092601834381,0.572998930955361,0.274576977132246,0.551625807313447,0.293908662930202,0.605564349491005,0.270357373858996,0.527825453450511,0.271572411149354,0.412760889590736,0.217008783393612,0.453387628310229,0.24188112645492,0.478999404984294,0.251287469005697,0.463744282649701,0.304577983342423,0.534294843863471,0.222279790742012,0.428827500868521,0.286949166694842,0.517933565325224,0.263976625129675,0.43414981776719,0.200977947851692,0.427224008574491,0.11838209839094,0.362478547980278
"SW315_LH","1","1","17","114",2.18,1.77,1.31,5.26,0.497034782894027,0.229069603903138,0.201587631613095,0.343449511341316,0.533142380028442,0.227812338262245,0.491529593831384,0.215091181611321,0.459460063744693,0.0606071681103992,0.26540637181629,0.11833545797526,0.325275218209647,0.0688884741600339,0.326467364271108,0.107153023194021,0.344509434807942,0.235273054211516,0.492270421106038,0.252443593808769,0.553515722778473,0.283005450742102,0.540649210468001,0.301300295960136,0.592237306771275,0.269774876577799,0.504192017226872,0.267049019761893,0.410344489772046,0.218384709081565,0.436059250919932,0.261916954545442,0.484053855840148,0.255183103697013,0.445136777905988,0.316203771763053,0.534620882515527,0.204053901605889,0.384829185911653,0.301365813803388,0.515199380000139,0.274576376905004,0.434301843740209,0.229404184450404,0.426067923418027,0.127227139446366,0.361155572755418
"NY0465","1","1","18","115",2.34,1.97,1.59,5.9,0.533514399987166,0.254953174965639,0.244675064324291,0.360638926676845,0.553642760492238,0.218107115207192,0.488962945740439,0.211161322712557,0.481693799844097,0.0608849328456958,0.29596266010141,0.143376177080708,0.323090774364714,0.124628669018647,0.366311262995646,0.136540070700092,0.400690479352012,0.260496788268997,0.526992417104141,0.242354792160272,0.548412468710889,0.278867602341572,0.537576375336865,0.288393477561205,0.584457505494395,0.253369848025773,0.497745466643227,0.269780441101735,0.44450541737948,0.223988864821445,0.461258910794514,0.265808740107775,0.499625693608424,0.257293645767363,0.466702139545277,0.318041505401187,0.533166605072372,0.189845157813932,0.396229000074606,0.300616609909854,0.510537067451902,0.264110413887522,0.420549989064061,0.231652466863097,0.43051636088519,0.131189294110306,0.359844987768863
"HI-GEST_360","1","1","19","116",2.06,1.97,1.38,5.42,0.469675070074172,0.254953174965639,0.212359489790894,0.380428572429714,0.572800445641353,0.226851788801968,0.487736407275094,0.21133724054857,0.474845745637705,0.0608787110734913,0.299040124270934,0.188393401565184,0.349123088378487,0.206500017178612,0.445595911399323,0.184521731873657,0.457708271813156,0.308321162693385,0.571805739554548,0.274793938289389,0.562100803087192,0.310069934361478,0.555355736169787,0.31875682022971,0.598699076794753,0.291755127386985,0.520033351706117,0.285829387115457,0.43824991592461,0.261273938280701,0.486505777217852,0.28155608791692,0.506221235141904,0.291450963173535,0.48477825254678,0.335337247110881,0.537510013146634,0.201243455816462,0.376159654068784,0.313650335908352,0.519900445521964,0.268942669414326,0.418289500907387,0.220456999015225,0.412756026311918,0.120646107423274,0.350286069178803
"N-R-GEE","1","1","20","117",1.98,1.86,1.38,5.22,0.451435261527602,0.240717210881264,0.212359489790894,0.369925839212102,0.559631929644991,0.211144398963747,0.477242598265616,0.219373068129695,0.469965371469689,0.0579024914078899,0.273225475541487,0.183526159865132,0.33272447456784,0.207923681134205,0.440904429419748,0.178313932855919,0.448844389372071,0.296058567746789,0.558613242398409,0.252217430771435,0.540506883604506,0.282447291313153,0.537239365532943,0.292027553176869,0.577547885937204,0.255599189827993,0.492428499249778,0.252296231429563,0.42055957655247,0.239269272302897,0.468965345051433,0.258079004112691,0.485723460829286,0.271315954232723,0.465937365486977,0.316489687739794,0.522212467076383,0.18231171482615,0.355312688345739,0.300133356929114,0.511055737431449,0.257185208080659,0.406576814626966,0.210563378492695,0.406293174064972,0.115315317354325,0.342215039862099
"PLUSS_III","1","1","21","118",1.84,1.91,1.13,4.88,0.419515596571105,0.247188103646889,0.173888567727326,0.382011256760756,0.577353147732949,0.190863974095796,0.448168692158462,0.182661746522197,0.436655172098384,0.0793197214852963,0.285828717137079,0.215838063204164,0.379521359283671,0.25476019803094,0.486171649994166,0.203868941671026,0.482377592693659,0.318524707553861,0.573716815482867,0.275234888290297,0.553472569879015,0.300863378209758,0.5511403715697,0.306920694324116,0.590495914769388,0.276886056506173,0.505397055830591,0.249759965778821,0.36674036057376,0.259484035177935,0.479670805057802,0.2693804116247,0.496038302406354,0.275508665799177,0.458496387375874,0.318587520825048,0.520857152147758,0.178777095236387,0.336588875906218,0.318372445808757,0.523867388146325,0.273200871836303,0.421160982934024,0.19198586100824,0.390420738499044,0.110933438685729,0.333296439628483
"SEEDWAY_9558_SBR","1","1","22","119",2.22,1.68,1.26,5.16,0.506154687167312,0.217421996925012,0.193893447200382,0.351933589746826,0.544409893179004,0.217133008002367,0.476310910837765,0.20188394832978,0.445673832224021,0.0489595893873089,0.279774612386061,0.146924953992505,0.337054273186068,0.161622694974594,0.402743189733314,0.142841580578899,0.41257436096638,0.260954371786222,0.522721968543886,0.247237879004522,0.528489648518982,0.281267739536464,0.53638752475106,0.279826600824418,0.572499013861841,0.249121534443479,0.48800563432036,0.247472779338503,0.371338772645524,0.227681350452144,0.434382003731849,0.241391869594812,0.464201502760596,0.268675375571522,0.467876794592481,0.289797496334414,0.509943144229071,0.174598829459416,0.34934231994815,0.299300192267049,0.511166566563374,0.281030885284021,0.434505665998688,0.230643688517425,0.42681924216632,0.142642169575951,0.359154086974156
"NY1517","1","1","23","120",2.19,1.67,1.37,5.23,0.499314758962348,0.216127818371887,0.210820652908352,0.347392068702196,0.547117660829255,0.215948115926011,0.493545121166605,0.198519839294954,0.452842237812556,0.0406598647720654,0.28768691931182,0.136263820325568,0.348201534842267,0.125075380614456,0.393065770378476,0.115906213314114,0.382845024877565,0.237377695614367,0.511584630801215,0.240164806163275,0.524491421568627,0.287210740169211,0.544321653424403,0.28127689024324,0.580812031659489,0.244247653487985,0.493018179440559,0.260087928902967,0.414397216007954,0.224694387909674,0.434517666715809,0.244156633082972,0.473788312784535,0.268761000159623,0.461985280994425,0.283600519662531,0.511587776097143,0.188370400287925,0.366474273325149,0.290033915178459,0.50458518394951,0.280586328882707,0.426676440046424,0.232483281065587,0.444240590126726,0.1185271708923,0.321054792957907
"SW5606","1","1","24","121",1.88,1.86,1.25,4.98,0.42863550084439,0.240717210881264,0.192354610317839,0.389843725056304,0.563154580608978,0.243550021602632,0.519601802748007,0.210358479596711,0.459175752680935,0.0748454851083537,0.287466367713004,0.207869367525643,0.377018827045586,0.238619571031801,0.474425930799288,0.200997613574999,0.465794767550694,0.301136319776893,0.562772468255037,0.279069139901826,0.546122887984981,0.327464603414607,0.566667238532307,0.314494350643497,0.60095164072719,0.276966341354535,0.512299337368963,0.280215783471588,0.425223348101358,0.273943894552865,0.482893657197063,0.278129612849151,0.487397567354394,0.297345920684205,0.471395785871014,0.317589762246121,0.508985269729782,0.206407985125179,0.360727040345328,0.308726696336388,0.497329899701816,0.285013502729555,0.404944463163619,0.197330951722138,0.396135989879823,0.108625307553452,0.302644080256537
"EZRA","1","1","25","122",2.14,2.03,1.44,5.6,0.487914878620742,0.26271824628439,0.221592511086151,0.377170826446686,0.553088895648919,0.217265732871897,0.503571336307909,0.201842676169241,0.459311177070216,0.0496140846812758,0.294109147395879,0.176593101511272,0.370784754176512,0.17904503177429,0.428255546783504,0.151779937682701,0.429437612352837,0.269385594159431,0.542696600710299,0.243089075875524,0.532745880267,0.295660172196164,0.562993245283896,0.283509946139223,0.590364570623793,0.256950052934421,0.508076758810998,0.244271801486757,0.407935254638768,0.229742955452716,0.461109547487256,0.245355657002551,0.484755559245575,0.271783819163913,0.475794829800562,0.283970171969849,0.507393880271843,0.181575748968173,0.356031527488585,0.29841233016251,0.513787003635201,0.286055421583227,0.435857111611603,0.202533427467614,0.419204968160898,0.117897375161815,0.340713376200683
"FSG_421LH","1","1","26","123",1.61,1.68,1.14,4.43,0.367076146999717,0.217421996925012,0.175427404609869,0.322139231339066,0.529252678772504,0.23905643455567,0.494727447412869,0.238409043872509,0.473097526990893,0.0539948200924582,0.272928280430259,0.162370208696507,0.358383132545456,0.152963813319577,0.405589549735752,0.138068764939092,0.400715318639838,0.262394624959516,0.517549563361783,0.251962606481286,0.515943134045762,0.305930744371121,0.560059902925808,0.29111547929491,0.573638730387418,0.265860998628333,0.482032556513692,0.224580221538203,0.358000408496732,0.241405354022226,0.446498037399865,0.265278506966821,0.465440519185797,0.288410081009445,0.455341404238463,0.299135329984122,0.507179417989315,0.188339426204071,0.333341305871007,0.299689065578803,0.49506487556305,0.287257872871682,0.407360182541512,0.222439164535273,0.420826135384486,0.13183795520761,0.323055306681496
"ONEIDA_VR","1","1","27","124",2.01,1.87,1.49,5.36,0.458275189732566,0.242011389434389,0.229286695498864,0.315572593870677,0.53865204782364,0.232361971815145,0.509404236002701,0.242190348410983,0.471496372249205,0.0426791847812602,0.2941344998388,0.148815202271772,0.354813352402272,0.137025252292352,0.405935625111303,0.110908494985651,0.411452532148167,0.247527271643029,0.53219819739159,0.22092632920105,0.52818953379224,0.285201721967604,0.575415127543909,0.263929301132076,0.585590114392026,0.243716071420872,0.496278107807412,0.243381481251792,0.437950513538749,0.215258397745093,0.466388788370213,0.243498513114209,0.498869055032034,0.252675201458915,0.469491763865996,0.273827488849444,0.515508400614509,0.168260020999454,0.363355587055915,0.2782468710312,0.50621702775403,0.264438696241318,0.426916006076835,0.206319162146848,0.439399785637728,0.122844573278207,0.351348340241074
"PERSIST_III","1","1","28","125",2.2,1.94,1.4,5.54,0.501594735030669,0.251070639306264,0.21543716355598,0.355359567297237,0.557088075016294,0.238343778083405,0.496305276612182,0.240489350262728,0.469255470304064,0.0647556005251214,0.294447668454527,0.171383449594561,0.351031583519484,0.170256732501776,0.42568163814226,0.139526210202909,0.435206189508209,0.283701464775634,0.553019816754708,0.249633307573222,0.542219180225282,0.311777566488862,0.584775364028222,0.28603398206662,0.591774405540495,0.269470686912968,0.503354969221287,0.248544713457498,0.413254843604108,0.246079704992225,0.494726120113117,0.268313144453088,0.508795715886919,0.27659594209968,0.482240676388349,0.299449269823085,0.520422462849153,0.184645277665925,0.364256437038092,0.300567323681485,0.523920387013366,0.288123617374335,0.439348809164908,0.213874659364429,0.442068943706515,0.123366167567149,0.354538322116177
"ONEIDA_ULTRA","1","1","29","126",1.73,1.59,1.24,4.56,0.394435859819572,0.205774389946887,0.190815773435296,0.291993393838045,0.507865281314241,0.218889083457748,0.500689960379977,0.249242292404825,0.4755249745158,0.0680048917692367,0.271274070166183,0.153761325860009,0.322010892094681,0.109216688646027,0.386104407312565,0.0903821627943502,0.38049619688893,0.244806135494588,0.523090441363426,0.215843616396426,0.522478358364622,0.287200414885621,0.569670569649661,0.258559306759589,0.577286675798151,0.241755383891107,0.487222924775167,0.232955124255992,0.414300449346405,0.226698735801866,0.485570134486543,0.2570410763678,0.510061023703765,0.252227405203017,0.460632644276701,0.280611155420999,0.511167755991285,0.166909307297497,0.345865653229277,0.283624246496585,0.513152999696948,0.261732538096618,0.421105031836203,0.191722674037104,0.423322825378812,0.110426426262473,0.338378344050171
"WL_349HQ","1","1","30","127",1.76,1.76,1.18,4.71,0.401275788024535,0.227775425350013,0.18158275214004,0.350300568998254,0.545155626316176,0.228686519846825,0.493812070282658,0.234887756963736,0.456339269652815,0.123813534931962,0.308372314546147,0.226754005075583,0.369292292338877,0.212460756969428,0.462236780749503,0.16717753688557,0.4658234521193,0.308421554834257,0.570438863521055,0.257519213256846,0.539168231122236,0.314318602870735,0.583517688519082,0.286084602761548,0.57787058405204,0.25799244714931,0.489519857917139,0.238882261639371,0.394171455308447,0.262359777455847,0.528137336806067,0.281466171909435,0.524983879225649,0.257762628214145,0.452593709848612,0.297399954058465,0.510246096909661,0.175016590280311,0.341129596848155,0.30600886618971,0.523211030142607,0.268319473016095,0.424019223607441,0.180772320977502,0.384699997898409,0.119566061924556,0.325203112919376
"FSG_415BR","1","1","31","128",1.92,1.78,1.35,5.04,0.437755405117675,0.230363782456263,0.207742979143266,0.317945094298868,0.540708651461606,0.223535557610867,0.488041540726963,0.225248759053248,0.450845480340063,0.0936076427052513,0.324995750168528,0.171656451567041,0.357131241209564,0.127621256355921,0.424124064506895,0.132982651762834,0.429853256622214,0.265666492944448,0.538373324976871,0.240794416035243,0.530671542553191,0.303409906095436,0.57516301744905,0.281587801117444,0.577409117046754,0.252757532195832,0.502746887501426,0.239908376435871,0.409059964030355,0.2349550633443,0.510394822469126,0.265595942188093,0.528004068246918,0.244825275851945,0.452379947971595,0.285352640179919,0.509126970935966,0.169995088455909,0.359080882823939,0.300952400625229,0.519175163862071,0.262900106914908,0.430453339008199,0.200557275989488,0.426448101212618,0.120029652822483,0.344183427047289
"GUARDSMAN_II","1","1","32","129",1.79,1.77,1.36,4.93,0.408115716229499,0.229069603903138,0.209281816025809,0.287739188792201,0.514198029561656,0.236943522079291,0.498668640254318,0.247974405314474,0.451733675121425,0.113425999415728,0.314951786394677,0.182912040461976,0.362063564855118,0.126401305576311,0.404730136305366,0.132926720944268,0.414963449608778,0.259059249273712,0.53151927132409,0.238696798489494,0.521343085106383,0.298936618533713,0.565129141111421,0.281518987706403,0.564872205812469,0.247809500992985,0.498324497400369,0.23520297825508,0.402590837975757,0.235712851056712,0.51426191405718,0.266230952742135,0.533960694369491,0.248127749179399,0.454685410126928,0.288586373109168,0.508483595096413,0.186857936713231,0.371502084996895,0.309038018763447,0.508807716635041,0.262302289633533,0.423720938480909,0.193396630354689,0.401968664779502,0.111495116156021,0.333575040876079
"AMERISTAND_427_TQ","1","1","33","130",1.66,1.78,1.17,4.6,0.378476027341323,0.230363782456263,0.180043915257497,0.338459249099061,0.53141436105822,0.243175520627858,0.490605605439365,0.243840792387868,0.439171163878395,0.130730510082523,0.317784811981594,0.216642477383647,0.387021402524009,0.206248083111135,0.461808027504228,0.187355656833334,0.464105149926045,0.30712997112113,0.566579105909061,0.256919890268586,0.543406862745098,0.316655487715968,0.575472825659611,0.29562335826362,0.578093306288032,0.270142698034121,0.516987552438987,0.242825078177024,0.386863183752248,0.260736760505049,0.542489616793022,0.282306236259956,0.561579420759129,0.265226617821163,0.456723393980116,0.295597794276208,0.509628979286574,0.191539657333541,0.362573516253652,0.316841640987321,0.51900260903793,0.253941292351841,0.416325997387197,0.178825423865232,0.389948511022844,0.109150567082452,0.322499896800826
"LIGHTNING_BOLT","1","1","34","131",1.99,1.96,1.41,5.36,0.453715237595923,0.253658996412514,0.216976000438522,0.371374332828202,0.576376949298522,0.249384699337925,0.495703927239197,0.261224211034628,0.461169574863585,0.117074481772695,0.316177496409625,0.196184147463481,0.377041749575094,0.209391113649204,0.456842173136088,0.179963209995322,0.474943109199165,0.294923160365284,0.564443399886591,0.250356782237394,0.543110528785982,0.301238661000698,0.57880395641669,0.28187003342104,0.565354869969531,0.257212156006015,0.498699851878676,0.244295405346316,0.407517217177699,0.248068384101683,0.542855504775009,0.270627784310563,0.549639807934465,0.266661901619053,0.469527121389867,0.294886825788882,0.516315806587975,0.182698713498474,0.371671711862903,0.307676736428552,0.513688283662611,0.258918415470617,0.427213818297895,0.200170762580931,0.411603303700902,0.128430993625892,0.345654334131843
"VERNAL","1","1","35","132",1.78,1.51,1.2,4.49,0.405835740161178,0.195420961521886,0.184660425905125,0.341561699825628,0.551296611347086,0.234726762983563,0.499372115996157,0.274199612384706,0.458568915678594,0.0994915146470265,0.29872197309417,0.14960517936609,0.359466782493588,0.120341965697512,0.364635415707154,0.108284303128524,0.371796177788524,0.223035651251,0.505659951242129,0.205847940155135,0.530994472256988,0.265332491928513,0.563562294039015,0.245366133976883,0.559096448029648,0.244328421142345,0.504055961761253,0.246055993241607,0.432813820531941,0.21283626257137,0.517934765612784,0.247685313975827,0.553002476925844,0.254323509838017,0.472783795371485,0.269310517972289,0.507916594154864,0.158675693256634,0.373073539562309,0.285921573618391,0.513388208881568,0.24805863200027,0.432540980214817,0.181097681144503,0.4296639556144,0.106509314638911,0.3396578668232
"REBOUND_6XT","1","1","36","133",1.7,1.82,1.21,4.74,0.387595931614608,0.235540496668763,0.186199262787668,0.403507221101859,0.60668738045815,0.240908388164844,0.479431140044951,0.270681480923804,0.440311656772801,0.153700301456156,0.338187520150063,0.240457437898835,0.409512187538863,0.281489845976998,0.509056575965808,0.224533607035497,0.506559033120618,0.31749902934679,0.577560062076581,0.264819851764836,0.56265931372549,0.306366847746321,0.584264647802249,0.289110910432331,0.563896892949897,0.302529213492336,0.530058923269321,0.235182771475047,0.375720489538097,0.269508778224905,0.559547114965072,0.295163893156922,0.566953242835596,0.285944187702601,0.470219665235361,0.30851247156072,0.517026679741209,0.175060903932584,0.357052500849681,0.318717814323318,0.521643693896105,0.256271576246557,0.419959684808503,0.169024099872726,0.373783914423218,0.114428721275764,0.312029354728317
"SEEDWAY_9558","1","1","37","134",2.08,1.87,1.54,5.49,0.474235022210814,0.242011389434389,0.236980879911578,0.385134322428729,0.586515208828517,0.245302062041701,0.503981355388005,0.281829248449811,0.458550698566889,0.112924860445613,0.279987983235148,0.176373695799002,0.380575980392157,0.197986843984421,0.431058442794594,0.17268212016632,0.463750273539562,0.273307330431525,0.557373506229341,0.236667034237049,0.567493481435127,0.2765406532291,0.5846013739072,0.263380674276421,0.565034491540953,0.321672535799296,0.565697591079525,0.25905121822117,0.430916933514644,0.227478733578902,0.533383722373036,0.252118678611608,0.559541561155161,0.271524613306119,0.494311520788933,0.277371951978885,0.511366695932104,0.188597849504678,0.388198804425985,0.296491643339371,0.507691960158753,0.263854616799714,0.437852063345688,0.191769253570014,0.40854100780097,0.126764176868599,0.335817099309359
"NY2003","1","1","38","135",1.79,1.65,1.19,4.63,0.408115716229499,0.213539461265637,0.183121589022583,0.359123825159521,0.546561679987604,0.251299261572175,0.499018562189918,0.310068125765171,0.474435450020987,0.113011434533969,0.254360327090477,0.162057540778041,0.374285951166936,0.14548467812693,0.382017034812672,0.128587149250781,0.38878685533646,0.243589536035419,0.509467252957629,0.236275841066293,0.539141635377555,0.276788321332941,0.565323354277912,0.264770419677635,0.54964913777306,0.323505310301346,0.555817282665279,0.24000223621494,0.380773054934129,0.222815566157712,0.506832738411686,0.257030236671439,0.541219505445086,0.274477610426026,0.453772275291883,0.286782192685876,0.502255389718076,0.172183879382833,0.349509596682364,0.294362137358093,0.500356651199379,0.268143127589025,0.420730638954406,0.196670896413361,0.406693987348423,0.122958407194466,0.309927373664398
"LANDER","1","1","39","136",1.97,1.88,1.42,5.27,0.449155285459281,0.243305567987514,0.218514837321065,0.362120560504266,0.570271506241425,0.213803762694674,0.477294916457719,0.280632675987817,0.46323581759172,0.126116533086029,0.280473343298455,0.195680050698376,0.39440424112683,0.206098762883076,0.44306553953502,0.157611074283368,0.454919014478717,0.265194761315605,0.557836123795028,0.225032915479354,0.545700224238632,0.280890171389307,0.590413878821671,0.26083158141688,0.570328267533847,0.324989557364175,0.576519735436834,0.211742003278347,0.36630258367329,0.220108637412172,0.551870764254665,0.260257653895612,0.571710047462881,0.252849801874285,0.464328003555518,0.276512628077828,0.507579487600645,0.161220463073444,0.345762711864407,0.303507726030682,0.52607057711422,0.264221982720966,0.453020033458062,0.160975517303946,0.380242733749448,0.105490732832976,0.337657578868652
"NY1615","1","1","40","137",2.18,1.91,1.37,5.46,0.497034782894027,0.247188103646889,0.210820652908352,0.371166949116364,0.567330800253684,0.243427596339502,0.498385142374912,0.319405611036523,0.474306438482717,0.118258644933712,0.283942231601161,0.183285506995008,0.388177387762716,0.200824475899331,0.439815879259639,0.155687358920516,0.420790616034157,0.26143972462978,0.547939606048369,0.22680225995567,0.523034652690864,0.29435385944416,0.580338687425389,0.263421916329827,0.553411250320523,0.325489516520836,0.560361058470604,0.226887171159368,0.399880978491322,0.218239499664269,0.544434169201971,0.258137096368659,0.556053385362614,0.2652078691335,0.474366291549313,0.281070028294136,0.497355225705613,0.170974595149244,0.355765206270832,0.298720866214366,0.500663441555282,0.261055945779918,0.426510489634503,0.177978773386879,0.358878170775277,0.110122440049827,0.313894638737848
"55V50","1","1","41","138",2.19,2.02,1.27,5.47,0.499314758962348,0.261424067731265,0.195432284082924,0.386866501391905,0.578887799772913,0.224303776765904,0.466171150058618,0.290779846463478,0.437069466930503,0.145546880116471,0.291232304581025,0.206353706956226,0.396516570524778,0.233097842490187,0.454029988103867,0.179702039929974,0.45280518407681,0.290688723475958,0.569961815544975,0.25424559876725,0.526978645181477,0.326143345457133,0.593539895223492,0.287061033337098,0.564834631886915,0.341717130036705,0.568904191036123,0.226732686046915,0.383327923264757,0.247880289626614,0.556565358732541,0.284645735065467,0.559391700222785,0.274873932366117,0.465408937089024,0.28501159711395,0.491293597372614,0.181849615899845,0.346166187755705,0.310883122793277,0.508175553099652,0.263323629853122,0.427060596924932,0.157347410849609,0.344461311406283,0.0939568647906639,0.306621576565849
"SW5210","1","1","42","139",2.14,1.91,1.26,5.31,0.487914878620742,0.247188103646889,0.193893447200382,0.405843925536934,0.591247388312409,0.256323993000287,0.495664109979463,0.31942968895524,0.466908362124407,0.157148182525372,0.281407866584601,0.211323025873521,0.399083079961943,0.272909950728561,0.486296824671317,0.210112575315007,0.476654354090702,0.307477012385742,0.573904557256693,0.264407209660768,0.528617412390488,0.342462996016279,0.592678833108161,0.298694345649059,0.561004476856919,0.349181409799382,0.569039027288669,0.229987187071089,0.378399350791771,0.262383402064395,0.554224241530743,0.292621962770752,0.544373088685015,0.279567673949015,0.464507429752528,0.27224512901687,0.47502700204661,0.18187564511907,0.329540780530668,0.331456134298909,0.523452163914269,0.288682215852103,0.460863606086256,0.200283908166165,0.382043376836265,0.131030000176552,0.345862200083653
"NY1614","1","1","43","140",2.16,1.87,1.34,5.38,0.492474830757384,0.242011389434389,0.206204142260723,0.365982032937375,0.562782027833798,0.241479603066172,0.503172880922242,0.343306322369068,0.464946333273371,0.13703184975084,0.274368826753422,0.173304495371202,0.391390996144758,0.215640810023478,0.44323470488519,0.157452609397956,0.419155334421645,0.258708974876621,0.538852694395836,0.227283731841359,0.520598273884022,0.316967318030082,0.583022749976768,0.266618948266147,0.551732668575003,0.32045459458291,0.558042489201237,0.242124298156457,0.424722222222222,0.230784650853207,0.532386987824918,0.278341085997957,0.541166922661796,0.268002576652165,0.481981291534997,0.24327558045419,0.478144062863985,0.18526536067675,0.36469254368414,0.29032763380342,0.495710936710801,0.259086189950192,0.422618714051795,0.196944747864356,0.372884433516172,0.0953110450163071,0.304743146127229
"WL_358LH","1","1","44","141",1.65,1.68,1.07,4.4,0.376196051273002,0.217421996925012,0.16465554643207,0.394401543431315,0.581481523210063,0.235009910098161,0.46941664632658,0.32499198038376,0.455496941896024,0.177294577251161,0.258843313109997,0.217281732740596,0.403456192603624,0.27921361072536,0.485747007854191,0.19694795535437,0.448674169981324,0.297310873603185,0.561210642552303,0.262977932779536,0.524905350438048,0.3481779905257,0.58480538697433,0.286562346477162,0.542429254293195,0.335068046037414,0.551834343836441,0.236515842657557,0.374005310457516,0.273502373158203,0.542006233647101,0.316377145829797,0.542018625375344,0.279412669466027,0.451682956959332,0.264431854409315,0.469278264774646,0.177731764383513,0.33449507863409,0.302894022765223,0.503368816509234,0.262955400800626,0.424404050435369,0.181241990978749,0.34780341718681,0.0855831085500828,0.287388747354145
"SW3407","1","1","45","142",1.87,1.73,1.17,4.78,0.426355524776069,0.223892889690638,0.180043915257497,0.40866164849464,0.57982498259734,0.253537005092189,0.491612564758345,0.340369318563475,0.457517051292605,0.179370506350189,0.26636698027492,0.221023306431492,0.405489444720806,0.309054214913868,0.512682614542842,0.212685788980174,0.472329265173866,0.312903036639051,0.57396215716119,0.275184216662201,0.53250664893617,0.354466129881611,0.58793820991758,0.293201395544717,0.553655696890422,0.346010680899889,0.568759603366805,0.249301332612804,0.409966444911298,0.293003085953095,0.547709588886059,0.328744266503117,0.550763120615219,0.280053678802855,0.473119760454277,0.275390457229169,0.497864793678665,0.18975483658295,0.350374517473221,0.313681994242132,0.503271507114012,0.268242335379914,0.42411155840087,0.1786866907605,0.356048568554868,0.100735179294048,0.311364293085655
"ALFABAR","1","1","46","143",2.03,1.93,1.24,5.2,0.462835141869208,0.249776460753139,0.190815773435296,0.403865196491644,0.583514281036342,0.233863743292314,0.47636860629188,0.335682953223994,0.45437729019907,0.145742102148401,0.295184940941997,0.169908416458267,0.392360723297758,0.243094628729356,0.469549965304004,0.172500336102821,0.427572685141889,0.28546527528362,0.564296525627795,0.251738338116613,0.527255293074677,0.337373416779901,0.583734957253043,0.269672690282957,0.536741023036808,0.332640779500769,0.566737507576397,0.244756436637569,0.391485615079365,0.269404095336101,0.537606196120128,0.310035785878513,0.546181659678691,0.265562101302642,0.465487402938383,0.274236238255154,0.509650960881865,0.17668712337577,0.368826702396581,0.306220431294693,0.513226836720288,0.273798483877952,0.449076001820686,0.195369675508331,0.395241367715361,0.100116298939705,0.330346907993967
"SW4107","1","1","47","144",1.74,1.85,1.2,4.79,0.396715835887893,0.239423032328138,0.184660425905125,0.403361138078522,0.581977872250733,0.246320265325474,0.473244280737569,0.340165585562436,0.458768063800444,0.174270843476014,0.285527418740291,0.206334842965952,0.406502870704307,0.298160371271807,0.519242802685787,0.209029419984663,0.466270427176295,0.319076212561199,0.571974811233474,0.278983413614596,0.528315602836879,0.349613641138739,0.588678061089547,0.28463090696552,0.542577241081728,0.343534179287652,0.572546373220068,0.255179389318445,0.407040546270708,0.295331137581815,0.549644014969092,0.325144970253431,0.550383854318015,0.259412851310701,0.458858384688875,0.287578676078405,0.517357402689161,0.197626609441216,0.392666946370541,0.298235616374584,0.490540310416971,0.259068826362531,0.416477800043744,0.172039814179505,0.365700145009772,0.0877662372175685,0.311059102373981
"NY0651","1","1","48","145",1.72,1.81,1.11,4.63,0.39215588375125,0.234246318115638,0.170810893962241,0.368471614791434,0.559066361291933,0.240706367581547,0.478489683093264,0.351038593262109,0.464388529111951,0.164989619096794,0.259919253202028,0.180279467314057,0.393209233060313,0.258822032154163,0.484931770369242,0.175854431648313,0.44641599037703,0.298270294040918,0.568253838181043,0.259171158823711,0.526057441593659,0.327640260237489,0.580035690223957,0.270590747859677,0.528366602844812,0.322674774678126,0.563604918802503,0.218461830481208,0.374279071807694,0.271745216789707,0.538681224749336,0.31031278065055,0.545123777104349,0.224008588185963,0.418686627961911,0.285588355608474,0.527224690240542,0.170284892846292,0.376514146148101,0.301097313538954,0.50789196571929,0.267204240511892,0.444223147202806,0.18524165937317,0.383321564424269,0.101069525879245,0.319330266043069
"SW4412Y","1","1","49","146",2.01,1.99,1.27,5.27,0.458275189732566,0.25754153207189,0.195432284082924,0.376765131886629,0.571941406693528,0.260290019832486,0.493200793712303,0.355402870704905,0.467077361188605,0.157113058892984,0.276303086256924,0.174703006560167,0.400097417402479,0.283090921680891,0.498544608958881,0.195002424183301,0.456814892152908,0.318090941654728,0.566908511688428,0.289220119942092,0.523011446599917,0.346736977740156,0.583720843787752,0.29925098436369,0.546976360637713,0.347327521293779,0.579612717028508,0.249330578424446,0.41399701715138,0.303259398390295,0.546132452054753,0.330484858758676,0.545133325030789,0.229721774615987,0.431489040810728,0.296922484908182,0.525386661463922,0.188957586910305,0.395236255421709,0.312355824225439,0.496037596179911,0.273676829902576,0.430313477214823,0.188113534594438,0.356545013704406,0.113330576694673,0.310267285861713
"SW4602Z","1","1","50","147",1.47,1.82,1.04,4.33,0.33515648204322,0.235540496668763,0.160039035784442,0.330112410116742,0.533744096224407,0.251325164356895,0.48097513928716,0.347435944470035,0.459339226155756,0.143998730662748,0.235711040769073,0.157363827790987,0.393240671796145,0.249561467659146,0.470354775612466,0.171196371558942,0.41587720938932,0.303477539664393,0.541254513982153,0.28814937321629,0.507845614309554,0.343913679149026,0.573083356565375,0.301970425023555,0.542271394539124,0.346532330944783,0.573069349851834,0.215657987208232,0.373084177742685,0.291211709748253,0.526333063794364,0.327287489452629,0.535480233024755,0.218192333258347,0.41455756661639,0.298129626007913,0.530259942119468,0.185704893522178,0.393783276022273,0.303202402040333,0.481427910565576,0.252962085970679,0.407224695123753,0.18464372918858,0.359244267910808,0.108996669211947,0.290689760066923
"REGEN","1","1","51","148",2.28,2.11,1.33,5.72,0.519834543577239,0.27307167470939,0.204665305378181,0.382787387599592,0.583736368837262,0.26123631497441,0.507464364753367,0.365026031714617,0.464718474545782,0.13251714291218,0.256846478501715,0.152583565078438,0.387236416190949,0.252907669503813,0.473064853877661,0.157786527421848,0.42348709552397,0.296725086804361,0.550482436505805,0.269897937452885,0.513594336670839,0.325441974389462,0.570020658646251,0.292142396647478,0.546859887626839,0.337385036262239,0.574682048769534,0.196648278069586,0.36739848810516,0.276155744197725,0.538802740660326,0.321527662644728,0.545702187720536,0.20054511370924,0.430419418168838,0.295445162573891,0.543085747731929,0.180631270292079,0.417978566191071,0.319415317845769,0.51028786204308,0.271951690565078,0.456057032399936,0.150268568043736,0.372742996448311,0.0854802592041917,0.303346768571682
"SW5606","2","2","16","213",1.94,1.86,1.28,5.07,0.442315357254317,0.240717210881264,0.196971120965467,0.386661978461459,0.587245325251342,0.22739621981079,0.47486594110635,0.229182362372995,0.475246896923907,0.112214498221768,0.317120372812802,0.204559260785822,0.362471689625217,0.261768612547357,0.51104560834669,0.177732884550726,0.480067594572616,0.275480384814107,0.547408504210227,0.304057683463354,0.548233468919483,0.289028026278666,0.569408337979742,0.285712472530797,0.573532571262472,0.323552170812445,0.548510678563848,0.223246650212022,0.305050186741363,0.223561310887881,0.447788365745022,0.237888399502014,0.437882020839387,0.26693689447126,0.392829751568662,0.254353883686181,0.439148030318733,0.241765650859802,0.353802057221356,0.281460100812539,0.397921054277791,0.241414814142225,0.350256846784538,0.276961057296263,0.434831752055661,0.12736443963476,0.347859585615623
"ONEIDA_VR","2","2","17","214",2.29,1.95,1.53,5.77,0.52211451964556,0.252364817859389,0.235442043029035,0.361887638359053,0.57270525141679,0.215468394285115,0.484142238362187,0.216608014219262,0.488126011872639,0.0653949400419987,0.319736656994636,0.139967814403199,0.331893835758405,0.171001138266687,0.428585508741549,0.105730763776587,0.415468091366144,0.210120851425892,0.510801812715933,0.247094918237506,0.532504171881519,0.241102030345279,0.553111449464948,0.232061004418632,0.546469217057452,0.277462691240661,0.526393269436874,0.226156718762896,0.370579919467787,0.17912560715436,0.432787107400111,0.198189162921684,0.438817164127472,0.238011917459899,0.4135815642435,0.227030511730962,0.456728150157114,0.210413913972715,0.398037331693506,0.240340756137586,0.37767218549951,0.214247612648706,0.363799322562911,0.257593386912465,0.444475547989828,0.106723048375783,0.342448635562822
"LANDER","2","2","18","215",2.18,1.95,1.41,5.54,0.497034782894027,0.252364817859389,0.216976000438522,0.364444157773035,0.593380052653124,0.190880500158033,0.458851265893004,0.198210215357094,0.479784901588142,0.0762955040060782,0.327886807936927,0.162344518373334,0.335725366095805,0.19463715178192,0.452485953175713,0.118428926190522,0.431148971623072,0.225029673695957,0.525057450681947,0.243124203718855,0.530423445974134,0.239141686719986,0.551690276228975,0.22664934914564,0.530104010666464,0.269062958567106,0.51625197725621,0.206417533348028,0.350148265122604,0.195424796327395,0.460330713891085,0.202860152164585,0.448513706117592,0.231868534756227,0.402774844008637,0.246105641545274,0.459531524394269,0.213362616816564,0.364891870119046,0.259161605586764,0.412417591957719,0.213770359011445,0.365433802100883,0.24695716939095,0.4312760859971,0.0922958692486865,0.337159257085187
"WL_358LH","2","2","19","216",1.82,1.88,1.18,4.88,0.414955644434463,0.243305567987514,0.18158275214004,0.359672443254556,0.580643655023141,0.199836316626654,0.44487217812026,0.195242166103082,0.45353735683876,0.099620769599712,0.279672030247076,0.190896535605393,0.344667170494804,0.229553889313334,0.468288418891613,0.148146286758763,0.444317154524767,0.255032303831639,0.536187014851707,0.26758731976936,0.525372210054234,0.261824539142409,0.551519661455541,0.252373195828025,0.517772849675273,0.287485422124071,0.497303825664869,0.191882968112081,0.285251568188797,0.221309979674765,0.454007567939456,0.235317843828397,0.447585204865291,0.24628018684243,0.368786799620133,0.275583618440329,0.459154944233083,0.225978867185542,0.319898505541576,0.278181460828434,0.430667750971356,0.228064815024991,0.362507463039482,0.245303957428379,0.406277452031188,0.106419322156108,0.318275599832693
"SW4412Y","2","2","20","217",2.36,2.11,1.51,5.98,0.538074352123809,0.27307167470939,0.23236436926395,0.381222511908246,0.600142905050074,0.245089779405699,0.493784637262898,0.243572478746402,0.484193799844097,0.0669229116418385,0.332097951288139,0.177963029241316,0.36498213473153,0.238874825508403,0.487848246590057,0.154215139359262,0.46064181813017,0.244742681523145,0.531516996448503,0.260935508045788,0.521669274092616,0.267207998953712,0.550526496143481,0.262744064458695,0.514273031720689,0.295155453558397,0.513498006480537,0.226198745394759,0.335444722258777,0.227084091841213,0.456493074155114,0.242620605037203,0.449728761917611,0.260597761341028,0.400356671670989,0.288967394983764,0.479780580915676,0.233233522490551,0.374905969920925,0.283563631355549,0.402224997300395,0.236931905903742,0.355948119642457,0.267012121407522,0.437380067202676,0.13114110913628,0.323705390172263
"GUARDSMAN_II","2","2","21","218",2.16,2.06,1.56,5.78,0.492474830757384,0.266600781943765,0.240058553676663,0.350508092668956,0.586578190798986,0.211666192909957,0.467061634159511,0.209188433726352,0.468315310868817,0.0530832767435829,0.30310516134705,0.155208867140591,0.352029298006122,0.193363895702617,0.452454250674448,0.109162908222892,0.450043220049937,0.189792789285485,0.505946369415346,0.231403453659504,0.506834454526491,0.236730926613972,0.535019479173368,0.242507551063852,0.504378747954225,0.283421275713974,0.509391118253124,0.208685870457043,0.315279642058166,0.195274134260738,0.439617314230317,0.219981034436964,0.443673045788534,0.250639312415851,0.413987286540856,0.27559251876894,0.471500613009888,0.234436111470232,0.388402441956067,0.275316583806542,0.412233354880414,0.238719468778644,0.370274344287006,0.278812655090664,0.454615644107105,0.133191297673016,0.341997160855292
"SW315_LH","2","2","22","219",2.08,1.66,1.36,5.1,0.474235022210814,0.214833639818762,0.209281816025809,0.318575675432779,0.530883058665447,0.222249299365002,0.48518739950965,0.213982005176464,0.480924626731426,0.0392281154995128,0.312829215393183,0.117294291424545,0.333775468432616,0.0897265990016454,0.370975725084898,0.0431281768943279,0.338497496618656,0.130598266038258,0.424157884850407,0.218268564241862,0.495880397371715,0.224041428174395,0.524847133166063,0.241386404539245,0.50008017904329,0.273726428658923,0.507057877278993,0.218118935733944,0.335466070096943,0.175377361133299,0.393050808840283,0.21613180270545,0.428767902362074,0.243082626595925,0.371757286887627,0.269792949782728,0.476429356485546,0.229592750398235,0.347908512063829,0.273602268463522,0.428576566616526,0.231229911832421,0.372275443792229,0.293316072310987,0.467476409642099,0.131926060035215,0.330625879311
"SEEDWAY_9558","2","2","23","220",2.33,2.11,1.75,6.18,0.531234423918845,0.27307167470939,0.269296454444975,0.36502015133129,0.584428899691175,0.206537044806093,0.478221314931103,0.219970712042352,0.483714605419216,0.0497539630923581,0.304752483953223,0.145880882519793,0.335863039836188,0.161029328376784,0.413396031760653,0.0874047799944028,0.406480185189579,0.177763078436575,0.487367714208971,0.214767181985666,0.516769529620359,0.229552505817063,0.54177832566676,0.242676897667741,0.521936550965858,0.260053303976157,0.516207549892286,0.226588131026937,0.370668070360135,0.186718692274104,0.449405599560398,0.224224477686304,0.469508350976241,0.232469719367941,0.400162840064801,0.272300630748041,0.483788898644035,0.225273050533553,0.403045915045211,0.267368314131789,0.412477401690824,0.212191873335084,0.361645711042934,0.27523386732334,0.455443750919446,0.114109685206674,0.339273742585269
"LIGHTNING_BOLT","2","2","24","221",1.94,2.1,1.35,5.39,0.442315357254317,0.271777496156265,0.207742979143266,0.391421925607195,0.612727000132362,0.202791723937786,0.45948794976928,0.220508084177748,0.471670714157223,0.0748744100670711,0.300959436091327,0.182072536088391,0.352742973510757,0.224956367382289,0.475624067353218,0.126150655924861,0.453424407872298,0.212471053381681,0.523343032799117,0.244225041295136,0.529065498539841,0.245709034569786,0.546117961584926,0.253253432785583,0.517094821454639,0.284311677511552,0.5200216135387,0.22746612835933,0.357459461040195,0.213011959245204,0.457638600363059,0.234735053670418,0.459602999986162,0.238306839025242,0.39986001896743,0.278695298542023,0.474962913558485,0.222857616075218,0.369128662278624,0.275701327249363,0.423501782847134,0.202306406985199,0.334781842794398,0.262378337106657,0.428296870731143,0.101002565572537,0.334305501309836
"PERSIST_III","2","2","25","222",2.1,2.04,1.49,5.63,0.478794974347457,0.264012424837515,0.229286695498864,0.391904217820392,0.600709111747204,0.211433207902111,0.47051380938849,0.233145320646297,0.494940996993763,0.0631956437445279,0.34184003048155,0.163675532980445,0.351699010300323,0.200786856299565,0.449325577396634,0.12022595174066,0.417324214143728,0.216183374648839,0.511904398677854,0.254904014462733,0.528909704839383,0.248352896372208,0.54425399010315,0.246069756465714,0.517699348511561,0.29009235821372,0.524257305733329,0.226564869878881,0.341857115702358,0.202071812547546,0.442119856980538,0.233774780244981,0.464403254597534,0.236779434667818,0.400055152526833,0.280411713248364,0.478877849713831,0.223645517300319,0.35325606889738,0.278069777613627,0.437891409665603,0.217577409629978,0.373731874419952,0.289303633666211,0.448946658233186,0.13147857313359,0.377617273153605
"EZRA","2","2","26","223",2.11,2,1.57,5.67,0.481074950415778,0.258835710625015,0.241597390559206,0.38965232323832,0.60419935579416,0.212793797791398,0.479868071071391,0.226135600637327,0.487374078071596,0.0585380484682444,0.371582402766787,0.158303606417738,0.348229299200571,0.186141524698878,0.422741705495391,0.112886767753068,0.403174584619221,0.215251552879714,0.502966842749276,0.246853948580791,0.524015827075511,0.236618028906385,0.53577491368403,0.219645980622912,0.503754468681184,0.27207313142074,0.515707886676635,0.21739119114493,0.34176572940884,0.195432107672951,0.443262243931374,0.228902146205263,0.456982301742151,0.230709150244116,0.403995875225574,0.277266743105625,0.484177153448444,0.220593015461988,0.372448941911981,0.268554176798727,0.403066172705641,0.202786428970436,0.343707426895992,0.268193575496462,0.436193178235925,0.10554622206677,0.316659188562303
"AMERISTAND_427_TQ","2","2","27","224",1.72,1.76,1.22,4.71,0.39215588375125,0.227775425350013,0.187738099670211,0.391837494360421,0.60469283799838,0.203672159615474,0.460346738607608,0.221181254383054,0.470474814089841,0.104170321843508,0.340299100208095,0.216153831093739,0.376398842764954,0.23536877091704,0.48285371757996,0.151349150989132,0.452012460221415,0.250855620875161,0.528321592557694,0.265930671125988,0.527346944096788,0.250368292387559,0.538915557336679,0.222476124411978,0.492467430652874,0.290484644321473,0.510420646672651,0.205112612693792,0.30682282756503,0.227600837141223,0.462627305042166,0.244323152206423,0.459997647612327,0.244278619891028,0.394383693648399,0.284818206945529,0.481134718564042,0.238713834013987,0.34285208336208,0.282695252222862,0.420021840678002,0.219662651497661,0.363562515147753,0.269793529528892,0.419212744047244,0.120421730610056,0.322821279246993
"REGEN","2","2","28","225",2.24,1.94,1.64,5.82,0.510714639303954,0.251070639306264,0.252369248737005,0.383305082091832,0.589218377768013,0.191678311346599,0.472197926162121,0.218107699421703,0.469393326137795,0.0757158679249636,0.348297869222427,0.173181076892815,0.349951809476433,0.161796057007763,0.41283874353446,0.118456025998363,0.408066527633494,0.216519735072036,0.505669672903486,0.24102108560475,0.523865900083438,0.2270849946156,0.531049159000093,0.189477748831133,0.487222833058457,0.261316605632015,0.513149299282441,0.212427259761443,0.347481978622918,0.191100435585556,0.437724733699966,0.22841396894006,0.457274828068136,0.227624790994159,0.397021063645876,0.264612153436026,0.476126637870519,0.227060051266983,0.380804826638753,0.272317776857469,0.419658930569747,0.224325021161433,0.379058445205034,0.278628750630971,0.446408381144526,0.132389441983179,0.324076018099548
"REBOUND_6XT","2","2","29","226",1.69,1.66,1.21,4.56,0.385315955546287,0.214833639818762,0.186199262787668,0.394244595783084,0.592621677413863,0.192243147579622,0.457123420294776,0.212079422165092,0.443528663944601,0.121428554856028,0.323312963451449,0.251587525525298,0.398992590179532,0.242745073703833,0.503441260343711,0.177099463602519,0.465425362894728,0.25386841676776,0.5422593786373,0.272699486632359,0.533706847100542,0.259557743827537,0.538833373989406,0.212912729052049,0.485978357761606,0.282373433083007,0.506397885561817,0.209915337808649,0.322728282961208,0.234329018709091,0.47060044645184,0.256105875275717,0.469102910041928,0.247247142580746,0.381662904676416,0.279158721311923,0.4681011293591,0.233533899574788,0.339573117382546,0.28100219491595,0.421342035573535,0.216335408747973,0.348300200393694,0.243606868544786,0.378307189542484,0.0978968930401591,0.286623445758394
"SW4107","2","2","30","227",1.99,1.89,1.3,5.18,0.453715237595923,0.244599746540639,0.200048794730553,0.410059818922969,0.611776598528066,0.190873181299902,0.444321918490716,0.215522923578566,0.455496642081909,0.094100165937328,0.321834022099124,0.238152985717382,0.3830938057041,0.224733670983377,0.49627033400269,0.173911954141811,0.469565922375404,0.227852344509338,0.536006169135614,0.269326579878853,0.525074050896955,0.25199683746289,0.53066615198759,0.205532416991035,0.487359639311735,0.276498244747248,0.517955868926415,0.190786991944865,0.300761700513539,0.22172993141193,0.459682629032474,0.239165726652488,0.449680490403642,0.247253856350413,0.392409388527854,0.274963957732883,0.467760803824017,0.235195868631784,0.351724418580992,0.289081301873432,0.428462138829177,0.231884139815308,0.378863608150526,0.268474283341187,0.396890906416157,0.138677054072842,0.332833567816267
"FSG_421LH","2","2","31","228",1.6,1.62,1.13,4.34,0.364796170931396,0.209656925606262,0.173888567727326,0.375988302296661,0.56505981091608,0.206854323377282,0.462090763628474,0.237964683282251,0.466442405708461,0.0749520753602078,0.287582578621882,0.189495148710454,0.339714043651287,0.12330541492194,0.372913788127215,0.129229579512821,0.386535973689953,0.183163152042699,0.469100372414412,0.260268577565596,0.516390540258657,0.243520595810626,0.519529211611732,0.202872673279363,0.472320887803878,0.269215588311028,0.489921085787143,0.200981158996847,0.308617968020542,0.204373592435926,0.415512488887102,0.237342638669847,0.435537105456156,0.247290243103492,0.355916188024031,0.26556497584327,0.465163134614115,0.23527783247582,0.332124412853654,0.285163142173888,0.423945930729612,0.23913438212903,0.371675090295389,0.295440001988273,0.420698148498413,0.14372836034362,0.286763121538208
"55V50","2","2","32","229",2.06,2.09,1.4,5.55,0.469675070074172,0.27048331760314,0.21543716355598,0.401496840334675,0.599911012320783,0.192538712185645,0.449797327802443,0.214724945298955,0.456659616877818,0.0550103428660856,0.324515958849908,0.185108241330529,0.353178776784976,0.14944234361646,0.420254171195569,0.143772514361536,0.426217868300246,0.180536358676224,0.490738950070135,0.257457456047696,0.52389445139758,0.245707635174373,0.529544187343184,0.199648584300456,0.482581625752114,0.264384923595403,0.514141046840392,0.206732806268432,0.342207778944911,0.217073526181817,0.445099249763187,0.240391687200005,0.454768309273251,0.250498165796308,0.393640521709308,0.268327842412509,0.470478082533748,0.233809297097951,0.351280248445894,0.272930091012536,0.42346007882061,0.221436937703702,0.373029078713521,0.26498318481844,0.405231721068587,0.118104541966485,0.301226651186791
"ONEIDA_ULTRA","2","2","33","230",1.74,1.74,1.37,4.85,0.396715835887893,0.225187068243763,0.210820652908352,0.367206837938233,0.568656809110053,0.170492024818412,0.450588333708538,0.191276893420323,0.462718564490016,0.0512022122526357,0.322063952636361,0.175235376482835,0.351194359675892,0.133430870891008,0.376910429063577,0.101418513197551,0.389790565011026,0.146527699772804,0.463160138197155,0.221695067529407,0.516322877555277,0.211803909282661,0.521834687940068,0.169217274842388,0.47696125823839,0.245228887904473,0.505593746563449,0.205274365741165,0.350459558823529,0.181891800529502,0.431332490465617,0.217368425364086,0.450558069381599,0.23395509242821,0.397404051750988,0.242352071363086,0.472088789642773,0.217576118072701,0.382109778777411,0.252650200612795,0.415593830584343,0.204550081609328,0.368925499654188,0.250842808873359,0.425946869070209,0.0973782148088169,0.308450004436164
"N-R-GEE","2","2","34","231",1.75,1.83,1.31,4.89,0.398995811956214,0.236834675221888,0.201587631613095,0.37835240154977,0.579766602869193,0.194101297866738,0.472751015206258,0.190467957187049,0.474543832823649,0.0691769311907171,0.301736569067089,0.197245837171857,0.368547044345164,0.209798463121681,0.458477572019311,0.128332699002666,0.426576980982751,0.180864196724101,0.483754056924066,0.23947378146784,0.519265618481435,0.229601888602331,0.521960522953257,0.188734399809172,0.482183132033581,0.253281654608325,0.501195978246692,0.19621637033068,0.320369105975724,0.197141353432818,0.448551712019204,0.22702176829414,0.456330551980849,0.231985328274017,0.383573365808933,0.254162005394104,0.468189512283988,0.223334073638327,0.348836031587776,0.279211358321829,0.449440396019255,0.224884750720993,0.396854114573173,0.268601868321444,0.415902318054767,0.120592382321326,0.30903494429446
"FSG_415BR","2","2","35","232",1.99,1.97,1.48,5.44,0.453715237595923,0.254953174965639,0.227747858616321,0.409717745742558,0.602519655205077,0.203102629017528,0.46633636326731,0.182824406743269,0.467923337530731,0.0681733809207963,0.321954043201735,0.208024474388551,0.37101534324089,0.238011319218397,0.469163623380441,0.13643189879686,0.438440126978189,0.197743870642301,0.496466111558779,0.246178468960745,0.523984277221527,0.23620977253209,0.526016026534566,0.193594042448125,0.493500755119966,0.261910407830232,0.515675429463821,0.208445673345912,0.358161015338276,0.2009253430022,0.44707371518517,0.227012852786692,0.454351225317226,0.245893898210635,0.409289930899408,0.258311523354685,0.470387019152603,0.224285843270107,0.37138968581783,0.277100498129488,0.446117702664192,0.225115947486275,0.393377668221343,0.271423185912603,0.433174032742786,0.120917965689326,0.344809561833783
"NY2003","2","2","36","233",2.08,1.58,1.18,4.84,0.474235022210814,0.204480211393762,0.18158275214004,0.362703325288421,0.549523480464139,0.186299525979124,0.437834286235555,0.162248619565659,0.428126604169186,0.0688226029372827,0.303183856502242,0.18662192731504,0.365351591586002,0.18954193641753,0.407324662853133,0.1054389862945,0.37688491828088,0.183524002777459,0.433498751140426,0.246126177363015,0.5083657957864,0.227872362003233,0.505967730694173,0.195026064838526,0.487139050139302,0.256874301219393,0.494527462208204,0.186201296593256,0.306382272521238,0.181849074076457,0.397758061225554,0.220751783741371,0.430827348582341,0.237658875837047,0.356011240476915,0.257134149174141,0.465783240659448,0.221545153107391,0.331811804405787,0.277795828914607,0.435680748726289,0.224987744316512,0.380088433323284,0.278064041221936,0.414316457558372,0.128624600579535,0.312449174406605
"NY0651","2","2","37","234",2.01,1.76,1.43,5.2,0.458275189732566,0.227775425350013,0.220053674203608,0.363999618020467,0.573413051615334,0.189509875183591,0.45809624684305,0.172785608035913,0.452249955027883,0.0837656646520743,0.300697558545092,0.212992204939187,0.373601956638892,0.240747934272087,0.473121511378274,0.130815620799033,0.431199466748055,0.204139969734675,0.477707971974487,0.234174527628429,0.516140488110138,0.225770016994413,0.517008284903462,0.198178255763627,0.496638445192782,0.251489932782191,0.505409657677139,0.174152469279349,0.288388092000409,0.196587536102347,0.436577146679014,0.227935902783981,0.445196424370736,0.233003395384819,0.382756856445952,0.260664971894421,0.473667634023981,0.214328047860789,0.344851268216467,0.277445040478216,0.425298088679423,0.22902828969419,0.38832857472202,0.282658878511426,0.416792131643654,0.152130654715566,0.337190640962267
"NY1517","2","2","38","235",2.21,1.48,1.18,4.88,0.50387471109899,0.191538425862511,0.18158275214004,0.371189294696016,0.573932697640124,0.200878634412453,0.459026017082283,0.170608642318418,0.439910055765425,0.0529283729009238,0.353284680090272,0.16980783510572,0.368794857077852,0.173239153673028,0.410257298115856,0.104134377828232,0.367597329729927,0.1804736621241,0.432529173008625,0.240149604093087,0.513126434084272,0.230067715717384,0.515985789138842,0.202381050702175,0.500926522719948,0.250417239997898,0.495684842347008,0.207090047827065,0.332465675308155,0.183759134823641,0.402536942475023,0.222355521566045,0.440397830268311,0.230242063234371,0.359208827203914,0.252536862835868,0.472170654652846,0.222300405521424,0.342954394734349,0.268407979227112,0.423379168239086,0.227701429395372,0.382727245857644,0.315097232155535,0.455217162133671,0.132394231015971,0.309802654093312
"SW3407","2","2","39","236",2.23,1.85,1.28,5.36,0.508434663235633,0.239423032328138,0.196971120965467,0.398933576596553,0.603023110540264,0.207162883687481,0.4609537549691,0.183660631313671,0.444178359417161,0.0809862253747558,0.335997098390926,0.223648917338699,0.380220510508643,0.275650345647906,0.494974453921876,0.170154243763365,0.452410971111586,0.238686763457074,0.493823903321817,0.269768480118341,0.524536008552357,0.266311972957744,0.531442535545024,0.23590763141329,0.506264423512679,0.275541671788053,0.506220466896519,0.218316920728632,0.359658288371277,0.230750741904718,0.45499220421821,0.257443543643385,0.466785808183542,0.251138540062307,0.386991927825261,0.279258871509292,0.480115240789516,0.240824443511284,0.365082278121977,0.274735058741375,0.414277025946855,0.210604277206325,0.350736581236856,0.273134378789893,0.417139524620137,0.104784311668655,0.289601505760675
"ALFABAR","2","2","40","237",2.2,1.84,1.29,5.33,0.501594735030669,0.238128853775013,0.19850995784801,0.384234093590938,0.601307189542484,0.181061070018006,0.440454108740554,0.167712001146459,0.428305439643439,0.0725183715245598,0.345999443125531,0.203016823348714,0.374159737734756,0.238117682094494,0.461010451784848,0.14066038083637,0.421596293525359,0.210391503476052,0.486442385173247,0.244641276843391,0.525399718397997,0.24663731858111,0.532113257990035,0.222376460921899,0.50635833127966,0.26832606453573,0.509889788815058,0.206378806455942,0.333829451243585,0.192302136607031,0.441444520391889,0.224467191847351,0.453387161498333,0.230302310129022,0.379513160815194,0.269569191961032,0.485442460898124,0.220653099133111,0.368888497018393,0.275498169687531,0.440314512729945,0.210926950178229,0.386870370698777,0.259429216175504,0.417170628165521,0.104005803160056,0.336861665475907
"SW5210","2","2","41","238",1.99,1.76,1.24,5,0.453715237595923,0.227775425350013,0.190815773435296,0.384399988103997,0.579469508633988,0.213099581105469,0.459978846310308,0.187320840818789,0.440053082343185,0.0916606487530269,0.345385855388493,0.227568749175122,0.383190586198777,0.275828817135584,0.485889322844703,0.169007168205835,0.43807889248486,0.235601833078646,0.494687677201779,0.271475325113632,0.524507326866917,0.259388200286849,0.528309694730973,0.2357837250537,0.496820131505794,0.28623859280378,0.505463828938384,0.216160485178786,0.340514833823164,0.223984734906703,0.453782406104388,0.250610329247185,0.454658972975217,0.256278419775484,0.391672388391373,0.285714936064421,0.47391263256624,0.241086612862651,0.364978383066974,0.295473223515064,0.417883555407275,0.230953550091315,0.379922207049838,0.284746298790326,0.40749637475569,0.150513019402553,0.332471757085187
"SEEDWAY_9558_SBR","2","2","42","239",1.56,1.35,1.07,3.97,0.355676266658111,0.174714104671885,0.16465554643207,0.31545867662063,0.521881906296127,0.190505693091534,0.464482481618032,0.205965734564368,0.435672183246387,0.0863199114159421,0.333372900729799,0.188459915738109,0.362602858268043,0.200536303900668,0.411364013190619,0.112101633747146,0.364072422223437,0.176515114555724,0.435926923019398,0.238206661822218,0.516521563412599,0.236078052749456,0.519605841607514,0.210704398823438,0.488920115258479,0.254941159868989,0.494853475570041,0.20662869000002,0.345744615519586,0.190473118064599,0.415762519787288,0.225560194982272,0.432111890627811,0.241533653056718,0.383815393014247,0.270838257553174,0.476108778783927,0.234067565689836,0.382058209347769,0.263467850305674,0.377678737529167,0.20335699059683,0.331884942098636,0.281096276977703,0.411472064094455,0.119224526662952,0.27599173606094
"WL_349HQ","2","2","43","240",1.91,1.88,1.2,4.99,0.435475429049354,0.243305567987514,0.184660425905125,0.370612609991217,0.585506619066349,0.176897274593135,0.440962173187237,0.176538688650507,0.406309806912849,0.122021343219361,0.331577566751663,0.253547430131838,0.40488851658807,0.300762198042425,0.522234565629442,0.179080875529115,0.470084790673026,0.228689283962624,0.51892410541081,0.263942566778908,0.528059553608678,0.261623735663021,0.5332652344113,0.231345411950625,0.493260095104096,0.277223392715762,0.501188361862184,0.207611005877188,0.334156687283414,0.217995432378428,0.459316222244416,0.245986887689533,0.453671800406825,0.24725776885092,0.397765348304564,0.278689483262308,0.486075504828797,0.234378033407646,0.364181680205039,0.273905363510506,0.413047278464736,0.200408734507169,0.35939243469471,0.242992434978852,0.407023306643129,0.0958918731835598,0.301358987033727
"ALGONQUIN","2","2","44","241",1.64,1.5,1.23,4.36,0.373916075204681,0.194126782968761,0.189276936552754,0.293244111932212,0.49689700879552,0.171129338271035,0.461323624750735,0.192551446327448,0.439766144990106,0.0986562209853101,0.326037251971043,0.188168508280762,0.355835457861792,0.175270744728393,0.393197351148292,0.08677459542703,0.356321993635426,0.134157047831756,0.413868843507616,0.223923200885935,0.517884856070088,0.227116738548167,0.527204220368424,0.203839545184275,0.505942312921376,0.254558625299773,0.508860228583412,0.216891271295915,0.375465485224664,0.178548345326197,0.423963354613509,0.22654399494629,0.452243624337526,0.236767929730447,0.404064349280672,0.263133447918321,0.482440879382056,0.225948544951933,0.381736602687052,0.265660731137978,0.428230034241446,0.213587010678561,0.388353402259306,0.252346930484599,0.432894310993422,0.0875204449660023,0.322050138921966
"PLUSS_III","2","2","45","242",1.84,1.93,1.11,4.88,0.419515596571105,0.249776460753139,0.170810893962241,0.374083601835788,0.590584619771815,0.163531829871082,0.42679074264752,0.177306016545805,0.390284523595371,0.132505951517658,0.330284738708637,0.23543996786348,0.39751502130388,0.293993186829048,0.517723391059587,0.173430546761578,0.462603461249059,0.20711087207218,0.506215880707737,0.264567943983436,0.530351089904047,0.270797732348139,0.542885634020287,0.234565381878894,0.506060864564969,0.279040640918482,0.506561214414748,0.205183803283302,0.336762585720343,0.225902239612204,0.463782599695912,0.25202462808569,0.460540058913474,0.252483985715535,0.403946521306969,0.280863789531655,0.486149887272663,0.240662458358495,0.376676018806769,0.287413230464312,0.423453823216632,0.226973084087542,0.366210750135984,0.248667421210602,0.408446741724469,0.0777958908118918,0.291752284624257
"SW4602Z","2","2","46","243",1.86,1.84,1.17,4.87,0.424075548707748,0.238128853775013,0.180043915257497,0.369449381858395,0.570844866070031,0.171743103470395,0.433915306346353,0.187837541277815,0.410757940246539,0.111733990390894,0.345178053284094,0.185830215867442,0.370502217800439,0.235462858792344,0.449521923202999,0.152854851078589,0.421055524396343,0.179835221199197,0.459606947801952,0.254401400030227,0.512791119107217,0.256581630683449,0.528505424681721,0.212208844326707,0.482085363846156,0.2662571922566,0.491046330036439,0.188906877451049,0.313417701159509,0.210173877096057,0.421773685550775,0.237282273275877,0.430747505777187,0.243266519895795,0.387313938961271,0.275799948891624,0.482993391486169,0.234329253970835,0.352670785828456,0.275398521825483,0.411479632966406,0.228798479865671,0.360653318909716,0.272687022691465,0.408777777777778,0.0928844471118789,0.278604640385566
"NY0465","2","2","47","244",2.04,1.97,1.59,5.6,0.46511511793753,0.254953174965639,0.244675064324291,0.350194763908877,0.571031768386343,0.162182213508854,0.455426632664484,0.200615184175661,0.441933414097905,0.0899009302082752,0.363305049972156,0.157158022506835,0.361177039381153,0.20501618489939,0.428277543400699,0.116730005176649,0.406947431860927,0.150977781897168,0.456570497001241,0.21907595545201,0.507295447434293,0.227708563824923,0.531732252507273,0.17875502720986,0.473697812995646,0.242477796391851,0.501057344830968,0.188564653764472,0.348761671335201,0.179027497433641,0.422667333812845,0.219760052171373,0.443081074349288,0.232552206076867,0.414077146528127,0.259954320717567,0.488643449419569,0.232753525926665,0.382031682729589,0.256899630786619,0.421089839382191,0.205991867061974,0.364377094823458,0.257299116219901,0.441177101065507,0.0731481891897134,0.269555242911644
"VERNAL","2","2","48","245",1.95,1.64,1.33,4.91,0.444595333322639,0.212245282712512,0.204665305378181,0.342199164337253,0.573707238114552,0.145365719569183,0.438676744303343,0.199327161846334,0.431335372069317,0.0767586300113228,0.388589349043055,0.138414615170683,0.36647400023597,0.170375229264316,0.398961576487783,0.0864210294559234,0.356301560559682,0.133806720564795,0.420616502894064,0.201687407018673,0.500212765957447,0.227239905957743,0.544397012359446,0.172748635519586,0.48252345766439,0.226231778333607,0.484255032389896,0.195780586044073,0.360390697945845,0.167731360772355,0.41980485974294,0.210229192203843,0.454478115875849,0.211791780738751,0.390162273012007,0.241642271839765,0.480349364289663,0.211778797649049,0.356965453563894,0.253247782616082,0.449616670489536,0.220820847128176,0.411321593454988,0.251285501138654,0.432326881449257,0.0850884152222233,0.312499674525681
"NY1615","2","2","49","246",2.4,1.89,1.35,5.63,0.547194256397094,0.244599746540639,0.207742979143266,0.373159116531936,0.589336678296422,0.165637105417617,0.432469434397675,0.196633184390188,0.427493553996522,0.0839406046563867,0.387473695008646,0.160612117630227,0.394747714486639,0.243798379203241,0.462057319012791,0.139966958579002,0.420620389969824,0.202258903992239,0.48166472677351,0.231436066988138,0.511827023362536,0.266489926296067,0.555251370690456,0.213306768876186,0.492983830172265,0.243982350037357,0.477368631031387,0.199284847135173,0.332581553454715,0.186564935856395,0.431979487272606,0.223229657030927,0.455084340016882,0.225999144029751,0.395936711181695,0.245535353505937,0.469668557513754,0.216776361748609,0.364199858945035,0.27048014126836,0.440585316012261,0.234643139094114,0.40174182908014,0.280806106666952,0.434834079398104,0.109407272890524,0.304911720344246
"NY1614","2","2","50","247",2.22,1.76,1.4,5.38,0.506154687167312,0.227775425350013,0.21543716355598,0.362199311037732,0.575078022015165,0.180921432946273,0.449519553100116,0.213329281763861,0.431133663230492,0.0840454811747674,0.365548667897652,0.149642415876023,0.379171848443394,0.22075881377776,0.444946205854719,0.114687836338325,0.398857392760008,0.191180794371083,0.463438626404032,0.220618821719042,0.509922037964122,0.264843993547061,0.556641314701236,0.216701817740309,0.503634212305612,0.247052824798601,0.489725183391299,0.205273148653466,0.37921510270775,0.176509829783047,0.437896881240534,0.226088207453527,0.467678331742012,0.235242364137084,0.428196099428527,0.235308096757284,0.461470991852231,0.209624564848952,0.386259671601516,0.253835914915356,0.402331963778554,0.21697866425235,0.374982236488204,0.247392437766616,0.419960995150748,0.0821728932216759,0.276140014829461
"HI-GEST_360","2","2","51","248",1.92,1.87,1.25,5.03,0.437755405117675,0.242011389434389,0.192354610317839,0.38159099829116,0.587658795802289,0.192600625708539,0.440443557579107,0.232476760557582,0.433609578079897,0.100188798004574,0.338545531815118,0.191793827927711,0.389420322453876,0.292490332518897,0.498319459641639,0.169745491284407,0.444107308365885,0.251749818449133,0.503599803183888,0.259951034398335,0.516390279516062,0.310804381762685,0.566528990013796,0.261589351291797,0.512709269239678,0.285947063234722,0.499163335609449,0.222242061736831,0.349937266573296,0.217608342326339,0.472529064789127,0.26262495911231,0.491389984363541,0.251052659026267,0.41760697726384,0.265988217977961,0.477967818447394,0.202549792411116,0.352768241279179,0.290519475746761,0.451410986230721,0.261275138020468,0.43074630394817,0.203971215862838,0.401153142929197,0.0707697218981226,0.283164759116316
"VERNAL","3","3","16","313",1.88,1.85,1.38,5.11,0.42863550084439,0.239423032328138,0.212359489790894,0.306448709203466,0.528654600977224,0.200092720303569,0.495638149858099,0.154823676806864,0.460048719793728,0.0770348933398206,0.350928221811894,0.131943493644428,0.316398380176595,0.107296239055891,0.354016291392155,0.0898007190093648,0.3585172542785,0.129537579616318,0.455657176112454,0.166109834062582,0.492908974760117,0.18488032821069,0.510275096412973,0.208495642786482,0.524713088149881,0.290507391026261,0.561232277918976,0.208216698498368,0.368068897954409,0.160156457504393,0.414717572302712,0.171421837983356,0.413129505860213,0.209690754484395,0.398047176135411,0.245679868225492,0.484232822814034,0.199539465475484,0.366685280515219,0.241782244677984,0.440030999993049,0.214934284048394,0.412448377066299,0.208747110552698,0.453573965491877,0.0514848840643269,0.37016958819727
"ALGONQUIN","3","3","17","314",1.76,1.78,1.35,4.89,0.401275788024535,0.230363782456263,0.207742979143266,0.288375389904213,0.506565243111033,0.21597054375875,0.5051828724463,0.167981036912113,0.462367931882233,0.0915947050584539,0.350087634455875,0.140888345252557,0.323177406511128,0.1265866012838,0.365377695080538,0.0870872270822023,0.361599527534558,0.14645984081391,0.451852948654672,0.179568932890509,0.492315394242804,0.199334946971182,0.509421629388175,0.217174363476367,0.528878283508054,0.290116688991517,0.539820135697425,0.217961969757813,0.355359623342253,0.176047860146037,0.439578000259115,0.19568178984964,0.431903358379343,0.211413828998783,0.383850239807658,0.254554910509488,0.487543589243326,0.203008876678743,0.347824493782187,0.258734353134992,0.463267776465712,0.210786809470843,0.4019353656446,0.228089745055985,0.467702298123551,0.0613347224390156,0.349208968655335
"REGEN","3","3","18","315",2.33,2.01,1.53,5.86,0.531234423918845,0.26012988917814,0.235442043029035,0.33409840537528,0.559037254086457,0.229231890048491,0.50635794062904,0.149861894475657,0.460562901001379,0.0968596210710384,0.351399513467569,0.152852620539097,0.339127855158977,0.17747221245085,0.410743323323692,0.137548735591596,0.40367695876651,0.189262953746756,0.492620660773844,0.205601319305482,0.498760429703796,0.21832907688638,0.514364661741474,0.22013247350614,0.517449986489131,0.282861697247476,0.517344236450967,0.217579024632555,0.376580152894491,0.189257537860828,0.456313689750222,0.204235893868385,0.442999155907952,0.225367802235277,0.402485643195347,0.264669848591313,0.480356634227005,0.214967461889872,0.381313353966822,0.266090016183143,0.435497690537316,0.224244128766447,0.40442556763435,0.250476719118166,0.457144423360742,0.0791051378019735,0.362615562061929
"WL_349HQ","3","3","19","316",1.82,1.95,1.22,4.99,0.414955644434463,0.252364817859389,0.187738099670211,0.347957350381259,0.583616281717601,0.228937990935901,0.501898045120551,0.1488884332377,0.440717968139822,0.151647214653519,0.358279990621062,0.232108464270918,0.392663700988347,0.269797952040462,0.498052725631436,0.193717431621076,0.467987509009196,0.243693270717477,0.54973238579543,0.238134072567868,0.510454604714226,0.2448723076623,0.521446677103215,0.242525708946081,0.514460348558055,0.30195631520154,0.510858697982056,0.215627301661731,0.3410966678338,0.222157634154994,0.482146244994542,0.222224295482573,0.445500435883598,0.232987167295391,0.394083281715328,0.273550414484208,0.473641356951649,0.222231217601159,0.342275365890236,0.263018860278432,0.41962539358175,0.207828397487453,0.353268072378183,0.215658450090652,0.415582666078221,0.0590166735183099,0.314707946336429
"WL_349HQ","3","3","20","317",1.83,1.79,1.14,4.75,0.417235620502784,0.231657961009388,0.175427404609869,0.349028971428995,0.596028781594445,0.222764405580059,0.494393396043384,0.166760342006178,0.435764226179769,0.146371844982555,0.362039332923005,0.230963369568609,0.396838598018489,0.275332029779438,0.505023550290771,0.19646978850508,0.469052183671561,0.248807711125758,0.553874605524895,0.238814673611125,0.513940602836879,0.242949844933814,0.524469293048973,0.237823447762906,0.507542511042445,0.293990035420203,0.505520893938002,0.200249256090338,0.323684056956116,0.218703080411366,0.476620393488465,0.221632886053211,0.447092131003778,0.226346150765953,0.375351935646053,0.279470185110335,0.488256684491979,0.217081742049217,0.325350629894142,0.267452517658856,0.434970216374391,0.203841138863532,0.364688503076841,0.215410812544473,0.405124850003256,0.0551041192099438,0.330184797901061
"SW3407","3","3","21","318",2.27,1.97,1.16,5.4,0.517554567508918,0.254953174965639,0.178505078374955,0.368676624885165,0.601154337748634,0.242774279105103,0.496707053484547,0.191559701662637,0.451147838340229,0.12056224226851,0.348793634045546,0.213799303127289,0.374572892053227,0.277831846874672,0.505487494089399,0.192558554754158,0.460535030201404,0.252594708640131,0.551014642317644,0.246403148813,0.50966598873592,0.249130867946534,0.523777315519719,0.241215212504437,0.505487587082988,0.29811797600496,0.515767115355413,0.223745796876333,0.35188054388422,0.226467599370324,0.468362528424448,0.232838679144501,0.450222784950254,0.24168902458398,0.381787025433811,0.290378482173617,0.486417065001788,0.230810679254467,0.357129819912899,0.291052309910718,0.438767029284622,0.233891805461404,0.381295288088102,0.24151054659161,0.404634007944014,0.087679202616962,0.352088926068165
"N-R-GEE","3","3","22","319",1.77,1.79,1.14,4.7,0.403555764092857,0.231657961009388,0.175427404609869,0.336289942578798,0.582520564888153,0.204542045819581,0.46485079758737,0.138602554582418,0.425325077399381,0.119955577049494,0.349712183827193,0.194302477691279,0.362629529659965,0.234662496670475,0.466579561736004,0.142466812707217,0.420624536327789,0.216658101799073,0.529349240457218,0.210317399016024,0.495898779724656,0.215568601439196,0.507483433767236,0.211551789478576,0.493291912317618,0.264613807459718,0.500354951975585,0.20769524325389,0.353554561272682,0.189824280520524,0.453114217510502,0.199655704469101,0.427873441543166,0.219222230495779,0.374866545583073,0.261976189560379,0.474030606824387,0.213527689620679,0.335720578250132,0.259655052807494,0.435843002602686,0.206434078040397,0.368643293313708,0.242317784061214,0.411703563145688,0.0799436988141342,0.295299694538449
"NY0651","3","3","23","320",1.94,1.79,1.27,4.99,0.442315357254317,0.231657961009388,0.195432284082924,0.306220739470719,0.558186083601544,0.215588265124814,0.481137031009154,0.175226942644148,0.440230407147569,0.111229790967545,0.352796096016882,0.179469390038632,0.3592318534179,0.214541849476882,0.449642731278211,0.120160064386335,0.394786516385867,0.204779233421165,0.507856149324718,0.211083899453593,0.497814325198164,0.210762530749853,0.511367147569928,0.204008195262383,0.492018958700223,0.254603679289939,0.499842322461882,0.205241746223558,0.349822198827331,0.186241602751299,0.452123177819772,0.203239509798369,0.445041720287268,0.209512726327081,0.368995741077084,0.247198172436258,0.470829137425671,0.207037915280178,0.332926120639827,0.273464371154419,0.439780080766798,0.226707221379113,0.392610743154998,0.242457392985486,0.409211693251792,0.0738038395784564,0.328927585933159
"SW4107","3","3","24","321",1.89,1.91,1.15,4.96,0.430915476912711,0.247188103646889,0.176966241492412,0.345058430525551,0.586471802537014,0.219741771844852,0.45645371016215,0.156453673646516,0.414091365048585,0.136105860645211,0.360695946540051,0.217239482632175,0.380254870935716,0.269648450868059,0.512673921307005,0.165282714546828,0.443258535093478,0.239769546599153,0.533261991295374,0.239576150418792,0.49730274822695,0.23231783360057,0.511573416825717,0.222267814661522,0.491389700362781,0.269684807694993,0.498832915192946,0.207477097345065,0.333666564314018,0.212311560887369,0.465943974612705,0.219718659326491,0.441836799645758,0.22145802175292,0.372923579688286,0.258380715544281,0.457438168633954,0.220356108277508,0.337507507711182,0.270707722499518,0.422825424360542,0.218760142896843,0.359734700030148,0.235793869413051,0.389127209297438,0.0857032741762526,0.313608605206789
"HI-GEST_360","3","3","25","322",1.7,1.83,1.21,4.75,0.387595931614608,0.236834675221888,0.186199262787668,0.326099906659715,0.56415681767823,0.213193591109807,0.460522604615844,0.15954597988682,0.438908676620495,0.115686695263872,0.36668439872212,0.194150008892154,0.372276458151971,0.248936694830368,0.48239049171195,0.15651414362667,0.432168890343631,0.233189110686753,0.525318590145343,0.236946217875093,0.511918674384647,0.231589896646314,0.526268469473097,0.218049487492374,0.501155112383336,0.272095950278164,0.518918998406719,0.205546369007801,0.346247751897179,0.20914522980161,0.469632042077863,0.221131569074687,0.457239403877288,0.224461485077304,0.379071575801479,0.250234539234337,0.473702337983286,0.21413775524602,0.3334909858482,0.276502566795871,0.448022012775333,0.219208045704875,0.386994981290677,0.231750523626327,0.396202845554084,0.0707914428853901,0.310121170640202
"LIGHTNING_BOLT","3","3","26","323",1.86,1.9,1.29,5.05,0.424075548707748,0.245893925093764,0.19850995784801,0.322022795977431,0.564877514495577,0.209336547308285,0.464991407190896,0.167134865344147,0.442289526031618,0.123418057534205,0.368979307717108,0.196396361997901,0.369424111092019,0.24193116099015,0.475415862137735,0.147156117381196,0.432431257601251,0.20936982456396,0.517310767925058,0.215590424215964,0.497234106735984,0.212620786954422,0.514862216122322,0.196900338001799,0.486971794895687,0.253667079640598,0.502739615789884,0.197628918306605,0.363832083168838,0.196161517436541,0.457481486189166,0.207726163113898,0.440729793681763,0.220393183158955,0.390934181448717,0.253981869320592,0.467275003407586,0.212066646582954,0.354455637612051,0.261879507119083,0.422352622263327,0.219059666544952,0.373861686972045,0.226388310501695,0.399419776512756,0.0799715390433728,0.321538715033525
"WL_358LH","3","3","27","324",1.54,1.74,1.11,4.39,0.351116314521468,0.225187068243763,0.170810893962241,0.274402765902829,0.503048666118397,0.205283127343399,0.453234820498248,0.15020423069778,0.417683036517359,0.127699693557119,0.370373252439989,0.197140741373183,0.372451861294201,0.229178596404002,0.44716889887806,0.145342777491263,0.409842455107126,0.213129515868584,0.498467185961142,0.228538335421693,0.493217433249896,0.220402949247845,0.507650020908837,0.203345821981604,0.484665535566466,0.253577621291679,0.495514488981433,0.173077583475753,0.300385284613473,0.205248957925321,0.440475073602009,0.216588842158901,0.43347641385418,0.23003409065287,0.368557460464107,0.265111572045912,0.464859770321718,0.212944973709812,0.322892859881893,0.266465519174819,0.423180661842901,0.217985074273195,0.370082817570803,0.221630258022396,0.389690855977975,0.0812271517734725,0.293831610700961
"SW4602Z","3","3","28","325",1.78,1.71,1.19,4.68,0.405835740161178,0.221304532584387,0.183121589022583,0.293617015797311,0.50930408059183,0.226012166849872,0.476597313136244,0.192235731879072,0.446875276311738,0.116577652400612,0.35915105952695,0.177104083970895,0.35998541821792,0.20271068639329,0.412353463151625,0.134175516873202,0.391022892954412,0.191011281068029,0.478487181782911,0.209916842844235,0.480556033583646,0.215710432714268,0.498242656887764,0.198765873703373,0.471560862583589,0.242496041759751,0.485679650756872,0.171699429429219,0.288986562559401,0.191434068259992,0.416240988686809,0.211104174181812,0.420960604425256,0.226588754300254,0.352173481928384,0.258531096727398,0.466950866582122,0.219373728821322,0.32236036987078,0.263043321000058,0.415778757763542,0.234011747857797,0.386839986522194,0.249610853371354,0.421133598133787,0.124328096579229,0.32729509083045
"SEEDWAY_9558_SBR","3","3","29","326",1.77,1.54,1.29,4.6,0.403555764092857,0.199303497181261,0.19850995784801,0.282788619313805,0.501246528620726,0.219866136736919,0.478331112857967,0.190929557401379,0.451439707381424,0.101797344109649,0.372969459831765,0.156460886547984,0.354809984247399,0.166612329259583,0.374597004476705,0.0920373677072472,0.362377126261209,0.163154961404297,0.454473310300474,0.191190558723161,0.474230809345015,0.201524109486719,0.491803154911254,0.182869092127061,0.464197462004042,0.232895270550469,0.484914644542865,0.194601072570883,0.344187685514176,0.174528767702817,0.410684316257072,0.20331939792094,0.440399767528748,0.216512850874767,0.370495217897975,0.234919467457432,0.478409390953728,0.212580326597928,0.373595261859533,0.250360685255948,0.413691605674528,0.223962455084148,0.387246553865575,0.222886975380525,0.419549629069205,0.0894765918217257,0.302181071523632
"PERSIST_III","3","3","30","327",2.15,1.88,1.28,5.3,0.490194854689063,0.243305567987514,0.196971120965467,0.355363378780127,0.571698637544406,0.22352159015739,0.488722593274705,0.182618980711102,0.432995318646146,0.102588240760163,0.380696093085964,0.162869140788574,0.370464005749979,0.191200086122711,0.414456032785927,0.121941290344549,0.403582935145016,0.1951811192812,0.496084847942221,0.203299867393103,0.493689377346683,0.219010692758964,0.50998334441323,0.202030497120294,0.491671563888204,0.246062412403559,0.503187040042462,0.202554020032912,0.351920135690369,0.19015973175798,0.44667536339363,0.217942324119586,0.463670278273624,0.224561500326518,0.385369042494742,0.242768424116366,0.478771477344054,0.224504100694709,0.35948872957846,0.25930739169008,0.432872326666277,0.225025960660492,0.397372773649707,0.218819138166093,0.406753320683112,0.0665407466395107,0.311720090751233
"LANDER","3","3","31","328",2.04,1.79,1.45,5.28,0.46511511793753,0.231657961009388,0.223131347968693,0.326910047749054,0.554060086653572,0.201561814934415,0.481882520245692,0.178688114011448,0.418031420519278,0.113585028752759,0.378938714499253,0.181519100020425,0.369340122652436,0.204468376386248,0.426948049449746,0.119655275579581,0.40225218351213,0.194138252676939,0.497783746679798,0.190391971452199,0.483632926574885,0.197798133504935,0.501607514314512,0.183035487126429,0.482175850072161,0.238904105167999,0.496506327072106,0.184555157877915,0.328790922782237,0.174595673095732,0.441143411112451,0.19816958088682,0.451578037001674,0.215472531662411,0.398058929681695,0.226150870790282,0.471644007135813,0.219910629751261,0.364353952503789,0.254987434577827,0.447851114153247,0.218214027415063,0.408412988348791,0.206423215794929,0.409769245318706,0.0808616480094483,0.318427435103596
"SW315_LH","3","3","32","329",1.77,1.3,1.13,4.2,0.403555764092857,0.168243211906259,0.173888567727326,0.287461655711891,0.507783688754071,0.225496101228791,0.487185357978197,0.194657396631599,0.424849343407088,0.113987211074241,0.371824056977051,0.156242291536738,0.349161329436637,0.132679641516786,0.333942760056695,0.0590410156195612,0.316119709675073,0.146133616829114,0.420560266822213,0.188650951996089,0.466893512724239,0.19516600608281,0.485913251556547,0.188829589496274,0.472797988031822,0.23644365850947,0.492352378541086,0.183999737220463,0.326959395242064,0.158648540705305,0.385717355316876,0.204093353237869,0.43505197090304,0.222507587168225,0.359109546952684,0.226565477630441,0.470145903479237,0.219038763633255,0.342036324887771,0.266195662984341,0.445430976360768,0.239984484003231,0.416122648034191,0.250661946578299,0.422628759479122,0.103870604096683,0.327180754654803
"NY1614","3","3","33","330",1.93,1.53,1.43,4.88,0.440035381185996,0.198009318628136,0.220053674203608,0.28897895093947,0.5340417594606,0.219810729509473,0.489910700857735,0.221003655417126,0.450986476117034,0.0982348470828629,0.379758638881562,0.146542209998858,0.361068280606628,0.160342842719397,0.390075578147435,0.0862335830911125,0.368154194580885,0.160052577948147,0.469642821914773,0.18364851364919,0.473775292031706,0.199813088978114,0.497181274259613,0.191505362404053,0.481789056506493,0.222322434385211,0.485310193832869,0.190227034815007,0.324956792560425,0.169638124812281,0.429242595496465,0.204200942850535,0.458590504656344,0.206563006350963,0.377345749650922,0.221394143073765,0.469877930608396,0.201762317066592,0.357142631063725,0.267763596203347,0.446914423337573,0.23911847374011,0.426767631984962,0.261199361209271,0.438057919845323,0.123337823861058,0.344612348615917
"NY1615","3","3","34","331",1.78,1.45,1.37,4.6,0.405835740161178,0.187655890203136,0.210820652908352,0.250942850228542,0.517387423589751,0.216138248388627,0.489371365586199,0.199927787279928,0.441072584997302,0.0944204818861267,0.396081655382631,0.142302025637591,0.385798045433818,0.158593312713356,0.40355234796706,0.090506988126445,0.364636132672465,0.170882351362646,0.470489672604358,0.193555744390497,0.474451397580309,0.206932570048863,0.495644282594554,0.199335731606048,0.477852552558245,0.231981584297926,0.481506838980302,0.209078351807364,0.360303841148689,0.174955959313567,0.430989088883826,0.204852285205628,0.445213306211687,0.21586698532765,0.385373941830882,0.216622667381784,0.458690469222515,0.213020487909803,0.390049506392595,0.252350110972308,0.4049682436938,0.217679198068365,0.380820372767738,0.240375818744651,0.410512966476913,0.0947233045965123,0.299971228310329
"PLUSS_III","3","3","35","332",1.8,1.76,1.08,4.64,0.41039569229782,0.227775425350013,0.166194383314613,0.321683663860779,0.56395614493004,0.20909704740071,0.482349004599644,0.199406150169599,0.436698147148768,0.138586756338045,0.386450364899323,0.213104996614422,0.381317479523455,0.244446302385221,0.473724231314825,0.148049599720077,0.426758519182074,0.226727966050277,0.509304975994975,0.219776929610185,0.494538355235711,0.230955259033316,0.510270849863824,0.217984575020789,0.495412050453002,0.259912731442424,0.506884994770048,0.210349819318161,0.347554563492063,0.209179442665777,0.460107339054707,0.228234346399716,0.461021351377531,0.229370752866852,0.390120393232172,0.230035932288244,0.465104452843864,0.22337710067561,0.346418944225524,0.270354088648684,0.445651312634235,0.22167400209877,0.391083840228886,0.227868705446805,0.377891208096142,0.0657151615774071,0.283448821147892
"NY0465","3","3","36","333",1.9,1.89,1.45,5.24,0.433195452981032,0.244599746540639,0.223131347968693,0.307944393767202,0.552325283058164,0.207186750483986,0.48858872490586,0.216438756663161,0.451225939917251,0.112375225372861,0.382296227908204,0.170100683189089,0.367325918210836,0.16944938802169,0.393251321825316,0.101103112846767,0.361929775229704,0.179245276223359,0.469131823201122,0.194014906090118,0.48252920317063,0.204849041179625,0.499833745702072,0.180376123096983,0.481346481147079,0.229217708017847,0.494928737113732,0.194941404622744,0.372069911297852,0.170241613245861,0.424566317755172,0.207092334641992,0.448222425173316,0.21028970213877,0.404008993910955,0.210326517034178,0.46515985511979,0.214947763724947,0.393128249416527,0.255900745233561,0.427436036449319,0.227204192859018,0.413920666916819,0.258639828349848,0.435993527100015,0.0921982051537012,0.33519943724096
"ONEIDA_ULTRA","3","3","37","334",1.76,1.79,1.31,4.86,0.401275788024535,0.231657961009388,0.201587631613095,0.322157216193646,0.555344528315853,0.198848153296902,0.484405619955492,0.202900741786533,0.428068978926429,0.11417991623201,0.381870072393681,0.187317397819242,0.357899887275585,0.17605094753943,0.399254650184534,0.097386987485521,0.369781458367938,0.179318353492347,0.467859589297199,0.193347709556221,0.482499869628703,0.205530736301175,0.500837497230026,0.167353812757917,0.479243837399607,0.2269376625122,0.49289671492555,0.198725037674749,0.364878764005602,0.171979273853447,0.43935505055549,0.205875058840846,0.449363333194958,0.20434133955866,0.384172904571431,0.199564605925717,0.456817611289955,0.210784322407904,0.344676476993811,0.259587806129508,0.44900031973087,0.225582926357858,0.418392712526675,0.230830661552357,0.409976672340962,0.0742588943155066,0.320495582848524
"GUARDSMAN_II","3","3","38","335",2.13,2.13,1.33,5.59,0.485634902552421,0.275660031815641,0.204665305378181,0.364931510382481,0.583413158589731,0.203182470600738,0.478207631600358,0.191833949621533,0.417516715907324,0.119644578213928,0.386961956681028,0.209394442107436,0.372618973593666,0.212575370441982,0.436916846287528,0.133779999084261,0.405153617181712,0.213927240766543,0.50216060184562,0.215195773982189,0.486072303921569,0.226226752504034,0.504729471810598,0.182931597958441,0.477337302733544,0.242091054919531,0.487077170795439,0.206753767252731,0.341973330999066,0.18937521916561,0.444733789315833,0.214098858805585,0.448145073131582,0.207377808290828,0.374461580455848,0.203703505272115,0.45006822098657,0.212506044716523,0.353383085814363,0.266805992064927,0.442424258568165,0.232111720267344,0.413087540714205,0.236144474262483,0.40557699178278,0.0759178409568714,0.329296810636019
"SW4412Y","3","3","39","336",2,2.06,1.15,5.22,0.455995213664245,0.266600781943765,0.176966241492412,0.371638832420936,0.578568565347245,0.226119589479569,0.480437181460199,0.221950081469192,0.439484319721772,0.132023751184712,0.382770743573962,0.237534152645737,0.387447515926202,0.250996349002498,0.478698689270858,0.169585736444277,0.429900463704271,0.237992578349624,0.513810248604769,0.239820129991782,0.497511863788068,0.249836711302422,0.513065119412694,0.205512395774178,0.483461450967754,0.268414330190867,0.507716551706322,0.211168690706844,0.357206942433946,0.215872176838059,0.463318575702477,0.232280822273794,0.448797929898847,0.236469397163285,0.397523875514868,0.210924075323704,0.439158518236207,0.232006931991425,0.382159704897374,0.270521650666905,0.420357125480465,0.232223764558253,0.387097838230861,0.242174190216241,0.396038794012229,0.0944863126786155,0.329457997936017
"AMERISTAND_427_TQ","3","3","40","337",1.74,1.65,1.03,4.42,0.396715835887893,0.213539461265637,0.158500198901899,0.343336425682822,0.559563818488972,0.207432793211257,0.48207024575311,0.223686045395656,0.443874647718415,0.13866382133861,0.383161874615317,0.241309990380739,0.392588763835344,0.239193485597193,0.478824729797735,0.164278526949513,0.43419471491302,0.228430033599464,0.506354825683134,0.230176216472116,0.501020025031289,0.237421132168128,0.515252228488916,0.192528998642712,0.480677903982756,0.26609156166486,0.498135503059969,0.208565818269369,0.339437206649998,0.205639516014531,0.454515373400822,0.222671845154755,0.440402950170894,0.217970542153624,0.370981052353601,0.202733824406646,0.43499637929832,0.219512880627882,0.336886547410351,0.260815094772043,0.439665742227412,0.225010440491894,0.407963728150289,0.213217492720929,0.374790996784566,0.0669646030148081,0.306934103958325
"ONEIDA_VR","3","3","41","338",2.02,1.66,1.43,5.11,0.460555165800887,0.214833639818762,0.220053674203608,0.310584647841858,0.5358480645658,0.202001479235099,0.480627736382212,0.214890571792743,0.441122204233375,0.105078667829523,0.371860546909347,0.188494563855756,0.365247848366863,0.158656034274527,0.399094324175004,0.100969356931555,0.370077776738676,0.167885903426623,0.470696073488155,0.194294104840734,0.479999087400918,0.207322043072508,0.498030213270142,0.15849815997051,0.467975560497993,0.2278202718451,0.48842233926366,0.218119740421184,0.390634147767981,0.161089257521385,0.422595704948646,0.196758552943701,0.435796559978967,0.189016172865301,0.370413608955986,0.186058033440971,0.456745813416577,0.207477413577322,0.389885847735827,0.254231040531226,0.435273391644809,0.228992989408617,0.431068234348307,0.256511515380394,0.44298573019776,0.0950166559907295,0.363885825823542
"SEEDWAY_9558","3","3","42","339",1.65,1.55,1.23,4.44,0.376196051273002,0.200597675734386,0.189276936552754,0.278134311972648,0.515560963579711,0.193117402982938,0.475508464255267,0.200930035172019,0.450182175186977,0.100547068107755,0.392287874791172,0.173913526346621,0.373295172499379,0.138459535093218,0.386981968048188,0.0949365746482719,0.361066158344473,0.161641298786556,0.456815441549527,0.197997682323011,0.482688256153525,0.218235118329478,0.506649510697462,0.166634364673634,0.472133229701807,0.237096449706761,0.490900647671903,0.219863938537797,0.379264815545905,0.172964465203865,0.423839902787271,0.209843540101709,0.438026346741943,0.201673133141609,0.369533968147316,0.21544847124061,0.448998016453679,0.206909447504039,0.368481705299822,0.256325997063538,0.41559733317742,0.222686457257645,0.403728311677734,0.230784801787275,0.414122270558813,0.0643241523400374,0.31200916028176
"SW5606","3","3","43","340",1.88,1.81,1.27,4.96,0.42863550084439,0.234246318115638,0.195432284082924,0.325777788381042,0.534683336400384,0.233250834317652,0.491431399669135,0.223270008605423,0.451117257300474,0.127664473385595,0.38656965327237,0.218932361333447,0.393859465033371,0.230599126266857,0.486387823737909,0.17615620120652,0.438278514167584,0.231640131355548,0.502927267016646,0.246135208320474,0.500839330413016,0.264286558059975,0.516098062447728,0.200802037127011,0.478869776961949,0.269941014897532,0.501798770897429,0.238725471907913,0.381769238642511,0.227822824791322,0.451413314206683,0.249238002992382,0.442714793750951,0.240906548670814,0.378390428096993,0.260897268253251,0.465690152669119,0.246219849303342,0.376792524919572,0.280454274418607,0.396129518805041,0.243851230167158,0.383598574190002,0.232685233335259,0.391919671094244,0.0870455508526004,0.30458617131063
"55V50","3","3","44","341",1.93,1.91,1.2,5.05,0.440035381185996,0.247188103646889,0.184660425905125,0.352436821166132,0.560058111222526,0.202839391517822,0.477781960390656,0.206021403724402,0.435894617190889,0.113260107841794,0.368033646941587,0.197465075291466,0.36692611379995,0.196521433962966,0.439578612528632,0.158904806713292,0.420054686070378,0.210692114087399,0.498193362580953,0.229466391045662,0.496619472256988,0.25119901509971,0.51472010751074,0.183406589781133,0.469626958098741,0.263155215246142,0.495924942074696,0.22530169940275,0.366222309953064,0.204037849001247,0.422716178443733,0.228634545640023,0.427468969239072,0.227507331660379,0.375967543712642,0.247314520930122,0.47154102408174,0.231395280570809,0.344285058656231,0.269648534102998,0.417140528668043,0.240058780991363,0.41002429551863,0.230869005797073,0.412709370993842,0.0790003118235939,0.322031382688822
"EZRA","3","3","45","342",1.94,1.81,1.4,5.16,0.442315357254317,0.234246318115638,0.21543716355598,0.340377519668913,0.547660549060256,0.205315816601523,0.487991905792417,0.20299154468217,0.443502878215506,0.096366481760734,0.380224801430288,0.162106004149607,0.369619113501637,0.14815292591799,0.402798247391659,0.127900116042367,0.391579859051325,0.181114723849844,0.48030903990211,0.214375968961899,0.492584350229453,0.235005292554493,0.508698934185413,0.170086211136483,0.465954162434814,0.253317680242861,0.499527596083964,0.224323454258942,0.380562500913863,0.178759494674124,0.421685526948685,0.213861346252663,0.442818936634287,0.220468467735993,0.393036134512864,0.242668550159617,0.471900442331815,0.230785368083772,0.373722219584632,0.263544699905906,0.408729826981423,0.231618757736583,0.409601754479302,0.241102533526848,0.435158513355266,0.0845431485909153,0.323523454630721
"FSG_415BR","3","3","46","343",2.05,1.95,1.33,5.32,0.467395094005851,0.252364817859389,0.204665305378181,0.353902051092635,0.568698713448972,0.190404075400536,0.470926534865154,0.197786297396076,0.432386070636206,0.106167990240602,0.381924440927343,0.175483722841899,0.375376566765947,0.167806337805037,0.422152779057129,0.138183488224555,0.415125419537184,0.198559458844086,0.492595384454316,0.213944836354495,0.494126381935753,0.241688738579058,0.514981182046278,0.166251828123889,0.465420521651828,0.254645087607999,0.504952470097208,0.21152802886939,0.360628737699405,0.186573103610622,0.424773460686773,0.21972927611996,0.436670402811795,0.225646984831763,0.383097150336129,0.244031148518929,0.456352876142165,0.232902060649387,0.364082644552074,0.274741801991185,0.436025846138582,0.245416121123716,0.418559529931961,0.241389764500877,0.422372906290062,0.0905988084614337,0.328764591809575
"FSG_421LH","3","3","47","344",1.69,1.7,1.27,4.65,0.385315955546287,0.220010354031262,0.195432284082924,0.294750257572379,0.503223685737532,0.217255632137267,0.47606967248911,0.228817093633733,0.444714937755541,0.109835056847785,0.369493244233418,0.151075085838906,0.371262643535215,0.131099334282022,0.382724906931613,0.127258453039746,0.381407925186179,0.178529678324144,0.439775270838929,0.215846893020557,0.469639001877347,0.236329692077877,0.492404194634471,0.165196953606196,0.43255325333485,0.261629524507817,0.466431642228536,0.215347186741602,0.353596964512874,0.182779897875566,0.377155306567071,0.221596847175595,0.400114298365782,0.239032736198718,0.36607727652903,0.258172279735236,0.45442810837728,0.252795476998904,0.354912435784106,0.266590200982857,0.376322017640803,0.242246981599865,0.374287893028782,0.264849538543625,0.417733291165929,0.132576890152244,0.297914344685243
"NY2003","3","3","48","345",2.1,1.78,1.27,5.15,0.478794974347457,0.230363782456263,0.195432284082924,0.328527833086472,0.534774140004404,0.208847708810376,0.481466853055821,0.220498803549859,0.447169800032904,0.0918284182073551,0.368061930302764,0.121845627653282,0.377650495446475,0.114845004613224,0.366708834071263,0.11134569679174,0.35203420632627,0.17796785786348,0.441579523226364,0.210399389300717,0.470975046933667,0.23311035188673,0.499272982297184,0.163916489915289,0.454293684602757,0.257566559753569,0.468845372610262,0.220147981968139,0.343013261978915,0.169234193511996,0.378389080246665,0.220120323558268,0.425133878533771,0.218913552706769,0.360199849170437,0.253546816334385,0.468651632444355,0.231601500509907,0.320551874233686,0.2659351264671,0.439360245786003,0.246595226534549,0.410168968937523,0.241293063291839,0.446119622554274,0.101610188344597,0.315183340304448
"ALFABAR","3","3","49","346",2.37,2.19,1.48,6.04,0.54035432819213,0.283425103134391,0.227747858616321,0.358190283463946,0.564280691321222,0.212840710747239,0.491009227582118,0.203253782084652,0.444280146309288,0.0869054234262524,0.368438846390574,0.134531822251866,0.368862185466153,0.168261032393879,0.411904597016579,0.12927300812974,0.409996519785809,0.198528422335411,0.486889068365714,0.200805994751204,0.494229896745932,0.243398398809055,0.5224202783556,0.173710461661384,0.489588349036037,0.268791712990947,0.502962101029897,0.22680917274101,0.364657776608033,0.174662832323388,0.421844632281065,0.218256525505175,0.455187153195788,0.215399107952164,0.400361607062849,0.237099980704484,0.477128215133483,0.197477633378919,0.31817412464044,0.257711985674714,0.446329871899132,0.248597091700848,0.433222200547388,0.214171906190101,0.42494882626148,0.111649464034846,0.349267779509994
"NY1517","3","3","50","347",2.24,1.6,1.33,5.17,0.510714639303954,0.207068568500012,0.204665305378181,0.338183039654358,0.538666225040101,0.236157590063044,0.489568563481607,0.211565126117983,0.425269233075493,0.0671474626357755,0.364138016940708,0.112592442325571,0.376118453710598,0.121177987759361,0.3856098345468,0.0979898729655806,0.347599026362002,0.181832764082884,0.444960903691766,0.199352617263592,0.483991186900292,0.243715782491878,0.506440357541121,0.194870128253825,0.480987877489028,0.263083239966498,0.486358186065004,0.237989913070012,0.354006521325905,0.167789216610665,0.388200894392845,0.220616942491988,0.450351059266332,0.22378206242571,0.384144488421819,0.25165255240563,0.486319903749228,0.207296661296976,0.334967433301004,0.271326998254621,0.438583529553504,0.25925097500997,0.399921852370734,0.22170984870583,0.42128596347435,0.12862739136013,0.345732664106366
"SW5210","3","3","51","348",2.04,1.75,1.29,5.08,0.46511511793753,0.226481246796888,0.19850995784801,0.356079208155665,0.549511963375659,0.261734397459512,0.492602742090172,0.251609566028706,0.439856119714252,0.0915828367893321,0.334138310032533,0.16196865322175,0.375090619053529,0.22417869470211,0.440067887474439,0.166737152831983,0.422542032814201,0.250805939769517,0.490793565523622,0.233797931445512,0.500263480392157,0.278295304344524,0.514317514100062,0.24128407281521,0.497760390008404,0.284034014328927,0.497656576946239,0.258081456068361,0.375602491555906,0.2092938359878,0.433159100960959,0.253084480755419,0.467740877578978,0.244519719524187,0.402956259426848,0.266727638295426,0.474508615567439,0.233223412287249,0.345217627280797,0.287593631488407,0.44168295138272,0.269415576304232,0.40310616136717,0.177306861837268,0.381508749736454,0.113794296448219,0.293721362229102
"FSG_415BR","4","4","16","413",1.79,1.88,1.53,5.2,0.408115716229499,0.243305567987514,0.235442043029035,0.332941666192573,0.550125373522965,0.200923004123342,0.512108418246526,0.174119439579092,0.424354092565933,0.0636830748611411,0.367410240628389,0.154053007626635,0.385917980061223,0.222171381199947,0.450879988700773,0.143222166753949,0.385028251386805,0.172751235988585,0.484272595384454,0.210811682299495,0.481397189194827,0.208166080598223,0.491447414273766,0.200743025178838,0.441685045872484,0.265445011031952,0.519362201643407,0.26204057973432,0.427104736003275,0.203972705758582,0.461469627723498,0.20643391589311,0.438689443314376,0.217276635318205,0.40794868295346,0.238356718156678,0.476119077089334,0.236979810069371,0.403091479708687,0.279864129789306,0.453342056425548,0.260975048174845,0.443991322184587,0.225098953712451,0.437126915074712,0.07784939261483,0.35353667202175
"ONEIDA_ULTRA","4","4","17","414",1.67,1.76,1.46,4.89,0.380756003409644,0.227775425350013,0.224670184851236,0.310743789202031,0.545559849426587,0.184068821392048,0.496889322810729,0.144592142057273,0.42262307369431,0.0469293482998848,0.366529499692254,0.140154344099098,0.375045729179621,0.211830506836851,0.441430090598362,0.127046555003782,0.383389055145111,0.172288363164827,0.483990068949014,0.202532437149316,0.479659600542345,0.202719360960855,0.492513135038923,0.197076606132633,0.447764813305277,0.250468867486169,0.503127200906391,0.25058939629153,0.385023468000175,0.190165837131416,0.449843265323141,0.199633013997519,0.436856518189492,0.19807048771416,0.390127995642702,0.220098031020138,0.473415796832829,0.226883342468593,0.385754501202276,0.276051017671364,0.460223047035191,0.249002850955344,0.435994845330354,0.236829952147533,0.470778849589139,0.0907327007590829,0.330824999683131
"SW3407","4","4","18","415",1.81,1.92,1.36,5.1,0.412675668366141,0.248482282200014,0.209281816025809,0.35115420059367,0.556293775889977,0.240697212075934,0.499735388226437,0.177137057808914,0.406907117587096,0.0824639075922984,0.356417978252587,0.195277536036171,0.397175813890957,0.276984504301272,0.492234733937528,0.170045339466309,0.409406465288818,0.219524069825392,0.511438654609485,0.236708910924722,0.48430120984564,0.23267160459151,0.495061303549856,0.238621101585282,0.455233675919283,0.270489259807163,0.490033874265366,0.252796253383477,0.390466435642117,0.225777451112697,0.473319216043674,0.226267204587172,0.443938727219893,0.226997343509539,0.402534076632616,0.240498877120091,0.47010529054076,0.24671145480125,0.391878963411425,0.298632892705173,0.447119201799272,0.26617094339941,0.415323083107225,0.227279666083095,0.433782863627766,0.0978779587291446,0.327075208382948
"PERSIST_III","4","4","19","416",1.96,2,1.46,5.42,0.44687530939096,0.258835710625015,0.224670184851236,0.342568274359913,0.562513629597916,0.20668822922669,0.47427250214974,0.14552804227156,0.417212778077592,0.0557999216740522,0.363818546850728,0.172845682411758,0.390413617390362,0.244424716756155,0.471851102893084,0.143434883055539,0.398850753868055,0.214644458146037,0.510376901332615,0.222978342315907,0.484552565707134,0.220761424750545,0.497709249211898,0.232648077696483,0.458380883774715,0.264740303417132,0.493686208016531,0.242552475983403,0.3628775716103,0.20374424776202,0.462595287982285,0.213970983372911,0.446448032988778,0.217979376677323,0.40165737542563,0.220660734113723,0.468280948200176,0.234945804941066,0.38665250153736,0.293338215521176,0.46240503645627,0.260555726473697,0.436914410020867,0.24214516592305,0.466270082226439,0.0919117388639999,0.343280099370065
"SW5210","4","4","20","417",1.8,1.81,1.42,5.03,0.41039569229782,0.234246318115638,0.218514837321065,0.33985429545432,0.555210635692473,0.24991822494247,0.50227140482895,0.167172183160682,0.403967502526745,0.0548706839982258,0.370423810779917,0.183738595784345,0.385108355050881,0.248942116763335,0.467847507890999,0.152975377338712,0.390950968170699,0.221307051004736,0.508853523144418,0.231514498111476,0.484453744263663,0.223934709063852,0.488463403726419,0.244039343851062,0.453097871494551,0.257286936578193,0.465238084277666,0.239364734095179,0.351949086868155,0.223997525342831,0.467280868204667,0.224205566183597,0.436514689017809,0.230263000119172,0.389476645914479,0.23582307838575,0.456403036566154,0.252546764696813,0.395005459811043,0.295069349331584,0.431347179070139,0.268109726643299,0.41024925027124,0.240952292946459,0.421393230741245,0.133231501891809,0.334531919385401
"SW4602Z","4","4","21","418",1.64,1.69,1.24,4.58,0.373916075204681,0.218716175478137,0.190815773435296,0.340174503638058,0.554993736305028,0.227682257753092,0.46460439248163,0.154044935483993,0.418414133237393,0.0552209558238413,0.361390867258712,0.186011615894684,0.376578788160834,0.231993627669368,0.448370629941012,0.139202046917573,0.3826809969772,0.208264901486221,0.499819589936431,0.219230900467465,0.479758943471005,0.215243781685401,0.479872616928653,0.233408322433423,0.454408491696627,0.240210424661919,0.443170072954153,0.217225727898193,0.316947697796494,0.208272405665614,0.440098910377548,0.217669988276232,0.420477811449209,0.221657938294567,0.37221740828767,0.217742117815874,0.447430151111535,0.238081970886424,0.370357709938966,0.302377406110524,0.453832426270756,0.266293202338935,0.401167130705161,0.253472619501094,0.41996112056827,0.113671261276904,0.309304663041687
"NY1614","4","4","22","419",1.78,1.59,1.43,4.8,0.405835740161178,0.205774389946887,0.220053674203608,0.320104355362618,0.549031777666117,0.236128961625968,0.491969733951672,0.176107901905214,0.435417041434311,0.0372074898969344,0.396167531287552,0.166632013016762,0.378138861252746,0.201365959511992,0.444364510602237,0.107907157926159,0.364674244042111,0.169877969557823,0.474823888365415,0.197999302376094,0.478224212557363,0.198587410318421,0.484628680491519,0.214531554353653,0.457401123517406,0.21614559401683,0.4417530439853,0.236427517686272,0.372541433239963,0.185296715000202,0.452919583569738,0.196283714240015,0.438390136576861,0.206076847346666,0.397004545884033,0.19814925509819,0.45723916365883,0.226672793991256,0.418702622291855,0.27281565742774,0.428006993224315,0.25723985071567,0.418106486489682,0.237760091717886,0.440634260134922,0.122913233292166,0.340263110264349
"AMERISTAND_427_TQ","4","4","23","420",1.73,1.77,1.23,4.74,0.394435859819572,0.229069603903138,0.189276936552754,0.332793561890427,0.560839517046221,0.219821812726917,0.476783054020906,0.170060885444208,0.424846023840505,0.0699718626738597,0.350937307658489,0.231209584586408,0.407165110242409,0.285095573296932,0.503578753768968,0.159673925384082,0.412415795953987,0.205355386370065,0.516955113856806,0.223118461576762,0.484489074885273,0.221531982671954,0.494131295883282,0.232154056532949,0.469610949084212,0.242566077962395,0.465393880165261,0.247507857016087,0.377358339169001,0.214213114296244,0.474958489509573,0.213530397124709,0.440385929954198,0.227838481701931,0.404059729906598,0.205778487336907,0.435934705557181,0.232945684562685,0.379428607601233,0.276567687869357,0.435852430302146,0.243492312853259,0.391233278358072,0.210925358449457,0.400625975121231,0.0849106084993657,0.294227663916245
"WL_358LH","4","4","24","421",1.53,1.51,1.15,4.19,0.348836338453147,0.195420961521886,0.176966241492412,0.311592737486553,0.528755096113373,0.221651666243251,0.469714684292689,0.167780513972518,0.415567847934281,0.0677402808258369,0.332676514552009,0.2173359578145,0.39683561849687,0.245290446606329,0.459604803399593,0.148761990663052,0.393056672941385,0.179913306792505,0.476525502133882,0.227489918113948,0.482155428660826,0.220847256466451,0.488850335613648,0.221196051402004,0.458309163175422,0.228087207964358,0.440089669391963,0.20947041145839,0.308145570728291,0.204944023889169,0.448756323369326,0.215655885181992,0.426513623092144,0.215010495491987,0.373658649253026,0.209731231762083,0.426840903565495,0.220723714244065,0.351978682245026,0.281918755575012,0.436329246338734,0.237624073130624,0.382259305892993,0.219241880838475,0.395549881260114,0.0913816481383678,0.272682358011078
"55V50","4","4","25","422",2.02,1.87,1.51,5.41,0.460555165800887,0.242011389434389,0.23236436926395,0.337647831586026,0.56249022179816,0.222386240600169,0.475966829419515,0.170780588125933,0.426093584689357,0.0486940691985539,0.386128550074738,0.201307201160552,0.400836254860594,0.244270542041036,0.471808582499708,0.163424567632076,0.399686734300876,0.168414584309105,0.481734493950135,0.217833825706557,0.480445348352107,0.217578399301818,0.48802562494192,0.218812287203244,0.45635197212102,0.231376401541187,0.453490828918762,0.230241100636004,0.344617909663866,0.2034861872611,0.448155147226355,0.212892754177954,0.432232831029377,0.222597421270813,0.398915423719345,0.209272720821959,0.44134274259516,0.236304717733823,0.382299739819299,0.288731522510073,0.436634515237966,0.263958755675649,0.406690075487536,0.241835574142058,0.422416619380871,0.124964896974084,0.327329718652167
"VERNAL","4","4","26","423",1.47,1.42,1.32,4.21,0.33515648204322,0.18377335454376,0.203126468495638,0.265499246497421,0.491077010514351,0.201183336417825,0.470506293933404,0.176158421092906,0.430701265215566,0.0339142057986314,0.415135848061198,0.165117278172816,0.367791606478337,0.132919808734123,0.386956577710836,0.0754505282327862,0.329820521213255,0.0758747025455604,0.382726445220402,0.168556229302445,0.47241186900292,0.173234065964892,0.471909816788545,0.175430179265534,0.444039443441238,0.191100125986978,0.441262604209395,0.223747986869095,0.343018087175213,0.159444031892085,0.409058526945274,0.181657501818594,0.414540246585578,0.188033707017383,0.389748584521343,0.168401468965821,0.421081130296231,0.207216115463268,0.367629839129625,0.247666888765606,0.439214623230696,0.237671091283564,0.409850519647111,0.230699507410224,0.446898051825232,0.0811390007860614,0.299359911089942
"SEEDWAY_9558_SBR","4","4","27","424",1.88,1.65,1.35,4.88,0.42863550084439,0.213539461265637,0.207742979143266,0.322592124807592,0.549589954094387,0.229747914258084,0.477132319041033,0.179024775359437,0.432275766141697,0.0286419179916461,0.417571148040681,0.178404728135746,0.390725702200712,0.203501169925546,0.444451061956845,0.141139061790235,0.394193447178522,0.109686016040175,0.435169979509729,0.201912976646927,0.479187526074259,0.203270733556162,0.488501881795372,0.199732118649139,0.452300114373819,0.207046370299417,0.436980617211016,0.223123040716289,0.338854088988317,0.185467125736513,0.435935501260579,0.196721501577589,0.423489697925748,0.204244347254802,0.383629778165059,0.184929253894746,0.431360582707378,0.228851119981341,0.389647233658058,0.278658872599785,0.436364694761279,0.253125051173495,0.402280350186502,0.232419661487463,0.426934640522876,0.118508444045798,0.323757684069103
"NY0651","4","4","28","425",1.63,1.71,1.53,4.87,0.371636099136359,0.221304532584387,0.235442043029035,0.308721853181116,0.540621146626307,0.229855992765889,0.485225289061606,0.190348041844888,0.440176440606824,0.0514015632397354,0.388654415428354,0.210200887650538,0.389815088297475,0.23221438088495,0.460512072343261,0.166062801856506,0.402227655104001,0.106114688475595,0.43524670585244,0.207057492282973,0.482906106591573,0.202408971780573,0.488459179515773,0.198125718353211,0.455124293010634,0.217722561793156,0.452388844658113,0.237730464284114,0.363444605284321,0.189374783357421,0.452626962534083,0.199638581904937,0.433112208892025,0.220346990255618,0.412129356472198,0.190984771240187,0.428265360271125,0.245133859302863,0.408349705230491,0.273754830397133,0.419750853194876,0.248632760745627,0.394064799872316,0.239905845602997,0.416374545530967,0.112110173441904,0.30369380331318
"NY2003","4","4","29","426",1.48,1.51,1.29,4.28,0.337436458111541,0.195420961521886,0.19850995784801,0.311872953064537,0.524618778112024,0.235691549154831,0.463148597163942,0.182470137970794,0.43916888478296,0.0393632381569221,0.39739118965972,0.182028980514565,0.370986002523372,0.184326161383203,0.402244721764383,0.134305192925188,0.360903621581377,0.0691720104674474,0.390342614975975,0.20591936958564,0.478840999165624,0.199169015426167,0.476714669872688,0.185082047467369,0.436272614105262,0.214827332018816,0.433938895553091,0.223761857205724,0.331561755201708,0.180743667804634,0.409628200030677,0.203516334026585,0.406829258167628,0.216584617028936,0.378125384056757,0.196303715837795,0.418663918713781,0.229920583005283,0.348698549900825,0.279486877733645,0.45288001056502,0.258658011329598,0.402901275071379,0.235921863406492,0.419608053296345,0.108416621081295,0.284461633918273
"NY0465","4","4","30","427",1.68,1.62,1.62,4.93,0.383035979477966,0.209656925606262,0.249291574971919,0.303418901708377,0.529072010595721,0.220932424769843,0.478964286636921,0.179274330725535,0.4365434430653,0.0441097761480143,0.387715056127085,0.18347889682387,0.373757150851884,0.184898804415286,0.420090056066272,0.112262720920061,0.361143144900827,0.0525810337550974,0.383264546558646,0.192355260858232,0.484597804547351,0.193014821141307,0.488708512934886,0.163672938640206,0.447044225578716,0.198388346295801,0.443342233202137,0.219039686207683,0.339777894752233,0.173391134137855,0.428383644792314,0.197266646263408,0.426751352622912,0.206583088010419,0.389732811204082,0.183125347648835,0.433393034825871,0.229417561289042,0.379063908290731,0.281726220382165,0.453358775515266,0.260590798123835,0.423529293538338,0.266864835126513,0.447839144232184,0.129243128249539,0.307694339922204
"NY1615","4","4","31","428",1.92,1.51,1.49,4.92,0.437755405117675,0.195420961521886,0.229286695498864,0.325580761389153,0.552561026330102,0.239200523543864,0.484804567413263,0.199044079317045,0.439016159980812,0.0369072331400793,0.412734693279404,0.181993643751081,0.384754953778552,0.202577566895871,0.434257689922195,0.108539013959236,0.366687838357389,0.0677275173938479,0.392907973257953,0.198564253395128,0.484640305590321,0.197641743631786,0.483126532421208,0.168041284418355,0.437681118209449,0.198380537007234,0.428181779316831,0.237199259459225,0.345544004328055,0.181970826927519,0.432647274752538,0.19369354436883,0.421240953685638,0.212726182355876,0.392358965663183,0.182647381176657,0.430372451468149,0.232373040314325,0.402705458285776,0.264791994701369,0.432385435563804,0.245401452159453,0.402645787890073,0.239834432331104,0.42884229390681,0.131777325631251,0.311440992686667
"EZRA","4","4","32","429",2.07,1.61,1.5,5.18,0.471955046142493,0.208362747053137,0.230825532381407,0.339932323116071,0.577082426270079,0.234219786362283,0.480189495639825,0.173786028456522,0.431705042873418,0.0369177169662724,0.398799202790234,0.189027293328184,0.368858587738893,0.22726662556313,0.440025361851599,0.122078977487655,0.377909813566611,0.105631033788697,0.421127077924016,0.20527085406424,0.490448216520651,0.20601089032088,0.495646896199238,0.183605672741788,0.44716349394185,0.205197406846181,0.442035525818865,0.236906488509447,0.35907356231083,0.189724032746026,0.441516634435839,0.200289109386042,0.42736356583918,0.211301689819164,0.401151204011856,0.186772405830418,0.423877207699222,0.239412719285713,0.392169372457081,0.275116714319981,0.450859867841256,0.253697701702303,0.422763248601621,0.230577378919551,0.441807051216459,0.11302055466664,0.312839524950252
"WL_349HQ","4","4","33","430",1.78,1.61,1.27,4.66,0.405835740161178,0.208362747053137,0.195432284082924,0.346481239699888,0.583231113093412,0.238839714284717,0.503717235686545,0.169251180101408,0.444670804101457,0.0780989449672084,0.355017878601366,0.242791913408484,0.402168629364252,0.302647257765488,0.504227384658843,0.176387902638902,0.432057560774941,0.171292060253173,0.478839532761999,0.233771769001924,0.49591442428035,0.229478998597869,0.50078474262472,0.212318032666866,0.454676374915657,0.228452191202091,0.444622100829376,0.238568681138018,0.329943121170914,0.214223654895591,0.463751178302262,0.218170975067092,0.43422198237093,0.229272013986274,0.400989749176024,0.198336370853535,0.412430576059829,0.240100946336849,0.370706323960846,0.294438367583949,0.459986202917892,0.256831590371668,0.409734640916964,0.22556720766728,0.417367967551436,0.109561896341683,0.302887815759788
"ALFABAR","4","4","34","431",2.05,1.75,1.46,5.26,0.467395094005851,0.226481246796888,0.224670184851236,0.356848114682192,0.587862044392252,0.242235470472062,0.524352402357517,0.180171995427562,0.449033981199042,0.0315884965415157,0.416111257657024,0.174304419088104,0.375595164226028,0.237826365942124,0.453767903833694,0.139388777719729,0.390808010141828,0.155042157204346,0.45672307279076,0.201694479952496,0.493240508969545,0.210348796150489,0.497281705928817,0.206885854868261,0.462816186738956,0.208676241238639,0.446565209200104,0.254193496338405,0.372696846076238,0.191145370730413,0.449361967009026,0.202232501426683,0.432568668963704,0.219368694870269,0.41040129062512,0.182305205371049,0.42660682549324,0.233420464832263,0.386632995947908,0.274280727474223,0.451183256351244,0.246638334685164,0.406340598343649,0.247122247469015,0.449512220751109,0.0976336998800597,0.313231037151703
"WL_349HQ","4","4","35","432",1.65,1.6,1.27,4.52,0.376196051273002,0.207068568500012,0.195432284082924,0.384232911349206,0.612871783387188,0.236039457404238,0.513500146695168,0.161408687413858,0.413088685015291,0.0812766929323602,0.338887716521586,0.249960946436521,0.405482060688969,0.335860054727821,0.517936998204038,0.201978362879423,0.443768379105749,0.224532277535647,0.511107678992449,0.238122739488751,0.504791405924072,0.235916776266746,0.503825638166313,0.235039010116515,0.46797939514789,0.229168304655087,0.448395443549622,0.228579469699465,0.338839028527145,0.21998964008886,0.475946253036036,0.219954438073116,0.441199164210497,0.226650741835218,0.400138962988697,0.20860597500284,0.435046727148571,0.246060557993729,0.373474738294565,0.294052292260471,0.462840193814246,0.250193885539626,0.407395177546448,0.230787379997073,0.430219826408591,0.101518766432572,0.301797660240567
"SW5606","4","4","36","433",1.63,1.55,1.22,4.39,0.371636099136359,0.200597675734386,0.187738099670211,0.379045736241093,0.590364578443265,0.259082286129615,0.514597687999222,0.175759456744449,0.408857558313845,0.0801836816836956,0.366028605762185,0.241029675840878,0.40084220133201,0.330107595763895,0.506169368304578,0.215299053160413,0.439145159206617,0.219288713469155,0.499227053140097,0.248893479514334,0.495984694409679,0.243414768939584,0.502733394898244,0.250351917963834,0.474670938307647,0.237445379182059,0.451704330873422,0.245609801971465,0.336667397757015,0.231382520852374,0.466147245713809,0.229994174625362,0.432888455311553,0.234581739552287,0.398524459935679,0.231564702930754,0.448454589796117,0.257931242895324,0.381152307666362,0.300513545146677,0.450365952832746,0.267627783696128,0.396278352160882,0.24895211302301,0.423853468269028,0.12876403294531,0.299250795340761
"SW4412Y","4","4","37","434",1.91,1.76,1.41,5.07,0.435475429049354,0.227775425350013,0.216976000438522,0.383282591212022,0.599402738813715,0.243000571997213,0.485625352869678,0.164218419778312,0.412710619415962,0.0612152292416395,0.378515782994812,0.221034849398728,0.396289977407453,0.308580002497201,0.494388965067229,0.200043311693347,0.425256006516349,0.188108874891209,0.476049628891104,0.236804705789404,0.495822773258239,0.227975447323378,0.498339445147363,0.241747351407725,0.478026046471178,0.226858586073976,0.454404943956438,0.25305192534572,0.37676404790104,0.218838490563556,0.465128817385883,0.214971685728882,0.437154856296788,0.229686331426076,0.4101104686889,0.233670486029437,0.461581910961373,0.251911638539337,0.391550367793068,0.272763167887838,0.435277262269672,0.248423063509569,0.391444667104104,0.245450419203727,0.420148792636026,0.124995087696693,0.298157090890655
"LIGHTNING_BOLT","4","4","38","435",1.69,1.67,1.31,4.68,0.385315955546287,0.216127818371887,0.201587631613095,0.365383377447584,0.591870062204796,0.232544302096343,0.478510965211732,0.154554280393682,0.4155902544084,0.045602502421442,0.387999648289809,0.20500122017797,0.39210153470671,0.283275990283686,0.472518240480401,0.184826977447464,0.417305854754596,0.165317625816251,0.464318948279464,0.218088817201806,0.497844962453066,0.213481558169715,0.504843844938632,0.227182395233617,0.476324251797831,0.216346040701574,0.458736320927223,0.236327028082002,0.360713690397859,0.204456160653515,0.461388319283056,0.208359054364238,0.436737930175599,0.222013258946094,0.407896470028311,0.231183550618512,0.45453369859728,0.232259686604152,0.371052225033139,0.272734980439989,0.453523724480304,0.234796482173991,0.393787440812925,0.204174397678514,0.421121829224723,0.0789342904659851,0.284427593871557
"SW4107","4","4","39","436",1.9,1.84,1.27,5.01,0.433195452981032,0.238128853775013,0.195432284082924,0.386003960651931,0.598282827144776,0.246400750697305,0.465434423490689,0.173459844847602,0.415352108811181,0.0528259785086374,0.376340162372871,0.227872943020405,0.400680237739916,0.313320608034772,0.50316409056576,0.21477909211717,0.434143142264301,0.195314337917266,0.494596551053679,0.237800081189412,0.49803739048811,0.223882262029858,0.504989226140693,0.24029181312957,0.478630894832957,0.233594764743597,0.470469537051707,0.241894826718818,0.36781527194211,0.212903754851551,0.465289486342118,0.214103552848105,0.437609697372245,0.233957289834068,0.419947297141237,0.243418203607225,0.462471173544044,0.253220536340197,0.384716899942651,0.282334486916795,0.440274105733962,0.251396561741579,0.39820437416919,0.221263910113722,0.417172309438245,0.10644380567648,0.311604697025869
"ALGONQUIN","4","4","40","437",1.53,1.48,1.21,4.21,0.348836338453147,0.191538425862511,0.186199262787668,0.304357864270574,0.524344996889134,0.224714896654321,0.481839384817173,0.180755999532883,0.434680398153145,0.0373312973011032,0.388160702248014,0.181769906469789,0.375332097501448,0.183051962839024,0.374416923048581,0.12717265735903,0.35664479358251,0.121829128266847,0.408997970573313,0.196938917398327,0.49083711410096,0.188026616312886,0.490718763626486,0.213060652467521,0.474825368132363,0.21002625776155,0.463577742393157,0.235647530040053,0.353650355975724,0.170448423159069,0.42614215276754,0.191222841939757,0.427113758700375,0.211446118350606,0.414785634425323,0.217228691628872,0.464565920644352,0.231363369783766,0.375434090773786,0.262882371296567,0.463582653905235,0.250992058403645,0.441461277908812,0.224291549095509,0.457088340712629,0.106410374033728,0.322709735477902
"NY1517","4","4","41","438",2.3,1.73,1.37,5.39,0.524394495713881,0.223892889690638,0.210820652908352,0.372154499734946,0.588636020041315,0.249418011861467,0.481585554731335,0.17618055146409,0.429743198576151,0.0202544948124183,0.432266625633811,0.170468192459284,0.374327153776149,0.179436920796576,0.371778185123094,0.139954199136804,0.368668277256659,0.142876439880091,0.429026919748112,0.216607683432582,0.496901335002086,0.210111585829164,0.496148563098225,0.237234236393881,0.481025794139764,0.208617352195167,0.452056688072386,0.246343640699474,0.369021358543417,0.18305070179322,0.422923023542219,0.204351577334547,0.428324269722003,0.216295014070083,0.399079381040165,0.226183007483098,0.459113706979318,0.245367292568463,0.390846508094763,0.274546456480075,0.44324151496827,0.264019325197424,0.411333061412687,0.259564875622304,0.461925057268352,0.134568075411267,0.337688251771297
"FSG_421LH","4","4","42","439",1.7,1.57,1.1,4.38,0.387595931614608,0.203186032840636,0.169272057079698,0.332948076584689,0.541587735327679,0.263728868203065,0.481208012410058,0.199270674872345,0.453864454038496,0.0385059063833815,0.386457838740878,0.181861102563666,0.368298149069353,0.167343003446571,0.343491583918253,0.14491584375359,0.362600597269847,0.130140361735295,0.408564035835539,0.219583450721833,0.478095666458073,0.212968361768856,0.480360704252536,0.247933065416677,0.475933259411796,0.214395049666178,0.435706795222899,0.243070024993228,0.34984593837535,0.195871096481911,0.421710396013802,0.214928519057452,0.410700042896481,0.231645216847815,0.385175168764632,0.23709358772184,0.441260616868494,0.257005859121347,0.373188133109384,0.277610910659133,0.425032297934797,0.252855292466511,0.374641744548287,0.252400151911642,0.412447933085346,0.122406792123548,0.291042756211796
"REGEN","4","4","43","440",2.23,1.9,1.49,5.62,0.508434663235633,0.245893925093764,0.229286695498864,0.366856734565552,0.588107448245319,0.241149985622753,0.492370668073993,0.166002999907026,0.448844902601065,0.0236816442114613,0.416035639966001,0.172343306245567,0.379622735170017,0.185119101904438,0.39339756448673,0.164438254337213,0.403890853100686,0.154096755172508,0.447809263735936,0.223413208178258,0.494569513975803,0.217622759232582,0.502095965755971,0.248178498116033,0.49412570369699,0.215212190201034,0.462032897490074,0.235577705512731,0.37022459095495,0.189153437649899,0.451662535673322,0.199438583580382,0.435602418808031,0.214819940836771,0.409692286695153,0.221344464750105,0.450682925243066,0.244349829078852,0.391106168673467,0.261539988737056,0.437229532011316,0.242371077776063,0.399017538881697,0.247724354047769,0.449769875795978,0.104450025047656,0.311455630046136
"LANDER","4","4","44","441",1.89,1.78,1.35,5.02,0.430915476912711,0.230363782456263,0.207742979143266,0.360216331514058,0.595496663649303,0.231675623726281,0.488709036535123,0.154649288307129,0.430854770042574,0.039884214778855,0.392542278495853,0.197597289659227,0.377713696472246,0.202465066171562,0.421068312734402,0.172783190585313,0.418405191846807,0.170675498877448,0.479264418795482,0.220920351316901,0.496404229244889,0.210950396647491,0.50783570300158,0.24491996706031,0.502604058058931,0.21434767672849,0.468155604487784,0.229233647515853,0.370599494085479,0.187239568245547,0.461356897889406,0.189653571820865,0.431885784659665,0.202251243153622,0.416143872505276,0.209003260433538,0.442873085552629,0.232134539444824,0.379890795186086,0.261435683206479,0.439361476600566,0.232228348308706,0.390777279256593,0.200407153758315,0.424510647269661,0.0850002203004643,0.311023866560199
"SW315_LH","4","4","45","442",2.1,1.65,1.26,5.01,0.478794974347457,0.213539461265637,0.193893447200382,0.365423752611135,0.586466870867293,0.259032072507694,0.494763352342068,0.176441740958104,0.441742869535305,0.0387741130246626,0.401111111111111,0.165133173025144,0.360853732315711,0.129553774000628,0.302136533131422,0.123265320656341,0.350514735173049,0.146668645789016,0.419890519136716,0.219614809409502,0.493519503546099,0.211197940590789,0.495237359982272,0.246163286320018,0.500752598459478,0.21347428428344,0.451639468731353,0.226541711839178,0.370188036437543,0.183627503028254,0.424768993190046,0.199890282627731,0.422117427819752,0.215856586268701,0.399512967364275,0.223982445721026,0.455361343420458,0.239861786520871,0.385116155690148,0.262863989164974,0.426914041050663,0.247067579965483,0.387445395603724,0.256591910669621,0.442507397772245,0.100321545305632,0.305020723221415
"PLUSS_III","4","4","46","443",1.92,1.88,1.11,4.91,0.437755405117675,0.243305567987514,0.170810893962241,0.37886405470739,0.605904260446437,0.224960575448615,0.469617992124386,0.136029724217492,0.383935060262637,0.0835744169549095,0.356684691813945,0.237396644621422,0.398249207188161,0.261906276573153,0.479981563302662,0.207967792742555,0.441869922727354,0.231010427798955,0.514403557465604,0.252041982778586,0.507351246349604,0.244020548649894,0.518288843973608,0.261621835560904,0.507188647292626,0.233055591043244,0.465219171999878,0.213429484063277,0.345960725826498,0.235605600604918,0.481715429393448,0.23139876889099,0.45494790153182,0.218457076547186,0.402766585127715,0.240823120394785,0.448948367034212,0.245887786459964,0.38303683055143,0.262650941847085,0.399375107411719,0.220106767910894,0.345343831834814,0.200459137833425,0.396621482462224,0.0858418416437121,0.280595316345162
"HI-GEST_360","4","4","47","444",1.91,1.72,1.27,4.89,0.435475429049354,0.222598711137513,0.195432284082924,0.373960731998102,0.593353763646811,0.249653311062081,0.497051626974901,0.160411991103337,0.43840423937159,0.0543428149101394,0.406619625428647,0.18643543167094,0.376824403284521,0.225066411316624,0.431873952211639,0.175943478472027,0.413947987780168,0.21364386728113,0.499736916887274,0.252022894541057,0.511705256570713,0.242661662709901,0.525544237381427,0.254177889266037,0.504312762646639,0.237137932951576,0.470406038521603,0.230013929177699,0.355492096913337,0.229191999308582,0.475570387644691,0.229719774447375,0.45238338384048,0.228977421590921,0.413597477541793,0.246109026327571,0.46324935630818,0.255558868489183,0.392314473682193,0.276471072623409,0.433277206664303,0.243944745344413,0.388842741196569,0.220317900348488,0.429917617636551,0.0979878341319925,0.315634941759509
"N-R-GEE","4","4","48","445",1.81,1.87,1.26,4.95,0.412675668366141,0.242011389434389,0.193893447200382,0.371949914119489,0.594734312035483,0.243687002923296,0.496552542844103,0.165382955110625,0.433723142499108,0.0702840166866766,0.40453676836953,0.196838102730189,0.379461924304606,0.241575957238008,0.457400840072954,0.16814059506125,0.405423333781543,0.203535453162882,0.497444549139259,0.239854146003459,0.498210914685023,0.232636444174394,0.515234556500325,0.239955399725405,0.497963703689661,0.219578782995245,0.461689645207242,0.202772440754406,0.351594069395096,0.208544277709949,0.463838592321564,0.216865443739407,0.445568516750384,0.212206848334323,0.397588126808817,0.245138804691194,0.476870809351933,0.252367225437052,0.398378861902576,0.273383916390482,0.449097107825761,0.248166128190646,0.403543007797029,0.225221561422302,0.457128399746996,0.0944598897786232,0.330804729980227
"SEEDWAY_9558","4","4","49","446",2.08,2.05,1.44,5.56,0.474235022210814,0.26530660339064,0.221592511086151,0.372022309740521,0.594942746299822,0.250710714296316,0.503456560489809,0.141992346742966,0.411186790505676,0.064994252972783,0.426371230106392,0.178212412629343,0.362074827293787,0.218813151859724,0.420469869751847,0.143597389467171,0.381180011507989,0.182645481752371,0.489660071029934,0.238270353185974,0.506417136003337,0.231073034766308,0.530505314776293,0.234859606108221,0.512242400524284,0.22084236547824,0.472901817568034,0.223087923599234,0.379176646049919,0.198577429753427,0.46724182804778,0.214876841167691,0.451729004940014,0.210793278194565,0.413111369688167,0.233136928667164,0.483929755128458,0.246774691194642,0.410153364547326,0.264498594955504,0.455114968353659,0.241108621496934,0.412435285841801,0.2049668832042,0.449214215160877,0.0896349923395077,0.324636171210566
"GUARDSMAN_II","4","4","50","447",1.93,1.87,1.33,5.14,0.440035381185996,0.242011389434389,0.204665305378181,0.377694270708485,0.595310291645229,0.268461495795556,0.512288247374896,0.179907395800917,0.434895065059663,0.0620367516106575,0.438219760250887,0.165947142703099,0.37409241180616,0.211331016872564,0.418787728057086,0.134535851189689,0.360692091263243,0.173552342144931,0.476343159689505,0.243062430931657,0.505350177304965,0.245184442413274,0.530871898522442,0.246479567706251,0.505732995264401,0.218936367592439,0.466432162194107,0.198809273133077,0.343526779839453,0.205520820596735,0.465357392292377,0.230725379921092,0.456205045179681,0.217580029302547,0.409421703359195,0.240152583274282,0.482746753589579,0.240130509560651,0.395178033548636,0.277536025512608,0.466970520023316,0.239657045513802,0.401793730455704,0.185028432728353,0.430872370384381,0.0878193460119774,0.320521393982694
"ONEIDA_VR","4","4","51","448",2.17,1.89,1.28,5.34,0.494754806825705,0.244599746540639,0.196971120965467,0.373269517876564,0.587447141252124,0.286017119394261,0.525741391316839,0.198154659355298,0.432356389038796,0.0594356200351728,0.435596734957062,0.162432473696171,0.374743890685238,0.219219961109912,0.43581028361427,0.134652689142558,0.388529269731544,0.183225151910504,0.490225518270151,0.247103471832184,0.509661556111806,0.258800691793733,0.537052318557755,0.259616955209696,0.515257688637814,0.21849529271306,0.476143620354102,0.215467201674661,0.37621997046395,0.193905370463859,0.465240790627788,0.228006689836703,0.459619881827113,0.208385758163394,0.425890611822098,0.225326348190512,0.476179824055407,0.24689656533205,0.424660561022903,0.257608097982001,0.454482140250641,0.239785490645162,0.428498229560139,0.16672921864712,0.416060147531681,0.0989726594314698,0.334620834759243
