"Germplasm","Rep","Row","Range","Plot","yld1","yld2","yld3","tot22","sca_yld1","sca_yld2","sca_yld3","GNDVI_131","NDVI_131","GNDVI_145","NDVI_145","GNDVI_154","NDVI_154","GNDVI_162","NDVI_162","GNDVI_164","NDVI_164","GNDVI_175","NDVI_175","GNDVI_178","NDVI_178","GNDVI_181","NDVI_181","GNDVI_187","NDVI_187","GNDVI_192","NDVI_192","GNDVI_201","NDVI_201","GNDVI_210","NDVI_210","GNDVI_215","NDVI_215","GNDVI_223","NDVI_223","GNDVI_236","NDVI_236","GNDVI_238","NDVI_238","GNDVI_243","NDVI_243","GNDVI_259","NDVI_259","GNDVI_263","NDVI_263"
"SW4412Y","1","1","36","113",1.66,0.63,0.52,2.8,0.196905191087492,0.204655874628428,0.102121198538912,0.169357680418153,0.433960789002354,0.254274210060753,0.537978040272713,0.193290367916925,0.503501105,0.0210219709276661,0.442038599879638,0.0258411979384575,0.233372703048226,0.301920436634497,0.539604982785405,0.217758680346703,0.521196779,0.298564760912243,0.55311437,0.190013129829867,0.449249577835724,0.280736032278359,0.45976540504106,0.152942231546952,0.349537889252613,0.0795372121637068,0.427960717,0.154330698863169,0.441904812926992,0.269054289700344,0.494660157073582,0.160334085848352,0.421347486362966,0.217583096950651,0.445329478321535,0.173371683206574,0.444557293781915,0.202322914269574,0.367843720496193,0.117719673816976,0.356858402876722
"AMERISTAND_427_TQ","1","1","35","114",1.34,0.72,0.61,2.67,0.158947563889904,0.233892428146775,0.119796021362954,0.153713328044616,0.412417325837387,0.244918849970928,0.549971064,0.182757964391476,0.53133804048789,0.0412215517884332,0.408325546972281,0.0459811021748095,0.244352753541608,0.311238506291576,0.552878854533266,0.235429112336726,0.547173102369782,0.311466086419519,0.573788362910616,0.209895962337736,0.474610880853613,0.325093764004586,0.509481031656818,0.179575414192039,0.33020212676532,0.100928457492087,0.408952816445547,0.173956279381547,0.433229420800578,0.32072624368976,0.537948730138607,0.190461668064066,0.470604446104123,0.250480280369219,0.500959144477837,0.206480054582426,0.492669193167463,0.204119218727409,0.390848006798927,0.122945711768291,0.341455322613474
"VERNAL","1","1","34","115",0.83,0.54,0.49,1.86,0.0984525955437462,0.175419321110081,0.0962295909308978,-0.0713924201115208,0.358206037077672,0.0315908676661731,0.385115612282649,0.152929437765443,0.513200228996708,-0.00510314658866228,0.420219323859581,-0.0150867929227732,0.204332227712719,0.158950704042221,0.443861812887548,0.0720781790290716,0.425737269525878,0.176256954150066,0.471263499282757,0.129105688701308,0.415543613013565,0.244665052949755,0.45408788048154,0.133280427437731,0.374800660661752,0.0535543188057273,0.411430980994548,0.111099838884365,0.429142534698591,0.154772419388943,0.428019090179175,0.0979951368931519,0.366298594435929,0.16499481413452,0.407452225973645,0.145616235161165,0.411323543115876,0.162870410848338,0.354766721710063,0.0902300079453952,0.346166704750713
"HI-GEST_360","1","1","33","116",1.36,0.78,0.63,2.77,0.161319915589753,0.253383463825672,0.123723759768297,0.148035548631902,0.389954848510423,0.242327111952479,0.548032873526769,0.227824533593072,0.539671771384953,0.0322716524675382,0.384818076214978,0.032404805339703,0.221366055692191,0.306939571342079,0.565418739765714,0.221853173417683,0.54864693381262,0.317030610981433,0.581640375749027,0.237922227386677,0.488739996542161,0.352008078182536,0.526677300577539,0.203983124265478,0.354530358,0.108063629975901,0.39743814945333,0.178196107005668,0.442807013515789,0.309942170532343,0.529752134724858,0.187291156812519,0.449280138718217,0.257503998452845,0.510354619566072,0.226362035993575,0.510275891178389,0.18322918813836,0.390608877869795,0.120594443905329,0.339269684011229
"55V50","1","1","32","117",2,0.86,0.65,3.51,0.237235169984931,0.279371511397536,0.12765149817364,0.208429611029964,0.459932363352214,0.270524401480656,0.552287537656572,0.226723550112373,0.515848639536918,0.034419431891169,0.365802883349174,0.0376586810161706,0.21607142633768,0.318880287779293,0.559908533391989,0.233175022985381,0.559616051400712,0.325058098328002,0.58528884027308,0.227714574053859,0.488440633,0.321125748719245,0.503455403920742,0.176238399612379,0.348517144898142,0.0796731395850892,0.381471422536061,0.172271335207917,0.431635487517652,0.307588563137308,0.526418425667681,0.178253568910188,0.43867624262372,0.238455467138451,0.482922608679007,0.221660253909457,0.484983687592684,0.177970095047639,0.356155669,0.120401185284422,0.346546865138952
"PLUSS_III","1","1","31","118",1.44,0.62,0.51,2.57,0.17080932238915,0.201407368681945,0.100157329336241,0.197310258859617,0.449639678922741,0.25967877065149,0.555211008931875,0.199515386991267,0.53682807754083,0.0420539749540505,0.388340699826225,0.0551377475808287,0.234503636514061,0.320727644706274,0.559684122046254,0.198206637172394,0.541158898300088,0.288871641240855,0.551022251327739,0.18633583138363,0.460992657199568,0.272463912251919,0.449020340494477,0.118925833697621,0.354911046902542,0.0949572875366587,0.398437360961802,0.164510474976686,0.435208272744435,0.283956571469123,0.507102308665402,0.149233192479391,0.39941293709482,0.187054775280716,0.438578175021813,0.18350983804832,0.447922840369024,0.144329349613249,0.34769117165364,0.0911724096412348,0.332510753782482
"WL_358LH","1","1","30","119",1.25,0.51,0.48,2.23,0.148271981240582,0.165673803270632,0.0942657217282265,0.150434467152141,0.385449581335935,0.238822532524724,0.518798953543682,0.191491420477026,0.52407725458391,0.0424258807869835,0.342577048988436,0.0499023248587558,0.214765174705607,0.29803685136555,0.536804862641967,0.19083746432852,0.526022671789755,0.288864366955643,0.551274308491364,0.181417551078041,0.445247365765971,0.270941467511068,0.449414088257274,0.118404341896344,0.34867910460407,0.10809994879896,0.389789395458907,0.160147126283472,0.427663527034514,0.268254610977526,0.490510610079576,0.152220956195419,0.383841585648801,0.168784822919355,0.415006111527353,0.171207315720267,0.439812418117932,0.164705481246646,0.368900949,0.078793658393639,0.301953049732004
"NY1614","1","1","29","120",1.31,0.6,0.61,2.52,0.15538903634013,0.194910356788979,0.119796021362954,0.133113166801602,0.365933599647415,0.221972910856551,0.506512605042017,0.166371865311763,0.530553090660433,0.0199048380965463,0.402456483209727,0.0275677827231848,0.222201707477249,0.259435231670085,0.525213282,0.1628115936219,0.516254484471522,0.261560839728962,0.544691447942075,0.174453373983482,0.458695410494333,0.267139524349122,0.470055598,0.121745016760117,0.361068441558834,0.0692716698255547,0.387833474130393,0.145899796523394,0.430886031062204,0.274400774930811,0.504940786,0.162133296942043,0.431303749570003,0.171793959359095,0.441548847329365,0.162593537682849,0.440719766503674,0.191785150815581,0.397252829371198,0.104224391037393,0.326969081195186
"LANDER","1","1","28","121",1.05,0.56,0.59,2.21,0.124548464242089,0.181916333003047,0.115868282957612,0.0623079134411389,0.327681309252539,0.174525689378418,0.469935521378363,0.167808006843272,0.520545139385843,0.0229816251461327,0.364985627348833,0.0218930266871392,0.218261292498076,0.255423073281231,0.522457107843137,0.157930692770404,0.514855305769607,0.27221704308602,0.559286668481484,0.175969737714645,0.463049650887969,0.293587805628006,0.481340835683051,0.137642956782413,0.351336445309658,0.0988358230289093,0.404687087738321,0.169638714484159,0.427999469368804,0.292566530887725,0.524698898376555,0.159252564795324,0.432638873811871,0.17781781145665,0.459553893102687,0.150481987162946,0.428993734480093,0.169246936696104,0.387039753622215,0.0892739574145565,0.336759401318796
"LIGHTNING_BOLT","1","1","27","122",1.65,0.69,0.63,2.97,0.195719015237568,0.224146910307326,0.123723759768297,0.208275373622542,0.463314195741535,0.260801332874759,0.539335790920142,0.194018570961538,0.544581524418364,0.0333980217001193,0.38646345047655,0.0425013960780027,0.24736318258284,0.3125165800565,0.5649600144545,0.197962292617873,0.537439823758205,0.295452889241837,0.55552855363237,0.189278363828602,0.468990287261178,0.279616829233657,0.46900570840058,0.128166223601466,0.368933451250957,0.0820131564895689,0.399111959269173,0.157939478610798,0.434745816326726,0.300480069678213,0.52255218897904,0.17812050350994,0.436785367428141,0.191220391283029,0.458181992037086,0.180266727799013,0.438884046769393,0.189026426924972,0.394047293578149,0.112479859196802,0.342483705468869
"N-R-GEE","1","1","26","123",1.83,0.68,0.53,3.03,0.217070180536212,0.220898404360843,0.104085067741583,0.260818637139479,0.533728116,0.25975448867884,0.533321898227559,0.203714633911956,0.522223971502632,0.0365182711202986,0.342336579041454,0.0327840058208925,0.230705420267086,0.320017670763366,0.561417090874812,0.213155517632395,0.55414010184851,0.317933747679294,0.587897902003963,0.194778577301124,0.487309316444712,0.323471854034141,0.518149029655633,0.158221664368524,0.355265010039936,0.0703893295863433,0.349005762000618,0.174536289096639,0.415409927,0.284564844571963,0.499435615644107,0.169826124382334,0.427213463077709,0.186050861650853,0.454275273745862,0.185641262801053,0.477046959960455,0.190752674836381,0.386493993,0.118071382529898,0.318368953117579
"SW4602Z","1","1","25","124",1.84,0.67,0.51,3.01,0.218256356386136,0.21764989841436,0.100157329336241,0.273338456144288,0.538776200135227,0.295985665508897,0.545514243433222,0.190797168090285,0.507911995292845,0.034633918595628,0.362656798492546,0.0295044075846435,0.235877912249429,0.308948411157103,0.558921936012092,0.194269098179369,0.524788130096258,0.286370747604546,0.548322154895724,0.185076499058034,0.473770986834159,0.281354417443138,0.473111381843225,0.127903736899188,0.355722808109935,0.0410863129972318,0.362797767211877,0.135330803683154,0.41403779189217,0.271074324418159,0.497052088615619,0.161052243673875,0.413210941717796,0.176220722560529,0.43128053526148,0.210780418718058,0.487371670236722,0.202616348289217,0.370910528182271,0.142493449454613,0.337369699436868
"ONEIDA_VR","1","1","24","125",1.96,0.47,0.58,3.02,0.232490466585232,0.1526797794847,0.11390441375494,0.222919028978882,0.492355842,0.247066355281351,0.525930976164051,0.177349820442707,0.52354404210995,0.0104767351983305,0.412407166836181,0.00336032906534992,0.24916714927884,0.270300745655961,0.524026808907324,0.153433904162844,0.48156230614464,0.256192317876184,0.526520244,0.145155802107668,0.446937555248278,0.257785083854319,0.455221292103902,0.113197089817149,0.371706533256381,0.0319573482094956,0.369189255488777,0.149098264017679,0.428197818289429,0.264247317794971,0.488416350411132,0.145814095801265,0.412774841980787,0.16961136045979,0.448820014561522,0.202246877241099,0.499267104101915,0.192431392150041,0.403845122358295,0.158078453509644,0.396886084537621
"REGEN","1","1","23","126",2.04,NA,0.56,NA,0.241979873384629,NA,0.109976675349598,0.217088827089171,0.486149909509476,0.254124592391081,0.545078616352201,0.177049342391988,0.527917879236041,0.0178625890243074,0.414491813207017,0.0140813957381251,0.250426243862776,0.283101627612047,0.547302874141109,0.159796741844065,0.506944827732609,0.265640185902254,0.556125711845786,0.164318121594841,0.481603578,0.281650995243705,0.493261386971785,0.145678147485306,0.365254994654971,0.0487340356248685,0.340949298237814,0.165170875549903,0.433413903195687,0.283575510251065,0.521955513388151,0.161575488976741,0.433995759503903,0.191212047832427,0.467410109498345,0.200452779971382,0.477767922,0.175900296068418,0.368005257503634,0.14388495671416,0.393116172662184
"NY2003","1","1","22","127",1.6,NA,0.42,NA,0.189788135987945,NA,0.0824825065121982,0.254918043785188,0.507776576804209,0.244574680075745,0.527514269858887,0.16700486244236,0.509060318369035,0.0189175023585729,0.373605051650146,0.0104334271169447,0.249134940738656,0.252782969999179,0.502232859,0.133414002965261,0.457780867670056,0.247855972823868,0.5201563,0.14291566432555,0.446464359387915,0.269027379865801,0.462367154612459,0.131376570195646,0.350014399610837,0.0455493142297276,0.357266782586946,0.145335121992276,0.418416661714061,0.265719478877076,0.484660633484163,0.137545942708136,0.388301005793917,0.165377485516891,0.42184391554317,0.175115562445093,0.423615093096062,0.152081248532504,0.315372105339626,0.11736383741971,0.349870650257883
"NY0651","1","1","21","128",1.79,NA,0.43,NA,0.212325477136513,NA,0.0844463757148695,0.239291056759664,0.524245013643908,0.232043651669164,0.545857909201417,0.168735082302197,0.516628341523146,0.0321412332024462,0.329795411404998,0.0418894690178069,0.235003798220477,0.274077093520068,0.540018539467069,0.125053443829337,0.488139413109163,0.243519711017471,0.528944357287814,0.126536088779082,0.446058750816518,0.239176735950524,0.451257857685617,0.0973954463492835,0.328388667793345,0.0664696804106398,0.359062705175287,0.168998183258287,0.430288071512758,0.28372588484446,0.518815227703985,0.147977932088577,0.423791245294161,0.168984768920691,0.441164043082022,0.171010088351832,0.448804398471717,0.156962729715456,0.349533276779758,0.120611879959095,0.350647262365154
"NY1517","1","1","20","129",2.25,NA,0.56,NA,0.266889566233047,NA,0.109976675349598,0.268836433612489,0.52875739,0.248456475074264,0.532887532371439,0.179670240606461,0.531449835,0.00345656168780234,0.412446419097131,0.00738601825075389,0.253998561466054,0.251637867852573,0.503713261479806,0.122043157766569,0.463317199849987,0.243826390650258,0.512930285889741,0.131626065032748,0.434944134262856,0.245100525794677,0.453512505869027,0.105596106777334,0.355679181389425,0.0322071126279951,0.376327041167122,0.166598901899699,0.426161940438331,0.258135006172975,0.488685873,0.14341609118591,0.404713727227069,0.17808822575651,0.443116246498599,0.181646880160206,0.457293678255616,0.173100643785068,0.354330540544904,0.141413678591997,0.371165479340525
"SEEDWAY_9558","1","1","19","130",2.04,NA,0.58,NA,0.241979873384629,NA,0.11390441375494,0.228408932901336,0.494690838989217,0.23998069931659,0.53934490777443,0.167959636755382,0.513347168551119,0.00651218898206122,0.408274329133379,0.00870213287854311,0.243411451981111,0.26469318578902,0.513822847126002,0.113829010351085,0.4701882,0.233034675837199,0.504608467,0.140341810678171,0.446633106679077,0.252924268168265,0.457089448355407,0.128220557272078,0.359417668795024,0.0447567808547298,0.390291195590219,0.176533585373237,0.432680121228819,0.280822687908733,0.508610188699136,0.148530580327569,0.425206506903344,0.203268444220259,0.472773467901885,0.189121835085437,0.460595595100785,0.175600809305697,0.363815606182983,0.136706513332534,0.356876314539657
"ALFABAR","1","1","18","131",1.82,0.55,0.46,2.82,0.215884004686287,0.178667827056564,0.0903379833228837,0.232122196683695,0.498033589332433,0.229249537929613,0.534139051847154,0.151672545619048,0.509319211869663,0.0194662055519234,0.348805984011929,0.0155865425621854,0.244567291179354,0.253033539946213,0.490860409,0.113033838441528,0.453242853739595,0.211212789737627,0.476121681851111,0.1069669934709,0.411031807985078,0.201420696420978,0.404257436934419,0.080019068400134,0.345502169563119,0.0536805855371656,0.377200686726303,0.159754799436021,0.428788017939416,0.262486828018345,0.484146277045301,0.118355668231972,0.388294926740165,0.178468217910529,0.433468152946198,0.160116815156322,0.420959945622084,0.16127094115159,0.343663994692504,0.1027446902376,0.336775587038367
"SW4107","1","1","17","132",1.62,0.5,0.41,2.54,0.192160487687794,0.162425297324149,0.0805186373095268,0.228668761928576,0.503375398602347,0.228500396270219,0.545359917551926,0.129104222658225,0.504825151471781,0.0222603480031235,0.330865260546994,0.0249336541364877,0.234116669299097,0.267312031473362,0.516700969917882,0.127072245220054,0.464643023093996,0.199241790783685,0.473312919491261,0.1045248958781,0.386464705,0.188074505452458,0.386318259555343,0.0543447693307214,0.325404870910796,0.075830505440471,0.405696084940102,0.183734226277132,0.441058519219911,0.268100110434089,0.495861989731237,0.122000709412445,0.383634463603113,0.168778343430507,0.40086427298192,0.148113632338731,0.40267690637899,0.163067797479116,0.340272342437626,0.103267996507285,0.353638930599987
"GUARDSMAN_II","1","1","16","133",1.89,0.65,0.45,2.99,0.224187235635759,0.211152886521394,0.0883741141202123,0.218559657367483,0.471842326122223,0.226912499277722,0.542683923,0.164007511704478,0.518366967224846,0.016472835002326,0.340162679827625,0.00666884840338183,0.237311646103846,0.264367986038611,0.516678475,0.163990017235057,0.495775928559804,0.236523071204245,0.522643652518507,0.129589690186433,0.426486219563318,0.232451335444704,0.445041415733583,0.0764946923505308,0.303829982740745,0.0909207985745936,0.42568656310801,0.161303679263206,0.434850734465006,0.274112534274182,0.513730497575374,0.145248260411007,0.420447680724972,0.184875189582387,0.42850869925435,0.159835332289393,0.440485187170698,0.175967226902169,0.345091061150246,0.114071447065062,0.349004545762942
"SW315_LH","1","1","15","134",1.76,0.56,0.42,2.74,0.208766949586739,0.181916333003047,0.0824825065121982,0.228195198181702,0.464453795,0.233233388279972,0.53062324929972,0.152917753688146,0.492595773102428,0.00622568841272351,0.335284447956069,-0.0212383796757003,0.269872841093988,0.187381313602048,0.444247004357298,0.102855827712656,0.427824833770871,0.177091609722845,0.466977072208869,0.102243032696064,0.380616425061551,0.208073339608554,0.409091575137581,0.0645517125737249,0.277507448508355,0.0758388692731861,0.424819565996397,0.126698779986492,0.415992249652199,0.204869041095746,0.449713303963827,0.126072958718615,0.40470142438019,0.15355619056744,0.388160478019633,0.143293136713035,0.410353292001732,0.181858425063134,0.33158100570587,0.108891554150932,0.309335911527241
"SEEDWAY_9558_SBR","1","1","14","135",1.88,0.6,0.47,2.95,0.223001059785835,0.194910356788979,0.0923018525255551,0.245725790259288,0.510596798,0.232158553641612,0.53389448232123,0.167105725014651,0.503002083233942,0.0159465611339593,0.349111978838645,-0.00942713276569334,0.246772766132409,0.259410346993643,0.504865562678063,0.136063111311638,0.458851244094414,0.218380376612317,0.498066202257757,0.111414225296925,0.399269025088352,0.217078334373311,0.422654521400746,0.0598261442255832,0.261342504255332,0.0809265104526084,0.418808926189825,0.156588567754669,0.423950332821301,0.243150957638784,0.477682769344297,0.126434944963729,0.413556868824152,0.155437938986823,0.404306468041762,0.147734467097081,0.427091165233217,0.183891268314283,0.341039929636104,0.107340173329292,0.321648551462107
"FSG_415BR","1","1","13","136",1.93,0.65,0.55,3.13,0.228931939035458,0.211152886521394,0.108012806146926,0.239434354623463,0.514260345458126,0.240355459788119,0.551465699487342,0.168165325713287,0.527992735924093,0.027771604241549,0.297215772754818,0.00680415668323771,0.222370078493917,0.28845854803709,0.545332920808034,0.142734044534221,0.490095244160457,0.250948260068179,0.537877549860384,0.143988650106272,0.437338387462728,0.255339167802694,0.456188182543221,0.0817287456801021,0.266379768720862,0.105226291181755,0.423894942923406,0.185468284523554,0.431076798610459,0.269559172234707,0.50763275602018,0.147322826635656,0.450424013999192,0.175943343446957,0.442411294781957,0.186524181752117,0.488436975,0.204101329191799,0.385499684164426,0.123854522091957,0.368447911906161
"NY1615","1","1","12","137",2.14,0.72,0.54,3.4,0.253841631883876,0.233892428146775,0.106048936944255,0.221444508258228,0.481528246664374,0.231037909684619,0.537484673114529,0.163393010467551,0.526532290126107,0.0218304740732575,0.331378656192865,8.53832783715738e-05,0.227015877313718,0.285740148153823,0.538889019817329,0.140600893519608,0.49157237777825,0.254463003860575,0.544102052847251,0.153986200645181,0.44575179423573,0.27341742129166,0.491108334013652,0.105470824961472,0.282583425708869,0.0793972306389843,0.411573509570638,0.173278146399809,0.431974274571152,0.258851596839743,0.500522153904665,0.142593183479876,0.436188606984833,0.169264382004174,0.435256121120847,0.189565636267567,0.478857734874772,0.218712306043747,0.372474864643757,0.145152316763874,0.365266262
"REBOUND_6XT","1","1","11","138",1.74,0.7,0.47,2.9,0.20639459788689,0.227395416253809,0.0923018525255551,0.231251220334771,0.49784053506625,0.247091153432662,0.546188494265631,0.17564991739008,0.530982936564731,0.0460762679084801,0.314576677468729,0.0402950642003239,0.237325852,0.30904579941021,0.565845745349422,0.148189067393147,0.502037324011765,0.25633904082169,0.548444514953918,0.156275876181038,0.450480656,0.278641018099407,0.484562617616706,0.116690350864676,0.283972188401671,0.119292574532086,0.411394300009822,0.208636740615171,0.439942195516199,0.298571901562398,0.527326982,0.166774931474541,0.45186894718026,0.189437587824206,0.455177734,0.190330666197887,0.459632291272673,0.188536048223335,0.348424805876989,0.122229466314152,0.350036230409119
"NY0465","1","1","10","139",1.8,0.69,0.53,3.02,0.213511652986438,0.224146910307326,0.104085067741583,0.218164056624848,0.477542408642079,0.221338182750588,0.527673220231489,0.153025010933343,0.52865750679834,0.00618324002488234,0.346885048244105,-0.0092149232099626,0.235885167464115,0.236274557686118,0.498492489944696,0.108479654611188,0.448930213249741,0.219437544589231,0.518104609216269,0.120152487933629,0.42804236563571,0.23972864455006,0.456625052070577,0.108831509716121,0.31841792296432,0.0355421130730509,0.391978893851175,0.13475309003725,0.417604306657643,0.23422402851213,0.482878528566599,0.151634305406074,0.452606366726706,0.1863409580474,0.464491051000271,0.176147920461445,0.467928045009774,0.2011277757571,0.354286172546728,0.121360285580713,0.367209715720198
"WL_349HQ","1","1","9","140",1.74,0.67,0.49,2.9,0.20639459788689,0.21764989841436,0.0962295909308978,0.23655348333772,0.505424150330697,0.245815369394009,0.544590320519288,0.158573095395302,0.518300653594771,0.0280245258654678,0.329940925822019,0.0288397246378693,0.229691841010726,0.283112518393256,0.551154657910173,0.142381889690849,0.484907173503348,0.238294455450373,0.535822694627153,0.135676863709963,0.434194169868137,0.238052332166639,0.448672854,0.0999810283061912,0.319179636296222,0.076807816667882,0.396384104972788,0.179800012757786,0.433871235197175,0.268022228799061,0.517476413,0.149819262268216,0.43183745189225,0.212124039530247,0.466003740518955,0.170425909326231,0.443587960674466,0.17531954711882,0.32779368672548,0.109647053646536,0.353062487278648
"FSG_421LH","1","1","8","141",1.62,0.56,0.46,2.63,0.192160487687794,0.181916333003047,0.0903379833228837,0.24556975998741,0.497810176198648,0.259323397419109,0.539508086253369,0.161106684488352,0.523261453811046,0.0218062439192476,0.295641259553591,0.00938887831280834,0.20631908561916,0.260474385320313,0.518381828105975,0.149334354214974,0.46052261636039,0.240549698708686,0.524993043461573,0.130714812480981,0.406929770337897,0.227108998303313,0.421203453,0.0983931559358214,0.305522013594213,0.0521616989110811,0.410001511715797,0.158749414741671,0.429501171340081,0.21872158272077,0.470322536342123,0.137916501604515,0.380856046559762,0.20047865776902,0.446383364279653,0.157522729328664,0.429266501120996,0.183692813730291,0.326105307339519,0.118901251350867,0.354461682009097
"SW3407","1","1","7","142",1.59,0.57,0.49,2.66,0.18860196013802,0.18516483894953,0.0962295909308978,0.252125006947249,0.510008399016449,0.272188481396677,0.552833492,0.154607580588164,0.527709714867293,0.0303078422764869,0.306665216213018,0.0334634978312448,0.223252212527754,0.289346433838393,0.551507510055304,0.175204496924322,0.482372400421735,0.24271049477291,0.523837898261825,0.140414438545948,0.412392440503125,0.222996827590878,0.422206278786639,0.104030743610278,0.346363012601372,0.0984865587153005,0.443022176367174,0.190397304269385,0.434518069522891,0.258530523878771,0.502947765127556,0.186349095549867,0.428385707276193,0.227018649282218,0.474827741741889,0.176738759315274,0.447202834074806,0.183878866210352,0.340745705235059,0.129244377797383,0.363573698069683
"SW5606","1","1","6","143",1.64,0.54,0.47,2.65,0.194532839387643,0.175419321110081,0.0923018525255551,0.284973453498176,0.552365764574601,0.28290402032638,0.548564425770308,0.18092114169154,0.533540861600114,0.0322466622281628,0.304121538672678,0.0349156034237582,0.214048519014833,0.297465073476917,0.560451100846321,0.204324067077378,0.503468580984661,0.264806676765278,0.548778287923929,0.148405621332235,0.411990656693582,0.23543350842921,0.427336163460794,0.111616933935528,0.349594895922398,0.111342770603784,0.429507002113982,0.184322758074033,0.440418280244703,0.260912246307464,0.504783496732026,0.196086667841028,0.434019253231668,0.221685476630328,0.477457051029209,0.181649096397539,0.460773219091558,0.19495657049596,0.350123183685075,0.140907261666179,0.351325055973947
"EZRA","1","1","5","144",1.89,0.6,0.55,3.04,0.224187235635759,0.194910356788979,0.108012806146926,0.240865152005074,0.511715123639126,0.271440096229189,0.561182944876064,0.179567031729231,0.529994116056804,0.00913828315282772,0.325584093867253,0.00309065016586917,0.2112427326128,0.250809145419836,0.534309365320828,0.151690323463805,0.487509641171517,0.221740973060376,0.514765679656626,0.13864031133522,0.412202383067009,0.224146844432789,0.429567924105694,0.112872036203844,0.329783185027692,0.0733737335924731,0.434757088302157,0.170053584219276,0.427281975446499,0.235401749148731,0.494791439122068,0.204944637254246,0.465428131834412,0.217701679263556,0.497257326620853,0.187859447866004,0.477723582583718,0.203847981877521,0.3737001921051,0.133105351903852,0.354138815387747
"SW5210","1","1","4","145",2.11,0.71,0.48,3.3,0.250283104334102,0.230643922200292,0.0942657217282265,0.303045649229138,0.565504139849473,0.303772071538464,0.559964721737752,0.222495134584073,0.535942623602563,0.0165040119787456,0.311861657257803,0.0221110905785935,0.209979297620164,0.277554942955577,0.547105957767722,0.149456833010861,0.480265730735937,0.259654972010997,0.542100970557051,0.17673687936541,0.435833755488772,0.263389768063289,0.472262552934059,0.12944451326162,0.329218874582125,0.0913993338325639,0.417579719242045,0.167004745694853,0.424277525217737,0.251318096833442,0.486042457305503,0.257423502954873,0.472719736254532,0.239018702655828,0.477620108969508,0.21151487268811,0.477495654434102,0.215797827279265,0.36132266626673,0.146101253480964,0.327363186104892
"PERSIST_III","1","1","3","146",2.25,0.79,0.54,3.58,0.266889566233047,0.256631969772155,0.106048936944255,0.277681453430386,0.548274233174858,0.304168915137618,0.570806247027113,0.226649964602527,0.538775185662262,0.00696522087018094,0.332105282577634,0.0221424821960494,0.208996716389905,0.256221907493294,0.547556220672029,0.0646801063815345,0.436868193686713,0.247084097469108,0.544031769791352,0.195679435029461,0.470790990091216,0.278335457284657,0.485162659063839,0.155312939073265,0.330612255179036,0.0958598404165724,0.414202463781211,0.180836078114096,0.422932031724791,0.241861012665479,0.480257459,0.269443666382557,0.49067835002902,0.234301215896781,0.481042690103729,0.209617559749903,0.480196957214258,0.209587408905761,0.398088426670166,0.139466982001583,0.364648076211617
"ALGONQUIN","1","1","2","147",1.97,0.61,0.47,3.05,0.233676642435157,0.198158862735462,0.0923018525255551,0.267536803414101,0.542044914851754,0.279424483441928,0.562323740817082,0.22745655665447,0.53025730324571,-0.0178273889406403,0.339251218401004,0.0130595346823068,0.206792672317616,0.20013738590865,0.49244880232607,-0.00205790155951174,0.369927210629229,0.213607496409624,0.51588705460163,0.189159635810585,0.460621605811065,0.25058949907978,0.457641658136512,0.138198248186278,0.333339812464053,0.0875255625468753,0.403116261291166,0.17033144111403,0.415180642149333,0.217214754885324,0.458730629348514,0.252751060376007,0.477733294543181,0.222739438528885,0.475676065414776,0.193166605359267,0.492974285604653,0.186380532491909,0.411777412210469,0.119522957381625,0.376346815085635
"ONEIDA_ULTRA","1","1","1","148",1.74,0.5,0.48,2.71,0.20639459788689,0.162425297324149,0.0942657217282265,0.235349968017473,0.498462833244249,0.267673885626753,0.554208947730035,0.21645479194536,0.526785935785506,-0.0293919915428488,0.365381106696134,0.0125099255094926,0.218031710291772,0.187209990901917,0.472717262652924,0.0110666438596229,0.374581508291997,0.178916133019976,0.47164994698638,0.186232588053489,0.43622941,0.20497233798314,0.415887439634763,0.0937485251292041,0.329096503716332,0.0830701425407911,0.413731262160206,0.178198521949767,0.424239130989372,0.209132750591638,0.448843311570318,0.248731970656618,0.474232049060859,0.23168586399923,0.47093259453995,0.215083500213737,0.471606524962926,0.178219267393111,0.386537228760253,0.117653476944735,0.367991991469174
"EZRA","2","2","36","213",1.72,0.73,0.62,3.07,0.20402224618704,0.237140934093258,0.121759890565626,0.262763014492449,0.48313400291509,0.254803994457357,0.556006817821468,0.198541226553389,0.522214111922141,0.0270758924574083,0.46963670123999,0.0551485304186598,0.434340706494828,0.268297626426782,0.512290514496397,0.191370896730212,0.475512014020091,0.29457752674307,0.555269817738693,0.249773057944074,0.531266243970388,0.300304859222838,0.493356317652501,0.231479780617734,0.362374081544882,0.0485244485116041,0.396362219608805,0.164174547079321,0.423041762077755,0.284440903145981,0.49054074754902,0.167123391657494,0.410436577376946,0.234105111762955,0.496799979915141,0.231161295123573,0.479777116325982,0.21486136542099,0.384825936323591,0.143827669399526,0.398375851450458
"NY0465","2","2","35","214",1.57,0.77,0.74,3.08,0.186229608438171,0.250134957879189,0.145326320997682,0.219300969073028,0.454658855412084,0.25634249117722,0.55590521114106,0.180713502196667,0.517695402573032,0.0230615681140837,0.468855452115308,0.0532968051756893,0.440469224,0.233351313977358,0.496708066239316,0.170430655457238,0.463900387533818,0.270407304163487,0.525595144,0.236154732247935,0.509033131310261,0.286139539796188,0.472812669425622,0.214969054852072,0.341553257,0.0143574541133539,0.39098896001155,0.135354891269785,0.414126780038063,0.266312319659192,0.488390259329538,0.175307775501598,0.428896492530725,0.240923300852263,0.493246243952126,0.221858581291864,0.466504848514748,0.214488172158793,0.383095792695215,0.137531120678096,0.405298170877674
"SW3407","2","2","34","215",1.71,0.81,0.56,3.08,0.202836070337116,0.263128981665121,0.109976675349598,0.293192798153112,0.5175895056746,0.266799052472992,0.562763797800424,0.204693526602122,0.522661927707011,0.0706718771282164,0.438071990849419,0.111599372108468,0.400929418019201,0.323190805617486,0.559516140858053,0.230099574583909,0.515393442352281,0.332189183256665,0.576329969911284,0.228448421553154,0.489629999537282,0.297938447795399,0.474167969739406,0.20277289848273,0.325111560476408,0.0490193696926941,0.359209289014269,0.180566947318954,0.406685825514177,0.309405197082178,0.51956132721906,0.186198795931805,0.43170458114596,0.250151744509842,0.515463709171249,0.218618754461279,0.472547262042072,0.216511033619378,0.371535221264561,0.144932913883837,0.40135830110591
"PLUSS_III","2","2","33","216",1.77,0.8,0.6,3.17,0.209953125436664,0.259880475718638,0.117832152160283,0.300151728713775,0.529819081910297,0.27239438164662,0.579664129802865,0.187223841719178,0.527985624095543,0.053624337938891,0.451538435113193,0.102382498859041,0.419083591331269,0.330524604295941,0.578317072021116,0.203728877026426,0.503285192339898,0.32400958359549,0.576382491456235,0.213350233711234,0.471767626416775,0.286608824153295,0.471895913270828,0.184176132964652,0.312255287442594,0.0563386220459134,0.386282686753102,0.189269903457605,0.421343413271164,0.300804423155792,0.517925303203178,0.178464451091797,0.426133996818629,0.236958142544038,0.497604001908062,0.211861312430836,0.47214950293843,0.205261854598295,0.385451775058415,0.133327318144692,0.394271931610014
"NY1517","2","2","32","217",2,0.72,0.61,3.33,0.237235169984931,0.233892428146775,0.119796021362954,0.297594438807125,0.508545611,0.261261982857668,0.556832884097035,0.186927350492397,0.517421560676176,0.0232630137535674,0.470781249314581,0.0572926365187779,0.431869576880746,0.285608840983315,0.525880886542651,0.17335550805025,0.486565337069508,0.303872892770921,0.556403989304382,0.18973951392195,0.451212967,0.284071972865478,0.485194372400396,0.195584148891994,0.328499114608257,0.0469864886323253,0.390743912379767,0.139518443724368,0.399616185,0.271618985375725,0.491279845602426,0.171252899396887,0.430159633056736,0.225543085408064,0.498572574484339,0.20871758357978,0.473370548,0.219498472239649,0.397102957189569,0.139428996155344,0.402378316032295
"NY1614","2","2","31","218",1.61,0.94,0.63,3.17,0.190974311837869,0.3053595589694,0.123723759768297,0.252982063874839,0.456311545021302,0.251983077973644,0.547688547,0.167384675408296,0.529823004627642,0.0146510660312575,0.474979038400124,0.0555989797018216,0.435627106983144,0.26959158886165,0.515335124434389,0.156462935101776,0.465435427148124,0.276349853195557,0.532488301336655,0.18536483584818,0.448733864197553,0.274174131356074,0.480426591475706,0.211083068017843,0.341669261096351,0.0818101545784789,0.399848726440165,0.1785133130016,0.411653384099134,0.277488392039318,0.50840372,0.18631093148027,0.446301402379805,0.251069046362606,0.50958939,0.22718337812201,0.459270720052727,0.204953756796422,0.35519540405863,0.135536675037711,0.383950430893778
"NY2003","2","2","30","219",1.62,0.95,0.68,3.26,0.192160487687794,0.308608064915883,0.133543105781654,0.23504389774349,0.459261681717163,0.246867524666938,0.527782622482955,0.173559598210137,0.519995706311722,0.0251390007522575,0.455026521672195,0.0566700126984828,0.42459455233449,0.272236131276128,0.511638422,0.176236680224616,0.482261187886679,0.287351416261653,0.552294818098514,0.208623235713405,0.444871267,0.297239901830831,0.505838289196323,0.232724174424471,0.366597379420046,0.0904997937532353,0.396320613367388,0.180765000422658,0.409462315392107,0.284012204656796,0.515150353152014,0.207564687138617,0.447801626002139,0.270634409821587,0.511035751048179,0.233119118290435,0.458034711923985,0.196439832890837,0.352935448,0.136010636346333,0.359677156101064
"ONEIDA_VR","2","2","29","220",1.48,0.92,0.69,3.09,0.175554025788849,0.298862547076434,0.135506974984326,0.180192685438198,0.408238873642763,0.233231801760535,0.540133317477935,0.149685678659645,0.541770748851041,0.019551294397298,0.471468203760139,0.0596685881402817,0.430979063406465,0.26583714840812,0.530608188788336,0.175947307049836,0.484138474347997,0.28335411427255,0.553913892447118,0.225927169327114,0.48491988661596,0.312195651109844,0.526632399516869,0.230771089489683,0.372088555327393,0.0660563702613637,0.380950369163297,0.20321117909695,0.426888205191002,0.292389482284434,0.542849331,0.206064268540936,0.474796966841657,0.267586846006111,0.524572701807996,0.230652943582627,0.483714910621783,0.208648243384351,0.3962468422952,0.15171770211881,0.414459461293168
"WL_349HQ","2","2","28","221",1.45,1.12,0.7,3.26,0.171995498239075,0.363832666006094,0.137470844186997,0.191744249905078,0.421830541069787,0.245704432092384,0.544886369642196,0.17116160383791,0.514165673,0.0688783944234523,0.440234057415063,0.120739807341735,0.411080088813835,0.33521012091068,0.583054455756662,0.233126821812002,0.525537842,0.327427127847014,0.589218205021181,0.266808374543173,0.517084946087295,0.351412896375015,0.552237935849049,0.23487672722473,0.374192316128907,0.0953287893095492,0.356411329403588,0.231848455517736,0.445307454533487,0.322534518463665,0.561464144,0.216723211409423,0.454685306616926,0.278228203655314,0.510576058848636,0.239389443371906,0.471479101444499,0.178681040110911,0.350037155594716,0.133276246508219,0.390357012008956
"FSG_421LH","2","2","27","222",1.8,1.14,0.64,3.58,0.213511652986438,0.37032967789906,0.125687628970969,0.273365751443211,0.48695670520719,0.283839877666371,0.548013979176576,0.18380437287694,0.528800470715456,0.0364812495524321,0.440632804935614,0.0830014286948788,0.399129249,0.323603433078265,0.565439602,0.228997791028715,0.510674988147551,0.315731986257605,0.571214683573454,0.262242691124017,0.503529482816197,0.349772004331076,0.534916383549256,0.233673363503249,0.396566083398572,0.0234415947820148,0.341912954429083,0.177975479845752,0.406430780197384,0.289428228076717,0.51663504111322,0.204981342912723,0.435982932332895,0.253642674400518,0.497617559187568,0.229559129865094,0.449491624100621,0.199160034571929,0.329941993529146,0.150555478544355,0.347475133998236
"SEEDWAY_9558_SBR","2","2","26","223",1.59,1.02,0.68,3.29,0.18860196013802,0.331347606541264,0.133543105781654,0.222938228596118,0.447616340415178,0.245806216060857,0.532878019132181,0.17342151728192,0.510378957746927,0.0249082144126791,0.452395347860772,0.0677023792075822,0.418768653629346,0.28204976374066,0.535546547678901,0.191398761632196,0.489721744586202,0.281759367759742,0.553491583,0.227547060514582,0.492358956515887,0.324588574456942,0.521428338991876,0.206724342199956,0.359420705906276,0.0282328641405711,0.346032574415487,0.179609112982549,0.412251530994042,0.289461691075088,0.522918647523665,0.206066954426662,0.452357442571034,0.243867463047155,0.500740159389496,0.226191951167164,0.461822019952106,0.191025285739556,0.354557379746842,0.146194743764898,0.404424958107549
"ALGONQUIN","2","2","25","224",0.96,0.78,0.68,2.43,0.113872881592767,0.253383463825672,0.133543105781654,0.0620727487337556,0.357335476036421,0.179315140343417,0.466839094128217,0.16044040297817,0.502803142343718,0.0235900066281925,0.449307938202927,0.0577277790826038,0.406987096078682,0.196427725137795,0.466614426219206,0.12888965076155,0.428584687814739,0.218488662182188,0.480003190412451,0.211677358652743,0.464412687138051,0.292272934823696,0.482683680924062,0.179966013642999,0.332312760342526,0.0319333476568181,0.360687994074117,0.156837676133673,0.399980994219181,0.246482252265832,0.47368384988404,0.214466377706993,0.444813771083099,0.24210483120173,0.491405424821923,0.221112796559235,0.45184221633859,0.175065741851068,0.34248397258141,0.131785113479389,0.374937297338469
"AMERISTAND_427_TQ","2","2","24","225",2.02,0.8,0.7,3.52,0.23960752168478,0.259880475718638,0.137470844186997,0.310486466014435,0.576746631220637,0.280443077499569,0.570106363,0.200585480288321,0.514081548272188,0.0737965610975952,0.4399902794159,0.122426371867862,0.380194014447884,0.367301882213925,0.591128973002477,0.245613148717001,0.539135136792598,0.330216932089301,0.59624257851646,0.264898742648956,0.512775058084594,0.375221001590428,0.556381183838967,0.22928526549792,0.3920557919015,0.0721858794811348,0.356913610531911,0.2619129992745,0.447541443307266,0.316325841067075,0.5582824933687,0.227727816950327,0.457794142976449,0.282125920588992,0.511840132761372,0.249207636619616,0.480802658318229,0.183297070343852,0.322060424839205,0.14044295685956,0.371282317033362
"REBOUND_6XT","2","2","23","226",1.7,0.72,0.58,2.99,0.201649894487191,0.233892428146775,0.11390441375494,0.290403566746142,0.549662869562573,0.282443785767893,0.554392209714074,0.168112341486704,0.506724392920185,0.0889773784308938,0.422526054091742,0.136036875685369,0.375132060240027,0.3588460753061,0.588941783978549,0.211917181729718,0.531822352422263,0.301437842057814,0.566539649870225,0.261852644169128,0.504633133402921,0.345980572012872,0.524570509318278,0.203302916104817,0.347383803691387,0.087487406129169,0.335184534312246,0.235666527267477,0.43529986905951,0.302858617069776,0.537682238843813,0.213994998261938,0.435768862797204,0.258954244078144,0.48077487031259,0.224576975587484,0.444399787312185,0.162032646403607,0.303396911841517,0.118007380008434,0.3862114119004
"SW4602Z","2","2","22","227",1.68,0.77,0.49,2.94,0.199277542787342,0.250134957879189,0.0962295909308978,0.285593717460172,0.535357414127775,0.282000252976686,0.555211537445167,0.169578845429737,0.500960991046865,0.0544972128528114,0.41717960560384,0.0914519572754426,0.343233150567477,0.34779430647608,0.577709453275064,0.191153025569317,0.514512705118135,0.295281375535404,0.574912443568081,0.258484331992014,0.513078044972624,0.366902673434171,0.562376574415397,0.249385320880448,0.407520376866114,0.0805634529672326,0.323726875696515,0.242062394955894,0.437757470930084,0.294060234910065,0.534307795698925,0.213314507468937,0.44246465102613,0.24955078716558,0.487182777759954,0.224682952851413,0.459870962083464,0.189616403288706,0.299375358992826,0.118890434500711,0.331935680846733
"NY1615","2","2","21","228",1.66,0.63,0.51,2.8,0.196905191087492,0.204655874628428,0.100157329336241,0.221987335814127,0.489412209222073,0.239774161385926,0.536915992812219,0.17175192207733,0.52290841721928,0.0149238646325083,0.449784081231329,0.0593932715444086,0.369272539637865,0.284651192333438,0.542754912457488,0.134783896498192,0.477442017345853,0.223754833664376,0.5242362200569,0.213188285479727,0.491635107962741,0.312480282033373,0.527019553417609,0.212647252301591,0.385049132956713,0.0645658620967875,0.351705254651842,0.191710738891397,0.438085717195876,0.267856681248724,0.522196427062204,0.195439200192305,0.435227169942475,0.228919011998765,0.476221031580523,0.207282100209212,0.457002801120448,0.201543256596527,0.329650789484784,0.10184790248147,0.350950468977824
"GUARDSMAN_II","2","2","20","229",1.67,0.63,0.61,2.9,0.198091366937417,0.204655874628428,0.119796021362954,0.274649314928824,0.527153838579908,0.264141265546619,0.553895275091169,0.180533892570089,0.516175473420193,0.0254132898824444,0.439977683371058,0.0730295084301325,0.386333551448965,0.320246996528922,0.563517444905313,0.185066638167501,0.513677136919967,0.268122656297443,0.56137513973047,0.247927853725552,0.517155135062698,0.360724810541941,0.564985755164669,0.251258140089128,0.403426476140863,0.0832684194569275,0.355462539895553,0.236402515591619,0.435567596801927,0.306896723567407,0.551193469323213,0.216435757645429,0.45634168334788,0.242325545117614,0.500392539703809,0.224943896036777,0.485506755277839,0.213505572871884,0.359372244900935,0.103541352194631,0.342322528345411
"SW4412Y","2","2","19","230",2.02,0.6,0.63,3.25,0.23960752168478,0.194910356788979,0.123723759768297,0.28738073513995,0.512195004735514,0.273688209558917,0.546086359071931,0.189896412295102,0.505580204506782,0.0180999803250789,0.437622095752843,0.0894658542053028,0.403755349,0.336100471956842,0.547520346279537,0.198882808173861,0.493982022016072,0.262420918697073,0.540960697956697,0.252236640762845,0.49224862521551,0.360466631764039,0.542604722042548,0.2440403811953,0.403530528168768,0.0752768589415338,0.38286412074949,0.247866281832464,0.448312631443739,0.30921081555178,0.530373140635565,0.217723725234571,0.437104517750113,0.247743954645631,0.483437729418181,0.231559801874766,0.461805544135462,0.212450308304509,0.33220111617802,0.115732758831793,0.341206801810624
"FSG_415BR","2","2","18","231",1.75,1.15,0.66,3.57,0.207580773736814,0.373578183845543,0.129615367376311,0.258443600550733,0.510366819439863,0.26670011435271,0.549673510913799,0.172535487047135,0.512315729211393,0.0104811159504477,0.415799701580271,0.0797393950274637,0.40842868311599,0.31990825051821,0.549278977082286,0.193281337141505,0.513386781393659,0.256456095248648,0.558940831042473,0.253825133048781,0.508965869232099,0.355835378824549,0.558802177858439,0.243669683204609,0.399510534392062,0.0612703999681949,0.359117538834496,0.22758116412073,0.433828172846199,0.306443224313602,0.536607105207675,0.197160394783485,0.430160212014237,0.211675376137769,0.481498396785645,0.223723159458771,0.478473663975394,0.212227387942542,0.369830073691496,0.106413157449927,0.361662527986973
"LANDER","2","2","17","232",1.35,0.86,0.56,2.78,0.160133739739828,0.279371511397536,0.109976675349598,0.159495767461824,0.435497486895284,0.212488906033082,0.529980963912151,0.159350204805737,0.525320356853204,-0.000535868689904952,0.409298298516084,0.0664556269898882,0.395379178784752,0.283717608789133,0.539990389852522,0.157758609524825,0.506320480796673,0.214995598776293,0.535049838379067,0.231194450014481,0.497448258,0.304123362249737,0.521504572791004,0.186051392705282,0.359367232852401,0.0617234057013343,0.34360529396944,0.197158071369707,0.42470700484201,0.280711622806274,0.519241514,0.172517508472901,0.42656271484751,0.162022224181815,0.464703840533936,0.188381363909994,0.46037447135717,0.188876188045586,0.361054271122838,0.074300327830037,0.343329398195264
"SW5606","2","2","16","233",1.91,1.08,0.51,3.51,0.226559587335609,0.350838642220162,0.100157329336241,0.284383332092143,0.526035196,0.274273616469112,0.565387400243116,0.184384899229547,0.51566369288997,0.0378611351047984,0.410062458569827,0.117630954485113,0.385704512928038,0.375492472578429,0.5842274436484,0.256746455666029,0.559853925932216,0.303745362155139,0.592707317380966,0.282215607541571,0.521208788765437,0.36918032151029,0.568211409683976,0.227492452463263,0.376120368856017,0.0966085166443824,0.36703511,0.248452540213641,0.462067837270814,0.353560418929156,0.571573381507776,0.18850674890001,0.431357930342728,0.183825793297652,0.464892153402797,0.223147714188818,0.479919967987195,0.20583881922712,0.33860125198992,0.110618220733294,0.319480397597441
"VERNAL","2","2","15","234",1.28,0.82,0.66,2.77,0.151830508790356,0.266377487611604,0.129615367376311,0.063685265453464,0.378562185275832,0.135311992188354,0.447225965858041,0.157347359510677,0.505150517627976,-0.0275031513989814,0.466981822253267,0.0438908964372708,0.43645632798574,0.180363242560754,0.440570926554382,0.0900502821578586,0.412122638060397,0.144892041716773,0.448302224622184,0.207959347718326,0.456958427772607,0.269978380580538,0.474624830181886,0.15815130808678,0.334905900159714,0.0396407424941984,0.379982227160458,0.161879910715365,0.404134664618536,0.232710480458122,0.446592257415787,0.170633586721175,0.412345584051063,0.144408331873152,0.433346355321621,0.190541606473398,0.448939418904817,0.206680340620322,0.38014115480734,0.103830551810038,0.386045461469827
"SW5210","2","2","14","235",2.04,1.32,0.72,4.08,0.241979873384629,0.428802784935753,0.14139858259234,0.257764625118863,0.487605845781641,0.269917101987303,0.540737672427462,0.204525099590005,0.513214700316461,-0.00268115245473678,0.465459201034756,0.0849584215874301,0.419166025580886,0.342272356118097,0.55715262066365,0.222860495884238,0.510545495715428,0.282786924493183,0.554529442412289,0.278373974161591,0.516916805031492,0.372366274182953,0.55232554001637,0.258604867748324,0.41453303792099,0.0700976732144229,0.400379518,0.261906190765085,0.455310694495834,0.306551323984959,0.526942692486477,0.200766885148286,0.434196703705473,0.200312241279744,0.475321682203633,0.232612727492589,0.470319108,0.239345911889124,0.363120507544903,0.143709567697466,0.339581701159931
"55V50","2","2","13","236",2.18,1.32,0.73,4.22,0.258586335283574,0.428802784935753,0.143362451795011,0.236401247207744,0.487473299784059,0.27835458097959,0.555736483272554,0.185941841018571,0.513564556398391,0.00550758566079514,0.457997279763245,0.0934157287829689,0.399072632505246,0.351463358429141,0.581914534,0.212762409337231,0.53474265442975,0.265206891402168,0.552957008592524,0.282740482180032,0.520038888849416,0.373832923441545,0.553997575426999,0.293180790286665,0.444344865189226,0.0479680064947194,0.392011000401633,0.231788710989301,0.43465276821111,0.301559286466322,0.526556636095298,0.185835006856062,0.436729208550623,0.189055611544455,0.471875173,0.222028378367026,0.467463388982836,0.237458616659963,0.379036745763559,0.13451721296748,0.362027545966483
"N-R-GEE","2","2","12","237",1.54,1.04,0.57,3.15,0.182671080888397,0.33784461843423,0.111940544552269,0.189019367353452,0.451851187629523,0.237003745445314,0.532151974,0.175304443799066,0.519920328,-0.002679316423858,0.454714674137775,0.0827739814278851,0.392618194327173,0.303615865040906,0.537183808,0.193783334571565,0.500382344685739,0.224500815236655,0.530058362958592,0.258854893778229,0.520398971443062,0.371966066047745,0.562461980628699,0.31219598596109,0.475603998343595,0.0540121479718431,0.399274841119243,0.211015956134507,0.429242216599902,0.276432227225195,0.500849014336918,0.164977752306105,0.413839110605488,0.172742574343437,0.460083979814717,0.211812400853175,0.470173999011369,0.225432886140158,0.385440318533065,0.135734916542589,0.356694348327566
"WL_358LH","2","2","11","238",1.59,0.9,0.54,3.03,0.18860196013802,0.292365535183468,0.106048936944255,0.195642994797959,0.459829890672413,0.258519556623359,0.522237461022145,0.173954785853888,0.531530779383935,0.00902279207534491,0.462790218199843,0.093875884180806,0.398679050567595,0.330474635342793,0.560404621250209,0.20559729605062,0.513623594511785,0.229952799827078,0.528113410766802,0.250031049005786,0.498178271584462,0.351621824549627,0.539354157377694,0.26285252101238,0.432690015526276,0.067676321035924,0.390112174992515,0.216368555845476,0.423803818043203,0.273919058560034,0.495167501267748,0.154647546925554,0.385630274845599,0.164306163322676,0.436027247262541,0.19965149285398,0.44390750810128,0.215892502129013,0.36996744784547,0.119962867753573,0.355242404953102
"HI-GEST_360","2","2","10","239",1.54,0.99,0.57,3.11,0.182671080888397,0.321602088701815,0.111940544552269,0.194205781551958,0.452596442466737,0.267764540738218,0.545241134189525,0.188601548055761,0.538899384571347,-0.00383675388979865,0.466177329409475,0.0899092409726511,0.421021708773012,0.30753557056701,0.552047250913213,0.200112484168151,0.506249955774443,0.241388599732187,0.534533576092536,0.244718997771098,0.509146932115037,0.366100139018424,0.548439138653219,0.280491711907492,0.420769003041204,0.048389794714348,0.396603800357381,0.222444992579941,0.448537575321568,0.284456355436499,0.518913925785368,0.180622532485149,0.417329500634682,0.184322547466262,0.46146594361176,0.207983852635671,0.45766460008661,0.226268677249735,0.37474075705761,0.12284736572223,0.334763661291376
"NY0651","2","2","9","240",1.79,1.07,0.55,3.4,0.212325477136513,0.347590136273679,0.108012806146926,0.200865613399155,0.472742894383961,0.253193162299901,0.536446144495534,0.201234314777835,0.507075680231541,-8.80155185779113e-05,0.467748526962534,0.0853654321403273,0.392357930258154,0.305248877051359,0.557404134196414,0.195904925880582,0.518624030870618,0.234407973414016,0.547585361524106,0.219722808137709,0.500151975957872,0.351312396994664,0.545139591013089,0.247820380045365,0.409938900902756,0.0500128781504985,0.341096504835222,0.214378855987948,0.43361714595413,0.28086680812716,0.517342931245774,0.174392798045273,0.432350987194907,0.171677171077586,0.467595716903919,0.186474387253963,0.438490683944811,0.219711858740812,0.374854801559962,0.112828567301173,0.32893653021697
"REGEN","2","2","8","241",2.02,1.16,0.72,3.9,0.23960752168478,0.376826689792026,0.14139858259234,0.214718377124563,0.457592336540869,0.243819763436427,0.527598171344009,0.198455286892309,0.523157133,-0.022508558853439,0.485969532839416,0.0582672832308183,0.425946774243988,0.294843832907156,0.544861320596615,0.197042245064236,0.508922476725563,0.238721191411362,0.547226859914506,0.214489475139136,0.497644883446038,0.357324141847322,0.558896794545725,0.242819695313729,0.400929732386093,0.0190172753027133,0.358219756005486,0.21046453952421,0.429551948283867,0.281390853968447,0.51968545751634,0.17776887435277,0.436447043,0.182906518853253,0.47693799337917,0.19235078160926,0.450572527050036,0.23321231446007,0.388682098606314,0.126910447117434,0.366867765791438
"SW4107","2","2","7","242",2,1.2,0.68,3.88,0.237235169984931,0.389820713577958,0.133543105781654,0.20261884514673,0.470794066072149,0.258769945654036,0.529225067385445,0.196627969290509,0.52662245757995,0.00108627830209938,0.481146979549914,0.0861024395011455,0.419080479653823,0.321742680392081,0.55397838203804,0.228852060607318,0.527561367383474,0.2555035510263,0.55375293077694,0.250214861304356,0.500912537982943,0.366427871211993,0.559831343661624,0.239778425142315,0.382257435978201,0.0648248948003808,0.375335562,0.242632348594547,0.450952913186263,0.301263078335156,0.528494434909242,0.19865521025619,0.43017034377049,0.198969396005557,0.460436971203334,0.194699001112844,0.423482825505274,0.232475949465346,0.386121356890032,0.137803712536334,0.35744446706018
"PERSIST_III","2","2","6","243",1.91,1.04,0.81,3.76,0.226559587335609,0.33784461843423,0.159073405416382,0.17509658210394,0.431753780142292,0.251201295573128,0.53238042386766,0.188759651526394,0.526233640252532,0.000794538829729252,0.479123391618668,0.0761224048509537,0.395639079361199,0.310597748581634,0.554636307,0.236964364593146,0.53819555008338,0.263980135799037,0.56445844547753,0.255177693329373,0.507814713123596,0.362823111051809,0.558051000906394,0.248213322229737,0.376092506038051,0.0595186812555642,0.403391750420271,0.223767643168561,0.442930651385803,0.304098239454159,0.544492953431372,0.202116285926717,0.443763542177778,0.219606228472801,0.493064823880897,0.213971534735963,0.475894138477309,0.230678667988479,0.407758150666848,0.138979040123671,0.368133038454005
"LIGHTNING_BOLT","2","2","5","244",1.54,0.89,0.75,3.18,0.182671080888397,0.289117029236985,0.147290190200354,0.0930937739181246,0.395795812657482,0.20035397634781,0.496193779398552,0.168386396440458,0.526965316540241,-0.00205772392526003,0.480576008224327,0.0670860085844007,0.390518560215155,0.274405418834143,0.519316754972864,0.206081166291189,0.518520955838127,0.234829944365387,0.537907257348743,0.241632878537095,0.49341912252964,0.337516567423639,0.535141098181559,0.211997668285866,0.35711009752033,0.0770228505183598,0.399340961564178,0.21656417214846,0.429318394024276,0.28667079213189,0.52165151275564,0.197804923256752,0.437750779059686,0.23125711764185,0.48319225872167,0.209817112209757,0.463904102817598,0.220181986029534,0.409846988,0.133384207186136,0.376225762224979
"SEEDWAY_9558","2","2","4","245",1.26,0.88,0.73,2.87,0.149458157090506,0.285868523290502,0.143362451795011,0.0567587275153515,0.374038245140237,0.176527458253226,0.468601685957402,0.177457276867564,0.529990776521476,-0.0152657886484249,0.478935214342696,0.040547688128498,0.365200403137857,0.2237748531785,0.4890625656044,0.184715734191338,0.489818333,0.213665311430951,0.510772799454991,0.212243137071886,0.476249026002477,0.32636593874678,0.529689544,0.208578276115986,0.347875592715862,0.0512912154222292,0.39124789864431,0.197087712792944,0.423323127771462,0.270747892862129,0.511866653989182,0.205382571031838,0.44297196253566,0.24191179727223,0.495161055459316,0.213748841266152,0.474537102512238,0.227146349319813,0.418716421314761,0.134208935054141,0.37107924745925
"ONEIDA_ULTRA","2","2","3","246",1.47,0.85,0.77,3.09,0.174367849938924,0.276123005451053,0.151217928605697,0.11672795697946,0.374705508023517,0.237104546558485,0.51476388668675,0.218340023016252,0.500746147607462,-0.0407700264976929,0.482323237,0.0116678131937365,0.391949652895297,0.21687381927534,0.484384295919222,0.193181217224961,0.482330769430351,0.209731928504521,0.49033376991609,0.196763644977145,0.451830592177415,0.288331240832655,0.482873437621018,0.176914347631912,0.318970704335694,0.0513763572956865,0.395429566405245,0.183273804716402,0.414116793670873,0.254018810066018,0.489472380349989,0.210221836574108,0.426565464895636,0.243614154771319,0.478633225377219,0.214633514541341,0.452717086834734,0.222643704595571,0.416420950235458,0.126268954318859,0.347475541081484
"SW315_LH","2","2","2","247",2,0.82,0.81,3.64,0.237235169984931,0.266377487611604,0.159073405416382,0.254262812045108,0.482514229986591,0.291671342019243,0.563105411976111,0.225492196135565,0.500946679,-0.0561779056894365,0.499583948821888,-0.0144697742493458,0.44327710541952,0.213742967450264,0.47989358136417,0.230826915202559,0.494799664121633,0.239199014309875,0.501202642,0.21221401522218,0.455468761,0.307388005458026,0.472065051065798,0.189459770125829,0.324647408492836,0.0442376253202171,0.388433299245624,0.176787174097627,0.394388538585268,0.243465484275523,0.478696411215348,0.224077621132252,0.444307700196784,0.241989647862139,0.490669595110772,0.243995146813507,0.499238314933817,0.233401963599484,0.452623986943727,0.126282052119605,0.3361475
"ALFABAR","2","2","1","248",2.13,0.89,0.76,3.78,0.252655456033951,0.289117029236985,0.149254059403025,0.260365929795147,0.499538638985006,0.289016991533401,0.566221922731357,0.258727256366197,0.530745034,-0.0494466159226497,0.510696332260761,-0.00498544696324717,0.43404509227294,0.244746774798734,0.513901458,0.255042426178552,0.508912216396242,0.251480845580609,0.521115013169447,0.221663309180809,0.482408953435221,0.312059774583202,0.472252086486351,0.194349500819457,0.3251749077759,0.0535783711962876,0.400805397427788,0.195186620791344,0.404053851113825,0.274254644733084,0.504600727387729,0.242794237321898,0.458976518931187,0.253000184943537,0.499498255127915,0.275445918800512,0.504694042000362,0.221167565257701,0.449950932907874,0.114690707607244,0.335399552208427
"55V50","3","3","36","313",2.2,0.89,0.52,3.6,0.260958686983424,0.289117029236985,0.102121198538912,0.308061076009748,0.550919791637363,0.297388834843077,0.569582342370911,0.224166949089259,0.526057440007633,0.0298015892134177,0.474760070792317,0.0314341918817113,0.402362182893582,0.230677365421898,0.480123884489693,0.216313394655176,0.517594813698365,0.28779536351153,0.550331204227684,0.308321612629031,0.550349712964349,0.286365353427574,0.505577569983903,0.301100853578197,0.419338929241087,0.0544342948174761,0.395027860606608,0.189439609579414,0.412967427408122,0.340473232100824,0.537563909972591,0.188468958883468,0.431904900441021,0.19854538575102,0.458328442224206,0.20743598944176,0.452135419204965,0.193197261956772,0.330695832897204,0.123365750752218,0.358118325530904
"SW4107","3","3","35","314",2.01,1,0.46,3.46,0.238421345834855,0.324850594648298,0.0903379833228837,0.344888864980075,0.593967096443637,0.311037558979456,0.587155673590191,0.235322443604829,0.537581858371897,0.0410085065566918,0.466972661,0.0509517543300961,0.373551490133534,0.275358429533718,0.529917968,0.250391404598937,0.555692359946505,0.326165174107937,0.588264018715458,0.334443522969368,0.576429965163914,0.330040852540633,0.562866508832635,0.332963145445078,0.442369076698943,0.0767281601077124,0.395542940454593,0.208741871727096,0.435295498127566,0.365038554479434,0.552212881381001,0.18358466425364,0.424841618938858,0.188662869265288,0.437754892389758,0.203780547345746,0.446268468171582,0.185667540643297,0.316078764653286,0.111947842797311,0.361578126060113
"ONEIDA_ULTRA","3","3","34","315",2.02,0.99,0.51,3.52,0.23960752168478,0.321602088701815,0.100157329336241,0.295094864464667,0.537818475070564,0.287013611381128,0.56802547434068,0.225030427792219,0.536077318194107,0.0360032318145315,0.466094628104957,0.0233259800853081,0.340802916231062,0.258855994075741,0.51454300737389,0.227451064567181,0.545329309397282,0.314565582594191,0.582918888384669,0.311922917077401,0.558740399167277,0.31721414515654,0.554980982464514,0.298352942631894,0.424091943439924,0.0455278997632035,0.383547617501557,0.183655894408243,0.403017318780982,0.320187288520261,0.511798902584907,0.164736745192317,0.406843277652096,0.176805759318662,0.424709694587194,0.199791640499061,0.458441020243714,0.195133369532752,0.349038875635772,0.122569450450894,0.381420018062719
"SW5606","3","3","33","316",1.97,0.72,0.49,3.17,0.233676642435157,0.233892428146775,0.0962295909308978,0.332222435498215,0.570764762145891,0.31674448690732,0.578865149833518,0.257256622190772,0.531409442933702,0.0522918950768492,0.452490664200098,0.0606023854493443,0.321853431309872,0.289063760976426,0.531912628833585,0.254623177538627,0.529853312671153,0.32470164207013,0.558543348829622,0.29460483027164,0.526815854,0.264398606604187,0.454367334635359,0.209908338888434,0.346800256374219,0.0511300087948463,0.379952645844306,0.168653403290503,0.402127882118239,0.343126050896153,0.520919249420198,0.188101331833475,0.419337469984672,0.194148153320482,0.432625302037784,0.21124465805691,0.452955319113947,0.207559121497041,0.342584685854264,0.140838576697765,0.370155709342561
"REBOUND_6XT","3","3","32","317",1.68,0.77,0.45,2.9,0.199277542787342,0.250134957879189,0.0883741141202123,0.311789209883951,0.554991331934277,0.298267424980051,0.571854288885365,0.246352632675529,0.526271806370561,0.0599863279722263,0.457288847665469,0.0695490208148319,0.335639365794165,0.290899075344894,0.531341714951505,0.244959163371214,0.529295480973576,0.326203173484837,0.561066653233351,0.262467293594898,0.506115401831707,0.239159709957927,0.434528316213079,0.181022424787416,0.318769968292543,0.0673047900588685,0.392367982258387,0.188402786788001,0.401116891314982,0.336718781186076,0.51558868428837,0.190506266699487,0.424938732167161,0.190937989292224,0.427901329096559,0.196143631620874,0.447320590981491,0.180003063308506,0.350841195373855,0.113198498206628,0.371414115035581
"NY1615","3","3","31","318",2.13,0.8,0.49,3.42,0.252655456033951,0.259880475718638,0.0962295909308978,0.295585481636112,0.539535802364944,0.275182300852629,0.557436182019978,0.225035131119891,0.524389103573303,0.0152080677936604,0.477707290819774,0.015231297468128,0.366211632332258,0.260801225183874,0.513521372758505,0.200936307340631,0.500187398428636,0.294602437649116,0.545184156363793,0.237333265083341,0.514857527797659,0.237786779742285,0.465533987695644,0.17806993020805,0.325086267644737,0.0175544624349013,0.398217885003464,0.14769969983305,0.394837953396295,0.289068804984605,0.475668089816572,0.151772882177296,0.389694556,0.172321378950816,0.412982607782116,0.180181283151144,0.431114802085218,0.197054358096469,0.346842659726095,0.140740301439996,0.398252663002917
"SEEDWAY_9558_SBR","3","3","30","319",1.98,0.74,0.49,3.21,0.234862818285081,0.24038944003974,0.0962295909308978,0.291315161369087,0.535241009660039,0.278532618611801,0.551281513,0.216834217972819,0.527006822193598,0.014128264877538,0.480231541624288,0.0153637557445602,0.398799361196978,0.245626445370787,0.488903714016836,0.181372728564988,0.492855508617497,0.295228056925532,0.539479794854081,0.220755908460316,0.497006812777518,0.239007143578463,0.467497388621297,0.173168199780696,0.340513007602512,0.011587743484656,0.394789118885626,0.13765527130368,0.390192691488485,0.285935049994118,0.475648532581136,0.149861350570878,0.372809550482923,0.17615772267683,0.413492038029238,0.175468774039589,0.445950654234296,0.181297378343524,0.341891253619871,0.141709606311099,0.403517470656083
"ALFABAR","3","3","29","320",2.17,0.85,0.53,3.55,0.25740015943365,0.276123005451053,0.104085067741583,0.279274189830683,0.543734117271969,0.28383697983832,0.551942286348502,0.216659480608957,0.549248445525818,0.0179645978829008,0.479017788414438,0.0251866333233418,0.396000875629359,0.24245834850407,0.504302467775119,0.16171861074666,0.494747536931289,0.283656552276929,0.530509218612818,0.229411968401304,0.502418829592472,0.225818553844001,0.455744195831423,0.198150588725725,0.339625152769088,0.030998179473634,0.386283622025067,0.145062086040756,0.400103113136488,0.322373464268237,0.518283045977011,0.193445367666738,0.430932396580098,0.210908368666534,0.460656061969207,0.190772041602483,0.467897071,0.175980268668507,0.352095893200188,0.140401971524938,0.425474418402211
"SW4412Y","3","3","28","321",2.07,0.92,0.5,3.49,0.245538400934403,0.298862547076434,0.0981934601335692,0.297671031846689,0.551610778218509,0.285315195029442,0.54838948787062,0.215647484802197,0.536407455115055,0.0349222955728294,0.453244753874556,0.0629390490954055,0.379226742480652,0.263088508562551,0.518313091796548,0.174845548734321,0.501241028,0.30345758778276,0.54229899202157,0.243496972477365,0.502500061595633,0.241010744411323,0.473961990048502,0.222753447820552,0.375504898721219,0.0517239321478698,0.385614942653131,0.175732776368746,0.416468572857194,0.333817214669455,0.524943732869492,0.196141609071506,0.423356448211528,0.220254723104069,0.458156954591006,0.188381640145634,0.449665674488974,0.158046481435608,0.306170328,0.123509173831396,0.38865680289874
"GUARDSMAN_II","3","3","27","322",2.11,0.96,0.55,3.63,0.250283104334102,0.311856570862366,0.108012806146926,0.30817411049421,0.558133126,0.286543650939806,0.557351487764917,0.21625381161325,0.53146351160091,0.0203659377372128,0.469915937304777,0.0417873545519311,0.401136583005533,0.255442154763018,0.50923254985755,0.154242851267031,0.479416717968313,0.297612658185557,0.542070985477626,0.240344575472093,0.515701478114921,0.242439949444792,0.474125999,0.219806239301658,0.361258710053891,0.0301930751815912,0.393951823,0.129670963607474,0.388856957899022,0.323223925118434,0.512341399,0.190411971446749,0.410626041218879,0.211314845099609,0.450862628088869,0.204138449355183,0.440404216,0.168053768860552,0.330509612285145,0.141905763162667,0.398105182694609
"NY0651","3","3","26","323",2.08,1,0.52,3.6,0.246724576784328,0.324850594648298,0.102121198538912,0.324057846162291,0.583261362890446,0.288346596249514,0.554491911344298,0.229993731060778,0.525452655634469,0.033754417184379,0.464369674489374,0.055964540435832,0.371885464319271,0.255228129038084,0.506610430574799,0.166864642069249,0.492526116665841,0.305597016340818,0.551182592130391,0.22659409708298,0.511732140615637,0.251207676106764,0.492355621,0.239144397232669,0.385243756313819,0.0613166824373962,0.384094971321862,0.136555681433186,0.379638665502043,0.330986284390564,0.528042946,0.190952297919734,0.425021063599607,0.2035750639153,0.448317545199898,0.207100667031835,0.44769956610095,0.145428506384457,0.30224474,0.132127113288143,0.371368749575955
"VERNAL","3","3","25","324",2.02,0.69,0.58,3.29,0.23960752168478,0.224146910307326,0.11390441375494,0.29806858879459,0.551504921262145,0.279318594885575,0.554704561069711,0.202355689996356,0.515235596266081,-0.0022978977776514,0.49148202,0.00743526640946824,0.441824061043875,0.199779807973378,0.451875288042567,0.103825741273535,0.415607376115369,0.258239416955852,0.506498246472555,0.209283295240035,0.49391381058231,0.209165809953043,0.438417200978822,0.21317124963719,0.349185852852009,0.0353561639618587,0.373789631147442,0.108851866622749,0.360217224457818,0.302073447789952,0.503900835657539,0.183218834472883,0.422995902428292,0.182273562799932,0.43426853455851,0.192445101361156,0.439685066183336,0.147977287698229,0.341342173604895,0.114430837139821,0.416909966754868
"SW5210","3","3","24","325",2.37,0.72,0.54,3.63,0.281123676432143,0.233892428146775,0.106048936944255,0.342326808350153,0.591275083,0.308462141692758,0.551461867765974,0.253164628993226,0.522067490418714,0.0319737811025857,0.469518589344764,0.0592373481272308,0.383123992,0.267580012638466,0.530798820596615,0.195715890074274,0.507314317522991,0.320966370120015,0.558257411112231,0.245975387875112,0.516963918179365,0.268754065601763,0.517659199902871,0.270129503007895,0.409801031,0.0799634506634271,0.389513423424073,0.18189438716163,0.411087258218406,0.357919781434407,0.542042878979549,0.218112479435557,0.445996870734712,0.234043052006186,0.462567849162712,0.221175197797388,0.441413277639823,0.181456754358835,0.308678370028063,0.145463561530208,0.355209444331366
"EZRA","3","3","23","326",2.25,0.7,0.49,3.44,0.266889566233047,0.227395416253809,0.0962295909308978,0.301130673634298,0.554337919,0.282895207336016,0.543638946144495,0.23022231900886,0.509325254838351,0.012544909049707,0.486109361660439,0.0238656149205163,0.408458454514182,0.228375556679011,0.499040076416005,0.150671362663696,0.475406108551925,0.277147122629192,0.5304101479104,0.223893129261901,0.507872505204522,0.244528620153841,0.505447262709931,0.256029599482318,0.398341277829666,0.0509141489613659,0.394609233638534,0.169266535674089,0.410225721112818,0.316610721829006,0.511235373181531,0.17196335042272,0.407104821702801,0.191677572946079,0.43846256684492,0.178048901839389,0.403547822885023,0.153968151897934,0.295384009710968,0.116887849227561,0.376359872472852
"SEEDWAY_9558","3","3","22","327",1.75,NA,0.43,NA,0.207580773736814,NA,0.0844463757148695,0.250821749030227,0.519890461852322,0.259420323578409,0.54100602505153,0.203663291817849,0.515713944945375,0.0138768482112933,0.48747470607662,0.0234243370651584,0.422457891609594,0.178866122601108,0.458894947854224,0.134073354903065,0.455608862094098,0.250685167842606,0.515725755808468,0.185039528724853,0.483665378867229,0.225577919644337,0.495257861872196,0.235389158010962,0.404372109819042,0.0581784737621084,0.37929644567259,0.17226295061807,0.425361811771608,0.312067337123986,0.517009619041582,0.17034111717711,0.40786976929991,0.172050368039308,0.430634053877633,0.173699286594373,0.42411709781952,0.152588034947448,0.31871272398158,0.107142293164218,0.387189887053601
"REGEN","3","3","21","328",1.95,NA,0.48,NA,0.231304290735307,NA,0.0942657217282265,0.276375657842237,0.537005701371893,0.275263026671778,0.54488782305375,0.196688844778963,0.525976496,0.0150229381748964,0.484643258380505,0.033396902748653,0.405334306078908,0.202874134461336,0.497812578557064,0.157199917386068,0.475678655920446,0.261552036298909,0.520963969,0.200521405588696,0.488573679494784,0.235529029719272,0.482281350674144,0.232211697227591,0.372250389188731,0.0404696799940213,0.370460769253938,0.153855297487457,0.404510492721679,0.315486199662651,0.517846168037107,0.175908914771187,0.414421107632541,0.179339592560558,0.437203811101906,0.196265158803258,0.43636325763182,0.163023848779909,0.323429063017659,0.107875097355973,0.390678743469706
"HI-GEST_360","3","3","20","329",1.73,NA,0.47,NA,0.205208422036965,NA,0.0923018525255551,0.302297348708494,0.575540029,0.292084359009785,0.561394085936261,0.210224598483942,0.523982634416297,0.0202864703890774,0.47630480392793,0.0489790155783986,0.39395352909904,0.22230797376134,0.490377545248869,0.183549705003636,0.489838971797067,0.283457563269189,0.52795846831791,0.20679416506238,0.473276705294994,0.25598370260976,0.471288541232462,0.231720577113146,0.374959471481928,0.0843762885594218,0.382560747154798,0.190065495759989,0.413903674725839,0.339621942534664,0.538410137762001,0.197839954907561,0.431842322487093,0.19521058159509,0.440952126305067,0.21094981862101,0.455612127203823,0.183062170365576,0.35429794152277,0.121736458770185,0.366583621683968
"SW3407","3","3","19","330",1.8,NA,0.5,NA,0.213511652986438,NA,0.0981934601335692,0.310288318354947,0.55723286331595,0.297762658299362,0.538807541884678,0.227601908199219,0.499317939665728,0.0126870527000651,0.468635159007833,0.0531437960478596,0.380140976326735,0.248271929634501,0.503363289760349,0.189942982444658,0.470180298752485,0.267895449821964,0.498861772788431,0.206081668820592,0.447855540512199,0.234213577795317,0.425833809556704,0.194738471970041,0.32929428,0.0735326216876373,0.37656522439713,0.196744083706234,0.421238003398081,0.326604022415658,0.516127450980392,0.214010357498218,0.420614216011938,0.20128952520277,0.428251738595566,0.206821333521612,0.411715384192893,0.195639554724038,0.338259118482864,0.139198475203804,0.37002944568831
"SW4602Z","3","3","18","331",1.85,0.91,0.47,3.23,0.219442532236061,0.295614041129951,0.0923018525255551,0.309108204529818,0.563070606052081,0.298048653472012,0.533310739390096,0.225272227654393,0.503661085,0.0114360052915833,0.474591105665548,0.0395233532196161,0.36388619378195,0.259074175409148,0.506101865,0.214231767245351,0.508445076575078,0.300708640136963,0.548558091292541,0.218684961460561,0.477154990838776,0.28436659770783,0.487226537887494,0.228588924167639,0.368911645,0.0569946058629633,0.370202114943856,0.187743666375311,0.407410723852382,0.30270179109793,0.506449274213996,0.207890470878709,0.415413440787845,0.195065260856653,0.420776405312445,0.195879279812011,0.415021131740367,0.201811106963526,0.329382394340893,0.139884113549522,0.365105356793106
"PERSIST_III","3","3","17","332",1.82,0.9,0.5,3.21,0.215884004686287,0.292365535183468,0.0981934601335692,0.279788729275365,0.537528513374088,0.28408346634711,0.537993763543153,0.225474319283618,0.538064977815944,0.000375204310653759,0.484702167155877,0.0289707563280033,0.370545238936899,0.230655984585258,0.502983466356628,0.180598935174824,0.493093383149001,0.266804616732914,0.525882069317602,0.209318193590795,0.480066148938135,0.255292617048277,0.471047189026139,0.217746910574894,0.345482999259386,0.0719455705043415,0.395870743734756,0.170155500727158,0.408923561728931,0.317960999936066,0.522461122379986,0.215126695090266,0.457196079878766,0.200849986261259,0.457657626687038,0.192078316395162,0.413458643731465,0.198454176396343,0.359597938450338,0.128574301907253,0.399124474984222
"SW315_LH","3","3","16","333",1.83,0.74,0.46,3.03,0.217070180536212,0.24038944003974,0.0903379833228837,0.285280571889139,0.530840038,0.289178785916156,0.546557132,0.235110085866029,0.495297457182386,-0.0075464201775661,0.49579253932447,0.00768696584869473,0.38984828181076,0.192120077659841,0.453585737179487,0.175100757511289,0.471716635649809,0.258362417458821,0.525021469316868,0.210219087656807,0.479937190481942,0.277805012500791,0.496527965301633,0.234090529767937,0.372067815873073,0.0705579202510083,0.393784524562513,0.162900263604026,0.400861255,0.289944783489329,0.492100332068311,0.176475160109381,0.402076286335011,0.176162126411534,0.42574401847807,0.171316372234332,0.405005550411272,0.19367405207544,0.34665071085136,0.126323357918006,0.385827125313793
"N-R-GEE","3","3","15","334",1.85,0.78,0.43,3.07,0.219442532236061,0.253383463825672,0.0844463757148695,0.287064425869288,0.55772206508185,0.281374432872526,0.557224248,0.217541443223246,0.532207591876978,-0.00419529649824937,0.467717715741735,0.0299513043804895,0.337231837,0.228616658493027,0.522533274551791,0.197532244310774,0.487109134523532,0.255628942830717,0.524395980560073,0.201421110802015,0.480135068884421,0.264478945377568,0.477102761676892,0.205752141195174,0.347593900047946,0.0640799092790769,0.406529414169691,0.151604228484393,0.403092598379508,0.30853322514309,0.507236995013523,0.191010135418917,0.430982042185738,0.190736680099556,0.44383470161432,0.178567583967038,0.403411227504701,0.185204871441914,0.336600942663736,0.124562176265411,0.37737105638103
"NY2003","3","3","14","335",1.93,0.82,0.53,3.28,0.228931939035458,0.266377487611604,0.104085067741583,0.318968153907148,0.565104777,0.29039122811571,0.560181280059194,0.221694680394428,0.519501773134233,-0.02774550268894,0.492531181572623,-0.00501600194478387,0.436792471751519,0.20443752322039,0.455617484707558,0.209868406160818,0.463295381908327,0.256234047567793,0.524277119705235,0.204556657836463,0.47413770620265,0.284303524089584,0.487620913637153,0.226134257176572,0.350621490486834,0.0400293244643968,0.423390006615236,0.145610593992347,0.398310166360451,0.298901932915087,0.495983554712207,0.190696704200233,0.430288306361151,0.189532220022216,0.426892920804686,0.181436960682579,0.404074616147829,0.186721503023109,0.321676110488813,0.118990019664964,0.372863016486872
"LIGHTNING_BOLT","3","3","13","336",2.25,1.13,0.61,3.98,0.266889566233047,0.367081171952577,0.119796021362954,0.306437650352564,0.568551260772123,0.290627703340456,0.571500317107975,0.221148724130186,0.510712116152219,-0.00710084638876827,0.471458507483196,0.0484020837043878,0.392687118866685,0.259451759055051,0.543854533,0.268596751898358,0.512314282142545,0.280140501852919,0.552450140809933,0.238738320806403,0.516037279480121,0.313739236534454,0.519265904290616,0.257472132197828,0.369837416207446,0.100750264083273,0.408069807096149,0.214234219849357,0.437617816,0.356987427435659,0.546264103701826,0.230983624152614,0.480211896607105,0.237503353550782,0.471006826164005,0.2209813350221,0.444417421870709,0.217269523585014,0.369467214288578,0.143513995117757,0.371338899044634
"PLUSS_III","3","3","12","337",2.06,1.1,0.56,3.72,0.244352225084479,0.357335654113128,0.109976675349598,0.303615980753235,0.56094597724545,0.304298100920704,0.577832963374029,0.213341736839521,0.505959480304693,0.000509409071526996,0.46748311939142,0.0691848528444197,0.376161716444665,0.274431140809633,0.541385617416131,0.291302964312172,0.527170649325531,0.301180546154929,0.565102884804521,0.259756078348603,0.517123646173048,0.333585677530539,0.535437193987235,0.264093726264875,0.38516671007812,0.106800479408468,0.416447692777589,0.236874747191035,0.449523112050935,0.357070895453816,0.540050023242055,0.21693197960864,0.456331696331002,0.234727685633291,0.458708533302634,0.218019034563777,0.432751621196424,0.213052938554943,0.352760788271434,0.145152443828375,0.343816783
"NY1517","3","3","11","338",2.16,0.85,0.58,3.58,0.256213983583725,0.276123005451053,0.11390441375494,0.277608798802818,0.522196904,0.276793058409057,0.546896437820411,0.208767018468983,0.506428923556446,-0.0178518035046493,0.485514861766241,0.0213817930953121,0.398584254057076,0.214639243160511,0.484836653678565,0.231594963915014,0.481922007344981,0.255294804335366,0.52939365371791,0.235189394446365,0.504412350615566,0.293224565222354,0.506695281934702,0.24195204042463,0.380695027470364,0.0609115430103043,0.426208883553421,0.188575606702744,0.418054426071504,0.311585489010421,0.511948397638625,0.187578146360113,0.45283218772118,0.206079193180237,0.467295036465611,0.201170670614311,0.437037171032797,0.219789982267272,0.381330029688023,0.158222912039556,0.387212700997354
"NY1614","3","3","10","339",2.12,0.81,0.53,3.47,0.251469280184026,0.263128981665121,0.104085067741583,0.27308588766213,0.543863757841731,0.271111882487773,0.551572194915702,0.211195521892164,0.529210756484265,-0.0258695082197972,0.480975773607087,0.0222370676714205,0.359401694968258,0.187997923438122,0.504413990489358,0.21420644367519,0.495361033863804,0.240728790061096,0.526572537505337,0.213941641270027,0.49852236582518,0.24533368226845,0.46310734179441,0.19354328880803,0.335545949183052,0.0554231459690236,0.424270594259209,0.180684814406862,0.419296627819071,0.296861566522922,0.509396789426978,0.181850941159761,0.447166509624445,0.202700807674196,0.471545571611814,0.20652737590313,0.444663320174797,0.208950863483708,0.367663436,0.148712791717331,0.372510889476898
"NY0465","3","3","9","340",2.01,0.8,0.6,3.4,0.238421345834855,0.259880475718638,0.117832152160283,0.267701571058948,0.532997840587136,0.274986879426643,0.549236336730232,0.195711048594176,0.514729577151217,-0.0232455348067762,0.495233605738707,0.0185631817015207,0.327385808549895,0.202473942440792,0.504432758113952,0.203693434949778,0.499381196000594,0.240133461599347,0.525859852137576,0.223152871120693,0.494654677911749,0.232819811616775,0.44431242765068,0.177998531823042,0.317669124070161,0.0420755866035674,0.424873077,0.153149486702033,0.402084895889139,0.290702249118724,0.505737816052807,0.180217106508826,0.45255559077547,0.195533141818467,0.466274748854914,0.212831940969425,0.447108914153897,0.202905517144909,0.365367028015891,0.134046710509621,0.38138204762874
"ALGONQUIN","3","3","8","341",1.85,0.71,0.56,3.12,0.219442532236061,0.230643922200292,0.109976675349598,0.247592433367308,0.509524127680723,0.260126282018424,0.550778896,0.192520728825087,0.513866227756309,-0.0219580396504139,0.481073032619996,0.0216441106387906,0.318510370520795,0.173295810756482,0.473030443480811,0.180167265960663,0.482507907529666,0.233233927799777,0.516979590955541,0.209790903991457,0.487989452423833,0.212920865899432,0.422372973957385,0.144732212701847,0.310633549337584,0.0567401977387294,0.433439129771047,0.149866717388388,0.406666641517121,0.277819401665156,0.493010215939824,0.187989031531002,0.453698019,0.191944091153448,0.468279831294705,0.197749368584341,0.456615742187286,0.200209980016106,0.39445410437832,0.133160829682823,0.386685273443451
"FSG_415BR","3","3","7","342",2.06,0.85,0.64,3.54,0.244352225084479,0.276123005451053,0.125687628970969,0.271143757241157,0.540028566014164,0.282878021285139,0.557571217166112,0.223436312730608,0.503090183,-0.00288884642178283,0.471250227428587,0.0427685484548402,0.380472714763736,0.236167848724049,0.532459385997989,0.214619106627501,0.510688433,0.266926676738276,0.535330459563321,0.239022515001463,0.495769010966426,0.233963787387581,0.439771468240625,0.165253450121688,0.314955804016278,0.0653324375809846,0.429085648732693,0.1794087970269,0.414184052491671,0.310763251238552,0.521858264811301,0.217910408003196,0.474125353166947,0.228377556779892,0.479261886024261,0.221313121893159,0.452284176415664,0.219287341928734,0.394602830907414,0.151812086702095,0.41147513111793
"LANDER","3","3","6","343",1.72,0.76,0.56,3.04,0.20402224618704,0.246886451932706,0.109976675349598,0.229931637539237,0.497021900582328,0.261084465372089,0.559567940383701,0.233024075721641,0.523960052796463,-0.0021506030169233,0.470261247059332,0.0393453219975297,0.389431172311816,0.220456225376528,0.505437161481295,0.200763013360036,0.490451879055484,0.261992037665827,0.528554911076248,0.227693465156625,0.485627349139922,0.234717287841196,0.434478572041606,0.156068177402799,0.315162168466991,0.0703354111756678,0.418704617330803,0.192524586439006,0.425598363206849,0.300335152325212,0.516722274931478,0.20112212179466,0.458961466,0.225788797397426,0.472439873957219,0.211113800619891,0.452032624814632,0.195803721992187,0.380661489358711,0.125146577482758,0.384548205441346
"ONEIDA_VR","3","3","5","344",1.69,0.74,0.57,3,0.200463718637266,0.24038944003974,0.111940544552269,0.217061442515953,0.48711635299744,0.255230720430796,0.545016251783732,0.236635979539767,0.5300658365536,-0.00308028773385275,0.477445191300841,0.0317230493637654,0.407855547,0.219735566540463,0.507053795877325,0.198963182712292,0.49114097220748,0.252485733904068,0.524054687307514,0.236852026666606,0.490943759280659,0.247864213365658,0.464336626077782,0.180116846555821,0.348608007,0.0689037427844291,0.42403462125591,0.190351059342464,0.421023008061687,0.302439135931723,0.516279343094997,0.198123841167356,0.464875083,0.22957154399328,0.484193513396247,0.22644904627363,0.465925109769935,0.210673933517824,0.395786081675652,0.140945304409689,0.371372685
"WL_358LH","3","3","4","345",1.78,0.81,0.5,3.09,0.211139301286588,0.263128981665121,0.0981934601335692,0.282521371508528,0.544032604092824,0.29818782974925,0.575986074,0.24881186791239,0.517280823115945,0.00434205731738185,0.456605372181792,0.0565361205510719,0.350494417862839,0.259496890087912,0.539674328598961,0.242575629503247,0.517613211530252,0.283918551517286,0.537216682621438,0.252310700660469,0.497219182502754,0.261529818734475,0.452182882334102,0.167172097826151,0.328784349537994,0.0902082536296279,0.412308953999851,0.186234060888392,0.420948452240641,0.303245449240709,0.503904306346194,0.195141272677275,0.406323952774437,0.223369046529928,0.449598929051553,0.229121613362824,0.444643501,0.189353930639681,0.350787558,0.124047764193043,0.351243503629826
"FSG_421LH","3","3","3","346",2.19,0.8,0.55,3.54,0.259772511133499,0.259880475718638,0.108012806146926,0.288101502957771,0.533970635,0.309260693523956,0.569284525,0.257690886749798,0.512074646565845,-0.0310955522035772,0.484147432251728,0.0151842407182903,0.393334208962692,0.252282932054361,0.51302240447461,0.238248901757093,0.495486988251333,0.276682277627957,0.512402115524563,0.256954538000215,0.487543963110066,0.247914862685335,0.413312065511589,0.177218210752405,0.329386878331827,0.0418458171806777,0.434433253247331,0.154398233814362,0.39940913822753,0.266040567331327,0.464180823191346,0.20903029265605,0.405894076830555,0.221837723793875,0.448145876464738,0.230797391750103,0.434165101334652,0.202527616718452,0.354157859462804,0.15238160748474,0.356792289612848
"AMERISTAND_427_TQ","3","3","2","347",2.21,0.87,0.61,3.69,0.262144862833348,0.282620017344019,0.119796021362954,0.293810253286521,0.569396697946569,0.29956910705118,0.595110062893082,0.244336495535015,0.521326749677973,-0.0358970575921769,0.479500255101716,0.0220807049664497,0.373055825066249,0.271093402166641,0.533284497025306,0.258619522700162,0.509887066,0.291608580752418,0.523565768211726,0.24744581759343,0.490082381906148,0.240230740899473,0.414488598898511,0.178472947375501,0.341348416749649,0.0731471419657494,0.436147826261895,0.185029179937214,0.414430539240786,0.30854579999702,0.507523719165085,0.237564538643623,0.444373473904214,0.252820781205906,0.476549836335445,0.241253296230974,0.461091395462294,0.167771834176252,0.351538064565852,0.137775302412369,0.358218401122935
"WL_349HQ","3","3","1","348",1.91,0.83,0.56,3.3,0.226559587335609,0.269625993558087,0.109976675349598,0.275391395782135,0.52166955017301,0.290602620003194,0.585833597589979,0.260308683280233,0.512754003466756,-0.0310431313317839,0.468239772711369,0.00723268505283848,0.362066360196391,0.265110408064643,0.53189594092455,0.25127990146293,0.498500576701269,0.290602764686483,0.514003962552259,0.242662578482755,0.48225282573724,0.236711562238844,0.405053933605042,0.17291463410865,0.327337833031573,0.0813455692679654,0.430746771908813,0.178582831324804,0.413096641206574,0.289597401210741,0.498007125802907,0.236162811203541,0.447077205430042,0.253230635395548,0.47040215296873,0.227014214175343,0.439595540176855,0.143996231375,0.343727005581932,0.119044376719245,0.360078534743531
"SW5606","4","4","36","413",1.38,0.46,0.36,2.21,0.163692267289602,0.149431273538217,0.0706992912961698,0.331406763239764,0.585886260004539,0.367401362292764,0.594419296,0.254327406146824,0.502521985274239,0.0429288513428295,0.415032552505786,0.0309349411893344,0.376448114355006,0.244457738493768,0.475498182713256,0.179827332354169,0.450816698627003,0.278219331784233,0.506504603309393,0.26057893866834,0.489314750080976,0.167194349921259,0.362306345,0.160245672552772,0.315276793,0.0997038388205814,0.378399867244825,0.176315877704106,0.415838429259987,0.237128422871741,0.467383076614266,0.170092068045641,0.383491171621819,0.228097017333402,0.458473174160829,0.159620437808289,0.42730001589677,0.188536939246154,0.351501820285653,0.082835345784737,0.28492211812583
"PLUSS_III","4","4","35","414",1.29,0.44,0.37,2.1,0.15301668464028,0.142934261645251,0.0726631604988412,0.323028325415232,0.599041292748568,0.366056642217089,0.596171713968606,0.243294170857382,0.521772339105959,0.0321986527682069,0.426033352799948,0.0362953161135524,0.385567138247704,0.253320011398165,0.495489515250545,0.19275939364987,0.462714317051252,0.278468669912238,0.508749526235745,0.270239372896061,0.50683759605163,0.168533412798866,0.375450946899524,0.18235281381129,0.313752004792563,0.095111796151082,0.390733004312836,0.186165085661726,0.434485085628946,0.261143041859053,0.480915367,0.191587055259328,0.419090255132096,0.235215423023827,0.480225617519735,0.190456899715261,0.451559144205627,0.189026106426402,0.366794823525246,0.0770783353468196,0.282623609932319
"WL_349HQ","4","4","34","415",1.31,0.51,0.41,2.24,0.15538903634013,0.165673803270632,0.0805186373095268,0.308902345895334,0.58049942563829,0.346427201884776,0.58749093599704,0.222765581667816,0.517898637151535,0.047415072322757,0.378197061,0.0421760763574672,0.364873753009976,0.25475802937929,0.498486375278163,0.206811482846816,0.471097477845944,0.270691366255056,0.506596957354021,0.239970428512929,0.482711396,0.14536882210043,0.342622201010222,0.177600817507998,0.304036831833602,0.0872683917909868,0.377769159914671,0.192627413422401,0.424258136770191,0.236428837895725,0.479126212312882,0.178734051538678,0.409546864438549,0.216985219852817,0.472847781878436,0.192860986837039,0.432518811446147,0.173800390339921,0.350497707913803,0.0748444040546986,0.29062433000882
"SW4602Z","4","4","33","416",1.25,0.46,0.35,2.05,0.148271981240582,0.149431273538217,0.0687354220934985,0.306694590756287,0.570301873,0.346172971328551,0.577135457956768,0.213391021289473,0.498292861345674,0.0377209265254646,0.374452040241182,0.0166559063932289,0.355640366513432,0.22991401144591,0.462001686,0.180985443487731,0.432101268271052,0.247707364459243,0.476686360866833,0.220943019811431,0.464298269493215,0.127719715727196,0.323899086697773,0.167231879431151,0.317191046277216,0.0555760075654003,0.356775564389867,0.157772369793686,0.404801928467148,0.189042932883204,0.433198635057471,0.147040552454669,0.356714531977994,0.176888251525578,0.409264894177902,0.175873576418466,0.407444059976932,0.180459701996901,0.340041337226469,0.0823820542702046,0.281177691837981
"EZRA","4","4","32","417",1.5,0.44,0.42,2.36,0.177926377488698,0.142934261645251,0.0824825065121982,0.286166850101351,0.564434996858619,0.328911187367805,0.57152410020612,0.205097788978679,0.502369975152919,0.0345624729871524,0.425138015753962,0.00873455814428744,0.403629243539891,0.205525128974941,0.457067255320932,0.173468389436404,0.442612444953923,0.235860590123879,0.477790891252513,0.207440666880239,0.452788479393106,0.122840436179304,0.328176305218361,0.154238532766597,0.310965430348846,0.0407102437616704,0.366031296337715,0.142733199294386,0.418088401116366,0.198537574944754,0.435365538688594,0.158288520152878,0.384105300790132,0.186448995103761,0.437087471352177,0.16770937710892,0.434615536355387,0.178647470174529,0.365977140065917,0.0784034696496797,0.297853992808196
"LANDER","4","4","31","418",1.27,0.4,0.41,2.08,0.150644332940431,0.129940237859319,0.0805186373095268,0.275293287761709,0.559167210614111,0.322330339194381,0.58604183182707,0.196769020107891,0.519205349617544,0.0319800797176135,0.430219979583127,0.00604578920847842,0.374929855833881,0.22480354010917,0.466512496326154,0.146213368311573,0.407122555506023,0.230133765088772,0.450836943536896,0.204554770488198,0.440879356936639,0.116452365157852,0.325180389226257,0.154486154597395,0.305335860257468,0.0664780314180165,0.365836826574123,0.159887505290917,0.403719885764168,0.205640030674296,0.430004569176809,0.166112296016721,0.402072530003611,0.180588322019247,0.431914589139113,0.148970723509681,0.426243642555061,0.169985870895763,0.373519491455255,0.0663006879772738,0.3080358697308
"N-R-GEE","4","4","30","419",1.68,0.53,0.37,2.57,0.199277542787342,0.172170815163598,0.0726631604988412,0.279812506631861,0.564400183794226,0.341265827379773,0.582167697267586,0.22587781654094,0.502533276084156,0.035105045325715,0.436648001618401,0.0210161813872977,0.379093973793664,0.251622911762988,0.500837426357788,0.185067020041795,0.466470776931006,0.280361550339222,0.5287606087211,0.233657141216896,0.478383658468138,0.175497399223821,0.356675814,0.18774851710718,0.345183093911825,0.0810124659664736,0.384512394204994,0.194664144076589,0.427118535586277,0.207429459260681,0.453540480708412,0.179195709796084,0.40964760304358,0.19642474310869,0.445598654314479,0.154058820977894,0.41614939309057,0.194432799769917,0.357781246,0.104181519300732,0.276737992644339
"ONEIDA_VR","4","4","29","420",1.69,0.51,0.48,2.68,0.200463718637266,0.165673803270632,0.0942657217282265,0.250283093890207,0.522583060189832,0.347338895797778,0.584040219861529,0.226449974165199,0.528224321358714,0.0193157089911521,0.459082575344069,0.00437906931500956,0.394586094251024,0.266669226970238,0.52394445491872,0.171365443846317,0.464768977481526,0.301988709578898,0.54848023623445,0.258227029717554,0.508260244856164,0.197700187602068,0.367886740476056,0.213314880730392,0.368636133271144,0.082418290539862,0.396333100202481,0.184954533627425,0.429287780686045,0.230266876755733,0.48045119122918,0.20328037711373,0.4497152252796,0.19813445483811,0.476039343009931,0.167427284360257,0.458289946115432,0.213482342627793,0.408046646805218,0.111873272531137,0.338950946468553
"PERSIST_III","4","4","28","421",1.64,0.64,0.54,2.82,0.194532839387643,0.207904380574911,0.106048936944255,0.259602042699307,0.526193584461586,0.366056585017802,0.593364383489245,0.225665886788675,0.535542038388754,0.0337637223654541,0.448202137256174,0.0183334983950178,0.360328235919567,0.267433249658261,0.508950408,0.184733048734078,0.485927191759658,0.307633413383597,0.554740058993704,0.248913805700609,0.494938291780053,0.189879643420978,0.364209354073646,0.205843258872648,0.356490792456096,0.084130717458697,0.386920488789162,0.189627106705887,0.432055305582129,0.231945879957329,0.475754667914911,0.216372246904594,0.455133254305635,0.216122237155672,0.483876628756496,0.182132075962076,0.449125611028725,0.221156693261868,0.398711557498999,0.103495571266687,0.298730578736685
"NY0465","4","4","27","422",1.55,0.61,0.48,2.65,0.183857256738321,0.198158862735462,0.0942657217282265,0.247162941114435,0.518668710908562,0.356965433001459,0.567361529517467,0.217024424828342,0.534456371356328,0.032749514922615,0.433147651338972,0.00838150583437747,0.371855271,0.247819601667996,0.49972007499581,0.163133648290067,0.461785108606176,0.285530895918546,0.540879738242251,0.246333437035501,0.509493119016585,0.193894536998634,0.350837839139072,0.207826404385668,0.352574530660114,0.0715218771593404,0.390423469768135,0.156375090105913,0.415468660582513,0.223318355144637,0.464870862,0.196786645281933,0.451807288,0.196089260005011,0.463983204037057,0.162464800822677,0.428368429724831,0.204379950161009,0.369811743250935,0.0763210472226441,0.283139968790284
"ALGONQUIN","4","4","26","423",1.67,0.66,0.52,2.85,0.198091366937417,0.214401392467877,0.102121198538912,0.269135579094972,0.537266131843502,0.35544743176345,0.579328127,0.23151961611161,0.537828029833182,0.0280377170973968,0.44170168748831,0.00721630021035985,0.37737892814409,0.215231307133443,0.475152532,0.175856767562727,0.471485483403033,0.280259535081415,0.543917446,0.256955855952457,0.505808678554323,0.22631688977048,0.380730171471133,0.241333712549951,0.370512778340964,0.070175254569149,0.381597336864615,0.167574716077823,0.417452085941439,0.223415700598111,0.465825990956728,0.210116160807495,0.450565424368611,0.208637355303485,0.470898208941891,0.171249300333103,0.452191959168387,0.22021975437409,0.407732529710155,0.101273988694057,0.318877853583165
"NY1615","4","4","25","424",2.01,0.6,0.54,3.15,0.238421345834855,0.194910356788979,0.106048936944255,0.272718193037764,0.528922506353091,0.360276856635808,0.536960255800433,0.248725285852,0.528115229871348,0.0321928518329501,0.443845432534184,0.00744440070474135,0.394241998039466,0.285656514035665,0.545155779,0.213481703246288,0.504163452942828,0.322729773998504,0.568209201606414,0.273407955588127,0.527194247671287,0.248204311190999,0.425723807191287,0.235685860601315,0.389119070550679,0.0658701832296982,0.391724827565435,0.175925473478316,0.41432219518044,0.226900826333996,0.457538609529833,0.207346527712775,0.435465633806486,0.20176817296086,0.452485029431581,0.185233707149087,0.42966688045081,0.230575262038727,0.38223342878702,0.122722903750092,0.319525962438249
"LIGHTNING_BOLT","4","4","24","425",1.7,NA,0.54,NA,0.201649894487191,NA,0.106048936944255,0.284940946169321,0.554628614,0.374298734674861,0.569318614238148,0.261859838405357,0.525472067172368,0.0501044310922911,0.43345204151351,0.0296225754230977,0.371831879163149,0.271964929476292,0.528150138260432,0.236920729999042,0.510672865320794,0.328594091204662,0.572701176,0.264011537230734,0.516215035464061,0.221733618396489,0.393888431854006,0.219915990115085,0.374817841,0.117689714352731,0.385652118912081,0.211366231799875,0.430684205959688,0.243170195546464,0.481538148664638,0.214171195106797,0.441416271568378,0.21554696332436,0.463133744626857,0.197548019048871,0.448549898390729,0.21086469821459,0.385850982891762,0.106261487960487,0.314310624360732
"VERNAL","4","4","23","426",1.42,NA,0.43,NA,0.168436970689301,NA,0.0844463757148695,0.260207547934234,0.520755045843657,0.354383977759389,0.562043232387294,0.233737839621358,0.516137111779018,0.0170288585949065,0.453280893679982,-0.00655359474211114,0.42678685590078,0.19716307775055,0.444232471,0.160889449066679,0.439359330885007,0.254783601258668,0.481656459819516,0.216969585350696,0.477426853,0.146984633237965,0.325547656876352,0.170876346682294,0.327892969565542,0.0814812993599765,0.36575721966015,0.165345871760317,0.398870166976284,0.20286143634467,0.41910510163117,0.171549371427289,0.399279921609154,0.153387544952584,0.422916738449366,0.159185161816161,0.426152598025512,0.18743699677754,0.385139740967962,0.0692177722673145,0.320579822240315
"HI-GEST_360","4","4","22","427",1.43,NA,0.39,NA,0.169623146539225,NA,0.076590898904184,0.276802013349913,0.546826853649159,0.362044358502321,0.567662385709001,0.235844172875327,0.497199084013167,0.0413739520270769,0.42247681500736,0.0313610503338818,0.36340232807098,0.236270684397914,0.485893439558598,0.210857991251597,0.485512179128839,0.290196836563103,0.526712987617362,0.244165048494265,0.498730309855552,0.205824804999697,0.392737750592924,0.232661745938306,0.372245198216545,0.112371655773229,0.384332364,0.21621561487173,0.435986234202242,0.245996479539473,0.467202851570736,0.199890164067856,0.424346465536831,0.183676642797434,0.449651771902575,0.180342345681164,0.434558371293723,0.184092685282621,0.348443865369163,0.0980578382047788,0.294833028020897
"SW4412Y","4","4","21","428",1.59,NA,0.38,NA,0.18860196013802,NA,0.0746270297015126,0.277461026995706,0.541404227,0.363780149903465,0.55417684054754,0.23291759096412,0.500741217817216,0.0410696212260496,0.414498938242483,0.0312026540994068,0.361920880632955,0.272859151610433,0.536753446036534,0.235541733561891,0.506417069414076,0.317406871357641,0.551609958884459,0.279546665766585,0.528727302009099,0.272035689501679,0.455970899088791,0.296862856817026,0.427514052740977,0.131744455700994,0.385612537668078,0.22601227500664,0.425502142112537,0.272024348662215,0.485741395157201,0.228667291861833,0.461268611674388,0.199108136583733,0.455284568188981,0.189033999827008,0.43121294,0.1650891566003,0.316592433589907,0.0996515374366007,0.277146308023764
"FSG_415BR","4","4","20","429",1.67,NA,0.48,NA,0.198091366937417,NA,0.0942657217282265,0.279198709391736,0.543069621,0.36517352396887,0.572730299667037,0.233122275607455,0.508201421687897,0.0317009028287687,0.420573414574689,0.0167681415034351,0.390638075969424,0.239456882117859,0.510788774824705,0.22739489059916,0.508076176458795,0.315499798475185,0.567450176792028,0.269523642245165,0.537587186100434,0.273029221365949,0.489805993925274,0.299534903033551,0.435919545451792,0.125167653071101,0.374532153602182,0.239008419780892,0.425208043,0.264050575557024,0.494429426361115,0.228431132829895,0.473822002411358,0.201019358171264,0.478264198617944,0.198587194717794,0.454377946432287,0.158755623845404,0.324433279539739,0.0999449513159767,0.296720827620726
"REBOUND_6XT","4","4","19","430",1.72,0.88,0.51,3.11,0.20402224618704,0.285868523290502,0.100157329336241,0.314791578894126,0.581398688121829,0.382541330393938,0.567095290946567,0.240142659977368,0.515588155781372,0.063025239239472,0.422415361576465,0.0633278569315763,0.37003367,0.300692146592242,0.572346080526228,0.25656881087181,0.517634085993353,0.342298027166543,0.576622552617817,0.305000415575193,0.560533003541298,0.282793198277268,0.456513689066958,0.2783820400959,0.398064334777681,0.157521914302702,0.387364717930183,0.24648178338883,0.441218455899128,0.284438062863197,0.501432291666667,0.23727695154113,0.468539159961615,0.216698368003046,0.468536045429754,0.220145923571968,0.454732687595586,0.15092395631886,0.315585092560914,0.107767668346869,0.300480403038019
"NY1517","4","4","18","431",1.84,0.72,0.57,3.13,0.218256356386136,0.233892428146775,0.111940544552269,0.289306626306579,0.539896380936338,0.360530907044586,0.550346176206332,0.248643520496445,0.495899209643306,0.0294168596839585,0.443900778791823,0.00515322218427181,0.418209963411202,0.212108336485644,0.476214492207139,0.200948578732931,0.472153937961567,0.288508425100857,0.534847699784587,0.26723220889155,0.519192778708222,0.27193986517723,0.4538738416259,0.282751993013678,0.425340474815896,0.0798971846162725,0.376860676810894,0.199067092874318,0.419944469803569,0.258688621716333,0.474220957200084,0.232467208234292,0.473631507014196,0.206446661779305,0.470822002001738,0.221361023759745,0.47348767,0.180140748641732,0.34063218148386,0.13941417665487,0.33742886220232
"NY2003","4","4","17","432",1.67,0.79,0.53,2.99,0.198091366937417,0.256631969772155,0.104085067741583,0.303070606138372,0.54765896793916,0.355296604294842,0.539364881,0.242962599942248,0.508475263584753,0.0408635933280504,0.410002659165022,-0.00133667499853167,0.406216718266254,0.228407623571339,0.488118124658857,0.185382869635526,0.465905515339782,0.29857702032962,0.550627647682513,0.292063261871078,0.544547982256074,0.303734414370465,0.470921486989159,0.294044624721065,0.436208132323222,0.112639422068758,0.37103911273001,0.22399550609897,0.425034822672238,0.258351541352919,0.477272164242041,0.235984791812672,0.466265304379669,0.220350200792436,0.47647377857749,0.20288287859408,0.445954522985665,0.158270407652057,0.299157268410246,0.10896435936462,0.285529547459122
"WL_358LH","4","4","16","433",1.49,0.79,0.42,2.69,0.176740201638773,0.256631969772155,0.0824825065121982,0.308537324568627,0.560655754963959,0.35993265609751,0.571777918714656,0.238593076637245,0.496956093061718,0.04826081937534,0.420256696113838,0.0201047714747455,0.34128266584674,0.232749283698538,0.48868791373387,0.183036006498276,0.473426926406314,0.301131471888025,0.561994751411698,0.265729319432363,0.536005442049326,0.271668797111651,0.445699964623407,0.259458298050936,0.395196573120032,0.153584096318782,0.379567848235823,0.257147638317669,0.455772085583573,0.265522538381706,0.490998061401285,0.22896711180829,0.458421009209766,0.216668106824317,0.465197383775609,0.194076059982766,0.438883608237816,0.158583059544079,0.311951186869989,0.0858268227683269,0.259472046
"SEEDWAY_9558","4","4","15","434",1.53,0.7,0.48,2.72,0.181484905038472,0.227395416253809,0.0942657217282265,0.292035281530777,0.546994003244531,0.340187644246724,0.564553538396491,0.219548729173585,0.507946821875547,0.030448771025346,0.430540828361713,0.00292054947811152,0.36353754260875,0.224140541233362,0.496965733408748,0.172579260925754,0.470267452584306,0.287923578055728,0.552904834554326,0.264913285031865,0.558007522479402,0.263014957745361,0.42519106500292,0.254569942937757,0.382622678964282,0.123494848766634,0.37330863528207,0.234572903963205,0.444105348232483,0.283281963260297,0.507903884672148,0.226315742454186,0.4884089813677,0.229071557188597,0.51319190321706,0.202838100097418,0.471577305431977,0.181745694269002,0.361743745648473,0.108388262477172,0.308821625209462
"AMERISTAND_427_TQ","4","4","14","435",1.7,0.68,0.44,2.82,0.201649894487191,0.220898404360843,0.0864102449175409,0.342848628572928,0.594961131272212,0.364824208952727,0.578479731515248,0.238231622929536,0.49605362339583,0.0232997068740295,0.433149100273423,0.0191586620219851,0.352475842011446,0.245060119231254,0.518267414,0.202620291924033,0.494887761432012,0.302967268514753,0.564256705863162,0.258521395767582,0.54382704646057,0.265432152594258,0.421662302157972,0.221513125850434,0.362220066074834,0.127904044346345,0.392054896032487,0.243518698088629,0.448407210226267,0.280335790179362,0.512539749197093,0.219755882086626,0.46251539665102,0.227982736167131,0.492217224019448,0.20170966570833,0.462589553468446,0.167247005020726,0.329314280090173,0.110477989718859,0.283088235294118
"SW315_LH","4","4","13","436",1.71,0.47,0.51,2.7,0.202836070337116,0.1526797794847,0.100157329336241,0.330622956461883,0.580328871794512,0.349584269233822,0.564034406215316,0.227642241845752,0.499281045751634,-0.00302675444906659,0.458283171811324,-0.0185198640868354,0.391370267580245,0.207021947966505,0.467108197651184,0.169472106325525,0.463996386477122,0.277858686740617,0.543593507870484,0.246713869659865,0.534715599,0.225635152362996,0.380885335878773,0.195777110770873,0.339076534482432,0.0889384759438391,0.346237881881564,0.17399454763089,0.408886669421867,0.224848356963601,0.443100490196078,0.198917729437962,0.439399939498941,0.191141546586256,0.463497150460696,0.178029403769482,0.45345778674194,0.194661562048683,0.384276127257001,0.118562399964919,0.315433882895719
"ALFABAR","4","4","12","437",1.94,0.77,0.6,3.32,0.230118114885383,0.250134957879189,0.117832152160283,0.29430588415641,0.550075955776859,0.344383333925979,0.571242535,0.240218759051835,0.494069621360304,-0.00785380389788933,0.448277945202818,-0.00790292253690051,0.371424211151765,0.239365370490571,0.505181624,0.199552286365924,0.47460202895064,0.292992597694472,0.544599567255334,0.241512352530419,0.519954160830105,0.228338563586246,0.393294879604452,0.208675403705559,0.349570130708879,0.0897665226617456,0.345047053532562,0.205265548546283,0.422480372077146,0.246935227119601,0.484151249209361,0.217413940713651,0.465095532237812,0.221852819403976,0.490670708744445,0.202612022653038,0.46594914044049,0.207533031651693,0.404292551748344,0.124463994915407,0.332320238822172
"REGEN","4","4","11","438",1.68,0.83,0.64,3.15,0.199277542787342,0.269625993558087,0.125687628970969,0.258023877107053,0.510754016437741,0.332459977537999,0.553197373288938,0.224810572648336,0.514010940953835,-0.0137993561241496,0.442990809976576,-0.00338385588338152,0.336104950433124,0.24409072281298,0.512732108367972,0.207895049685262,0.483462825765456,0.290602210212384,0.541202824,0.247681096664017,0.524818759488335,0.248764305123594,0.42985648406902,0.229454036721961,0.370225015138371,0.0900949600093326,0.363154319607015,0.203733309150936,0.426829956,0.245308448388371,0.487396759764914,0.213512724326385,0.478223237327706,0.237162223773554,0.499675070028011,0.204408316608058,0.467539078376449,0.199711955775923,0.387965232570068,0.116866781048289,0.333907450327523
"ONEIDA_ULTRA","4","4","10","439",1.49,0.68,0.54,2.72,0.176740201638773,0.220898404360843,0.106048936944255,0.217602456448177,0.476974061310481,0.301902448709399,0.546779636382855,0.204720909097086,0.529120589030422,-0.0135353950834892,0.427822245633053,-0.00274980301671232,0.295297602483008,0.190664783375338,0.465721232403218,0.184407893451144,0.466201178,0.253559608702592,0.522216425106867,0.215429973520172,0.495689447436089,0.206810053039658,0.40096218053785,0.180927061025585,0.339198342139967,0.0937144942637439,0.370767286431315,0.201346737380685,0.43798171363263,0.23887378101529,0.473610847564832,0.189632045425868,0.447379711,0.212102495275476,0.470861891491552,0.175164249723386,0.435159159554233,0.173965273734107,0.358455202121748,0.0963625031832258,0.304215223825379
"SW4107","4","4","9","440",1.69,0.81,0.5,3,0.200463718637266,0.263128981665121,0.0981934601335692,0.28869520659296,0.541243283540102,0.330016677606216,0.550114687384388,0.19451439397288,0.509213777968608,-0.00629024731353498,0.426370979214019,0.0143592604736269,0.317981753499252,0.257485881110126,0.529892010222893,0.228243929591311,0.492696178675969,0.288473058599297,0.535344055180073,0.253500709110334,0.51567972434001,0.231107187105927,0.409040917530672,0.189271555128116,0.33462356212179,0.0938432123402615,0.372907442546911,0.216511292265674,0.437324188958595,0.251948250387795,0.489897365196078,0.205222092334056,0.451704957468335,0.241525124920979,0.478756119605333,0.183637948745788,0.430686576000263,0.183984996514182,0.345597543720965,0.0984711523364602,0.288837158059672
"NY1614","4","4","8","441",1.86,0.81,0.62,3.29,0.220628708085985,0.263128981665121,0.121759890565626,0.287048168923715,0.535429695085289,0.319279310039058,0.557562893,0.206374960753695,0.502563331902104,-0.014566871536896,0.449706028670634,-0.0023345161671953,0.371108359133127,0.211692370634842,0.49117908915703,0.21526574179331,0.484357125503876,0.266438649023497,0.540482152590111,0.246308678938521,0.520273004,0.230539792913407,0.399946621116686,0.211620739774734,0.347683304061586,0.0508618073800511,0.360147641650661,0.179866656934727,0.42709433500176,0.224675609101893,0.476447659709045,0.188807175385213,0.459785033080184,0.219045488529855,0.479843137254902,0.175669498662442,0.445050695,0.204278787047975,0.385393138478667,0.110568224736817,0.315619512857046
"SEEDWAY_9558_SBR","4","4","7","442",1.93,0.91,0.58,3.42,0.228931939035458,0.295614041129951,0.11390441375494,0.305250902681511,0.542825812773699,0.332580597118006,0.554413878759051,0.21380483233279,0.519098779075269,-0.011587640115068,0.458369817331903,-5.93524606882291e-05,0.389108007350747,0.248184207988575,0.51541368149824,0.241280643813545,0.502455992621998,0.299174230846712,0.557703450377055,0.280291192090455,0.542473884953779,0.300335625205088,0.473896260756892,0.26542477074575,0.384604279359772,0.0441827971435596,0.36852980858724,0.193688846091461,0.432491134836753,0.234645327194615,0.462620964334009,0.17184892679309,0.445080959969431,0.20876291560678,0.46460596,0.18309017486198,0.430510973,0.20875317021622,0.385663095876015,0.112839820706733,0.317811791844766
"GUARDSMAN_II","4","4","6","443",1.71,1.02,0.63,3.36,0.202836070337116,0.331347606541264,0.123723759768297,0.244838789090651,0.489991600983551,0.312516351826508,0.556212673748745,0.224594383382939,0.521107612550292,-0.00795731023266445,0.442844492283968,0.000738448197258203,0.376183120140178,0.221517542724148,0.484992327593431,0.235440519733449,0.490949563994971,0.292195090597705,0.559181625391583,0.290372893873734,0.5399076606339,0.329699228060931,0.512596997804139,0.29687951769852,0.425137631688332,0.0761108095749493,0.360585060713848,0.22636639170897,0.446464665517332,0.255984683126885,0.498505509,0.199198533434121,0.474035927207674,0.224873745311825,0.486526198187341,0.204620633692978,0.458211120064464,0.225681606912579,0.411208127050783,0.133629324256519,0.329306761550347
"FSG_421LH","4","4","5","444",1.83,0.96,0.69,3.48,0.217070180536212,0.311856570862366,0.135506974984326,0.289051104800803,0.523191462481664,0.349646070347615,0.583623751387347,0.258983614388641,0.530641031757391,-0.000385517857564209,0.408449878081566,0.00245996429590643,0.318795634362198,0.28440875010121,0.539923424991298,0.274740386931795,0.514211499588408,0.334715113914617,0.573205812787557,0.327327513326851,0.555156206702998,0.334852508617008,0.482017282198456,0.305106863777494,0.435399506907228,0.0794529784838851,0.352358704360494,0.22222791777705,0.435805615506676,0.25129047844309,0.470535789584651,0.192924980762947,0.451343903948561,0.236032521052025,0.487912528647823,0.21251352320174,0.447514911847092,0.2525363684312,0.410828707761223,0.146836297715825,0.309711839785859
"NY0651","4","4","4","445",1.55,0.86,0.66,3.07,0.183857256738321,0.279371511397536,0.129615367376311,0.26715405822119,0.503483533537757,0.32510243081506,0.584719227,0.248714957819345,0.525837825803476,-0.0132293626633624,0.421220136877021,0.000428898077472591,0.322331781453152,0.229100589312993,0.499371150703871,0.253064139736466,0.516187143689426,0.306969235581725,0.557056569,0.294909594511225,0.54537543,0.311888040274119,0.471126210706339,0.307221425568886,0.433175940296306,0.117578751751375,0.363937833197795,0.2354895154016,0.444689241599583,0.263021390389187,0.509426370224814,0.218308033990429,0.485238465357354,0.250486848304015,0.523153699,0.211310498453961,0.482026015885806,0.243585743665397,0.438078261607673,0.143397047380454,0.355070890731431
"SW5210","4","4","3","446",1.95,0.96,0.78,3.68,0.231304290735307,0.311856570862366,0.153181797808368,0.341766455303426,0.567034211369788,0.35913737902055,0.567435124993394,0.268475073198592,0.521819251626036,-0.0305724923465043,0.431061974,0.0119861585643816,0.325095958342421,0.289342449512643,0.557850091,0.289537246139104,0.533892462313928,0.341439843088508,0.563787651029554,0.322458156627951,0.551042562211501,0.321636003713798,0.461251849944632,0.305487176016953,0.410216936120551,0.105792834941987,0.366545335170742,0.222952646292418,0.436826074515828,0.273218646397895,0.497062878,0.247089522393089,0.484667758001554,0.270364872481677,0.522312143807587,0.227643476089357,0.468045958109271,0.266069806556479,0.44662670422324,0.160993674469464,0.355845172671145
"SW3407","4","4","2","447",2.04,1.03,0.82,3.89,0.241979873384629,0.334596112487747,0.161037274619054,0.344451467321613,0.574313936478465,0.367141475459832,0.583425955287775,0.310175339569793,0.520836315061304,-0.0361450458067336,0.436872440235584,0.0151496626134241,0.321627419707915,0.284201359007447,0.543148514747779,0.302338352448793,0.548023058615964,0.362030806050199,0.575789806992041,0.322681879141324,0.543365669538525,0.336895523396518,0.468965517241379,0.314076265977357,0.411274571978407,0.107933317437432,0.374910504970894,0.239229390605826,0.428814320761385,0.272157065133385,0.498715876436782,0.261407341778087,0.493255000383559,0.283657720606667,0.532386045327222,0.23401613285066,0.479036634261548,0.249140806591549,0.434850333515075,0.14548567907363,0.337460207612457
"55V50","4","4","1","448",2.17,0.97,0.86,4,0.25740015943365,0.315105076808849,0.168892751429739,0.310493720662778,0.5439213107529,0.359547155952691,0.582528275461128,0.331535153706653,0.502713133915367,-0.0455870527194418,0.450246938879102,-0.00894094807074187,0.336436467,0.2648329499495,0.530869652882521,0.277656696814674,0.538878392689928,0.352326356213943,0.561609383170934,0.311164603651054,0.536869343342473,0.306542360947904,0.447530650992115,0.296571412772545,0.392029758046767,0.0953141076376836,0.37131502177714,0.219993363670029,0.42420833405226,0.259157430932562,0.479618384988404,0.24838169964807,0.484829866101604,0.288041153039396,0.52597286,0.242212936552953,0.465352826061932,0.243879596348952,0.434938513129932,0.133959300164286,0.329320035280548
