"","Germplasm","Rep","Row","Range","Plot","yld1","yld2","yld3","tot22","sca_yld1","sca_yld2","sca_yld3","GNDVI_131","NDRE_131","NDVI_131","GNDVI_145","NDRE_145","NDVI_145","GNDVI_154","NDRE_154","NDVI_154","GNDVI_159","NDRE_159","NDVI_159","GNDVI_162","NDRE_162","NDVI_162","GNDVI_164","NDRE_164","NDVI_164","GNDVI_175","NDRE_175","NDVI_175","GNDVI_178","NDRE_178","NDVI_178","GNDVI_181","NDRE_181","NDVI_181","GNDVI_187","NDRE_187","NDVI_187","GNDVI_189","NDRE_189","NDVI_189","GNDVI_192","NDRE_192","NDVI_192","GNDVI_201","NDRE_201","NDVI_201","GNDVI_203","NDRE_203","NDVI_203","GNDVI_210","NDRE_210","NDVI_210","GNDVI_215","NDRE_215","NDVI_215","GNDVI_223","NDRE_223","NDVI_223","GNDVI_236","NDRE_236","NDVI_236","GNDVI_238","NDRE_238","NDVI_238","GNDVI_243","NDRE_243","NDVI_243","GNDVI_259","NDRE_259","NDVI_259","GNDVI_263","NDRE_263","NDVI_263"
"1","SW4412Y",1,1,36,113,1.66,0.63,0.52,2.8,0.196905191087492,0.204655874628428,0.102121198538912,0.169357680418153,0.314060375465346,0.433960789002354,0.254274210060753,0.310847735320543,0.537978040272713,0.193290367916925,0.463660448769938,0.503501105,-0.0620985887887745,0.547377765072299,0.512364756137058,0.0210219709276661,0.477078379207111,0.442038599879638,0.0258411979384575,0.253885864793679,0.233372703048226,0.301920436634497,0.347774173909392,0.539604982785405,0.217758680346703,0.274722086597179,0.521196779,0.298564760912243,0.354781180884392,0.55311437,0.190013129829867,0.244056898034005,0.449249577835724,0.283235165993897,0.375569684146966,0.456102419314893,0.280736032278359,0.395178630863042,0.45976540504106,0.152942231546952,0.31808110942851,0.349537889252613,0.0927885635434326,0.399205070642432,0.398350847883213,0.0795372121637068,0.413331433395141,0.427960717,0.154330698863169,0.446683810136076,0.441904812926992,0.269054289700344,0.357326718321737,0.494660157073582,0.160334085848352,0.254637161246395,0.421347486362966,0.217583096950651,0.282690883790393,0.445329478321535,0.173371683206574,0.291445002193089,0.444557293781915,0.202322914269574,0.253818902537777,0.367843720496193,0.117719673816976,0.291265486125246,0.356858402876722
"2","AMERISTAND_427_TQ",1,1,35,114,1.34,0.72,0.61,2.67,0.158947563889904,0.233892428146775,0.119796021362954,0.153713328044616,0.345328953679073,0.412417325837387,0.244918849970928,0.296865651921146,0.549971064,0.182757964391476,0.459618656870696,0.53133804048789,-0.0590210479923484,0.541915316851378,0.504378847214156,0.0412215517884332,0.44832732671195,0.408325546972281,0.0459811021748095,0.260179253838697,0.244352753541608,0.311238506291576,0.352778171,0.552878854533266,0.235429112336726,0.282875628297752,0.547173102369782,0.311466086419519,0.340567053834012,0.573788362910616,0.209895962337736,0.284193358608576,0.474610880853613,0.310824624303913,0.410766505567703,0.492202267650715,0.325093764004586,0.428733224900935,0.509481031656818,0.179575414192039,0.312758751556227,0.33020212676532,0.0988397415104214,0.384260815534265,0.402902960330363,0.100928457492087,0.405732652165218,0.408952816445547,0.173956279381547,0.441872985753441,0.433229420800578,0.32072624368976,0.368322663116971,0.537948730138607,0.190461668064066,0.281152183321103,0.470604446104123,0.250480280369219,0.332425234330634,0.500959144477837,0.206480054582426,0.335668808699951,0.492669193167463,0.204119218727409,0.274710293115201,0.390848006798927,0.122945711768291,0.287582603975846,0.341455322613474
"3","VERNAL",1,1,34,115,0.83,0.54,0.49,1.86,0.0984525955437462,0.175419321110081,0.0962295909308978,-0.0713924201115208,0.506061575754166,0.358206037077672,0.0315908676661731,0.448217060409069,0.385115612282649,0.152929437765443,0.423512555062577,0.513200228996708,-0.0755341578254701,0.516528147144301,0.516374852960989,-0.00510314658866228,0.500312610931077,0.420219323859581,-0.0150867929227732,0.243947165875684,0.204332227712719,0.158950704042221,0.360849777945366,0.443861812887548,0.0720781790290716,0.349167616041966,0.425737269525878,0.176256954150066,0.32164994698638,0.471263499282757,0.129105688701308,0.322960749,0.415543613013565,0.249542669094181,0.387686246147446,0.454448753947095,0.244665052949755,0.390252283255568,0.45408788048154,0.133280427437731,0.34576920048217,0.374800660661752,0.0808068927942032,0.392061769553771,0.401070637460005,0.0535543188057273,0.441062016204331,0.411430980994548,0.111099838884365,0.448418840860335,0.429142534698591,0.154772419388943,0.374442322726504,0.428019090179175,0.0979951368931519,0.259551423728863,0.366298594435929,0.16499481413452,0.293262976851686,0.407452225973645,0.145616235161165,0.299561687688774,0.411323543115876,0.162870410848338,0.25981753921126,0.354766721710063,0.0902300079453952,0.265219064873452,0.346166704750713
"4","HI-GEST_360",1,1,33,116,1.36,0.78,0.63,2.77,0.161319915589753,0.253383463825672,0.123723759768297,0.148035548631902,0.418124243958703,0.389954848510423,0.242327111952479,0.29285397177739,0.548032873526769,0.227824533593072,0.495639839066202,0.539671771384953,-0.0652909467650931,0.434327593746863,0.512919259520175,0.0322716524675382,0.455632149686817,0.384818076214978,0.032404805339703,0.254421730333867,0.221366055692191,0.306939571342079,0.368197479741361,0.565418739765714,0.221853173417683,0.273949731462415,0.54864693381262,0.317030610981433,0.355810748571511,0.581640375749027,0.237922227386677,0.348083622868159,0.488739996542161,0.346802534974074,0.451326766722568,0.528664293818093,0.352008078182536,0.465242078469052,0.526677300577539,0.203983124265478,0.364961758176912,0.354530358,0.105570369595157,0.363740857612014,0.405709086857125,0.108063629975901,0.38539212674317,0.39743814945333,0.178196107005668,0.448259631721541,0.442807013515789,0.309942170532343,0.359839632089395,0.529752134724858,0.187291156812519,0.281656744782507,0.449280138718217,0.257503998452845,0.367985661973089,0.510354619566072,0.226362035993575,0.401136783480515,0.510275891178389,0.18322918813836,0.263533411133555,0.390608877869795,0.120594443905329,0.302784623838437,0.339269684011229
"5","55V50",1,1,32,117,2,0.86,0.65,3.51,0.237235169984931,0.279371511397536,0.12765149817364,0.208429611029964,0.35118077537661,0.459932363352214,0.270524401480656,0.338422784208023,0.552287537656572,0.226723550112373,0.501330725,0.515848639536918,-0.0553261029189615,0.397500537430396,0.513741939253065,0.034419431891169,0.454665562286169,0.365802883349174,0.0376586810161706,0.241910998530194,0.21607142633768,0.318880287779293,0.393046128707893,0.559908533391989,0.233175022985381,0.315297915148256,0.559616051400712,0.325058098328002,0.392577853260218,0.58528884027308,0.227714574053859,0.34935216417009,0.488440633,0.313954129628435,0.437005785920926,0.493188070792444,0.321125748719245,0.455713526421079,0.503455403920742,0.176238399612379,0.343503598448783,0.348517144898142,0.106894086410359,0.364850448864724,0.410579707983105,0.0796731395850892,0.405226509699782,0.381471422536061,0.172271335207917,0.448396653601478,0.431635487517652,0.307588563137308,0.348532317021636,0.526418425667681,0.178253568910188,0.276374770769015,0.43867624262372,0.238455467138451,0.359275537094109,0.482922608679007,0.221660253909457,0.397487999121217,0.484983687592684,0.177970095047639,0.232091914661384,0.356155669,0.120401185284422,0.31899060956236,0.346546865138952
"6","PLUSS_III",1,1,31,118,1.44,0.62,0.51,2.57,0.17080932238915,0.201407368681945,0.100157329336241,0.197310258859617,0.392467836,0.449639678922741,0.25967877065149,0.309861925902436,0.555211008931875,0.199515386991267,0.482369956904092,0.53682807754083,-0.0646295518929484,0.390171737035943,0.513134050895027,0.0420539749540505,0.440670560787196,0.388340699826225,0.0551377475808287,0.25567125712323,0.234503636514061,0.320727644706274,0.376736372967991,0.559684122046254,0.198206637172394,0.290549411151445,0.541158898300088,0.288871641240855,0.356244692640942,0.551022251327739,0.18633583138363,0.307879253328718,0.460992657199568,0.277209020738618,0.400035571123338,0.449756438255148,0.272463912251919,0.420160157582837,0.449020340494477,0.118925833697621,0.343856573,0.354911046902542,0.0969502770133151,0.382802309220201,0.41150186681721,0.0949572875366587,0.381063388191042,0.398437360961802,0.164510474976686,0.447582566724322,0.435208272744435,0.283956571469123,0.320191071052077,0.507102308665402,0.149233192479391,0.2497146463221,0.39941293709482,0.187054775280716,0.281811805218735,0.438578175021813,0.18350983804832,0.334387892143159,0.447922840369024,0.144329349613249,0.211943219377359,0.34769117165364,0.0911724096412348,0.282362032702354,0.332510753782482
"7","WL_358LH",1,1,30,119,1.25,0.51,0.48,2.23,0.148271981240582,0.165673803270632,0.0942657217282265,0.150434467152141,0.407267372,0.385449581335935,0.238822532524724,0.343341789546007,0.518798953543682,0.191491420477026,0.506075568913697,0.52407725458391,-0.0548782600039244,0.325310177973228,0.520599608486469,0.0424258807869835,0.436939237443079,0.342577048988436,0.0499023248587558,0.238315771264394,0.214765174705607,0.29803685136555,0.362656662928156,0.536804862641967,0.19083746432852,0.255660989284442,0.526022671789755,0.288864366955643,0.346980903727598,0.551274308491364,0.181417551078041,0.311035362327078,0.445247365765971,0.256987831983535,0.407892080205112,0.431904788861292,0.270941467511068,0.437766816,0.449414088257274,0.118404341896344,0.347771328550738,0.34867910460407,0.103505348169184,0.35157779439985,0.408671387831403,0.10809994879896,0.372101572138729,0.389789395458907,0.160147126283472,0.457557963054204,0.427663527034514,0.268254610977526,0.317359312425235,0.490510610079576,0.152220956195419,0.241562201022728,0.383841585648801,0.168784822919355,0.26523022183303,0.415006111527353,0.171207315720267,0.340335915,0.439812418117932,0.164705481246646,0.267392489622731,0.368900949,0.078793658393639,0.295680575344325,0.301953049732004
"8","NY1614",1,1,29,120,1.31,0.6,0.61,2.52,0.15538903634013,0.194910356788979,0.119796021362954,0.133113166801602,0.425006681295187,0.365933599647415,0.221972910856551,0.320772554304741,0.506512605042017,0.166371865311763,0.467928056867516,0.530553090660433,-0.0649396027591951,0.357830060830845,0.529296963892087,0.0199048380965463,0.461402410552178,0.402456483209727,0.0275677827231848,0.247870531944835,0.222201707477249,0.259435231670085,0.31514449262611,0.525213282,0.1628115936219,0.240951097147628,0.516254484471522,0.261560839728962,0.317020766441978,0.544691447942075,0.174453373983482,0.283445797945891,0.458695410494333,0.257352322594052,0.396893967326564,0.452908559759487,0.267139524349122,0.412275991852917,0.470055598,0.121745016760117,0.333531114516615,0.361068441558834,0.0925163022547918,0.347855235268403,0.400314695290469,0.0692716698255547,0.376892208735346,0.387833474130393,0.145899796523394,0.44289317856303,0.430886031062204,0.274400774930811,0.285987813767748,0.504940786,0.162133296942043,0.253525402024527,0.431303749570003,0.171793959359095,0.260216688041959,0.441548847329365,0.162593537682849,0.309154983727819,0.440719766503674,0.191785150815581,0.289468172470699,0.397252829371198,0.104224391037393,0.321194451698548,0.326969081195186
"9","LANDER",1,1,28,121,1.05,0.56,0.59,2.21,0.124548464242089,0.181916333003047,0.115868282957612,0.0623079134411389,0.478439108785552,0.327681309252539,0.174525689378418,0.308898181914275,0.469935521378363,0.167808006843272,0.466535629661435,0.520545139385843,-0.0649061140143915,0.330504208973358,0.540605404706359,0.0229816251461327,0.455764257187422,0.364985627348833,0.0218930266871392,0.258652045398136,0.218261292498076,0.255423073281231,0.301321853527736,0.522457107843137,0.157930692770404,0.249299231300845,0.514855305769607,0.27221704308602,0.296917994878849,0.559286668481484,0.175969737714645,0.322200929162618,0.463049650887969,0.294098860820543,0.408245764554616,0.481578294287821,0.293587805628006,0.415195921434657,0.481340835683051,0.137642956782413,0.328589114462317,0.351336445309658,0.0976031171362165,0.309314657776386,0.392009188612684,0.0988358230289093,0.337337188638896,0.404687087738321,0.169638714484159,0.449523069701469,0.427999469368804,0.292566530887725,0.290282521610795,0.524698898376555,0.159252564795324,0.255707869624561,0.432638873811871,0.17781781145665,0.270657056816759,0.459553893102687,0.150481987162946,0.309710843241406,0.428993734480093,0.169246936696104,0.26882351378923,0.387039753622215,0.0892739574145565,0.3759319710126,0.336759401318796
"10","LIGHTNING_BOLT",1,1,27,122,1.65,0.69,0.63,2.97,0.195719015237568,0.224146910307326,0.123723759768297,0.208275373622542,0.389451045899806,0.463314195741535,0.260801332874759,0.400751545901379,0.539335790920142,0.194018570961538,0.485665760221363,0.544581524418364,-0.0607123966288045,0.35048640995928,0.520777484530796,0.0333980217001193,0.424802630155949,0.38646345047655,0.0425013960780027,0.264637564525874,0.24736318258284,0.3125165800565,0.37290422846489,0.5649600144545,0.197962292617873,0.291604102244771,0.537439823758205,0.295452889241837,0.363948586575517,0.55552855363237,0.189278363828602,0.366403420892454,0.468990287261178,0.281733397436113,0.436146550524456,0.476662586121902,0.279616829233657,0.448395179572843,0.46900570840058,0.128166223601466,0.342131724484666,0.368933451250957,0.0871352659857357,0.309241143531665,0.399341466431074,0.0820131564895689,0.341778077599248,0.399111959269173,0.157939478610798,0.44712132221138,0.434745816326726,0.300480069678213,0.321167437880325,0.52255218897904,0.17812050350994,0.26886612620984,0.436785367428141,0.191220391283029,0.317081514501274,0.458181992037086,0.180266727799013,0.349276806613056,0.438884046769393,0.189026426924972,0.27936289221024,0.394047293578149,0.112479859196802,0.377521027833997,0.342483705468869
"11","N-R-GEE",1,1,26,123,1.83,0.68,0.53,3.03,0.217070180536212,0.220898404360843,0.104085067741583,0.260818637139479,0.320927457544472,0.533728116,0.25975448867884,0.404941983654525,0.533321898227559,0.203714633911956,0.500372755752747,0.522223971502632,-0.0533116612434667,0.31519922016962,0.531179629308852,0.0365182711202986,0.397462851210175,0.342336579041454,0.0327840058208925,0.256880428,0.230705420267086,0.320017670763366,0.35433399321267,0.561417090874812,0.213155517632395,0.27932024728573,0.55414010184851,0.317933747679294,0.354353233830846,0.587897902003963,0.194778577301124,0.368105600755733,0.487309316444712,0.308692131627268,0.453845581144705,0.49350596554919,0.323471854034141,0.466406680105586,0.518149029655633,0.158221664368524,0.329942088197243,0.355265010039936,0.1031482574493,0.304754408880652,0.37986880967355,0.0703893295863433,0.356148559973208,0.349005762000618,0.174536289096639,0.448666455829644,0.415409927,0.284564844571963,0.29000619333755,0.499435615644107,0.169826124382334,0.27040065306406,0.427213463077709,0.186050861650853,0.300467787114846,0.454275273745862,0.185641262801053,0.377833470643159,0.477046959960455,0.190752674836381,0.268543562080951,0.386493993,0.118071382529898,0.335019200759889,0.318368953117579
"12","SW4602Z",1,1,25,124,1.84,0.67,0.51,3.01,0.218256356386136,0.21764989841436,0.100157329336241,0.273338456144288,0.280659568444965,0.538776200135227,0.295985665508897,0.469825458485281,0.545514243433222,0.190797168090285,0.494120191466692,0.507911995292845,-0.0465730806610524,0.292524588,0.520247399150202,0.034633918595628,0.387572920284849,0.362656798492546,0.0295044075846435,0.259283485004847,0.235877912249429,0.308948411157103,0.406252755384809,0.558921936012092,0.194269098179369,0.331202604944299,0.524788130096258,0.286370747604546,0.376674486775381,0.548322154895724,0.185076499058034,0.384213661307016,0.473770986834159,0.292886770679547,0.44225415897142,0.477474803225753,0.281354417443138,0.462074512734527,0.473111381843225,0.127903736899188,0.34549491139141,0.355722808109935,0.0764785276128076,0.334641584105071,0.377329449234262,0.0410863129972318,0.375150491939693,0.362797767211877,0.135330803683154,0.44235186757948,0.41403779189217,0.271074324418159,0.317582879056795,0.497052088615619,0.161052243673875,0.274667135622242,0.413210941717796,0.176220722560529,0.313130852853305,0.43128053526148,0.210780418718058,0.405770418,0.487371670236722,0.202616348289217,0.268595112333835,0.370910528182271,0.142493449454613,0.297697944229595,0.337369699436868
"13","ONEIDA_VR",1,1,24,125,1.96,0.47,0.58,3.02,0.232490466585232,0.1526797794847,0.11390441375494,0.222919028978882,0.363055791461078,0.492355842,0.247066355281351,0.357958221024259,0.525930976164051,0.177349820442707,0.467052939586216,0.52354404210995,-0.0509363523746079,0.358876449998554,0.531582019252203,0.0104767351983305,0.457827125864568,0.412407166836181,0.00336032906534992,0.26904801301674,0.24916714927884,0.270300745655961,0.303157339324619,0.524026808907324,0.153433904162844,0.231476331661018,0.48156230614464,0.256192317876184,0.306232578668854,0.526520244,0.145155802107668,0.277757366,0.446937555248278,0.259274899636387,0.371345494771949,0.452395727929088,0.257785083854319,0.367926303648394,0.455221292103902,0.113197089817149,0.299739937660795,0.371706533256381,0.0485496650682995,0.406420219920097,0.397162866668158,0.0319573482094956,0.392687282198541,0.369189255488777,0.149098264017679,0.445154673891414,0.428197818289429,0.264247317794971,0.272523060299389,0.488416350411132,0.145814095801265,0.264960623653019,0.412774841980787,0.16961136045979,0.256505736737717,0.448820014561522,0.202246877241099,0.388603222110762,0.499267104101915,0.192431392150041,0.278255983560928,0.403845122358295,0.158078453509644,0.324321052988669,0.396886084537621
"14","REGEN",1,1,23,126,2.04,NA,0.56,NA,0.241979873384629,NA,0.109976675349598,0.217088827089171,0.352189472154237,0.486149909509476,0.254124592391081,0.368360551767877,0.545078616352201,0.177049342391988,0.445147019067156,0.527917879236041,-0.0287843448099458,0.395438052567783,0.504246182258955,0.0178625890243074,0.461127078824522,0.414491813207017,0.0140813957381251,0.269937017231135,0.250426243862776,0.283101627612047,0.337866599631306,0.547302874141109,0.159796741844065,0.251690005967502,0.506944827732609,0.265640185902254,0.313442191165676,0.556125711845786,0.164318121594841,0.314112010307203,0.481603578,0.276517619004815,0.425798164010059,0.478596110575378,0.281650995243705,0.422442261841216,0.493261386971785,0.145678147485306,0.31831143433171,0.365254994654971,0.0612023440422132,0.371503055728005,0.393158254996247,0.0487340356248685,0.402797919167667,0.340949298237814,0.165170875549903,0.454523207132315,0.433413903195687,0.283575510251065,0.289150590343664,0.521955513388151,0.161575488976741,0.246124831829503,0.433995759503903,0.191212047832427,0.290863127069009,0.467410109498345,0.200452779971382,0.386631360635942,0.477767922,0.175900296068418,0.231744677793036,0.368005257503634,0.14388495671416,0.306704424278035,0.393116172662184
"15","NY2003",1,1,22,127,1.6,NA,0.42,NA,0.189788135987945,NA,0.0824825065121982,0.254918043785188,0.298750090657907,0.507776576804209,0.244574680075745,0.375868611595582,0.527514269858887,0.16700486244236,0.409721069287407,0.509060318369035,-0.0181685769551449,0.375862001487222,0.469925547,0.0189175023585729,0.43102533077341,0.373605051650146,0.0104334271169447,0.263845889232886,0.249134940738656,0.252782969999179,0.316807451690938,0.502232859,0.133414002965261,0.260130483084609,0.457780867670056,0.247855972823868,0.306371721784181,0.5201563,0.14291566432555,0.297925178043195,0.446464359387915,0.261321564030668,0.404285515481304,0.451884598420145,0.269027379865801,0.392172457752184,0.462367154612459,0.131376570195646,0.333500259391953,0.350014399610837,0.0464120022948123,0.395498549362689,0.37157310242469,0.0455493142297276,0.425382332498804,0.357266782586946,0.145335121992276,0.449424059947611,0.418416661714061,0.265719478877076,0.295984682997868,0.484660633484163,0.137545942708136,0.242194856831047,0.388301005793917,0.165377485516891,0.280723180437348,0.42184391554317,0.175115562445093,0.351922557258197,0.423615093096062,0.152081248532504,0.195282202860694,0.315372105339626,0.11736383741971,0.28126564166177,0.349870650257883
"16","NY0651",1,1,21,128,1.79,NA,0.43,NA,0.212325477136513,NA,0.0844463757148695,0.239291056759664,0.30855827,0.524245013643908,0.232043651669164,0.336081206067333,0.545857909201417,0.168735082302197,0.358841976368812,0.516628341523146,-0.0125696829130697,0.368443701748844,0.441375503951797,0.0321412332024462,0.39559865366454,0.329795411404998,0.0418894690178069,0.270679994283866,0.235003798220477,0.274077093520068,0.304567962334506,0.540018539467069,0.125053443829337,0.26230060170345,0.488139413109163,0.243519711017471,0.292441840939948,0.528944357287814,0.126536088779082,0.246050938687406,0.446058750816518,0.22904116139945,0.359877748765812,0.443081589667023,0.239176735950524,0.345024146094864,0.451257857685617,0.0973954463492835,0.326638883336261,0.328388667793345,0.0591939815786747,0.379509062,0.380591943878789,0.0664696804106398,0.398969944901792,0.359062705175287,0.168998183258287,0.44399481103917,0.430288071512758,0.28372588484446,0.298752503689648,0.518815227703985,0.147977932088577,0.235111167077003,0.423791245294161,0.168984768920691,0.278444929828526,0.441164043082022,0.171010088351832,0.307777247885456,0.448804398471717,0.156962729715456,0.204334837,0.349533276779758,0.120611879959095,0.30476056720266,0.350647262365154
"17","NY1517",1,1,20,129,2.25,NA,0.56,NA,0.266889566233047,NA,0.109976675349598,0.268836433612489,0.262943024722119,0.52875739,0.248456475074264,0.362039929179219,0.532887532371439,0.179670240606461,0.396911406898526,0.531449835,-0.0208764376878086,0.423451632515123,0.480271015964559,0.00345656168780234,0.453859797114615,0.412446419097131,0.00738601825075389,0.270047721800044,0.253998561466054,0.251637867852573,0.312040048391151,0.503713261479806,0.122043157766569,0.257900217707677,0.463317199849987,0.243826390650258,0.300938772866622,0.512930285889741,0.131626065032748,0.268784474775537,0.434944134262856,0.236427836135418,0.377386101499423,0.443566117382343,0.245100525794677,0.360386692017762,0.453512505869027,0.105596106777334,0.33842174041396,0.355679181389425,0.0753391347236909,0.358714514080008,0.398842100552659,0.0322071126279951,0.453603291760304,0.376327041167122,0.166598901899699,0.448961763888522,0.426161940438331,0.258135006172975,0.29764013902975,0.488685873,0.14341609118591,0.215295912415309,0.404713727227069,0.17808822575651,0.282441431117902,0.443116246498599,0.181646880160206,0.311872686329434,0.457293678255616,0.173100643785068,0.242034408111637,0.354330540544904,0.141413678591997,0.322107877060859,0.371165479340525
"18","SEEDWAY_9558",1,1,19,130,2.04,NA,0.58,NA,0.241979873384629,NA,0.11390441375494,0.228408932901336,0.308749833306428,0.494690838989217,0.23998069931659,0.340944453252999,0.53934490777443,0.167959636755382,0.388226865766582,0.513347168551119,-0.0209609473854492,0.408788787868991,0.492822709227751,0.00651218898206122,0.429780103592926,0.408274329133379,0.00870213287854311,0.255583075335397,0.243411451981111,0.26469318578902,0.311718520384599,0.513822847126002,0.113829010351085,0.265912473494149,0.4701882,0.233034675837199,0.297057384245599,0.504608467,0.140341810678171,0.291368072775674,0.446633106679077,0.263441483685011,0.422366102702358,0.457635336102443,0.252924268168265,0.3882843817574,0.457089448355407,0.128220557272078,0.342562016562288,0.359417668795024,0.07334485349054,0.343343582358941,0.396198187012268,0.0447567808547298,0.432910777459518,0.390291195590219,0.176533585373237,0.438905088447036,0.432680121228819,0.280822687908733,0.319806688804554,0.508610188699136,0.148530580327569,0.235421777775848,0.425206506903344,0.203268444220259,0.312327332981848,0.472773467901885,0.189121835085437,0.347477563574449,0.460595595100785,0.175600809305697,0.230009222502907,0.363815606182983,0.136706513332534,0.31230151299274,0.356876314539657
"19","ALFABAR",1,1,18,131,1.82,0.55,0.46,2.82,0.215884004686287,0.178667827056564,0.0903379833228837,0.232122196683695,0.321702487786124,0.498033589332433,0.229249537929613,0.344365784049469,0.534139051847154,0.151672545619048,0.375205699473626,0.509319211869663,-0.012586107861479,0.406125061613063,0.492692704956668,0.0194662055519234,0.377630060524632,0.348805984011929,0.0155865425621854,0.257984160292425,0.244567291179354,0.253033539946213,0.304648352396514,0.490860409,0.113033838441528,0.254847121093114,0.453242853739595,0.211212789737627,0.28076181292189,0.476121681851111,0.1069669934709,0.248441089635768,0.411031807985078,0.203923709464048,0.392125727952675,0.391368468474843,0.201420696420978,0.348542651821057,0.404257436934419,0.080019068400134,0.335873206248826,0.345502169563119,0.0558708272044376,0.365761230319439,0.383480635,0.0536805855371656,0.435361946929309,0.377200686726303,0.159754799436021,0.450385983172868,0.428788017939416,0.262486828018345,0.31449894882522,0.484146277045301,0.118355668231972,0.240511537899282,0.388294926740165,0.178468217910529,0.269561647962642,0.433468152946198,0.160116815156322,0.340207206170139,0.420959945622084,0.16127094115159,0.195778166258137,0.343663994692504,0.1027446902376,0.280663505690845,0.336775587038367
"20","SW4107",1,1,17,132,1.62,0.5,0.41,2.54,0.192160487687794,0.162425297324149,0.0805186373095268,0.228668761928576,0.303107402130402,0.503375398602347,0.228500396270219,0.333750594577454,0.545359917551926,0.129104222658225,0.363473116740613,0.504825151471781,-0.0134657757954235,0.405764268869393,0.495496388982292,0.0222603480031235,0.343975549886291,0.330865260546994,0.0249336541364877,0.250381075585841,0.234116669299097,0.267312031473362,0.307629592969666,0.516700969917882,0.127072245220054,0.252343718673563,0.464643023093996,0.199241790783685,0.2746123528932,0.473312919491261,0.1045248958781,0.234581531285474,0.386464705,0.20169728943171,0.359160923289277,0.386100317658404,0.188074505452458,0.344498521090939,0.386318259555343,0.0543447693307214,0.337163297020298,0.325404870910796,0.0444571930887349,0.366148992236411,0.385673621332121,0.075830505440471,0.421464251099679,0.405696084940102,0.183734226277132,0.446352624292198,0.441058519219911,0.268100110434089,0.322753840221433,0.495861989731237,0.122000709412445,0.217204445814644,0.383634463603113,0.168778343430507,0.270782658517953,0.40086427298192,0.148113632338731,0.310092036814726,0.40267690637899,0.163067797479116,0.199368537152731,0.340272342437626,0.103267996507285,0.288825596831407,0.353638930599987
"21","GUARDSMAN_II",1,1,16,133,1.89,0.65,0.45,2.99,0.224187235635759,0.211152886521394,0.0883741141202123,0.218559657367483,0.32079898913176,0.471842326122223,0.226912499277722,0.361199329,0.542683923,0.164007511704478,0.383528298586263,0.518366967224846,-0.0107126842572359,0.422070852707386,0.487864625612356,0.016472835002326,0.354614287477369,0.340162679827625,0.00666884840338183,0.235623492444896,0.237311646103846,0.264367986038611,0.319623194566906,0.516678475,0.163990017235057,0.252884921561551,0.495775928559804,0.236523071204245,0.304071733905209,0.522643652518507,0.129589690186433,0.26116207081939,0.426486219563318,0.226100571937904,0.394149843264625,0.419800312763142,0.232451335444704,0.377616559594907,0.445041415733583,0.0764946923505308,0.322979997199023,0.303829982740745,0.0476455360255408,0.366684566561505,0.382881858207972,0.0909207985745936,0.430845497,0.42568656310801,0.161303679263206,0.443871592352788,0.434850734465006,0.274112534274182,0.30617765654649,0.513730497575374,0.145248260411007,0.231573677017209,0.420447680724972,0.184875189582387,0.303174035299139,0.42850869925435,0.159835332289393,0.333670581737252,0.440485187170698,0.175967226902169,0.217675023160408,0.345091061150246,0.114071447065062,0.272865594680779,0.349004545762942
"22","SW315_LH",1,1,15,134,1.76,0.56,0.42,2.74,0.208766949586739,0.181916333003047,0.0824825065121982,0.228195198181702,0.313966698718624,0.464453795,0.233233388279972,0.36645380793827,0.53062324929972,0.152917753688146,0.374670578693765,0.492595773102428,-0.00517386000524974,0.375935983262177,0.471451052850264,0.00622568841272351,0.35202293752489,0.335284447956069,-0.0212383796757003,0.240332714085506,0.269872841093988,0.187381313602048,0.320221242877493,0.444247004357298,0.102855827712656,0.299031637194755,0.427824833770871,0.177091609722845,0.300341590024804,0.466977072208869,0.102243032696064,0.288587020207574,0.380616425061551,0.210269325212194,0.358913107190803,0.391461275927922,0.208073339608554,0.368651628,0.409091575137581,0.0645517125737249,0.283885904,0.277507448508355,0.0466756014102141,0.370395132386309,0.392755518494165,0.0758388692731861,0.442821720863005,0.424819565996397,0.126698779986492,0.440550013963151,0.415992249652199,0.204869041095746,0.315004067359703,0.449713303963827,0.126072958718615,0.218577154047564,0.40470142438019,0.15355619056744,0.314122668273455,0.388160478019633,0.143293136713035,0.312437303688599,0.410353292001732,0.181858425063134,0.227275174803143,0.33158100570587,0.108891554150932,0.266619852093086,0.309335911527241
"23","SEEDWAY_9558_SBR",1,1,14,135,1.88,0.6,0.47,2.95,0.223001059785835,0.194910356788979,0.0923018525255551,0.245725790259288,0.297085260544977,0.510596798,0.232158553641612,0.330937714708525,0.53389448232123,0.167105725014651,0.374235644,0.503002083233942,-0.00400066557345751,0.417998558155074,0.475867361610964,0.0159465611339593,0.344621934,0.349111978838645,-0.00942713276569334,0.249734375274211,0.246772766132409,0.259410346993643,0.308746412560751,0.504865562678063,0.136063111311638,0.25697667013395,0.458851244094414,0.218380376612317,0.283702269750572,0.498066202257757,0.111414225296925,0.334462125896667,0.399269025088352,0.212163631124686,0.336025394,0.403314732353887,0.217078334373311,0.338286265717988,0.422654521400746,0.0598261442255832,0.250315995000616,0.261342504255332,0.0509013839981072,0.378845431921976,0.376554618297173,0.0809265104526084,0.447261067502624,0.418808926189825,0.156588567754669,0.443955754344749,0.423950332821301,0.243150957638784,0.27823265865486,0.477682769344297,0.126434944963729,0.228674028111281,0.413556868824152,0.155437938986823,0.294539470333588,0.404306468041762,0.147734467097081,0.309215521825168,0.427091165233217,0.183891268314283,0.22313728614703,0.341039929636104,0.107340173329292,0.263489653300767,0.321648551462107
"24","FSG_415BR",1,1,13,136,1.93,0.65,0.55,3.13,0.228931939035458,0.211152886521394,0.108012806146926,0.239434354623463,0.297652872722499,0.514260345458126,0.240355459788119,0.330525210084034,0.551465699487342,0.168165325713287,0.380307534445313,0.527992735924093,-0.00206998182446606,0.393599997237359,0.458211144032581,0.027771604241549,0.326414407368624,0.297215772754818,0.00680415668323771,0.272937799043062,0.222370078493917,0.28845854803709,0.354358071959882,0.545332920808034,0.142734044534221,0.237616372183422,0.490095244160457,0.250948260068179,0.333817075567997,0.537877549860384,0.143988650106272,0.284196727368324,0.437338387462728,0.24493845196119,0.395629807318091,0.442717996617629,0.255339167802694,0.396358827506662,0.456188182543221,0.0817287456801021,0.21099145424132,0.266379768720862,0.056156709749991,0.356778622271365,0.375393277275939,0.105226291181755,0.414359326526309,0.423894942923406,0.185468284523554,0.447141388250376,0.431076798610459,0.269559172234707,0.317358272221355,0.50763275602018,0.147322826635656,0.243548459466462,0.450424013999192,0.175943343446957,0.351334502166871,0.442411294781957,0.186524181752117,0.389364859669358,0.488436975,0.204101329191799,0.265444984463389,0.385499684164426,0.123854522091957,0.28965814128093,0.368447911906161
"25","NY1615",1,1,12,137,2.14,0.72,0.54,3.4,0.253841631883876,0.233892428146775,0.106048936944255,0.221444508258228,0.316423002,0.481528246664374,0.231037909684619,0.300025500766344,0.537484673114529,0.163393010467551,0.383197843614331,0.526532290126107,-0.0135485496559053,0.431574639209573,0.449963601122648,0.0218304740732575,0.334117977864042,0.331378656192865,8.53832783715738e-05,0.298255952425722,0.227015877313718,0.285740148153823,0.327759578724652,0.538889019817329,0.140600893519608,0.245048506591377,0.49157237777825,0.254463003860575,0.310290677305585,0.544102052847251,0.153986200645181,0.264953406659179,0.44575179423573,0.274607018372062,0.387209167659349,0.487677028381266,0.27341742129166,0.384792042150478,0.491108334013652,0.105470824961472,0.261456888388143,0.282583425708869,0.0524849024181918,0.367312942764251,0.381483011373715,0.0793972306389843,0.433023451009252,0.411573509570638,0.173278146399809,0.44516571416886,0.431974274571152,0.258851596839743,0.285937235885734,0.500522153904665,0.142593183479876,0.226366303515575,0.436188606984833,0.169264382004174,0.316055230844624,0.435256121120847,0.189565636267567,0.370005974992737,0.478857734874772,0.218712306043747,0.259019852596179,0.372474864643757,0.145152316763874,0.275975087593306,0.365266262
"26","REBOUND_6XT",1,1,11,138,1.74,0.7,0.47,2.9,0.20639459788689,0.227395416253809,0.0923018525255551,0.231251220334771,0.300505199688675,0.49784053506625,0.247091153432662,0.339675624966968,0.546188494265631,0.17564991739008,0.395387942687213,0.530982936564731,-0.0166506528504501,0.463582894905176,0.384849575837033,0.0460762679084801,0.324380090106252,0.314576677468729,0.0402950642003239,0.320660815,0.237325852,0.30904579941021,0.392991138763198,0.565845745349422,0.148189067393147,0.279002177076773,0.502037324011765,0.25633904082169,0.339321991323729,0.548444514953918,0.156275876181038,0.28064929609712,0.450480656,0.292154943138165,0.418917101556148,0.49610171214098,0.278641018099407,0.406600141925031,0.484562617616706,0.116690350864676,0.287866700588175,0.283972188401671,0.059059340959983,0.338960746354371,0.388283539,0.119292574532086,0.36558195732877,0.411394300009822,0.208636740615171,0.452020521470237,0.439942195516199,0.298571901562398,0.359232421463209,0.527326982,0.166774931474541,0.26708655559367,0.45186894718026,0.189437587824206,0.341355767819656,0.455177734,0.190330666197887,0.354233090496473,0.459632291272673,0.188536048223335,0.233101026244296,0.348424805876989,0.122229466314152,0.254533143361151,0.350036230409119
"27","NY0465",1,1,10,139,1.8,0.69,0.53,3.02,0.213511652986438,0.224146910307326,0.104085067741583,0.218164056624848,0.328005645108354,0.477542408642079,0.221338182750588,0.306518947201522,0.527673220231489,0.153025010933343,0.37915605171509,0.52865750679834,-0.0292630734006881,0.452946678396546,0.367123326521155,0.00618324002488234,0.37024450740378,0.346885048244105,-0.0092149232099626,0.308705256903399,0.235885167464115,0.236274557686118,0.323722138428021,0.498492489944696,0.108479654611188,0.293793326304418,0.448930213249741,0.219437544589231,0.275977162141942,0.518104609216269,0.120152487933629,0.262085148106833,0.42804236563571,0.237008389601714,0.374441755530553,0.450845828527489,0.23972864455006,0.366649711021379,0.456625052070577,0.108831509716121,0.298362025614893,0.31841792296432,0.0507512492098521,0.356002431402382,0.395356096032936,0.0355421130730509,0.441444265673889,0.391978893851175,0.13475309003725,0.442799966513999,0.417604306657643,0.23422402851213,0.313596866548343,0.482878528566599,0.151634305406074,0.282225170770062,0.452606366726706,0.1863409580474,0.32335723214179,0.464491051000271,0.176147920461445,0.328452761938799,0.467928045009774,0.2011277757571,0.269560584970184,0.354286172546728,0.121360285580713,0.259281498066355,0.367209715720198
"28","WL_349HQ",1,1,9,140,1.74,0.67,0.49,2.9,0.20639459788689,0.21764989841436,0.0962295909308978,0.23655348333772,0.301309802049922,0.505424150330697,0.245815369394009,0.317241179833855,0.544590320519288,0.158573095395302,0.393399169886933,0.518300653594771,-0.0267394341531647,0.477449307126015,0.362195529373194,0.0280245258654678,0.3367933014488,0.329940925822019,0.0288397246378693,0.315785220627326,0.229691841010726,0.283112518393256,0.384149672155187,0.551154657910173,0.142381889690849,0.247129820290922,0.484907173503348,0.238294455450373,0.299183086496159,0.535822694627153,0.135676863709963,0.238571966835709,0.434194169868137,0.246336409830745,0.386621357800594,0.458758295989563,0.238052332166639,0.377386611738749,0.448672854,0.0999810283061912,0.303101124320033,0.319179636296222,0.0607792716301271,0.328838088660806,0.395000140816959,0.076807816667882,0.390521833656804,0.396384104972788,0.179800012757786,0.444013051486533,0.433871235197175,0.268022228799061,0.345657547965423,0.517476413,0.149819262268216,0.274578265645965,0.43183745189225,0.212124039530247,0.326234525,0.466003740518955,0.170425909326231,0.296699621024881,0.443587960674466,0.17531954711882,0.2263384476304,0.32779368672548,0.109647053646536,0.268416039079992,0.353062487278648
"29","FSG_421LH",1,1,8,141,1.62,0.56,0.46,2.63,0.192160487687794,0.181916333003047,0.0903379833228837,0.24556975998741,0.281297999831209,0.497810176198648,0.259323397419109,0.368366893927382,0.539508086253369,0.161106684488352,0.398232590684287,0.523261453811046,-0.0219691048213382,0.437123819992864,0.30978157353948,0.0218062439192476,0.275053978505295,0.295641259553591,0.00938887831280834,0.295591933231546,0.20631908561916,0.260474385320313,0.395556482764412,0.518381828105975,0.149334354214974,0.223640388430122,0.46052261636039,0.240549698708686,0.301295115550502,0.524993043461573,0.130714812480981,0.236024053298092,0.406929770337897,0.22764289705596,0.409201628443992,0.42269691,0.227108998303313,0.401859050441998,0.421203453,0.0983931559358214,0.322842225192654,0.305522013594213,0.0604179763273456,0.328791110713336,0.393999557474822,0.0521616989110811,0.41801028559572,0.410001511715797,0.158749414741671,0.450865961724907,0.429501171340081,0.21872158272077,0.320521942613252,0.470322536342123,0.137916501604515,0.24594288294782,0.380856046559762,0.20047865776902,0.31640869559669,0.446383364279653,0.157522729328664,0.306662610249579,0.429266501120996,0.183692813730291,0.229344432,0.326105307339519,0.118901251350867,0.253941290722726,0.354461682009097
"30","SW3407",1,1,7,142,1.59,0.57,0.49,2.66,0.18860196013802,0.18516483894953,0.0962295909308978,0.252125006947249,0.278943618970079,0.510008399016449,0.272188481396677,0.379658316156651,0.552833492,0.154607580588164,0.39073358459361,0.527709714867293,-0.02045161278047,0.454780593454542,0.349227585254322,0.0303078422764869,0.261506359730317,0.306665216213018,0.0334634978312448,0.31039059323889,0.223252212527754,0.289346433838393,0.424051685310876,0.551507510055304,0.175204496924322,0.258622097,0.482372400421735,0.24271049477291,0.316574192681722,0.523837898261825,0.140414438545948,0.279109705729115,0.412392440503125,0.233199108615118,0.392689574326061,0.434691942457243,0.222996827590878,0.389647062955737,0.422206278786639,0.104030743610278,0.31582037881696,0.346363012601372,0.0612824814522482,0.321226362,0.402176884214565,0.0984865587153005,0.342674656027013,0.443022176367174,0.190397304269385,0.44560239396305,0.434518069522891,0.258530523878771,0.358676075268817,0.502947765127556,0.186349095549867,0.286657200711539,0.428385707276193,0.227018649282218,0.327246465977067,0.474827741741889,0.176738759315274,0.315655736804526,0.447202834074806,0.183878866210352,0.229600745299049,0.340745705235059,0.129244377797383,0.263948961937716,0.363573698069683
"31","SW5606",1,1,6,143,1.64,0.54,0.47,2.65,0.194532839387643,0.175419321110081,0.0923018525255551,0.284973453498176,0.26522491349481,0.552365764574601,0.28290402032638,0.42906294593309,0.548564425770308,0.18092114169154,0.434062306187682,0.533540861600114,-0.0176771908721608,0.474700346100678,0.353898982076808,0.0322466622281628,0.255700336959866,0.304121538672678,0.0349156034237582,0.316432573972244,0.214048519014833,0.297465073476917,0.440104297595106,0.560451100846321,0.204324067077378,0.286128978236308,0.503468580984661,0.264806676765278,0.334624850674304,0.548778287923929,0.148405621332235,0.320797870774164,0.411990656693582,0.231634836121624,0.398931211828994,0.423486631875508,0.23543350842921,0.395928133183454,0.427336163460794,0.111616933935528,0.343102387450503,0.349594895922398,0.0645637895898093,0.313270037316309,0.389648639980907,0.111342770603784,0.327414544868604,0.429507002113982,0.184322758074033,0.45309347782829,0.440418280244703,0.260912246307464,0.363881773139363,0.504783496732026,0.196086667841028,0.284098498039505,0.434019253231668,0.221685476630328,0.339053320323927,0.477457051029209,0.181649096397539,0.309031910803537,0.460773219091558,0.19495657049596,0.225547218329607,0.350123183685075,0.140907261666179,0.271155980731393,0.351325055973947
"32","EZRA",1,1,5,144,1.89,0.6,0.55,3.04,0.224187235635759,0.194910356788979,0.108012806146926,0.240865152005074,0.29329502724093,0.511715123639126,0.271440096229189,0.376496089001638,0.561182944876064,0.179567031729231,0.430401380341269,0.529994116056804,-0.0260073907946495,0.494640822161905,0.361441246687709,0.00913828315282772,0.287328378889029,0.325584093867253,0.00309065016586917,0.32709698122952,0.2112427326128,0.250809145419836,0.328900171499995,0.534309365320828,0.151690323463805,0.252000646282812,0.487509641171517,0.221740973060376,0.264441876075406,0.514765679656626,0.13864031133522,0.373932747395371,0.412202383067009,0.239203956980298,0.380992091290985,0.443470892507129,0.224146844432789,0.378832028167304,0.429567924105694,0.112872036203844,0.309970803273426,0.329783185027692,0.0611780977090448,0.326777752879707,0.392062943956075,0.0733737335924731,0.360701475351442,0.434757088302157,0.170053584219276,0.443540653611538,0.427281975446499,0.235401749148731,0.306185832423155,0.494791439122068,0.204944637254246,0.285594090001838,0.465428131834412,0.217701679263556,0.341381673398289,0.497257326620853,0.187859447866004,0.295463171569998,0.477723582583718,0.203847981877521,0.257970226573619,0.3737001921051,0.133105351903852,0.269038469366986,0.354138815387747
"33","SW5210",1,1,4,145,2.11,0.71,0.48,3.3,0.250283104334102,0.230643922200292,0.0942657217282265,0.303045649229138,0.27033217057256,0.565504139849473,0.303772071538464,0.461016595317372,0.559964721737752,0.222495134584073,0.471481004405006,0.535942623602563,-0.0219931529882605,0.465268610264552,0.337339983290027,0.0165040119787456,0.331919777189962,0.311861657257803,0.0221110905785935,0.298328923914063,0.209979297620164,0.277554942955577,0.384683074618736,0.547105957767722,0.149456833010861,0.304155197505443,0.480265730735937,0.259654972010997,0.290396019,0.542100970557051,0.17673687936541,0.277064009581276,0.435833755488772,0.267076776571279,0.406435349311143,0.473835334687225,0.263389768063289,0.402673235409249,0.472262552934059,0.12944451326162,0.318196979712714,0.329218874582125,0.0768578766463244,0.299573510144517,0.393098223186828,0.0913993338325639,0.354587268490126,0.417579719242045,0.167004745694853,0.442618741485665,0.424277525217737,0.251318096833442,0.337104021716213,0.486042457305503,0.257423502954873,0.339363184887482,0.472719736254532,0.239018702655828,0.381976184230309,0.477620108969508,0.21151487268811,0.30934559297345,0.477495654434102,0.215797827279265,0.249862547733352,0.36132266626673,0.146101253480964,0.272370445756157,0.327363186104892
"34","PERSIST_III",1,1,3,146,2.25,0.79,0.54,3.58,0.266889566233047,0.256631969772155,0.106048936944255,0.277681453430386,0.262833361465102,0.548274233174858,0.304168915137618,0.443194070080863,0.570806247027113,0.226649964602527,0.478339455814767,0.538775185662262,-0.0128919154909728,0.476551197879695,0.333819821594554,0.00696522087018094,0.459574584489561,0.332105282577634,0.0221424821960494,0.334592238171186,0.208996716389905,0.256221907493294,0.359424622,0.547556220672029,0.0646801063815345,0.408886625,0.436868193686713,0.247084097469108,0.282515220426316,0.544031769791352,0.195679435029461,0.225431244550289,0.470790990091216,0.29346151622147,0.41860027,0.505655099551875,0.278335457284657,0.435765317122899,0.485162659063839,0.155312939073265,0.322956219125027,0.330612255179036,0.0827748183197836,0.298569537184518,0.397030566191516,0.0958598404165724,0.333544049878016,0.414202463781211,0.180836078114096,0.447259867346867,0.422932031724791,0.241861012665479,0.328121830628803,0.480257459,0.269443666382557,0.376727355886623,0.49067835002902,0.234301215896781,0.401086172221142,0.481042690103729,0.209617559749903,0.312232767616851,0.480196957214258,0.209587408905761,0.260577419292685,0.398088426670166,0.139466982001583,0.289956148941263,0.364648076211617
"35","ALGONQUIN",1,1,2,147,1.97,0.61,0.47,3.05,0.233676642435157,0.198158862735462,0.0923018525255551,0.267536803414101,0.257711537066801,0.542044914851754,0.279424483441928,0.38153585962687,0.562323740817082,0.22745655665447,0.488026016570456,0.53025730324571,-0.00969047047091953,0.494221239509142,0.320557723637986,-0.0178273889406403,0.574338911313191,0.339251218401004,0.0130595346823068,0.338187283607984,0.206792672317616,0.20013738590865,0.307194703,0.49244880232607,-0.00205790155951174,0.46821927856912,0.369927210629229,0.213607496409624,0.270907756300465,0.51588705460163,0.189159635810585,0.253715045626899,0.460621605811065,0.256568779907825,0.405833409990966,0.470441878182766,0.25058949907978,0.426313696184142,0.457641658136512,0.138198248186278,0.316284348114722,0.333339812464053,0.0935255301318248,0.289810484863401,0.403048078620316,0.0875255625468753,0.358911101407187,0.403116261291166,0.17033144111403,0.446280358021345,0.415180642149333,0.217214754885324,0.30887834703774,0.458730629348514,0.252751060376007,0.367375889604384,0.477733294543181,0.222739438528885,0.404092826196538,0.475676065414776,0.193166605359267,0.316407439688204,0.492974285604653,0.186380532491909,0.250751782401006,0.411777412210469,0.119522957381625,0.327467710169528,0.376346815085635
"36","ONEIDA_ULTRA",1,1,1,148,1.74,0.5,0.48,2.71,0.20639459788689,0.162425297324149,0.0942657217282265,0.235349968017473,0.323960296696393,0.498462833244249,0.267673885626753,0.349356138681888,0.554208947730035,0.21645479194536,0.460913283399329,0.526785935785506,-0.00905661774011107,0.488021059330614,0.328015636813897,-0.0293919915428488,0.596919822,0.365381106696134,0.0125099255094926,0.340725271288739,0.218031710291772,0.187209990901917,0.314908035863918,0.472717262652924,0.0110666438596229,0.474085238570347,0.374581508291997,0.178916133019976,0.309279422559334,0.47164994698638,0.186232588053489,0.27605684585888,0.43622941,0.214308018574807,0.375001120380788,0.42997502140517,0.20497233798314,0.414657841357959,0.415887439634763,0.0937485251292041,0.291320197,0.329096503716332,0.0918607566717018,0.287893904829777,0.400591553676363,0.0830701425407911,0.345509532158258,0.413731262160206,0.178198521949767,0.430128754598379,0.424239130989372,0.209132750591638,0.30426716214503,0.448843311570318,0.248731970656618,0.364493260211001,0.474232049060859,0.23168586399923,0.401218782613947,0.47093259453995,0.215083500213737,0.310306255835668,0.471606524962926,0.178219267393111,0.225139783,0.386537228760253,0.117653476944735,0.344380018933211,0.367991991469174
"37","EZRA",2,2,36,213,1.72,0.73,0.62,3.07,0.20402224618704,0.237140934093258,0.121759890565626,0.262763014492449,0.305489190068105,0.48313400291509,0.254803994457357,0.300734633476032,0.556006817821468,0.198541226553389,0.478113957667414,0.522214111922141,0.00873971472248175,0.483233420396278,0.427130126835653,0.0270758924574083,0.50011010572531,0.46963670123999,0.0551485304186598,0.333067227772777,0.434340706494828,0.268297626426782,0.346490594100888,0.512290514496397,0.191370896730212,0.292483896000359,0.475512014020091,0.29457752674307,0.377563964171428,0.555269817738693,0.249773057944074,0.245859120871064,0.531266243970388,0.289570783454498,0.407103706960123,0.481748586609186,0.300304859222838,0.412795650981648,0.493356317652501,0.231479780617734,0.333120920080523,0.362374081544882,0.0829756170856237,0.264585147116987,0.396707454604898,0.0485244485116041,0.446199522369968,0.396362219608805,0.164174547079321,0.446642598551638,0.423041762077755,0.284440903145981,0.30775716806119,0.49054074754902,0.167123391657494,0.256423026876655,0.410436577376946,0.234105111762955,0.283135999598303,0.496799979915141,0.231161295123573,0.402088616268425,0.479777116325982,0.21486136542099,0.325738281927383,0.384825936323591,0.143827669399526,0.301942286348502,0.398375851450458
"38","NY0465",2,2,35,214,1.57,0.77,0.74,3.08,0.186229608438171,0.250134957879189,0.145326320997682,0.219300969073028,0.335290015097383,0.454658855412084,0.25634249117722,0.295600787484805,0.55590521114106,0.180713502196667,0.461702845,0.517695402573032,0.016179500520882,0.484014439,0.433640907343329,0.0230615681140837,0.504568674527108,0.468855452115308,0.0532968051756893,0.317490241205803,0.440469224,0.233351313977358,0.354118092215519,0.496708066239316,0.170430655457238,0.33544601769494,0.463900387533818,0.270407304163487,0.39755909459453,0.525595144,0.236154732247935,0.248704494480483,0.509033131310261,0.290729060435815,0.41698515230586,0.481829064798533,0.286139539796188,0.410708222650649,0.472812669425622,0.214969054852072,0.330863987097559,0.341553257,0.0727462389917128,0.289999676807454,0.39891059251138,0.0143574541133539,0.473765323619942,0.39098896001155,0.135354891269785,0.442301638323818,0.414126780038063,0.266312319659192,0.31465238245836,0.488390259329538,0.175307775501598,0.258960018642432,0.428896492530725,0.240923300852263,0.3216294881589,0.493246243952126,0.221858581291864,0.381556348566824,0.466504848514748,0.214488172158793,0.330643966082436,0.383095792695215,0.137531120678096,0.295483912210833,0.405298170877674
"39","SW3407",2,2,34,215,1.71,0.81,0.56,3.08,0.202836070337116,0.263128981665121,0.109976675349598,0.293192798153112,0.327135256918661,0.5175895056746,0.266799052472992,0.337238085628763,0.562763797800424,0.204693526602122,0.47274191752938,0.522661927707011,0.0316405078631784,0.453826192,0.39935065929522,0.0706718771282164,0.484757386180739,0.438071990849419,0.111599372108468,0.305864840354004,0.400929418019201,0.323190805617486,0.454883499874309,0.559516140858053,0.230099574583909,0.23996811042473,0.515393442352281,0.332189183256665,0.47389420814757,0.576329969911284,0.228448421553154,0.274944999606389,0.489629999537282,0.284942689945101,0.396270900998436,0.464649509509085,0.297938447795399,0.383194024914332,0.474167969739406,0.20277289848273,0.308605143922838,0.325111560476408,0.0846925358170008,0.28183764952714,0.371825509563811,0.0490193696926941,0.462110783231482,0.359209289014269,0.180566947318954,0.450295801380662,0.406685825514177,0.309405197082178,0.359506641366224,0.51956132721906,0.186198795931805,0.27417848400484,0.43170458114596,0.250151744509842,0.377042881172956,0.515463709171249,0.218618754461279,0.394940627231285,0.472547262042072,0.216511033619378,0.307685401730873,0.371535221264561,0.144932913883837,0.308150078024289,0.40135830110591
"40","PLUSS_III",2,2,33,216,1.77,0.8,0.6,3.17,0.209953125436664,0.259880475718638,0.117832152160283,0.300151728713775,0.302760211589707,0.529819081910297,0.27239438164662,0.309473865017705,0.579664129802865,0.187223841719178,0.46680406469157,0.527985624095543,0.0167658610298354,0.464199015249035,0.424405702000183,0.053624337938891,0.481653288140251,0.451538435113193,0.102382498859041,0.307615348531757,0.419083591331269,0.330524604295941,0.426723018267136,0.578317072021116,0.203728877026426,0.267856157259006,0.503285192339898,0.32400958359549,0.439536223941291,0.576382491456235,0.213350233711234,0.265261444919382,0.471767626416775,0.276676181193109,0.36627148448579,0.470592016941782,0.286608824153295,0.352925476799025,0.471895913270828,0.184176132964652,0.298581377199671,0.312255287442594,0.0774296235823403,0.273094344876279,0.371277381245385,0.0563386220459134,0.436395961549099,0.386282686753102,0.189269903457605,0.446497737,0.421343413271164,0.300804423155792,0.342561749915483,0.517925303203178,0.178464451091797,0.278924644339171,0.426133996818629,0.236958142544038,0.364397077653084,0.497604001908062,0.211861312430836,0.355298291865766,0.47214950293843,0.205261854598295,0.317701946,0.385451775058415,0.133327318144692,0.319680575344325,0.394271931610014
"41","NY1517",2,2,32,217,2,0.72,0.61,3.33,0.237235169984931,0.233892428146775,0.119796021362954,0.297594438807125,0.305748727037443,0.508545611,0.261261982857668,0.296657285555732,0.556832884097035,0.186927350492397,0.456218532830813,0.517421560676176,0.0159161397425525,0.472058908441256,0.424748292988886,0.0232630137535674,0.513201970999017,0.470781249314581,0.0572926365187779,0.320388797380607,0.431869576880746,0.285608840983315,0.373006614504776,0.525880886542651,0.17335550805025,0.294925972313622,0.486565337069508,0.303872892770921,0.38045823474939,0.556403989304382,0.18973951392195,0.303977344047898,0.451212967,0.267445123674594,0.360642320202471,0.469476463748016,0.284071972865478,0.351457034185511,0.485194372400396,0.195584148891994,0.333422478248843,0.328499114608257,0.10309104862764,0.233543824074312,0.418604124345048,0.0469864886323253,0.439274969,0.390743912379767,0.139518443724368,0.442704458832713,0.399616185,0.271618985375725,0.325917449196387,0.491279845602426,0.171252899396887,0.247664702553347,0.430159633056736,0.225543085408064,0.353029029793736,0.498572574484339,0.20871758357978,0.34434984875679,0.473370548,0.219498472239649,0.332292560080362,0.397102957189569,0.139428996155344,0.312106248727865,0.402378316032295
"42","NY1614",2,2,31,218,1.61,0.94,0.63,3.17,0.190974311837869,0.3053595589694,0.123723759768297,0.252982063874839,0.312032819332243,0.456311545021302,0.251983077973644,0.294103773584906,0.547688547,0.167384675408296,0.459093077620343,0.529823004627642,0.0124955506732292,0.472043239465939,0.43200589443449,0.0146510660312575,0.506541419,0.474979038400124,0.0555989797018216,0.3108031397567,0.435627106983144,0.26959158886165,0.332500759384951,0.515335124434389,0.156462935101776,0.26974134535325,0.465435427148124,0.276349853195557,0.329493251,0.532488301336655,0.18536483584818,0.278910796903272,0.448733864197553,0.279017346099228,0.357834645947878,0.493057648898607,0.274174131356074,0.351920802483479,0.480426591475706,0.211083068017843,0.349942519528751,0.341669261096351,0.0918193944488095,0.257952898415611,0.418395995395749,0.0818101545784789,0.419028722736488,0.399848726440165,0.1785133130016,0.428971526035047,0.411653384099134,0.277488392039318,0.312466721602434,0.50840372,0.18631093148027,0.246695961916176,0.446301402379805,0.251069046362606,0.380178378649795,0.50958939,0.22718337812201,0.346631515351239,0.459270720052727,0.204953756796422,0.282373458771871,0.35519540405863,0.135536675037711,0.294260190202607,0.383950430893778
"43","NY2003",2,2,30,219,1.62,0.95,0.68,3.26,0.192160487687794,0.308608064915883,0.133543105781654,0.23504389774349,0.343026603276413,0.459261681717163,0.246867524666938,0.304415332170604,0.527782622482955,0.173559598210137,0.49838954884468,0.519995706311722,0.022027847163691,0.460516761305465,0.423867127920913,0.0251390007522575,0.504860164817338,0.455026521672195,0.0566700126984828,0.312688619945586,0.42459455233449,0.272236131276128,0.383588322,0.511638422,0.176236680224616,0.344028724204707,0.482261187886679,0.287351416261653,0.371849407734711,0.552294818098514,0.208623235713405,0.288726378339716,0.444871267,0.299033573151109,0.418621305802938,0.505338504736514,0.297239901830831,0.415906383905115,0.505838289196323,0.232724174424471,0.381233452260689,0.366597379420046,0.103200273611179,0.253875588829174,0.427029998910199,0.0904997937532353,0.414774183928447,0.396320613367388,0.180765000422658,0.435246302822204,0.409462315392107,0.284012204656796,0.324592425679949,0.515150353152014,0.207564687138617,0.25805727916028,0.447801626002139,0.270634409821587,0.41886934799528,0.511035751048179,0.233119118290435,0.380816279452958,0.458034711923985,0.196439832890837,0.276581143704926,0.352935448,0.136010636346333,0.302227100607169,0.359677156101064
"44","ONEIDA_VR",2,2,29,220,1.48,0.92,0.69,3.09,0.175554025788849,0.298862547076434,0.135506974984326,0.180192685438198,0.365039620429964,0.408238873642763,0.233231801760535,0.290940885788278,0.540133317477935,0.149685678659645,0.464023981044161,0.541770748851041,0.0187314767637938,0.468422178093373,0.439025444422323,0.019551294397298,0.507529614805429,0.471468203760139,0.0596685881402817,0.294378508339789,0.430979063406465,0.26583714840812,0.330288854323781,0.530608188788336,0.175947307049836,0.288445689836141,0.484138474347997,0.28335411427255,0.325537213,0.553913892447118,0.225927169327114,0.260669595614151,0.48491988661596,0.316449634072509,0.407824621488196,0.543923762215099,0.312195651109844,0.391990760219963,0.526632399516869,0.230771089489683,0.35919686791409,0.372088555327393,0.0798104053404944,0.273919968442872,0.406066932,0.0660563702613637,0.416737020114341,0.380950369163297,0.20321117909695,0.428415045435296,0.426888205191002,0.292389482284434,0.301899641577061,0.542849331,0.206064268540936,0.253439658878241,0.474796966841657,0.267586846006111,0.39268563789152,0.524572701807996,0.230652943582627,0.370311631501916,0.483714910621783,0.208648243384351,0.282194424525713,0.3962468422952,0.15171770211881,0.312193228848633,0.414459461293168
"45","WL_349HQ",2,2,28,221,1.45,1.12,0.7,3.26,0.171995498239075,0.363832666006094,0.137470844186997,0.191744249905078,0.340064595,0.421830541069787,0.245704432092384,0.291221394218065,0.544886369642196,0.17116160383791,0.479148100440501,0.514165673,0.042489626419152,0.425608166934422,0.424934872615251,0.0688783944234523,0.439406789904334,0.440234057415063,0.120739807341735,0.298526941239016,0.411080088813835,0.33521012091068,0.425934043489191,0.583054455756662,0.233126821812002,0.391097100454521,0.525537842,0.327427127847014,0.401330617884541,0.589218205021181,0.266808374543173,0.367974117,0.517084946087295,0.355204278051347,0.460030946096711,0.569041991871932,0.351412896375015,0.441687547229845,0.552237935849049,0.23487672722473,0.363776647362732,0.374192316128907,0.0736848799146598,0.275386052753706,0.392259720349765,0.0953287893095492,0.363266017801699,0.356411329403588,0.231848455517736,0.442487473104159,0.445307454533487,0.322534518463665,0.351990629225828,0.561464144,0.216723211409423,0.263286092469024,0.454685306616926,0.278228203655314,0.417410936205468,0.510576058848636,0.239389443371906,0.383960674465865,0.471479101444499,0.178681040110911,0.242813035234544,0.350037155594716,0.133276246508219,0.310862473709207,0.390357012008956
"46","FSG_421LH",2,2,27,222,1.8,1.14,0.64,3.58,0.213511652986438,0.37032967789906,0.125687628970969,0.273365751443211,0.317316979398168,0.48695670520719,0.283839877666371,0.372090402198615,0.548013979176576,0.18380437287694,0.497641174880333,0.528800470715456,0.0320956659054042,0.431598414526039,0.417781106322083,0.0364812495524321,0.479919742,0.440632804935614,0.0830014286948788,0.287706789254777,0.399129249,0.323603433078265,0.444081171012302,0.565439602,0.228997791028715,0.41774518059359,0.510674988147551,0.315731986257605,0.400692535394388,0.571214683573454,0.262242691124017,0.377726778596449,0.503529482816197,0.350932751339865,0.460722389244994,0.554831527596574,0.349772004331076,0.451416843026311,0.534916383549256,0.233673363503249,0.396440643982787,0.396566083398572,0.0758099374624681,0.283612149056402,0.405444054127293,0.0234415947820148,0.443970603295081,0.341912954429083,0.177975479845752,0.438909345100047,0.406430780197384,0.289428228076717,0.323395398481973,0.51663504111322,0.204981342912723,0.266857433162975,0.435982932332895,0.253642674400518,0.421181742863599,0.497617559187568,0.229559129865094,0.377908496732026,0.449491624100621,0.199160034571929,0.24729253664656,0.329941993529146,0.150555478544355,0.316964108826922,0.347475133998236
"47","SEEDWAY_9558_SBR",2,2,26,223,1.59,1.02,0.68,3.29,0.18860196013802,0.331347606541264,0.133543105781654,0.222938228596118,0.31041092012512,0.447616340415178,0.245806216060857,0.301153744516675,0.532878019132181,0.17342151728192,0.48300812620263,0.510378957746927,0.0276188146265865,0.458943589176894,0.433840623251766,0.0249082144126791,0.487710713381453,0.452395347860772,0.0677023792075822,0.298529566118279,0.418768653629346,0.28204976374066,0.357620820764203,0.535546547678901,0.191398761632196,0.320737540775964,0.489721744586202,0.281759367759742,0.321749617390387,0.553491583,0.227547060514582,0.308873797457933,0.492358956515887,0.317904959697565,0.370877293537408,0.516240568162788,0.324588574456942,0.385757622244915,0.521428338991876,0.206724342199956,0.372447646131809,0.359420705906276,0.0751994884832136,0.293839931526223,0.392495190794734,0.0282328641405711,0.471721937613237,0.346032574415487,0.179609112982549,0.434211829632938,0.412251530994042,0.289461691075088,0.299382368788032,0.522918647523665,0.206066954426662,0.237997559694137,0.452357442571034,0.243867463047155,0.367398148325389,0.500740159389496,0.226191951167164,0.363981688,0.461822019952106,0.191025285739556,0.246585460731978,0.354557379746842,0.146194743764898,0.321380519466388,0.404424958107549
"48","ALGONQUIN",2,2,25,224,0.96,0.78,0.68,2.43,0.113872881592767,0.253383463825672,0.133543105781654,0.0620727487337556,0.438947613957108,0.357335476036421,0.179315140343417,0.312362850800698,0.466839094128217,0.16044040297817,0.470000954152951,0.502803142343718,0.0330167365308042,0.458975541386678,0.422468277426392,0.0235900066281925,0.494061873526936,0.449307938202927,0.0577277790826038,0.291817906039797,0.406987096078682,0.196427725137795,0.351902521158036,0.466614426219206,0.12888965076155,0.311164181780014,0.428584687814739,0.218488662182188,0.327679106876418,0.480003190412451,0.211677358652743,0.314912092514839,0.464412687138051,0.301904940189072,0.38581019437669,0.504176711668274,0.292272934823696,0.398902488293278,0.482683680924062,0.179966013642999,0.340701569475489,0.332312760342526,0.0651950816294319,0.307318497772711,0.415595240059069,0.0319333476568181,0.452823933449254,0.360687994074117,0.156837676133673,0.432048593572219,0.399980994219181,0.246482252265832,0.317620967741935,0.47368384988404,0.214466377706993,0.232461568077441,0.444813771083099,0.24210483120173,0.3522174810442,0.491405424821923,0.221112796559235,0.364487383994694,0.45184221633859,0.175065741851068,0.2484829737807,0.34248397258141,0.131785113479389,0.306991142739005,0.374937297338469
"49","AMERISTAND_427_TQ",2,2,24,225,2.02,0.8,0.7,3.52,0.23960752168478,0.259880475718638,0.137470844186997,0.310486466014435,0.307044077793719,0.576746631220637,0.280443077499569,0.325326753342847,0.570106363,0.200585480288321,0.485465388101713,0.514081548272188,0.0393535043617703,0.446977874237633,0.416451500052645,0.0737965610975952,0.447069511,0.4399902794159,0.122426371867862,0.298535447352785,0.380194014447884,0.367301882213925,0.480695774026956,0.591128973002477,0.245613148717001,0.383851185,0.539135136792598,0.330216932089301,0.391617741600015,0.59624257851646,0.264898742648956,0.342022930684534,0.512775058084594,0.370802923994121,0.483932015429122,0.566380443209106,0.375221001590428,0.464861099772459,0.556381183838967,0.22928526549792,0.38280910294155,0.3920557919015,0.0718034577021689,0.28609053866253,0.394721644204785,0.0721858794811348,0.405379109818833,0.356913610531911,0.2619129992745,0.440807401008245,0.447541443307266,0.316325841067075,0.343886721797472,0.5582824933687,0.227727816950327,0.273266347950563,0.457794142976449,0.282125920588992,0.372656340921944,0.511840132761372,0.249207636619616,0.387655077717361,0.480802658318229,0.183297070343852,0.224233779773296,0.322060424839205,0.14044295685956,0.305453499379774,0.371282317033362
"50","REBOUND_6XT",2,2,23,226,1.7,0.72,0.58,2.99,0.201649894487191,0.233892428146775,0.11390441375494,0.290403566746142,0.332843780633599,0.549662869562573,0.282443785767893,0.347604777760161,0.554392209714074,0.168112341486704,0.431702685940556,0.506724392920185,0.0443278302163371,0.446370245078226,0.419312689565693,0.0889773784308938,0.427898330833209,0.422526054091742,0.136036875685369,0.326426839755209,0.375132060240027,0.3588460753061,0.510124303460701,0.588941783978549,0.211917181729718,0.389014135667499,0.531822352422263,0.301437842057814,0.388024439039134,0.566539649870225,0.261852644169128,0.3138739206492,0.504633133402921,0.345957825077782,0.458907381,0.535698634078917,0.345980572012872,0.453800262498509,0.524570509318278,0.203302916104817,0.335136120146751,0.347383803691387,0.0736129309717949,0.277191693513726,0.3896449330997,0.087487406129169,0.362189015868282,0.335184534312246,0.235666527267477,0.455053031218028,0.43529986905951,0.302858617069776,0.364599048132184,0.537682238843813,0.213994998261938,0.267565642925067,0.435768862797204,0.258954244078144,0.343597557474015,0.48077487031259,0.224576975587484,0.358424027145105,0.444399787312185,0.162032646403607,0.205427268509188,0.303396911841517,0.118007380008434,0.321867969333062,0.3862114119004
"51","SW4602Z",2,2,22,227,1.68,0.77,0.49,2.94,0.199277542787342,0.250134957879189,0.0962295909308978,0.285593717460172,0.328076326178487,0.535357414127775,0.282000252976686,0.382193726547223,0.555211537445167,0.169578845429737,0.444009191673425,0.500960991046865,0.0351829448922177,0.462669356673901,0.404354052955555,0.0544972128528114,0.487144654760224,0.41717960560384,0.0914519572754426,0.294872402355649,0.343233150567477,0.34779430647608,0.495298887470833,0.577709453275064,0.191153025569317,0.329466722331902,0.514512705118135,0.295281375535404,0.342186368063252,0.574912443568081,0.258484331992014,0.321314192415144,0.513078044972624,0.361727936987585,0.499001881369713,0.567013514663339,0.366902673434171,0.481364908512781,0.562376574415397,0.249385320880448,0.402952988424285,0.407520376866114,0.0747935182039942,0.280303527522331,0.386977080676318,0.0805634529672326,0.371604108309991,0.323726875696515,0.242062394955894,0.447561520054288,0.437757470930084,0.294060234910065,0.354508354417036,0.534307795698925,0.213314507468937,0.26818093000838,0.44246465102613,0.24955078716558,0.365575021435954,0.487182777759954,0.224682952851413,0.383681691854824,0.459870962083464,0.189616403288706,0.234004112892601,0.299375358992826,0.118890434500711,0.293442567338354,0.331935680846733
"52","NY1615",2,2,21,228,1.66,0.63,0.51,2.8,0.196905191087492,0.204655874628428,0.100157329336241,0.221987335814127,0.296580383734451,0.489412209222073,0.239774161385926,0.299386660324507,0.536915992812219,0.17175192207733,0.395735731437749,0.52290841721928,0.0132680360835237,0.486975012748019,0.444892993212212,0.0149238646325083,0.502511375607164,0.449784081231329,0.0593932715444086,0.304810332426431,0.369272539637865,0.284651192333438,0.408141506067095,0.542754912457488,0.134783896498192,0.31137351608513,0.477442017345853,0.223754833664376,0.319581696147997,0.5242362200569,0.213188285479727,0.287367518574044,0.491635107962741,0.310776474742043,0.435172868568835,0.539829258607975,0.312480282033373,0.429051195582322,0.527019553417609,0.212647252301591,0.389341679840324,0.385049132956713,0.0597754449986641,0.296637046125513,0.391705268880799,0.0645658620967875,0.391652296880975,0.351705254651842,0.191710738891397,0.436114873063957,0.438085717195876,0.267856681248724,0.326191815627113,0.522196427062204,0.195439200192305,0.244743999811977,0.435227169942475,0.228919011998765,0.296509540965477,0.476221031580523,0.207282100209212,0.327490415774153,0.457002801120448,0.201543256596527,0.262624804523036,0.329650789484784,0.10184790248147,0.311204598376532,0.350950468977824
"53","GUARDSMAN_II",2,2,20,229,1.67,0.63,0.61,2.9,0.198091366937417,0.204655874628428,0.119796021362954,0.274649314928824,0.296803527723859,0.527153838579908,0.264141265546619,0.328282860313937,0.553895275091169,0.180533892570089,0.414963464545006,0.516175473420193,0.0250545842636523,0.48263121384398,0.428533668667212,0.0254132898824444,0.508104091678849,0.439977683371058,0.0730295084301325,0.31073003552527,0.386333551448965,0.320246996528922,0.436942113918217,0.563517444905313,0.185066638167501,0.265090703669896,0.513677136919967,0.268122656297443,0.294342295273872,0.56137513973047,0.247927853725552,0.292986691136659,0.517155135062698,0.358027060949722,0.490776199809889,0.575334286246677,0.360724810541941,0.474358040429794,0.564985755164669,0.251258140089128,0.40850612101498,0.403426476140863,0.0695180485672718,0.286524213025502,0.371104387854971,0.0832684194569275,0.361634472124295,0.355462539895553,0.236402515591619,0.440876332317991,0.435567596801927,0.306896723567407,0.351090949820789,0.551193469323213,0.216435757645429,0.258608591439824,0.45634168334788,0.242325545117614,0.345508317222105,0.500392539703809,0.224943896036777,0.371554278666898,0.485506755277839,0.213505572871884,0.295234345829799,0.359372244900935,0.103541352194631,0.315034901307915,0.342322528345411
"54","SW4412Y",2,2,19,230,2.02,0.6,0.63,3.25,0.23960752168478,0.194910356788979,0.123723759768297,0.28738073513995,0.337253964235144,0.512195004735514,0.273688209558917,0.334979255853285,0.546086359071931,0.189896412295102,0.407982602611199,0.505580204506782,0.0222784376998362,0.476321369820519,0.431182799351047,0.0180999803250789,0.480068476680141,0.437622095752843,0.0894658542053028,0.285591958302308,0.403755349,0.336100471956842,0.452171710030166,0.547520346279537,0.198882808173861,0.282635513004673,0.493982022016072,0.262420918697073,0.306530390477698,0.540960697956697,0.252236640762845,0.295307734789033,0.49224862521551,0.365889512055732,0.469985535197686,0.559936397413353,0.360466631764039,0.457716283908674,0.542604722042548,0.2440403811953,0.409071182,0.403530528168768,0.069910753542717,0.273266573849923,0.38963709632982,0.0752768589415338,0.369970033886239,0.38286412074949,0.247866281832464,0.434216941999562,0.448312631443739,0.30921081555178,0.348506697937796,0.530373140635565,0.217723725234571,0.258034266,0.437104517750113,0.247743954645631,0.346537881089745,0.483437729418181,0.231559801874766,0.375164093034474,0.461805544135462,0.212450308304509,0.267004113413352,0.33220111617802,0.115732758831793,0.282703042371222,0.341206801810624
"55","FSG_415BR",2,2,18,231,1.75,1.15,0.66,3.57,0.207580773736814,0.373578183845543,0.129615367376311,0.258443600550733,0.314192700108322,0.510366819439863,0.26670011435271,0.315820516886,0.549673510913799,0.172535487047135,0.404094270311531,0.512315729211393,0.0234523184141584,0.478863324096923,0.425148311023495,0.0104811159504477,0.503594760797348,0.415799701580271,0.0797393950274637,0.29265834818776,0.40842868311599,0.31990825051821,0.436379514412603,0.549278977082286,0.193281337141505,0.274648731139274,0.513386781393659,0.256456095248648,0.295825837063477,0.558940831042473,0.253825133048781,0.305763815370332,0.508965869232099,0.358210567382868,0.487707872445024,0.570889585342334,0.355835378824549,0.466309760799804,0.558802177858439,0.243669683204609,0.394124599122831,0.399510534392062,0.0538202480902396,0.28954671002419,0.376234533372116,0.0612703999681949,0.376128118363744,0.359117538834496,0.22758116412073,0.436681751553668,0.433828172846199,0.306443224313602,0.358255718954248,0.536607105207675,0.197160394783485,0.256201575632837,0.430160212014237,0.211675376137769,0.300215208801606,0.481498396785645,0.223723159458771,0.385150766188828,0.478473663975394,0.212227387942542,0.291861648916864,0.369830073691496,0.106413157449927,0.331985209308637,0.361662527986973
"56","LANDER",2,2,17,232,1.35,0.86,0.56,2.78,0.160133739739828,0.279371511397536,0.109976675349598,0.159495767461824,0.332102099567708,0.435497486895284,0.212488906033082,0.295149497191673,0.529980963912151,0.159350204805737,0.392243849689105,0.525320356853204,0.022377545968711,0.478634887,0.421835045453282,-0.000535868689904952,0.522549846620888,0.409298298516084,0.0664556269898882,0.297023485630297,0.395379178784752,0.283717608789133,0.419316003645048,0.539990389852522,0.157758609524825,0.293123220658407,0.506320480796673,0.214995598776293,0.293847587764764,0.535049838379067,0.231194450014481,0.289994044753885,0.497448258,0.313576736662814,0.443294697886372,0.54006127893236,0.304123362249737,0.432576085841618,0.521504572791004,0.186051392705282,0.357612519653355,0.359367232852401,0.0539493067895766,0.28443458317568,0.383661436847267,0.0617234057013343,0.371007544,0.34360529396944,0.197158071369707,0.437811426938717,0.42470700484201,0.280711622806274,0.324254164031204,0.519241514,0.172517508472901,0.240137820832917,0.42656271484751,0.162022224181815,0.241808924025191,0.464703840533936,0.188381363909994,0.350129290932059,0.46037447135717,0.188876188045586,0.267158359904661,0.361054271122838,0.074300327830037,0.394514417531719,0.343329398195264
"57","SW5606",2,2,16,233,1.91,1.08,0.51,3.51,0.226559587335609,0.350838642220162,0.100157329336241,0.284383332092143,0.350331281540178,0.526035196,0.274273616469112,0.3599799164949,0.565387400243116,0.184384899229547,0.442085460299286,0.51566369288997,0.0379420564674089,0.461764734,0.412565718236729,0.0378611351047984,0.477799407349729,0.410062458569827,0.117630954485113,0.297381669463553,0.385704512928038,0.375492472578429,0.526334684514832,0.5842274436484,0.256746455666029,0.405250458176775,0.559853925932216,0.303745362155139,0.322747417640629,0.592707317380966,0.282215607541571,0.334464649815303,0.521208788765437,0.35750164236205,0.477662161778887,0.562545261595477,0.36918032151029,0.464982719894833,0.568211409683976,0.227492452463263,0.356858605866402,0.376120368856017,0.0595560924354235,0.285794578475409,0.375469046352013,0.0966085166443824,0.34339987926975,0.36703511,0.248452540213641,0.443807741784587,0.462067837270814,0.353560418929156,0.383609728913117,0.571573381507776,0.18850674890001,0.242151579757909,0.431357930342728,0.183825793297652,0.256557326000759,0.464892153402797,0.223147714188818,0.393090496472562,0.479919967987195,0.20583881922712,0.262214453,0.33860125198992,0.110618220733294,0.341332479162586,0.319480397597441
"58","VERNAL",2,2,15,234,1.28,0.82,0.66,2.77,0.151830508790356,0.266377487611604,0.129615367376311,0.063685265453464,0.419228298684371,0.378562185275832,0.135311992188354,0.327264150943396,0.447225965858041,0.157347359510677,0.383774151996565,0.505150517627976,0.0217496230413432,0.479847239309389,0.420705051959168,-0.0275031513989814,0.527598061481422,0.466981822253267,0.0438908964372708,0.294520061294055,0.43645632798574,0.180363242560754,0.360141324157868,0.440570926554382,0.0900502821578586,0.316133483346424,0.412122638060397,0.144892041716773,0.339080214764974,0.448302224622184,0.207959347718326,0.284383355951391,0.456958427772607,0.276885726311306,0.388968730761883,0.491470364159137,0.269978380580538,0.375527142638843,0.474624830181886,0.15815130808678,0.323282156,0.334905900159714,0.0630838411702441,0.279134598406714,0.403267464714986,0.0396407424941984,0.389378744261104,0.379982227160458,0.161879910715365,0.431895123640854,0.404134664618536,0.232710480458122,0.307707877195543,0.446592257415787,0.170633586721175,0.208149672276742,0.412345584051063,0.144408331873152,0.264736015359655,0.433346355321621,0.190541606473398,0.348379963750206,0.448939418904817,0.206680340620322,0.31996231844662,0.38014115480734,0.103830551810038,0.345977372636069,0.386045461469827
"59","SW5210",2,2,14,235,2.04,1.32,0.72,4.08,0.241979873384629,0.428802784935753,0.14139858259234,0.257764625118863,0.328353658536585,0.487605845781641,0.269917101987303,0.340562470271127,0.540737672427462,0.204525099590005,0.422829858626338,0.513214700316461,0.0206770465761439,0.480171952145949,0.426170962639921,-0.00268115245473678,0.504467209236598,0.465459201034756,0.0849584215874301,0.303158895456109,0.419166025580886,0.342272356118097,0.474064516297972,0.55715262066365,0.222860495884238,0.400519031141868,0.510545495715428,0.282786924493183,0.317606435752149,0.554529442412289,0.278373974161591,0.322109106598905,0.516916805031492,0.37143862065433,0.461868134719303,0.561266431268766,0.372366274182953,0.439720169054063,0.55232554001637,0.258604867748324,0.380881420961581,0.41453303792099,0.0680197612025705,0.277793067271285,0.387290577445635,0.0700976732144229,0.368525559780313,0.400379518,0.261906190765085,0.440654945288091,0.455310694495834,0.306551323984959,0.329750623309669,0.526942692486477,0.200766885148286,0.250334854544165,0.434196703705473,0.200312241279744,0.284817927170868,0.475321682203633,0.232612727492589,0.378409183281156,0.470319108,0.239345911889124,0.30123923151711,0.363120507544903,0.143709567697466,0.295066075819895,0.339581701159931
"60","55V50",2,2,13,236,2.18,1.32,0.73,4.22,0.258586335283574,0.428802784935753,0.143362451795011,0.236401247207744,0.327095484417368,0.487473299784059,0.27835458097959,0.324344247132815,0.555736483272554,0.185941841018571,0.43938966,0.513564556398391,0.0300083214273503,0.48357431314809,0.412151111,0.00550758566079514,0.506332502503305,0.457997279763245,0.0934157287829689,0.292949349539074,0.399072632505246,0.351463358429141,0.502273941367026,0.581914534,0.212762409337231,0.413814177180556,0.53474265442975,0.265206891402168,0.344682565955181,0.552957008592524,0.282740482180032,0.329445395744963,0.520038888849416,0.386123932356967,0.486534970786772,0.572725339,0.373832923441545,0.470689267777921,0.553997575426999,0.293180790286665,0.414125402079901,0.444344865189226,0.0728054109963199,0.274709396654434,0.380204686633287,0.0479680064947194,0.4055386805771,0.392011000401633,0.231788710989301,0.436681795,0.43465276821111,0.301559286466322,0.323123682268606,0.526556636095298,0.185835006856062,0.253814099641481,0.436729208550623,0.189055611544455,0.258961863874871,0.471875173,0.222028378367026,0.383420804169632,0.467463388982836,0.237458616659963,0.307899430454465,0.379036745763559,0.13451721296748,0.312644005699166,0.362027545966483
"61","N-R-GEE",2,2,12,237,1.54,1.04,0.57,3.15,0.182671080888397,0.33784461843423,0.111940544552269,0.189019367353452,0.313726076274604,0.451851187629523,0.237003745445314,0.297522990328207,0.532151974,0.175304443799066,0.414880810393906,0.519920328,0.0279942838001077,0.485825507269065,0.426489107604626,-0.002679316423858,0.517305693285036,0.454714674137775,0.0827739814278851,0.292520374,0.392618194327173,0.303615865040906,0.418812714722641,0.537183808,0.193783334571565,0.303727801718546,0.500382344685739,0.224500815236655,0.332994262055201,0.530058362958592,0.258854893778229,0.296204927770857,0.520398971443062,0.368455214823823,0.458158494963004,0.565162643909964,0.371966066047745,0.442567252159751,0.562461980628699,0.31219598596109,0.418877070380076,0.475603998343595,0.0815197191150626,0.265823879951372,0.401275740421692,0.0540121479718431,0.418326556429023,0.399274841119243,0.211015956134507,0.435474082105961,0.429242216599902,0.276432227225195,0.282031941808982,0.500849014336918,0.164977752306105,0.226654769090038,0.413839110605488,0.172742574343437,0.250926665160302,0.460083979814717,0.211812400853175,0.38012940077992,0.470173999011369,0.225432886140158,0.305635829345681,0.385440318533065,0.135734916542589,0.317973539588846,0.356694348327566
"62","WL_358LH",2,2,11,238,1.59,0.9,0.54,3.03,0.18860196013802,0.292365535183468,0.106048936944255,0.195642994797959,0.321298174442191,0.459829890672413,0.258519556623359,0.331081998837271,0.522237461022145,0.173954785853888,0.46113146637406,0.531530779383935,0.0348578566181686,0.467983158434481,0.406227272649926,0.00902279207534491,0.485411085396797,0.462790218199843,0.093875884180806,0.293804922287894,0.398679050567595,0.330474635342793,0.475533795248869,0.560404621250209,0.20559729605062,0.333681948660614,0.513623594511785,0.229952799827078,0.344220555851408,0.528113410766802,0.250031049005786,0.322322918563361,0.498178271584462,0.35579553875641,0.479297721735151,0.551280654208032,0.351621824549627,0.453225654519307,0.539354157377694,0.26285252101238,0.403533361343098,0.432690015526276,0.0820379673986848,0.280793624900183,0.399508902741603,0.067676321035924,0.402116993819074,0.390112174992515,0.216368555845476,0.437119615959019,0.423803818043203,0.273919058560034,0.300904591362407,0.495167501267748,0.154647546925554,0.23990204039097,0.385630274845599,0.164306163322676,0.252329895594601,0.436027247262541,0.19965149285398,0.386691272587466,0.44390750810128,0.215892502129013,0.299111129858153,0.36996744784547,0.119962867753573,0.326161155361146,0.355242404953102
"63","HI-GEST_360",2,2,10,239,1.54,0.99,0.57,3.11,0.182671080888397,0.321602088701815,0.111940544552269,0.194205781551958,0.309473458874064,0.452596442466737,0.267764540738218,0.340373791025844,0.545241134189525,0.188601548055761,0.411882066695291,0.538899384571347,0.0225982638114165,0.470872973012751,0.423023676818727,-0.00383675388979865,0.49052433899392,0.466177329409475,0.0899092409726511,0.280993604448556,0.421021708773012,0.30753557056701,0.424707404375026,0.552047250913213,0.200112484168151,0.29200861867663,0.506249955774443,0.241388599732187,0.323764614727711,0.534533576092536,0.244718997771098,0.295759291758738,0.509146932115037,0.372645576967077,0.447937702081797,0.566288029,0.366100139018424,0.426926192704049,0.548439138653219,0.280491711907492,0.399217520366898,0.420769003041204,0.062357468211245,0.296634819770434,0.403611428088415,0.048389794714348,0.406468808546355,0.396603800357381,0.222444992579941,0.43703537881455,0.448537575321568,0.284456355436499,0.309535367910605,0.518913925785368,0.180622532485149,0.256373960228515,0.417329500634682,0.184322547466262,0.287697145439482,0.46146594361176,0.207983852635671,0.378452970229188,0.45766460008661,0.226268677249735,0.299900380304567,0.37474075705761,0.12284736572223,0.308714989880525,0.334763661291376
"64","NY0651",2,2,9,240,1.79,1.07,0.55,3.4,0.212325477136513,0.347590136273679,0.108012806146926,0.200865613399155,0.314857793906659,0.472742894383961,0.253193162299901,0.345225939432377,0.536446144495534,0.201234314777835,0.382026938918309,0.507075680231541,0.0281593402197007,0.474571494874022,0.407180734960964,-8.80155185779113e-05,0.510128874078994,0.467748526962534,0.0853654321403273,0.285824614975769,0.392357930258154,0.305248877051359,0.414628634573488,0.557404134196414,0.195904925880582,0.262524206121761,0.518624030870618,0.234407973414016,0.274085455077553,0.547585361524106,0.219722808137709,0.277614705,0.500151975957872,0.357953416439165,0.425418845512462,0.556544910758722,0.351312396994664,0.415864518114281,0.545139591013089,0.247820380045365,0.36476201437222,0.409938900902756,0.0806350229430264,0.283700130898547,0.401640823693494,0.0500128781504985,0.406909642306573,0.341096504835222,0.214378855987948,0.428698146,0.43361714595413,0.28086680812716,0.287275899044963,0.517342931245774,0.174392798045273,0.248409965595451,0.432350987194907,0.171677171077586,0.302713715447767,0.467595716903919,0.186474387253963,0.358986114993943,0.438490683944811,0.219711858740812,0.300853250763031,0.374854801559962,0.112828567301173,0.303343643228657,0.32893653021697
"65","REGEN",2,2,8,241,2.02,1.16,0.72,3.9,0.23960752168478,0.376826689792026,0.14139858259234,0.214718377124563,0.309267109779122,0.457592336540869,0.243819763436427,0.371417869034406,0.527598171344009,0.198455286892309,0.393131211933273,0.523157133,0.0172920185682736,0.481670363162298,0.42956698355767,-0.022508558853439,0.516589372755137,0.485969532839416,0.0582672832308183,0.308808205897989,0.425946774243988,0.294843832907156,0.417385071015586,0.544861320596615,0.197042245064236,0.257046369612443,0.508922476725563,0.238721191411362,0.286148332589703,0.547226859914506,0.214489475139136,0.318804095238267,0.497644883446038,0.357405875688266,0.441577561593586,0.555454199519731,0.357324141847322,0.427041742286751,0.558896794545725,0.242819695313729,0.355073114707947,0.400929732386093,0.0675544167998003,0.293805393337759,0.408562489278709,0.0190172753027133,0.42212352621657,0.358219756005486,0.21046453952421,0.432530881,0.429551948283867,0.281390853968447,0.291064331646637,0.51968545751634,0.17776887435277,0.245017773191148,0.436447043,0.182906518853253,0.28729602750191,0.47693799337917,0.19235078160926,0.35753051,0.450572527050036,0.23321231446007,0.312548384291437,0.388682098606314,0.126910447117434,0.27638700047493,0.366867765791438
"66","SW4107",2,2,7,242,2,1.2,0.68,3.88,0.237235169984931,0.389820713577958,0.133543105781654,0.20261884514673,0.327943638000394,0.470794066072149,0.258769945654036,0.38688243221817,0.529225067385445,0.196627969290509,0.442503061240717,0.52662245757995,0.0295127924708492,0.477189525467394,0.423456809030419,0.00108627830209938,0.478734554961682,0.481146979549914,0.0861024395011455,0.296985240842277,0.419080479653823,0.321742680392081,0.44419466662468,0.55397838203804,0.228852060607318,0.305525246306871,0.527561367383474,0.2555035510263,0.33424471042033,0.55375293077694,0.250214861304356,0.380907280172608,0.500912537982943,0.376075254273967,0.470991217123301,0.552644789834931,0.366427871211993,0.463894732655526,0.559831343661624,0.239778425142315,0.347755022099459,0.382257435978201,0.0785050019037988,0.274045475306216,0.398501585109158,0.0648248948003808,0.390035239902413,0.375335562,0.242632348594547,0.437770164611815,0.450952913186263,0.301263078335156,0.311429890258491,0.528494434909242,0.19865521025619,0.255307520513188,0.43017034377049,0.198969396005557,0.253805829630187,0.460436971203334,0.194699001112844,0.343948407068789,0.423482825505274,0.232475949465346,0.306492881592124,0.386121356890032,0.137803712536334,0.272552819051496,0.35744446706018
"67","PERSIST_III",2,2,6,243,1.91,1.04,0.81,3.76,0.226559587335609,0.33784461843423,0.159073405416382,0.17509658210394,0.329601268976747,0.431753780142292,0.251201295573128,0.385873500343534,0.53238042386766,0.188759651526394,0.446544853139958,0.526233640252532,0.0253517301887384,0.491168841629047,0.413800191603153,0.000794538829729252,0.488219008322296,0.479123391618668,0.0761224048509537,0.293415524,0.395639079361199,0.310597748581634,0.435966304256745,0.554636307,0.236964364593146,0.288709863832457,0.53819555008338,0.263980135799037,0.326341892274404,0.56445844547753,0.255177693329373,0.382418863527513,0.507814713123596,0.361230805993408,0.478557091066909,0.539357090123431,0.362823111051809,0.467452487560627,0.558051000906394,0.248213322229737,0.355810334911251,0.376092506038051,0.0746360391095859,0.291128279,0.389552655,0.0595186812555642,0.41959678,0.403391750420271,0.223767643168561,0.425294406866832,0.442930651385803,0.304098239454159,0.309827295681203,0.544492953431372,0.202116285926717,0.266739904790439,0.443763542177778,0.219606228472801,0.286736084958952,0.493064823880897,0.213971534735963,0.391313895421182,0.475894138477309,0.230678667988479,0.310484959925595,0.407758150666848,0.138979040123671,0.249236006833366,0.368133038454005
"68","LIGHTNING_BOLT",2,2,5,244,1.54,0.89,0.75,3.18,0.182671080888397,0.289117029236985,0.147290190200354,0.0930937739181246,0.392887623967377,0.395795812657482,0.20035397634781,0.335217615,0.496193779398552,0.168386396440458,0.419954518709349,0.526965316540241,0.0131750471600608,0.497878222829059,0.419992437185048,-0.00205772392526003,0.489689183051067,0.480576008224327,0.0670860085844007,0.291710166682303,0.390518560215155,0.274405418834143,0.407351587577832,0.519316754972864,0.206081166291189,0.293827174,0.518520955838127,0.234829944365387,0.330721753,0.537907257348743,0.241632878537095,0.347426294064164,0.49341912252964,0.350634951790969,0.470869849868588,0.534655964603778,0.337516567423639,0.457615596681717,0.535141098181559,0.211997668285866,0.36447545669519,0.35711009752033,0.0745745608189922,0.282760453210198,0.392701518251715,0.0770228505183598,0.393747359526827,0.399340961564178,0.21656417214846,0.436955911690724,0.429318394024276,0.28667079213189,0.302703325954038,0.52165151275564,0.197804923256752,0.239981068089744,0.437750779059686,0.23125711764185,0.309693277310924,0.48319225872167,0.209817112209757,0.37991981106168,0.463904102817598,0.220181986029534,0.298459461866174,0.409846988,0.133384207186136,0.278076510848513,0.376225762224979
"69","SEEDWAY_9558",2,2,4,245,1.26,0.88,0.73,2.87,0.149458157090506,0.285868523290502,0.143362451795011,0.0567587275153515,0.44448605601973,0.374038245140237,0.176527458253226,0.326165107552455,0.468601685957402,0.177457276867564,0.408014407709556,0.529990776521476,0.00428144914145156,0.51621453939853,0.415587550338572,-0.0152657886484249,0.523613258164209,0.478935214342696,0.040547688128498,0.319193548791464,0.365200403137857,0.2237748531785,0.373988904983835,0.4890625656044,0.184715734191338,0.293453674023441,0.489818333,0.213665311430951,0.317529157491232,0.510772799454991,0.212243137071886,0.290674491804211,0.476249026002477,0.336207359088463,0.469186189422731,0.532900925558266,0.32636593874678,0.443140708829705,0.529689544,0.208578276115986,0.351505102066245,0.347875592715862,0.0751413853851804,0.290512185602021,0.39747338012167,0.0512912154222292,0.427619209096615,0.39124789864431,0.197087712792944,0.431027464272545,0.423323127771462,0.270747892862129,0.29718427780595,0.511866653989182,0.205382571031838,0.233003327558232,0.44297196253566,0.24191179727223,0.328510833270568,0.495161055459316,0.213748841266152,0.379143657462985,0.474537102512238,0.227146349319813,0.303133932509609,0.418716421314761,0.134208935054141,0.297445240582359,0.37107924745925
"70","ONEIDA_ULTRA",2,2,3,246,1.47,0.85,0.77,3.09,0.174367849938924,0.276123005451053,0.151217928605697,0.11672795697946,0.395638828255321,0.374705508023517,0.237104546558485,0.360861212409492,0.51476388668675,0.218340023016252,0.426771941542229,0.500746147607462,-0.0130276308972125,0.517858854612457,0.449300886717613,-0.0407700264976929,0.536778508264823,0.482323237,0.0116678131937365,0.42349005066801,0.391949652895297,0.21687381927534,0.378943564605329,0.484384295919222,0.193181217224961,0.293980370928595,0.482330769430351,0.209731928504521,0.345939660424973,0.49033376991609,0.196763644977145,0.268946245941449,0.451830592177415,0.305093108869453,0.436059278757816,0.500473036562153,0.288331240832655,0.414589495454422,0.482873437621018,0.176914347631912,0.325356125356125,0.318970704335694,0.0821836620082586,0.284617155423963,0.412101074739519,0.0513763572956865,0.422217973415295,0.395429566405245,0.183273804716402,0.432072829131653,0.414116793670873,0.254018810066018,0.29781045751634,0.489472380349989,0.210221836574108,0.232370816489289,0.426565464895636,0.243614154771319,0.33152117697271,0.478633225377219,0.214633514541341,0.359721203549913,0.452717086834734,0.222643704595571,0.30901623337567,0.416420950235458,0.126268954318859,0.293818712259991,0.347475541081484
"71","SW315_LH",2,2,2,247,2,0.82,0.81,3.64,0.237235169984931,0.266377487611604,0.159073405416382,0.254262812045108,0.309347952476065,0.482514229986591,0.291671342019243,0.462151445483854,0.563105411976111,0.225492196135565,0.430436843025937,0.500946679,-0.0147681848727491,0.52492570981935,0.455898546754176,-0.0561779056894365,0.571684982,0.499583948821888,-0.0144697742493458,0.5004363136004,0.44327710541952,0.213742967450264,0.405941663524384,0.47989358136417,0.230826915202559,0.326813306821586,0.494799664121633,0.239199014309875,0.371816304207027,0.501202642,0.21221401522218,0.296477751356757,0.455468761,0.317080651145736,0.460419621078904,0.495689985251574,0.307388005458026,0.455249446848239,0.472065051065798,0.189459770125829,0.323632919848135,0.324647408492836,0.0850933551921383,0.309383904,0.412328739935273,0.0442376253202171,0.442984186267099,0.388433299245624,0.176787174097627,0.435190208795443,0.394388538585268,0.243465484275523,0.295588631465517,0.478696411215348,0.224077621132252,0.240710471831753,0.444307700196784,0.241989647862139,0.359317927170868,0.490669595110772,0.243995146813507,0.424773219091558,0.499238314933817,0.233401963599484,0.344752989502178,0.452623986943727,0.126282052119605,0.256201641902436,0.3361475
"72","ALFABAR",2,2,1,248,2.13,0.89,0.76,3.78,0.252655456033951,0.289117029236985,0.149254059403025,0.260365929795147,0.289145122420082,0.499538638985006,0.289016991533401,0.419534511917975,0.566221922731357,0.258727256366197,0.455460299285976,0.530745034,-0.0193551818297398,0.530599861224077,0.459370706332685,-0.0494466159226497,0.572258165481493,0.510696332260761,-0.00498544696324717,0.527515412251079,0.43404509227294,0.244746774798734,0.407794431875314,0.513901458,0.255042426178552,0.336497760417772,0.508912216396242,0.251480845580609,0.378162946118012,0.521115013169447,0.221663309180809,0.298470853494194,0.482408953435221,0.32980646848203,0.448170509766105,0.516341799497041,0.312059774583202,0.442142942369646,0.472252086486351,0.194349500819457,0.335089982857524,0.3251749077759,0.0839117163702816,0.307194104389021,0.39887215036203,0.0535783711962876,0.427874220656004,0.400805397427788,0.195186620791344,0.433679504458303,0.404053851113825,0.274254644733084,0.306731103731815,0.504600727387729,0.242794237321898,0.252117898905336,0.458976518931187,0.253000184943537,0.336636664909242,0.499498255127915,0.275445918800512,0.413380694743651,0.504694042000362,0.221167565257701,0.300679447325158,0.449950932907874,0.114690707607244,0.280530836556076,0.335399552208427
"73","55V50",3,3,36,313,2.2,0.89,0.52,3.6,0.260958686983424,0.289117029236985,0.102121198538912,0.308061076009748,0.362737244586979,0.550919791637363,0.297388834843077,0.4017816183077,0.569582342370911,0.224166949089259,0.434441741011084,0.526057440007633,0.00468316321090698,0.477776814,0.361255323964177,0.0298015892134177,0.495638842130844,0.474760070792317,0.0314341918817113,0.382481647490104,0.402362182893582,0.230677365421898,0.327540273588068,0.480123884489693,0.216313394655176,0.324006929850011,0.517594813698365,0.28779536351153,0.427262527800663,0.550331204227684,0.308321612629031,0.342926387509247,0.550349712964349,0.260338916418237,0.338532018124223,0.469177381045044,0.286365353427574,0.316768609867348,0.505577569983903,0.301100853578197,0.368382415912771,0.419338929241087,0.0834183470645456,0.411868175734667,0.413207406237334,0.0544342948174761,0.409693442968585,0.395027860606608,0.189439609579414,0.444736291602251,0.412967427408122,0.340473232100824,0.416433823529412,0.537563909972591,0.188468958883468,0.252382482482917,0.431904900441021,0.19854538575102,0.269362029517765,0.458328442224206,0.20743598944176,0.324587184777253,0.452135419204965,0.193197261956772,0.251671324785724,0.330695832897204,0.123365750752218,0.261626569,0.358118325530904
"74","SW4107",3,3,35,314,2.01,1,0.46,3.46,0.238421345834855,0.324850594648298,0.0903379833228837,0.344888864980075,0.35524306847187,0.593967096443637,0.311037558979456,0.402276042492469,0.587155673590191,0.235322443604829,0.43698392252278,0.537581858371897,0.0229036933681047,0.46479102062905,0.37497115827681,0.0410085065566918,0.487711604010886,0.466972661,0.0509517543300961,0.34454851924821,0.373551490133534,0.275358429533718,0.30554383423605,0.529917968,0.250391404598937,0.293556159381833,0.555692359946505,0.326165174107937,0.425929658387613,0.588264018715458,0.334443522969368,0.279160184101837,0.576429965163914,0.322604570600869,0.307277168054759,0.546394614624389,0.330040852540633,0.302056447645782,0.562866508832635,0.332963145445078,0.382382934148267,0.442369076698943,0.0862948610722713,0.39616320726338,0.414503887011886,0.0767281601077124,0.385704818471537,0.395542940454593,0.208741871727096,0.44107193056434,0.435295498127566,0.365038554479434,0.411343443627451,0.552212881381001,0.18358466425364,0.239158514221367,0.424841618938858,0.188662869265288,0.261921862138933,0.437754892389758,0.203780547345746,0.315621244576262,0.446268468171582,0.185667540643297,0.235453988250812,0.316078764653286,0.111947842797311,0.25229513535518,0.361578126060113
"75","ONEIDA_ULTRA",3,3,34,315,2.02,0.99,0.51,3.52,0.23960752168478,0.321602088701815,0.100157329336241,0.295094864464667,0.296835293179921,0.537818475070564,0.287013611381128,0.364313725490196,0.56802547434068,0.225030427792219,0.445778986371515,0.536077318194107,0.0409415017658147,0.425102431988443,0.342360368132472,0.0360032318145315,0.510177858697824,0.466094628104957,0.0233259800853081,0.322945263004831,0.340802916231062,0.258855994075741,0.313172579395006,0.51454300737389,0.227451064567181,0.265878390331232,0.545329309397282,0.314565582594191,0.413494573335602,0.582918888384669,0.311922917077401,0.271393130268172,0.558740399167277,0.326351984306831,0.282882017319946,0.557982585512508,0.31721414515654,0.299049227890153,0.554980982464514,0.298352942631894,0.378456308895714,0.424091943439924,0.0968300193197924,0.367457445727307,0.42046548,0.0455278997632035,0.427519522466168,0.383547617501557,0.183655894408243,0.430787311,0.403017318780982,0.320187288520261,0.36104696520518,0.511798902584907,0.164736745192317,0.22497854238765,0.406843277652096,0.176805759318662,0.278440934588728,0.424709694587194,0.199791640499061,0.316652359573967,0.458441020243714,0.195133369532752,0.278824331368539,0.349038875635772,0.122569450450894,0.290996795499554,0.381420018062719
"76","SW5606",3,3,33,316,1.97,0.72,0.49,3.17,0.233676642435157,0.233892428146775,0.0962295909308978,0.332222435498215,0.383104997139937,0.570764762145891,0.31674448690732,0.430226864330638,0.578865149833518,0.257256622190772,0.464147384825788,0.531409442933702,0.0426600024871342,0.428423176380969,0.378069890341511,0.0522918950768492,0.488091223,0.452490664200098,0.0606023854493443,0.310473436,0.321853431309872,0.289063760976426,0.336320858471594,0.531912628833585,0.254623177538627,0.342667284645122,0.529853312671153,0.32470164207013,0.473933250814395,0.558543348829622,0.29460483027164,0.318114945264017,0.526815854,0.271045388519231,0.322253357014645,0.458958800650057,0.264398606604187,0.326906515782356,0.454367334635359,0.209908338888434,0.314344197340367,0.346800256374219,0.0924607397901718,0.353639179465042,0.403067516625173,0.0511300087948463,0.391741281327937,0.379952645844306,0.168653403290503,0.436304485364273,0.402127882118239,0.343126050896153,0.407574320050601,0.520919249420198,0.188101331833475,0.263141539187462,0.419337469984672,0.194148153320482,0.320438671153276,0.432625302037784,0.21124465805691,0.334860081018709,0.452955319113947,0.207559121497041,0.278514171982234,0.342584685854264,0.140838576697765,0.299245255815978,0.370155709342561
"77","REBOUND_6XT",3,3,32,317,1.68,0.77,0.45,2.9,0.199277542787342,0.250134957879189,0.0883741141202123,0.311789209883951,0.335481399,0.554991331934277,0.298267424980051,0.399009037577295,0.571854288885365,0.246352632675529,0.426558211281268,0.526271806370561,0.0467810388052918,0.433614725649582,0.414452141468697,0.0599863279722263,0.483137458474403,0.457288847665469,0.0695490208148319,0.318101885730369,0.335639365794165,0.290899075344894,0.305109926733006,0.531341714951505,0.244959163371214,0.299269865530718,0.529295480973576,0.326203173484837,0.456543463972327,0.561066653233351,0.262467293594898,0.333066061307963,0.506115401831707,0.223685610754044,0.330323259969369,0.413138862102218,0.239159709957927,0.318430422141196,0.434528316213079,0.181022424787416,0.291901248449639,0.318769968292543,0.0918615684296836,0.367634140398181,0.419454046528372,0.0673047900588685,0.384968266985713,0.392367982258387,0.188402786788001,0.429277214637538,0.401116891314982,0.336718781186076,0.416779575515551,0.51558868428837,0.190506266699487,0.265909445395244,0.424938732167161,0.190937989292224,0.314168054,0.427901329096559,0.196143631620874,0.329403087,0.447320590981491,0.180003063308506,0.266304744615824,0.350841195373855,0.113198498206628,0.290890568,0.371414115035581
"78","NY1615",3,3,31,318,2.13,0.8,0.49,3.42,0.252655456033951,0.259880475718638,0.0962295909308978,0.295585481636112,0.28659169550173,0.539535802364944,0.275182300852629,0.32786137096348,0.557436182019978,0.225035131119891,0.397048486872446,0.524389103573303,0.033520710490828,0.451439142548872,0.429136084250664,0.0152080677936604,0.509280231461866,0.477707290819774,0.015231297468128,0.268876278295489,0.366211632332258,0.260801225183874,0.28242717760181,0.513521372758505,0.200936307340631,0.261240131803955,0.500187398428636,0.294602437649116,0.398726714,0.545184156363793,0.237333265083341,0.301064192264911,0.514857527797659,0.233498706619799,0.325412554124832,0.457254854690189,0.237786779742285,0.319516889706667,0.465533987695644,0.17806993020805,0.294488865466895,0.325086267644737,0.0741999574435402,0.406493435462178,0.411779000937258,0.0175544624349013,0.398417759,0.398217885003464,0.14769969983305,0.43409535,0.394837953396295,0.289068804984605,0.331905439595193,0.475668089816572,0.151772882177296,0.232428567499931,0.389694556,0.172321378950816,0.280275336417091,0.412982607782116,0.180181283151144,0.269392798215176,0.431114802085218,0.197054358096469,0.271537877095438,0.346842659726095,0.140740301439996,0.287082299,0.398252663002917
"79","SEEDWAY_9558_SBR",3,3,30,319,1.98,0.74,0.49,3.21,0.234862818285081,0.24038944003974,0.0962295909308978,0.291315161369087,0.276647926799881,0.535241009660039,0.278532618611801,0.33207969980445,0.551281513,0.216834217972819,0.386543421910532,0.527006822193598,0.0369590610938795,0.437925920309535,0.427200080876035,0.014128264877538,0.516195693656669,0.480231541624288,0.0153637557445602,0.272734292540696,0.398799361196978,0.245626445370787,0.291448093,0.488903714016836,0.181372728564988,0.275804728242795,0.492855508617497,0.295228056925532,0.390595959450577,0.539479794854081,0.220755908460316,0.350201402697829,0.497006812777518,0.236105875579854,0.322711533789505,0.457814125289235,0.239007143578463,0.30602553394583,0.467497388621297,0.173168199780696,0.312406937255101,0.340513007602512,0.0661773272020015,0.414578718516695,0.400092204,0.011587743484656,0.391734066372777,0.394789118885626,0.13765527130368,0.441668599780296,0.390192691488485,0.285935049994118,0.339103041539892,0.475648532581136,0.149861350570878,0.23872704614436,0.372809550482923,0.17615772267683,0.274058249177948,0.413492038029238,0.175468774039589,0.270140056,0.445950654234296,0.181297378343524,0.248422983247956,0.341891253619871,0.141709606311099,0.287289232648077,0.403517470656083
"80","ALFABAR",3,3,29,320,2.17,0.85,0.53,3.55,0.25740015943365,0.276123005451053,0.104085067741583,0.279274189830683,0.291146346152043,0.543734117271969,0.28383697983832,0.351696131282702,0.551942286348502,0.216659480608957,0.415276147766487,0.549248445525818,0.0378829966919476,0.423574358434407,0.423999936599156,0.0179645978829008,0.519115706758987,0.479017788414438,0.0251866333233418,0.317589767645495,0.396000875629359,0.24245834850407,0.277316491371709,0.504302467775119,0.16171861074666,0.293578802867231,0.494747536931289,0.283656552276929,0.432030421662181,0.530509218612818,0.229411968401304,0.316275883466081,0.502418829592472,0.216027371026267,0.325098795545219,0.444034332633729,0.225818553844001,0.324347469317609,0.455744195831423,0.198150588725725,0.318344381,0.339625152769088,0.0696223366455869,0.402464964684999,0.404610341664243,0.030998179473634,0.388498601806587,0.386283622025067,0.145062086040756,0.445268553134073,0.400103113136488,0.322373464268237,0.371775560978702,0.518283045977011,0.193445367666738,0.276662946864728,0.430932396580098,0.210908368666534,0.341958614881032,0.460656061969207,0.190772041602483,0.300966042313087,0.467897071,0.175980268668507,0.25785462,0.352095893200188,0.140401971524938,0.316190072033253,0.425474418402211
"81","SW4412Y",3,3,28,321,2.07,0.92,0.5,3.49,0.245538400934403,0.298862547076434,0.0981934601335692,0.297671031846689,0.320146918164683,0.551610778218509,0.285315195029442,0.378606838962,0.54838948787062,0.215647484802197,0.438103302959464,0.536407455115055,0.0490648781333584,0.395586547847754,0.416271180287904,0.0349222955728294,0.506737993360994,0.453244753874556,0.0629390490954055,0.300407775947612,0.379226742480652,0.263088508562551,0.321656742290933,0.518313091796548,0.174845548734321,0.349573783561301,0.501241028,0.30345758778276,0.446208686557569,0.54229899202157,0.243496972477365,0.336531618991646,0.502500061595633,0.226793055347122,0.348736220621325,0.46219025942103,0.241010744411323,0.346847296621221,0.473961990048502,0.222753447820552,0.36188457,0.375504898721219,0.0658094359397503,0.388180795641099,0.395092204457267,0.0517239321478698,0.357762450006373,0.385614942653131,0.175732776368746,0.447557693387009,0.416468572857194,0.333817214669455,0.405172491039426,0.524943732869492,0.196141609071506,0.285247728677357,0.423356448211528,0.220254723104069,0.344681838855726,0.458156954591006,0.188381640145634,0.288096718139311,0.449665674488974,0.158046481435608,0.23746190054382,0.306170328,0.123509173831396,0.305157803965093,0.38865680289874
"82","GUARDSMAN_II",3,3,27,322,2.11,0.96,0.55,3.63,0.250283104334102,0.311856570862366,0.108012806146926,0.30817411049421,0.311849865826297,0.558133126,0.286543650939806,0.358490169652767,0.557351487764917,0.21625381161325,0.409349108662118,0.53146351160091,0.0492364279389956,0.385340713855041,0.423847615936073,0.0203659377372128,0.513447741045675,0.469915937304777,0.0417873545519311,0.314550318273326,0.401136583005533,0.255442154763018,0.294109529495559,0.50923254985755,0.154242851267031,0.316376075270719,0.479416717968313,0.297612658185557,0.430661063055024,0.542070985477626,0.240344575472093,0.309847669491653,0.515701478114921,0.238633740226749,0.328774209070131,0.469903977,0.242439949444792,0.329386017244519,0.474125999,0.219806239301658,0.356571585487248,0.361258710053891,0.0673930677611045,0.391241606,0.39421274,0.0301930751815912,0.389306354211009,0.393951823,0.129670963607474,0.444476311529729,0.388856957899022,0.323223925118434,0.373490058739013,0.512341399,0.190411971446749,0.264453167404114,0.410626041218879,0.211314845099609,0.315359844088426,0.450862628088869,0.204138449355183,0.298930860015239,0.440404216,0.168053768860552,0.243487303826532,0.330509612285145,0.141905763162667,0.309134050401515,0.398105182694609
"83","NY0651",3,3,26,323,2.08,1,0.52,3.6,0.246724576784328,0.324850594648298,0.102121198538912,0.324057846162291,0.319631520709671,0.583261362890446,0.288346596249514,0.354387515555107,0.554491911344298,0.229993731060778,0.424419120286621,0.525452655634469,0.060276570067261,0.35436328004266,0.417194308868533,0.033754417184379,0.51174195780137,0.464369674489374,0.055964540435832,0.291965682423794,0.371885464319271,0.255228129038084,0.296236013141873,0.506610430574799,0.166864642069249,0.288924033465184,0.492526116665841,0.305597016340818,0.413521753928186,0.551182592130391,0.22659409708298,0.318604122407509,0.511732140615637,0.234898257740469,0.324279242,0.468068594361563,0.251207676106764,0.314689554694516,0.492355621,0.239144397232669,0.362673423292353,0.385243756313819,0.0677750759811503,0.396405126716895,0.396032267899978,0.0613166824373962,0.381749144102085,0.384094971321862,0.136555681433186,0.444051634990914,0.379638665502043,0.330986284390564,0.367365672489012,0.528042946,0.190952297919734,0.247071500860705,0.425021063599607,0.2035750639153,0.270682836771072,0.448317545199898,0.207100667031835,0.309905640687648,0.44769956610095,0.145428506384457,0.214964829974612,0.30224474,0.132127113288143,0.323343239025714,0.371368749575955
"84","VERNAL",3,3,25,324,2.02,0.69,0.58,3.29,0.23960752168478,0.224146910307326,0.11390441375494,0.29806858879459,0.315845598470864,0.551504921262145,0.279318594885575,0.367331932773109,0.554704561069711,0.202355689996356,0.408659097053258,0.515235596266081,0.0452163345253971,0.385104990665358,0.436425935926654,-0.0022978977776514,0.516429950086582,0.49148202,0.00743526640946824,0.325720486599744,0.441824061043875,0.199779807973378,0.309848175381264,0.451875288042567,0.103825741273535,0.366790026488161,0.415607376115369,0.258239416955852,0.390279916713443,0.506498246472555,0.209283295240035,0.27961869598739,0.49391381058231,0.207493549367403,0.324756877369016,0.435721985173234,0.209165809953043,0.331379561539573,0.438417200978822,0.21317124963719,0.329655489964343,0.349185852852009,0.0590554533202952,0.41155450642283,0.384774896391928,0.0353561639618587,0.409482014,0.373789631147442,0.108851866622749,0.443305196145531,0.360217224457818,0.302073447789952,0.363383594278229,0.503900835657539,0.183218834472883,0.259620609150134,0.422995902428292,0.182273562799932,0.270532750872436,0.43426853455851,0.192445101361156,0.313405723073543,0.439685066183336,0.147977287698229,0.244341856467443,0.341342173604895,0.114430837139821,0.308352398398806,0.416909966754868
"85","SW5210",3,3,24,325,2.37,0.72,0.54,3.63,0.281123676432143,0.233892428146775,0.106048936944255,0.342326808350153,0.383443292601613,0.591275083,0.308462141692758,0.404457613233973,0.551461867765974,0.253164628993226,0.443519234133232,0.522067490418714,0.0596624551104997,0.335854690164995,0.422030051859906,0.0319737811025857,0.50371303410729,0.469518589344764,0.0592373481272308,0.30005202183162,0.383123992,0.267580012638466,0.35746920563097,0.530798820596615,0.195715890074274,0.248896012152004,0.507314317522991,0.320966370120015,0.456144183,0.558257411112231,0.245975387875112,0.300601954594704,0.516963918179365,0.250725152794236,0.320362861853511,0.492467267190769,0.268754065601763,0.318494108436585,0.517659199902871,0.270129503007895,0.396383847626794,0.409801031,0.0678058603273885,0.390032521904783,0.383789147104952,0.0799634506634271,0.367536068763333,0.389513423424073,0.18189438716163,0.444962447638436,0.411087258218406,0.357919781434407,0.435874710099093,0.542042878979549,0.218112479435557,0.293347054626088,0.445996870734712,0.234043052006186,0.319418041224172,0.462567849162712,0.221175197797388,0.335881969226047,0.441413277639823,0.181456754358835,0.23795703073942,0.308678370028063,0.145463561530208,0.259983038197978,0.355209444331366
"86","EZRA",3,3,23,326,2.25,0.7,0.49,3.44,0.266889566233047,0.227395416253809,0.0962295909308978,0.301130673634298,0.313822544799843,0.554337919,0.282895207336016,0.335800301252576,0.543638946144495,0.23022231900886,0.368335798,0.509325254838351,0.060329279988885,0.333078429670922,0.429868538002143,0.012544909049707,0.520366405,0.486109361660439,0.0238656149205163,0.327187290865309,0.408458454514182,0.228375556679011,0.28487687366167,0.499040076416005,0.150671362663696,0.284770958786498,0.475406108551925,0.277147122629192,0.3891098989143,0.5304101479104,0.223893129261901,0.280268527268378,0.507872505204522,0.242170928208526,0.312414440221605,0.503879852326659,0.244528620153841,0.310041091273704,0.505447262709931,0.256029599482318,0.387104828057321,0.398341277829666,0.0728086342805987,0.393041664491332,0.399999502780699,0.0509141489613659,0.407368000009467,0.394609233638534,0.169266535674089,0.43475008282883,0.410225721112818,0.316610721829006,0.357445709466582,0.511235373181531,0.17196335042272,0.240020726678506,0.407104821702801,0.191677572946079,0.258736440030558,0.43846256684492,0.178048901839389,0.292402813652387,0.403547822885023,0.153968151897934,0.211538595732028,0.295384009710968,0.116887849227561,0.314207389393049,0.376359872472852
"87","SEEDWAY_9558",3,3,22,327,1.75,NA,0.43,NA,0.207580773736814,NA,0.0844463757148695,0.250821749030227,0.28039157197302,0.519890461852322,0.259420323578409,0.333948787061995,0.54100602505153,0.203663291817849,0.385351684875085,0.515713944945375,0.0654677071819932,0.304743914708069,0.412846164648788,0.0138768482112933,0.513338710152475,0.48747470607662,0.0234243370651584,0.309436032148106,0.422457891609594,0.178866122601108,0.319550476337807,0.458894947854224,0.134073354903065,0.290821486780686,0.455608862094098,0.250685167842606,0.37012870182245,0.515725755808468,0.185039528724853,0.32134123440053,0.483665378867229,0.210050177432611,0.346932633272243,0.477177371610258,0.225577919644337,0.327050429438349,0.495257861872196,0.235389158010962,0.398044736780585,0.404372109819042,0.061763597828989,0.392010045759389,0.396939006664928,0.0581784737621084,0.387584144414542,0.37929644567259,0.17226295061807,0.440295162486987,0.425361811771608,0.312067337123986,0.367458349180189,0.517009619041582,0.17034111717711,0.26119291298124,0.40786976929991,0.172050368039308,0.257956365644849,0.430634053877633,0.173699286594373,0.322718734552645,0.42411709781952,0.152588034947448,0.221745422467184,0.31871272398158,0.107142293164218,0.326262758155426,0.387189887053601
"88","REGEN",3,3,21,328,1.95,NA,0.48,NA,0.231304290735307,NA,0.0942657217282265,0.276375657842237,0.306239626410105,0.537005701371893,0.275263026671778,0.337782622482955,0.54488782305375,0.196688844778963,0.387640220727383,0.525976496,0.0654074111539752,0.294291320084821,0.41252891248306,0.0150229381748964,0.510021362383121,0.484643258380505,0.033396902748653,0.293100401,0.405334306078908,0.202874134461336,0.287229239986593,0.497812578557064,0.157199917386068,0.261637218342167,0.475678655920446,0.261552036298909,0.392795775,0.520963969,0.200521405588696,0.285442097400424,0.488573679494784,0.225744539494901,0.338891955194203,0.480379773706668,0.235529029719272,0.328505684327751,0.482281350674144,0.232211697227591,0.386485206789955,0.372250389188731,0.0626823230438007,0.383847955309929,0.39724813977829,0.0404696799940213,0.396652871901449,0.370460769253938,0.153855297487457,0.435078676279255,0.404510492721679,0.315486199662651,0.359663714948345,0.517846168037107,0.175908914771187,0.273259400460561,0.414421107632541,0.179339592560558,0.279742411689388,0.437203811101906,0.196265158803258,0.341607108596863,0.43636325763182,0.163023848779909,0.238940208914947,0.323429063017659,0.107875097355973,0.326131487889273,0.390678743469706
"89","HI-GEST_360",3,3,20,329,1.73,NA,0.47,NA,0.205208422036965,NA,0.0923018525255551,0.302297348708494,0.325896109547506,0.575540029,0.292084359009785,0.424063606574705,0.561394085936261,0.210224598483942,0.423263362116947,0.523982634416297,0.0586904157546905,0.342375199401315,0.412935584,0.0202864703890774,0.508866088775397,0.47630480392793,0.0489790155783986,0.291791099853019,0.39395352909904,0.22230797376134,0.29180532,0.490377545248869,0.183549705003636,0.258630705981418,0.489838971797067,0.283457563269189,0.415017075511439,0.52795846831791,0.20679416506238,0.282727856210729,0.473276705294994,0.241861925271792,0.329397347174164,0.462463247111767,0.25598370260976,0.322219760114999,0.471288541232462,0.231720577113146,0.387836608360008,0.374959471481928,0.0608891942635091,0.379360274678784,0.390232568391123,0.0843762885594218,0.356549142681999,0.382560747154798,0.190065495759989,0.438944196931001,0.413903674725839,0.339621942534664,0.404263992773834,0.538410137762001,0.197839954907561,0.277784116443425,0.431842322487093,0.19521058159509,0.312107970460912,0.440952126305067,0.21094981862101,0.340705442961498,0.455612127203823,0.183062170365576,0.271674522,0.35429794152277,0.121736458770185,0.292875771761992,0.366583621683968
"90","SW3407",3,3,19,330,1.8,NA,0.5,NA,0.213511652986438,NA,0.0981934601335692,0.310288318354947,0.382299950167395,0.55723286331595,0.297762658299362,0.455423603403626,0.538807541884678,0.227601908199219,0.431460490116566,0.499317939665728,0.0562778629309107,0.399265691,0.420202731791319,0.0126870527000651,0.495984368371018,0.468635159007833,0.0531437960478596,0.291374550458142,0.380140976326735,0.248271929634501,0.344046683844478,0.503363289760349,0.189942982444658,0.329910628993568,0.470180298752485,0.267895449821964,0.432730537432418,0.498861772788431,0.206081668820592,0.266257671661021,0.447855540512199,0.226519385845991,0.339419596,0.421789047629156,0.234213577795317,0.349709870069518,0.425833809556704,0.194738471970041,0.34971188343428,0.32929428,0.0714344149357584,0.364699307951181,0.407541459045819,0.0735326216876373,0.36810160099855,0.37656522439713,0.196744083706234,0.438566938615155,0.421238003398081,0.326604022415658,0.408493042378242,0.516127450980392,0.214010357498218,0.300117673111911,0.420614216011938,0.20128952520277,0.338609625668449,0.428251738595566,0.206821333521612,0.302041192947767,0.411715384192893,0.195639554724038,0.27668664788838,0.338259118482864,0.139198475203804,0.276945518691906,0.37002944568831
"91","SW4602Z",3,3,18,331,1.85,0.91,0.47,3.23,0.219442532236061,0.295614041129951,0.0923018525255551,0.309108204529818,0.385668270177511,0.563070606052081,0.298048653472012,0.471762063315892,0.533310739390096,0.225272227654393,0.412207432851486,0.503661085,0.056846006951079,0.40857733240538,0.405690466183291,0.0114360052915833,0.503095573444484,0.474591105665548,0.0395233532196161,0.265813383274292,0.36388619378195,0.259074175409148,0.361191061006844,0.506101865,0.214231767245351,0.326611048605657,0.508445076575078,0.300708640136963,0.474126288475487,0.548558091292541,0.218684961460561,0.284021131208314,0.477154990838776,0.276243981115373,0.378267089345061,0.475482530315145,0.28436659770783,0.383173510676823,0.487226537887494,0.228588924167639,0.389268688630843,0.368911645,0.064495068134401,0.360702150091286,0.397074190945347,0.0569946058629633,0.387378638441762,0.370202114943856,0.187743666375311,0.433341879556923,0.407410723852382,0.30270179109793,0.392527415060852,0.506449274213996,0.207890470878709,0.29828585158135,0.415413440787845,0.195065260856653,0.340208003816123,0.420776405312445,0.195879279812011,0.284513805522209,0.415021131740367,0.201811106963526,0.270960155767085,0.329382394340893,0.139884113549522,0.268093594263455,0.365105356793106
"92","PERSIST_III",3,3,17,332,1.82,0.9,0.5,3.21,0.215884004686287,0.292365535183468,0.0981934601335692,0.279788729275365,0.32899555717765,0.537528513374088,0.28408346634711,0.393010015326885,0.537993763543153,0.225474319283618,0.408988597872239,0.538064977815944,0.0450651156285736,0.45736055493853,0.404099883500949,0.000375204310653759,0.513170628,0.484702167155877,0.0289707563280033,0.290027602909211,0.370545238936899,0.230655984585258,0.324644136500754,0.502983466356628,0.180598935174824,0.282916433745398,0.493093383149001,0.266804616732914,0.428952649044189,0.525882069317602,0.209318193590795,0.283208874804904,0.480066148938135,0.249632092344822,0.3516100364929,0.458861464064893,0.255292617048277,0.374100147158255,0.471047189026139,0.217746910574894,0.366564794795962,0.345482999259386,0.0501325688313045,0.402138167299378,0.404895124018924,0.0719455705043415,0.363475850838857,0.395870743734756,0.170155500727158,0.437547265427046,0.408923561728931,0.317960999936066,0.403479481978468,0.522461122379986,0.215126695090266,0.312410822452551,0.457196079878766,0.200849986261259,0.339774509803922,0.457657626687038,0.192078316395162,0.285653110559292,0.413458643731465,0.198454176396343,0.286224413543071,0.359597938450338,0.128574301907253,0.293409555831212,0.399124474984222
"93","SW315_LH",3,3,16,333,1.83,0.74,0.46,3.03,0.217070180536212,0.24038944003974,0.0903379833228837,0.285280571889139,0.321884640991739,0.530840038,0.289178785916156,0.388611595581629,0.546557132,0.235110085866029,0.424756770510313,0.495297457182386,0.0425827728166704,0.452594622929142,0.3740116544337,-0.0075464201775661,0.519595374325189,0.49579253932447,0.00768696584869473,0.303100472867859,0.38984828181076,0.192120077659841,0.30592778510977,0.453585737179487,0.175100757511289,0.26712331028887,0.471716635649809,0.258362417458821,0.404281869341816,0.525021469316868,0.210219087656807,0.287776481765589,0.479937190481942,0.261598753434023,0.36147175579001,0.481827541554334,0.277805012500791,0.372272286730428,0.496527965301633,0.234090529767937,0.381925943390048,0.372067815873073,0.0504732548014283,0.396376595976553,0.387363208569508,0.0705579202510083,0.369203939640372,0.393784524562513,0.162900263604026,0.438473440377973,0.400861255,0.289944783489329,0.37287871600253,0.492100332068311,0.176475160109381,0.264007659607727,0.402076286335011,0.176162126411534,0.312121965303407,0.42574401847807,0.171316372234332,0.276322541167807,0.405005550411272,0.19367405207544,0.277414345548593,0.34665071085136,0.126323357918006,0.278304633964312,0.385827125313793
"94","N-R-GEE",3,3,15,334,1.85,0.78,0.43,3.07,0.219442532236061,0.253383463825672,0.0844463757148695,0.287064425869288,0.282136181044426,0.55772206508185,0.281374432872526,0.346030865176259,0.557224248,0.217541443223246,0.407874624302276,0.532207591876978,0.031263089326743,0.447845673288658,0.383215305869446,-0.00419529649824937,0.518275231726492,0.467717715741735,0.0299513043804895,0.299412341333414,0.337231837,0.228616658493027,0.296837737,0.522533274551791,0.197532244310774,0.32662567252331,0.487109134523532,0.255628942830717,0.424010132558039,0.524395980560073,0.201421110802015,0.2850486347456,0.480135068884421,0.248029657868009,0.350172419498175,0.464716518236996,0.264478945377568,0.364890301161566,0.477102761676892,0.205752141195174,0.359965849997159,0.347593900047946,0.0421348553161551,0.414121525369372,0.40151912926956,0.0640799092790769,0.371273415535722,0.406529414169691,0.151604228484393,0.430513543617753,0.403092598379508,0.30853322514309,0.395283315373563,0.507236995013523,0.191010135418917,0.269003194398007,0.430982042185738,0.190736680099556,0.318335592879918,0.44383470161432,0.178567583967038,0.281156407768587,0.403411227504701,0.185204871441914,0.264728430877835,0.336600942663736,0.124562176265411,0.280765723590474,0.37737105638103
"95","NY2003",3,3,14,335,1.93,0.82,0.53,3.28,0.228931939035458,0.266377487611604,0.104085067741583,0.318968153907148,0.382691709305128,0.565104777,0.29039122811571,0.40934966439406,0.560181280059194,0.221694680394428,0.473303277515386,0.519501773134233,0.0203187783185028,0.449157723200941,0.395936062,-0.02774550268894,0.516998807828887,0.492531181572623,-0.00501600194478387,0.321310774661482,0.436792471751519,0.20443752322039,0.307724908873806,0.455617484707558,0.209868406160818,0.387945646200258,0.463295381908327,0.256234047567793,0.416254071973786,0.524277119705235,0.204556657836463,0.275217823192288,0.47413770620265,0.265582972552198,0.340141599069715,0.470877176810936,0.284303524089584,0.362850704496595,0.487620913637153,0.226134257176572,0.363188601565639,0.350621490486834,0.0383660483491398,0.426363088157396,0.390072112726311,0.0400293244643968,0.39857731,0.423390006615236,0.145610593992347,0.438984016545686,0.398310166360451,0.298901932915087,0.407027725068522,0.495983554712207,0.190696704200233,0.262915456283643,0.430288306361151,0.189532220022216,0.307559205500382,0.426892920804686,0.181436960682579,0.279688423314531,0.404074616147829,0.186721503023109,0.270166426860761,0.321676110488813,0.118990019664964,0.254693127077821,0.372863016486872
"96","LIGHTNING_BOLT",3,3,13,336,2.25,1.13,0.61,3.98,0.266889566233047,0.367081171952577,0.119796021362954,0.306437650352564,0.329915675021802,0.568551260772123,0.290627703340456,0.365910496273981,0.571500317107975,0.221148724130186,0.438430100345085,0.510712116152219,0.0183993368433251,0.459366618550673,0.410393860491244,-0.00710084638876827,0.499031758573263,0.471458507483196,0.0484020837043878,0.314203708915783,0.392687118866685,0.259451759055051,0.33901754521664,0.543854533,0.268596751898358,0.367023655366152,0.512314282142545,0.280140501852919,0.440097967251496,0.552450140809933,0.238738320806403,0.290641730350542,0.516037279480121,0.30528196655141,0.355852279562132,0.511224210603284,0.313739236534454,0.385447137112558,0.519265904290616,0.257472132197828,0.371551740860724,0.369837416207446,0.0469639843394145,0.411043737895818,0.391200461419511,0.100750264083273,0.332028388443566,0.408069807096149,0.214234219849357,0.438053773150234,0.437617816,0.356987427435659,0.464285940669371,0.546264103701826,0.230983624152614,0.313898984460298,0.480211896607105,0.237503353550782,0.31487067026753,0.471006826164005,0.2209813350221,0.307872796177294,0.444417421870709,0.217269523585014,0.297447642377271,0.369467214288578,0.143513995117757,0.247666536092794,0.371338899044634
"97","PLUSS_III",3,3,12,337,2.06,1.1,0.56,3.72,0.244352225084479,0.357335654113128,0.109976675349598,0.303615980753235,0.33832583504706,0.56094597724545,0.304298100920704,0.391581576026637,0.577832963374029,0.213341736839521,0.428604233258591,0.505959480304693,0.0153440553937867,0.45164553493896,0.41618895262938,0.000509409071526996,0.491711548028465,0.46748311939142,0.0691848528444197,0.297546575208526,0.376161716444665,0.274431140809633,0.368320684804971,0.541385617416131,0.291302964312172,0.395281899599729,0.527170649325531,0.301180546154929,0.444460796307757,0.565102884804521,0.259756078348603,0.312506246610252,0.517123646173048,0.342087064752523,0.370025597027625,0.533993821733129,0.333585677530539,0.404237969341681,0.535437193987235,0.264093726264875,0.387688511714026,0.38516671007812,0.0559111788443375,0.389300482573595,0.397033415252068,0.106800479408468,0.338754770889099,0.416447692777589,0.236874747191035,0.440904300970135,0.449523112050935,0.357070895453816,0.45285454699121,0.540050023242055,0.21693197960864,0.283869809826935,0.456331696331002,0.234727685633291,0.321738102023189,0.458708533302634,0.218019034563777,0.313605332543976,0.432751621196424,0.213052938554943,0.282411994357141,0.352760788271434,0.145152443828375,0.248251534242998,0.343816783
"98","NY1517",3,3,11,338,2.16,0.85,0.58,3.58,0.256213983583725,0.276123005451053,0.11390441375494,0.277608798802818,0.316785523391566,0.522196904,0.276793058409057,0.348574467522858,0.546896437820411,0.208767018468983,0.406993464052288,0.506428923556446,0.0199633607045778,0.434469793460429,0.400183183152584,-0.0178518035046493,0.522975248458551,0.485514861766241,0.0213817930953121,0.283940797902079,0.398584254057076,0.214639243160511,0.291594656024803,0.484836653678565,0.231594963915014,0.356956975019046,0.481922007344981,0.255294804335366,0.40056371949318,0.52939365371791,0.235189394446365,0.248546252912272,0.504412350615566,0.318561760691219,0.328008064363643,0.52197952710496,0.293224565222354,0.404218397084466,0.506695281934702,0.24195204042463,0.381151958,0.380695027470364,0.0646581146078369,0.368098533948891,0.389849143664059,0.0609115430103043,0.394501622871371,0.426208883553421,0.188575606702744,0.431590665,0.418054426071504,0.311585489010421,0.386048914189332,0.511948397638625,0.187578146360113,0.234626145431229,0.45283218772118,0.206079193180237,0.309535932824155,0.467295036465611,0.201170670614311,0.31909969467239,0.437037171032797,0.219789982267272,0.306255523216909,0.381330029688023,0.158222912039556,0.263635253409322,0.387212700997354
"99","NY1614",3,3,10,339,2.12,0.81,0.53,3.47,0.251469280184026,0.263128981665121,0.104085067741583,0.27308588766213,0.297772315525923,0.543863757841731,0.271111882487773,0.345656942022092,0.551572194915702,0.211195521892164,0.419253375316063,0.529210756484265,0.0173035669957678,0.440517544053694,0.424117607354203,-0.0258695082197972,0.517713092634367,0.480975773607087,0.0222370676714205,0.278903586953123,0.359401694968258,0.187997923438122,0.312603957181163,0.504413990489358,0.21420644367519,0.372035767,0.495361033863804,0.240728790061096,0.394408742209876,0.526572537505337,0.213941641270027,0.247791120493678,0.49852236582518,0.279086287286934,0.331593676806702,0.484977462655939,0.24533368226845,0.393908841427037,0.46310734179441,0.19354328880803,0.351053658570554,0.335545949183052,0.0701614424422365,0.351387725501194,0.391984324967328,0.0554231459690236,0.401362007168459,0.424270594259209,0.180684814406862,0.434264359199991,0.419296627819071,0.296861566522922,0.350879368449966,0.509396789426978,0.181850941159761,0.237366061800818,0.447166509624445,0.202700807674196,0.328126299446597,0.471545571611814,0.20652737590313,0.335851324788408,0.444663320174797,0.208950863483708,0.292548519686737,0.367663436,0.148712791717331,0.260928149806635,0.372510889476898
"100","NY0465",3,3,9,340,2.01,0.8,0.6,3.4,0.238421345834855,0.259880475718638,0.117832152160283,0.267701571058948,0.297467193535331,0.532997840587136,0.274986879426643,0.366394645679884,0.549236336730232,0.195711048594176,0.380350492183897,0.514729577151217,0.0286555828615164,0.407468665964462,0.404367054467365,-0.0232455348067762,0.507714759383735,0.495233605738707,0.0185631817015207,0.262154298401976,0.327385808549895,0.202473942440792,0.291567472813537,0.504432758113952,0.203693434949778,0.332929052771115,0.499381196000594,0.240133461599347,0.404834954714769,0.525859852137576,0.223152871120693,0.231898448472275,0.494654677911749,0.268361430563102,0.320956473235389,0.469409070281922,0.232819811616775,0.404200813452316,0.44431242765068,0.177998531823042,0.325001939525104,0.317669124070161,0.0803437231246761,0.330537221,0.398616238685153,0.0420755866035674,0.430365221030151,0.424873077,0.153149486702033,0.441213462,0.402084895889139,0.290702249118724,0.333898506300783,0.505737816052807,0.180217106508826,0.251190987947552,0.45255559077547,0.195533141818467,0.349744938881581,0.466274748854914,0.212831940969425,0.352600757950239,0.447108914153897,0.202905517144909,0.307571982129903,0.365367028015891,0.134046710509621,0.257420991926182,0.38138204762874
"101","ALGONQUIN",3,3,8,341,1.85,0.71,0.56,3.12,0.219442532236061,0.230643922200292,0.109976675349598,0.247592433367308,0.311703519284328,0.509524127680723,0.260126282018424,0.342000554938957,0.550778896,0.192520728825087,0.422266272283447,0.513866227756309,0.0340096612609864,0.409212152563302,0.402669058019227,-0.0219580396504139,0.507362419543547,0.481073032619996,0.0216441106387906,0.239820643767032,0.318510370520795,0.173295810756482,0.300040325959444,0.473030443480811,0.180167265960663,0.286262008713024,0.482507907529666,0.233233927799777,0.410104252124143,0.516979590955541,0.209790903991457,0.244682253667043,0.487989452423833,0.250537792707358,0.338176798447034,0.447753813422398,0.212920865899432,0.391173225989446,0.422372973957385,0.144732212701847,0.324087514,0.310633549337584,0.0786682277419058,0.33615812152626,0.406747458866142,0.0567401977387294,0.410141192091539,0.433439129771047,0.149866717388388,0.435869036256842,0.406666641517121,0.277819401665156,0.316922065162272,0.493010215939824,0.187989031531002,0.250999208275619,0.453698019,0.191944091153448,0.340946000267989,0.468279831294705,0.197749368584341,0.350760578203884,0.456615742187286,0.200209980016106,0.326677196,0.39445410437832,0.133160829682823,0.253930953624513,0.386685273443451
"102","FSG_415BR",3,3,7,342,2.06,0.85,0.64,3.54,0.244352225084479,0.276123005451053,0.125687628970969,0.271143757241157,0.314563520193903,0.540028566014164,0.282878021285139,0.377236668252207,0.557571217166112,0.223436312730608,0.450996453731533,0.503090183,0.0370983926219354,0.397512082955476,0.403729554643036,-0.00288884642178283,0.488898431347102,0.471250227428587,0.0427685484548402,0.256590299277606,0.380472714763736,0.236167848724049,0.319431483,0.532459385997989,0.214619106627501,0.361273743,0.510688433,0.266926676738276,0.449144465713861,0.535330459563321,0.239022515001463,0.235444110526003,0.495769010966426,0.271935910453245,0.358931675641506,0.470915504419018,0.233963787387581,0.420076745,0.439771468240625,0.165253450121688,0.338565114139793,0.314955804016278,0.0768394718596076,0.349409179165517,0.398229153,0.0653324375809846,0.386393436314793,0.429085648732693,0.1794087970269,0.431191802768466,0.414184052491671,0.310763251238552,0.34602440438541,0.521858264811301,0.217910408003196,0.298970216,0.474125353166947,0.228377556779892,0.373344178699424,0.479261886024261,0.221313121893159,0.362625693414621,0.452284176415664,0.219287341928734,0.32936343899895,0.394602830907414,0.151812086702095,0.24094755826859,0.41147513111793
"103","LANDER",3,3,6,343,1.72,0.76,0.56,3.04,0.20402224618704,0.246886451932706,0.109976675349598,0.229931637539237,0.311561688281243,0.497021900582328,0.261084465372089,0.342438560329792,0.559567940383701,0.233024075721641,0.464032409395226,0.523960052796463,0.0266895002148705,0.409611341505249,0.404554331692836,-0.0021506030169233,0.483240008092005,0.470261247059332,0.0393453219975297,0.239691203425596,0.389431172311816,0.220456225376528,0.292134557249024,0.505437161481295,0.200763013360036,0.315889712073931,0.490451879055484,0.261992037665827,0.42761182035819,0.528554911076248,0.227693465156625,0.235504903737072,0.485627349139922,0.265540653832435,0.337020203452644,0.454048135647702,0.234717287841196,0.387508399324286,0.434478572041606,0.156068177402799,0.329492939714127,0.315162168466991,0.0769334772289945,0.344385015606193,0.401330414136553,0.0703354111756678,0.369008403361345,0.418704617330803,0.192524586439006,0.44194754404494,0.425598363206849,0.300335152325212,0.348999314779675,0.516722274931478,0.20112212179466,0.262684452241072,0.458961466,0.225788797397426,0.377537258928083,0.472439873957219,0.211113800619891,0.352157631680123,0.452032624814632,0.195803721992187,0.29251748291806,0.380661489358711,0.125146577482758,0.281055566863424,0.384548205441346
"104","ONEIDA_VR",3,3,5,344,1.69,0.74,0.57,3,0.200463718637266,0.24038944003974,0.111940544552269,0.217061442515953,0.321803058861038,0.48711635299744,0.255230720430796,0.3327059880556,0.545016251783732,0.236635979539767,0.449579854650701,0.5300658365536,0.03011637642828,0.380942382823741,0.398407683,-0.00308028773385275,0.500460964348104,0.477445191300841,0.0317230493637654,0.2528759924888,0.407855547,0.219735566540463,0.283214345567287,0.507053795877325,0.198963182712292,0.303732990850617,0.49114097220748,0.252485733904068,0.409275521174175,0.524054687307514,0.236852026666606,0.222852400637229,0.490943759280659,0.275268436983814,0.347071796359588,0.493093736953461,0.247864213365658,0.400202525763161,0.464336626077782,0.180116846555821,0.360482755557171,0.348608007,0.08016795813782,0.322402708,0.41338312512327,0.0689037427844291,0.382031093919049,0.42403462125591,0.190351059342464,0.431938791036199,0.421023008061687,0.302439135931723,0.336219838150778,0.516279343094997,0.198123841167356,0.257915868790862,0.464875083,0.22957154399328,0.39410603421323,0.484193513396247,0.22644904627363,0.353745004851256,0.465925109769935,0.210673933517824,0.29976935931465,0.395786081675652,0.140945304409689,0.262101499423299,0.371372685
"105","WL_358LH",3,3,4,345,1.78,0.81,0.5,3.09,0.211139301286588,0.263128981665121,0.0981934601335692,0.282521371508528,0.326259677000498,0.544032604092824,0.29818782974925,0.411475873368215,0.575986074,0.24881186791239,0.473012101839925,0.517280823115945,0.0304385731418327,0.378254800430398,0.393632740203027,0.00434205731738185,0.488530392501531,0.456605372181792,0.0565361205510719,0.269428776933421,0.350494417862839,0.259496890087912,0.324645314856712,0.539674328598961,0.242575629503247,0.36711234235063,0.517613211530252,0.283918551517286,0.472551363246577,0.537216682621438,0.252310700660469,0.250651922174368,0.497219182502754,0.286329248345633,0.391546903857176,0.484969207218554,0.261529818734475,0.43963015760377,0.452182882334102,0.167172097826151,0.338605033347907,0.328784349537994,0.0778999185648506,0.333894397076885,0.399725100806575,0.0902082536296279,0.340656272321268,0.412308953999851,0.186234060888392,0.44300957177042,0.420948452240641,0.303245449240709,0.390831752055661,0.503904306346194,0.195141272677275,0.247028717739403,0.406323952774437,0.223369046529928,0.416846426722378,0.449598929051553,0.229121613362824,0.379569612987421,0.444643501,0.189353930639681,0.278025186650232,0.350787558,0.124047764193043,0.301340389442974,0.351243503629826
"106","FSG_421LH",3,3,3,346,2.19,0.8,0.55,3.54,0.259772511133499,0.259880475718638,0.108012806146926,0.288101502957771,0.374792528202099,0.533970635,0.309260693523956,0.451232625125522,0.569284525,0.257690886749798,0.479336386622776,0.512074646565845,0.0188485115898695,0.426934376730079,0.40914715675519,-0.0310955522035772,0.517166118929565,0.484147432251728,0.0151842407182903,0.320993464052288,0.393334208962692,0.252282932054361,0.332690605622591,0.51302240447461,0.238248901757093,0.394598113514623,0.495486988251333,0.276682277627957,0.468461653563322,0.512402115524563,0.256954538000215,0.273164207,0.487543963110066,0.279683787915744,0.398714239794278,0.46363603059353,0.247914862685335,0.446427696732584,0.413312065511589,0.177218210752405,0.351172430330747,0.329386878331827,0.0700048170544114,0.344584163,0.408740245178837,0.0418458171806777,0.423385713907788,0.434433253247331,0.154398233814362,0.443283979824045,0.39940913822753,0.266040567331327,0.368824084051724,0.464180823191346,0.20903029265605,0.245590008351462,0.405894076830555,0.221837723793875,0.409330286062258,0.448145876464738,0.230797391750103,0.373146701817982,0.434165101334652,0.202527616718452,0.276981288890347,0.354157859462804,0.15238160748474,0.277206970468543,0.356792289612848
"107","AMERISTAND_427_TQ",3,3,2,347,2.21,0.87,0.61,3.69,0.262144862833348,0.282620017344019,0.119796021362954,0.293810253286521,0.310246800068315,0.569396697946569,0.29956910705118,0.385605676232757,0.595110062893082,0.244336495535015,0.451187761398152,0.521326749677973,-0.00477055866500893,0.486806171166428,0.440837615720692,-0.0358970575921769,0.512020189296924,0.479500255101716,0.0220807049664497,0.409333719423072,0.373055825066249,0.271093402166641,0.338605428816826,0.533284497025306,0.258619522700162,0.355686817009975,0.509887066,0.291608580752418,0.43478068048452,0.523565768211726,0.24744581759343,0.272163761456037,0.490082381906148,0.270611181418894,0.347251175220479,0.452035319119829,0.240230740899473,0.411574216534057,0.414488598898511,0.178472947375501,0.367577034372287,0.341348416749649,0.0736894368819562,0.35570718888942,0.407872647591479,0.0731471419657494,0.385291218303967,0.436147826261895,0.185029179937214,0.43881170747869,0.414430539240786,0.30854579999702,0.377482737718743,0.507523719165085,0.237564538643623,0.258762015177371,0.444373473904214,0.252820781205906,0.413738634405926,0.476549836335445,0.241253296230974,0.333894215220335,0.461091395462294,0.167771834176252,0.234064207575575,0.351538064565852,0.137775302412369,0.277756876890601,0.358218401122935
"108","WL_349HQ",3,3,1,348,1.91,0.83,0.56,3.3,0.226559587335609,0.269625993558087,0.109976675349598,0.275391395782135,0.319628708,0.52166955017301,0.290602620003194,0.379365255536177,0.585833597589979,0.260308683280233,0.453701159295835,0.512754003466756,-0.0137542930949807,0.504922068338458,0.44022974227731,-0.0310431313317839,0.515643778762559,0.468239772711369,0.00723268505283848,0.457707352159365,0.362066360196391,0.265110408064643,0.354665522525927,0.53189594092455,0.25127990146293,0.370454969,0.498500576701269,0.290602764686483,0.426615322950413,0.514003962552259,0.242662578482755,0.287496567170188,0.48225282573724,0.271194875227342,0.370875288645471,0.442323268775813,0.236711562238844,0.403313991337968,0.405053933605042,0.17291463410865,0.367344443,0.327337833031573,0.0700295195551252,0.368320169452338,0.390435489524832,0.0813455692679654,0.360237540373687,0.430746771908813,0.178582831324804,0.436517885842862,0.413096641206574,0.289597401210741,0.39341140551048,0.498007125802907,0.236162811203541,0.252778344673663,0.447077205430042,0.253230635395548,0.397761979442873,0.47040215296873,0.227014214175343,0.316273081781732,0.439595540176855,0.143996231375,0.226740259219509,0.343727005581932,0.119044376719245,0.299069661160802,0.360078534743531
"109","SW5606",4,4,36,413,1.38,0.46,0.36,2.21,0.163692267289602,0.149431273538217,0.0706992912961698,0.331406763239764,0.417264306987561,0.585886260004539,0.367401362292764,0.447140743089689,0.594419296,0.254327406146824,0.462776108010114,0.502521985274239,0.00206125930553716,0.486348666148138,0.460122680632967,0.0429288513428295,0.460889407998616,0.415032552505786,0.0309349411893344,0.418442288433731,0.376448114355006,0.244457738493768,0.360113174543322,0.475498182713256,0.179827332354169,0.299042958937454,0.450816698627003,0.278219331784233,0.426960064671819,0.506504603309393,0.26057893866834,0.290742086162977,0.489314750080976,0.212142519408004,0.35352981356477,0.38463197477641,0.167194349921259,0.408955092659462,0.362306345,0.160245672552772,0.239926523590592,0.315276793,0.0954790521242698,0.309848577882472,0.410858182711308,0.0997038388205814,0.381417401990847,0.378399867244825,0.176315877704106,0.459663524230958,0.415838429259987,0.237128422871741,0.341286210065923,0.467383076614266,0.170092068045641,0.217888773579853,0.383491171621819,0.228097017333402,0.295748035449775,0.458473174160829,0.159620437808289,0.297186600667664,0.42730001589677,0.188536939246154,0.19384524213106,0.351501820285653,0.082835345784737,0.276476164827751,0.28492211812583
"110","PLUSS_III",4,4,35,414,1.29,0.44,0.37,2.1,0.15301668464028,0.142934261645251,0.0726631604988412,0.323028325415232,0.370371386239814,0.599041292748568,0.366056642217089,0.429515881824428,0.596171713968606,0.243294170857382,0.443839034397214,0.521772339105959,-0.0099437576441908,0.488996631880414,0.468099211035829,0.0321986527682069,0.439097359792661,0.426033352799948,0.0362953161135524,0.419473213144099,0.385567138247704,0.253320011398165,0.346644696874476,0.495489515250545,0.19275939364987,0.268142385066621,0.462714317051252,0.278468669912238,0.444363164889151,0.508749526235745,0.270239372896061,0.288514187126933,0.50683759605163,0.225001377602868,0.358924924839753,0.393029123414071,0.168533412798866,0.407767674166923,0.375450946899524,0.18235281381129,0.269141794280622,0.313752004792563,0.0890162688939069,0.314852760563415,0.428358576303812,0.095111796151082,0.380849821410046,0.390733004312836,0.186165085661726,0.453661828450704,0.434485085628946,0.261143041859053,0.333117023749155,0.480915367,0.191587055259328,0.222908624585141,0.419090255132096,0.235215423023827,0.317916348357525,0.480225617519735,0.190456899715261,0.315711161176799,0.451559144205627,0.189026106426402,0.205378734501795,0.366794823525246,0.0770783353468196,0.296659213074797,0.282623609932319
"111","WL_349HQ",4,4,34,415,1.31,0.51,0.41,2.24,0.15538903634013,0.165673803270632,0.0805186373095268,0.308902345895334,0.363907039966685,0.58049942563829,0.346427201884776,0.419145326741331,0.58749093599704,0.222765581667816,0.413171763433678,0.517898637151535,0.00201385334649915,0.484491545468313,0.447824668934368,0.047415072322757,0.40710742796911,0.378197061,0.0421760763574672,0.388039403321137,0.364873753009976,0.25475802937929,0.333018038585884,0.498486375278163,0.206811482846816,0.280631564546906,0.471097477845944,0.270691366255056,0.443978996051565,0.506596957354021,0.239970428512929,0.308275485577732,0.482711396,0.209503719361925,0.357634864363164,0.373100011085873,0.14536882210043,0.413428138416678,0.342622201010222,0.177600817507998,0.292784865860429,0.304036831833602,0.0815278392113709,0.330079778836855,0.409031491384433,0.0872683917909868,0.380989675399167,0.377769159914671,0.192627413422401,0.455223018169016,0.424258136770191,0.236428837895725,0.348758828800337,0.479126212312882,0.178734051538678,0.219648514901642,0.409546864438549,0.216985219852817,0.319513193241445,0.472847781878436,0.192860986837039,0.30386752347998,0.432518811446147,0.173800390339921,0.196587101098108,0.350497707913803,0.0748444040546986,0.317162765452202,0.29062433000882
"112","SW4602Z",4,4,33,416,1.25,0.46,0.35,2.05,0.148271981240582,0.149431273538217,0.0687354220934985,0.306694590756287,0.39214586681827,0.570301873,0.346172971328551,0.433783758786533,0.577135457956768,0.213391021289473,0.405974905777396,0.498292861345674,-0.00496179144451315,0.48436048361258,0.447445568677266,0.0377209265254646,0.414924531878808,0.374452040241182,0.0166559063932289,0.390849047753073,0.355640366513432,0.22991401144591,0.335979004315401,0.462001686,0.180985443487731,0.278521710620974,0.432101268271052,0.247707364459243,0.40909159602182,0.476686360866833,0.220943019811431,0.300104502250194,0.464298269493215,0.193571444257719,0.366177888706109,0.350824635543706,0.127719715727196,0.422779386121909,0.323899086697773,0.167231879431151,0.315772572695652,0.317191046277216,0.0877890357542251,0.324527742777621,0.385910222,0.0555760075654003,0.410219623235042,0.356775564389867,0.157772369793686,0.462849971643887,0.404801928467148,0.189042932883204,0.350626743154158,0.433198635057471,0.147040552454669,0.186253956812665,0.356714531977994,0.176888251525578,0.27953453340363,0.409264894177902,0.175873576418466,0.298737628384687,0.407444059976932,0.180459701996901,0.207741174179283,0.340041337226469,0.0823820542702046,0.291512314268268,0.281177691837981
"113","EZRA",4,4,32,417,1.5,0.44,0.42,2.36,0.177926377488698,0.142934261645251,0.0824825065121982,0.286166850101351,0.320659268011365,0.564434996858619,0.328911187367805,0.361881111,0.57152410020612,0.205097788978679,0.387259555411651,0.502369975152919,-0.014140145433961,0.495464462128751,0.479722938312111,0.0345624729871524,0.443875586702139,0.425138015753962,0.00873455814428744,0.420459496930085,0.403629243539891,0.205525128974941,0.355907491201609,0.457067255320932,0.173468389436404,0.26882522767317,0.442612444953923,0.235860590123879,0.392236263235414,0.477790891252513,0.207440666880239,0.320254026401391,0.452788479393106,0.179101575719107,0.377867290305994,0.363575830909773,0.122840436179304,0.425525258678255,0.328176305218361,0.154238532766597,0.31604295512871,0.310965430348846,0.0938430888133695,0.331599055767053,0.407605466428996,0.0407102437616704,0.431474085198084,0.366031296337715,0.142733199294386,0.456929201553117,0.418088401116366,0.198537574944754,0.353655386885937,0.435365538688594,0.158288520152878,0.196304080058243,0.384105300790132,0.186448995103761,0.282898523045582,0.437087471352177,0.16770937710892,0.288595284,0.434615536355387,0.178647470174529,0.225672927657771,0.365977140065917,0.0784034696496797,0.306658660696112,0.297853992808196
"114","LANDER",4,4,31,418,1.27,0.4,0.41,2.08,0.150644332940431,0.129940237859319,0.0805186373095268,0.275293287761709,0.289503919930936,0.559167210614111,0.322330339194381,0.360381322340257,0.58604183182707,0.196769020107891,0.402323998536965,0.519205349617544,-0.0116635524522682,0.494925579361311,0.481738994304656,0.0319800797176135,0.466295428011724,0.430219979583127,0.00604578920847842,0.425530850298652,0.374929855833881,0.22480354010917,0.355436111810891,0.466512496326154,0.146213368311573,0.273985819517269,0.407122555506023,0.230133765088772,0.360005301362042,0.450836943536896,0.204554770488198,0.321395972327813,0.440879356936639,0.166072193118196,0.389734835351198,0.3255943325243,0.116452365157852,0.43735276324686,0.325180389226257,0.154486154597395,0.30929752919615,0.305335860257468,0.0961844621988543,0.356763438529724,0.393746257636259,0.0664780314180165,0.444082895024807,0.365836826574123,0.159887505290917,0.456715572843875,0.403719885764168,0.205640030674296,0.34646496260142,0.430004569176809,0.166112296016721,0.189428245236564,0.402072530003611,0.180588322019247,0.28342358966634,0.431914589139113,0.148970723509681,0.287223155929038,0.426243642555061,0.169985870895763,0.220501660415049,0.373519491455255,0.0663006879772738,0.33389738525821,0.3080358697308
"115","N-R-GEE",4,4,30,419,1.68,0.53,0.37,2.57,0.199277542787342,0.172170815163598,0.0726631604988412,0.279812506631861,0.286376487467297,0.564400183794226,0.341265827379773,0.363292902,0.582167697267586,0.22587781654094,0.435209516085428,0.502533276084156,-0.00682853221859737,0.494491210815085,0.47315939306383,0.035105045325715,0.474538304063433,0.436648001618401,0.0210161813872977,0.408480720517872,0.379093973793664,0.251622911762988,0.337260445269495,0.500837426357788,0.185067020041795,0.273476576965443,0.466470776931006,0.280361550339222,0.421956874259369,0.5287606087211,0.233657141216896,0.27214861794422,0.478383658468138,0.23555117374221,0.348562028475807,0.430355403974512,0.175497399223821,0.411110762229521,0.356675814,0.18774851710718,0.347417098,0.345183093911825,0.091097275193892,0.347140118885135,0.407164308604131,0.0810124659664736,0.446144875154363,0.384512394204994,0.194664144076589,0.458609680431312,0.427118535586277,0.207429459260681,0.336767077798862,0.453540480708412,0.179195709796084,0.216228323469345,0.40964760304358,0.19642474310869,0.296829354020738,0.445598654314479,0.154058820977894,0.295789311803153,0.41614939309057,0.194432799769917,0.236272296611524,0.357781246,0.104181519300732,0.29238319079019,0.276737992644339
"116","ONEIDA_VR",4,4,29,420,1.69,0.51,0.48,2.68,0.200463718637266,0.165673803270632,0.0942657217282265,0.250283093890207,0.304312041007788,0.522583060189832,0.347338895797778,0.344880820252629,0.584040219861529,0.226449974165199,0.448680406469157,0.528224321358714,-0.0133428404778686,0.504435516576963,0.491918124535243,0.0193157089911521,0.496262537199683,0.459082575344069,0.00437906931500956,0.407982906754314,0.394586094251024,0.266669226970238,0.313144560708899,0.52394445491872,0.171365443846317,0.254529758493076,0.464768977481526,0.301988709578898,0.415116797881374,0.54848023623445,0.258227029717554,0.252279729508034,0.508260244856164,0.270850702079488,0.316404379627467,0.464195342518097,0.197700187602068,0.409031916385643,0.367886740476056,0.213314880730392,0.363116922188503,0.368636133271144,0.0815116752491937,0.350752513582714,0.389996240799449,0.082418290539862,0.438821848976177,0.396333100202481,0.184954533627425,0.451997775430755,0.429287780686045,0.230266876755733,0.299163108791904,0.48045119122918,0.20328037711373,0.228257033971779,0.4497152252796,0.19813445483811,0.278625923096511,0.476039343009931,0.167427284360257,0.315423045930701,0.458289946115432,0.213482342627793,0.261299805291144,0.408046646805218,0.111873272531137,0.302465296153063,0.338950946468553
"117","PERSIST_III",4,4,28,421,1.64,0.64,0.54,2.82,0.194532839387643,0.207904380574911,0.106048936944255,0.259602042699307,0.291384691330297,0.526193584461586,0.366056585017802,0.384202737698853,0.593364383489245,0.225665886788675,0.475416567275734,0.535542038388754,-0.00445981149644257,0.488113813572083,0.476886656273457,0.0337637223654541,0.48922134813305,0.448202137256174,0.0183334983950178,0.373448541138944,0.360328235919567,0.267433249658261,0.35023132111517,0.508950408,0.184733048734078,0.273103431195647,0.485927191759658,0.307633413383597,0.444330246563428,0.554740058993704,0.248913805700609,0.264419781682452,0.494938291780053,0.26360484219867,0.344022827463717,0.463559084165364,0.189879643420978,0.409659484590249,0.364209354073646,0.205843258872648,0.354367508907117,0.356490792456096,0.0708813640781872,0.350704808359251,0.386015085633594,0.084130717458697,0.429614504945852,0.386920488789162,0.189627106705887,0.457354618671769,0.432055305582129,0.231945879957329,0.313190175274354,0.475754667914911,0.216372246904594,0.243008147379421,0.455133254305635,0.216122237155672,0.297429765760337,0.483876628756496,0.182132075962076,0.339547976053166,0.449125611028725,0.221156693261868,0.26608800798624,0.398711557498999,0.103495571266687,0.27648103670534,0.298730578736685
"118","NY0465",4,4,27,422,1.55,0.61,0.48,2.65,0.183857256738321,0.198158862735462,0.0942657217282265,0.247162941114435,0.309999554580321,0.518668710908562,0.356965433001459,0.373043047407642,0.567361529517467,0.217024424828342,0.483930315029499,0.534456371356328,-0.00313788834752675,0.496810824335508,0.476960472970296,0.032749514922615,0.499869339534849,0.433147651338972,0.00838150583437747,0.389943021546737,0.371855271,0.247819601667996,0.317347756410256,0.49972007499581,0.163133648290067,0.264716142682262,0.461785108606176,0.285530895918546,0.41442822051747,0.540879738242251,0.246333437035501,0.263400836138188,0.509493119016585,0.247868544629255,0.328042808251555,0.451005563749125,0.193894536998634,0.403720194173538,0.350837839139072,0.207826404385668,0.347566827974703,0.352574530660114,0.0791635598955568,0.335919200509793,0.402405020213925,0.0715218771593404,0.45787825,0.390423469768135,0.156375090105913,0.455687579691375,0.415468660582513,0.223318355144637,0.33403568416614,0.464870862,0.196786645281933,0.227213029,0.451807288,0.196089260005011,0.268243077000326,0.463983204037057,0.162464800822677,0.303668039764926,0.428368429724831,0.204379950161009,0.232260221433805,0.369811743250935,0.0763210472226441,0.296416853246489,0.283139968790284
"119","ALGONQUIN",4,4,26,423,1.67,0.66,0.52,2.85,0.198091366937417,0.214401392467877,0.102121198538912,0.269135579094972,0.265652233927815,0.537266131843502,0.35544743176345,0.369670207705724,0.579328127,0.23151961611161,0.478623157292114,0.537828029833182,-0.00410018773683831,0.490977790670102,0.467673879461377,0.0280377170973968,0.493926543429,0.44170168748831,0.00721630021035985,0.388245419712063,0.37737892814409,0.215231307133443,0.331362336601307,0.475152532,0.175856767562727,0.259783636779625,0.471485483403033,0.280259535081415,0.422314565594542,0.543917446,0.256955855952457,0.259698968618677,0.505808678554323,0.264261427202995,0.332791186966787,0.485614074813132,0.22631688977048,0.400697206782399,0.380730171471133,0.241333712549951,0.36191307797584,0.370512778340964,0.075656017243322,0.353453505301452,0.394318341837453,0.070175254569149,0.443514642866018,0.381597336864615,0.167574716077823,0.451058100129535,0.417452085941439,0.223415700598111,0.311596597151792,0.465825990956728,0.210116160807495,0.233965265444777,0.450565424368611,0.208637355303485,0.299713124429726,0.470898208941891,0.171249300333103,0.318707409647247,0.452191959168387,0.22021975437409,0.290640175014047,0.407732529710155,0.101273988694057,0.272357103,0.318877853583165
"120","NY1615",4,4,25,424,2.01,0.6,0.54,3.15,0.238421345834855,0.194910356788979,0.106048936944255,0.272718193037764,0.296046197,0.528922506353091,0.360276856635808,0.345793034,0.536960255800433,0.248725285852,0.46491516,0.528115229871348,-0.00669236187038076,0.500079579,0.484738394764889,0.0321928518329501,0.495930586886627,0.443845432534184,0.00744440070474135,0.418450451399074,0.394241998039466,0.285656514035665,0.299044877032009,0.545155779,0.213481703246288,0.30511141302425,0.504163452942828,0.322729773998504,0.439231550905937,0.568209201606414,0.273407955588127,0.266914992,0.527194247671287,0.294995391791396,0.322426825117704,0.515038785523853,0.248204311190999,0.438408095169316,0.425723807191287,0.235685860601315,0.373834099595971,0.389119070550679,0.0829483395324839,0.363969749177724,0.384021111931523,0.0658701832296982,0.451239781934279,0.391724827565435,0.175925473478316,0.442247809870761,0.41432219518044,0.226900826333996,0.318914452877925,0.457538609529833,0.207346527712775,0.223313315877765,0.435465633806486,0.20176817296086,0.266488636585245,0.452485029431581,0.185233707149087,0.307860788150877,0.42966688045081,0.230575262038727,0.268425451608418,0.38223342878702,0.122722903750092,0.26385062349024,0.319525962438249
"121","LIGHTNING_BOLT",4,4,24,425,1.7,NA,0.54,NA,0.201649894487191,NA,0.106048936944255,0.284940946169321,0.301035366322521,0.554628614,0.374298734674861,0.400732519422863,0.569318614238148,0.261859838405357,0.455769285816516,0.525472067172368,0.00694204321579731,0.481831129587929,0.473538526,0.0501044310922911,0.478215712993393,0.43345204151351,0.0296225754230977,0.393725615285987,0.371831879163149,0.271964929476292,0.332680131347411,0.528150138260432,0.236920729999042,0.295576500779549,0.510672865320794,0.328594091204662,0.465030326084278,0.572701176,0.264011537230734,0.273546388122199,0.516215035464061,0.272550831023778,0.344875158356496,0.475073269423488,0.221733618396489,0.425514896895024,0.393888431854006,0.219915990115085,0.364105426041957,0.374817841,0.0868810692331326,0.344288892725641,0.387110472740898,0.117689714352731,0.386696063371585,0.385652118912081,0.211366231799875,0.449714992775793,0.430684205959688,0.243170195546464,0.323447272227857,0.481538148664638,0.214171195106797,0.245838096235189,0.441416271568378,0.21554696332436,0.293468183256491,0.463133744626857,0.197548019048871,0.342320865601142,0.448549898390729,0.21086469821459,0.257370321246178,0.385850982891762,0.106261487960487,0.275600639811974,0.314310624360732
"122","VERNAL",4,4,23,426,1.42,NA,0.43,NA,0.168436970689301,NA,0.0844463757148695,0.260207547934234,0.290067987581621,0.520755045843657,0.354383977759389,0.389530415939961,0.562043232387294,0.233737839621358,0.45947124023981,0.516137111779018,-0.0104186134392515,0.496882489932286,0.489246650793813,0.0170288585949065,0.499180755750157,0.453280893679982,-0.00655359474211114,0.407919728433504,0.42678685590078,0.19716307775055,0.326454091251885,0.444232471,0.160889449066679,0.265286947210016,0.439359330885007,0.254783601258668,0.404042115788974,0.481656459819516,0.216969585350696,0.267450403496469,0.477426853,0.183094766634422,0.39307781575279,0.363748959225215,0.146984633237965,0.391503442414651,0.325547656876352,0.170876346682294,0.326693400045632,0.327892969565542,0.090927925828089,0.326900591324022,0.391309509189897,0.0814812993599765,0.43276447038469,0.36575721966015,0.165345871760317,0.449869602698818,0.398870166976284,0.20286143634467,0.346719436697093,0.41910510163117,0.171549371427289,0.207188770540327,0.399279921609154,0.153387544952584,0.260218857474653,0.422916738449366,0.159185161816161,0.300341177566917,0.426152598025512,0.18743699677754,0.245694872111328,0.385139740967962,0.0692177722673145,0.312651197503223,0.320579822240315
"123","HI-GEST_360",4,4,22,427,1.43,NA,0.39,NA,0.169623146539225,NA,0.076590898904184,0.276802013349913,0.287163122063747,0.546826853649159,0.362044358502321,0.370144548385392,0.567662385709001,0.235844172875327,0.428887139608479,0.497199084013167,0.00447281581937917,0.493063608028811,0.46780131534108,0.0413739520270769,0.489235598203982,0.42247681500736,0.0313610503338818,0.379179233386233,0.36340232807098,0.236270684397914,0.297686764,0.485893439558598,0.210857991251597,0.260532287015612,0.485512179128839,0.290196836563103,0.4192428647505,0.526712987617362,0.244165048494265,0.284723337335901,0.498730309855552,0.247994816633769,0.332470290430541,0.462012521980827,0.205824804999697,0.411211344792,0.392737750592924,0.232661745938306,0.343785068295022,0.372245198216545,0.0822249789487301,0.330797443,0.400090667869055,0.112371655773229,0.39420819474607,0.384332364,0.21621561487173,0.449710576398137,0.435986234202242,0.245996479539473,0.323669618384988,0.467202851570736,0.199890164067856,0.224235450436172,0.424346465536831,0.183676642797434,0.264135494102675,0.449651771902575,0.180342345681164,0.299447450212962,0.434558371293723,0.184092685282621,0.223797286157445,0.348443865369163,0.0980578382047788,0.276189293710564,0.294833028020897
"124","SW4412Y",4,4,21,428,1.59,NA,0.38,NA,0.18860196013802,NA,0.0746270297015126,0.277461026995706,0.307257311706451,0.541404227,0.363780149903465,0.392884757676656,0.55417684054754,0.23291759096412,0.423950511266956,0.500741217817216,0.00412032628246568,0.490168738964243,0.482470693736142,0.0410696212260496,0.490897639959235,0.414498938242483,0.0312026540994068,0.354511555180286,0.361920880632955,0.272859151610433,0.340719661261941,0.536753446036534,0.235541733561891,0.311819545573552,0.506417069414076,0.317406871357641,0.450140090291071,0.551609958884459,0.279546665766585,0.283599997355895,0.528727302009099,0.289897410805124,0.299548448,0.505712178796302,0.272035689501679,0.428692615083826,0.455970899088791,0.296862856817026,0.3732347550808,0.427514052740977,0.0986609037203391,0.317805174561266,0.399130114832798,0.131744455700994,0.374905544212043,0.385612537668078,0.22601227500664,0.449181445168332,0.425502142112537,0.272024348662215,0.313378047878634,0.485741395157201,0.228667291861833,0.253948996739022,0.461268611674388,0.199108136583733,0.272420498,0.455284568188981,0.189033999827008,0.308456967100566,0.43121294,0.1650891566003,0.212952747561192,0.316592433589907,0.0996515374366007,0.258114078039651,0.277146308023764
"125","FSG_415BR",4,4,20,429,1.67,NA,0.48,NA,0.198091366937417,NA,0.0942657217282265,0.279198709391736,0.303684910118997,0.543069621,0.36517352396887,0.402706780825538,0.572730299667037,0.233122275607455,0.415051444746593,0.508201421687897,-0.0029627452387707,0.475922721195858,0.477354923571442,0.0317009028287687,0.489394067576214,0.420573414574689,0.0167681415034351,0.365462894018367,0.390638075969424,0.239456882117859,0.309952843557123,0.510788774824705,0.22739489059916,0.287145222578385,0.508076176458795,0.315499798475185,0.442470739501201,0.567450176792028,0.269523642245165,0.273032406585052,0.537587186100434,0.304650723684639,0.275882919028311,0.555506494670526,0.273029221365949,0.42664024935265,0.489805993925274,0.299534903033551,0.380103117346207,0.435919545451792,0.098095776117488,0.327774002250622,0.381023629085682,0.125167653071101,0.377919464081929,0.374532153602182,0.239008419780892,0.446509696774885,0.425208043,0.264050575557024,0.329032387810376,0.494429426361115,0.228431132829895,0.262405684204737,0.473822002411358,0.201019358171264,0.273336013220778,0.478264198617944,0.198587194717794,0.319958861414525,0.454377946432287,0.158755623845404,0.230192214457823,0.324433279539739,0.0999449513159767,0.274867249896629,0.296720827620726
"126","REBOUND_6XT",4,4,19,430,1.72,0.88,0.51,3.11,0.20402224618704,0.285868523290502,0.100157329336241,0.314791578894126,0.355964990013222,0.581398688121829,0.382541330393938,0.428397151313356,0.567095290946567,0.240142659977368,0.416986944007124,0.515588155781372,0.00359101123446517,0.475339336034662,0.458119553612773,0.063025239239472,0.44865203235275,0.422415361576465,0.0633278569315763,0.349602127003467,0.37003367,0.300692146592242,0.385872166708564,0.572346080526228,0.25656881087181,0.370827642978279,0.517634085993353,0.342298027166543,0.478087383717862,0.576622552617817,0.305000415575193,0.300459773844872,0.560533003541298,0.314582310826182,0.317648122411935,0.526917177189101,0.282793198277268,0.417624241967525,0.456513689066958,0.2783820400959,0.357982338886447,0.398064334777681,0.092870616241484,0.346213302107961,0.369310754604872,0.157521914302702,0.338200174693533,0.387364717930183,0.24648178338883,0.45500382468928,0.441218455899128,0.284438062863197,0.347452221729209,0.501432291666667,0.23727695154113,0.281202118405493,0.468539159961615,0.216698368003046,0.304149862325501,0.468536045429754,0.220145923571968,0.342670109139546,0.454732687595586,0.15092395631886,0.211154385531867,0.315585092560914,0.107767668346869,0.278830030902483,0.300480403038019
"127","NY1517",4,4,18,431,1.84,0.72,0.57,3.13,0.218256356386136,0.233892428146775,0.111940544552269,0.289306626306579,0.315646034096731,0.539896380936338,0.360530907044586,0.368987368532319,0.550346176206332,0.248643520496445,0.440017492804097,0.495899209643306,-0.0083868608214295,0.494701241171416,0.479758359870782,0.0294168596839585,0.487464772425095,0.443900778791823,0.00515322218427181,0.355054195,0.418209963411202,0.212108336485644,0.304467016507458,0.476214492207139,0.200948578732931,0.302896007434611,0.472153937961567,0.288508425100857,0.420861579278151,0.534847699784587,0.26723220889155,0.256109115011968,0.519192778708222,0.306074283153338,0.330981857545333,0.521831924669579,0.27193986517723,0.406066981078756,0.4538738416259,0.282751993013678,0.374533481,0.425340474815896,0.0864640205228227,0.359212411478161,0.382897864845,0.0798971846162725,0.440681043667314,0.376860676810894,0.199067092874318,0.441267386,0.419944469803569,0.258688621716333,0.306635304659498,0.474220957200084,0.232467208234292,0.271111851809119,0.473631507014196,0.206446661779305,0.287889739616852,0.470822002001738,0.221361023759745,0.346356016916571,0.47348767,0.180140748641732,0.237524807283017,0.34063218148386,0.13941417665487,0.264407761720605,0.33742886220232
"128","NY2003",4,4,17,432,1.67,0.79,0.53,2.99,0.198091366937417,0.256631969772155,0.104085067741583,0.303070606138372,0.408342710589736,0.54765896793916,0.355296604294842,0.403594255540981,0.539364881,0.242962599942248,0.466697677,0.508475263584753,-0.00881080008581737,0.496004297174336,0.467519862236312,0.0408635933280504,0.481820217542601,0.410002659165022,-0.00133667499853167,0.357798917972293,0.406216718266254,0.228407623571339,0.316777144476634,0.488118124658857,0.185382869635526,0.3296532952168,0.465905515339782,0.29857702032962,0.470159448658348,0.550627647682513,0.292063261871078,0.309086894,0.544547982256074,0.343445131730546,0.435954434703028,0.541990692584023,0.303734414370465,0.472021719972285,0.470921486989159,0.294044624721065,0.382646454487531,0.436208132323222,0.0961422797199551,0.331697854747326,0.386493286296387,0.112639422068758,0.400226267101686,0.37103911273001,0.22399550609897,0.447854515212278,0.425034822672238,0.258351541352919,0.294244281045752,0.477272164242041,0.235984791812672,0.288315769210172,0.466265304379669,0.220350200792436,0.361601424168756,0.47647377857749,0.20288287859408,0.355004119294777,0.445954522985665,0.158270407652057,0.197439674884641,0.299157268410246,0.10896435936462,0.260001356944162,0.285529547459122
"129","WL_358LH",4,4,16,433,1.49,0.79,0.42,2.69,0.176740201638773,0.256631969772155,0.0824825065121982,0.308537324568627,0.396762518394782,0.560655754963959,0.35993265609751,0.410818534961154,0.571777918714656,0.238593076637245,0.459065884261247,0.496956093061718,-0.00958026778730445,0.497726229836434,0.469779055132134,0.04826081937534,0.497382090680243,0.420256696113838,0.0201047714747455,0.316242317822651,0.34128266584674,0.232749283698538,0.318260065778448,0.48868791373387,0.183036006498276,0.283419307816956,0.473426926406314,0.301131471888025,0.448022184161161,0.561994751411698,0.265729319432363,0.260671158039973,0.536005442049326,0.330725539852592,0.364881019910375,0.545167172462042,0.271668797111651,0.420091497685868,0.445699964623407,0.259458298050936,0.370021362473524,0.395196573120032,0.0916725379032371,0.319051187576761,0.394518791717024,0.153584096318782,0.335917249274296,0.379567848235823,0.257147638317669,0.454137278546656,0.455772085583573,0.265522538381706,0.296101145199459,0.490998061401285,0.22896711180829,0.266740194269189,0.458421009209766,0.216668106824317,0.347520254853522,0.465197383775609,0.194076059982766,0.327443963886925,0.438883608237816,0.158583059544079,0.202731756394694,0.311951186869989,0.0858268227683269,0.280335710865922,0.259472046
"130","SEEDWAY_9558",4,4,15,434,1.53,0.7,0.48,2.72,0.181484905038472,0.227395416253809,0.0942657217282265,0.292035281530777,0.35202126761752,0.546994003244531,0.340187644246724,0.359215422017864,0.564553538396491,0.219548729173585,0.425138908767075,0.507946821875547,-0.0108025795398112,0.500093419299508,0.473945544546032,0.030448771025346,0.508062487,0.430540828361713,0.00292054947811152,0.34832110579479,0.36353754260875,0.224140541233362,0.312971211454667,0.496965733408748,0.172579260925754,0.309677613376639,0.470267452584306,0.287923578055728,0.425767018331678,0.552904834554326,0.264913285031865,0.252537529768719,0.558007522479402,0.321207219785361,0.360730181643209,0.538050726124685,0.263014957745361,0.408276448190037,0.42519106500292,0.254569942937757,0.352408863395692,0.382622678964282,0.09258975152714,0.331206353468229,0.382731449369402,0.123494848766634,0.363658323544472,0.37330863528207,0.234572903963205,0.441255032478941,0.444105348232483,0.283281963260297,0.286318126713051,0.507903884672148,0.226315742454186,0.258157294068436,0.4884089813677,0.229071557188597,0.34977186357234,0.51319190321706,0.202838100097418,0.338524413687043,0.471577305431977,0.181745694269002,0.239232975212766,0.361743745648473,0.108388262477172,0.273626526082131,0.308821625209462
"131","AMERISTAND_427_TQ",4,4,14,435,1.7,0.68,0.44,2.82,0.201649894487191,0.220898404360843,0.0864102449175409,0.342848628572928,0.427253471929183,0.594961131272212,0.364824208952727,0.393973495058401,0.578479731515248,0.238231622929536,0.433806752222381,0.49605362339583,-0.0154695754121933,0.495178026173227,0.472261451494392,0.0232997068740295,0.506813442,0.433149100273423,0.0191586620219851,0.345856959689777,0.352475842011446,0.245060119231254,0.335008738506109,0.518267414,0.202620291924033,0.275621457532851,0.494887761432012,0.302967268514753,0.443678305675096,0.564256705863162,0.258521395767582,0.276200474150283,0.54382704646057,0.325829302560153,0.372018784658095,0.531492252861688,0.265432152594258,0.394629247022819,0.421662302157972,0.221513125850434,0.338343454127964,0.362220066074834,0.0866105814129913,0.355926863345101,0.375401358944877,0.127904044346345,0.371935203711114,0.392054896032487,0.243518698088629,0.446404440601649,0.448407210226267,0.280335790179362,0.316524441134212,0.512539749197093,0.219755882086626,0.246551512019881,0.46251539665102,0.227982736167131,0.345763544597794,0.492217224019448,0.20170966570833,0.328469709452408,0.462589553468446,0.167247005020726,0.204907558859201,0.329314280090173,0.110477989718859,0.270345041457204,0.283088235294118
"132","SW315_LH",4,4,13,436,1.71,0.47,0.51,2.7,0.202836070337116,0.1526797794847,0.100157329336241,0.330622956461883,0.459205930313899,0.580328871794512,0.349584269233822,0.392553644099149,0.564034406215316,0.227642241845752,0.452816977561503,0.499281045751634,-0.0135745709243742,0.48472017018598,0.46006154410491,-0.00302675444906659,0.520591606962686,0.458283171811324,-0.0185198640868354,0.34070852481128,0.391370267580245,0.207021947966505,0.322916167124312,0.467108197651184,0.169472106325525,0.293332437,0.463996386477122,0.277858686740617,0.465390141865408,0.543593507870484,0.246713869659865,0.31075423702841,0.534715599,0.293545836612209,0.405495916,0.496252859871046,0.225635152362996,0.411700656659492,0.380885335878773,0.195777110770873,0.294182438366023,0.339076534482432,0.0974964558027277,0.339620446141384,0.373239827973955,0.0889384759438391,0.423852762005084,0.346237881881564,0.17399454763089,0.446207772726577,0.408886669421867,0.224848356963601,0.326137729285263,0.443100490196078,0.198917729437962,0.203399638441041,0.439399939498941,0.191141546586256,0.309568050011298,0.463497150460696,0.178029403769482,0.29786119348376,0.45345778674194,0.194661562048683,0.252855304605575,0.384276127257001,0.118562399964919,0.252952167718298,0.315433882895719
"133","ALFABAR",4,4,12,437,1.94,0.77,0.6,3.32,0.230118114885383,0.250134957879189,0.117832152160283,0.29430588415641,0.393568139833647,0.550075955776859,0.344383333925979,0.363658633264627,0.571242535,0.240218759051835,0.431854555285212,0.494069621360304,-0.0188190597898422,0.463334541488209,0.447529947209871,-0.00785380389788933,0.509247439587552,0.448277945202818,-0.00790292253690051,0.331153641679957,0.371424211151765,0.239365370490571,0.324993191721133,0.505181624,0.199552286365924,0.276471059974573,0.47460202895064,0.292992597694472,0.467599922278674,0.544599567255334,0.241512352530419,0.292499454653295,0.519954160830105,0.302855862795323,0.385713140061751,0.497189613,0.228338563586246,0.413470632194375,0.393294879604452,0.208675403705559,0.326571090899748,0.349570130708879,0.0922088466715759,0.347352824849418,0.365578335249668,0.0897665226617456,0.420526908175266,0.345047053532562,0.205265548546283,0.447277943435439,0.422480372077146,0.246935227119601,0.315609055450137,0.484151249209361,0.217413940713651,0.239663666,0.465095532237812,0.221852819403976,0.333488614395822,0.490670708744445,0.202612022653038,0.307662107980447,0.46594914044049,0.207533031651693,0.269472473875217,0.404292551748344,0.124463994915407,0.271656421738245,0.332320238822172
"134","REGEN",4,4,11,438,1.68,0.83,0.64,3.15,0.199277542787342,0.269625993558087,0.125687628970969,0.258023877107053,0.371938043801222,0.510754016437741,0.332459977537999,0.33514269858887,0.553197373288938,0.224810572648336,0.439252103112129,0.514010940953835,-0.013748333969181,0.451922866401326,0.439915622009746,-0.0137993561241496,0.512849619764848,0.442990809976576,-0.00338385588338152,0.296252181255277,0.336104950433124,0.24409072281298,0.326979678380988,0.512732108367972,0.207895049685262,0.291381913044299,0.483462825765456,0.290602210212384,0.460957087753134,0.541202824,0.247681096664017,0.293279476303144,0.524818759488335,0.296175840820226,0.38528822090607,0.505668301243269,0.248764305123594,0.450459267725453,0.42985648406902,0.229454036721961,0.34670588033785,0.370225015138371,0.0891562558751461,0.352529851803787,0.3724582770854,0.0900949600093326,0.424900268514672,0.363154319607015,0.203733309150936,0.441361602164576,0.426829956,0.245308448388371,0.299405003380663,0.487396759764914,0.213512724326385,0.24803291952346,0.478223237327706,0.237162223773554,0.328172905525847,0.499675070028011,0.204408316608058,0.323383533805679,0.467539078376449,0.199711955775923,0.254009809910207,0.387965232570068,0.116866781048289,0.312408326260582,0.333907450327523
"135","ONEIDA_ULTRA",4,4,10,439,1.49,0.68,0.54,2.72,0.176740201638773,0.220898404360843,0.106048936944255,0.217602456448177,0.326901184050759,0.476974061310481,0.301902448709399,0.355435099,0.546779636382855,0.204720909097086,0.428960291,0.529120589030422,-0.0067044415588005,0.439654284255419,0.403671814588761,-0.0135353950834892,0.508063631656024,0.427822245633053,-0.00274980301671232,0.288698351095968,0.295297602483008,0.190664783375338,0.322089854,0.465721232403218,0.184407893451144,0.274030988553246,0.466201178,0.253559608702592,0.433704548616608,0.522216425106867,0.215429973520172,0.274874329884579,0.495689447436089,0.268039202025128,0.355954676952748,0.488180932932479,0.206810053039658,0.418415296085339,0.40096218053785,0.180927061025585,0.336816015613708,0.339198342139967,0.0895329017018994,0.348220869563088,0.396131207119705,0.0937144942637439,0.406422632833337,0.370767286431315,0.201346737380685,0.434512201966397,0.43798171363263,0.23887378101529,0.298926180687329,0.473610847564832,0.189632045425868,0.213597685327914,0.447379711,0.212102495275476,0.313809846601893,0.470861891491552,0.175164249723386,0.297544113535825,0.435159159554233,0.173965273734107,0.23339962495502,0.358455202121748,0.0963625031832258,0.323898283,0.304215223825379
"136","SW4107",4,4,9,440,1.69,0.81,0.5,3,0.200463718637266,0.263128981665121,0.0981934601335692,0.28869520659296,0.420301056816797,0.541243283540102,0.330016677606216,0.39322102425876,0.550114687384388,0.19451439397288,0.422588457929806,0.509213777968608,-0.00999327527488616,0.456877105189392,0.434695244397267,-0.00629024731353498,0.498080199832178,0.426370979214019,0.0143592604736269,0.299363704054694,0.317981753499252,0.257485881110126,0.356720425884029,0.529892010222893,0.228243929591311,0.317253628264731,0.492696178675969,0.288473058599297,0.460908286205162,0.535344055180073,0.253500709110334,0.29316937477127,0.51567972434001,0.268085658910042,0.36427023112866,0.481025113040525,0.231107187105927,0.429529616907081,0.409040917530672,0.189271555128116,0.328564231788895,0.33462356212179,0.075033608564081,0.365916316548762,0.376044244483395,0.0938432123402615,0.372740098189814,0.372907442546911,0.216511292265674,0.438621528262431,0.437324188958595,0.251948250387795,0.330055675287356,0.489897365196078,0.205222092334056,0.235556530134014,0.451704957468335,0.241525124920979,0.320457558183325,0.478756119605333,0.183637948745788,0.299161527624749,0.430686576000263,0.183984996514182,0.224900757849152,0.345597543720965,0.0984711523364602,0.306244287393093,0.288837158059672
"137","NY1614",4,4,8,441,1.86,0.81,0.62,3.29,0.220628708085985,0.263128981665121,0.121759890565626,0.287048168923715,0.365724175363977,0.535429695085289,0.319279310039058,0.336519475714814,0.557562893,0.206374960753695,0.423976273396625,0.502563331902104,-0.0107662508428521,0.456500454561408,0.448324689307561,-0.014566871536896,0.521607560680492,0.449706028670634,-0.0023345161671953,0.317938768489852,0.371108359133127,0.211692370634842,0.305832338277191,0.49117908915703,0.21526574179331,0.257018772864613,0.484357125503876,0.266438649023497,0.425159021897398,0.540482152590111,0.246308678938521,0.255723552858757,0.520273004,0.269189582412689,0.348949411008376,0.499888086864447,0.230539792913407,0.415034947468899,0.399946621116686,0.211620739774734,0.344902562633333,0.347683304061586,0.0696863789573689,0.36365696997024,0.375263312566481,0.0508618073800511,0.396255823833547,0.360147641650661,0.179866656934727,0.436318516477629,0.42709433500176,0.224675609101893,0.311098460889732,0.476447659709045,0.188807175385213,0.218942765708926,0.459785033080184,0.219045488529855,0.288693404634581,0.479843137254902,0.175669498662442,0.307161201735596,0.445050695,0.204278787047975,0.270872982024191,0.385393138478667,0.110568224736817,0.283572562589049,0.315619512857046
"138","SEEDWAY_9558_SBR",4,4,7,442,1.93,0.91,0.58,3.42,0.228931939035458,0.295614041129951,0.11390441375494,0.305250902681511,0.380229695895575,0.542825812773699,0.332580597118006,0.333135669362084,0.554413878759051,0.21380483233279,0.420246343521653,0.519098779075269,-0.0159098431035305,0.493784808898826,0.49015444530093,-0.011587640115068,0.520833095,0.458369817331903,-5.93524606882291e-05,0.340601598010384,0.389108007350747,0.248184207988575,0.32796670751634,0.51541368149824,0.241280643813545,0.270482093956312,0.502455992621998,0.299174230846712,0.447919840344118,0.557703450377055,0.280291192090455,0.271705369757085,0.542473884953779,0.310868356824856,0.356247990999679,0.538090173388545,0.300335625205088,0.459068758281577,0.473896260756892,0.26542477074575,0.378832777,0.384604279359772,0.0740618586460285,0.341942312616691,0.380402101248766,0.0441827971435596,0.373541437,0.36852980858724,0.193688846091461,0.429988248,0.432491134836753,0.234645327194615,0.319206125338066,0.462620964334009,0.17184892679309,0.195512355676751,0.445080959969431,0.20876291560678,0.256194044839447,0.46460596,0.18309017486198,0.303063722112422,0.430510973,0.20875317021622,0.273577451058505,0.385663095876015,0.112839820706733,0.262597055,0.317811791844766
"139","GUARDSMAN_II",4,4,6,443,1.71,1.02,0.63,3.36,0.202836070337116,0.331347606541264,0.123723759768297,0.244838789090651,0.342879903423009,0.489991600983551,0.312516351826508,0.331267374874478,0.556212673748745,0.224594383382939,0.421925162603565,0.521107612550292,-0.0140662837993591,0.512815687,0.475592492196624,-0.00795731023266445,0.516955675917762,0.442844492283968,0.000738448197258203,0.337059181629702,0.376183120140178,0.221517542724148,0.331400305848835,0.484992327593431,0.235440519733449,0.279004417838349,0.490949563994971,0.292195090597705,0.472637176480203,0.559181625391583,0.290372893873734,0.311477519997548,0.5399076606339,0.340045012198346,0.404837568372712,0.565418798338534,0.329699228060931,0.50579244615536,0.512596997804139,0.29687951769852,0.428425042936701,0.425137631688332,0.0846656606147393,0.295169856,0.388125579339336,0.0761108095749493,0.333752522228074,0.360585060713848,0.22636639170897,0.43693487399449,0.446464665517332,0.255984683126885,0.299597225743746,0.498505509,0.199198533434121,0.230574021887488,0.474035927207674,0.224873745311825,0.29447089,0.486526198187341,0.204620633692978,0.358143257302921,0.458211120064464,0.225681606912579,0.310986859886174,0.411208127050783,0.133629324256519,0.242478128876412,0.329306761550347
"140","FSG_421LH",4,4,5,444,1.83,0.96,0.69,3.48,0.217070180536212,0.311856570862366,0.135506974984326,0.289051104800803,0.380534402043839,0.523191462481664,0.349646070347615,0.415342080228318,0.583623751387347,0.258983614388641,0.479122020259848,0.530641031757391,-0.00371503867659567,0.519121354876034,0.450535906954733,-0.000385517857564209,0.519368393,0.408449878081566,0.00245996429590643,0.313429027113238,0.318795634362198,0.28440875010121,0.426721068440525,0.539923424991298,0.274740386931795,0.346652773944896,0.514211499588408,0.334715113914617,0.522894567663131,0.573205812787557,0.327327513326851,0.414289283777287,0.555156206702998,0.350931481269454,0.467894165863067,0.544061276873334,0.334852508617008,0.474467205479395,0.482017282198456,0.305106863777494,0.443037205632985,0.435399506907228,0.0871402024831113,0.275776594395841,0.377344202547254,0.0794529784838851,0.357440365246225,0.352358704360494,0.22222791777705,0.435506115014312,0.435805615506676,0.25129047844309,0.296226939700611,0.470535789584651,0.192924980762947,0.219536052407233,0.451343903948561,0.236032521052025,0.294850012732366,0.487912528647823,0.21251352320174,0.375661448893283,0.447514911847092,0.2525363684312,0.328115719238058,0.410828707761223,0.146836297715825,0.228304199038106,0.309711839785859
"141","NY0651",4,4,4,445,1.55,0.86,0.66,3.07,0.183857256738321,0.279371511397536,0.129615367376311,0.26715405822119,0.315400502620943,0.503483533537757,0.32510243081506,0.319519845674119,0.584719227,0.248714957819345,0.448104257112415,0.525837825803476,-0.0110831738758305,0.526466569074653,0.460710157381273,-0.0132293626633624,0.54963516,0.421220136877021,0.000428898077472591,0.321788247328084,0.322331781453152,0.229100589312993,0.331853580107257,0.499371150703871,0.253064139736466,0.253486507077269,0.516187143689426,0.306969235581725,0.486824436160566,0.557056569,0.294909594511225,0.317620016838143,0.54537543,0.336320605983974,0.399526703159567,0.551645725792728,0.311888040274119,0.467814103328958,0.471126210706339,0.307221425568886,0.432503705564377,0.433175940296306,0.0935769475161627,0.288005875082404,0.389258057007117,0.117578751751375,0.352600945754646,0.363937833197795,0.2354895154016,0.444205228289536,0.444689241599583,0.263021390389187,0.272238025059162,0.509426370224814,0.218308033990429,0.221149028002727,0.485238465357354,0.250486848304015,0.300663427983229,0.523153699,0.211310498453961,0.350012004801921,0.482026015885806,0.243585743665397,0.34010757677304,0.438078261607673,0.143397047380454,0.243461377336728,0.355070890731431
"142","SW5210",4,4,3,446,1.95,0.96,0.78,3.68,0.231304290735307,0.311856570862366,0.153181797808368,0.341766455303426,0.424851379520905,0.567034211369788,0.35913737902055,0.389675492838645,0.567435124993394,0.268475073198592,0.486020705119031,0.521819251626036,-0.0192860605075311,0.530606987219083,0.452433014051465,-0.0305724923465043,0.535701135298062,0.431061974,0.0119861585643816,0.337231335444292,0.325095958342421,0.289342449512643,0.433129828483856,0.557850091,0.289537246139104,0.355991914388756,0.533892462313928,0.341439843088508,0.502940585588141,0.563787651029554,0.322458156627951,0.373170601735077,0.551042562211501,0.348397524259639,0.434077855850628,0.541453263610268,0.321636003713798,0.448367966808801,0.461251849944632,0.305487176016953,0.409412612743584,0.410216936120551,0.0829443133180601,0.294984300300569,0.376157588685278,0.105792834941987,0.370497447108366,0.366545335170742,0.222952646292418,0.444716022609761,0.436826074515828,0.273218646397895,0.336467993318088,0.497062878,0.247089522393089,0.248695681121788,0.484667758001554,0.270364872481677,0.338188220230474,0.522312143807587,0.227643476089357,0.344402637767436,0.468045958109271,0.266069806556479,0.356580706273958,0.44662670422324,0.160993674469464,0.256818780107199,0.355845172671145
"143","SW3407",4,4,2,447,2.04,1.03,0.82,3.89,0.241979873384629,0.334596112487747,0.161037274619054,0.344451467321613,0.416856790540224,0.574313936478465,0.367141475459832,0.391030865176259,0.583425955287775,0.310175339569793,0.512344989901881,0.520836315061304,-0.0219375608090728,0.538090967822808,0.463866356516861,-0.0361450458067336,0.552867126994851,0.436872440235584,0.0151496626134241,0.341716984082309,0.321627419707915,0.284201359007447,0.442798543028322,0.543148514747779,0.302338352448793,0.369143887556225,0.548023058615964,0.362030806050199,0.509442661331721,0.575789806992041,0.322681879141324,0.374365279533003,0.543365669538525,0.374455930138335,0.453015036776523,0.553337540416359,0.336895523396518,0.461263886359497,0.468965517241379,0.314076265977357,0.407914563303823,0.411274571978407,0.08029061257173,0.299254282366166,0.371940200547839,0.107933317437432,0.36897904070796,0.374910504970894,0.239229390605826,0.445194854658612,0.428814320761385,0.272157065133385,0.34566760163117,0.498715876436782,0.261407341778087,0.274494027329689,0.493255000383559,0.283657720606667,0.375613318054494,0.532386045327222,0.23401613285066,0.348303289943428,0.479036634261548,0.249140806591549,0.339341031076867,0.434850333515075,0.14548567907363,0.249399687902843,0.337460207612457
"144","55V50",4,4,1,448,2.17,0.97,0.86,4,0.25740015943365,0.315105076808849,0.168892751429739,0.310493720662778,0.375662268733414,0.5439213107529,0.359547155952691,0.381470720363617,0.582528275461128,0.331535153706653,0.500637056,0.502713133915367,-0.0165819915969184,0.538281246409977,0.456828165998061,-0.0455870527194418,0.578161968,0.450246938879102,-0.00894094807074187,0.402419077847224,0.336436467,0.2648329499495,0.429691558781632,0.530869652882521,0.277656696814674,0.371146657,0.538878392689928,0.352326356213943,0.491320279029155,0.561609383170934,0.311164603651054,0.358374331987844,0.536869343342473,0.352697130231296,0.464477093,0.532932951386919,0.306542360947904,0.457662172374021,0.447530650992115,0.296571412772545,0.39424273261977,0.392029758046767,0.0803287944030615,0.314723533638129,0.372156216360007,0.0953141076376836,0.392967462957218,0.37131502177714,0.219993363670029,0.449589189389539,0.42420833405226,0.259157430932562,0.315913451402066,0.479618384988404,0.24838169964807,0.265948469887697,0.484829866101604,0.288041153039396,0.378561924129447,0.52597286,0.242212936552953,0.367800380426143,0.465352826061932,0.243879596348952,0.321650511,0.434938513129932,0.133959300164286,0.258695569577312,0.329320035280548
