,Germplasm,Rep,Row,Range,Plot,yld1,yld2,yld3,tot22,GNDVI_131,NDRE_131,NDVI_131,GNDVI_145,NDRE_145,NDVI_145,GNDVI_154,NDRE_154,NDVI_154,GNDVI_159,NDRE_159,NDVI_159,GNDVI_162,NDRE_162,NDVI_162,GNDVI_164,NDRE_164,NDVI_164,GNDVI_175,NDRE_175,NDVI_175,GNDVI_178,NDRE_178,NDVI_178,GNDVI_181,NDRE_181,NDVI_181,GNDVI_187,NDRE_187,NDVI_187,GNDVI_189,NDRE_189,NDVI_189,GNDVI_192,NDRE_192,NDVI_192,GNDVI_201,NDRE_201,NDVI_201,GNDVI_203,NDRE_203,NDVI_203,GNDVI_210,NDRE_210,NDVI_210,GNDVI_215,NDRE_215,NDVI_215,GNDVI_223,NDRE_223,NDVI_223,GNDVI_236,NDRE_236,NDVI_236,GNDVI_238,NDRE_238,NDVI_238,GNDVI_243,NDRE_243,NDVI_243,GNDVI_259,NDRE_259,NDVI_259,GNDVI_263,NDRE_263,NDVI_263
1,SW4412Y,1,1,36,113,1.66,0.63,0.52,2.8,0.16935768,0.314060375,0.433960789,0.25427421,0.310847735,0.53797804,0.193290368,0.463660449,0.503501105,-0.062098589,0.547377765,0.512364756,0.021021971,0.477078379,0.4420386,0.025841198,0.253885865,0.233372703,0.301920437,0.347774174,0.539604983,0.21775868,0.274722087,0.521196779,0.298564761,0.354781181,0.55311437,0.19001313,0.244056898,0.449249578,0.283235166,0.375569684,0.456102419,0.280736032,0.395178631,0.459765405,0.152942232,0.318081109,0.349537889,0.092788564,0.399205071,0.398350848,0.079537212,0.413331433,0.427960717,0.154330699,0.44668381,0.441904813,0.26905429,0.357326718,0.494660157,0.160334086,0.254637161,0.421347486,0.217583097,0.282690884,0.445329478,0.173371683,0.291445002,0.444557294,0.202322914,0.253818903,0.36784372,0.117719674,0.291265486,0.356858403
2,AMERISTAND_427_TQ,1,1,35,114,1.34,0.72,0.61,2.67,0.153713328,0.345328954,0.412417326,0.24491885,0.296865652,0.549971064,0.182757964,0.459618657,0.53133804,-0.059021048,0.541915317,0.504378847,0.041221552,0.448327327,0.408325547,0.045981102,0.260179254,0.244352754,0.311238506,0.352778171,0.552878855,0.235429112,0.282875628,0.547173102,0.311466086,0.340567054,0.573788363,0.209895962,0.284193359,0.474610881,0.310824624,0.410766506,0.492202268,0.325093764,0.428733225,0.509481032,0.179575414,0.312758752,0.330202127,0.098839742,0.384260816,0.40290296,0.100928457,0.405732652,0.408952816,0.173956279,0.441872986,0.433229421,0.320726244,0.368322663,0.53794873,0.190461668,0.281152183,0.470604446,0.25048028,0.332425234,0.500959144,0.206480055,0.335668809,0.492669193,0.204119219,0.274710293,0.390848007,0.122945712,0.287582604,0.341455323
3,VERNAL,1,1,34,115,0.83,0.54,0.49,1.86,-0.07139242,0.506061576,0.358206037,0.031590868,0.44821706,0.385115612,0.152929438,0.423512555,0.513200229,-0.075534158,0.516528147,0.516374853,-0.005103147,0.500312611,0.420219324,-0.015086793,0.243947166,0.204332228,0.158950704,0.360849778,0.443861813,0.072078179,0.349167616,0.42573727,0.176256954,0.321649947,0.471263499,0.129105689,0.322960749,0.415543613,0.249542669,0.387686246,0.454448754,0.244665053,0.390252283,0.45408788,0.133280427,0.3457692,0.374800661,0.080806893,0.39206177,0.401070637,0.053554319,0.441062016,0.411430981,0.111099839,0.448418841,0.429142535,0.154772419,0.374442323,0.42801909,0.097995137,0.259551424,0.366298594,0.164994814,0.293262977,0.407452226,0.145616235,0.299561688,0.411323543,0.162870411,0.259817539,0.354766722,0.090230008,0.265219065,0.346166705
4,HI-GEST_360,1,1,33,116,1.36,0.78,0.63,2.77,0.148035549,0.418124244,0.389954849,0.242327112,0.292853972,0.548032874,0.227824534,0.495639839,0.539671771,-0.065290947,0.434327594,0.51291926,0.032271652,0.45563215,0.384818076,0.032404805,0.25442173,0.221366056,0.306939571,0.36819748,0.56541874,0.221853173,0.273949731,0.548646934,0.317030611,0.355810749,0.581640376,0.237922227,0.348083623,0.488739997,0.346802535,0.451326767,0.528664294,0.352008078,0.465242078,0.526677301,0.203983124,0.364961758,0.354530358,0.10557037,0.363740858,0.405709087,0.10806363,0.385392127,0.397438149,0.178196107,0.448259632,0.442807014,0.309942171,0.359839632,0.529752135,0.187291157,0.281656745,0.449280139,0.257503998,0.367985662,0.51035462,0.226362036,0.401136783,0.510275891,0.183229188,0.263533411,0.390608878,0.120594444,0.302784624,0.339269684
5,55V50,1,1,32,117,2,0.86,0.65,3.51,0.208429611,0.351180775,0.459932363,0.270524401,0.338422784,0.552287538,0.22672355,0.501330725,0.51584864,-0.055326103,0.397500537,0.513741939,0.034419432,0.454665562,0.365802883,0.037658681,0.241910999,0.216071426,0.318880288,0.393046129,0.559908533,0.233175023,0.315297915,0.559616051,0.325058098,0.392577853,0.58528884,0.227714574,0.349352164,0.488440633,0.31395413,0.437005786,0.493188071,0.321125749,0.455713526,0.503455404,0.1762384,0.343503598,0.348517145,0.106894086,0.364850449,0.410579708,0.07967314,0.40522651,0.381471423,0.172271335,0.448396654,0.431635488,0.307588563,0.348532317,0.526418426,0.178253569,0.276374771,0.438676243,0.238455467,0.359275537,0.482922609,0.221660254,0.397487999,0.484983688,0.177970095,0.232091915,0.356155669,0.120401185,0.31899061,0.346546865
6,PLUSS_III,1,1,31,118,1.44,0.62,0.51,2.57,0.197310259,0.392467836,0.449639679,0.259678771,0.309861926,0.555211009,0.199515387,0.482369957,0.536828078,-0.064629552,0.390171737,0.513134051,0.042053975,0.440670561,0.3883407,0.055137748,0.255671257,0.234503637,0.320727645,0.376736373,0.559684122,0.198206637,0.290549411,0.541158898,0.288871641,0.356244693,0.551022251,0.186335831,0.307879253,0.460992657,0.277209021,0.400035571,0.449756438,0.272463912,0.420160158,0.44902034,0.118925834,0.343856573,0.354911047,0.096950277,0.382802309,0.411501867,0.094957288,0.381063388,0.398437361,0.164510475,0.447582567,0.435208273,0.283956571,0.320191071,0.507102309,0.149233192,0.249714646,0.399412937,0.187054775,0.281811805,0.438578175,0.183509838,0.334387892,0.44792284,0.14432935,0.211943219,0.347691172,0.09117241,0.282362033,0.332510754
7,WL_358LH,1,1,30,119,1.25,0.51,0.48,2.23,0.150434467,0.407267372,0.385449581,0.238822533,0.34334179,0.518798954,0.19149142,0.506075569,0.524077255,-0.05487826,0.325310178,0.520599608,0.042425881,0.436939237,0.342577049,0.049902325,0.238315771,0.214765175,0.298036851,0.362656663,0.536804863,0.190837464,0.255660989,0.526022672,0.288864367,0.346980904,0.551274308,0.181417551,0.311035362,0.445247366,0.256987832,0.40789208,0.431904789,0.270941468,0.437766816,0.449414088,0.118404342,0.347771329,0.348679105,0.103505348,0.351577794,0.408671388,0.108099949,0.372101572,0.389789395,0.160147126,0.457557963,0.427663527,0.268254611,0.317359312,0.49051061,0.152220956,0.241562201,0.383841586,0.168784823,0.265230222,0.415006112,0.171207316,0.340335915,0.439812418,0.164705481,0.26739249,0.368900949,0.078793658,0.295680575,0.30195305
8,NY1614,1,1,29,120,1.31,0.6,0.61,2.52,0.133113167,0.425006681,0.3659336,0.221972911,0.320772554,0.506512605,0.166371865,0.467928057,0.530553091,-0.064939603,0.357830061,0.529296964,0.019904838,0.461402411,0.402456483,0.027567783,0.247870532,0.222201707,0.259435232,0.315144493,0.525213282,0.162811594,0.240951097,0.516254484,0.26156084,0.317020766,0.544691448,0.174453374,0.283445798,0.45869541,0.257352323,0.396893967,0.45290856,0.267139524,0.412275992,0.470055598,0.121745017,0.333531115,0.361068442,0.092516302,0.347855235,0.400314695,0.06927167,0.376892209,0.387833474,0.145899797,0.442893179,0.430886031,0.274400775,0.285987814,0.504940786,0.162133297,0.253525402,0.43130375,0.171793959,0.260216688,0.441548847,0.162593538,0.309154984,0.440719767,0.191785151,0.289468172,0.397252829,0.104224391,0.321194452,0.326969081
9,LANDER,1,1,28,121,1.05,0.56,0.59,2.21,0.062307913,0.478439109,0.327681309,0.174525689,0.308898182,0.469935521,0.167808007,0.46653563,0.520545139,-0.064906114,0.330504209,0.540605405,0.022981625,0.455764257,0.364985627,0.021893027,0.258652045,0.218261292,0.255423073,0.301321854,0.522457108,0.157930693,0.249299231,0.514855306,0.272217043,0.296917995,0.559286668,0.175969738,0.322200929,0.463049651,0.294098861,0.408245765,0.481578294,0.293587806,0.415195921,0.481340836,0.137642957,0.328589114,0.351336445,0.097603117,0.309314658,0.392009189,0.098835823,0.337337189,0.404687088,0.169638714,0.44952307,0.427999469,0.292566531,0.290282522,0.524698898,0.159252565,0.25570787,0.432638874,0.177817811,0.270657057,0.459553893,0.150481987,0.309710843,0.428993734,0.169246937,0.268823514,0.387039754,0.089273957,0.375931971,0.336759401
10,LIGHTNING_BOLT,1,1,27,122,1.65,0.69,0.63,2.97,0.208275374,0.389451046,0.463314196,0.260801333,0.400751546,0.539335791,0.194018571,0.48566576,0.544581524,-0.060712397,0.35048641,0.520777485,0.033398022,0.42480263,0.38646345,0.042501396,0.264637565,0.247363183,0.31251658,0.372904228,0.564960014,0.197962293,0.291604102,0.537439824,0.295452889,0.363948587,0.555528554,0.189278364,0.366403421,0.468990287,0.281733397,0.436146551,0.476662586,0.279616829,0.44839518,0.469005708,0.128166224,0.342131724,0.368933451,0.087135266,0.309241144,0.399341466,0.082013156,0.341778078,0.399111959,0.157939479,0.447121322,0.434745816,0.30048007,0.321167438,0.522552189,0.178120504,0.268866126,0.436785367,0.191220391,0.317081515,0.458181992,0.180266728,0.349276807,0.438884047,0.189026427,0.279362892,0.394047294,0.112479859,0.377521028,0.342483705
11,N-R-GEE,1,1,26,123,1.83,0.68,0.53,3.03,0.260818637,0.320927458,0.533728116,0.259754489,0.404941984,0.533321898,0.203714634,0.500372756,0.522223972,-0.053311661,0.31519922,0.531179629,0.036518271,0.397462851,0.342336579,0.032784006,0.256880428,0.23070542,0.320017671,0.354333993,0.561417091,0.213155518,0.279320247,0.554140102,0.317933748,0.354353234,0.587897902,0.194778577,0.368105601,0.487309316,0.308692132,0.453845581,0.493505966,0.323471854,0.46640668,0.51814903,0.158221664,0.329942088,0.35526501,0.103148257,0.304754409,0.37986881,0.07038933,0.35614856,0.349005762,0.174536289,0.448666456,0.415409927,0.284564845,0.290006193,0.499435616,0.169826124,0.270400653,0.427213463,0.186050862,0.300467787,0.454275274,0.185641263,0.377833471,0.47704696,0.190752675,0.268543562,0.386493993,0.118071383,0.335019201,0.318368953
12,SW4602Z,1,1,25,124,1.84,0.67,0.51,3.01,0.273338456,0.280659568,0.5387762,0.295985666,0.469825458,0.545514243,0.190797168,0.494120191,0.507911995,-0.046573081,0.292524588,0.520247399,0.034633919,0.38757292,0.362656798,0.029504408,0.259283485,0.235877912,0.308948411,0.406252755,0.558921936,0.194269098,0.331202605,0.52478813,0.286370748,0.376674487,0.548322155,0.185076499,0.384213661,0.473770987,0.292886771,0.442254159,0.477474803,0.281354417,0.462074513,0.473111382,0.127903737,0.345494911,0.355722808,0.076478528,0.334641584,0.377329449,0.041086313,0.375150492,0.362797767,0.135330804,0.442351868,0.414037792,0.271074324,0.317582879,0.497052089,0.161052244,0.274667136,0.413210942,0.176220723,0.313130853,0.431280535,0.210780419,0.405770418,0.48737167,0.202616348,0.268595112,0.370910528,0.142493449,0.297697944,0.337369699
13,ONEIDA_VR,1,1,24,125,1.96,0.47,0.58,3.02,0.222919029,0.363055791,0.492355842,0.247066355,0.357958221,0.525930976,0.17734982,0.46705294,0.523544042,-0.050936352,0.35887645,0.531582019,0.010476735,0.457827126,0.412407167,0.003360329,0.269048013,0.249167149,0.270300746,0.303157339,0.524026809,0.153433904,0.231476332,0.481562306,0.256192318,0.306232579,0.526520244,0.145155802,0.277757366,0.446937555,0.2592749,0.371345495,0.452395728,0.257785084,0.367926304,0.455221292,0.11319709,0.299739938,0.371706533,0.048549665,0.40642022,0.397162867,0.031957348,0.392687282,0.369189255,0.149098264,0.445154674,0.428197818,0.264247318,0.27252306,0.48841635,0.145814096,0.264960624,0.412774842,0.16961136,0.256505737,0.448820015,0.202246877,0.388603222,0.499267104,0.192431392,0.278255984,0.403845122,0.158078454,0.324321053,0.396886085
14,REGEN,1,1,23,126,2.04,NA,0.56,NA,0.217088827,0.352189472,0.48614991,0.254124592,0.368360552,0.545078616,0.177049342,0.445147019,0.527917879,-0.028784345,0.395438053,0.504246182,0.017862589,0.461127079,0.414491813,0.014081396,0.269937017,0.250426244,0.283101628,0.3378666,0.547302874,0.159796742,0.251690006,0.506944828,0.265640186,0.313442191,0.556125712,0.164318122,0.31411201,0.481603578,0.276517619,0.425798164,0.478596111,0.281650995,0.422442262,0.493261387,0.145678147,0.318311434,0.365254995,0.061202344,0.371503056,0.393158255,0.048734036,0.402797919,0.340949298,0.165170876,0.454523207,0.433413903,0.28357551,0.28915059,0.521955513,0.161575489,0.246124832,0.43399576,0.191212048,0.290863127,0.467410109,0.20045278,0.386631361,0.477767922,0.175900296,0.231744678,0.368005258,0.143884957,0.306704424,0.393116173
15,NY2003,1,1,22,127,1.6,NA,0.42,NA,0.254918044,0.298750091,0.507776577,0.24457468,0.375868612,0.52751427,0.167004862,0.409721069,0.509060318,-0.018168577,0.375862001,0.469925547,0.018917502,0.431025331,0.373605052,0.010433427,0.263845889,0.249134941,0.25278297,0.316807452,0.502232859,0.133414003,0.260130483,0.457780868,0.247855973,0.306371722,0.5201563,0.142915664,0.297925178,0.446464359,0.261321564,0.404285515,0.451884598,0.26902738,0.392172458,0.462367155,0.13137657,0.333500259,0.3500144,0.046412002,0.395498549,0.371573102,0.045549314,0.425382332,0.357266783,0.145335122,0.44942406,0.418416662,0.265719479,0.295984683,0.484660633,0.137545943,0.242194857,0.388301006,0.165377486,0.28072318,0.421843916,0.175115562,0.351922557,0.423615093,0.152081249,0.195282203,0.315372105,0.117363837,0.281265642,0.34987065
16,NY0651,1,1,21,128,1.79,NA,0.43,NA,0.239291057,0.30855827,0.524245014,0.232043652,0.336081206,0.545857909,0.168735082,0.358841976,0.516628342,-0.012569683,0.368443702,0.441375504,0.032141233,0.395598654,0.329795411,0.041889469,0.270679994,0.235003798,0.274077094,0.304567962,0.540018539,0.125053444,0.262300602,0.488139413,0.243519711,0.292441841,0.528944357,0.126536089,0.246050939,0.446058751,0.229041161,0.359877749,0.44308159,0.239176736,0.345024146,0.451257858,0.097395446,0.326638883,0.328388668,0.059193982,0.379509062,0.380591944,0.06646968,0.398969945,0.359062705,0.168998183,0.443994811,0.430288072,0.283725885,0.298752504,0.518815228,0.147977932,0.235111167,0.423791245,0.168984769,0.27844493,0.441164043,0.171010088,0.307777248,0.448804398,0.15696273,0.204334837,0.349533277,0.12061188,0.304760567,0.350647262
17,NY1517,1,1,20,129,2.25,NA,0.56,NA,0.268836434,0.262943025,0.52875739,0.248456475,0.362039929,0.532887532,0.179670241,0.396911407,0.531449835,-0.020876438,0.423451633,0.480271016,0.003456562,0.453859797,0.412446419,0.007386018,0.270047722,0.253998561,0.251637868,0.312040048,0.503713261,0.122043158,0.257900218,0.4633172,0.243826391,0.300938773,0.512930286,0.131626065,0.268784475,0.434944134,0.236427836,0.377386101,0.443566117,0.245100526,0.360386692,0.453512506,0.105596107,0.33842174,0.355679181,0.075339135,0.358714514,0.398842101,0.032207113,0.453603292,0.376327041,0.166598902,0.448961764,0.42616194,0.258135006,0.297640139,0.488685873,0.143416091,0.215295912,0.404713727,0.178088226,0.282441431,0.443116246,0.18164688,0.311872686,0.457293678,0.173100644,0.242034408,0.354330541,0.141413679,0.322107877,0.371165479
18,SEEDWAY_9558,1,1,19,130,2.04,NA,0.58,NA,0.228408933,0.308749833,0.494690839,0.239980699,0.340944453,0.539344908,0.167959637,0.388226866,0.513347169,-0.020960947,0.408788788,0.492822709,0.006512189,0.429780104,0.408274329,0.008702133,0.255583075,0.243411452,0.264693186,0.31171852,0.513822847,0.11382901,0.265912473,0.4701882,0.233034676,0.297057384,0.504608467,0.140341811,0.291368073,0.446633107,0.263441484,0.422366103,0.457635336,0.252924268,0.388284382,0.457089448,0.128220557,0.342562017,0.359417669,0.073344853,0.343343582,0.396198187,0.044756781,0.432910777,0.390291196,0.176533585,0.438905088,0.432680121,0.280822688,0.319806689,0.508610189,0.14853058,0.235421778,0.425206507,0.203268444,0.312327333,0.472773468,0.189121835,0.347477564,0.460595595,0.175600809,0.230009223,0.363815606,0.136706513,0.312301513,0.356876315
19,ALFABAR,1,1,18,131,1.82,0.55,0.46,2.82,0.232122197,0.321702488,0.498033589,0.229249538,0.344365784,0.534139052,0.151672546,0.375205699,0.509319212,-0.012586108,0.406125062,0.492692705,0.019466206,0.377630061,0.348805984,0.015586543,0.25798416,0.244567291,0.25303354,0.304648352,0.490860409,0.113033838,0.254847121,0.453242854,0.21121279,0.280761813,0.476121682,0.106966993,0.24844109,0.411031808,0.203923709,0.392125728,0.391368468,0.201420696,0.348542652,0.404257437,0.080019068,0.335873206,0.34550217,0.055870827,0.36576123,0.383480635,0.053680586,0.435361947,0.377200687,0.159754799,0.450385983,0.428788018,0.262486828,0.314498949,0.484146277,0.118355668,0.240511538,0.388294927,0.178468218,0.269561648,0.433468153,0.160116815,0.340207206,0.420959946,0.161270941,0.195778166,0.343663995,0.10274469,0.280663506,0.336775587
20,SW4107,1,1,17,132,1.62,0.5,0.41,2.54,0.228668762,0.303107402,0.503375399,0.228500396,0.333750595,0.545359918,0.129104223,0.363473117,0.504825151,-0.013465776,0.405764269,0.495496389,0.022260348,0.34397555,0.330865261,0.024933654,0.250381076,0.234116669,0.267312031,0.307629593,0.51670097,0.127072245,0.252343719,0.464643023,0.199241791,0.274612353,0.473312919,0.104524896,0.234581531,0.386464705,0.201697289,0.359160923,0.386100318,0.188074505,0.344498521,0.38631826,0.054344769,0.337163297,0.325404871,0.044457193,0.366148992,0.385673621,0.075830505,0.421464251,0.405696085,0.183734226,0.446352624,0.441058519,0.26810011,0.32275384,0.49586199,0.122000709,0.217204446,0.383634464,0.168778343,0.270782659,0.400864273,0.148113632,0.310092037,0.402676906,0.163067797,0.199368537,0.340272342,0.103267997,0.288825597,0.353638931
21,GUARDSMAN_II,1,1,16,133,1.89,0.65,0.45,2.99,0.218559657,0.320798989,0.471842326,0.226912499,0.361199329,0.542683923,0.164007512,0.383528299,0.518366967,-0.010712684,0.422070853,0.487864626,0.016472835,0.354614287,0.34016268,0.006668848,0.235623492,0.237311646,0.264367986,0.319623195,0.516678475,0.163990017,0.252884922,0.495775929,0.236523071,0.304071734,0.522643653,0.12958969,0.261162071,0.42648622,0.226100572,0.394149843,0.419800313,0.232451335,0.37761656,0.445041416,0.076494692,0.322979997,0.303829983,0.047645536,0.366684567,0.382881858,0.090920799,0.430845497,0.425686563,0.161303679,0.443871592,0.434850734,0.274112534,0.306177657,0.513730498,0.14524826,0.231573677,0.420447681,0.18487519,0.303174035,0.428508699,0.159835332,0.333670582,0.440485187,0.175967227,0.217675023,0.345091061,0.114071447,0.272865595,0.349004546
22,SW315_LH,1,1,15,134,1.76,0.56,0.42,2.74,0.228195198,0.313966699,0.464453795,0.233233388,0.366453808,0.530623249,0.152917754,0.374670579,0.492595773,-0.00517386,0.375935983,0.471451053,0.006225688,0.352022938,0.335284448,-0.02123838,0.240332714,0.269872841,0.187381314,0.320221243,0.444247004,0.102855828,0.299031637,0.427824834,0.17709161,0.30034159,0.466977072,0.102243033,0.28858702,0.380616425,0.210269325,0.358913107,0.391461276,0.20807334,0.368651628,0.409091575,0.064551713,0.283885904,0.277507449,0.046675601,0.370395132,0.392755518,0.075838869,0.442821721,0.424819566,0.12669878,0.440550014,0.41599225,0.204869041,0.315004067,0.449713304,0.126072959,0.218577154,0.404701424,0.153556191,0.314122668,0.388160478,0.143293137,0.312437304,0.410353292,0.181858425,0.227275175,0.331581006,0.108891554,0.266619852,0.309335912
23,SEEDWAY_9558_SBR,1,1,14,135,1.88,0.6,0.47,2.95,0.24572579,0.297085261,0.510596798,0.232158554,0.330937715,0.533894482,0.167105725,0.374235644,0.503002083,-0.004000666,0.417998558,0.475867362,0.015946561,0.344621934,0.349111979,-0.009427133,0.249734375,0.246772766,0.259410347,0.308746413,0.504865563,0.136063111,0.25697667,0.458851244,0.218380377,0.28370227,0.498066202,0.111414225,0.334462126,0.399269025,0.212163631,0.336025394,0.403314732,0.217078334,0.338286266,0.422654521,0.059826144,0.250315995,0.261342504,0.050901384,0.378845432,0.376554618,0.08092651,0.447261068,0.418808926,0.156588568,0.443955754,0.423950333,0.243150958,0.278232659,0.477682769,0.126434945,0.228674028,0.413556869,0.155437939,0.29453947,0.404306468,0.147734467,0.309215522,0.427091165,0.183891268,0.223137286,0.34103993,0.107340173,0.263489653,0.321648551
24,FSG_415BR,1,1,13,136,1.93,0.65,0.55,3.13,0.239434355,0.297652873,0.514260345,0.24035546,0.33052521,0.551465699,0.168165326,0.380307534,0.527992736,-0.002069982,0.393599997,0.458211144,0.027771604,0.326414407,0.297215773,0.006804157,0.272937799,0.222370078,0.288458548,0.354358072,0.545332921,0.142734045,0.237616372,0.490095244,0.25094826,0.333817076,0.53787755,0.14398865,0.284196727,0.437338387,0.244938452,0.395629807,0.442717997,0.255339168,0.396358828,0.456188183,0.081728746,0.210991454,0.266379769,0.05615671,0.356778622,0.375393277,0.105226291,0.414359327,0.423894943,0.185468285,0.447141388,0.431076799,0.269559172,0.317358272,0.507632756,0.147322827,0.243548459,0.450424014,0.175943343,0.351334502,0.442411295,0.186524182,0.38936486,0.488436975,0.204101329,0.265444984,0.385499684,0.123854522,0.289658141,0.368447912
25,NY1615,1,1,12,137,2.14,0.72,0.54,3.4,0.221444508,0.316423002,0.481528247,0.23103791,0.300025501,0.537484673,0.16339301,0.383197844,0.52653229,-0.01354855,0.431574639,0.449963601,0.021830474,0.334117978,0.331378656,8.54E-05,0.298255952,0.227015877,0.285740148,0.327759579,0.53888902,0.140600894,0.245048507,0.491572378,0.254463004,0.310290677,0.544102053,0.153986201,0.264953407,0.445751794,0.274607018,0.387209168,0.487677028,0.273417421,0.384792042,0.491108334,0.105470825,0.261456888,0.282583426,0.052484902,0.367312943,0.381483011,0.079397231,0.433023451,0.41157351,0.173278146,0.445165714,0.431974275,0.258851597,0.285937236,0.500522154,0.142593183,0.226366304,0.436188607,0.169264382,0.316055231,0.435256121,0.189565636,0.370005975,0.478857735,0.218712306,0.259019853,0.372474865,0.145152317,0.275975088,0.365266262
26,REBOUND_6XT,1,1,11,138,1.74,0.7,0.47,2.9,0.23125122,0.3005052,0.497840535,0.247091153,0.339675625,0.546188494,0.175649917,0.395387943,0.530982937,-0.016650653,0.463582895,0.384849576,0.046076268,0.32438009,0.314576677,0.040295064,0.320660815,0.237325852,0.309045799,0.392991139,0.565845745,0.148189067,0.279002177,0.502037324,0.256339041,0.339321991,0.548444515,0.156275876,0.280649296,0.450480656,0.292154943,0.418917102,0.496101712,0.278641018,0.406600142,0.484562618,0.116690351,0.287866701,0.283972188,0.059059341,0.338960746,0.388283539,0.119292575,0.365581957,0.4113943,0.208636741,0.452020521,0.439942196,0.298571902,0.359232421,0.527326982,0.166774931,0.267086556,0.451868947,0.189437588,0.341355768,0.455177734,0.190330666,0.35423309,0.459632291,0.188536048,0.233101026,0.348424806,0.122229466,0.254533143,0.35003623
27,NY0465,1,1,10,139,1.8,0.69,0.53,3.02,0.218164057,0.328005645,0.477542409,0.221338183,0.306518947,0.52767322,0.153025011,0.379156052,0.528657507,-0.029263073,0.452946678,0.367123327,0.00618324,0.370244507,0.346885048,-0.009214923,0.308705257,0.235885167,0.236274558,0.323722138,0.49849249,0.108479655,0.293793326,0.448930213,0.219437545,0.275977162,0.518104609,0.120152488,0.262085148,0.428042366,0.23700839,0.374441756,0.450845829,0.239728645,0.366649711,0.456625052,0.10883151,0.298362026,0.318417923,0.050751249,0.356002431,0.395356096,0.035542113,0.441444266,0.391978894,0.13475309,0.442799967,0.417604307,0.234224029,0.313596867,0.482878529,0.151634305,0.282225171,0.452606367,0.186340958,0.323357232,0.464491051,0.17614792,0.328452762,0.467928045,0.201127776,0.269560585,0.354286173,0.121360286,0.259281498,0.367209716
28,WL_349HQ,1,1,9,140,1.74,0.67,0.49,2.9,0.236553483,0.301309802,0.50542415,0.245815369,0.31724118,0.544590321,0.158573095,0.39339917,0.518300654,-0.026739434,0.477449307,0.362195529,0.028024526,0.336793301,0.329940926,0.028839725,0.315785221,0.229691841,0.283112518,0.384149672,0.551154658,0.14238189,0.24712982,0.484907174,0.238294455,0.299183086,0.535822695,0.135676864,0.238571967,0.43419417,0.24633641,0.386621358,0.458758296,0.238052332,0.377386612,0.448672854,0.099981028,0.303101124,0.319179636,0.060779272,0.328838089,0.395000141,0.076807817,0.390521834,0.396384105,0.179800013,0.444013051,0.433871235,0.268022229,0.345657548,0.517476413,0.149819262,0.274578266,0.431837452,0.21212404,0.326234525,0.466003741,0.170425909,0.296699621,0.443587961,0.175319547,0.226338448,0.327793687,0.109647054,0.268416039,0.353062487
29,FSG_421LH,1,1,8,141,1.62,0.56,0.46,2.63,0.24556976,0.281298,0.497810176,0.259323397,0.368366894,0.539508086,0.161106684,0.398232591,0.523261454,-0.021969105,0.43712382,0.309781574,0.021806244,0.275053979,0.29564126,0.009388878,0.295591933,0.206319086,0.260474385,0.395556483,0.518381828,0.149334354,0.223640388,0.460522616,0.240549699,0.301295116,0.524993043,0.130714812,0.236024053,0.40692977,0.227642897,0.409201628,0.42269691,0.227108998,0.40185905,0.421203453,0.098393156,0.322842225,0.305522014,0.060417976,0.328791111,0.393999557,0.052161699,0.418010286,0.410001512,0.158749415,0.450865962,0.429501171,0.218721583,0.320521943,0.470322536,0.137916502,0.245942883,0.380856047,0.200478658,0.316408696,0.446383364,0.157522729,0.30666261,0.429266501,0.183692814,0.229344432,0.326105307,0.118901251,0.253941291,0.354461682
30,SW3407,1,1,7,142,1.59,0.57,0.49,2.66,0.252125007,0.278943619,0.510008399,0.272188481,0.379658316,0.552833492,0.154607581,0.390733585,0.527709715,-0.020451613,0.454780593,0.349227585,0.030307842,0.26150636,0.306665216,0.033463498,0.310390593,0.223252213,0.289346434,0.424051685,0.55150751,0.175204497,0.258622097,0.4823724,0.242710495,0.316574193,0.523837898,0.140414439,0.279109706,0.412392441,0.233199109,0.392689574,0.434691942,0.222996828,0.389647063,0.422206279,0.104030744,0.315820379,0.346363013,0.061282481,0.321226362,0.402176884,0.098486559,0.342674656,0.443022176,0.190397304,0.445602394,0.43451807,0.258530524,0.358676075,0.502947765,0.186349096,0.286657201,0.428385707,0.227018649,0.327246466,0.474827742,0.176738759,0.315655737,0.447202834,0.183878866,0.229600745,0.340745705,0.129244378,0.263948962,0.363573698
31,SW5606,1,1,6,143,1.64,0.54,0.47,2.65,0.284973453,0.265224913,0.552365765,0.28290402,0.429062946,0.548564426,0.180921142,0.434062306,0.533540862,-0.017677191,0.474700346,0.353898982,0.032246662,0.255700337,0.304121539,0.034915603,0.316432574,0.214048519,0.297465073,0.440104298,0.560451101,0.204324067,0.286128978,0.503468581,0.264806677,0.334624851,0.548778288,0.148405621,0.320797871,0.411990657,0.231634836,0.398931212,0.423486632,0.235433508,0.395928133,0.427336163,0.111616934,0.343102387,0.349594896,0.06456379,0.313270037,0.38964864,0.111342771,0.327414545,0.429507002,0.184322758,0.453093478,0.44041828,0.260912246,0.363881773,0.504783497,0.196086668,0.284098498,0.434019253,0.221685477,0.33905332,0.477457051,0.181649096,0.309031911,0.460773219,0.19495657,0.225547218,0.350123184,0.140907262,0.271155981,0.351325056
32,EZRA,1,1,5,144,1.89,0.6,0.55,3.04,0.240865152,0.293295027,0.511715124,0.271440096,0.376496089,0.561182945,0.179567032,0.43040138,0.529994116,-0.026007391,0.494640822,0.361441247,0.009138283,0.287328379,0.325584094,0.00309065,0.327096981,0.211242733,0.250809145,0.328900171,0.534309365,0.151690323,0.252000646,0.487509641,0.221740973,0.264441876,0.51476568,0.138640311,0.373932747,0.412202383,0.239203957,0.380992091,0.443470893,0.224146844,0.378832028,0.429567924,0.112872036,0.309970803,0.329783185,0.061178098,0.326777753,0.392062944,0.073373734,0.360701475,0.434757088,0.170053584,0.443540654,0.427281975,0.235401749,0.306185832,0.494791439,0.204944637,0.28559409,0.465428132,0.217701679,0.341381673,0.497257327,0.187859448,0.295463172,0.477723583,0.203847982,0.257970227,0.373700192,0.133105352,0.269038469,0.354138815
33,SW5210,1,1,4,145,2.11,0.71,0.48,3.3,0.303045649,0.270332171,0.56550414,0.303772072,0.461016595,0.559964722,0.222495135,0.471481004,0.535942624,-0.021993153,0.46526861,0.337339983,0.016504012,0.331919777,0.311861657,0.022111091,0.298328924,0.209979298,0.277554943,0.384683075,0.547105958,0.149456833,0.304155198,0.480265731,0.259654972,0.290396019,0.542100971,0.176736879,0.27706401,0.435833755,0.267076777,0.406435349,0.473835335,0.263389768,0.402673235,0.472262553,0.129444513,0.31819698,0.329218875,0.076857877,0.29957351,0.393098223,0.091399334,0.354587268,0.417579719,0.167004746,0.442618741,0.424277525,0.251318097,0.337104022,0.486042457,0.257423503,0.339363185,0.472719736,0.239018703,0.381976184,0.477620109,0.211514873,0.309345593,0.477495654,0.215797827,0.249862548,0.361322666,0.146101253,0.272370446,0.327363186
34,PERSIST_III,1,1,3,146,2.25,0.79,0.54,3.58,0.277681453,0.262833361,0.548274233,0.304168915,0.44319407,0.570806247,0.226649965,0.478339456,0.538775186,-0.012891915,0.476551198,0.333819822,0.006965221,0.459574584,0.332105283,0.022142482,0.334592238,0.208996716,0.256221907,0.359424622,0.547556221,0.064680106,0.408886625,0.436868194,0.247084097,0.28251522,0.54403177,0.195679435,0.225431245,0.47079099,0.293461516,0.41860027,0.5056551,0.278335457,0.435765317,0.485162659,0.155312939,0.322956219,0.330612255,0.082774818,0.298569537,0.397030566,0.09585984,0.33354405,0.414202464,0.180836078,0.447259867,0.422932032,0.241861013,0.328121831,0.480257459,0.269443666,0.376727356,0.49067835,0.234301216,0.401086172,0.48104269,0.20961756,0.312232768,0.480196957,0.209587409,0.260577419,0.398088427,0.139466982,0.289956149,0.364648076
35,ALGONQUIN,1,1,2,147,1.97,0.61,0.47,3.05,0.267536803,0.257711537,0.542044915,0.279424483,0.38153586,0.562323741,0.227456557,0.488026017,0.530257303,-0.00969047,0.49422124,0.320557724,-0.017827389,0.574338911,0.339251218,0.013059535,0.338187284,0.206792672,0.200137386,0.307194703,0.492448802,-0.002057902,0.468219279,0.369927211,0.213607496,0.270907756,0.515887055,0.189159636,0.253715046,0.460621606,0.25656878,0.40583341,0.470441878,0.250589499,0.426313696,0.457641658,0.138198248,0.316284348,0.333339812,0.09352553,0.289810485,0.403048079,0.087525563,0.358911101,0.403116261,0.170331441,0.446280358,0.415180642,0.217214755,0.308878347,0.458730629,0.25275106,0.36737589,0.477733295,0.222739439,0.404092826,0.475676065,0.193166605,0.31640744,0.492974286,0.186380532,0.250751782,0.411777412,0.119522957,0.32746771,0.376346815
36,ONEIDA_ULTRA,1,1,1,148,1.74,0.5,0.48,2.71,0.235349968,0.323960297,0.498462833,0.267673886,0.349356139,0.554208948,0.216454792,0.460913283,0.526785936,-0.009056618,0.488021059,0.328015637,-0.029391992,0.596919822,0.365381107,0.012509926,0.340725271,0.21803171,0.187209991,0.314908036,0.472717263,0.011066644,0.474085239,0.374581508,0.178916133,0.309279423,0.471649947,0.186232588,0.276056846,0.43622941,0.214308019,0.37500112,0.429975021,0.204972338,0.414657841,0.41588744,0.093748525,0.291320197,0.329096504,0.091860757,0.287893905,0.400591554,0.083070143,0.345509532,0.413731262,0.178198522,0.430128755,0.424239131,0.209132751,0.304267162,0.448843312,0.248731971,0.36449326,0.474232049,0.231685864,0.401218783,0.470932595,0.2150835,0.310306256,0.471606525,0.178219267,0.225139783,0.386537229,0.117653477,0.344380019,0.367991991
37,EZRA,2,2,36,213,1.72,0.73,0.62,3.07,0.262763014,0.30548919,0.483134003,0.254803994,0.300734633,0.556006818,0.198541227,0.478113958,0.522214112,0.008739715,0.48323342,0.427130127,0.027075892,0.500110106,0.469636701,0.05514853,0.333067228,0.434340706,0.268297626,0.346490594,0.512290514,0.191370897,0.292483896,0.475512014,0.294577527,0.377563964,0.555269818,0.249773058,0.245859121,0.531266244,0.289570783,0.407103707,0.481748587,0.300304859,0.412795651,0.493356318,0.231479781,0.33312092,0.362374082,0.082975617,0.264585147,0.396707455,0.048524449,0.446199522,0.39636222,0.164174547,0.446642599,0.423041762,0.284440903,0.307757168,0.490540748,0.167123392,0.256423027,0.410436577,0.234105112,0.283136,0.49679998,0.231161295,0.402088616,0.479777116,0.214861365,0.325738282,0.384825936,0.143827669,0.301942286,0.398375851
38,NY0465,2,2,35,214,1.57,0.77,0.74,3.08,0.219300969,0.335290015,0.454658855,0.256342491,0.295600787,0.555905211,0.180713502,0.461702845,0.517695403,0.016179501,0.484014439,0.433640907,0.023061568,0.504568675,0.468855452,0.053296805,0.317490241,0.440469224,0.233351314,0.354118092,0.496708066,0.170430655,0.335446018,0.463900388,0.270407304,0.397559095,0.525595144,0.236154732,0.248704494,0.509033131,0.29072906,0.416985152,0.481829065,0.28613954,0.410708223,0.472812669,0.214969055,0.330863987,0.341553257,0.072746239,0.289999677,0.398910593,0.014357454,0.473765324,0.39098896,0.135354891,0.442301638,0.41412678,0.26631232,0.314652382,0.488390259,0.175307776,0.258960019,0.428896493,0.240923301,0.321629488,0.493246244,0.221858581,0.381556349,0.466504849,0.214488172,0.330643966,0.383095793,0.137531121,0.295483912,0.405298171
39,SW3407,2,2,34,215,1.71,0.81,0.56,3.08,0.293192798,0.327135257,0.517589506,0.266799052,0.337238086,0.562763798,0.204693527,0.472741918,0.522661928,0.031640508,0.453826192,0.399350659,0.070671877,0.484757386,0.438071991,0.111599372,0.30586484,0.400929418,0.323190806,0.4548835,0.559516141,0.230099575,0.23996811,0.515393442,0.332189183,0.473894208,0.57632997,0.228448422,0.274945,0.48963,0.28494269,0.396270901,0.46464951,0.297938448,0.383194025,0.47416797,0.202772898,0.308605144,0.32511156,0.084692536,0.28183765,0.37182551,0.04901937,0.462110783,0.359209289,0.180566947,0.450295801,0.406685826,0.309405197,0.359506641,0.519561327,0.186198796,0.274178484,0.431704581,0.250151745,0.377042881,0.515463709,0.218618754,0.394940627,0.472547262,0.216511034,0.307685402,0.371535221,0.144932914,0.308150078,0.401358301
40,PLUSS_III,2,2,33,216,1.77,0.8,0.6,3.17,0.300151729,0.302760212,0.529819082,0.272394382,0.309473865,0.57966413,0.187223842,0.466804065,0.527985624,0.016765861,0.464199015,0.424405702,0.053624338,0.481653288,0.451538435,0.102382499,0.307615349,0.419083591,0.330524604,0.426723018,0.578317072,0.203728877,0.267856157,0.503285192,0.324009584,0.439536224,0.576382491,0.213350234,0.265261445,0.471767626,0.276676181,0.366271484,0.470592017,0.286608824,0.352925477,0.471895913,0.184176133,0.298581377,0.312255287,0.077429624,0.273094345,0.371277381,0.056338622,0.436395962,0.386282687,0.189269903,0.446497737,0.421343413,0.300804423,0.34256175,0.517925303,0.178464451,0.278924644,0.426133997,0.236958143,0.364397078,0.497604002,0.211861312,0.355298292,0.472149503,0.205261855,0.317701946,0.385451775,0.133327318,0.319680575,0.394271932
41,NY1517,2,2,32,217,2,0.72,0.61,3.33,0.297594439,0.305748727,0.508545611,0.261261983,0.296657286,0.556832884,0.18692735,0.456218533,0.517421561,0.01591614,0.472058908,0.424748293,0.023263014,0.513201971,0.470781249,0.057292637,0.320388797,0.431869577,0.285608841,0.373006615,0.525880887,0.173355508,0.294925972,0.486565337,0.303872893,0.380458235,0.556403989,0.189739514,0.303977344,0.451212967,0.267445124,0.36064232,0.469476464,0.284071973,0.351457034,0.485194372,0.195584149,0.333422478,0.328499115,0.103091049,0.233543824,0.418604124,0.046986489,0.439274969,0.390743912,0.139518444,0.442704459,0.399616185,0.271618985,0.325917449,0.491279846,0.171252899,0.247664703,0.430159633,0.225543085,0.35302903,0.498572574,0.208717584,0.344349849,0.473370548,0.219498472,0.33229256,0.397102957,0.139428996,0.312106249,0.402378316
42,NY1614,2,2,31,218,1.61,0.94,0.63,3.17,0.252982064,0.312032819,0.456311545,0.251983078,0.294103774,0.547688547,0.167384675,0.459093078,0.529823005,0.012495551,0.472043239,0.432005894,0.014651066,0.506541419,0.474979038,0.05559898,0.31080314,0.435627107,0.269591589,0.332500759,0.515335124,0.156462935,0.269741345,0.465435427,0.276349853,0.329493251,0.532488301,0.185364836,0.278910797,0.448733864,0.279017346,0.357834646,0.493057649,0.274174131,0.351920802,0.480426591,0.211083068,0.34994252,0.341669261,0.091819394,0.257952898,0.418395995,0.081810155,0.419028723,0.399848726,0.178513313,0.428971526,0.411653384,0.277488392,0.312466722,0.50840372,0.186310931,0.246695962,0.446301402,0.251069046,0.380178379,0.50958939,0.227183378,0.346631515,0.45927072,0.204953757,0.282373459,0.355195404,0.135536675,0.29426019,0.383950431
43,NY2003,2,2,30,219,1.62,0.95,0.68,3.26,0.235043898,0.343026603,0.459261682,0.246867525,0.304415332,0.527782622,0.173559598,0.498389549,0.519995706,0.022027847,0.460516761,0.423867128,0.025139001,0.504860165,0.455026522,0.056670013,0.31268862,0.424594552,0.272236131,0.383588322,0.511638422,0.17623668,0.344028724,0.482261188,0.287351416,0.371849408,0.552294818,0.208623236,0.288726378,0.444871267,0.299033573,0.418621306,0.505338505,0.297239902,0.415906384,0.505838289,0.232724174,0.381233452,0.366597379,0.103200274,0.253875589,0.427029999,0.090499794,0.414774184,0.396320613,0.180765,0.435246303,0.409462315,0.284012205,0.324592426,0.515150353,0.207564687,0.258057279,0.447801626,0.27063441,0.418869348,0.511035751,0.233119118,0.380816279,0.458034712,0.196439833,0.276581144,0.352935448,0.136010636,0.302227101,0.359677156
44,ONEIDA_VR,2,2,29,220,1.48,0.92,0.69,3.09,0.180192685,0.36503962,0.408238874,0.233231802,0.290940886,0.540133317,0.149685679,0.464023981,0.541770749,0.018731477,0.468422178,0.439025444,0.019551294,0.507529615,0.471468204,0.059668588,0.294378508,0.430979063,0.265837148,0.330288854,0.530608189,0.175947307,0.28844569,0.484138474,0.283354114,0.325537213,0.553913892,0.225927169,0.260669596,0.484919887,0.316449634,0.407824621,0.543923762,0.312195651,0.39199076,0.5266324,0.230771089,0.359196868,0.372088555,0.079810405,0.273919968,0.406066932,0.06605637,0.41673702,0.380950369,0.203211179,0.428415045,0.426888205,0.292389482,0.301899642,0.542849331,0.206064269,0.253439659,0.474796967,0.267586846,0.392685638,0.524572702,0.230652944,0.370311632,0.483714911,0.208648243,0.282194425,0.396246842,0.151717702,0.312193229,0.414459461
45,WL_349HQ,2,2,28,221,1.45,1.12,0.7,3.26,0.19174425,0.340064595,0.421830541,0.245704432,0.291221394,0.54488637,0.171161604,0.4791481,0.514165673,0.042489626,0.425608167,0.424934873,0.068878394,0.43940679,0.440234057,0.120739807,0.298526941,0.411080089,0.335210121,0.425934043,0.583054456,0.233126822,0.3910971,0.525537842,0.327427128,0.401330618,0.589218205,0.266808375,0.367974117,0.517084946,0.355204278,0.460030946,0.569041992,0.351412896,0.441687547,0.552237936,0.234876727,0.363776647,0.374192316,0.07368488,0.275386053,0.39225972,0.095328789,0.363266018,0.356411329,0.231848456,0.442487473,0.445307455,0.322534518,0.351990629,0.561464144,0.216723211,0.263286092,0.454685307,0.278228204,0.417410936,0.510576059,0.239389443,0.383960674,0.471479101,0.17868104,0.242813035,0.350037156,0.133276247,0.310862474,0.390357012
46,FSG_421LH,2,2,27,222,1.8,1.14,0.64,3.58,0.273365751,0.317316979,0.486956705,0.283839878,0.372090402,0.548013979,0.183804373,0.497641175,0.528800471,0.032095666,0.431598415,0.417781106,0.03648125,0.479919742,0.440632805,0.083001429,0.287706789,0.399129249,0.323603433,0.444081171,0.565439602,0.228997791,0.417745181,0.510674988,0.315731986,0.400692535,0.571214684,0.262242691,0.377726779,0.503529483,0.350932751,0.460722389,0.554831528,0.349772004,0.451416843,0.534916384,0.233673364,0.396440644,0.396566083,0.075809937,0.283612149,0.405444054,0.023441595,0.443970603,0.341912954,0.17797548,0.438909345,0.40643078,0.289428228,0.323395398,0.516635041,0.204981343,0.266857433,0.435982932,0.253642674,0.421181743,0.497617559,0.22955913,0.377908497,0.449491624,0.199160035,0.247292537,0.329941994,0.150555479,0.316964109,0.347475134
47,SEEDWAY_9558_SBR,2,2,26,223,1.59,1.02,0.68,3.29,0.222938229,0.31041092,0.44761634,0.245806216,0.301153745,0.532878019,0.173421517,0.483008126,0.510378958,0.027618815,0.458943589,0.433840623,0.024908214,0.487710713,0.452395348,0.067702379,0.298529566,0.418768654,0.282049764,0.357620821,0.535546548,0.191398762,0.320737541,0.489721745,0.281759368,0.321749617,0.553491583,0.227547061,0.308873797,0.492358957,0.31790496,0.370877294,0.516240568,0.324588574,0.385757622,0.521428339,0.206724342,0.372447646,0.359420706,0.075199488,0.293839932,0.392495191,0.028232864,0.471721938,0.346032574,0.179609113,0.43421183,0.412251531,0.289461691,0.299382369,0.522918648,0.206066954,0.23799756,0.452357443,0.243867463,0.367398148,0.500740159,0.226191951,0.363981688,0.46182202,0.191025286,0.246585461,0.35455738,0.146194744,0.321380519,0.404424958
48,ALGONQUIN,2,2,25,224,0.96,0.78,0.68,2.43,0.062072749,0.438947614,0.357335476,0.17931514,0.312362851,0.466839094,0.160440403,0.470000954,0.502803142,0.033016737,0.458975541,0.422468277,0.023590007,0.494061874,0.449307938,0.057727779,0.291817906,0.406987096,0.196427725,0.351902521,0.466614426,0.128889651,0.311164182,0.428584688,0.218488662,0.327679107,0.48000319,0.211677359,0.314912093,0.464412687,0.30190494,0.385810194,0.504176712,0.292272935,0.398902488,0.482683681,0.179966014,0.340701569,0.33231276,0.065195082,0.307318498,0.41559524,0.031933348,0.452823933,0.360687994,0.156837676,0.432048594,0.399980994,0.246482252,0.317620968,0.47368385,0.214466378,0.232461568,0.444813771,0.242104831,0.352217481,0.491405425,0.221112797,0.364487384,0.451842216,0.175065742,0.248482974,0.342483973,0.131785113,0.306991143,0.374937297
49,AMERISTAND_427_TQ,2,2,24,225,2.02,0.8,0.7,3.52,0.310486466,0.307044078,0.576746631,0.280443077,0.325326753,0.570106363,0.20058548,0.485465388,0.514081548,0.039353504,0.446977874,0.4164515,0.073796561,0.447069511,0.439990279,0.122426372,0.298535447,0.380194014,0.367301882,0.480695774,0.591128973,0.245613149,0.383851185,0.539135137,0.330216932,0.391617742,0.596242579,0.264898743,0.342022931,0.512775058,0.370802924,0.483932015,0.566380443,0.375221002,0.4648611,0.556381184,0.229285265,0.382809103,0.392055792,0.071803458,0.286090539,0.394721644,0.072185879,0.40537911,0.356913611,0.261912999,0.440807401,0.447541443,0.316325841,0.343886722,0.558282493,0.227727817,0.273266348,0.457794143,0.282125921,0.372656341,0.511840133,0.249207637,0.387655078,0.480802658,0.18329707,0.22423378,0.322060425,0.140442957,0.305453499,0.371282317
50,REBOUND_6XT,2,2,23,226,1.7,0.72,0.58,2.99,0.290403567,0.332843781,0.54966287,0.282443786,0.347604778,0.55439221,0.168112341,0.431702686,0.506724393,0.04432783,0.446370245,0.41931269,0.088977378,0.427898331,0.422526054,0.136036876,0.32642684,0.37513206,0.358846075,0.510124303,0.588941784,0.211917182,0.389014136,0.531822352,0.301437842,0.388024439,0.56653965,0.261852644,0.313873921,0.504633133,0.345957825,0.458907381,0.535698634,0.345980572,0.453800262,0.524570509,0.203302916,0.33513612,0.347383804,0.073612931,0.277191694,0.389644933,0.087487406,0.362189016,0.335184534,0.235666527,0.455053031,0.435299869,0.302858617,0.364599048,0.537682239,0.213994998,0.267565643,0.435768863,0.258954244,0.343597557,0.48077487,0.224576976,0.358424027,0.444399787,0.162032646,0.205427269,0.303396912,0.11800738,0.321867969,0.386211412
51,SW4602Z,2,2,22,227,1.68,0.77,0.49,2.94,0.285593717,0.328076326,0.535357414,0.282000253,0.382193727,0.555211537,0.169578845,0.444009192,0.500960991,0.035182945,0.462669357,0.404354053,0.054497213,0.487144655,0.417179606,0.091451957,0.294872402,0.343233151,0.347794306,0.495298887,0.577709453,0.191153026,0.329466722,0.514512705,0.295281376,0.342186368,0.574912444,0.258484332,0.321314192,0.513078045,0.361727937,0.499001881,0.567013515,0.366902673,0.481364909,0.562376574,0.249385321,0.402952988,0.407520377,0.074793518,0.280303528,0.386977081,0.080563453,0.371604108,0.323726876,0.242062395,0.44756152,0.437757471,0.294060235,0.354508354,0.534307796,0.213314507,0.26818093,0.442464651,0.249550787,0.365575021,0.487182778,0.224682953,0.383681692,0.459870962,0.189616403,0.234004113,0.299375359,0.118890435,0.293442567,0.331935681
52,NY1615,2,2,21,228,1.66,0.63,0.51,2.8,0.221987336,0.296580384,0.489412209,0.239774161,0.29938666,0.536915993,0.171751922,0.395735731,0.522908417,0.013268036,0.486975013,0.444892993,0.014923865,0.502511376,0.449784081,0.059393272,0.304810332,0.36927254,0.284651192,0.408141506,0.542754912,0.134783896,0.311373516,0.477442017,0.223754834,0.319581696,0.52423622,0.213188285,0.287367519,0.491635108,0.310776475,0.435172869,0.539829259,0.312480282,0.429051196,0.527019553,0.212647252,0.38934168,0.385049133,0.059775445,0.296637046,0.391705269,0.064565862,0.391652297,0.351705255,0.191710739,0.436114873,0.438085717,0.267856681,0.326191816,0.522196427,0.1954392,0.244744,0.43522717,0.228919012,0.296509541,0.476221032,0.2072821,0.327490416,0.457002801,0.201543257,0.262624805,0.329650789,0.101847902,0.311204598,0.350950469
53,GUARDSMAN_II,2,2,20,229,1.67,0.63,0.61,2.9,0.274649315,0.296803528,0.527153839,0.264141266,0.32828286,0.553895275,0.180533893,0.414963465,0.516175473,0.025054584,0.482631214,0.428533669,0.02541329,0.508104092,0.439977683,0.073029508,0.310730036,0.386333551,0.320246997,0.436942114,0.563517445,0.185066638,0.265090704,0.513677137,0.268122656,0.294342295,0.56137514,0.247927854,0.292986691,0.517155135,0.358027061,0.4907762,0.575334286,0.360724811,0.47435804,0.564985755,0.25125814,0.408506121,0.403426476,0.069518049,0.286524213,0.371104388,0.083268419,0.361634472,0.35546254,0.236402516,0.440876332,0.435567597,0.306896724,0.35109095,0.551193469,0.216435758,0.258608591,0.456341683,0.242325545,0.345508317,0.50039254,0.224943896,0.371554279,0.485506755,0.213505573,0.295234346,0.359372245,0.103541352,0.315034901,0.342322528
54,SW4412Y,2,2,19,230,2.02,0.6,0.63,3.25,0.287380735,0.337253964,0.512195005,0.27368821,0.334979256,0.546086359,0.189896412,0.407982603,0.505580205,0.022278438,0.47632137,0.431182799,0.01809998,0.480068477,0.437622096,0.089465854,0.285591958,0.403755349,0.336100472,0.45217171,0.547520346,0.198882808,0.282635513,0.493982022,0.262420919,0.30653039,0.540960698,0.252236641,0.295307735,0.492248625,0.365889512,0.469985535,0.559936397,0.360466632,0.457716284,0.542604722,0.244040381,0.409071182,0.403530528,0.069910754,0.273266574,0.389637096,0.075276859,0.369970034,0.382864121,0.247866282,0.434216942,0.448312631,0.309210816,0.348506698,0.530373141,0.217723725,0.258034266,0.437104518,0.247743955,0.346537881,0.483437729,0.231559802,0.375164093,0.461805544,0.212450308,0.267004113,0.332201116,0.115732759,0.282703042,0.341206802
55,FSG_415BR,2,2,18,231,1.75,1.15,0.66,3.57,0.258443601,0.3141927,0.510366819,0.266700114,0.315820517,0.549673511,0.172535487,0.40409427,0.512315729,0.023452318,0.478863324,0.425148311,0.010481116,0.503594761,0.415799702,0.079739395,0.292658348,0.408428683,0.319908251,0.436379514,0.549278977,0.193281337,0.274648731,0.513386781,0.256456095,0.295825837,0.558940831,0.253825133,0.305763815,0.508965869,0.358210567,0.487707872,0.570889585,0.355835379,0.466309761,0.558802178,0.243669683,0.394124599,0.399510534,0.053820248,0.28954671,0.376234533,0.0612704,0.376128118,0.359117539,0.227581164,0.436681752,0.433828173,0.306443224,0.358255719,0.536607105,0.197160395,0.256201576,0.430160212,0.211675376,0.300215209,0.481498397,0.223723159,0.385150766,0.478473664,0.212227388,0.291861649,0.369830074,0.106413157,0.331985209,0.361662528
56,LANDER,2,2,17,232,1.35,0.86,0.56,2.78,0.159495767,0.3321021,0.435497487,0.212488906,0.295149497,0.529980964,0.159350205,0.39224385,0.525320357,0.022377546,0.478634887,0.421835045,-0.000535869,0.522549847,0.409298299,0.066455627,0.297023486,0.395379179,0.283717609,0.419316004,0.53999039,0.15775861,0.293123221,0.506320481,0.214995599,0.293847588,0.535049838,0.23119445,0.289994045,0.497448258,0.313576737,0.443294698,0.540061279,0.304123362,0.432576086,0.521504573,0.186051393,0.35761252,0.359367233,0.053949307,0.284434583,0.383661437,0.061723406,0.371007544,0.343605294,0.197158071,0.437811427,0.424707005,0.280711623,0.324254164,0.519241514,0.172517508,0.240137821,0.426562715,0.162022224,0.241808924,0.464703841,0.188381364,0.350129291,0.460374471,0.188876188,0.26715836,0.361054271,0.074300328,0.394514418,0.343329398
57,SW5606,2,2,16,233,1.91,1.08,0.51,3.51,0.284383332,0.350331282,0.526035196,0.274273616,0.359979916,0.5653874,0.184384899,0.44208546,0.515663693,0.037942056,0.461764734,0.412565718,0.037861135,0.477799407,0.410062459,0.117630954,0.297381669,0.385704513,0.375492473,0.526334685,0.584227444,0.256746456,0.405250458,0.559853926,0.303745362,0.322747418,0.592707317,0.282215608,0.33446465,0.521208789,0.357501642,0.477662162,0.562545262,0.369180322,0.46498272,0.56821141,0.227492452,0.356858606,0.376120369,0.059556092,0.285794578,0.375469046,0.096608517,0.343399879,0.36703511,0.24845254,0.443807742,0.462067837,0.353560419,0.383609729,0.571573382,0.188506749,0.24215158,0.43135793,0.183825793,0.256557326,0.464892153,0.223147714,0.393090496,0.479919968,0.205838819,0.262214453,0.338601252,0.110618221,0.341332479,0.319480398
58,VERNAL,2,2,15,234,1.28,0.82,0.66,2.77,0.063685265,0.419228299,0.378562185,0.135311992,0.327264151,0.447225966,0.15734736,0.383774152,0.505150518,0.021749623,0.479847239,0.420705052,-0.027503151,0.527598061,0.466981822,0.043890896,0.294520061,0.436456328,0.180363243,0.360141324,0.440570927,0.090050282,0.316133483,0.412122638,0.144892042,0.339080215,0.448302225,0.207959348,0.284383356,0.456958428,0.276885726,0.388968731,0.491470364,0.269978381,0.375527143,0.47462483,0.158151308,0.323282156,0.3349059,0.063083841,0.279134598,0.403267465,0.039640742,0.389378744,0.379982227,0.161879911,0.431895124,0.404134665,0.23271048,0.307707877,0.446592257,0.170633587,0.208149672,0.412345584,0.144408332,0.264736015,0.433346355,0.190541606,0.348379964,0.448939419,0.206680341,0.319962318,0.380141155,0.103830552,0.345977373,0.386045461
59,SW5210,2,2,14,235,2.04,1.32,0.72,4.08,0.257764625,0.328353659,0.487605846,0.269917102,0.34056247,0.540737672,0.2045251,0.422829859,0.5132147,0.020677047,0.480171952,0.426170963,-0.002681152,0.504467209,0.465459201,0.084958422,0.303158895,0.419166026,0.342272356,0.474064516,0.557152621,0.222860496,0.400519031,0.510545496,0.282786924,0.317606436,0.554529442,0.278373974,0.322109107,0.516916805,0.371438621,0.461868135,0.561266431,0.372366274,0.439720169,0.55232554,0.258604868,0.380881421,0.414533038,0.068019761,0.277793067,0.387290577,0.070097673,0.36852556,0.400379518,0.261906191,0.440654945,0.455310694,0.306551324,0.329750623,0.526942692,0.200766885,0.250334855,0.434196704,0.200312241,0.284817927,0.475321682,0.232612727,0.378409183,0.470319108,0.239345912,0.301239232,0.363120508,0.143709568,0.295066076,0.339581701
60,55V50,2,2,13,236,2.18,1.32,0.73,4.22,0.236401247,0.327095484,0.4874733,0.278354581,0.324344247,0.555736483,0.185941841,0.43938966,0.513564556,0.030008321,0.483574313,0.412151111,0.005507586,0.506332503,0.45799728,0.093415729,0.29294935,0.399072633,0.351463358,0.502273941,0.581914534,0.212762409,0.413814177,0.534742654,0.265206891,0.344682566,0.552957009,0.282740482,0.329445396,0.520038889,0.386123932,0.486534971,0.572725339,0.373832923,0.470689268,0.553997575,0.29318079,0.414125402,0.444344865,0.072805411,0.274709397,0.380204687,0.047968006,0.405538681,0.392011,0.231788711,0.436681795,0.434652768,0.301559286,0.323123682,0.526556636,0.185835007,0.2538141,0.436729209,0.189055612,0.258961864,0.471875173,0.222028378,0.383420804,0.467463389,0.237458617,0.30789943,0.379036746,0.134517213,0.312644006,0.362027546
61,N-R-GEE,2,2,12,237,1.54,1.04,0.57,3.15,0.189019367,0.313726076,0.451851188,0.237003745,0.29752299,0.532151974,0.175304444,0.41488081,0.519920328,0.027994284,0.485825507,0.426489108,-0.002679316,0.517305693,0.454714674,0.082773981,0.292520374,0.392618194,0.303615865,0.418812715,0.537183808,0.193783335,0.303727802,0.500382345,0.224500815,0.332994262,0.530058363,0.258854894,0.296204928,0.520398971,0.368455215,0.458158495,0.565162644,0.371966066,0.442567252,0.562461981,0.312195986,0.41887707,0.475603998,0.081519719,0.26582388,0.40127574,0.054012148,0.418326556,0.399274841,0.211015956,0.435474082,0.429242217,0.276432227,0.282031942,0.500849014,0.164977752,0.226654769,0.413839111,0.172742574,0.250926665,0.46008398,0.211812401,0.380129401,0.470173999,0.225432886,0.305635829,0.385440319,0.135734917,0.31797354,0.356694348
62,WL_358LH,2,2,11,238,1.59,0.9,0.54,3.03,0.195642995,0.321298174,0.459829891,0.258519557,0.331081999,0.522237461,0.173954786,0.461131466,0.531530779,0.034857857,0.467983158,0.406227273,0.009022792,0.485411085,0.462790218,0.093875884,0.293804922,0.398679051,0.330474635,0.475533795,0.560404621,0.205597296,0.333681949,0.513623595,0.2299528,0.344220556,0.528113411,0.250031049,0.322322919,0.498178272,0.355795539,0.479297722,0.551280654,0.351621825,0.453225655,0.539354157,0.262852521,0.403533361,0.432690016,0.082037967,0.280793625,0.399508903,0.067676321,0.402116994,0.390112175,0.216368556,0.437119616,0.423803818,0.273919059,0.300904591,0.495167501,0.154647547,0.23990204,0.385630275,0.164306163,0.252329896,0.436027247,0.199651493,0.386691273,0.443907508,0.215892502,0.29911113,0.369967448,0.119962868,0.326161155,0.355242405
63,HI-GEST_360,2,2,10,239,1.54,0.99,0.57,3.11,0.194205782,0.309473459,0.452596442,0.267764541,0.340373791,0.545241134,0.188601548,0.411882067,0.538899385,0.022598264,0.470872973,0.423023677,-0.003836754,0.490524339,0.466177329,0.089909241,0.280993604,0.421021709,0.307535571,0.424707404,0.552047251,0.200112484,0.292008619,0.506249956,0.2413886,0.323764615,0.534533576,0.244718998,0.295759292,0.509146932,0.372645577,0.447937702,0.566288029,0.366100139,0.426926193,0.548439139,0.280491712,0.39921752,0.420769003,0.062357468,0.29663482,0.403611428,0.048389795,0.406468809,0.3966038,0.222444993,0.437035379,0.448537575,0.284456355,0.309535368,0.518913926,0.180622532,0.25637396,0.417329501,0.184322547,0.287697145,0.461465944,0.207983853,0.37845297,0.4576646,0.226268677,0.29990038,0.374740757,0.122847366,0.30871499,0.334763661
64,NY0651,2,2,9,240,1.79,1.07,0.55,3.4,0.200865613,0.314857794,0.472742894,0.253193162,0.345225939,0.536446144,0.201234315,0.382026939,0.50707568,0.02815934,0.474571495,0.407180735,-8.80E-05,0.510128874,0.467748527,0.085365432,0.285824615,0.39235793,0.305248877,0.414628635,0.557404134,0.195904926,0.262524206,0.518624031,0.234407973,0.274085455,0.547585362,0.219722808,0.277614705,0.500151976,0.357953416,0.425418846,0.556544911,0.351312397,0.415864518,0.545139591,0.24782038,0.364762014,0.409938901,0.080635023,0.283700131,0.401640824,0.050012878,0.406909642,0.341096505,0.214378856,0.428698146,0.433617146,0.280866808,0.287275899,0.517342931,0.174392798,0.248409966,0.432350987,0.171677171,0.302713715,0.467595717,0.186474387,0.358986115,0.438490684,0.219711859,0.300853251,0.374854802,0.112828567,0.303343643,0.32893653
65,REGEN,2,2,8,241,2.02,1.16,0.72,3.9,0.214718377,0.30926711,0.457592337,0.243819763,0.371417869,0.527598171,0.198455287,0.393131212,0.523157133,0.017292019,0.481670363,0.429566984,-0.022508559,0.516589373,0.485969533,0.058267283,0.308808206,0.425946774,0.294843833,0.417385071,0.544861321,0.197042245,0.25704637,0.508922477,0.238721191,0.286148333,0.54722686,0.214489475,0.318804095,0.497644883,0.357405876,0.441577562,0.5554542,0.357324142,0.427041742,0.558896795,0.242819695,0.355073115,0.400929732,0.067554417,0.293805393,0.408562489,0.019017275,0.422123526,0.358219756,0.21046454,0.432530881,0.429551948,0.281390854,0.291064332,0.519685458,0.177768874,0.245017773,0.436447043,0.182906519,0.287296028,0.476937993,0.192350782,0.35753051,0.450572527,0.233212314,0.312548384,0.388682099,0.126910447,0.276387,0.366867766
66,SW4107,2,2,7,242,2,1.2,0.68,3.88,0.202618845,0.327943638,0.470794066,0.258769946,0.386882432,0.529225067,0.196627969,0.442503061,0.526622458,0.029512792,0.477189525,0.423456809,0.001086278,0.478734555,0.48114698,0.08610244,0.296985241,0.41908048,0.32174268,0.444194667,0.553978382,0.228852061,0.305525246,0.527561367,0.255503551,0.33424471,0.553752931,0.250214861,0.38090728,0.500912538,0.376075254,0.470991217,0.55264479,0.366427871,0.463894733,0.559831344,0.239778425,0.347755022,0.382257436,0.078505002,0.274045475,0.398501585,0.064824895,0.39003524,0.375335562,0.242632349,0.437770165,0.450952913,0.301263078,0.31142989,0.528494435,0.19865521,0.255307521,0.430170344,0.198969396,0.25380583,0.460436971,0.194699001,0.343948407,0.423482826,0.232475949,0.306492882,0.386121357,0.137803713,0.272552819,0.357444467
67,PERSIST_III,2,2,6,243,1.91,1.04,0.81,3.76,0.175096582,0.329601269,0.43175378,0.251201296,0.3858735,0.532380424,0.188759652,0.446544853,0.52623364,0.02535173,0.491168842,0.413800192,0.000794539,0.488219008,0.479123392,0.076122405,0.293415524,0.395639079,0.310597749,0.435966304,0.554636307,0.236964365,0.288709864,0.53819555,0.263980136,0.326341892,0.564458445,0.255177693,0.382418864,0.507814713,0.361230806,0.478557091,0.53935709,0.362823111,0.467452488,0.558051001,0.248213322,0.355810335,0.376092506,0.074636039,0.291128279,0.389552655,0.059518681,0.41959678,0.40339175,0.223767643,0.425294407,0.442930651,0.304098239,0.309827296,0.544492953,0.202116286,0.266739905,0.443763542,0.219606228,0.286736085,0.493064824,0.213971535,0.391313895,0.475894138,0.230678668,0.31048496,0.407758151,0.13897904,0.249236007,0.368133038
68,LIGHTNING_BOLT,2,2,5,244,1.54,0.89,0.75,3.18,0.093093774,0.392887624,0.395795813,0.200353976,0.335217615,0.496193779,0.168386396,0.419954519,0.526965317,0.013175047,0.497878223,0.419992437,-0.002057724,0.489689183,0.480576008,0.067086009,0.291710167,0.39051856,0.274405419,0.407351588,0.519316755,0.206081166,0.293827174,0.518520956,0.234829944,0.330721753,0.537907257,0.241632879,0.347426294,0.493419123,0.350634952,0.47086985,0.534655965,0.337516567,0.457615597,0.535141098,0.211997668,0.364475457,0.357110098,0.074574561,0.282760453,0.392701518,0.077022851,0.39374736,0.399340962,0.216564172,0.436955912,0.429318394,0.286670792,0.302703326,0.521651513,0.197804923,0.239981068,0.437750779,0.231257118,0.309693277,0.483192259,0.209817112,0.379919811,0.463904103,0.220181986,0.298459462,0.409846988,0.133384207,0.278076511,0.376225762
69,SEEDWAY_9558,2,2,4,245,1.26,0.88,0.73,2.87,0.056758728,0.444486056,0.374038245,0.176527458,0.326165108,0.468601686,0.177457277,0.408014408,0.529990777,0.004281449,0.516214539,0.41558755,-0.015265789,0.523613258,0.478935214,0.040547688,0.319193549,0.365200403,0.223774853,0.373988905,0.489062566,0.184715734,0.293453674,0.489818333,0.213665311,0.317529157,0.510772799,0.212243137,0.290674492,0.476249026,0.336207359,0.469186189,0.532900926,0.326365939,0.443140709,0.529689544,0.208578276,0.351505102,0.347875593,0.075141385,0.290512186,0.39747338,0.051291215,0.427619209,0.391247899,0.197087713,0.431027464,0.423323128,0.270747893,0.297184278,0.511866654,0.205382571,0.233003328,0.442971963,0.241911797,0.328510833,0.495161055,0.213748841,0.379143657,0.474537103,0.227146349,0.303133933,0.418716421,0.134208935,0.297445241,0.371079247
70,ONEIDA_ULTRA,2,2,3,246,1.47,0.85,0.77,3.09,0.116727957,0.395638828,0.374705508,0.237104547,0.360861212,0.514763887,0.218340023,0.426771942,0.500746148,-0.013027631,0.517858855,0.449300887,-0.040770026,0.536778508,0.482323237,0.011667813,0.423490051,0.391949653,0.216873819,0.378943565,0.484384296,0.193181217,0.293980371,0.482330769,0.209731929,0.34593966,0.49033377,0.196763645,0.268946246,0.451830592,0.305093109,0.436059279,0.500473037,0.288331241,0.414589495,0.482873438,0.176914348,0.325356125,0.318970704,0.082183662,0.284617155,0.412101075,0.051376357,0.422217973,0.395429566,0.183273805,0.432072829,0.414116794,0.25401881,0.297810458,0.48947238,0.210221837,0.232370816,0.426565465,0.243614155,0.331521177,0.478633225,0.214633515,0.359721204,0.452717087,0.222643705,0.309016233,0.41642095,0.126268954,0.293818712,0.347475541
71,SW315_LH,2,2,2,247,2,0.82,0.81,3.64,0.254262812,0.309347952,0.48251423,0.291671342,0.462151445,0.563105412,0.225492196,0.430436843,0.500946679,-0.014768185,0.52492571,0.455898547,-0.056177906,0.571684982,0.499583949,-0.014469774,0.500436314,0.443277105,0.213742967,0.405941664,0.479893581,0.230826915,0.326813307,0.494799664,0.239199014,0.371816304,0.501202642,0.212214015,0.296477751,0.455468761,0.317080651,0.460419621,0.495689985,0.307388005,0.455249447,0.472065051,0.18945977,0.32363292,0.324647408,0.085093355,0.309383904,0.41232874,0.044237625,0.442984186,0.388433299,0.176787174,0.435190209,0.394388539,0.243465484,0.295588631,0.478696411,0.224077621,0.240710472,0.4443077,0.241989648,0.359317927,0.490669595,0.243995147,0.424773219,0.499238315,0.233401964,0.34475299,0.452623987,0.126282052,0.256201642,0.3361475
72,ALFABAR,2,2,1,248,2.13,0.89,0.76,3.78,0.26036593,0.289145122,0.499538639,0.289016992,0.419534512,0.566221923,0.258727256,0.455460299,0.530745034,-0.019355182,0.530599861,0.459370706,-0.049446616,0.572258165,0.510696332,-0.004985447,0.527515412,0.434045092,0.244746775,0.407794432,0.513901458,0.255042426,0.33649776,0.508912216,0.251480846,0.378162946,0.521115013,0.221663309,0.298470853,0.482408953,0.329806468,0.44817051,0.516341799,0.312059775,0.442142942,0.472252086,0.194349501,0.335089983,0.325174908,0.083911716,0.307194104,0.39887215,0.053578371,0.427874221,0.400805397,0.195186621,0.433679504,0.404053851,0.274254645,0.306731104,0.504600727,0.242794237,0.252117899,0.458976519,0.253000185,0.336636665,0.499498255,0.275445919,0.413380695,0.504694042,0.221167565,0.300679447,0.449950933,0.114690708,0.280530837,0.335399552
73,55V50,3,3,36,313,2.2,0.89,0.52,3.6,0.308061076,0.362737245,0.550919792,0.297388835,0.401781618,0.569582342,0.224166949,0.434441741,0.52605744,0.004683163,0.477776814,0.361255324,0.029801589,0.495638842,0.474760071,0.031434192,0.382481647,0.402362183,0.230677365,0.327540274,0.480123884,0.216313395,0.32400693,0.517594814,0.287795364,0.427262528,0.550331204,0.308321613,0.342926388,0.550349713,0.260338916,0.338532018,0.469177381,0.286365353,0.31676861,0.50557757,0.301100854,0.368382416,0.419338929,0.083418347,0.411868176,0.413207406,0.054434295,0.409693443,0.395027861,0.18943961,0.444736292,0.412967427,0.340473232,0.416433824,0.53756391,0.188468959,0.252382482,0.4319049,0.198545386,0.26936203,0.458328442,0.207435989,0.324587185,0.452135419,0.193197262,0.251671325,0.330695833,0.123365751,0.261626569,0.358118326
74,SW4107,3,3,35,314,2.01,1,0.46,3.46,0.344888865,0.355243068,0.593967096,0.311037559,0.402276042,0.587155674,0.235322444,0.436983923,0.537581858,0.022903693,0.464791021,0.374971158,0.041008507,0.487711604,0.466972661,0.050951754,0.344548519,0.37355149,0.27535843,0.305543834,0.529917968,0.250391405,0.293556159,0.55569236,0.326165174,0.425929658,0.588264019,0.334443523,0.279160184,0.576429965,0.322604571,0.307277168,0.546394615,0.330040853,0.302056448,0.562866509,0.332963145,0.382382934,0.442369077,0.086294861,0.396163207,0.414503887,0.07672816,0.385704818,0.39554294,0.208741872,0.441071931,0.435295498,0.365038554,0.411343444,0.552212881,0.183584664,0.239158514,0.424841619,0.188662869,0.261921862,0.437754892,0.203780547,0.315621245,0.446268468,0.185667541,0.235453988,0.316078765,0.111947843,0.252295135,0.361578126
75,ONEIDA_ULTRA,3,3,34,315,2.02,0.99,0.51,3.52,0.295094864,0.296835293,0.537818475,0.287013611,0.364313725,0.568025474,0.225030428,0.445778986,0.536077318,0.040941502,0.425102432,0.342360368,0.036003232,0.510177859,0.466094628,0.02332598,0.322945263,0.340802916,0.258855994,0.313172579,0.514543007,0.227451065,0.26587839,0.545329309,0.314565583,0.413494573,0.582918888,0.311922917,0.27139313,0.558740399,0.326351984,0.282882017,0.557982586,0.317214145,0.299049228,0.554980982,0.298352943,0.378456309,0.424091943,0.096830019,0.367457446,0.42046548,0.0455279,0.427519522,0.383547618,0.183655894,0.430787311,0.403017319,0.320187289,0.361046965,0.511798903,0.164736745,0.224978542,0.406843278,0.176805759,0.278440935,0.424709695,0.19979164,0.31665236,0.45844102,0.19513337,0.278824331,0.349038876,0.12256945,0.290996795,0.381420018
76,SW5606,3,3,33,316,1.97,0.72,0.49,3.17,0.332222435,0.383104997,0.570764762,0.316744487,0.430226864,0.57886515,0.257256622,0.464147385,0.531409443,0.042660002,0.428423176,0.37806989,0.052291895,0.488091223,0.452490664,0.060602385,0.310473436,0.321853431,0.289063761,0.336320858,0.531912629,0.254623178,0.342667285,0.529853313,0.324701642,0.473933251,0.558543349,0.29460483,0.318114945,0.526815854,0.271045389,0.322253357,0.458958801,0.264398607,0.326906516,0.454367335,0.209908339,0.314344197,0.346800256,0.09246074,0.353639179,0.403067517,0.051130009,0.391741281,0.379952646,0.168653403,0.436304485,0.402127882,0.343126051,0.40757432,0.520919249,0.188101332,0.263141539,0.41933747,0.194148153,0.320438671,0.432625302,0.211244658,0.334860081,0.452955319,0.207559121,0.278514172,0.342584686,0.140838577,0.299245256,0.370155709
77,REBOUND_6XT,3,3,32,317,1.68,0.77,0.45,2.9,0.31178921,0.335481399,0.554991332,0.298267425,0.399009038,0.571854289,0.246352633,0.426558211,0.526271806,0.046781039,0.433614726,0.414452141,0.059986328,0.483137458,0.457288848,0.069549021,0.318101886,0.335639366,0.290899075,0.305109927,0.531341715,0.244959163,0.299269866,0.529295481,0.326203173,0.456543464,0.561066653,0.262467294,0.333066061,0.506115402,0.223685611,0.33032326,0.413138862,0.23915971,0.318430422,0.434528316,0.181022425,0.291901248,0.318769968,0.091861568,0.36763414,0.419454047,0.06730479,0.384968267,0.392367982,0.188402787,0.429277215,0.401116891,0.336718781,0.416779576,0.515588684,0.190506267,0.265909445,0.424938732,0.190937989,0.314168054,0.427901329,0.196143632,0.329403087,0.447320591,0.180003063,0.266304745,0.350841195,0.113198498,0.290890568,0.371414115
78,NY1615,3,3,31,318,2.13,0.8,0.49,3.42,0.295585482,0.286591696,0.539535802,0.275182301,0.327861371,0.557436182,0.225035131,0.397048487,0.524389104,0.03352071,0.451439143,0.429136084,0.015208068,0.509280231,0.477707291,0.015231297,0.268876278,0.366211632,0.260801225,0.282427178,0.513521373,0.200936307,0.261240132,0.500187398,0.294602438,0.398726714,0.545184156,0.237333265,0.301064192,0.514857528,0.233498707,0.325412554,0.457254855,0.23778678,0.31951689,0.465533988,0.17806993,0.294488865,0.325086268,0.074199957,0.406493435,0.411779001,0.017554462,0.398417759,0.398217885,0.1476997,0.43409535,0.394837953,0.289068805,0.33190544,0.47566809,0.151772882,0.232428567,0.389694556,0.172321379,0.280275336,0.412982608,0.180181283,0.269392798,0.431114802,0.197054358,0.271537877,0.34684266,0.140740301,0.287082299,0.398252663
79,SEEDWAY_9558_SBR,3,3,30,319,1.98,0.74,0.49,3.21,0.291315161,0.276647927,0.53524101,0.278532619,0.3320797,0.551281513,0.216834218,0.386543422,0.527006822,0.036959061,0.43792592,0.427200081,0.014128265,0.516195694,0.480231542,0.015363756,0.272734293,0.398799361,0.245626445,0.291448093,0.488903714,0.181372729,0.275804728,0.492855509,0.295228057,0.390595959,0.539479795,0.220755908,0.350201403,0.497006813,0.236105876,0.322711534,0.457814125,0.239007144,0.306025534,0.467497389,0.1731682,0.312406937,0.340513008,0.066177327,0.414578719,0.400092204,0.011587743,0.391734066,0.394789119,0.137655271,0.4416686,0.390192691,0.28593505,0.339103042,0.475648533,0.149861351,0.238727046,0.37280955,0.176157723,0.274058249,0.413492038,0.175468774,0.270140056,0.445950654,0.181297378,0.248422983,0.341891254,0.141709606,0.287289233,0.403517471
80,ALFABAR,3,3,29,320,2.17,0.85,0.53,3.55,0.27927419,0.291146346,0.543734117,0.28383698,0.351696131,0.551942286,0.216659481,0.415276148,0.549248446,0.037882997,0.423574358,0.423999937,0.017964598,0.519115707,0.479017788,0.025186633,0.317589768,0.396000876,0.242458349,0.277316491,0.504302468,0.161718611,0.293578803,0.494747537,0.283656552,0.432030422,0.530509219,0.229411968,0.316275883,0.50241883,0.216027371,0.325098796,0.444034333,0.225818554,0.324347469,0.455744196,0.198150589,0.318344381,0.339625153,0.069622337,0.402464965,0.404610342,0.030998179,0.388498602,0.386283622,0.145062086,0.445268553,0.400103113,0.322373464,0.371775561,0.518283046,0.193445368,0.276662947,0.430932397,0.210908369,0.341958615,0.460656062,0.190772042,0.300966042,0.467897071,0.175980269,0.25785462,0.352095893,0.140401972,0.316190072,0.425474418
81,SW4412Y,3,3,28,321,2.07,0.92,0.5,3.49,0.297671032,0.320146918,0.551610778,0.285315195,0.378606839,0.548389488,0.215647485,0.438103303,0.536407455,0.049064878,0.395586548,0.41627118,0.034922296,0.506737993,0.453244754,0.062939049,0.300407776,0.379226742,0.263088509,0.321656742,0.518313092,0.174845549,0.349573784,0.501241028,0.303457588,0.446208687,0.542298992,0.243496972,0.336531619,0.502500062,0.226793055,0.348736221,0.462190259,0.241010744,0.346847297,0.47396199,0.222753448,0.36188457,0.375504899,0.065809436,0.388180796,0.395092204,0.051723932,0.35776245,0.385614943,0.175732776,0.447557693,0.416468573,0.333817215,0.405172491,0.524943733,0.196141609,0.285247729,0.423356448,0.220254723,0.344681839,0.458156955,0.18838164,0.288096718,0.449665674,0.158046481,0.237461901,0.306170328,0.123509174,0.305157804,0.388656803
82,GUARDSMAN_II,3,3,27,322,2.11,0.96,0.55,3.63,0.30817411,0.311849866,0.558133126,0.286543651,0.35849017,0.557351488,0.216253812,0.409349109,0.531463512,0.049236428,0.385340714,0.423847616,0.020365938,0.513447741,0.469915937,0.041787355,0.314550318,0.401136583,0.255442155,0.294109529,0.50923255,0.154242851,0.316376075,0.479416718,0.297612658,0.430661063,0.542070985,0.240344575,0.309847669,0.515701478,0.23863374,0.328774209,0.469903977,0.242439949,0.329386017,0.474125999,0.219806239,0.356571585,0.36125871,0.067393068,0.391241606,0.39421274,0.030193075,0.389306354,0.393951823,0.129670964,0.444476312,0.388856958,0.323223925,0.373490059,0.512341399,0.190411971,0.264453167,0.410626041,0.211314845,0.315359844,0.450862628,0.204138449,0.29893086,0.440404216,0.168053769,0.243487304,0.330509612,0.141905763,0.30913405,0.398105183
83,NY0651,3,3,26,323,2.08,1,0.52,3.6,0.324057846,0.319631521,0.583261363,0.288346596,0.354387516,0.554491911,0.229993731,0.42441912,0.525452656,0.06027657,0.35436328,0.417194309,0.033754417,0.511741958,0.464369674,0.05596454,0.291965682,0.371885464,0.255228129,0.296236013,0.506610431,0.166864642,0.288924033,0.492526117,0.305597016,0.413521754,0.551182592,0.226594097,0.318604122,0.511732141,0.234898258,0.324279242,0.468068594,0.251207676,0.314689555,0.492355621,0.239144397,0.362673423,0.385243756,0.067775076,0.396405127,0.396032268,0.061316682,0.381749144,0.384094971,0.136555681,0.444051635,0.379638666,0.330986284,0.367365672,0.528042946,0.190952298,0.247071501,0.425021064,0.203575064,0.270682837,0.448317545,0.207100667,0.309905641,0.447699566,0.145428506,0.21496483,0.30224474,0.132127113,0.323343239,0.37136875
84,VERNAL,3,3,25,324,2.02,0.69,0.58,3.29,0.298068589,0.315845598,0.551504921,0.279318595,0.367331933,0.554704561,0.20235569,0.408659097,0.515235596,0.045216335,0.385104991,0.436425936,-0.002297898,0.51642995,0.49148202,0.007435266,0.325720487,0.441824061,0.199779808,0.309848175,0.451875288,0.103825741,0.366790026,0.415607376,0.258239417,0.390279917,0.506498246,0.209283295,0.279618696,0.493913811,0.207493549,0.324756877,0.435721985,0.20916581,0.331379562,0.438417201,0.21317125,0.32965549,0.349185853,0.059055453,0.411554506,0.384774896,0.035356164,0.409482014,0.373789631,0.108851867,0.443305196,0.360217224,0.302073448,0.363383594,0.503900836,0.183218834,0.259620609,0.422995902,0.182273563,0.270532751,0.434268535,0.192445101,0.313405723,0.439685066,0.147977288,0.244341856,0.341342174,0.114430837,0.308352398,0.416909967
85,SW5210,3,3,24,325,2.37,0.72,0.54,3.63,0.342326808,0.383443293,0.591275083,0.308462142,0.404457613,0.551461868,0.253164629,0.443519234,0.52206749,0.059662455,0.33585469,0.422030052,0.031973781,0.503713034,0.469518589,0.059237348,0.300052022,0.383123992,0.267580013,0.357469206,0.530798821,0.19571589,0.248896012,0.507314318,0.32096637,0.456144183,0.558257411,0.245975388,0.300601955,0.516963918,0.250725153,0.320362862,0.492467267,0.268754066,0.318494108,0.5176592,0.270129503,0.396383848,0.409801031,0.06780586,0.390032522,0.383789147,0.079963451,0.367536069,0.389513423,0.181894387,0.444962448,0.411087258,0.357919781,0.43587471,0.542042879,0.218112479,0.293347055,0.445996871,0.234043052,0.319418041,0.462567849,0.221175198,0.335881969,0.441413278,0.181456754,0.237957031,0.30867837,0.145463562,0.259983038,0.355209444
86,EZRA,3,3,23,326,2.25,0.7,0.49,3.44,0.301130674,0.313822545,0.554337919,0.282895207,0.335800301,0.543638946,0.230222319,0.368335798,0.509325255,0.06032928,0.33307843,0.429868538,0.012544909,0.520366405,0.486109362,0.023865615,0.327187291,0.408458455,0.228375557,0.284876874,0.499040076,0.150671363,0.284770959,0.475406109,0.277147123,0.389109899,0.530410148,0.223893129,0.280268527,0.507872505,0.242170928,0.31241444,0.503879852,0.24452862,0.310041091,0.505447263,0.256029599,0.387104828,0.398341278,0.072808634,0.393041664,0.399999503,0.050914149,0.407368,0.394609234,0.169266536,0.434750083,0.410225721,0.316610722,0.357445709,0.511235373,0.17196335,0.240020727,0.407104822,0.191677573,0.25873644,0.438462567,0.178048902,0.292402814,0.403547823,0.153968152,0.211538596,0.29538401,0.116887849,0.314207389,0.376359872
87,SEEDWAY_9558,3,3,22,327,1.75,NA,0.43,NA,0.250821749,0.280391572,0.519890462,0.259420324,0.333948787,0.541006025,0.203663292,0.385351685,0.515713945,0.065467707,0.304743915,0.412846165,0.013876848,0.51333871,0.487474706,0.023424337,0.309436032,0.422457892,0.178866123,0.319550476,0.458894948,0.134073355,0.290821487,0.455608862,0.250685168,0.370128702,0.515725756,0.185039529,0.321341234,0.483665379,0.210050177,0.346932633,0.477177372,0.22557792,0.327050429,0.495257862,0.235389158,0.398044737,0.40437211,0.061763598,0.392010046,0.396939007,0.058178474,0.387584144,0.379296446,0.172262951,0.440295162,0.425361812,0.312067337,0.367458349,0.517009619,0.170341117,0.261192913,0.407869769,0.172050368,0.257956366,0.430634054,0.173699287,0.322718735,0.424117098,0.152588035,0.221745422,0.318712724,0.107142293,0.326262758,0.387189887
88,REGEN,3,3,21,328,1.95,NA,0.48,NA,0.276375658,0.306239626,0.537005701,0.275263027,0.337782622,0.544887823,0.196688845,0.387640221,0.525976496,0.065407411,0.29429132,0.412528912,0.015022938,0.510021362,0.484643258,0.033396903,0.293100401,0.405334306,0.202874134,0.28722924,0.497812579,0.157199917,0.261637218,0.475678656,0.261552036,0.392795775,0.520963969,0.200521406,0.285442097,0.488573679,0.225744539,0.338891955,0.480379774,0.23552903,0.328505684,0.482281351,0.232211697,0.386485207,0.372250389,0.062682323,0.383847955,0.39724814,0.04046968,0.396652872,0.370460769,0.153855297,0.435078676,0.404510493,0.3154862,0.359663715,0.517846168,0.175908915,0.2732594,0.414421108,0.179339593,0.279742412,0.437203811,0.196265159,0.341607109,0.436363258,0.163023849,0.238940209,0.323429063,0.107875097,0.326131488,0.390678743
89,HI-GEST_360,3,3,20,329,1.73,NA,0.47,NA,0.302297349,0.32589611,0.575540029,0.292084359,0.424063607,0.561394086,0.210224598,0.423263362,0.523982634,0.058690416,0.342375199,0.412935584,0.02028647,0.508866089,0.476304804,0.048979016,0.2917911,0.393953529,0.222307974,0.29180532,0.490377545,0.183549705,0.258630706,0.489838972,0.283457563,0.415017076,0.527958468,0.206794165,0.282727856,0.473276705,0.241861925,0.329397347,0.462463247,0.255983703,0.32221976,0.471288541,0.231720577,0.387836608,0.374959471,0.060889194,0.379360275,0.390232568,0.084376289,0.356549143,0.382560747,0.190065496,0.438944197,0.413903675,0.339621943,0.404263993,0.538410138,0.197839955,0.277784116,0.431842322,0.195210582,0.31210797,0.440952126,0.210949819,0.340705443,0.455612127,0.18306217,0.271674522,0.354297942,0.121736459,0.292875772,0.366583622
90,SW3407,3,3,19,330,1.8,NA,0.5,NA,0.310288318,0.38229995,0.557232863,0.297762658,0.455423603,0.538807542,0.227601908,0.43146049,0.49931794,0.056277863,0.399265691,0.420202732,0.012687053,0.495984368,0.468635159,0.053143796,0.29137455,0.380140976,0.24827193,0.344046684,0.50336329,0.189942982,0.329910629,0.470180299,0.26789545,0.432730537,0.498861773,0.206081669,0.266257672,0.447855541,0.226519386,0.339419596,0.421789048,0.234213578,0.34970987,0.42583381,0.194738472,0.349711883,0.32929428,0.071434415,0.364699308,0.407541459,0.073532622,0.368101601,0.376565224,0.196744084,0.438566939,0.421238003,0.326604022,0.408493042,0.516127451,0.214010357,0.300117673,0.420614216,0.201289525,0.338609626,0.428251739,0.206821334,0.302041193,0.411715384,0.195639555,0.276686648,0.338259118,0.139198475,0.276945519,0.370029446
91,SW4602Z,3,3,18,331,1.85,0.91,0.47,3.23,0.309108205,0.38566827,0.563070606,0.298048653,0.471762063,0.533310739,0.225272228,0.412207433,0.503661085,0.056846007,0.408577332,0.405690466,0.011436005,0.503095573,0.474591106,0.039523353,0.265813383,0.363886194,0.259074175,0.361191061,0.506101865,0.214231767,0.326611049,0.508445077,0.30070864,0.474126288,0.548558091,0.218684961,0.284021131,0.477154991,0.276243981,0.378267089,0.47548253,0.284366598,0.383173511,0.487226538,0.228588924,0.389268689,0.368911645,0.064495068,0.36070215,0.397074191,0.056994606,0.387378638,0.370202115,0.187743666,0.43334188,0.407410724,0.302701791,0.392527415,0.506449274,0.207890471,0.298285852,0.415413441,0.195065261,0.340208004,0.420776405,0.19587928,0.284513806,0.415021132,0.201811107,0.270960156,0.329382394,0.139884114,0.268093594,0.365105357
92,PERSIST_III,3,3,17,332,1.82,0.9,0.5,3.21,0.279788729,0.328995557,0.537528513,0.284083466,0.393010015,0.537993764,0.225474319,0.408988598,0.538064978,0.045065116,0.457360555,0.404099884,0.000375204,0.513170628,0.484702167,0.028970756,0.290027603,0.370545239,0.230655985,0.324644137,0.502983466,0.180598935,0.282916434,0.493093383,0.266804617,0.428952649,0.525882069,0.209318194,0.283208875,0.480066149,0.249632092,0.351610036,0.458861464,0.255292617,0.374100147,0.471047189,0.217746911,0.366564795,0.345482999,0.050132569,0.402138167,0.404895124,0.071945571,0.363475851,0.395870744,0.170155501,0.437547265,0.408923562,0.317961,0.403479482,0.522461122,0.215126695,0.312410822,0.45719608,0.200849986,0.33977451,0.457657627,0.192078316,0.285653111,0.413458644,0.198454176,0.286224414,0.359597938,0.128574302,0.293409556,0.399124475
93,SW315_LH,3,3,16,333,1.83,0.74,0.46,3.03,0.285280572,0.321884641,0.530840038,0.289178786,0.388611596,0.546557132,0.235110086,0.424756771,0.495297457,0.042582773,0.452594623,0.374011654,-0.00754642,0.519595374,0.495792539,0.007686966,0.303100473,0.389848282,0.192120078,0.305927785,0.453585737,0.175100758,0.26712331,0.471716636,0.258362417,0.404281869,0.525021469,0.210219088,0.287776482,0.47993719,0.261598753,0.361471756,0.481827542,0.277805013,0.372272287,0.496527965,0.23409053,0.381925943,0.372067816,0.050473255,0.396376596,0.387363209,0.07055792,0.36920394,0.393784525,0.162900264,0.43847344,0.400861255,0.289944783,0.372878716,0.492100332,0.17647516,0.26400766,0.402076286,0.176162126,0.312121965,0.425744018,0.171316372,0.276322541,0.40500555,0.193674052,0.277414346,0.346650711,0.126323358,0.278304634,0.385827125
94,N-R-GEE,3,3,15,334,1.85,0.78,0.43,3.07,0.287064426,0.282136181,0.557722065,0.281374433,0.346030865,0.557224248,0.217541443,0.407874624,0.532207592,0.031263089,0.447845673,0.383215306,-0.004195296,0.518275232,0.467717716,0.029951304,0.299412341,0.337231837,0.228616658,0.296837737,0.522533275,0.197532244,0.326625673,0.487109135,0.255628943,0.424010133,0.524395981,0.201421111,0.285048635,0.480135069,0.248029658,0.350172419,0.464716518,0.264478945,0.364890301,0.477102762,0.205752141,0.35996585,0.3475939,0.042134855,0.414121525,0.401519129,0.064079909,0.371273416,0.406529414,0.151604228,0.430513544,0.403092598,0.308533225,0.395283315,0.507236995,0.191010135,0.269003194,0.430982042,0.19073668,0.318335593,0.443834702,0.178567584,0.281156408,0.403411228,0.185204871,0.264728431,0.336600943,0.124562176,0.280765724,0.377371056
95,NY2003,3,3,14,335,1.93,0.82,0.53,3.28,0.318968154,0.382691709,0.565104777,0.290391228,0.409349664,0.56018128,0.22169468,0.473303278,0.519501773,0.020318778,0.449157723,0.395936062,-0.027745503,0.516998808,0.492531182,-0.005016002,0.321310775,0.436792472,0.204437523,0.307724909,0.455617485,0.209868406,0.387945646,0.463295382,0.256234048,0.416254072,0.52427712,0.204556658,0.275217823,0.474137706,0.265582973,0.340141599,0.470877177,0.284303524,0.362850704,0.487620914,0.226134257,0.363188602,0.35062149,0.038366048,0.426363088,0.390072113,0.040029324,0.39857731,0.423390007,0.145610594,0.438984017,0.398310166,0.298901933,0.407027725,0.495983555,0.190696704,0.262915456,0.430288306,0.18953222,0.307559206,0.426892921,0.181436961,0.279688423,0.404074616,0.186721503,0.270166427,0.32167611,0.11899002,0.254693127,0.372863016
96,LIGHTNING_BOLT,3,3,13,336,2.25,1.13,0.61,3.98,0.30643765,0.329915675,0.568551261,0.290627703,0.365910496,0.571500317,0.221148724,0.4384301,0.510712116,0.018399337,0.459366619,0.41039386,-0.007100846,0.499031759,0.471458507,0.048402084,0.314203709,0.392687119,0.259451759,0.339017545,0.543854533,0.268596752,0.367023655,0.512314282,0.280140502,0.440097967,0.552450141,0.238738321,0.29064173,0.516037279,0.305281967,0.35585228,0.511224211,0.313739237,0.385447137,0.519265904,0.257472132,0.371551741,0.369837416,0.046963984,0.411043738,0.391200461,0.100750264,0.332028388,0.408069807,0.21423422,0.438053773,0.437617816,0.356987427,0.464285941,0.546264104,0.230983624,0.313898984,0.480211897,0.237503354,0.31487067,0.471006826,0.220981335,0.307872796,0.444417422,0.217269524,0.297447642,0.369467214,0.143513995,0.247666536,0.371338899
97,PLUSS_III,3,3,12,337,2.06,1.1,0.56,3.72,0.303615981,0.338325835,0.560945977,0.304298101,0.391581576,0.577832963,0.213341737,0.428604233,0.50595948,0.015344055,0.451645535,0.416188953,0.000509409,0.491711548,0.467483119,0.069184853,0.297546575,0.376161716,0.274431141,0.368320685,0.541385617,0.291302964,0.3952819,0.527170649,0.301180546,0.444460796,0.565102885,0.259756078,0.312506247,0.517123646,0.342087065,0.370025597,0.533993822,0.333585678,0.404237969,0.535437194,0.264093726,0.387688512,0.38516671,0.055911179,0.389300483,0.397033415,0.106800479,0.338754771,0.416447693,0.236874747,0.440904301,0.449523112,0.357070895,0.452854547,0.540050023,0.21693198,0.28386981,0.456331696,0.234727686,0.321738102,0.458708533,0.218019035,0.313605333,0.432751621,0.213052939,0.282411994,0.352760788,0.145152444,0.248251534,0.343816783
98,NY1517,3,3,11,338,2.16,0.85,0.58,3.58,0.277608799,0.316785523,0.522196904,0.276793058,0.348574468,0.546896438,0.208767018,0.406993464,0.506428924,0.019963361,0.434469793,0.400183183,-0.017851804,0.522975248,0.485514862,0.021381793,0.283940798,0.398584254,0.214639243,0.291594656,0.484836654,0.231594964,0.356956975,0.481922007,0.255294804,0.400563719,0.529393654,0.235189394,0.248546253,0.504412351,0.318561761,0.328008064,0.521979527,0.293224565,0.404218397,0.506695282,0.24195204,0.381151958,0.380695027,0.064658115,0.368098534,0.389849144,0.060911543,0.394501623,0.426208884,0.188575607,0.431590665,0.418054426,0.311585489,0.386048914,0.511948398,0.187578146,0.234626145,0.452832188,0.206079193,0.309535933,0.467295036,0.201170671,0.319099695,0.437037171,0.219789982,0.306255523,0.38133003,0.158222912,0.263635253,0.387212701
99,NY1614,3,3,10,339,2.12,0.81,0.53,3.47,0.273085888,0.297772316,0.543863758,0.271111882,0.345656942,0.551572195,0.211195522,0.419253375,0.529210756,0.017303567,0.440517544,0.424117607,-0.025869508,0.517713093,0.480975774,0.022237068,0.278903587,0.359401695,0.187997923,0.312603957,0.50441399,0.214206444,0.372035767,0.495361034,0.24072879,0.394408742,0.526572538,0.213941641,0.24779112,0.498522366,0.279086287,0.331593677,0.484977463,0.245333682,0.393908841,0.463107342,0.193543289,0.351053659,0.335545949,0.070161442,0.351387726,0.391984325,0.055423146,0.401362007,0.424270594,0.180684814,0.434264359,0.419296628,0.296861567,0.350879368,0.509396789,0.181850941,0.237366062,0.44716651,0.202700808,0.328126299,0.471545572,0.206527376,0.335851325,0.44466332,0.208950863,0.29254852,0.367663436,0.148712792,0.26092815,0.372510889
100,NY0465,3,3,9,340,2.01,0.8,0.6,3.4,0.267701571,0.297467194,0.532997841,0.274986879,0.366394646,0.549236337,0.195711049,0.380350492,0.514729577,0.028655583,0.407468666,0.404367054,-0.023245535,0.507714759,0.495233606,0.018563182,0.262154298,0.327385809,0.202473942,0.291567473,0.504432758,0.203693435,0.332929053,0.499381196,0.240133462,0.404834955,0.525859852,0.223152871,0.231898448,0.494654678,0.268361431,0.320956473,0.46940907,0.232819812,0.404200813,0.444312428,0.177998532,0.32500194,0.317669124,0.080343723,0.330537221,0.398616239,0.042075587,0.430365221,0.424873077,0.153149487,0.441213462,0.402084896,0.290702249,0.333898506,0.505737816,0.180217107,0.251190988,0.452555591,0.195533142,0.349744939,0.466274749,0.212831941,0.352600758,0.447108914,0.202905517,0.307571982,0.365367028,0.134046711,0.257420992,0.381382048
101,ALGONQUIN,3,3,8,341,1.85,0.71,0.56,3.12,0.247592433,0.311703519,0.509524128,0.260126282,0.342000555,0.550778896,0.192520729,0.422266272,0.513866228,0.034009661,0.409212153,0.402669058,-0.02195804,0.50736242,0.481073033,0.021644111,0.239820644,0.318510371,0.173295811,0.300040326,0.473030443,0.180167266,0.286262009,0.482507908,0.233233928,0.410104252,0.516979591,0.209790904,0.244682254,0.487989452,0.250537793,0.338176798,0.447753813,0.212920866,0.391173226,0.422372974,0.144732213,0.324087514,0.310633549,0.078668228,0.336158122,0.406747459,0.056740198,0.410141192,0.43343913,0.149866717,0.435869036,0.406666642,0.277819402,0.316922065,0.493010216,0.187989032,0.250999208,0.453698019,0.191944091,0.340946,0.468279831,0.197749369,0.350760578,0.456615742,0.20020998,0.326677196,0.394454104,0.13316083,0.253930954,0.386685273
102,FSG_415BR,3,3,7,342,2.06,0.85,0.64,3.54,0.271143757,0.31456352,0.540028566,0.282878021,0.377236668,0.557571217,0.223436313,0.450996454,0.503090183,0.037098393,0.397512083,0.403729555,-0.002888846,0.488898431,0.471250227,0.042768548,0.256590299,0.380472715,0.236167849,0.319431483,0.532459386,0.214619107,0.361273743,0.510688433,0.266926677,0.449144466,0.53533046,0.239022515,0.235444111,0.495769011,0.27193591,0.358931676,0.470915504,0.233963787,0.420076745,0.439771468,0.16525345,0.338565114,0.314955804,0.076839472,0.349409179,0.398229153,0.065332438,0.386393436,0.429085649,0.179408797,0.431191803,0.414184052,0.310763251,0.346024404,0.521858265,0.217910408,0.298970216,0.474125353,0.228377557,0.373344179,0.479261886,0.221313122,0.362625693,0.452284176,0.219287342,0.329363439,0.394602831,0.151812087,0.240947558,0.411475131
103,LANDER,3,3,6,343,1.72,0.76,0.56,3.04,0.229931638,0.311561688,0.497021901,0.261084465,0.34243856,0.55956794,0.233024076,0.464032409,0.523960053,0.0266895,0.409611342,0.404554332,-0.002150603,0.483240008,0.470261247,0.039345322,0.239691203,0.389431172,0.220456225,0.292134557,0.505437161,0.200763013,0.315889712,0.490451879,0.261992038,0.42761182,0.528554911,0.227693465,0.235504904,0.485627349,0.265540654,0.337020203,0.454048136,0.234717288,0.387508399,0.434478572,0.156068177,0.32949294,0.315162168,0.076933477,0.344385016,0.401330414,0.070335411,0.369008403,0.418704617,0.192524586,0.441947544,0.425598363,0.300335152,0.348999315,0.516722275,0.201122122,0.262684452,0.458961466,0.225788797,0.377537259,0.472439874,0.211113801,0.352157632,0.452032625,0.195803722,0.292517483,0.380661489,0.125146577,0.281055567,0.384548205
104,ONEIDA_VR,3,3,5,344,1.69,0.74,0.57,3,0.217061443,0.321803059,0.487116353,0.25523072,0.332705988,0.545016252,0.23663598,0.449579855,0.530065837,0.030116376,0.380942383,0.398407683,-0.003080288,0.500460964,0.477445191,0.031723049,0.252875992,0.407855547,0.219735567,0.283214346,0.507053796,0.198963183,0.303732991,0.491140972,0.252485734,0.409275521,0.524054687,0.236852027,0.222852401,0.490943759,0.275268437,0.347071796,0.493093737,0.247864213,0.400202526,0.464336626,0.180116847,0.360482756,0.348608007,0.080167958,0.322402708,0.413383125,0.068903743,0.382031094,0.424034621,0.190351059,0.431938791,0.421023008,0.302439136,0.336219838,0.516279343,0.198123841,0.257915869,0.464875083,0.229571544,0.394106034,0.484193513,0.226449046,0.353745005,0.46592511,0.210673934,0.299769359,0.395786082,0.140945304,0.262101499,0.371372685
105,WL_358LH,3,3,4,345,1.78,0.81,0.5,3.09,0.282521372,0.326259677,0.544032604,0.29818783,0.411475873,0.575986074,0.248811868,0.473012102,0.517280823,0.030438573,0.3782548,0.39363274,0.004342057,0.488530393,0.456605372,0.056536121,0.269428777,0.350494418,0.25949689,0.324645315,0.539674329,0.24257563,0.367112342,0.517613212,0.283918552,0.472551363,0.537216683,0.252310701,0.250651922,0.497219183,0.286329248,0.391546904,0.484969207,0.261529819,0.439630158,0.452182882,0.167172098,0.338605033,0.32878435,0.077899919,0.333894397,0.399725101,0.090208254,0.340656272,0.412308954,0.186234061,0.443009572,0.420948452,0.303245449,0.390831752,0.503904306,0.195141273,0.247028718,0.406323953,0.223369047,0.416846427,0.449598929,0.229121613,0.379569613,0.444643501,0.189353931,0.278025187,0.350787558,0.124047764,0.301340389,0.351243504
106,FSG_421LH,3,3,3,346,2.19,0.8,0.55,3.54,0.288101503,0.374792528,0.533970635,0.309260694,0.451232625,0.569284525,0.257690887,0.479336387,0.512074647,0.018848512,0.426934377,0.409147157,-0.031095552,0.517166119,0.484147432,0.015184241,0.320993464,0.393334209,0.252282932,0.332690606,0.513022404,0.238248902,0.394598114,0.495486988,0.276682278,0.468461654,0.512402116,0.256954538,0.273164207,0.487543963,0.279683788,0.39871424,0.463636031,0.247914863,0.446427697,0.413312066,0.177218211,0.35117243,0.329386878,0.070004817,0.344584163,0.408740245,0.041845817,0.423385714,0.434433253,0.154398234,0.44328398,0.399409138,0.266040567,0.368824084,0.464180823,0.209030293,0.245590008,0.405894077,0.221837724,0.409330286,0.448145876,0.230797392,0.373146702,0.434165101,0.202527617,0.276981289,0.354157859,0.152381607,0.27720697,0.35679229
107,AMERISTAND_427_TQ,3,3,2,347,2.21,0.87,0.61,3.69,0.293810253,0.3102468,0.569396698,0.299569107,0.385605676,0.595110063,0.244336496,0.451187761,0.52132675,-0.004770559,0.486806171,0.440837616,-0.035897058,0.512020189,0.479500255,0.022080705,0.409333719,0.373055825,0.271093402,0.338605429,0.533284497,0.258619523,0.355686817,0.509887066,0.291608581,0.43478068,0.523565768,0.247445818,0.272163761,0.490082382,0.270611181,0.347251175,0.452035319,0.240230741,0.411574217,0.414488599,0.178472947,0.367577034,0.341348417,0.073689437,0.355707189,0.407872648,0.073147142,0.385291218,0.436147826,0.18502918,0.438811707,0.414430539,0.3085458,0.377482738,0.507523719,0.237564539,0.258762015,0.444373474,0.252820781,0.413738634,0.476549836,0.241253296,0.333894215,0.461091395,0.167771834,0.234064208,0.351538065,0.137775302,0.277756877,0.358218401
108,WL_349HQ,3,3,1,348,1.91,0.83,0.56,3.3,0.275391396,0.319628708,0.52166955,0.29060262,0.379365256,0.585833598,0.260308683,0.453701159,0.512754003,-0.013754293,0.504922068,0.440229742,-0.031043131,0.515643779,0.468239773,0.007232685,0.457707352,0.36206636,0.265110408,0.354665523,0.531895941,0.251279901,0.370454969,0.498500577,0.290602765,0.426615323,0.514003963,0.242662578,0.287496567,0.482252826,0.271194875,0.370875289,0.442323269,0.236711562,0.403313991,0.405053934,0.172914634,0.367344443,0.327337833,0.07002952,0.368320169,0.39043549,0.081345569,0.36023754,0.430746772,0.178582831,0.436517886,0.413096641,0.289597401,0.393411406,0.498007126,0.236162811,0.252778345,0.447077205,0.253230635,0.397761979,0.470402153,0.227014214,0.316273082,0.43959554,0.143996231,0.226740259,0.343727006,0.119044377,0.299069661,0.360078535
109,SW5606,4,4,36,413,1.38,0.46,0.36,2.21,0.331406763,0.417264307,0.58588626,0.367401362,0.447140743,0.594419296,0.254327406,0.462776108,0.502521985,0.002061259,0.486348666,0.460122681,0.042928851,0.460889408,0.415032553,0.030934941,0.418442288,0.376448114,0.244457738,0.360113175,0.475498183,0.179827332,0.299042959,0.450816699,0.278219332,0.426960065,0.506504603,0.260578939,0.290742086,0.48931475,0.212142519,0.353529814,0.384631975,0.16719435,0.408955093,0.362306345,0.160245673,0.239926524,0.315276793,0.095479052,0.309848578,0.410858183,0.099703839,0.381417402,0.378399867,0.176315878,0.459663524,0.415838429,0.237128423,0.34128621,0.467383077,0.170092068,0.217888774,0.383491172,0.228097017,0.295748035,0.458473174,0.159620438,0.297186601,0.427300016,0.188536939,0.193845242,0.35150182,0.082835346,0.276476165,0.284922118
110,PLUSS_III,4,4,35,414,1.29,0.44,0.37,2.1,0.323028325,0.370371386,0.599041293,0.366056642,0.429515882,0.596171714,0.243294171,0.443839034,0.521772339,-0.009943758,0.488996632,0.468099211,0.032198653,0.43909736,0.426033353,0.036295316,0.419473213,0.385567138,0.253320011,0.346644697,0.495489515,0.192759394,0.268142385,0.462714317,0.27846867,0.444363165,0.508749526,0.270239373,0.288514187,0.506837596,0.225001378,0.358924925,0.393029123,0.168533413,0.407767674,0.375450947,0.182352814,0.269141794,0.313752005,0.089016269,0.314852761,0.428358576,0.095111796,0.380849821,0.390733004,0.186165086,0.453661828,0.434485086,0.261143042,0.333117024,0.480915367,0.191587055,0.222908625,0.419090255,0.235215423,0.317916348,0.480225618,0.1904569,0.315711161,0.451559144,0.189026106,0.205378735,0.366794824,0.077078335,0.296659213,0.28262361
111,WL_349HQ,4,4,34,415,1.31,0.51,0.41,2.24,0.308902346,0.36390704,0.580499426,0.346427202,0.419145327,0.587490936,0.222765582,0.413171763,0.517898637,0.002013853,0.484491545,0.447824669,0.047415072,0.407107428,0.378197061,0.042176076,0.388039403,0.364873753,0.254758029,0.333018039,0.498486375,0.206811483,0.280631565,0.471097478,0.270691366,0.443978996,0.506596957,0.239970429,0.308275486,0.482711396,0.209503719,0.357634864,0.373100011,0.145368822,0.413428138,0.342622201,0.177600818,0.292784866,0.304036832,0.081527839,0.330079779,0.409031491,0.087268392,0.380989675,0.37776916,0.192627413,0.455223018,0.424258137,0.236428838,0.348758829,0.479126212,0.178734052,0.219648515,0.409546864,0.21698522,0.319513193,0.472847782,0.192860987,0.303867523,0.432518811,0.17380039,0.196587101,0.350497708,0.074844404,0.317162765,0.29062433
112,SW4602Z,4,4,33,416,1.25,0.46,0.35,2.05,0.306694591,0.392145867,0.570301873,0.346172971,0.433783759,0.577135458,0.213391021,0.405974906,0.498292861,-0.004961791,0.484360484,0.447445569,0.037720927,0.414924532,0.37445204,0.016655906,0.390849048,0.355640367,0.229914011,0.335979004,0.462001686,0.180985443,0.278521711,0.432101268,0.247707364,0.409091596,0.476686361,0.22094302,0.300104502,0.464298269,0.193571444,0.366177889,0.350824636,0.127719716,0.422779386,0.323899087,0.167231879,0.315772573,0.317191046,0.087789036,0.324527743,0.385910222,0.055576008,0.410219623,0.356775564,0.15777237,0.462849972,0.404801928,0.189042933,0.350626743,0.433198635,0.147040552,0.186253957,0.356714532,0.176888252,0.279534533,0.409264894,0.175873576,0.298737628,0.40744406,0.180459702,0.207741174,0.340041337,0.082382054,0.291512314,0.281177692
113,EZRA,4,4,32,417,1.5,0.44,0.42,2.36,0.28616685,0.320659268,0.564434997,0.328911187,0.361881111,0.5715241,0.205097789,0.387259555,0.502369975,-0.014140145,0.495464462,0.479722938,0.034562473,0.443875587,0.425138016,0.008734558,0.420459497,0.403629244,0.205525129,0.355907491,0.457067255,0.173468389,0.268825228,0.442612445,0.23586059,0.392236263,0.477790891,0.207440667,0.320254026,0.452788479,0.179101576,0.37786729,0.363575831,0.122840436,0.425525259,0.328176305,0.154238533,0.316042955,0.31096543,0.093843089,0.331599056,0.407605466,0.040710244,0.431474085,0.366031296,0.142733199,0.456929202,0.418088401,0.198537575,0.353655387,0.435365539,0.15828852,0.19630408,0.384105301,0.186448995,0.282898523,0.437087471,0.167709377,0.288595284,0.434615536,0.17864747,0.225672928,0.36597714,0.07840347,0.306658661,0.297853993
114,LANDER,4,4,31,418,1.27,0.4,0.41,2.08,0.275293288,0.28950392,0.559167211,0.322330339,0.360381322,0.586041832,0.19676902,0.402323999,0.51920535,-0.011663552,0.494925579,0.481738994,0.03198008,0.466295428,0.43021998,0.006045789,0.42553085,0.374929856,0.22480354,0.355436112,0.466512496,0.146213368,0.27398582,0.407122556,0.230133765,0.360005301,0.450836944,0.20455477,0.321395972,0.440879357,0.166072193,0.389734835,0.325594333,0.116452365,0.437352763,0.325180389,0.154486155,0.309297529,0.30533586,0.096184462,0.356763439,0.393746258,0.066478031,0.444082895,0.365836827,0.159887505,0.456715573,0.403719886,0.205640031,0.346464963,0.430004569,0.166112296,0.189428245,0.40207253,0.180588322,0.28342359,0.431914589,0.148970724,0.287223156,0.426243643,0.169985871,0.22050166,0.373519491,0.066300688,0.333897385,0.30803587
115,N-R-GEE,4,4,30,419,1.68,0.53,0.37,2.57,0.279812507,0.286376487,0.564400184,0.341265827,0.363292902,0.582167697,0.225877817,0.435209516,0.502533276,-0.006828532,0.494491211,0.473159393,0.035105045,0.474538304,0.436648002,0.021016181,0.408480721,0.379093974,0.251622912,0.337260445,0.500837426,0.18506702,0.273476577,0.466470777,0.28036155,0.421956874,0.528760609,0.233657141,0.272148618,0.478383658,0.235551174,0.348562028,0.430355404,0.175497399,0.411110762,0.356675814,0.187748517,0.347417098,0.345183094,0.091097275,0.347140119,0.407164309,0.081012466,0.446144875,0.384512394,0.194664144,0.45860968,0.427118536,0.207429459,0.336767078,0.453540481,0.17919571,0.216228323,0.409647603,0.196424743,0.296829354,0.445598654,0.154058821,0.295789312,0.416149393,0.1944328,0.236272297,0.357781246,0.104181519,0.292383191,0.276737993
116,ONEIDA_VR,4,4,29,420,1.69,0.51,0.48,2.68,0.250283094,0.304312041,0.52258306,0.347338896,0.34488082,0.58404022,0.226449974,0.448680406,0.528224321,-0.01334284,0.504435517,0.491918125,0.019315709,0.496262537,0.459082575,0.004379069,0.407982907,0.394586094,0.266669227,0.313144561,0.523944455,0.171365444,0.254529758,0.464768977,0.30198871,0.415116798,0.548480236,0.25822703,0.25227973,0.508260245,0.270850702,0.31640438,0.464195343,0.197700188,0.409031916,0.36788674,0.213314881,0.363116922,0.368636133,0.081511675,0.350752514,0.389996241,0.082418291,0.438821849,0.3963331,0.184954534,0.451997775,0.429287781,0.230266877,0.299163109,0.480451191,0.203280377,0.228257034,0.449715225,0.198134455,0.278625923,0.476039343,0.167427284,0.315423046,0.458289946,0.213482343,0.261299805,0.408046647,0.111873273,0.302465296,0.338950946
117,PERSIST_III,4,4,28,421,1.64,0.64,0.54,2.82,0.259602043,0.291384691,0.526193584,0.366056585,0.384202738,0.593364383,0.225665887,0.475416567,0.535542038,-0.004459811,0.488113814,0.476886656,0.033763722,0.489221348,0.448202137,0.018333498,0.373448541,0.360328236,0.26743325,0.350231321,0.508950408,0.184733049,0.273103431,0.485927192,0.307633413,0.444330247,0.554740059,0.248913806,0.264419782,0.494938292,0.263604842,0.344022827,0.463559084,0.189879643,0.409659485,0.364209354,0.205843259,0.354367509,0.356490792,0.070881364,0.350704808,0.386015086,0.084130717,0.429614505,0.386920489,0.189627107,0.457354619,0.432055306,0.23194588,0.313190175,0.475754668,0.216372247,0.243008147,0.455133254,0.216122237,0.297429766,0.483876629,0.182132076,0.339547976,0.449125611,0.221156693,0.266088008,0.398711557,0.103495571,0.276481037,0.298730579
118,NY0465,4,4,27,422,1.55,0.61,0.48,2.65,0.247162941,0.309999555,0.518668711,0.356965433,0.373043047,0.56736153,0.217024425,0.483930315,0.534456371,-0.003137888,0.496810824,0.476960473,0.032749515,0.49986934,0.433147651,0.008381506,0.389943022,0.371855271,0.247819602,0.317347756,0.499720075,0.163133648,0.264716143,0.461785109,0.285530896,0.414428221,0.540879738,0.246333437,0.263400836,0.509493119,0.247868545,0.328042808,0.451005564,0.193894537,0.403720194,0.350837839,0.207826404,0.347566828,0.352574531,0.07916356,0.335919201,0.40240502,0.071521877,0.45787825,0.39042347,0.15637509,0.45568758,0.415468661,0.223318355,0.334035684,0.464870862,0.196786645,0.227213029,0.451807288,0.19608926,0.268243077,0.463983204,0.162464801,0.30366804,0.42836843,0.20437995,0.232260221,0.369811743,0.076321047,0.296416853,0.283139969
119,ALGONQUIN,4,4,26,423,1.67,0.66,0.52,2.85,0.269135579,0.265652234,0.537266132,0.355447432,0.369670208,0.579328127,0.231519616,0.478623157,0.53782803,-0.004100188,0.490977791,0.467673879,0.028037717,0.493926543,0.441701687,0.0072163,0.38824542,0.377378928,0.215231307,0.331362337,0.475152532,0.175856768,0.259783637,0.471485483,0.280259535,0.422314566,0.543917446,0.256955856,0.259698969,0.505808679,0.264261427,0.332791187,0.485614075,0.22631689,0.400697207,0.380730171,0.241333713,0.361913078,0.370512778,0.075656017,0.353453505,0.394318342,0.070175255,0.443514643,0.381597337,0.167574716,0.4510581,0.417452086,0.223415701,0.311596597,0.465825991,0.210116161,0.233965265,0.450565424,0.208637355,0.299713124,0.470898209,0.1712493,0.31870741,0.452191959,0.220219754,0.290640175,0.40773253,0.101273989,0.272357103,0.318877854
120,NY1615,4,4,25,424,2.01,0.6,0.54,3.15,0.272718193,0.296046197,0.528922506,0.360276857,0.345793034,0.536960256,0.248725286,0.46491516,0.52811523,-0.006692362,0.500079579,0.484738395,0.032192852,0.495930587,0.443845433,0.007444401,0.418450451,0.394241998,0.285656514,0.299044877,0.545155779,0.213481703,0.305111413,0.504163453,0.322729774,0.439231551,0.568209202,0.273407956,0.266914992,0.527194248,0.294995392,0.322426825,0.515038786,0.248204311,0.438408095,0.425723807,0.235685861,0.3738341,0.389119071,0.08294834,0.363969749,0.384021112,0.065870183,0.451239782,0.391724828,0.175925473,0.44224781,0.414322195,0.226900826,0.318914453,0.45753861,0.207346528,0.223313316,0.435465634,0.201768173,0.266488637,0.452485029,0.185233707,0.307860788,0.42966688,0.230575262,0.268425452,0.382233429,0.122722904,0.263850623,0.319525962
121,LIGHTNING_BOLT,4,4,24,425,1.7,NA,0.54,NA,0.284940946,0.301035366,0.554628614,0.374298735,0.400732519,0.569318614,0.261859838,0.455769286,0.525472067,0.006942043,0.48183113,0.473538526,0.050104431,0.478215713,0.433452042,0.029622575,0.393725615,0.371831879,0.271964929,0.332680131,0.528150138,0.23692073,0.295576501,0.510672865,0.328594091,0.465030326,0.572701176,0.264011537,0.273546388,0.516215035,0.272550831,0.344875158,0.475073269,0.221733618,0.425514897,0.393888432,0.21991599,0.364105426,0.374817841,0.086881069,0.344288893,0.387110473,0.117689714,0.386696063,0.385652119,0.211366232,0.449714993,0.430684206,0.243170196,0.323447272,0.481538149,0.214171195,0.245838096,0.441416272,0.215546963,0.293468183,0.463133745,0.197548019,0.342320866,0.448549898,0.210864698,0.257370321,0.385850983,0.106261488,0.27560064,0.314310624
122,VERNAL,4,4,23,426,1.42,NA,0.43,NA,0.260207548,0.290067988,0.520755046,0.354383978,0.389530416,0.562043232,0.23373784,0.45947124,0.516137112,-0.010418613,0.49688249,0.489246651,0.017028859,0.499180756,0.453280894,-0.006553595,0.407919728,0.426786856,0.197163078,0.326454091,0.444232471,0.160889449,0.265286947,0.439359331,0.254783601,0.404042116,0.48165646,0.216969585,0.267450403,0.477426853,0.183094767,0.393077816,0.363748959,0.146984633,0.391503442,0.325547657,0.170876347,0.3266934,0.32789297,0.090927926,0.326900591,0.391309509,0.081481299,0.43276447,0.36575722,0.165345872,0.449869603,0.398870167,0.202861436,0.346719437,0.419105102,0.171549371,0.207188771,0.399279922,0.153387545,0.260218857,0.422916738,0.159185162,0.300341178,0.426152598,0.187436997,0.245694872,0.385139741,0.069217772,0.312651198,0.320579822
123,HI-GEST_360,4,4,22,427,1.43,NA,0.39,NA,0.276802013,0.287163122,0.546826854,0.362044359,0.370144548,0.567662386,0.235844173,0.42888714,0.497199084,0.004472816,0.493063608,0.467801315,0.041373952,0.489235598,0.422476815,0.03136105,0.379179233,0.363402328,0.236270684,0.297686764,0.48589344,0.210857991,0.260532287,0.485512179,0.290196837,0.419242865,0.526712988,0.244165048,0.284723337,0.49873031,0.247994817,0.33247029,0.462012522,0.205824805,0.411211345,0.392737751,0.232661746,0.343785068,0.372245198,0.082224979,0.330797443,0.400090668,0.112371656,0.394208195,0.384332364,0.216215615,0.449710576,0.435986234,0.24599648,0.323669618,0.467202852,0.199890164,0.22423545,0.424346466,0.183676643,0.264135494,0.449651772,0.180342346,0.29944745,0.434558371,0.184092685,0.223797286,0.348443865,0.098057838,0.276189294,0.294833028
124,SW4412Y,4,4,21,428,1.59,NA,0.38,NA,0.277461027,0.307257312,0.541404227,0.36378015,0.392884758,0.554176841,0.232917591,0.423950511,0.500741218,0.004120326,0.490168739,0.482470694,0.041069621,0.49089764,0.414498938,0.031202654,0.354511555,0.361920881,0.272859152,0.340719661,0.536753446,0.235541734,0.311819546,0.506417069,0.317406871,0.45014009,0.551609959,0.279546666,0.283599997,0.528727302,0.289897411,0.299548448,0.505712179,0.27203569,0.428692615,0.455970899,0.296862857,0.373234755,0.427514053,0.098660904,0.317805175,0.399130115,0.131744456,0.374905544,0.385612538,0.226012275,0.449181445,0.425502142,0.272024349,0.313378048,0.485741395,0.228667292,0.253948997,0.461268612,0.199108137,0.272420498,0.455284568,0.189034,0.308456967,0.43121294,0.165089157,0.212952748,0.316592434,0.099651537,0.258114078,0.277146308
125,FSG_415BR,4,4,20,429,1.67,NA,0.48,NA,0.279198709,0.30368491,0.543069621,0.365173524,0.402706781,0.5727303,0.233122276,0.415051445,0.508201422,-0.002962745,0.475922721,0.477354924,0.031700903,0.489394068,0.420573415,0.016768142,0.365462894,0.390638076,0.239456882,0.309952844,0.510788775,0.227394891,0.287145223,0.508076176,0.315499798,0.44247074,0.567450177,0.269523642,0.273032407,0.537587186,0.304650724,0.275882919,0.555506495,0.273029221,0.426640249,0.489805994,0.299534903,0.380103117,0.435919545,0.098095776,0.327774002,0.381023629,0.125167653,0.377919464,0.374532154,0.23900842,0.446509697,0.425208043,0.264050576,0.329032388,0.494429426,0.228431133,0.262405684,0.473822002,0.201019358,0.273336013,0.478264199,0.198587195,0.319958861,0.454377946,0.158755624,0.230192214,0.32443328,0.099944951,0.27486725,0.296720828
126,REBOUND_6XT,4,4,19,430,1.72,0.88,0.51,3.11,0.314791579,0.35596499,0.581398688,0.38254133,0.428397151,0.567095291,0.24014266,0.416986944,0.515588156,0.003591011,0.475339336,0.458119554,0.063025239,0.448652032,0.422415362,0.063327857,0.349602127,0.37003367,0.300692147,0.385872167,0.572346081,0.256568811,0.370827643,0.517634086,0.342298027,0.478087384,0.576622553,0.305000416,0.300459774,0.560533004,0.314582311,0.317648122,0.526917177,0.282793198,0.417624242,0.456513689,0.27838204,0.357982339,0.398064335,0.092870616,0.346213302,0.369310755,0.157521914,0.338200175,0.387364718,0.246481783,0.455003825,0.441218456,0.284438063,0.347452222,0.501432292,0.237276952,0.281202118,0.46853916,0.216698368,0.304149862,0.468536045,0.220145924,0.342670109,0.454732688,0.150923956,0.211154386,0.315585093,0.107767668,0.278830031,0.300480403
127,NY1517,4,4,18,431,1.84,0.72,0.57,3.13,0.289306626,0.315646034,0.539896381,0.360530907,0.368987369,0.550346176,0.24864352,0.440017493,0.49589921,-0.008386861,0.494701241,0.47975836,0.02941686,0.487464772,0.443900779,0.005153222,0.355054195,0.418209963,0.212108336,0.304467017,0.476214492,0.200948579,0.302896007,0.472153938,0.288508425,0.420861579,0.5348477,0.267232209,0.256109115,0.519192779,0.306074283,0.330981858,0.521831925,0.271939865,0.406066981,0.453873842,0.282751993,0.374533481,0.425340475,0.086464021,0.359212411,0.382897865,0.079897185,0.440681044,0.376860677,0.199067093,0.441267386,0.41994447,0.258688622,0.306635305,0.474220957,0.232467208,0.271111852,0.473631507,0.206446662,0.28788974,0.470822002,0.221361024,0.346356017,0.47348767,0.180140749,0.237524807,0.340632181,0.139414177,0.264407762,0.337428862
128,NY2003,4,4,17,432,1.67,0.79,0.53,2.99,0.303070606,0.408342711,0.547658968,0.355296604,0.403594256,0.539364881,0.2429626,0.466697677,0.508475264,-0.0088108,0.496004297,0.467519862,0.040863593,0.481820218,0.410002659,-0.001336675,0.357798918,0.406216718,0.228407624,0.316777144,0.488118125,0.18538287,0.329653295,0.465905515,0.29857702,0.470159449,0.550627648,0.292063262,0.309086894,0.544547982,0.343445132,0.435954435,0.541990693,0.303734414,0.47202172,0.470921487,0.294044625,0.382646454,0.436208132,0.09614228,0.331697855,0.386493286,0.112639422,0.400226267,0.371039113,0.223995506,0.447854515,0.425034823,0.258351541,0.294244281,0.477272164,0.235984792,0.288315769,0.466265304,0.220350201,0.361601424,0.476473779,0.202882879,0.355004119,0.445954523,0.158270408,0.197439675,0.299157268,0.108964359,0.260001357,0.285529547
129,WL_358LH,4,4,16,433,1.49,0.79,0.42,2.69,0.308537325,0.396762518,0.560655755,0.359932656,0.410818535,0.571777919,0.238593077,0.459065884,0.496956093,-0.009580268,0.49772623,0.469779055,0.048260819,0.497382091,0.420256696,0.020104771,0.316242318,0.341282666,0.232749284,0.318260066,0.488687914,0.183036006,0.283419308,0.473426926,0.301131472,0.448022184,0.561994751,0.265729319,0.260671158,0.536005442,0.33072554,0.36488102,0.545167172,0.271668797,0.420091498,0.445699965,0.259458298,0.370021362,0.395196573,0.091672538,0.319051188,0.394518792,0.153584096,0.335917249,0.379567848,0.257147638,0.454137279,0.455772086,0.265522538,0.296101145,0.490998061,0.228967112,0.266740194,0.458421009,0.216668107,0.347520255,0.465197384,0.19407606,0.327443964,0.438883608,0.15858306,0.202731756,0.311951187,0.085826823,0.280335711,0.259472046
130,SEEDWAY_9558,4,4,15,434,1.53,0.7,0.48,2.72,0.292035282,0.352021268,0.546994003,0.340187644,0.359215422,0.564553538,0.219548729,0.425138909,0.507946822,-0.01080258,0.500093419,0.473945545,0.030448771,0.508062487,0.430540828,0.002920549,0.348321106,0.363537543,0.224140541,0.312971211,0.496965733,0.172579261,0.309677613,0.470267453,0.287923578,0.425767018,0.552904835,0.264913285,0.25253753,0.558007522,0.32120722,0.360730182,0.538050726,0.263014958,0.408276448,0.425191065,0.254569943,0.352408863,0.382622679,0.092589752,0.331206353,0.382731449,0.123494849,0.363658324,0.373308635,0.234572904,0.441255032,0.444105348,0.283281963,0.286318127,0.507903885,0.226315742,0.258157294,0.488408981,0.229071557,0.349771864,0.513191903,0.2028381,0.338524414,0.471577305,0.181745694,0.239232975,0.361743746,0.108388262,0.273626526,0.308821625
131,AMERISTAND_427_TQ,4,4,14,435,1.7,0.68,0.44,2.82,0.342848629,0.427253472,0.594961131,0.364824209,0.393973495,0.578479732,0.238231623,0.433806752,0.496053623,-0.015469575,0.495178026,0.472261451,0.023299707,0.506813442,0.4331491,0.019158662,0.34585696,0.352475842,0.245060119,0.335008739,0.518267414,0.202620292,0.275621458,0.494887761,0.302967269,0.443678306,0.564256706,0.258521396,0.276200474,0.543827046,0.325829303,0.372018785,0.531492253,0.265432153,0.394629247,0.421662302,0.221513126,0.338343454,0.362220066,0.086610581,0.355926863,0.375401359,0.127904044,0.371935204,0.392054896,0.243518698,0.446404441,0.44840721,0.28033579,0.316524441,0.512539749,0.219755882,0.246551512,0.462515397,0.227982736,0.345763545,0.492217224,0.201709666,0.328469709,0.462589553,0.167247005,0.204907559,0.32931428,0.11047799,0.270345041,0.283088235
132,SW315_LH,4,4,13,436,1.71,0.47,0.51,2.7,0.330622956,0.45920593,0.580328872,0.349584269,0.392553644,0.564034406,0.227642242,0.452816978,0.499281046,-0.013574571,0.48472017,0.460061544,-0.003026754,0.520591607,0.458283172,-0.018519864,0.340708525,0.391370268,0.207021948,0.322916167,0.467108198,0.169472106,0.293332437,0.463996386,0.277858687,0.465390142,0.543593508,0.24671387,0.310754237,0.534715599,0.293545837,0.405495916,0.49625286,0.225635152,0.411700657,0.380885336,0.195777111,0.294182438,0.339076534,0.097496456,0.339620446,0.373239828,0.088938476,0.423852762,0.346237882,0.173994548,0.446207773,0.408886669,0.224848357,0.326137729,0.44310049,0.198917729,0.203399638,0.439399939,0.191141547,0.30956805,0.46349715,0.178029404,0.297861193,0.453457787,0.194661562,0.252855305,0.384276127,0.1185624,0.252952168,0.315433883
133,ALFABAR,4,4,12,437,1.94,0.77,0.6,3.32,0.294305884,0.39356814,0.550075956,0.344383334,0.363658633,0.571242535,0.240218759,0.431854555,0.494069621,-0.01881906,0.463334541,0.447529947,-0.007853804,0.50924744,0.448277945,-0.007902923,0.331153642,0.371424211,0.23936537,0.324993192,0.505181624,0.199552286,0.27647106,0.474602029,0.292992598,0.467599922,0.544599567,0.241512353,0.292499455,0.519954161,0.302855863,0.38571314,0.497189613,0.228338564,0.413470632,0.39329488,0.208675404,0.326571091,0.349570131,0.092208847,0.347352825,0.365578335,0.089766523,0.420526908,0.345047054,0.205265549,0.447277943,0.422480372,0.246935227,0.315609055,0.484151249,0.217413941,0.239663666,0.465095532,0.221852819,0.333488614,0.490670709,0.202612023,0.307662108,0.46594914,0.207533032,0.269472474,0.404292552,0.124463995,0.271656422,0.332320239
134,REGEN,4,4,11,438,1.68,0.83,0.64,3.15,0.258023877,0.371938044,0.510754016,0.332459978,0.335142699,0.553197373,0.224810573,0.439252103,0.514010941,-0.013748334,0.451922866,0.439915622,-0.013799356,0.51284962,0.44299081,-0.003383856,0.296252181,0.33610495,0.244090723,0.326979678,0.512732108,0.20789505,0.291381913,0.483462826,0.29060221,0.460957088,0.541202824,0.247681097,0.293279476,0.524818759,0.296175841,0.385288221,0.505668301,0.248764305,0.450459268,0.429856484,0.229454037,0.34670588,0.370225015,0.089156256,0.352529852,0.372458277,0.09009496,0.424900269,0.36315432,0.203733309,0.441361602,0.426829956,0.245308448,0.299405003,0.48739676,0.213512724,0.24803292,0.478223237,0.237162224,0.328172906,0.49967507,0.204408317,0.323383534,0.467539078,0.199711956,0.25400981,0.387965233,0.116866781,0.312408326,0.33390745
135,ONEIDA_ULTRA,4,4,10,439,1.49,0.68,0.54,2.72,0.217602456,0.326901184,0.476974061,0.301902449,0.355435099,0.546779636,0.204720909,0.428960291,0.529120589,-0.006704442,0.439654284,0.403671815,-0.013535395,0.508063632,0.427822246,-0.002749803,0.288698351,0.295297602,0.190664783,0.322089854,0.465721232,0.184407893,0.274030989,0.466201178,0.253559609,0.433704549,0.522216425,0.215429974,0.27487433,0.495689447,0.268039202,0.355954677,0.488180933,0.206810053,0.418415296,0.400962181,0.180927061,0.336816016,0.339198342,0.089532902,0.34822087,0.396131207,0.093714494,0.406422633,0.370767286,0.201346737,0.434512202,0.437981714,0.238873781,0.298926181,0.473610848,0.189632045,0.213597685,0.447379711,0.212102495,0.313809847,0.470861891,0.17516425,0.297544114,0.43515916,0.173965274,0.233399625,0.358455202,0.096362503,0.323898283,0.304215224
136,SW4107,4,4,9,440,1.69,0.81,0.5,3,0.288695207,0.420301057,0.541243284,0.330016678,0.393221024,0.550114687,0.194514394,0.422588458,0.509213778,-0.009993275,0.456877105,0.434695244,-0.006290247,0.4980802,0.426370979,0.01435926,0.299363704,0.317981753,0.257485881,0.356720426,0.52989201,0.22824393,0.317253628,0.492696179,0.288473059,0.460908286,0.535344055,0.253500709,0.293169375,0.515679724,0.268085659,0.364270231,0.481025113,0.231107187,0.429529617,0.409040918,0.189271555,0.328564232,0.334623562,0.075033609,0.365916317,0.376044244,0.093843212,0.372740098,0.372907443,0.216511292,0.438621528,0.437324189,0.25194825,0.330055675,0.489897365,0.205222092,0.23555653,0.451704957,0.241525125,0.320457558,0.47875612,0.183637949,0.299161528,0.430686576,0.183984997,0.224900758,0.345597544,0.098471152,0.306244287,0.288837158
137,NY1614,4,4,8,441,1.86,0.81,0.62,3.29,0.287048169,0.365724175,0.535429695,0.31927931,0.336519476,0.557562893,0.206374961,0.423976273,0.502563332,-0.010766251,0.456500455,0.448324689,-0.014566872,0.521607561,0.449706029,-0.002334516,0.317938768,0.371108359,0.211692371,0.305832338,0.491179089,0.215265742,0.257018773,0.484357126,0.266438649,0.425159022,0.540482153,0.246308679,0.255723553,0.520273004,0.269189582,0.348949411,0.499888087,0.230539793,0.415034947,0.399946621,0.21162074,0.344902563,0.347683304,0.069686379,0.36365697,0.375263313,0.050861807,0.396255824,0.360147642,0.179866657,0.436318516,0.427094335,0.224675609,0.311098461,0.47644766,0.188807175,0.218942766,0.459785033,0.219045489,0.288693405,0.479843137,0.175669499,0.307161202,0.445050695,0.204278787,0.270872982,0.385393138,0.110568225,0.283572563,0.315619513
138,SEEDWAY_9558_SBR,4,4,7,442,1.93,0.91,0.58,3.42,0.305250903,0.380229696,0.542825813,0.332580597,0.333135669,0.554413879,0.213804832,0.420246344,0.519098779,-0.015909843,0.493784809,0.490154445,-0.01158764,0.520833095,0.458369817,-5.94E-05,0.340601598,0.389108007,0.248184208,0.327966708,0.515413681,0.241280644,0.270482094,0.502455993,0.299174231,0.44791984,0.55770345,0.280291192,0.27170537,0.542473885,0.310868357,0.356247991,0.538090173,0.300335625,0.459068758,0.473896261,0.265424771,0.378832777,0.384604279,0.074061859,0.341942313,0.380402101,0.044182797,0.373541437,0.368529809,0.193688846,0.429988248,0.432491135,0.234645327,0.319206125,0.462620964,0.171848927,0.195512356,0.44508096,0.208762916,0.256194045,0.46460596,0.183090175,0.303063722,0.430510973,0.20875317,0.273577451,0.385663096,0.112839821,0.262597055,0.317811792
139,GUARDSMAN_II,4,4,6,443,1.71,1.02,0.63,3.36,0.244838789,0.342879903,0.489991601,0.312516352,0.331267375,0.556212674,0.224594383,0.421925163,0.521107613,-0.014066284,0.512815687,0.475592492,-0.00795731,0.516955676,0.442844492,0.000738448,0.337059182,0.37618312,0.221517543,0.331400306,0.484992328,0.23544052,0.279004418,0.490949564,0.292195091,0.472637176,0.559181625,0.290372894,0.31147752,0.539907661,0.340045012,0.404837568,0.565418798,0.329699228,0.505792446,0.512596998,0.296879518,0.428425043,0.425137632,0.084665661,0.295169856,0.388125579,0.07611081,0.333752522,0.360585061,0.226366392,0.436934874,0.446464666,0.255984683,0.299597226,0.498505509,0.199198533,0.230574022,0.474035927,0.224873745,0.29447089,0.486526198,0.204620634,0.358143257,0.45821112,0.225681607,0.31098686,0.411208127,0.133629324,0.242478129,0.329306762
140,FSG_421LH,4,4,5,444,1.83,0.96,0.69,3.48,0.289051105,0.380534402,0.523191462,0.34964607,0.41534208,0.583623751,0.258983614,0.47912202,0.530641032,-0.003715039,0.519121355,0.450535907,-0.000385518,0.519368393,0.408449878,0.002459964,0.313429027,0.318795634,0.28440875,0.426721068,0.539923425,0.274740387,0.346652774,0.5142115,0.334715114,0.522894568,0.573205813,0.327327513,0.414289284,0.555156207,0.350931481,0.467894166,0.544061277,0.334852509,0.474467205,0.482017282,0.305106864,0.443037206,0.435399507,0.087140202,0.275776594,0.377344203,0.079452978,0.357440365,0.352358704,0.222227918,0.435506115,0.435805616,0.251290478,0.29622694,0.47053579,0.192924981,0.219536052,0.451343904,0.236032521,0.294850013,0.487912529,0.212513523,0.375661449,0.447514912,0.252536368,0.328115719,0.410828708,0.146836298,0.228304199,0.30971184
141,NY0651,4,4,4,445,1.55,0.86,0.66,3.07,0.267154058,0.315400503,0.503483534,0.325102431,0.319519846,0.584719227,0.248714958,0.448104257,0.525837826,-0.011083174,0.526466569,0.460710157,-0.013229363,0.54963516,0.421220137,0.000428898,0.321788247,0.322331781,0.229100589,0.33185358,0.499371151,0.25306414,0.253486507,0.516187144,0.306969236,0.486824436,0.557056569,0.294909595,0.317620017,0.54537543,0.336320606,0.399526703,0.551645726,0.31188804,0.467814103,0.471126211,0.307221426,0.432503706,0.43317594,0.093576948,0.288005875,0.389258057,0.117578752,0.352600946,0.363937833,0.235489515,0.444205228,0.444689242,0.26302139,0.272238025,0.50942637,0.218308034,0.221149028,0.485238465,0.250486848,0.300663428,0.523153699,0.211310498,0.350012005,0.482026016,0.243585744,0.340107577,0.438078262,0.143397047,0.243461377,0.355070891
142,SW5210,4,4,3,446,1.95,0.96,0.78,3.68,0.341766455,0.42485138,0.567034211,0.359137379,0.389675493,0.567435125,0.268475073,0.486020705,0.521819252,-0.019286061,0.530606987,0.452433014,-0.030572492,0.535701135,0.431061974,0.011986159,0.337231335,0.325095958,0.28934245,0.433129828,0.557850091,0.289537246,0.355991914,0.533892462,0.341439843,0.502940586,0.563787651,0.322458157,0.373170602,0.551042562,0.348397524,0.434077856,0.541453264,0.321636004,0.448367967,0.46125185,0.305487176,0.409412613,0.410216936,0.082944313,0.2949843,0.376157589,0.105792835,0.370497447,0.366545335,0.222952646,0.444716023,0.436826075,0.273218646,0.336467993,0.497062878,0.247089522,0.248695681,0.484667758,0.270364872,0.33818822,0.522312144,0.227643476,0.344402638,0.468045958,0.266069807,0.356580706,0.446626704,0.160993674,0.25681878,0.355845173
143,SW3407,4,4,2,447,2.04,1.03,0.82,3.89,0.344451467,0.416856791,0.574313936,0.367141475,0.391030865,0.583425955,0.31017534,0.51234499,0.520836315,-0.021937561,0.538090968,0.463866357,-0.036145046,0.552867127,0.43687244,0.015149663,0.341716984,0.32162742,0.284201359,0.442798543,0.543148515,0.302338352,0.369143888,0.548023059,0.362030806,0.509442661,0.575789807,0.322681879,0.37436528,0.54336567,0.37445593,0.453015037,0.55333754,0.336895523,0.461263886,0.468965517,0.314076266,0.407914563,0.411274572,0.080290613,0.299254282,0.371940201,0.107933317,0.368979041,0.374910505,0.239229391,0.445194855,0.428814321,0.272157065,0.345667602,0.498715876,0.261407342,0.274494027,0.493255,0.283657721,0.375613318,0.532386045,0.234016133,0.34830329,0.479036634,0.249140807,0.339341031,0.434850334,0.145485679,0.249399688,0.337460208
144,55V50,4,4,1,448,2.17,0.97,0.86,4,0.310493721,0.375662269,0.543921311,0.359547156,0.38147072,0.582528275,0.331535154,0.500637056,0.502713134,-0.016581992,0.538281246,0.456828166,-0.045587053,0.578161968,0.450246939,-0.008940948,0.402419078,0.336436467,0.26483295,0.429691559,0.530869653,0.277656697,0.371146657,0.538878393,0.352326356,0.491320279,0.561609383,0.311164604,0.358374332,0.536869343,0.35269713,0.464477093,0.532932951,0.306542361,0.457662172,0.447530651,0.296571413,0.394242733,0.392029758,0.080328794,0.314723534,0.372156216,0.095314108,0.392967463,0.371315022,0.219993364,0.449589189,0.424208334,0.259157431,0.315913451,0.479618385,0.2483817,0.26594847,0.484829866,0.288041153,0.378561924,0.52597286,0.242212937,0.36780038,0.465352826,0.243879596,0.321650511,0.434938513,0.1339593,0.25869557,0.329320035