"","germplasmName","replicate","plotNumber","rowNumber","colNumber","NDRE_62","NDVI_62","NDRE_76","NDVI_76","NDRE_90","NDVI_90","NDRE_96","NDVI_96","NDRE_104","NDVI_104","NDRE_110","NDVI_110","NDRE_114","NDVI_114","NDRE_124","NDVI_124","NDRE_130","NDVI_130","NDRE_138","NDVI_138","NDRE_144","NDVI_144","NDRE_150","NDVI_150","NDRE_160","NDVI_160","NDRE_166","NDVI_166","NDRE_174","NDVI_174","NDRE_180","NDVI_180","NDRE_188","NDVI_188","NDRE_194","NDVI_194","NDRE_200","NDVI_200","NDRE_206","NDVI_206","NDRE_216","NDVI_216","NDRE_222","NDVI_222","NDRE_228","NDVI_228","NDRE_236","NDVI_236","NDRE_240","NDVI_240","NDRE_250","NDVI_250","NDRE_256","NDVI_256","NDRE_264","NDVI_264","NDRE_270","NDVI_270","NDRE_278","NDVI_278","NDRE_284","NDVI_284","NDRE_292","NDVI_292"
"1","SW_8421S",1,100,1,8,0.452353668127177,0.50529286200493,0.461576538876328,0.482267331226396,0.35461019864808,0.409757703591083,0.422460608804338,0.516661909870189,0.32323350908991,0.474185409457901,0.474924196053448,0.59965372940427,0.461050911592707,0.546104231166151,0.301080607633571,0.333463729878541,0.404663952932279,0.478717204408706,0.388480211005319,0.461626668405722,0.451525963183327,0.519151212796554,0.399253053159867,0.435629481534466,0.496079112707381,0.469579470408168,0.421852327597033,0.433431328050914,0.359303093943617,0.405763186,0.390372843321193,0.518068461906339,0.346044778540035,0.196076809549295,0.357864085380988,0.45362442293373,0.30387606519401,0.443032065146734,0.453596786813034,0.530657021242288,0.437545739,0.395445782775201,0.260131121166415,0.366470387129211,0.259518738831363,0.454635431201195,0.3308632246281,0.497187168,0.376866735066119,0.474135886912905,0.355389397785381,0.359885590258617,0.297435393308181,0.381350054023416,0.322488313190482,0.46675181577651,0.40423756059177,0.526371207963211,0.302479884854062,0.495678319462562,0.213909781107013,0.457540675395347,0.222727713421259,0.473455025659027
"2","SW_1011",1,101,1,7,0.489160690704244,0.526384333784665,0.464665596844023,0.486025107400164,0.333071883671649,0.385085204734654,0.396561984338658,0.498336105397488,0.295125329543582,0.450736323941341,0.470746558462573,0.60732584866363,0.442379523328721,0.529030016329482,0.22872664549514,0.210377093195915,0.403491301886561,0.470494608949887,0.348396431948041,0.443445280278429,0.441301136,0.4979916753026,0.388433659120979,0.43155176153986,0.428227964445272,0.321307047344254,0.418771278747012,0.439651174403898,0.313406590530774,0.355536675798114,0.346532759445241,0.488315062346626,0.316508465734472,0.163948951,0.358788940821614,0.403262691,0.298989532067807,0.424282087336927,0.419419122245521,0.487728727513519,0.33948233948234,0.27662863610576,0.274491976788672,0.332867223914798,0.252470391665438,0.456729863875375,0.282419229155428,0.518221260811464,0.321674687072312,0.497647567457593,0.31459367987345,0.301400139793253,0.312337354092495,0.370238942912305,0.308083448223039,0.466265318627451,0.387857001,0.528223687392194,0.29358383404328,0.47694036,0.217208934855994,0.459461391394165,0.224674689559005,0.457084134631271
"3","SW_9813",2,102,1,6,0.527021212577102,0.522154188188489,0.481499673133216,0.50092497054035,0.328528709516266,0.393932395698328,0.404971831193092,0.485963157456031,0.300300162588069,0.434959040313503,0.430709987966306,0.563491020532231,0.448646622062979,0.534433815315994,0.286514346306715,0.221944413099121,0.396547563421962,0.466620504073004,0.309047432720317,0.44346133501442,0.424538175940191,0.488874969481137,0.389096501345636,0.457521790547939,0.309156458810876,0.215229974839278,0.38451861454653,0.407116334859124,0.303605943802022,0.383472990335735,0.328295258065703,0.488329654563514,0.302742181916755,0.159419280908844,0.371634450235791,0.3941242,0.300379392263234,0.42115771765809,0.406851476,0.489358516979355,0.337919380595573,0.25598340398462,0.278434389140272,0.327397888386124,0.299805047612054,0.443487013781792,0.3008774342321,0.49004640158527,0.343825377792039,0.469761436970233,0.398067433683127,0.37361305796966,0.28995668950311,0.378423497913221,0.305809637108434,0.454384849486703,0.398010808944887,0.541668914035447,0.303584995971915,0.488517597171239,0.237848472722422,0.468163162700978,0.24590425087341,0.476864751015496
"4","DONA_ANA",2,103,1,5,0.530059113708909,0.532223355304067,0.487375424167962,0.505515270046638,0.337125884208798,0.395501331220512,0.419343430864064,0.486750517506651,0.316209648281708,0.439575429746668,0.458257449403799,0.595753653,0.436988677768585,0.519088028076792,0.44635041922131,0.342362219392187,0.397471523556821,0.463485254792699,0.321072521047075,0.445642511031104,0.446780079553189,0.496727579920857,0.415199449659262,0.460876754,0.291063616902457,0.197576942169273,0.393949069247952,0.41551412261107,0.317458822033985,0.401091848150672,0.357331420373027,0.497289114520104,0.278510550337176,0.170132035147515,0.375763117398858,0.40109089103996,0.303376494023904,0.437644910553863,0.42502578999311,0.495551272740815,0.32764172247673,0.232981023655342,0.289649446457508,0.338474157667971,0.276259969156202,0.458146924187902,0.289324285729397,0.498107266643395,0.319557297627222,0.489623865110246,0.33521465621896,0.282843137254902,0.290058534792766,0.39571707308537,0.334217218137255,0.484986404718137,0.407044995763903,0.555711565707858,0.294767383275247,0.500934297694444,0.223375456,0.460104186470969,0.223254272832128,0.456123141449093
"5","NM1715PAR",3,104,1,4,0.522584375846732,0.536258318629103,0.520636578266898,0.501394492815177,0.311530053488757,0.335390552552616,0.43042299402612,0.460989020001509,0.277539391825106,0.379692902802147,0.430167014352991,0.57814098159969,0.397184538887325,0.44612424555149,0.421083401845254,0.327746342896344,0.419134582725807,0.441030664347278,0.301535983942727,0.330306653,0.4263480818118,0.451355919496752,0.392121098414448,0.41958517285116,0.259880377070163,0.190348405433159,0.434511148753213,0.418901806524213,0.311839196806517,0.328259165,0.323366074384726,0.443908325056101,0.269205336093382,0.167779927220155,0.430838421444527,0.366540580789278,0.278827114530763,0.393254657699929,0.379430179697335,0.44039369602621,0.358374206177082,0.199003295778512,0.329335947712418,0.306940372046254,0.326687914616533,0.394889917015495,0.292007654497281,0.46080056065065,0.334171390826404,0.473711341173468,0.284962292609351,0.263788765036972,0.277937779377794,0.340406345,0.295208008,0.427203068382082,0.388894454420957,0.50934192319921,0.265225131,0.498015201284351,0.231159106176407,0.451260250706617,0.285660732105447,0.485532524435457
"6","NM170506PAR",3,105,1,3,0.502428998880029,0.521662905571436,0.488643773500056,0.48444705382684,0.326535186,0.334900997166249,0.409841155803128,0.465778129890069,0.300935079914319,0.38756024468611,0.451989577887863,0.593547750035266,0.418342152499906,0.478585630056218,0.404976204421661,0.287568444752524,0.40807395,0.455452721810324,0.291031729719607,0.379449993834012,0.424826719008771,0.471233992380407,0.40269835034582,0.452189734659936,0.222175749255398,0.171647547468354,0.368774393614423,0.370484109726396,0.293186183382262,0.397844156014091,0.339814132640531,0.493979899,0.26093108872995,0.167922363320845,0.320912939422121,0.329151802045611,0.280245681605976,0.427288748832866,0.378708238738912,0.461344092818886,0.328197852380859,0.176115611409729,0.275618891953553,0.331970659343521,0.303316330040788,0.450396186544793,0.263133834724323,0.502666328174859,0.34229094068482,0.501600303246957,0.272717323327079,0.281249862046132,0.294387587,0.387651132720478,0.31318125174843,0.465664657562117,0.384582937038888,0.538502624946937,0.303647167085139,0.526272011,0.233713827411306,0.456486697243,0.242657506,0.47157297360547
"7","NM1704PAR",4,106,1,2,0.470313758922154,0.521731441084533,0.482118917473213,0.455283252260836,0.330539740418047,0.342958890010073,0.38856920112381,0.465084081477886,0.269422818146867,0.388454474927226,0.432407530011367,0.563444717874408,0.413985923168794,0.487622360594149,0.457270234301814,0.384260348882405,0.405628318484044,0.438405451050094,0.309996485660044,0.383288045447299,0.428064100451644,0.4963245750789,0.419402274685004,0.470243674536084,0.254757517799872,0.176651433966488,0.41702636,0.395269159153903,0.292816788633782,0.400882446045845,0.354575837839826,0.514334694478167,0.296910726012893,0.170537615119658,0.399545693720526,0.332430876147927,0.262256014413431,0.421840856974188,0.40730530110731,0.473658536585366,0.353009482096983,0.166802714960996,0.283072498743087,0.328968124685772,0.27639372353186,0.48045452987687,0.313684589102679,0.496410047565151,0.343677819881375,0.505407816198488,0.357444145773439,0.366774041641701,0.287866761162296,0.343765825830555,0.300121017156863,0.45214537377451,0.395518207282913,0.533327400279752,0.278649799269888,0.542249222191885,0.233707500094055,0.478340053970306,0.278452520205925,0.495994005960996
"8","NM1712PAR",4,107,1,1,0.495132073726019,0.5311846983485,0.548204481,0.467783093700423,0.302509246820469,0.327377111607096,0.380995941960522,0.455966663058062,0.241388099,0.371260366891855,0.438080539028984,0.586676292184246,0.395213048682976,0.462904401172742,0.475576082264458,0.365072533,0.402235695694681,0.426528291477372,0.316033855788058,0.343163061819297,0.394865975587315,0.453323689573153,0.373551398033548,0.427056204720501,0.292409329238024,0.211445147679325,0.419032729840133,0.396205201531921,0.355854827750253,0.345313006750915,0.322107199352537,0.458579075157267,0.281985345457831,0.171951214503397,0.430936311739886,0.360350856291884,0.266835901027077,0.401595276999689,0.376695416041382,0.448463676658403,0.298156282948249,0.179055854378666,0.313652779530445,0.328284849541001,0.292642823921079,0.440502117451225,0.300600822958207,0.473782928024653,0.338330715576498,0.476878170159824,0.336642754662841,0.346311665379097,0.278893001198695,0.337880673018873,0.310028662471378,0.438745482340508,0.376523964843085,0.501879466,0.300192122718699,0.504791742137501,0.233509681398955,0.452382726846395,0.29304598565769,0.471968306504187
"9","NUMEX_BILL_MELTON_CA_2019",4,108,2,1,0.47830416395032,0.531500091937883,0.482904409162263,0.465120357762982,0.316720022555801,0.353965109888149,0.382259445521558,0.468231324653,0.28854115175482,0.391167030537705,0.444884286342552,0.609871134234481,0.394771605399948,0.47969675155504,0.509362221183349,0.37062441675309,0.385726597888038,0.436743536344259,0.294028339347565,0.383190585916554,0.386975475462834,0.477566741595737,0.424258965023266,0.475057408590866,0.310735987619173,0.240742849634269,0.430458261,0.422134346703531,0.346895486149432,0.346853916050473,0.322024894334794,0.48185955990834,0.302960030165912,0.171798318169286,0.430680565897245,0.396729709605361,0.272736150015562,0.401916238717709,0.360828458963323,0.480654269212375,0.283765966909302,0.16903634647466,0.281760281548517,0.329588134741076,0.276564155486756,0.428337117303062,0.259576591830762,0.469003720891342,0.286007479841396,0.445209129684987,0.340583636831843,0.323018615,0.300611084542218,0.328410825938325,0.291415824142157,0.41283873314951,0.36877434550231,0.50264268040761,0.305893179102178,0.476441857269559,0.237014292896646,0.448978052759565,0.26762359814165,0.459054171044893
"10","NUMEX_BILL_MELTON_CA_2019",4,109,2,2,0.483073912863243,0.516240600257016,0.467421894589038,0.45164719255136,0.362164725627708,0.330002186092923,0.392995043,0.455462114576465,0.279808075190861,0.364416673532158,0.449567661424306,0.601934551692837,0.380947809046741,0.434316083224143,0.47288092180327,0.398458347438729,0.404802035657789,0.430470314262177,0.305348709202963,0.351849345352499,0.396003358608401,0.46287557758146,0.403358915578591,0.446375197143544,0.262434265636634,0.188662858339538,0.421772231006478,0.39897614802641,0.340778183389374,0.335858773304971,0.315166280395836,0.464081043299121,0.276046760257287,0.157625656077668,0.394932141970712,0.365775725986597,0.268620420279666,0.389059057886103,0.366467722323781,0.457528768093965,0.30835923031045,0.157133440060269,0.297430489204569,0.324588223275826,0.297034784950185,0.421035862035201,0.282776767423387,0.453675076995973,0.31742382498467,0.426711388787633,0.355579192708763,0.317695249298673,0.279426026546272,0.329561557777953,0.291811274156586,0.421076100133093,0.375217193957588,0.518902222682313,0.312351233974159,0.496080013657619,0.239795513982365,0.455133317278646,0.27530250602915,0.485777414281221
"11","NUMEX_BILL_MELTON_CA_2019",3,110,2,3,0.49631948161806,0.507060839165461,0.480552966992701,0.476340424468789,0.351058113933978,0.374635124798341,0.380189090861374,0.468638768875461,0.313319568023288,0.390081596364036,0.4488529868147,0.592281330644827,0.367791186561841,0.439497317,0.483618396659842,0.362371820016944,0.40490344369928,0.440287833794891,0.292964255177311,0.368062982768865,0.410744614147362,0.473434337238545,0.389065104762128,0.443306109446669,0.248475999980533,0.182476457448206,0.411058029287664,0.400364755522462,0.299214689171648,0.340028140458557,0.315101534047015,0.476682853253872,0.285984951165217,0.160261054568455,0.386116455696203,0.346829883345743,0.271139900404606,0.389953703703704,0.369690206705989,0.451376543515266,0.307922102476839,0.173480846299571,0.289477727501257,0.339438914027149,0.333253824875768,0.405870113338719,0.249594236703355,0.471798583125939,0.309497264021888,0.429629312965496,0.331678254791598,0.276999779273811,0.28954668346589,0.332334654522228,0.282983270648895,0.42297669608267,0.371795881382078,0.506525999359949,0.304932482230522,0.490877960018155,0.231731329032367,0.450092483448885,0.251824481056325,0.47287366918456
"12","NUMEX_BILL_MELTON_CA_2019",3,111,2,4,0.54387559968574,0.578294970161978,0.489529278036875,0.483388161743811,0.340559933,0.38323251,0.411381277,0.474376273807014,0.332662746471137,0.425844283791948,0.418586186651343,0.586027090385953,0.38227741638741,0.465062943766113,0.489924717489078,0.351643300967048,0.412298394882765,0.456698757708396,0.29596816545302,0.398764696858955,0.412019942,0.49423214541291,0.390542488526808,0.454356892918498,0.296040037850583,0.222478049764209,0.421668402092795,0.437712441373746,0.303232829057793,0.337438812,0.31841242688445,0.482339697605121,0.30953611800386,0.171251966460695,0.406527175966213,0.41127308937911,0.269398342670401,0.408973506069094,0.39511588124931,0.479148732663797,0.350959157558871,0.205326560419817,0.323210125811485,0.349780365716621,0.309401679273457,0.399869574796211,0.283104087406107,0.458827884387586,0.317029118088043,0.440953163732715,0.285340654085274,0.223739469521392,0.303469914516454,0.362569406164965,0.305823184742647,0.434655522365196,0.382682873094428,0.511862324175125,0.283576377652204,0.476889132292782,0.21882843031632,0.442670992982412,0.232032161543219,0.4683827290507
"13","NUMEX_BILL_MELTON_CA_2019",2,112,2,5,0.509228056098825,0.560704578506594,0.469949325238696,0.477032132878635,0.341488694021036,0.378304261823413,0.412049129506245,0.486385228342634,0.328198117482287,0.429888401,0.431381179,0.580901977380034,0.382621723196589,0.47537317851489,0.434951468483621,0.321358165994086,0.405030033833803,0.443631907734862,0.296953212179181,0.377780857354028,0.43194578585582,0.472395486097908,0.382007610180522,0.428060537,0.360656417444118,0.230782318387767,0.428917242422714,0.445694610488302,0.335739064856712,0.308534562,0.302284842743953,0.450358126111354,0.309101218698742,0.173129038144518,0.389855944403078,0.392858376768429,0.256949652370908,0.37698148582142,0.353010072359006,0.436587014957371,0.32208786280327,0.216793801452058,0.316794369029663,0.323000904977376,0.295119367045064,0.422233230134159,0.238125374527921,0.459783017684686,0.279108044236093,0.427022785864117,0.366308722363242,0.239135121215466,0.295913172857219,0.358449970774218,0.298268854546671,0.443434523254467,0.374220810708557,0.518903921746251,0.293659118,0.472933181767079,0.222971410786537,0.462725432053163,0.244413687043445,0.497323270314093
"14","NUMEX_BILL_MELTON_CA_2019",2,113,2,6,0.525773376421684,0.56627956541565,0.482043646084469,0.484966876111243,0.336492942798411,0.376925965494991,0.391826511431074,0.501522338900426,0.29880721519377,0.44923182948393,0.423288904434146,0.567251862307888,0.426995048758711,0.496861430951249,0.344065972054301,0.23504640003439,0.411362378236777,0.449645992955513,0.303316098643783,0.40250778268049,0.436408261601478,0.479940808440164,0.386347015632726,0.428556743139796,0.357331805348722,0.228477716244726,0.437338855053848,0.449995698516433,0.321070445317217,0.3407876,0.308606481992422,0.474095206562925,0.30495831914238,0.165282237791725,0.369405807892777,0.395605857532887,0.284419545596016,0.391626595082477,0.376121840856418,0.452559136224846,0.328187359320788,0.22502044984111,0.297581519072028,0.329296789713945,0.315137254901961,0.427159579936844,0.2662966679209,0.470569770196636,0.310635164918681,0.440679054567563,0.384470390342849,0.325030645843984,0.284585487921184,0.35301782292569,0.293245241769547,0.435882844650206,0.368669567010054,0.520956352,0.304476117905221,0.463477779304544,0.241993316180167,0.461617720994884,0.247252787195094,0.496120065822082
"15","NUMEX_BILL_MELTON_CA_2019",1,114,2,7,0.488374571264299,0.537087703298374,0.470855523795196,0.469926449693262,0.364501608060034,0.402578762940483,0.39660791202879,0.487584433137485,0.28950872694932,0.439425001042231,0.467956154107856,0.601735082522218,0.409466519380597,0.491199503294678,0.326505426323265,0.252738954355836,0.405234598042512,0.445771790966471,0.320839854788922,0.389348651507905,0.438230353,0.482518384482747,0.373956336247247,0.413097366924443,0.462076805902306,0.371756724531461,0.435309148118373,0.447131602653669,0.347656531300721,0.32863901,0.327767722473605,0.481351028216165,0.332388561,0.174446606025553,0.406897592454703,0.415536957061306,0.270007975412387,0.387019919078743,0.383297877603523,0.462781011853391,0.357707635899888,0.284595850062468,0.317601809954751,0.312496732026144,0.307421605346258,0.413649408827201,0.263588743955294,0.475769785526151,0.296601982739694,0.440770202233444,0.350633668101387,0.297959570319685,0.306598244831177,0.360349283845622,0.294934664070749,0.427007903608194,0.376902802199185,0.504900162889289,0.296402466699145,0.450677925874108,0.23453887135548,0.455628815628816,0.250934924694516,0.486915066111696
"16","NUMEX_BILL_MELTON_CA_2019",1,115,2,8,0.462652992996005,0.504305368,0.467666504274252,0.468420171636291,0.385391962935147,0.406561275832038,0.411796413155576,0.508774906144837,0.310643742791234,0.469872336189378,0.492454415616321,0.619920802468365,0.433956470820144,0.528752372228213,0.329414630564019,0.345511260135734,0.407364059606042,0.462675854148722,0.356781354051054,0.428971061963672,0.455573853473013,0.510234179141742,0.37409895901771,0.419779539514987,0.501744190555969,0.475285625,0.433155439794557,0.43696507096459,0.39368076828622,0.382995887873937,0.350941397196777,0.513788765036972,0.355649679226529,0.24311014728472,0.381101671516047,0.428708729183301,0.294610382001406,0.419762909147723,0.401618137209094,0.493508211620318,0.473583975449112,0.416836266477586,0.282684846336124,0.344027810327318,0.282775158502852,0.429521921128002,0.308567979430578,0.4761460554371,0.350938100176421,0.461969902050266,0.353181584078284,0.32784276937792,0.296700934408352,0.358990988917685,0.313785584368733,0.453826482315076,0.399450292586204,0.537808908161785,0.268684996190024,0.486786837053785,0.231881567106481,0.470709912924446,0.249654037550308,0.507389619143916
"17","AFX_779",1,116,3,8,0.497069352899722,0.49456386,0.477908227069408,0.472487671,0.446735255893998,0.479552658854819,0.414416209850177,0.511315762711308,0.352560240963855,0.423613311376996,0.487570651110306,0.601972359978181,0.419994975321096,0.532101436671653,0.386070742542764,0.296311396721497,0.412730554945684,0.477002208673689,0.382648379217007,0.447670972616506,0.450410366258117,0.535745423,0.409211953494644,0.451532296,0.494925896139706,0.442065142463235,0.422253403857887,0.44171450213047,0.367740850093791,0.408621506660722,0.378763076802292,0.535321315713473,0.336290527941382,0.2801831,0.353584909406801,0.443544105237032,0.303554214514491,0.434210608546207,0.426009270499945,0.510881985064195,0.461019630361476,0.364860508276428,0.283067428626369,0.340740807509029,0.275988795518207,0.412402378495258,0.357472206649248,0.443689772258481,0.363823496444742,0.460133921465017,0.396448987952256,0.387437200901253,0.316477937895372,0.380650269925016,0.331086412188332,0.454742533587509,0.410333209743201,0.554049905337123,0.305025420658813,0.454116814,0.247435726427323,0.459212573918456,0.255107065844241,0.514886414924026
"18","NM1703PAR",1,117,3,7,0.515145011116126,0.523223008,0.45925469221505,0.468556915519831,0.418314522356326,0.482247162486645,0.403313518815591,0.499188720159303,0.344099007124217,0.39939069644952,0.440658850082564,0.579370856256171,0.410962797942309,0.51361841507248,0.465463722713896,0.319622888892471,0.411925712001711,0.460100694503086,0.310161248116366,0.389309078440396,0.429871273541619,0.488385152257554,0.412639270798522,0.442100480180112,0.428391772395233,0.312910226835832,0.447774748610423,0.461995948,0.330021786492375,0.338677727501257,0.334226765730034,0.483562929445282,0.279415937453565,0.225116480724959,0.335957905187391,0.4171385455448,0.298966697790227,0.421001206037971,0.399409010091904,0.503512828432068,0.304174721965253,0.231479645252959,0.279340170940171,0.321533634992459,0.300551173777876,0.376207387824043,0.309769543494434,0.41861881238739,0.302083884563491,0.436175522941495,0.388778839170996,0.391794499376199,0.333707116045883,0.384883674130071,0.314646306233499,0.431133491009893,0.405624443816842,0.548002003591544,0.268538967933744,0.429189967202284,0.220868220591404,0.431755157568306,0.245493180781826,0.491196783153007
"19","SW_1011",2,118,3,6,0.563622185447069,0.539828661217258,0.465968746102532,0.472449918595597,0.402064800025387,0.468468607,0.391814293442642,0.499786057625517,0.382658798813643,0.418364502663811,0.444331297182283,0.570263700298552,0.403315195296619,0.506352690996654,0.442950918014424,0.324729099256687,0.408485504859626,0.453506132452032,0.327623256,0.394937720099126,0.424451873206704,0.497978899589033,0.410156093810073,0.45719877,0.291081303615196,0.225490770526961,0.421080236017954,0.444804846140383,0.320634920634921,0.323121627696791,0.282703759566505,0.44988548125803,0.280245734657499,0.189523727379515,0.351849491188881,0.412538098783817,0.289372860255213,0.417438530967943,0.378758261551513,0.494913797684292,0.298613659871209,0.215899443536159,0.284887598925565,0.32378780503927,0.288177816944506,0.36908531002913,0.291554276808727,0.392830320403651,0.29629310619836,0.416015605208492,0.402832988846061,0.367373517308158,0.331802610836566,0.365953557574791,0.31322671091783,0.429606317235065,0.391163842900822,0.526790220975574,0.247060155979997,0.40514492482064,0.215739508473072,0.409638389292369,0.213047322935995,0.456023770121859
"20","NM1715PAR",2,119,3,5,0.496326585909052,0.476949880053133,0.474655253196345,0.465580095,0.428584302304832,0.488602004325574,0.405706023416561,0.466238883038576,0.438494809688581,0.392046499972538,0.423162978267905,0.55744508891157,0.373967803511756,0.460047421184235,0.437245767037974,0.36979672110006,0.436262781502686,0.441355116072652,0.315907167284769,0.324634958447254,0.409673271017809,0.448395255538113,0.403222502995018,0.422243459329311,0.313143599,0.240309496347559,0.444875252032327,0.454580981114015,0.333756165128714,0.306155829031646,0.28764165875277,0.41781744036646,0.284240855067242,0.190126057689763,0.417717731,0.412342245626836,0.285679829700805,0.363222795094133,0.358173306846191,0.409485891917743,0.31389388979059,0.21335249986613,0.346903167420815,0.356948416289593,0.356079019,0.32913759761083,0.263568937735137,0.342111731,0.286152814394721,0.39386681511246,0.462155035610574,0.404805827538905,0.325035042129302,0.364712357053486,0.307236633079158,0.37989855664488,0.379408348705336,0.489099182676922,0.298314777174408,0.387117036947149,0.232093488979302,0.398417514818899,0.283993206,0.468781267141167
"21","NM1703PAR",3,120,3,4,0.463877488980088,0.491016871865025,0.479383347541915,0.465934078945588,0.37050577117128,0.440158007933769,0.403272511949401,0.498704183028406,0.389097771461526,0.448915424012742,0.408572487393768,0.575185273089911,0.398262234126846,0.526228282758008,0.477945091668724,0.389012494127203,0.405253153036504,0.469863707757005,0.296455843841465,0.417156495969132,0.430645484471161,0.516968150935772,0.416644094097322,0.4671036559745,0.271953890931373,0.227129672181373,0.407314499757238,0.438923976469402,0.292287245228422,0.350180058676791,0.327893159265708,0.514503859601899,0.291394152969106,0.207074677378283,0.324251774633904,0.419751998014396,0.289230664488017,0.440866596638655,0.402597338346609,0.513511473180993,0.301492215222772,0.219492436653099,0.27396197011852,0.339733874957686,0.27156911887562,0.390133176077449,0.278655799669265,0.448151869990938,0.320494756041952,0.453970968232254,0.344221551868611,0.346794778690204,0.319627805774869,0.391636090705344,0.337407680562738,0.454090218496007,0.402157812060606,0.550178130994793,0.26397678204856,0.434464667158008,0.219182373804223,0.446786406870441,0.220153453,0.476653962522776
"22","SW_9720",3,121,3,3,0.512867292,0.495906089631078,0.458239035686477,0.456850610280213,0.43059472305376,0.487981777857699,0.388662585663343,0.465484028645756,0.44905753968254,0.396765495413852,0.436558712,0.570993004904035,0.380376904435067,0.451695561543546,0.465467126,0.251431048348818,0.401534379424057,0.437437539266079,0.308700901437427,0.350227479855265,0.397305178481649,0.459603618219535,0.395143868371629,0.449308067690347,0.197662053056517,0.202799500192234,0.408261023911304,0.406326246268339,0.319150699216059,0.323290691395267,0.290507234232724,0.451198443289947,0.27601448203915,0.190051093751284,0.362466517746339,0.393674063042939,0.250699164127803,0.365501328021248,0.358339587242026,0.450584188647316,0.272202434038876,0.188127089992226,0.281265761689291,0.309628758169935,0.288936672296884,0.34153386698,0.243775452997239,0.384095821389156,0.270676399,0.390782232093491,0.354830083980411,0.319977468670279,0.317044037,0.334527478104138,0.295749080882353,0.385750229779412,0.370944014891943,0.484993134856987,0.282889822595705,0.389707393748866,0.230976927724333,0.385475915856539,0.238702672885011,0.426429466927436
"23","NUMEX_BILL_MELTON_CA_2019",4,122,3,2,0.47854570984404,0.492168229610685,0.452956682071144,0.470255876116993,0.428316630620213,0.429432999992862,0.409962948253403,0.464685288969301,0.428049994507607,0.406268193551931,0.438685537498074,0.588550418680957,0.401357538230603,0.476920442818276,0.462839416710685,0.407933031973676,0.419393168311444,0.44170752806817,0.304332963784183,0.371502869440459,0.408046065141385,0.488165266106443,0.437756632064591,0.494179354,0.208399203431373,0.218213273590686,0.421972896500372,0.411448399,0.329123708208675,0.347735597,0.295303241904549,0.478240880397743,0.300264002621707,0.19190181626476,0.39300312732688,0.413565649044428,0.253033185496421,0.38382314,0.356234253349971,0.47578052994864,0.275965099596276,0.187907940638914,0.291498260352256,0.315005838886786,0.277312770801204,0.370988225502436,0.285929548063235,0.383476613648998,0.286490310546651,0.423048645240468,0.418241625235089,0.384597694728414,0.337108950174469,0.400551216,0.283561229651105,0.413830890476957,0.379242410401632,0.506167147593485,0.300314208503533,0.432395204843458,0.241415516432817,0.429583380863658,0.265985646027875,0.479205244618913
"24","AMERISTAND_803T",4,123,3,1,0.48812889496884,0.511855739936689,0.452108113776912,0.464926115373686,0.331011138496039,0.427643145012006,0.391938706216969,0.463922651208718,0.428047248311089,0.434181221508211,0.430419124907686,0.599363554139387,0.403657655409143,0.4851207175728,0.467838623528337,0.38609772218013,0.388701996884927,0.461664126597778,0.33806123277659,0.407662849769452,0.407878747606098,0.498561784811248,0.434555574447461,0.505124266391496,0.215425413302576,0.240875432525952,0.409887083584253,0.429186208751492,0.33341875956255,0.373783120188349,0.339041394335512,0.503564791538648,0.305116562754134,0.216781257957729,0.372983619760751,0.407805857333529,0.276940553999378,0.408765561780268,0.391637944777014,0.510437910329069,0.252151064776603,0.198184903493368,0.26394067370538,0.3246139768728,0.306435387138626,0.375476928349367,0.304562763785608,0.403943958450131,0.313738980088159,0.437250911992704,0.390006594,0.392789403732734,0.315114226,0.377467867111146,0.319509224643885,0.418877482299064,0.382378651075321,0.524655433418554,0.292173042502199,0.42126947,0.241053694,0.424442331985585,0.247814218611571,0.462605853935777
"25","NM1702PAR",4,124,4,1,0.498104408003611,0.499440349029637,0.445540845494208,0.470391822543169,0.327132451087461,0.462964767268393,0.424720743241248,0.465177133259193,0.447499687330637,0.458677964452968,0.420463442969033,0.59689072656032,0.408836547898015,0.469454472,0.449953161131083,0.413145153923449,0.392124961765738,0.440794597100013,0.31402254044738,0.364868664446911,0.412729536258948,0.472227523488028,0.425447201,0.474770512211662,0.183540118454927,0.237534735909752,0.403492876644329,0.420017671878878,0.332753007394327,0.382999484972225,0.313530883272634,0.482808005003127,0.283501934498139,0.187400913444557,0.365857334326136,0.399700173740382,0.24967815014452,0.382881220217171,0.345626851806043,0.477018823602705,0.241197151240193,0.193199758479529,0.281124786324786,0.319766515837104,0.276148343981787,0.390346184915914,0.267169579274496,0.396969633624594,0.2732742,0.431701842479798,0.372345399698341,0.405026855019681,0.327558250430918,0.426290084083611,0.278017495,0.45034064353512,0.392778870494094,0.509643066648617,0.288209228053081,0.388560578616666,0.237886696156592,0.380433223062981,0.251419866901934,0.43471734834817
"26","AFX_779",4,125,4,2,0.475205859222691,0.490904524937714,0.457481418560204,0.471112554599245,0.430762382277133,0.46245015179242,0.413563595088362,0.469718069593573,0.442698649268354,0.451027292561248,0.419271116,0.561186593977413,0.43229291558926,0.484297569214952,0.43854901602552,0.379373702527508,0.425982221771855,0.461777935406146,0.328825196005971,0.361473958,0.419401914479832,0.494503910623932,0.433209819360815,0.490582841329495,0.169544047840655,0.223511185,0.416346824170185,0.419262142297032,0.342070539488043,0.396206762203893,0.2999645,0.473167052937498,0.274053913,0.179533778914584,0.364216827997022,0.404558153387937,0.26520522097728,0.394842826019297,0.364649413236214,0.47161792296656,0.254907778021726,0.193079926965523,0.283091064600322,0.314044575844435,0.287417982423931,0.372645761425669,0.299383683821787,0.377360222696044,0.302672708618331,0.414700562395501,0.428769267556929,0.401222639149468,0.308241768818192,0.445325004,0.314902187726943,0.466707138102154,0.396295077723002,0.521162482964945,0.327759826740684,0.409106901330147,0.259651894946013,0.399023712048922,0.254040419236748,0.453892984303696
"27","AFX_149092",3,126,4,3,0.459503393538069,0.476029956977735,0.473452837495159,0.468627034589584,0.407909876728267,0.464383249,0.391253891551601,0.486340121,0.41834047344428,0.449865608007909,0.414492898454774,0.580504748937162,0.44045301846104,0.521336306296199,0.446069923356206,0.364986199101912,0.415920434561873,0.480888075074388,0.307811375,0.3822219214423,0.431566814760092,0.520789512386151,0.438810748060811,0.488942763390615,0.201164109227707,0.225157218012546,0.411268700328989,0.436707179719939,0.294067238,0.370633659,0.302764190712541,0.495782808838763,0.263007225222595,0.185260262086638,0.298291802105418,0.399233070280626,0.269802163893446,0.412805835,0.376853180296509,0.486186007904704,0.25868744561555,0.201867039775536,0.252429160382102,0.323872499,0.285308762101332,0.389220502235982,0.301205108909235,0.424137192,0.324255345602717,0.454966952914614,0.405219070742744,0.404602692859508,0.287982712506864,0.396510618700958,0.332029346301618,0.483078969205975,0.417658522256075,0.559111010806076,0.317370741883502,0.417443776831183,0.250691045649029,0.401008608571634,0.221079257452897,0.448314465658188
"28","NUMEX_BILL_MELTON_FG2011",3,127,4,4,0.466162679905722,0.485631278939538,0.483024589204821,0.465207696036641,0.383567772072326,0.440618366753697,0.390047511877969,0.471351661,0.403659135222717,0.406562894765749,0.418923435645947,0.594397450897414,0.384723394940113,0.498300028145229,0.452036998228541,0.410930741164649,0.409617074282918,0.442862359540148,0.320743119864354,0.334449407996754,0.396063948693833,0.480039290655435,0.398569002185138,0.445351203772648,0.27191940462894,0.245649509803922,0.425637435366501,0.440720711099509,0.322507012033554,0.323939147181615,0.296096089,0.482392304013538,0.292907045516154,0.188434083310744,0.350922015388434,0.394922809630181,0.249259064737006,0.374255368814192,0.330746593136096,0.456993426953109,0.335868376467622,0.246425804203322,0.314521301420762,0.336193286181568,0.250946708770899,0.349942571785268,0.244438347478295,0.409149107404156,0.302122728697183,0.435843189797691,0.347431154500862,0.316398320845954,0.336013859359005,0.347776640330385,0.289104587408293,0.402687660066669,0.379539742339548,0.517591107463911,0.28114074425693,0.3981017575856,0.243629035324537,0.415633378539953,0.253719013726151,0.471842225262198
"29","NUMEX_BILL_MELTON_CA_2019",2,128,4,5,0.477089413770623,0.490025742607358,0.451362638918383,0.470732139957278,0.415292248890205,0.471393916314953,0.404746134692793,0.474382190553986,0.404140406,0.432355515735706,0.41927473049105,0.572676268638694,0.427863104069317,0.521878297952323,0.455538718639004,0.391429113894576,0.41633261653607,0.435973991844901,0.3250484105285,0.326172725878202,0.420397234319519,0.497088640809122,0.454368231893575,0.501156575457852,0.260829768492157,0.25467575762,0.416743747274491,0.437997427020634,0.299743037928117,0.340487437001067,0.286336313,0.478295074127212,0.306707327759959,0.183874742388674,0.372839116406056,0.414775477786051,0.268796685,0.423775482415188,0.34611466725527,0.498691461575249,0.315114417553442,0.232222302236649,0.294270286576169,0.348376269482152,0.290616924922279,0.353494210668037,0.290476713073289,0.387804848307482,0.295822848,0.445192616236848,0.444692638781591,0.386175366957289,0.325891277528414,0.426564821377011,0.287547487745098,0.430991498161765,0.37998462234043,0.521465637832228,0.294543031908028,0.396229497957603,0.245194113844633,0.385353393242667,0.244568983957219,0.456831120897557
"30","AFX_149092",2,129,4,6,0.461051942129918,0.484557144633752,0.482124099426642,0.473164836266988,0.391846185143151,0.459866735190618,0.405540683732084,0.511105479501488,0.398149063546987,0.46182546548031,0.411029183573556,0.567947192419075,0.449630376889569,0.536308561666338,0.428466927101525,0.363638708429384,0.414329919928542,0.476632157313112,0.310000108690926,0.356777060417663,0.439783346219332,0.526011212931628,0.439826221,0.47944704045278,0.278328602010424,0.247277162447257,0.426551525345627,0.455663768356705,0.303067753139489,0.350649871022898,0.314231688923224,0.494319979398889,0.215255222323534,0.196136343,0.346356912385207,0.452321469347233,0.2961426841653,0.417293961409265,0.404345571515215,0.510263838270567,0.275618081475101,0.224287529156557,0.280486300148826,0.329124728,0.24710288609826,0.384242246211843,0.321681856822331,0.4142787463244,0.309257234142156,0.432514149917064,0.333563072508553,0.36820053,0.319049443963217,0.372754810090033,0.360020043949751,0.443078479410211,0.430880105572396,0.562996084184637,0.282096777551539,0.409638614417948,0.228564075202731,0.357373547709682,0.205956535,0.416297243535095
"31","TMA_990",1,130,4,7,0.492435086606264,0.510181770719747,0.449604470371712,0.468438825944478,0.391204501941039,0.461683961482453,0.411551962260561,0.508049319778104,0.392799301092986,0.451082001428022,0.441548307579562,0.587338554874063,0.417899947645937,0.532092417,0.445917316,0.363246085864692,0.407246401288049,0.476918703168893,0.319257013435839,0.40210209072124,0.432759308102803,0.527101862642867,0.434563587220994,0.474508435887063,0.312414407311696,0.270912940008468,0.401338898563107,0.434438171859596,0.307781649245064,0.374756679204312,0.356755648864688,0.486341721922784,0.248369999453591,0.205706574127627,0.320732719909173,0.45893237880786,0.306554427326486,0.432421607531902,0.395395835632564,0.5197189419858,0.305571865048989,0.238040468105828,0.265251885369532,0.33974721,0.241125166,0.409510835913313,0.332870312304026,0.422038964839667,0.310097279221766,0.428316423468612,0.389359710112938,0.391823382260972,0.306709302387142,0.410143101431014,0.33877522845558,0.433326525054466,0.408204235380093,0.548112742859088,0.269701822542566,0.415534375143134,0.207982338234439,0.346588036924171,0.211103756080437,0.394550423750063
"32","NM1704PAR",1,131,4,8,0.452528458953914,0.475455426842519,0.45045524007012,0.468571737890314,0.437325422398099,0.480404715296787,0.424948884279894,0.501961764951042,0.414018427883974,0.477266462140412,0.477505331375038,0.617593952519645,0.423108015135879,0.530892047409075,0.42091915235081,0.365722008178443,0.412276730839331,0.471803306,0.332486812167587,0.435350636928829,0.453814567189406,0.539149747490237,0.414309004813144,0.462712783301457,0.463810421320427,0.378187244043187,0.396377063,0.436574476479785,0.359481432652164,0.42793789895655,0.367872015597984,0.528487841665747,0.322442587,0.322414813733599,0.328169372052618,0.446434350955572,0.262565359477124,0.419929193899782,0.405432147627764,0.508705984963839,0.445372935,0.347107574358917,0.272590683019556,0.344087701481655,0.289824777851215,0.398322097378277,0.333839409369696,0.448775941603407,0.348221332747857,0.481614339677875,0.407416935562189,0.419185855820695,0.306336106955053,0.387664120534425,0.327009040970474,0.453202868696117,0.437852959826924,0.580326613841478,0.282294146794415,0.443268334728243,0.251325145442792,0.428720483668581,0.262511074335958,0.505986493489126
"33","NUMEX_BILL_MELTON_CA_2019",1,132,5,8,0.467667215184018,0.479535015893786,0.441434049941913,0.46425809567828,0.437434197,0.477226729569728,0.41656611783077,0.489791750730742,0.434936597187895,0.464280050255396,0.492392024096985,0.627905039,0.383685408718977,0.506565863877583,0.438262967560277,0.402279252799137,0.423803572534383,0.457409753067654,0.331381031013418,0.408250453425733,0.441501564129301,0.524052832811957,0.405900137389751,0.451144947164553,0.435566168714321,0.370015047158104,0.403636978519281,0.441321732182711,0.352938185617924,0.411360940772706,0.336412463672148,0.504292756502226,0.375666806311968,0.40448651601403,0.348164362588104,0.440945115782066,0.245868930905696,0.405454987550576,0.371861160126138,0.483089174367065,0.490393098571004,0.380052403,0.289967138247704,0.386548126085877,0.285968617659298,0.395994614574919,0.353313341160956,0.465326274368766,0.360086432888784,0.483272815298959,0.41728635544274,0.434343707464224,0.282897780611793,0.427012593655348,0.305876513068599,0.459909745711226,0.423133155701305,0.570755259741894,0.28208108754934,0.423702164379591,0.25356401384083,0.414855317692688,0.26064437571456,0.488679229696597
"34","NUMEX_BILL_MELTON_CA_2019",1,133,5,7,0.464895775872156,0.486771475853769,0.451864639676215,0.476416041039478,0.445527741493394,0.4846408202888,0.419896039392836,0.486045363435654,0.432529041028176,0.454036393969352,0.44002198543465,0.600744839876915,0.391370053,0.487199515619873,0.450248670381017,0.415291834887468,0.431377201,0.452352215442502,0.329770264,0.346435481066041,0.431005200133581,0.495903616921221,0.412183324,0.43056736299623,0.311516213335669,0.221238569391519,0.435485529908166,0.44398213,0.31537362903376,0.334348174217455,0.319512379060442,0.474153331126071,0.222415355542291,0.219471343929548,0.285825763216679,0.375873517001737,0.261191677796294,0.384335590776395,0.316535379687806,0.452121388691913,0.351970979354116,0.2973674552067,0.316444628724919,0.336728100168456,0.314869354483366,0.386995471347091,0.288790236,0.411459439331786,0.296559386,0.425773176530637,0.46446291440602,0.436101628764766,0.31923073557848,0.452508421485506,0.291249332,0.445174525062943,0.406011853905717,0.538605437607582,0.285679570617799,0.408527184073884,0.245098799700876,0.381687516635614,0.24840997609615,0.452295939688748
"35","NUMEX_BILL_MELTON_CA_2019",2,134,5,6,0.48026544974341,0.489939655316517,0.455985824849974,0.470943282683918,0.410674127590256,0.487214000867385,0.415713901430057,0.479129315797509,0.420975277365848,0.446296753995716,0.438779550753861,0.591950246031549,0.391321993019561,0.4634671057463,0.41322844292554,0.306015974,0.427892152171425,0.439291498013695,0.396820696064896,0.364917210326376,0.426630652260904,0.477049452259536,0.382796295485183,0.403052769382759,0.300164432861752,0.2136399773517,0.412040000830631,0.412981382981353,0.322554861116953,0.348100481433815,0.272467166979362,0.459788470735386,0.187662993236997,0.193904580028868,0.318950806651775,0.373968329610325,0.278471799078197,0.367816576829935,0.301098296729574,0.429017400581246,0.321540560851895,0.270324741630337,0.313439115133233,0.33055002513826,0.339735722503733,0.394876796161661,0.256529013331641,0.394433925341401,0.265566886792186,0.407582791967726,0.457976860537836,0.41411691130486,0.320493127192867,0.442318992746585,0.278781053316388,0.43947875060518,0.388425351116985,0.511740016234775,0.270866830486707,0.402469603966737,0.248939756898234,0.379910347245987,0.253814920682681,0.433207963492302
"36","NUMEX_BILL_MELTON_CA_2019",2,135,5,5,0.495024683280795,0.49443073151067,0.444635262471946,0.469677172206746,0.412393857081508,0.486202672048351,0.421783503429814,0.453200503892372,0.426382709946724,0.405360747240072,0.424442306971631,0.582637002985522,0.411932519352305,0.440512072597634,0.443997271305977,0.409496810772502,0.433755028648343,0.440301525807998,0.385054796329306,0.332757861842829,0.420895276100994,0.465796984315409,0.405276555504091,0.43928226802532,0.179860910360669,0.212296731052808,0.395445767191843,0.407983751269432,0.304543011732554,0.350079865112545,0.29050074875039,0.479006737830267,0.273497812816698,0.193606187414237,0.345214792752544,0.393003524447754,0.273378324606917,0.396191106541069,0.331152668524657,0.467955166367079,0.325889333626072,0.287109564851876,0.313918784389841,0.341323894968142,0.307671335200747,0.383762936753649,0.278149119745003,0.398566875050686,0.299494604043168,0.428524281805746,0.47485763160799,0.426284810359416,0.314146695715323,0.457584411720958,0.283956645539515,0.453941961085727,0.384337727052089,0.522942806427403,0.302503758,0.400921389579404,0.252323664508538,0.393932444772781,0.257023169901597,0.45687034503724
"37","NUMEX_BILL_MELTON_CA_2019",3,136,5,4,0.478279318492725,0.490160096173776,0.451755545284582,0.463561224022418,0.399674154335924,0.485625138297037,0.414670124365624,0.45623714434745,0.439005431,0.412473911133081,0.445345813314746,0.606382879855285,0.395248509023164,0.443061343599139,0.446405049642036,0.375506764320783,0.43042002330648,0.441919575754505,0.333446847676024,0.319000027,0.420014159509958,0.466237264136424,0.40958054107719,0.426138644434152,0.296065439625217,0.230670800757012,0.417148581153173,0.420195218134659,0.355989229191844,0.333610174,0.292358275392709,0.45241731964831,0.256438030133476,0.184765200538445,0.332990836515583,0.381824343788657,0.268879775017577,0.367443754394188,0.325712761652503,0.441637052569621,0.350674059999741,0.291754882572673,0.322752246214942,0.337594440307769,0.237319037477663,0.353114097574111,0.253920863436185,0.411191209085684,0.297308478082111,0.422611044706108,0.470183754552478,0.424774307471582,0.287931877357989,0.445733567,0.281448759191176,0.444302810968137,0.380443936239451,0.521938814036526,0.281818841,0.406114262792963,0.249709536906769,0.424090988,0.246819952192301,0.451154238336426
"38","NUMEX_BILL_MELTON_CA_2019",3,137,5,3,0.466658977316417,0.484857329120907,0.447871052939505,0.465926650285007,0.404365486529084,0.501096219822221,0.4111245066874,0.463912645533368,0.431439078111755,0.444787106905129,0.418303707127361,0.58310552592241,0.415282162208798,0.466256853963397,0.449768759992603,0.390987169652392,0.425089182002593,0.440045299390691,0.282662529165399,0.361310558961205,0.428384346439306,0.487058959836976,0.413376055096613,0.451196932475771,0.189849668,0.206738206824055,0.382086644734045,0.382240311526295,0.307156024803084,0.34530529,0.305726740977817,0.465885847772505,0.246254014802402,0.193806320182032,0.316653065276744,0.36764199553239,0.250861216497851,0.377849677142306,0.330944148521945,0.44496024743885,0.310166308913431,0.242261222885827,0.316665965599643,0.322216413381166,0.240088125137696,0.398653252,0.276332018151623,0.393169693700174,0.298522609349989,0.428499584349004,0.441795800649014,0.408706168197585,0.308090621657457,0.462138024640346,0.278132597132623,0.446627803256577,0.403557783760257,0.514308692,0.298309703154993,0.413818845015177,0.270392368108631,0.418758803672299,0.277167477391639,0.459543820938435
"39","NUMEX_BILL_MELTON_CA_2019",4,138,5,2,0.479444695184127,0.491339451381576,0.453302853526206,0.470106721,0.446730301,0.504189775655439,0.41940346855176,0.459007062636368,0.450303369210932,0.434510043333573,0.429767742899106,0.586874777,0.430544481936279,0.469934254,0.446968190765847,0.425110469875353,0.438487586032155,0.451562119,0.31628849607031,0.43595282567698,0.432841433410347,0.480534768651986,0.410286793297612,0.456715674107816,0.236932241250931,0.24873417721519,0.434033140211554,0.428798185268358,0.34086990819017,0.403336109218462,0.298592134790126,0.45428797410146,0.299752878700247,0.183368334451926,0.406807048895508,0.410966691486721,0.273607998755058,0.42729711328976,0.336265073266013,0.475198579572003,0.295826939872851,0.220512990957754,0.310884263448969,0.345009351432881,0.263129519473208,0.415303616,0.280823381321599,0.389578859776243,0.310546651429258,0.416350002533313,0.468780303866387,0.443937755214656,0.305582066829409,0.472735910964118,0.281196688792248,0.445696192874037,0.403310189009021,0.510230928135363,0.312646165566106,0.462604536399397,0.2645406880701,0.408675277048979,0.280347717945529,0.445190067570368
"40","NUMEX_BILL_MELTON_CA_2019",4,139,5,1,0.488435535993973,0.495611200327789,0.439411597546094,0.473585243133912,0.356162809997919,0.504370949795245,0.427930268644182,0.46598808504496,0.425387042071731,0.429422406217389,0.41470259286556,0.568274018462768,0.428087799010259,0.477581553918452,0.451600984240996,0.401070419594217,0.420508951977767,0.456836286050452,0.338073912692649,0.387798097166289,0.432801923182546,0.491588273318377,0.450269414852555,0.491376987802995,0.210569255252362,0.248081409779102,0.409038059724369,0.40945832,0.311983879304141,0.388150989,0.318650624389505,0.50377255714415,0.312034333998281,0.209989012147456,0.39091288160834,0.398379349714569,0.262233666475819,0.412793502089928,0.347442787181349,0.478376813213415,0.278503806537449,0.206995697120843,0.287891570971018,0.344169425866168,0.258504889675168,0.411644208560617,0.258649347,0.416046979842108,0.280851717158017,0.4363017782412,0.366058382077033,0.412105359967627,0.300983104531415,0.446100742840644,0.279366943536674,0.452690593984507,0.400468746921441,0.514573963320598,0.299612489938845,0.417616190784397,0.254662035754473,0.3964717510936,0.253882620396837,0.440448991190679
"41","NM1713PAR",4,140,6,1,0.493421075810003,0.490062199853203,0.456554865734784,0.46357205018342,0.356356065173777,0.518013053090324,0.42317314411125,0.452666102412188,0.459849748723019,0.425607252705004,0.413689809398156,0.553451328902276,0.424877942062344,0.456497765288248,0.436229282980206,0.352196411587381,0.420134772255155,0.447455146284756,0.354937873907041,0.373149797424722,0.402292882965152,0.456248311290328,0.428028877254081,0.471878096399529,0.247810599714569,0.22185619105237,0.405911919460406,0.416779345759182,0.352587943549206,0.363307907210346,0.306771879483501,0.462469742118236,0.276115108800118,0.199308345038895,0.422148260453081,0.404311512617858,0.274162565424576,0.411190531989688,0.348876685521419,0.432783082394718,0.295386922072718,0.202621826581654,0.320436304054771,0.333058515059921,0.286831460674157,0.436807324178111,0.281060678,0.410130777720187,0.30264781706505,0.424252237283442,0.385617665452673,0.430349851009822,0.327082735533238,0.44389535398622,0.268797398336767,0.426800755321584,0.40216071024045,0.48986185,0.308632364391924,0.386019928464059,0.255795277386973,0.373310180784229,0.296665278851682,0.445848946251908
"42","AFX_149092",4,141,6,2,0.471911120363211,0.486755784214596,0.455000229014944,0.461625006766351,0.445335068680583,0.501393810536263,0.423021910788742,0.468309073671295,0.436253398418191,0.436635291371451,0.415774715917371,0.540679133407451,0.429528098,0.480163867779967,0.433450654400794,0.37662373252946,0.435991938770383,0.478797961245806,0.354698346448705,0.439142682202223,0.452877452684237,0.513432088163733,0.446773490618215,0.488039078882824,0.308119856530351,0.245225254162226,0.421467072884931,0.436383826817327,0.346817864106243,0.430797741235331,0.30945315086635,0.494078468160247,0.288597203648406,0.193763065280093,0.368707470836436,0.41575041,0.229209461562403,0.436609477124183,0.33359260908363,0.479644013478674,0.29068655255636,0.256432699757914,0.295656913021619,0.372698441427853,0.30582928202492,0.430267263959267,0.310951091459781,0.445647030615879,0.321801692253129,0.458776428554004,0.447147142194884,0.448526159365718,0.343386093393181,0.449035707098547,0.309598584113474,0.470740825513085,0.428621325208626,0.531435419,0.313004301317044,0.400939211105976,0.259301621100929,0.390714137842166,0.25357086739214,0.447456329505374
"43","NM1705PAR",3,142,6,3,0.475950653264339,0.484051858019918,0.449172893368771,0.473839660331311,0.447942853879812,0.494841609741822,0.422271417527585,0.45787721440164,0.430058006108426,0.428443685166374,0.404536274094911,0.54910109282816,0.428441463801675,0.476691209209385,0.431042258869383,0.40378544036597,0.420207393896404,0.4662406947658,0.356563529231297,0.427815164722124,0.45036024886554,0.509679993938323,0.448031964336988,0.488542770794096,0.222604283010673,0.203341012037726,0.401163081602604,0.45019940095661,0.265586656547919,0.376709523624875,0.327490711106206,0.509469889269028,0.259870253086572,0.184715616451859,0.330392256142963,0.420608389178456,0.222574891067538,0.385085978835979,0.349096862009344,0.484784608027076,0.317807518524879,0.281962779,0.292862336476117,0.34268136103149,0.278203813860126,0.444517882059191,0.304340452239159,0.430724654544429,0.3125,0.449707212342301,0.448690174005812,0.46279917595556,0.310784226229537,0.462227296987514,0.294748547567175,0.466368047990801,0.416255379767633,0.535216318613685,0.301337030883706,0.403502846031171,0.258965993637274,0.404597724459316,0.249664845,0.461891413001688
"44","DONA_ANA",3,143,6,4,0.468958260200926,0.480309245607877,0.455436773137796,0.473817263,0.43541223718403,0.492721545,0.42370672545411,0.482827472632018,0.431189290032101,0.445090569892025,0.434215832011292,0.569845977040211,0.434592517866599,0.494664795940059,0.441570705198129,0.401545055767808,0.419624797606029,0.464131785201951,0.3654995072678,0.431331789922177,0.443570900456714,0.510055726664723,0.430721364594876,0.471187825274633,0.337418422320529,0.235353296443919,0.418218711156862,0.448928535053136,0.293571825566087,0.374835339541222,0.318195650046439,0.506090267352821,0.251421301658493,0.198651806763761,0.328685033507074,0.426986944651278,0.243131591281931,0.43441235059761,0.33497877237055,0.502874204536501,0.314452269567029,0.297285039003639,0.287516540975364,0.353752438411262,0.282148311956361,0.362352351466903,0.331805536456625,0.41729005574537,0.320752552353987,0.455599166216902,0.45877129088033,0.460838575580326,0.279807508902713,0.464644810177529,0.320372395487474,0.486762986887602,0.401918756763118,0.552871631934214,0.320026649011696,0.389475472499469,0.244524647465824,0.414574034742102,0.215392355122029,0.436417586920174
"45","NUMEX_BILL_MELTON_FG2011",2,144,6,5,0.492277886,0.494289153001354,0.449529853138962,0.475544451800682,0.374620619999001,0.497109681149489,0.418056799430497,0.456588491176963,0.443045257318614,0.425294186301972,0.456914855658726,0.596547924290326,0.431156241863446,0.471444065958276,0.419522762973829,0.375597038852081,0.429109991510312,0.435469101613041,0.403734964763632,0.393379533129405,0.434853503445174,0.485142816250588,0.426249650662617,0.454727243234581,0.263916294365848,0.1925371137379,0.419574024576798,0.433231383228565,0.274048551523444,0.328819596394919,0.278679505573336,0.476496155685539,0.279838097389895,0.188969494161206,0.387244286,0.418184427957549,0.254600256769374,0.421971872082166,0.316748703233639,0.472359562962145,0.334832126654221,0.326202939976254,0.322918281624633,0.392490971258255,0.336676213556584,0.430931335830212,0.290470397833652,0.424902595456453,0.309954419130079,0.4309955545047,0.484448000588603,0.449915756171136,0.29392776803585,0.469136333846999,0.274831495098039,0.430210980997337,0.390284175287573,0.511993757708475,0.273417860667308,0.382591699665638,0.2660270141239,0.394779691665505,0.28116410076392,0.469291911137857
"46","SW_8888",2,145,6,6,0.482702703595763,0.48561298466134,0.449110877087408,0.470139411263227,0.421106248743059,0.487673501791992,0.412786761015264,0.476990391271114,0.412905579,0.434112223320701,0.436332429765281,0.588148018604341,0.43955077086656,0.498822903962223,0.379342536,0.288322524,0.421063466060173,0.455348011536895,0.37466577540107,0.39580688520789,0.450534496036858,0.508175727712009,0.418368990175558,0.450550243021558,0.35378038631685,0.242551696280398,0.420659220650285,0.443323107470836,0.27907387,0.331330611,0.318038847809293,0.495293198,0.215012280572053,0.198359167714006,0.34070786795731,0.420248001985604,0.263546140678494,0.450079170557112,0.347335119658762,0.493383268827137,0.308948835726387,0.295246701441023,0.2728,0.353030065359477,0.263999804166361,0.399910112359551,0.329085245420782,0.436435442184219,0.339787276763514,0.447656685413183,0.474107056148317,0.444366753336228,0.269031149560255,0.447761961673479,0.305788319218738,0.465415617608911,0.414219850724614,0.541788331300365,0.306062067213804,0.405249355635225,0.247611273770443,0.382431778141121,0.239650039321425,0.443026394919275
"47","DONA_ANA",1,146,6,7,0.460400351579796,0.486182980101377,0.459433458666966,0.476115739988924,0.37590467224473,0.484468338675157,0.417239604018652,0.510783088,0.388720855989455,0.455125775800516,0.45778895222922,0.600689386207297,0.432828308505771,0.534626092127744,0.434564219402934,0.383471163198083,0.424835659392258,0.486645247521115,0.313571731499779,0.414000342889111,0.463428689726268,0.534835207084342,0.432225774896705,0.465461677349023,0.377369733494664,0.279736946202532,0.408676932874113,0.442793333985972,0.27380777,0.365555266272626,0.335803075451569,0.496573225913255,0.248376394053936,0.252213693533055,0.320768230330107,0.461113328369322,0.279682056,0.452824193422389,0.348655522390248,0.511006301408518,0.335834030382093,0.31953176788184,0.262173027347623,0.378492665837404,0.229207803970527,0.395853418520966,0.346883054606486,0.445980057191012,0.331412203638241,0.440840301,0.457570908288268,0.444571791193025,0.296359118390774,0.441084249853444,0.346189718621752,0.480132094150049,0.439265420816393,0.569571874406072,0.295552030113383,0.411657610166598,0.237634553067079,0.380512820512821,0.219438875761721,0.426534842266716
"48","AFX_149092",1,147,6,8,0.49338314695017,0.497702388713371,0.444887919362118,0.461339785701152,0.424201624588678,0.47986984018216,0.413199290089133,0.494181617770079,0.454049438402812,0.460469874224199,0.485547158340932,0.622314549943995,0.406119131271669,0.513200449902019,0.421613764716629,0.321146808956523,0.425386799374741,0.479880052317606,0.336155493239424,0.443769836094083,0.465178693203344,0.542259658693877,0.426267825978194,0.480265321,0.404366772273566,0.376492390949927,0.391797515819077,0.443790289326684,0.330554001429181,0.407576135266236,0.342508341504037,0.516751512734296,0.391354929068402,0.412843877,0.318644427897741,0.457168528,0.268586990351696,0.454873755057579,0.3887087517934,0.510875179340029,0.46739081889814,0.356075166213485,0.274785118149824,0.37097094017094,0.239542778514915,0.414362573099415,0.364947234063559,0.469713445529264,0.371645956832345,0.483111225110199,0.399402751719825,0.420557333627635,0.305135312491797,0.411685609540559,0.346303104575163,0.484007920297749,0.44852244403921,0.59518497,0.293123397,0.428683212599471,0.250481047119703,0.408607374573761,0.226726509870785,0.465466125068953
"49","NUMEX_BILL_MELTON_CA_2019",1,148,7,8,0.480197367116715,0.497707792250705,0.449413388543823,0.463038742066875,0.400311165645902,0.467838518252113,0.410193322769965,0.488473461996477,0.43033585983413,0.462636451639479,0.509920344438476,0.631121715197015,0.45599978109266,0.536335334771867,0.414173459646031,0.302361240511727,0.424662729527432,0.460401907028646,0.324712512499457,0.433738569337565,0.45244672078077,0.529955972656703,0.422769221861973,0.473385826771654,0.406594386774318,0.408438100730488,0.410663921627958,0.439825211440166,0.340200734,0.436898497290654,0.323256428877344,0.523861981639759,0.434891500024327,0.436162198543603,0.331753983618764,0.416904641,0.227773692810458,0.434965764083411,0.390637854992478,0.505451387171073,0.490523988003218,0.389460737972633,0.275716641528406,0.409175062845651,0.263937920736334,0.40132853540917,0.338028171467592,0.464520011984893,0.365168071248023,0.492443596253699,0.388368992,0.394210751727092,0.36367640496627,0.391180232914228,0.30296749828336,0.443132104982071,0.421517758469059,0.574476130088465,0.290672762628092,0.429089228386194,0.256530751063623,0.420432547076146,0.250087399300806,0.489412623829444
"50","NM170506PAR",1,149,7,7,0.462146670860858,0.485208010904897,0.460516336498498,0.477321879413619,0.390880642852358,0.483457446996061,0.426139744838876,0.495618498361366,0.423778972,0.468703486296479,0.488141694257051,0.620529735381245,0.454894170001122,0.527871838500181,0.443971398735798,0.418725158831231,0.434955779613022,0.483660506024594,0.290968300803985,0.394292520505671,0.452936046213357,0.524850966027437,0.422411727573517,0.447891956543407,0.396051432291667,0.296125919,0.40681987858939,0.452831908899522,0.301504305425874,0.345924823049006,0.299316683630409,0.488279128802005,0.260875553754811,0.25205671521461,0.282177306894493,0.430440351627408,0.262748222795094,0.410674751972502,0.359284295331641,0.488172938969209,0.331291889461824,0.312512886369096,0.269806645714778,0.354048061149069,0.251874785,0.397040247678019,0.32057429937149,0.43884795211617,0.345210880624527,0.458656433702847,0.462017205742696,0.451545723702586,0.315458435,0.421891312526796,0.32992352033406,0.46314054557008,0.443854794806241,0.581455612,0.30851570844165,0.422669427483224,0.255000974748874,0.396170947011283,0.249885829864768,0.46741922
"51","SW_9720",2,150,7,6,0.491202213195594,0.49604082042024,0.45028668507114,0.47015997734834,0.368114898511767,0.484754986408381,0.413238328625745,0.48373339631988,0.394116083712011,0.455586880393547,0.43763206875445,0.590598062117181,0.44450381295826,0.516933090602691,0.376944128131827,0.316569030030676,0.399671271688769,0.458324126114874,0.305982299391885,0.411356300844318,0.433373576137196,0.506782680440145,0.421162712069778,0.455000068401725,0.350757593233372,0.220366974240677,0.377301417314114,0.435883074799338,0.280855084776653,0.352692001058014,0.286369477,0.48601661,0.239279348102878,0.210603596277221,0.307659270290395,0.415419012161827,0.259937363834423,0.401568432928727,0.339382062515689,0.485476526840995,0.340065753548046,0.315386780609459,0.287807340372046,0.344865761689291,0.279448532471665,0.401790898631612,0.298411130621403,0.431939218473459,0.310341047271622,0.433947788417693,0.451191925963168,0.415216468353723,0.269861487503764,0.448656676762846,0.278758028647401,0.438920490134854,0.401345699511192,0.53223230646054,0.265967463222282,0.394048109793928,0.22174510829973,0.364776850911305,0.229399227721779,0.436799391538372
"52","AMERISTAND_803T",2,151,7,5,0.461795931719503,0.480399756801946,0.451938456542037,0.470101083911826,0.385084323245572,0.485784578172215,0.409295461,0.489007219125043,0.409617709592696,0.454090236378038,0.448858131487889,0.587264776414163,0.45149342836058,0.526349262106037,0.386014254061906,0.328692613429769,0.41974745683516,0.468483896573272,0.306432419263149,0.432573924185413,0.452397711221241,0.531454120109582,0.437107636303467,0.480362470130768,0.3958161,0.241794385723039,0.426770116654257,0.453982824522214,0.291337836435876,0.358963071,0.304026218274584,0.507344841070331,0.284927456444484,0.215603385,0.32518620004964,0.440462844378258,0.26523572377158,0.43080384344973,0.365129676636133,0.517046683589008,0.336217361,0.319890909560924,0.283085255759266,0.347195231141798,0.214965215049815,0.401466598124893,0.329692225148766,0.439614776258762,0.340272609,0.45176350023124,0.467050828656518,0.455639121454362,0.284777804026564,0.46001189944965,0.318491096284193,0.47012924382716,0.416594107522527,0.55798408139413,0.31722368851271,0.414234815466499,0.259816385075901,0.39626804567981,0.250430709281598,0.476199311860051
"53","SW_8421S",3,152,7,4,0.474391013567544,0.492086480699459,0.446119723460985,0.468903181007662,0.37660692234666,0.500831923595794,0.412375216106185,0.482132816318764,0.424313486078192,0.463192969495491,0.460125167076812,0.600980351,0.423358664039779,0.489357663320512,0.417936827725088,0.375042005430844,0.420744922843038,0.46608851928147,0.311945132820312,0.416574279379157,0.433920818935847,0.509761836608123,0.4226652,0.470581673614328,0.351200692041522,0.221563821607074,0.407342187467553,0.434497107128695,0.282940431633242,0.360950226244344,0.307030519710258,0.499337094761931,0.251517615843992,0.20976490302866,0.284994192107223,0.422830479027054,0.262335434173669,0.407940787426082,0.360089674595191,0.489827961836075,0.346037095117873,0.292917042029517,0.301396480643539,0.338841025641026,0.275364421923576,0.386694475043451,0.31088289095068,0.428631998028455,0.324989726008118,0.450326046774342,0.448037167383573,0.427434035342532,0.279998600064747,0.458813204889274,0.308366182616583,0.459006637674525,0.400457641721163,0.546442126681677,0.286968216889644,0.40628033927523,0.248882467013955,0.406203362189521,0.235406616184411,0.457432258495896
"54","NM1713PAR",3,153,7,3,0.487818063286696,0.48921568627451,0.456562842528316,0.468066042842258,0.397365581729905,0.500293183,0.419443979699961,0.463459929730634,0.453267973856209,0.435626236,0.424523661347738,0.586950287520848,0.438215349712676,0.481843891402715,0.371924083417966,0.289583143022441,0.439772639843573,0.455852234663604,0.332306651146423,0.427294334208603,0.445071288856175,0.488928077313651,0.427533844196504,0.459951180711495,0.275673062193627,0.199149433210784,0.383454417623623,0.401765289301963,0.299247520162553,0.34892913455005,0.312262402458481,0.482463976581624,0.263755493926272,0.197057201706158,0.335948111134037,0.394477388332182,0.249346016184251,0.367097338935574,0.34537183115051,0.438504866020955,0.362839777218862,0.298105949086341,0.360471838137645,0.34439116335062,0.255982898422527,0.435444690156765,0.279221539362013,0.389002641,0.302447931033836,0.422962512596196,0.46197866,0.461184663799043,0.323827072997874,0.444931096936767,0.292869840543221,0.449080071717403,0.408258630795065,0.520423368320371,0.311044369613068,0.388855012522458,0.274460895469299,0.400971499710995,0.289451119173655,0.484322977590092
"55","NUMEX_BILL_MELTON_FG2011",4,154,7,2,0.484159604165622,0.493402871805159,0.457361283863726,0.462119649303765,0.407314277885651,0.507424844797954,0.419834365066087,0.454200579345006,0.445452126929203,0.429415025814247,0.447013020540559,0.594440516491158,0.416097061335869,0.462482423286681,0.41275390170508,0.356851950653462,0.441644852,0.448889001480581,0.351989576,0.433888998921679,0.438974696967777,0.479418989315183,0.434664040040416,0.466691291,0.390702037677816,0.237619569,0.422329347291895,0.42395006719214,0.332188584476166,0.398748328160093,0.287445021693388,0.481252443997542,0.304319210201563,0.21698095506145,0.399179548275006,0.410951998014396,0.248853605187095,0.418861807671276,0.325186513629842,0.47113361291984,0.345289445091847,0.277183293644762,0.318188637506285,0.349415384615385,0.259277471787716,0.404079019,0.272200098945051,0.42161757737921,0.31208297893784,0.442767647482685,0.459588663575592,0.433831443308567,0.329179350617036,0.435129645414101,0.274643510953764,0.438481148632292,0.39265408913177,0.515535100493107,0.281054134968916,0.402290815667953,0.262975275580318,0.403580407,0.274897280310249,0.470617153937449
"56","TMA_990",4,155,7,1,0.497574628098627,0.495869598260605,0.420257898586631,0.458530945470848,0.362474928085541,0.480428203316274,0.396546685691031,0.462457607866019,0.416687606415115,0.429044804196188,0.439660285612341,0.564515695402156,0.422775418016661,0.484351625462002,0.420388431247168,0.38266872291988,0.398353909465021,0.451201553782872,0.319451016485748,0.394107540853433,0.414315020412058,0.495904128074588,0.442160026085391,0.506267015120767,0.330561427696078,0.240638212316176,0.395289331628561,0.426320926272572,0.302160797585634,0.387645722286245,0.292481425618681,0.519259817887269,0.31140532459318,0.232785430887898,0.300586150409531,0.393597220153884,0.238141923436041,0.405037154,0.3867653930089,0.496030607364897,0.299400076444553,0.215204156811043,0.258738600149427,0.349604297741162,0.302630143692933,0.400022325034883,0.285853819139596,0.44116758643756,0.298199764401885,0.44390731874145,0.371414155747915,0.430776736218351,0.300430480090296,0.44586922854818,0.281554950846169,0.464982522768439,0.383834142407756,0.521536655245484,0.284177546,0.412625772330593,0.211009628587483,0.358729313746615,0.200544940909015,0.398928840078231
"57","NUMEX_BILL_MELTON_CA_2019",4,156,8,1,0.490804874379419,0.495029838022165,0.440123251679096,0.472667357875408,0.373708706643959,0.503525603731872,0.402394965012942,0.473921765460409,0.395391710605811,0.438790884000659,0.451566170745215,0.580296553533284,0.45832710070678,0.517863486780599,0.442313499803868,0.42620809354161,0.412531455303913,0.463480321787055,0.366048577598075,0.438644153152762,0.428074828,0.518146810463129,0.449116347426043,0.519347916581164,0.350618174484984,0.239849955013651,0.415436491808888,0.427182607371457,0.308233853857957,0.417429727329297,0.318681460718763,0.528429618386577,0.311309581731783,0.256745771,0.340293273765202,0.402998659717051,0.245493308434485,0.390018674136321,0.390744583,0.494070558805136,0.32868704951595,0.207903373810047,0.272004424333836,0.3319197586727,0.262606319720871,0.381593002113126,0.274583320110997,0.420224709196752,0.298230621562435,0.439446123937181,0.356871574145606,0.418387227311187,0.298717659,0.449878643112756,0.291081343802953,0.457978735475672,0.405193293175496,0.521907515175615,0.299569535182941,0.388562743848867,0.250273613718992,0.392599774952716,0.259332229689989,0.453573458368855
"58","NUMEX_BILL_MELTON_CA_2019",4,157,8,2,0.489622778669945,0.495891571997859,0.439284221787607,0.476426792370827,0.365392014104513,0.49455520103928,0.397268614656838,0.471177421947531,0.399990731586752,0.429473382,0.458967082389452,0.587247184951001,0.437176594272639,0.515459390931614,0.437743530773047,0.427147199429694,0.42335808474026,0.452050763840803,0.317960712126544,0.435452388042193,0.443081506106716,0.513965415225919,0.446107844114422,0.508577576350983,0.351563322772643,0.227339436146759,0.41736949,0.432665762860694,0.29338391641835,0.41874296435272,0.317687157414561,0.518892506345878,0.313276197486724,0.252641682363045,0.35877805907173,0.415279623,0.241663541910788,0.403526091711585,0.356624907696001,0.508398701972145,0.349099560720795,0.229870432022512,0.297074948070964,0.357831419420358,0.255441091,0.395437859538322,0.252431323185631,0.401471734171101,0.293428542094649,0.433305358459856,0.437840010300556,0.396808483243204,0.296204600537225,0.455970811,0.266760700389105,0.445304798962387,0.372874247987083,0.503409658092787,0.270877043958378,0.406006520680049,0.241644337976518,0.395143034589401,0.25210545951996,0.45723716
"59","NUMEX_BILL_MELTON_CA_2019",3,158,8,3,0.468624807523279,0.489594361505978,0.446220712111559,0.461063545401172,0.411490528042632,0.48560917626333,0.395925125072118,0.475044578137999,0.414417360081287,0.430811981655407,0.421008248701902,0.596538793049605,0.447128306811056,0.508776462576859,0.370159073038186,0.295816026236931,0.419736428309579,0.456899218,0.34583931133429,0.419989891743837,0.454051571966986,0.513135448826733,0.453007849950603,0.497447622384769,0.341706223628692,0.207865824336064,0.401454852320675,0.438746289401837,0.280312942579801,0.399803718455081,0.341924732369496,0.5223869697973,0.305784601230522,0.221903570812489,0.349559493670886,0.426534226855299,0.243515017117958,0.391412426081544,0.371519429190235,0.503193947,0.36874664027078,0.256416943786401,0.29705641025641,0.363379788838612,0.283791143423662,0.434123815818462,0.305118483995022,0.422241777079892,0.307032664726337,0.454674525566758,0.479759960269286,0.462803590479344,0.312094514409196,0.448155056060364,0.280241921431108,0.457793639625231,0.388805630099158,0.520692507859152,0.299822367681411,0.417482584454466,0.255556147044036,0.407058992526121,0.252418634973171,0.470039449709978
"60","NUMEX_BILL_MELTON_CA_2019",3,159,8,4,0.469525934841115,0.490270297377263,0.448537177453271,0.469988299418302,0.363131366554894,0.488526361812483,0.390726707279867,0.476365938712778,0.409308748009008,0.438551964903608,0.481702388953889,0.618103607079734,0.424323156425985,0.497523915539013,0.427995673,0.384248348101459,0.418845597383369,0.456580327604293,0.322920151954017,0.419955244,0.448353915775556,0.508805468659483,0.435801267581686,0.478156593046867,0.316107047435504,0.205854807547243,0.402117912069765,0.427155315199861,0.270065125588798,0.358935426510749,0.311581503145348,0.498994224331384,0.291822767154835,0.227943203749655,0.30678464665313,0.412988364478016,0.258667522564581,0.389869086523498,0.354021263289556,0.497656071809587,0.369221650426815,0.248360042764634,0.298535371,0.331248159699062,0.234842916942058,0.39620826907542,0.291508615674286,0.404566642,0.295748404012768,0.4440674874601,0.450230966136571,0.420976965685816,0.289396190426193,0.435237070285499,0.289827674897119,0.460802469135802,0.394373487520811,0.539712804248786,0.285807152761296,0.398528807998035,0.265284273588772,0.404212242966568,0.268271740782595,0.464721908
"61","NUMEX_BILL_MELTON_CA_2019",2,160,8,5,0.48040834644018,0.483327167872497,0.451385420323287,0.467350684519332,0.377753806291355,0.493964181959642,0.398328068051715,0.475325020421419,0.430644806942385,0.443734895919152,0.482652742558055,0.619248914260969,0.422726026201962,0.502133895516248,0.385442336247553,0.321097193787536,0.418851977579241,0.447244412168159,0.33118034723128,0.418391772821471,0.439983100329121,0.496045730509398,0.416285864490319,0.455421813896494,0.365469874658724,0.229258772338049,0.418564807535804,0.439288465398767,0.290399745923419,0.332639239,0.288902614440635,0.495786686461005,0.280176170578647,0.212483697932614,0.281362323157111,0.400816877637131,0.260431021013983,0.38208304038747,0.331224312919262,0.493778481395362,0.37918179617526,0.268009697897725,0.321697938662645,0.327583107088989,0.281324487689813,0.397607941422183,0.271233485302051,0.400607345977413,0.313032052423217,0.443778698970581,0.482196225582165,0.470364198212118,0.29464748509994,0.451927789299155,0.268130579079881,0.436174944686046,0.396891797734897,0.530746538132929,0.280039640404898,0.398985338879659,0.254567125995697,0.404446564950767,0.269397054644535,0.481781254701369
"62","NUMEX_BILL_MELTON_CA_2019",2,161,8,6,0.471028701335607,0.485945234,0.457759067950816,0.462515916538626,0.362565274266513,0.478853782117055,0.394299061434847,0.48404947724447,0.403227786841232,0.445451342930335,0.447563665330711,0.614864952328794,0.44181676928607,0.533676712159336,0.427185709398403,0.376336072,0.406592463,0.458829180901356,0.291045180152134,0.417598512944064,0.433192084619736,0.526738773,0.435409423412543,0.494167482601533,0.367567099314285,0.263571654524307,0.396520445890798,0.441757418081459,0.264776146856491,0.372097818489497,0.312680167751904,0.526549865724902,0.307267795455651,0.268782335101121,0.304731298088856,0.419216679076694,0.260608076563959,0.407713001867414,0.359951808115366,0.514719861678255,0.379790202171838,0.300578319660099,0.284384032497461,0.334090886328993,0.261276933245208,0.387334459376759,0.291949889108674,0.414354520804905,0.310446257170683,0.457384982895445,0.484361549497848,0.443872824927344,0.298760882309193,0.45208056627381,0.279189928286129,0.451878328491891,0.401614774,0.547350303469517,0.283254254727706,0.415185747595695,0.257402943077684,0.412440016730674,0.268338264547081,0.495134981528843
"63","NUMEX_BILL_MELTON_CA_2019",1,162,8,7,0.479203757674286,0.485575480613546,0.460429632035443,0.461767412422603,0.387089117993738,0.480132591616754,0.400648201266003,0.479171753722744,0.425483247870374,0.44985773544003,0.500993924858115,0.629722642082953,0.431568057410754,0.513457417224767,0.410960654,0.367230345138878,0.430175699335146,0.459574515996465,0.321681485,0.353741866295668,0.427131339153666,0.485468080176109,0.401217448,0.405309155680142,0.397662261106974,0.274037059444031,0.440472312784108,0.454155776991315,0.303551348027675,0.335577922665441,0.277586910936983,0.464142662693595,0.252160842253721,0.219678979431301,0.299753785058327,0.430529262844378,0.238474751011516,0.411310496420791,0.342775368254021,0.481499071921078,0.337449349185694,0.264158130637394,0.274974761186526,0.328068979386626,0.288454921544148,0.366270593131135,0.281523459950425,0.418347843,0.323819539443684,0.444778651770786,0.489207041165434,0.476317367472317,0.311430292080699,0.45408842127637,0.267734609816449,0.435645828682628,0.400132364664651,0.537793739399103,0.29296591,0.408942242431056,0.244271222817936,0.391205580271324,0.25202141861126,0.465706430870292
"64","NUMEX_BILL_MELTON_CA_2019",1,163,8,8,0.468861641843438,0.486796382662187,0.457727797001153,0.4570436119887,0.406290834981718,0.472705043175335,0.398996151915677,0.473791199598461,0.429845663755698,0.457381261328061,0.49907329499722,0.620392655,0.424025231618372,0.509527332320667,0.432289802739402,0.380717252645097,0.428442063283497,0.453013044579892,0.345067179195654,0.408665168782653,0.41694541064289,0.493137254901961,0.38540873939529,0.428302288721728,0.3853972425406,0.375619503696241,0.426898017263287,0.443257103133754,0.351222281925295,0.395566215939243,0.290521097744914,0.491707684950153,0.371923696164683,0.359245135004148,0.330092771184016,0.436249839267719,0.23315424576205,0.415257011171002,0.386218582792845,0.491243573726733,0.452007223456291,0.366729816514608,0.276252656543259,0.399259072308053,0.281227681084918,0.375317519766958,0.309630797112947,0.449417864610329,0.36813332240712,0.477918217294123,0.452171961205751,0.455828207369295,0.338678986,0.453004698532693,0.29180844841179,0.445098698556139,0.414933495863044,0.561919864222968,0.295769053002386,0.411674598911554,0.25340972,0.420164518296006,0.265364157598248,0.495026160506828
"65","NUMEX_BILL_MELTON_FG2011",1,164,9,8,0.467185940773343,0.476698916843448,0.453660617,0.459097014894299,0.419991679689375,0.490979929917384,0.40706302263251,0.485670068596286,0.44098001000542,0.453585449062687,0.472825338345241,0.59455494427987,0.428655975696015,0.50872972252177,0.324090761727181,0.269393351567356,0.431858200358493,0.459061457123561,0.363805016,0.400901772386708,0.426032760011999,0.498451736652429,0.385424569508856,0.435612087952893,0.46924814701259,0.432067121214333,0.425954459649612,0.438765958751245,0.363886188853509,0.409565759827198,0.329145316663251,0.503031746647242,0.392562860921495,0.346579716930761,0.360379051873914,0.443209133780094,0.249932231856886,0.445288844621514,0.404536475002759,0.494897914137512,0.459817151092421,0.378772337722533,0.291575978639489,0.409087431070089,0.238445722148509,0.375442331318492,0.295177299775632,0.43079142104603,0.36899121852709,0.473476334858294,0.469281352315786,0.473106169296987,0.300429707565049,0.468658270896434,0.286439232,0.444693324860809,0.402941975775726,0.544060718770704,0.303428312076583,0.393907203144583,0.271317244846657,0.412392820376014,0.286076746168639,0.491648162466874
"66","SW_9720",1,165,9,7,0.461043411396954,0.48816759440349,0.445741771559434,0.45794744496264,0.382782402657161,0.493231574233722,0.397646861990572,0.477311064964718,0.429347807499068,0.447087894987055,0.479384741,0.612398952360728,0.428695208734865,0.516910628477053,0.331872721111368,0.28386522516592,0.412419426570513,0.458898027581211,0.329677233065338,0.375354033007589,0.429881039577703,0.502969380109279,0.409764551489887,0.452361625752663,0.315360705199801,0.255096643087615,0.411800699905763,0.439508582695774,0.288928143830105,0.333655036923011,0.302175992348159,0.475599271603576,0.320089846381821,0.285258191307251,0.336723157110946,0.434505435591958,0.266860021786492,0.432438920012449,0.356293621083608,0.516602809706258,0.35042496893286,0.276551279707664,0.250839617898441,0.361541679235797,0.23744437100683,0.377184597684267,0.279772356703876,0.422173446493025,0.322149412928153,0.491472492911415,0.467502395781226,0.454015659155915,0.292857530339222,0.477647058823529,0.2753286411841,0.450888456549935,0.3895140041949,0.534897554527429,0.296504066056238,0.394091081325289,0.225661474242789,0.370821028260475,0.23023374226696,0.422776973891161
"67","NM1712PAR",2,166,9,6,0.475008775888872,0.484422547,0.465079218351176,0.455497399639406,0.369884437211361,0.496820417282312,0.399230547162817,0.468682892263481,0.439657823913879,0.431167099192618,0.435387883464854,0.59379353264793,0.41982174688057,0.498462175938956,0.411374591,0.350807186855742,0.412596435813879,0.44924204508803,0.310035252090489,0.401389975798154,0.438688516769238,0.49518357221234,0.40846481122101,0.444465616407033,0.213170980976158,0.203972766073419,0.401804447635123,0.437704135060651,0.283228700222164,0.359769293102626,0.306465254019056,0.49614501710628,0.29083434,0.250006982265047,0.333306726234798,0.429588880615537,0.24966192,0.404173669467787,0.334459304701228,0.485250416398687,0.351001894423869,0.241031144921572,0.298985656168689,0.344370732254491,0.264101833492448,0.398087488678368,0.299984322087044,0.389440925623981,0.315422809950854,0.460708877291945,0.450632012654968,0.431189162344112,0.301538178859228,0.455682774671671,0.290073252724253,0.444945543188213,0.41037637134443,0.548966569939914,0.254483904413326,0.38959522649578,0.262070632174438,0.406298676333278,0.279564920002379,0.496399446195735
"68","NUMEX_BILL_MELTON_FG2012",2,167,9,5,0.470981284323638,0.479889900011235,0.452392390886448,0.471053273824449,0.413887331591511,0.503906230717426,0.40352364403925,0.471132049408566,0.4364077,0.435420442686879,0.468747288254864,0.590904692308013,0.416500507643931,0.490244608883076,0.426885068,0.389684227104496,0.423597606405775,0.452366702553626,0.3462176623986,0.421175568248468,0.436512040713721,0.495285293604621,0.42199095771344,0.441342424286667,0.272129211653016,0.193240219347233,0.43090739548631,0.44924753702984,0.283350951324808,0.351250036217356,0.315772173785086,0.491660596696465,0.305619571611474,0.247537366446631,0.329560685033507,0.428749796904172,0.258487032263104,0.404625224591829,0.345888055034397,0.511598057609535,0.36441081376519,0.236591089962682,0.318997269793994,0.370567982129561,0.24786095811608,0.391783407994908,0.28421547723567,0.400769959725184,0.323596193533377,0.465230058012541,0.478235478056138,0.440144207776919,0.350611684209605,0.442826819259609,0.26626478909465,0.446487873698862,0.383996086,0.529261704230449,0.266558960444101,0.390179482711409,0.256547819731211,0.407677520480289,0.27256967161654,0.488399188458666
"69","NM1702PAR",3,168,9,4,0.485757548722219,0.489635995955511,0.432979984093871,0.475815272382047,0.419484015221173,0.523422708985955,0.400073648331677,0.461755848399256,0.457267294172571,0.429707324106113,0.471718735738053,0.598283172769743,0.401559814937211,0.459791978293387,0.459994769808901,0.42520575965839,0.413146205941464,0.441763073,0.347439966378273,0.41827257510543,0.424644592057519,0.475004840923059,0.424910931182001,0.454666658849327,0.192055635855732,0.186327361920196,0.392231224024231,0.41972393375122,0.291328789825522,0.38379047725453,0.30096940556051,0.477226724572492,0.276696279684895,0.23862979209279,0.337694911888806,0.42047019111442,0.261875,0.412492219109866,0.326305403013462,0.497208433882851,0.331421526405567,0.220906963608489,0.266649240143498,0.383635693525546,0.266262322472849,0.415531377,0.296069024624775,0.405937748233622,0.298193466304121,0.471622765289483,0.428276128462642,0.446407313394401,0.354839435322458,0.441515135,0.291425574120699,0.455052834363317,0.383827570343293,0.53372446,0.266857207100296,0.386691983227778,0.248113091390402,0.39487162386322,0.252559717834278,0.458554235
"70","AFX_779",3,169,9,3,0.459612540631226,0.4815630911188,0.454455589838399,0.46717899391653,0.402646737617508,0.504958707181453,0.399135575260722,0.484681803121115,0.45242437661339,0.450195838139177,0.419676464342373,0.595730661769911,0.422837044,0.501166579619983,0.382793478385894,0.318797109566267,0.418451151156223,0.458282713985202,0.341777428873068,0.416012380101603,0.445371222395444,0.517767722473605,0.430290257835418,0.480984252,0.203644475986597,0.187143599528419,0.395075345181696,0.435856573705179,0.283610781649997,0.380817418725915,0.335068609057131,0.501491005407792,0.29898428579643,0.236536960825386,0.35710598163316,0.443509357160586,0.258174751972502,0.401877197093977,0.377964720597432,0.505207482617813,0.353941603009035,0.219601565082196,0.29851221719457,0.389649472096531,0.309023328682284,0.402479645541113,0.294365706481598,0.406534379921123,0.348604034975185,0.472419694687694,0.461464477389872,0.445097489514449,0.347295237595261,0.461317339073068,0.317297378056161,0.467004811183733,0.419841410575375,0.546501593238008,0.310580407146932,0.397322273993479,0.288247884372452,0.412710580461446,0.279591354573511,0.487184189483006
"71","SW_8421S",4,170,9,2,0.494763218160239,0.509163532420641,0.427638032194975,0.47159169550173,0.3260130954018,0.498405386250886,0.401759522614467,0.473216283334482,0.408263648596694,0.447408277036305,0.453806477309502,0.574065370540938,0.41769428026394,0.493707352159365,0.431398699975103,0.445095531589817,0.407556229966647,0.465088959155743,0.295565591351101,0.434918590496065,0.447916538878325,0.527917152262365,0.44047193281778,0.495240803388035,0.216487524272553,0.203051796047285,0.382114271531397,0.428004964010921,0.281745424229084,0.421657885710173,0.336139682890042,0.533646213,0.290933942350946,0.272854546157714,0.336545048399106,0.446380739637627,0.240381847183318,0.436984516028634,0.376352219235512,0.544160981839703,0.306849213498975,0.228362231638732,0.267504341607927,0.371311736462897,0.341194487,0.416135712712051,0.28820197223871,0.41666562535795,0.32093612251102,0.464917540659675,0.383641246367215,0.404803001876173,0.29224435869841,0.469271596188676,0.319444232513585,0.453164316117954,0.391630618871425,0.55641309155241,0.253961583784076,0.404731698583022,0.224163656412791,0.387396901445344,0.206636912224395,0.442204001805326
"72","SW_8888",4,171,9,1,0.483710356404105,0.508546792495225,0.441253003,0.462846530839985,0.336600484466399,0.496922016423905,0.412137750086233,0.486552233054883,0.415551024331301,0.450364558,0.453894628142189,0.569903605528004,0.431981875802101,0.524371068455669,0.462758369897302,0.427909655807632,0.403202725597707,0.465335009027245,0.352873500988062,0.455481082446784,0.441829043052744,0.533224628050734,0.446937351262173,0.521152429202011,0.225894491499131,0.202982866406056,0.384782834410682,0.402125427305422,0.290294776569286,0.419468955416668,0.348166868999007,0.560041386,0.30835448548921,0.308558819422197,0.320717568711181,0.429823937098605,0.257584228135699,0.438032601929661,0.437802770860704,0.543694285,0.303759631736676,0.214640055099166,0.257344453,0.354378356912385,0.335359232332134,0.399703703703704,0.27248822414538,0.413924773889655,0.325042644103292,0.463112335,0.336415038811022,0.414161056542692,0.300405965080204,0.453044999620797,0.324146837002563,0.469695111555695,0.398558499253679,0.538950514549938,0.279140402816467,0.397641895577513,0.223013464812773,0.37321233168984,0.217862193470739,0.442270029921602
"73","NM1703PAR",4,172,10,1,0.441219670756003,0.508270525322428,0.429141693627971,0.469971310673346,0.353484549990364,0.47256507990892,0.419766621723141,0.50203262834329,0.391647906504912,0.452157766012145,0.436408856108391,0.581613532703249,0.399384202490614,0.532102816769043,0.478799635319552,0.416647591,0.401419593581523,0.47116939607693,0.332231035073947,0.441829764579555,0.473873310007764,0.548010657254355,0.458739883873414,0.535715667708327,0.210331929448995,0.21262468199305,0.39894207,0.437804120129064,0.293523775876717,0.417224881277169,0.345697862634735,0.561812162013023,0.293628067062602,0.267394465117425,0.299533581533879,0.434445867460908,0.2338637606437,0.419525037106476,0.414149126616351,0.528678096787729,0.286988361593814,0.211240303636286,0.236226445449975,0.343518954248366,0.313872952926489,0.410457712173509,0.276211783040855,0.399757590502484,0.307655413608975,0.47145328996757,0.327353676930434,0.408171835338263,0.276381848132207,0.447448854880706,0.329747653925383,0.49047932402533,0.406426507754833,0.574323702258834,0.270090565000687,0.413186264100034,0.251098520856306,0.40961168781238,0.256706450696221,0.463783661802317
"74","SW_9813",4,173,10,2,0.451121652,0.498707184255569,0.429536800227337,0.474068502081139,0.346029715125948,0.456948935380486,0.416239190516583,0.504722095556569,0.39891052097664,0.453504502,0.455532802772132,0.606574206096398,0.407995887493574,0.528092361328525,0.434925675760393,0.417029466395127,0.400613940152609,0.467579193852686,0.322985775980754,0.455734352129618,0.464970912366664,0.54905715656808,0.451308795546017,0.520276816608996,0.205514140131108,0.205563390906127,0.394066128140701,0.437695630978197,0.303731448894848,0.431474033,0.363262149137328,0.539195085163521,0.304772626754051,0.282141181831584,0.337931596,0.44196972,0.25299298340996,0.436325725789613,0.340619688776073,0.523189677371887,0.330085250676019,0.233362607173217,0.267104933709105,0.376319157758108,0.332826908,0.413417345964603,0.277735172472154,0.407412794,0.329499586225532,0.469570781705351,0.373729411398238,0.389825030096143,0.291630621534974,0.447136228,0.328845542846768,0.500524804829339,0.394625472256119,0.550401162367293,0.274096377419801,0.40327555811735,0.250609816576203,0.403395888269838,0.240324120885294,0.45199002755804
"75","TMA_990",3,174,10,3,0.455646920042031,0.482278098296953,0.412163608276184,0.456825353203503,0.340195196942291,0.452470637598683,0.384244341872603,0.49362736896666,0.382220265557203,0.444390550337782,0.424463118580766,0.608820842485675,0.392499813021203,0.52238525734515,0.437092801859942,0.402159961454208,0.382562737028968,0.455571318392416,0.311836231347885,0.414450884476782,0.445075808101018,0.535743699189077,0.429898199,0.485028230369193,0.193023625589476,0.208664525936957,0.385661919213194,0.432680991101368,0.27024914737333,0.379725009790369,0.33310381502634,0.504293820362687,0.265061061645502,0.21861772004087,0.322572793033639,0.445563639517115,0.280913405202719,0.428761034294196,0.354903243420534,0.511412897090431,0.352067660564393,0.241305170716935,0.273417596782303,0.387687883358472,0.336079414221829,0.413477812177503,0.286165557753402,0.411661395361957,0.332189848606013,0.469672128831357,0.444712504138616,0.424216973843947,0.317738054614974,0.441113648493757,0.322117571,0.500213817044327,0.386145008839381,0.570856372146008,0.266250442415233,0.389943995436357,0.246606847867352,0.385901198086072,0.212939839192284,0.428527823746719
"76","NM1704PAR",3,175,10,4,0.459158684786788,0.486920582384702,0.44153265128519,0.47639788640026,0.389443872571243,0.499521404354651,0.404348860173147,0.47337719427741,0.424602316416763,0.436295106277805,0.480719965483185,0.638173103176289,0.390131969853332,0.494879913687963,0.448113817555889,0.437200988004593,0.406356515001539,0.445353471318571,0.334497594307494,0.417213744329957,0.455242559310829,0.512049418,0.453902709294622,0.490679385,0.147523201884377,0.196802203631515,0.391195308119718,0.43735447883324,0.291518222237176,0.409599515481868,0.346065187801199,0.513969944450576,0.289545084896129,0.213622604467007,0.342356515264334,0.430175428145942,0.223743927950927,0.42227166534687,0.330023948650575,0.512209597417137,0.354352726153801,0.224036939411802,0.283436790795591,0.356050108,0.27820636,0.400493696604734,0.305629189276862,0.404260766,0.316443641290376,0.486397047095228,0.439327520877019,0.435953169260199,0.368305782278234,0.432741689571396,0.29799004772683,0.482326190792405,0.392682567250263,0.564290209023276,0.281737299236241,0.413179036602651,0.27247474555433,0.423450828295119,0.278387094642373,0.49274404065637
"77","MESQUITE",2,176,10,5,0.467188873844508,0.478742456914565,0.443049162,0.464065994684319,0.403502156122294,0.486586028045457,0.389572774065289,0.466662401952583,0.412535700554732,0.429627512769814,0.485721842693912,0.632698714977598,0.386269579726288,0.481639004,0.427848259976321,0.386252120287231,0.390956109589918,0.447412795160818,0.320855598567084,0.415833897295688,0.435777327962815,0.500421531142871,0.413039518608201,0.453354518324822,0.204774564097791,0.192317805286672,0.390537724999728,0.435522145718442,0.302225474774494,0.387108677304756,0.306146304675716,0.477419526910201,0.277488455816629,0.20822438655256,0.324948920327625,0.431492082402581,0.258346560846561,0.412104925303455,0.331922238981063,0.50279053311733,0.345801550679599,0.23746373961582,0.29151513323278,0.361975263951735,0.295161048689139,0.402789258524883,0.293905913381357,0.407556829601109,0.327863657090743,0.472197142422861,0.446796711179781,0.429183680977081,0.346811378571302,0.445496749738739,0.296309156378601,0.469682166848221,0.395422866323838,0.5481854640093,0.302625177486582,0.39672050599811,0.252203759,0.404948730623471,0.266099276502045,0.468708231099927
"78","TMA_990",2,177,10,6,0.488531692,0.505680293688085,0.441462197960518,0.44746888519689,0.367679497621742,0.471840302386015,0.386701740794676,0.470422671027234,0.40716414016587,0.438375006865491,0.476408060215663,0.621154695,0.381605346258354,0.48791441,0.379546549596362,0.333215116685205,0.370950029930625,0.443004021399928,0.303030484181847,0.403455284552846,0.438269811695417,0.514438149,0.41463234685783,0.465046257768434,0.201109991775315,0.222200224840495,0.379042578754231,0.439284905550298,0.26887808874737,0.377093645,0.321037780966045,0.493016223374903,0.26217748096306,0.225293460492701,0.328233109952842,0.467431918590221,0.262416603,0.42465313726479,0.337343220626256,0.514174779340762,0.32608261603043,0.270448621596212,0.253667882517191,0.363090824234485,0.338435778805904,0.410758512643509,0.284024773369157,0.402521235071982,0.332524981938781,0.468580072659318,0.428574936188848,0.411278769988511,0.300791753015569,0.462701525054466,0.306215571831846,0.463454451819638,0.381012240026004,0.571898918096091,0.27730367718688,0.394815567622958,0.223607220666044,0.374566920785408,0.219782692275546,0.41281981846447
"79","AMERISTAND_803T",1,178,10,7,0.469052551927411,0.496021101396406,0.453656453203617,0.451855473647259,0.396799538890911,0.476050165242653,0.400925606983633,0.476186328638867,0.445104561432416,0.443251050420168,0.489259853,0.626049244637903,0.404880458222704,0.499780767360981,0.355823155059046,0.300314886162741,0.394674789741039,0.4453509433749,0.31286079,0.38901979053909,0.441917472585141,0.515338860605069,0.407907630310173,0.463294070743019,0.216970324522214,0.199431271717548,0.396792378759966,0.428353797517797,0.277737494730959,0.369338900057854,0.324590033772243,0.490812251070501,0.275998923676942,0.197450640175098,0.326743160280736,0.445909724776495,0.251401921879863,0.422936118892001,0.347007320751941,0.507747121362616,0.328421044760914,0.247610261989347,0.257640020110608,0.347274007038713,0.317675561452651,0.394889183743673,0.293496020958284,0.386994333788182,0.33430181,0.451989589021559,0.441679174484053,0.413608689254313,0.292047317811551,0.453869333543324,0.304332713,0.478447069414185,0.400442775,0.560154541400008,0.282246844798654,0.384838544464292,0.23858876884087,0.386310421604539,0.230095429,0.436919843771685
"80","NUMEX_BILL_MELTON_FG2012",1,179,10,8,0.458781070825602,0.477974357688514,0.453002719031975,0.455134806524011,0.44981658538813,0.498660287333458,0.408518930409708,0.466666174584272,0.438057445200302,0.43548239808744,0.478710304819882,0.609482180357101,0.396911842887075,0.491045439,0.343366344436742,0.306174133122693,0.41989945561917,0.448017354132772,0.33197360984305,0.365852752778865,0.437095933263816,0.501378921,0.407755387613034,0.450331748367642,0.423133653560705,0.326347704631617,0.423164131757903,0.426045038016215,0.332217558361349,0.384614119254642,0.314576389655299,0.503663319,0.334188236915941,0.21898465755202,0.310114867212708,0.423966046165302,0.249882794186592,0.405253184255418,0.358856877953499,0.479137005704066,0.406305169070843,0.339281861354865,0.300671622209002,0.386222029929553,0.237563829526817,0.378951408778243,0.292638737763211,0.402813440510347,0.360418186654507,0.474469714242286,0.470250156347717,0.463461170584556,0.353493975903614,0.458966848,0.269496367505065,0.450784285468042,0.393665836039165,0.54161263992118,0.275189522258964,0.396140285235635,0.264330963154493,0.418113405241433,0.28188021329589,0.481701018003109
"81","NUMEX_BILL_MELTON_CA_2019",1,180,11,8,0.456397661862183,0.487356014195365,0.454651793187014,0.455531876798288,0.393288935523245,0.481417874758203,0.41564002111639,0.466618288559068,0.418272676717746,0.438786764705882,0.497781886167081,0.610700910646697,0.402190296185496,0.501437753891227,0.41882510563374,0.361833934267961,0.41924435962537,0.448181362697247,0.315623652,0.371670862546583,0.445976371083713,0.510034110967988,0.417261715309107,0.469912156473411,0.366435917721519,0.279002039898238,0.415334640588799,0.425709423413321,0.297266276,0.348773471155107,0.3192688444984,0.499113416473531,0.334904342968859,0.201401381667036,0.308687716863981,0.427470716821119,0.225682189542484,0.387426665110489,0.348867157366638,0.462271438806342,0.36770826986035,0.303471949096052,0.298886274509804,0.330069381598793,0.256568309221317,0.38382335805733,0.283757505879532,0.401311655753832,0.355742833069681,0.472357613731683,0.464105139241438,0.454619615200677,0.333686733040257,0.447317727606759,0.270135805294881,0.444657244220645,0.407970016218211,0.554231731950937,0.275222831540771,0.402564467706811,0.263497809380162,0.418152443481163,0.277499058268403,0.480714989062696
"82","NUMEX_BILL_MELTON_CA_2019",1,181,11,7,0.461574310883774,0.481317887768918,0.450866723500995,0.464744997743343,0.360303902175868,0.488790984834862,0.410927673729689,0.48139813730411,0.409012845334212,0.456378384687208,0.459265141520002,0.594812344,0.382363725721293,0.491077946,0.422922028955914,0.336803887536562,0.41593935097053,0.452471682418816,0.287968095590047,0.372335260785763,0.458259045710742,0.511693314795505,0.41306805189932,0.459850923325575,0.251615006886349,0.241491733948481,0.409423281211219,0.39042442293373,0.294593671351204,0.348682624005436,0.308651362984218,0.484845675606077,0.312459470354207,0.212611330877585,0.308077637130802,0.429361330354927,0.232541433239963,0.401108582321818,0.307242863503686,0.473077648964454,0.34840456886101,0.305760939278339,0.295033841506773,0.346298866875384,0.273551002423441,0.396727619886906,0.276529164987086,0.36914647437333,0.308642350614281,0.448036494720388,0.458460250892102,0.424712872,0.293936270081655,0.448178436686328,0.277224591138276,0.449401743,0.387329237338563,0.54515931927622,0.278226008602634,0.403975366319813,0.262470816,0.403909738857836,0.259273022,0.454030724
"83","NUMEX_BILL_MELTON_CA_2019",2,182,11,6,0.459711859075181,0.484735242,0.448580149,0.461881003834959,0.358339415607998,0.492583679758543,0.394513773386216,0.482371804334918,0.417001531004559,0.446732369418356,0.464457463597034,0.604094787203478,0.383006845158722,0.490692207496048,0.459366967760887,0.406954363000339,0.400521299533307,0.448748824824216,0.300526785955984,0.397497270422205,0.450578179989945,0.511090248,0.405357613991475,0.446130709834018,0.255258555162571,0.228320845743361,0.407129783175563,0.402757893716769,0.29216480263826,0.348207522956447,0.311283523,0.488780119927896,0.287268890186347,0.231113462754829,0.303162074956565,0.4298344998759,0.232302163893446,0.388739746894774,0.300088658352647,0.466925284184969,0.360263789101666,0.284074605451937,0.287236400201106,0.337960985419809,0.259407505324227,0.390511664341142,0.282700600470363,0.382788044187285,0.31607232776379,0.458476195925841,0.477612134471581,0.397853233434295,0.306060844685933,0.449872693387931,0.274586207939966,0.452202478213508,0.380189934747993,0.5381610504803,0.264452133794694,0.3827421000254,0.254287150757739,0.404084650451432,0.265762604333948,0.457115195252351
"84","NUMEX_BILL_MELTON_CA_2019",2,183,11,5,0.466012080599007,0.48204563928706,0.455380643656911,0.469206983706628,0.3803916235095,0.487369128447462,0.392772457820337,0.45821810403934,0.424169790465206,0.419928289943428,0.476783417556612,0.612301743380382,0.378161032372262,0.466828871,0.464013777612991,0.431599489160787,0.414255609411915,0.436657227729833,0.298504050548527,0.403081568917293,0.41092179594036,0.466851379452597,0.403280742178263,0.424322676344534,0.278583407550163,0.220066673,0.418360907,0.417903862336704,0.302641908545782,0.331026560718096,0.28431335619284,0.441714536836488,0.234349345185258,0.207387864973004,0.313912534127575,0.409982625961777,0.230345082477435,0.37254765795207,0.302756934939194,0.449052040216143,0.369632707135874,0.253747520637119,0.306702601359269,0.335677501156761,0.240568480023588,0.375335200746965,0.283568338322562,0.351762096674671,0.293758667214613,0.437562464932379,0.469619063,0.413562152816098,0.310567586,0.442197898347201,0.269538605325399,0.435194361791409,0.373936275408751,0.529423630813044,0.288518856257729,0.384129680753168,0.251419884192993,0.386736745980443,0.265699480133059,0.453054176487304
"85","NUMEX_BILL_MELTON_CA_2019",3,184,11,4,0.452246443,0.485039684899912,0.453351052270866,0.483113351052271,0.399856669875287,0.496419920242868,0.39682404261196,0.471720054196556,0.417452250508046,0.433801216565057,0.486680907232292,0.613657285381768,0.38319639150752,0.503203194149728,0.469297882668186,0.456109024408155,0.412490733911857,0.445277662393199,0.319028180070924,0.413164956732808,0.451974122982526,0.510193479101042,0.435977593817373,0.479325089181863,0.225148920327625,0.200774851079672,0.406709523286848,0.425753921519185,0.285470180161715,0.363995908185291,0.322107383291027,0.487419526910201,0.272226276780356,0.211328435427107,0.345597031960057,0.425247079158032,0.226782282634169,0.406461213967659,0.316446308354486,0.482498252584336,0.379086875356603,0.259555661420798,0.29418079436903,0.359055404725993,0.256497025776603,0.397432033487552,0.297254514105588,0.389587498369245,0.306484048199671,0.456357596,0.472195121951219,0.425818710223301,0.372917902547007,0.425022617703931,0.278540115892036,0.464133986928105,0.383148633308294,0.545463988582663,0.272653074772016,0.397186029722934,0.270309390724616,0.421668926997647,0.276574394463668,0.492275880514184
"86","NUMEX_BILL_MELTON_CA_2019",3,185,11,3,0.449476622703642,0.478976313458035,0.440980017405136,0.470663019083191,0.375618857,0.4897065961441,0.385192420618908,0.491690860717719,0.396820673698253,0.443579508344798,0.467677014098064,0.612322819944736,0.405173346151535,0.523621850720331,0.461547348454317,0.452578824532462,0.406038104781582,0.451791427643887,0.302085054273003,0.433818457168529,0.464147873261227,0.531368630177132,0.430421178737617,0.469970079131025,0.276878707799824,0.201158075,0.413482728307421,0.446944710609041,0.276527460028177,0.392585063029826,0.344199315748814,0.513515984254865,0.298313577630466,0.240895331739734,0.327122958550509,0.430314221891288,0.238329248366013,0.409074657640834,0.336472310632505,0.488478994999551,0.379909097312587,0.298900789281491,0.316153786,0.3848723757559,0.261574796210619,0.39888570659225,0.279434330826378,0.399832869670076,0.326580027359781,0.475813953488372,0.483258286429018,0.422234484788287,0.385302265440955,0.42979736790832,0.279925626396978,0.461121048313643,0.385534175623325,0.551057125450053,0.262800894,0.399961525489363,0.268986484488215,0.42046398046398,0.257886258649061,0.481332401514701
"87","NUMEX_BILL_MELTON_CA_2019",4,186,11,2,0.445447068853117,0.489586781003962,0.432620898316701,0.477331962623071,0.345958019963965,0.488855686133472,0.395504499273358,0.491386589770591,0.37979089071526,0.43412407698122,0.470450659771235,0.608905266927327,0.387955612759592,0.517154640290967,0.455425517242615,0.442192596413737,0.395106389766166,0.441872475,0.307327720779982,0.423019589796342,0.462931669017972,0.535671348831503,0.439415028445346,0.511092610073034,0.266488660337553,0.235607859,0.400973420786944,0.437800448738676,0.286096323829466,0.406029702586374,0.353397527866681,0.542186844719126,0.325878249717259,0.302750912658033,0.325541226110697,0.434413105,0.219969849050731,0.41396455804544,0.304198606740364,0.499283708,0.358031017284963,0.279969311389684,0.296521669180493,0.362057516339869,0.277369758390248,0.403659347384397,0.280416133365772,0.398366600731283,0.311298388625237,0.461425335757808,0.43891445,0.412449083922888,0.320868484832576,0.434894261140422,0.297173595863863,0.467072632002313,0.397947149993641,0.563777881665135,0.255584841709034,0.395462006420746,0.253276212445763,0.417033516272271,0.246388424032715,0.471271217363951
"88","NUMEX_BILL_MELTON_CA_2019",4,187,11,1,0.467180323426978,0.488934488524092,0.440624419655312,0.470710487635275,0.343355139341534,0.493266308180459,0.400998763232916,0.478104793866685,0.41261688498929,0.435565304553194,0.452425713408512,0.603350675860696,0.374657828802214,0.485757825062638,0.485438216576482,0.440071324044371,0.400037299831303,0.445859389055137,0.308018491949625,0.402939727258235,0.455019582493631,0.525628097392803,0.439508641092239,0.50409784964519,0.262784810126582,0.215010974357477,0.38894073742261,0.408722024288055,0.304216973843947,0.409385461501674,0.339393872248966,0.548129416565571,0.302007817188083,0.278045986798359,0.323267510548523,0.427863191859022,0.242042223263808,0.428132958362628,0.371556487510576,0.505074495088842,0.336194475876292,0.235791960577896,0.270785735890025,0.358074389220393,0.287760184775665,0.401928939997051,0.281011491091671,0.402147131105634,0.31509107846434,0.455686575922582,0.303411691,0.43253504028253,0.324561689021883,0.446787936057957,0.308389501633987,0.464240271725974,0.405774659029209,0.546623013775472,0.256317023305394,0.383195299780562,0.246627368896276,0.396035679228957,0.255896065874951,0.445608391654606
"89","NM170506PAR",4,188,12,1,0.456723333834813,0.50310917205757,0.436468355458125,0.46997675881947,0.384903495435306,0.479945323597222,0.40302843908184,0.476641504853573,0.419557038501675,0.430852488054045,0.451754084621576,0.589420229,0.37890419780704,0.48575346222405,0.463616318912693,0.460537670809623,0.412502790422986,0.456545037191511,0.305526109201159,0.418186297068298,0.460499242432016,0.529363711296484,0.452192275295447,0.52260774737484,0.332148212226067,0.230712995001922,0.412077181470198,0.436470449796743,0.313755959507593,0.432001375792225,0.328204383,0.552770050090312,0.308171919794311,0.303929577696181,0.318874107,0.430221057972271,0.238443480978049,0.417858761034294,0.38009275292212,0.523170823,0.311127852591267,0.234547583041127,0.267482508377751,0.34479197338349,0.325545225331081,0.416730263641037,0.28416652730744,0.413900211826024,0.329729152361334,0.465145723659113,0.324556966251805,0.442220905201398,0.298529718000542,0.453009773297985,0.317045740331008,0.476883241166957,0.40938508567663,0.567413395288363,0.262374649017248,0.393197929,0.251324469455957,0.400817099086995,0.23621834411514,0.456234725774368
"90","NUMEX_BILL_MELTON_FG2012",4,189,12,2,0.447979242253018,0.495899668,0.450238145799836,0.470412617513913,0.363912681120283,0.493140196912733,0.406319063425987,0.494450573427671,0.41027317789861,0.443708463777668,0.481458700277733,0.612910946497945,0.39872924289333,0.511789880226413,0.475286473056801,0.450508090967085,0.423309384256633,0.459100093052914,0.32316384794864,0.43360868368042,0.464414354549606,0.540801114,0.444537485582468,0.515672433679354,0.33834654564951,0.219484911151961,0.417557370419044,0.452925651575876,0.284759082144703,0.424955674628877,0.341392100999944,0.547908682941363,0.318992108418162,0.319577921483137,0.332148721767188,0.423173988582775,0.233126556178027,0.438116246498599,0.319778067287096,0.498699406872365,0.364835081319349,0.323413929761733,0.316111010558069,0.377401910507793,0.248901226408166,0.40627509730484,0.287565324637318,0.392164876,0.309452823142847,0.452386850041002,0.474251903990466,0.433983763,0.336466738413348,0.437689231873026,0.280512512397955,0.446555466544594,0.388469219788034,0.541602050521497,0.254126307987625,0.401829454652959,0.267364454077257,0.418355746521836,0.267058724,0.484918911953052
"91","AMERISTAND_803T",3,190,12,3,0.427151939306225,0.479838022165388,0.441126245925566,0.475537049958371,0.374490235,0.483630395153926,0.380592762452145,0.497459214570888,0.410341059500723,0.454505220891776,0.466342386298574,0.600185540149196,0.412466163490618,0.527467157209391,0.453589218641691,0.451230975627668,0.417257011850232,0.480961167673103,0.326056504516211,0.445244398725896,0.456286885728959,0.549199943,0.444032340335716,0.508421424983828,0.337372549019608,0.216210495963091,0.393681862275396,0.44414488978808,0.284998789639313,0.412402100441316,0.361356535016666,0.525450161,0.308857413933315,0.281473175780576,0.341570811615786,0.452177910151402,0.272645697,0.429008325552443,0.347781701798918,0.50826435639922,0.353029623187442,0.321855571496891,0.277567858280303,0.411913131786579,0.334328755722014,0.421536412817312,0.289886700949036,0.422012660785707,0.354038195,0.463176511871856,0.449613801836024,0.445160233134089,0.33168316,0.444567813738615,0.325097585330428,0.483159343984507,0.411908537484313,0.574009090157244,0.292786443114416,0.412823522694449,0.284946533666257,0.4305013709858,0.263253096635073,0.491890243
"92","NM1701PAR",3,191,12,4,0.449025731362064,0.490188361,0.443923293955263,0.471629183074196,0.395826284645638,0.469470438339151,0.38734298470936,0.472852798472576,0.401330581842943,0.425157724322897,0.472238142230772,0.592544938977927,0.392702001754772,0.496256459611244,0.463283227645103,0.447845756234898,0.409294256510145,0.451199007691889,0.304072130161455,0.408842785149975,0.444177936634684,0.513652990608008,0.431293203018275,0.472306486633326,0.283217677696078,0.217504021139706,0.399812514647293,0.440096155462538,0.279138709204069,0.370292234344522,0.331897537126295,0.510523969347499,0.304583035560265,0.266337473405785,0.356765450483991,0.425443335815339,0.218189594562925,0.390747988438403,0.317418016641289,0.479243647744118,0.376113297266461,0.314089724319242,0.295553745600804,0.384740875,0.256622340164136,0.399198388127181,0.286905110302828,0.39483151469543,0.317653162432288,0.458002213,0.452332085730779,0.45667560471482,0.34620346203462,0.427995927018094,0.286377743680457,0.46649222402128,0.384308531122324,0.549853035212441,0.272076082928393,0.391076578433455,0.279722316276938,0.425265490811709,0.280814068167762,0.503233873259449
"93","NM170506PAR",2,192,12,5,0.453408388078164,0.484814536215168,0.452459323079412,0.462061671840818,0.38969327705907,0.472578990236627,0.396018725375377,0.472967453670443,0.442501338770802,0.435426278354479,0.466014620829288,0.59494494369902,0.406068001177056,0.491252347564311,0.459610565702485,0.41777655978807,0.411333919084745,0.45688535955127,0.314457648683035,0.400011730416971,0.435367382962918,0.497184226488649,0.40751598157453,0.432175389840976,0.329248366013072,0.21762706651288,0.410305959087453,0.441271894304144,0.292051341724544,0.374085196307419,0.30749920861032,0.480943150289556,0.276742936352367,0.230585629871174,0.328960019776301,0.44302083,0.229398537192655,0.404259259259259,0.330956296214546,0.480568921752566,0.354105017089235,0.298074668232487,0.279292282854505,0.376457768723998,0.281592714988617,0.393628357,0.273938779491896,0.392574417826832,0.317476294757543,0.459240306,0.437090645349479,0.420552202717329,0.293011698208958,0.445109413689617,0.308399903,0.47170422567175,0.400460044512415,0.560411837531462,0.27608278,0.389812314817624,0.237807943690297,0.384984642424089,0.231411705228097,0.448328674240171
"94","NM1702PAR",2,193,12,6,0.465662483395785,0.483963963070904,0.454518365709701,0.462762626109409,0.389770818110543,0.485674487403085,0.394340742048257,0.479082352287418,0.436657947492723,0.436821174548251,0.455174946597879,0.592529615796202,0.387357319323264,0.475129155330394,0.444488153097077,0.386170016041252,0.399370424059522,0.447715903385902,0.311152413663174,0.421045461791516,0.447250335657377,0.493484328037784,0.391068819684737,0.431817954632834,0.322194010416667,0.262972962622549,0.417053760238273,0.435262347977166,0.316348467982455,0.372347510909602,0.297369421,0.477175204364747,0.31909136088453,0.293141772838168,0.325129213,0.429681409779102,0.219195650482415,0.423234127,0.324500733851152,0.456597605867878,0.354925131330657,0.336961284797527,0.289926194067371,0.386350930115636,0.262200289,0.406915864972706,0.280969562546208,0.396478293919798,0.312600323888767,0.449649370706269,0.469451985922574,0.422914362,0.311109886167765,0.44889763848422,0.275575109709542,0.463377876490463,0.375560857393108,0.528701211004179,0.273257966597129,0.38477075604079,0.240642525486816,0.388138121010093,0.252024305033181,0.439112883004864
"95","NM1713PAR",1,194,12,7,0.474499230093116,0.475145720573366,0.471918260057646,0.454620833840783,0.387788908046585,0.467681613195539,0.413012954889167,0.478149737392029,0.463481078705992,0.430366067995826,0.462999676383461,0.598628197787791,0.418778819770228,0.488992369164213,0.467719690415675,0.399245025497182,0.435843002144872,0.456143847145519,0.33114570080218,0.376796693827094,0.453909950103722,0.491311287712672,0.40257698614181,0.429784260958445,0.173290657439446,0.212813341022684,0.427831093100915,0.441059687781512,0.294996555127274,0.336803902947694,0.318203824739772,0.465229130588608,0.278423637699656,0.200893782198855,0.359188682055101,0.42390032266071,0.237755839387548,0.406970158581361,0.342486813560863,0.4449797855853,0.336335905489421,0.306943713543427,0.320396042777107,0.367860283351261,0.276536486254926,0.388521407064699,0.269833605083825,0.36805520715749,0.32243952199701,0.453061082241418,0.45221644973279,0.427616520492338,0.297826250535913,0.44521965859079,0.298141451132982,0.438581483176928,0.410519843367385,0.530526999,0.291788941810178,0.384481590470123,0.27183695197536,0.391479354939563,0.278539153504954,0.470423744973677
"96","NM1705PAR",1,195,12,8,0.43271567791652,0.485829363288367,0.471276043510063,0.465128241428942,0.401052851,0.493673023965925,0.431641061979418,0.506236324210126,0.437248894655902,0.466795051353875,0.474916201,0.591835409,0.446932201621039,0.539848873119127,0.45480392599258,0.435027087862355,0.430012066076311,0.490910472716218,0.326074470192117,0.442730500355773,0.474729876493319,0.549839618114313,0.455635813579892,0.517579438832246,0.284451018688726,0.268009918811275,0.402164190099864,0.455613534939418,0.312846366441138,0.405516254,0.363435143827301,0.543058464627092,0.333458398021965,0.241167023994348,0.325251923554232,0.463497244973939,0.255142195767196,0.455734516028634,0.396571570466836,0.523046941102895,0.338407277926962,0.308617580442073,0.283863247863248,0.369558371,0.328866479925303,0.413480171015775,0.315330908482796,0.442417812896303,0.375758445784286,0.497161563448233,0.442351451501778,0.452007150438523,0.290189524771065,0.461378925553961,0.305268094892278,0.485413451646091,0.435397646772238,0.602287133909013,0.279133074338251,0.423267751781112,0.260064367627393,0.432376369351159,0.264144894104274,0.502089831670093
"97","SW_9812",1,196,13,8,0.468126185425299,0.491307982579618,0.47884476534296,0.448774353657369,0.412139162444334,0.493308616379478,0.413329149280784,0.455086974357969,0.433699435656616,0.426010771955841,0.462079443711467,0.599242903255251,0.386246208212152,0.473766926228227,0.442376011334469,0.389505048388223,0.437017828864487,0.455872025188551,0.325574975001087,0.349023412025564,0.440731256,0.488266985626367,0.390262557244293,0.437083886917885,0.172069100583271,0.207419451166543,0.404781272032743,0.427792528075833,0.312432395502697,0.336865847195833,0.300567634183129,0.499923297649266,0.304695989231094,0.199012715094309,0.310659915611814,0.383769074211963,0.241628734827264,0.382737706193589,0.342706289131857,0.461677761469974,0.345499538442717,0.30618486759423,0.336392357968829,0.325902061337355,0.262092188685711,0.369081980857262,0.285015743395002,0.403079570256443,0.357581830703379,0.490435148123753,0.459922015717791,0.453374341045642,0.292540445004419,0.451317251577115,0.286780506505335,0.449642496187599,0.41316185,0.561489987522608,0.288869623874183,0.40415341502921,0.286093852,0.428095026849352,0.310710763,0.520626013406215
"98","NM1712PAR",1,197,13,7,0.445096702,0.482408605385888,0.4585065727289,0.467422832373553,0.368556607207863,0.48134970770252,0.409057104521581,0.50649532357698,0.41489382517713,0.455679306,0.470259119999667,0.607121948375868,0.424976471834761,0.541732732508134,0.427886769945029,0.365165673467706,0.410505930767369,0.473073321586267,0.293349214513233,0.416244822825587,0.458627211568388,0.540362811791383,0.40468180494564,0.471572633837747,0.187302254731627,0.239331707863091,0.407391036499324,0.454181289238677,0.299546318197681,0.367389935539146,0.341454551497593,0.509810568921042,0.314055191454572,0.258462486945459,0.343064389601095,0.463146804143853,0.257931216311226,0.436979923,0.413509546407681,0.515963285877203,0.361937474,0.344068812042668,0.315712915056716,0.329998257347683,0.331484594,0.398827854,0.274224377756857,0.378624066062318,0.322033073929961,0.452087243457694,0.449497663981165,0.424544384357871,0.286409279,0.448728536895574,0.31493679647785,0.465458197,0.400035922495888,0.568217439044568,0.298878492998389,0.404320471021282,0.249244826135582,0.388804752670299,0.229494341641175,0.447532387
"99","AFX_779",2,198,13,6,0.442312488507765,0.482276549153336,0.471436905538004,0.471186667335306,0.365852476163126,0.497453799453225,0.380395929494435,0.497219570444875,0.432365795361376,0.457598907741693,0.427445835718968,0.591507306265714,0.418269114071807,0.512933291589847,0.409285738594332,0.340769876965128,0.409103976550904,0.462898410392964,0.314099024680086,0.433836210019854,0.432428796336053,0.513815068320158,0.380848298653659,0.424575762728095,0.376833193720526,0.253613257011665,0.437195076729567,0.454322101022566,0.315216528272482,0.35518022634235,0.323571533679138,0.492005665305522,0.292749328470391,0.253185761107962,0.344276396128071,0.446951998014396,0.254537037037037,0.408558006535948,0.395544854704801,0.483382165126587,0.369875905190289,0.331324697550568,0.313811362493715,0.330931724484666,0.303151452840812,0.392848351325549,0.274003476592939,0.365345314532934,0.333597360850743,0.448141392646637,0.468348416289593,0.416819887429643,0.290788076051483,0.468825891802504,0.312555820233651,0.462227798358619,0.417181507986835,0.550047514249834,0.307209973392627,0.383115352745473,0.268831122192467,0.396209765957665,0.270001387814984,0.470340906837963
"100","SW_8421S",2,199,13,5,0.441201583430811,0.482207881467383,0.465053568677418,0.474033452837495,0.370496334682399,0.488893231118439,0.408069331128804,0.501086025844167,0.410432908103,0.455430198301858,0.459664805399756,0.604063474614734,0.412595115833715,0.512594961768789,0.466198994442026,0.415096445082098,0.418898769576524,0.46510365302868,0.290958014130641,0.435963653754185,0.445865012671735,0.520236983682362,0.404757828577459,0.440295065499538,0.40053338784012,0.268401539816721,0.421558500868702,0.446575925,0.31467332524004,0.365646359857264,0.314382150608836,0.484741014604716,0.282207988090341,0.228972059931812,0.316339935,0.440239861007694,0.249387353,0.400688618076713,0.392798808078579,0.489509619983078,0.382421261187402,0.305532997642036,0.311431598893516,0.331510158461178,0.303535286773886,0.399640841105481,0.282336545479548,0.372758285115881,0.31095720221124,0.445459075209082,0.441186587205239,0.414539969834087,0.28462900968879,0.459269355438652,0.312340384,0.48593674352457,0.401743516443757,0.548338966535733,0.28741891829996,0.398548128531515,0.242777122915531,0.383903401481256,0.222317626087868,0.439659599454755
"101","SW_1011",3,200,13,4,0.436787505699954,0.481930153254426,0.44280109656821,0.471020677665781,0.412843824816386,0.479709003,0.401071673147045,0.488065316982841,0.416441961399945,0.433800699767086,0.448282094,0.593009716794039,0.39780529755762,0.502030209212872,0.472398204,0.431691733969554,0.413315468784892,0.464210103603122,0.321695071228787,0.439611140095358,0.446660805441398,0.523547642901443,0.411474846577996,0.458226874765791,0.341312205261852,0.223152263278729,0.401545963082394,0.446214150595434,0.283934826402545,0.363013392568629,0.332243865651326,0.50035702461097,0.272639994414188,0.228949497687638,0.34777364110201,0.440452320675105,0.242472183317772,0.427732065048242,0.392876772297302,0.505224028024719,0.37385695060781,0.296205220602138,0.301908295625943,0.336520462543992,0.295915595701452,0.397102249638932,0.306085395595063,0.399168860001563,0.323529224111886,0.463207849892756,0.466394198086673,0.44130693301524,0.283818498394449,0.452035243369994,0.289289120317388,0.467489127946899,0.372749664692578,0.530293991794407,0.275471167018517,0.385827056241906,0.243909569861127,0.376380343992801,0.228020149751845,0.437149989756604
"102","SW_9813",3,201,13,3,0.42331227120004,0.481764204402989,0.450201907902681,0.471911358724845,0.37715074521087,0.495800233418309,0.398751586965721,0.51901619607187,0.413078417641566,0.473829090459713,0.455253061513414,0.596493323173398,0.442423307530259,0.548059627538237,0.458888906800502,0.44863737401419,0.432902407251991,0.497848195338086,0.332442543515335,0.466689225160842,0.47347829642806,0.565172565376516,0.438189269528204,0.511670702368459,0.372935239124193,0.231873622121969,0.402525910258198,0.453325343451214,0.284710904796988,0.404840380450137,0.373034460982811,0.535886839904057,0.311763894970726,0.253727760748634,0.341678653058499,0.454272587994071,0.263882664176782,0.445396047,0.42356624174761,0.527961286374189,0.376493019630275,0.294059325431874,0.293513126979262,0.343955500271413,0.328738709518895,0.40812619784756,0.307815811093364,0.411375440303796,0.350213642735303,0.466810033420967,0.448215612699113,0.418886436375676,0.297426569021183,0.450785976148603,0.313941000332496,0.478151247048274,0.406754314017471,0.561476396885183,0.272539109506619,0.390407521683551,0.273719573299405,0.41094318069108,0.253238400179755,0.471707408949424
"103","SW_9812",4,202,13,2,0.429795029883611,0.482405787983643,0.440149734134469,0.473661199455361,0.368250370236044,0.500366769248274,0.414988993757115,0.517141034094749,0.402421287142308,0.461268502499039,0.489985644702231,0.6196332345888,0.426489025,0.547578220722549,0.445276797116947,0.421861482329298,0.424084113499932,0.491027005117292,0.324631537759228,0.451362984218077,0.464676392427257,0.561952925966767,0.445626686835404,0.52938264511426,0.308359898548027,0.253856222077439,0.410907573478733,0.463370642522983,0.302179223700027,0.40947266183995,0.36916823014384,0.535603318,0.302058107011667,0.259360041403385,0.335626904939191,0.46070469099032,0.273235684712132,0.453610264823061,0.422310267446566,0.542776551521171,0.345129752542227,0.26533808470273,0.299749019607843,0.349639416792358,0.350556706078187,0.415311840591418,0.290955041,0.407946624073114,0.338805600061036,0.463188182,0.423317515,0.400557885443108,0.288811892449974,0.454248016029259,0.329908579944323,0.492226080246914,0.412209297162112,0.579225526608868,0.271051587795508,0.397245276443205,0.249621216007771,0.399805734259516,0.227001989201478,0.45000936094813
"104","DONA_ANA",4,203,13,1,0.437759637053338,0.490401111573716,0.443778981328252,0.473839994650887,0.40857618357539,0.473852565662122,0.40085277878928,0.500461245230902,0.381444636678201,0.439680136760587,0.479320783314388,0.62505689980388,0.400745674242039,0.536574551247387,0.485771551700976,0.446576105549555,0.410780091537045,0.488171116853287,0.33160174332043,0.466631655883706,0.466326579293518,0.570892031,0.449801928146919,0.564275928651138,0.336493558952496,0.254077545637267,0.412738522208016,0.461292086555738,0.327976492660854,0.462232829341868,0.361229444873634,0.570947467166979,0.305222323533519,0.274512268250409,0.323416629436585,0.462434152395135,0.275338857765328,0.453625894802365,0.428027616990166,0.571277377412043,0.309363903768495,0.237585238446071,0.258386063588782,0.361396445389883,0.390825977332256,0.441911923820714,0.276937424853056,0.413523276600696,0.327017690031319,0.466765935008322,0.33498473310525,0.405853106721112,0.297106824663018,0.440485679366598,0.347253185320821,0.486704623483635,0.410372615292577,0.588712280381231,0.282688385611199,0.403096448602801,0.246825439074574,0.39309023156774,0.239068148324379,0.449952913420171
"105","NUMEX_BILL_MELTON_CA_2019",4,204,14,1,0.475285759657657,0.490025909767146,0.465482005248817,0.472702639453053,0.378869648920528,0.485521894425816,0.406192856931965,0.457803278580966,0.382422454,0.421261396715549,0.449547508109211,0.599386906174659,0.364908910162921,0.442449952008776,0.394249746286313,0.428341787506935,0.405712527139289,0.431694936563964,0.318617914805279,0.389564673606068,0.40585069751387,0.486390860337265,0.418723560290258,0.48520611394164,0.332564398308343,0.190369624146506,0.407138881,0.432740717447905,0.296885494271115,0.398764964778037,0.332185187852333,0.540734237003964,0.321541461911481,0.286463857668791,0.320837726482998,0.418052320675105,0.233876026,0.396250201909174,0.379445096177122,0.520159768,0.362732525300291,0.216784606463889,0.29495525389643,0.317400100553042,0.254866381640375,0.381030615755074,0.266832562911876,0.380281265536245,0.285191002422598,0.419423005109786,0.347667659934518,0.423889931207004,0.283150029311144,0.450505814106098,0.293810139796659,0.447638283708545,0.360248398253976,0.525651758830873,0.26149062756715,0.359810476878013,0.22163395272639,0.359932691,0.235314845460776,0.433896160339669
"106","NUMEX_BILL_MELTON_CA_2019",4,205,14,2,0.464305564,0.481845893058942,0.448286343630678,0.469363046981375,0.355282940365501,0.49824953898121,0.414736690708625,0.477401703367018,0.368726828966881,0.426254153622233,0.460364773924805,0.599992365968817,0.365488650023384,0.475457999482072,0.380812184195867,0.346758087541219,0.411575946130001,0.443105229794276,0.295474405132509,0.408245400323038,0.417304015623343,0.506255151633303,0.428086763124212,0.486565926445038,0.348083814221891,0.206657591834202,0.394971516268013,0.436964675425872,0.287173634886053,0.382241812307172,0.338358900783578,0.534041128646581,0.320119096589685,0.278781280638866,0.311438073963763,0.422527475800447,0.246973869228966,0.396547925943286,0.380806814829473,0.512257787892281,0.365931580278783,0.227128029853998,0.317790243839732,0.312621344,0.268687278157205,0.38115492888791,0.26806188758546,0.391605756,0.297375354,0.43382435358733,0.444359526174447,0.408449950336607,0.271598207485343,0.46314345431036,0.30010483513192,0.457894801288916,0.383303847854931,0.539182065637552,0.258434372545649,0.374353568142058,0.233907161658027,0.384318964388169,0.238838287111885,0.446699000953447
"107","NUMEX_BILL_MELTON_CA_2019",3,206,14,3,0.445330828657719,0.485727644613626,0.461295321197533,0.474205907426909,0.344269030488249,0.504847648,0.421818933362202,0.517869152010813,0.374480968858132,0.440052589663316,0.428037258649478,0.574668615,0.397836928438382,0.526005235126187,0.362468424037635,0.335293852209897,0.41498726546773,0.46547829568583,0.287441307,0.438169536107126,0.433699319143716,0.533796097514432,0.407399112341039,0.484245323764909,0.376109091440001,0.225946593082505,0.409569818813601,0.441929014643832,0.300616911531944,0.377976835558535,0.377971342383107,0.549093551116507,0.325724923400445,0.286064836491781,0.317845420699926,0.437418515760735,0.23972233056373,0.418717275939912,0.39313661358385,0.527429358810153,0.377122329362829,0.268083962645372,0.313553946706888,0.317718451483157,0.280606496780985,0.388420356906808,0.289365816645107,0.41070944613793,0.331130289229291,0.460577145012469,0.46846858732279,0.41392576468023,0.264721660682234,0.468182606702042,0.289701113908598,0.470015259021897,0.401627986537631,0.543203886,0.264735446100292,0.381222273577089,0.254783663088161,0.402964709262287,0.24661350985407,0.470304397974023
"108","NUMEX_BILL_MELTON_CA_2019",3,207,14,4,0.453749059726192,0.478700834127342,0.457083348947989,0.470883039986009,0.385407124547355,0.496714866489664,0.416917257269235,0.489690681531854,0.380361090514637,0.431846267918932,0.445065013732958,0.595029581870836,0.394582623114296,0.491021208010111,0.381755947103423,0.371379749488176,0.412677261544871,0.454510704655104,0.306577515497685,0.42160201402236,0.424326640631922,0.508157155806362,0.371364497159374,0.434134415253194,0.367853375527426,0.209340872424919,0.425616471814405,0.445551029933381,0.295679806790918,0.351288169588823,0.339554133097892,0.508697163668469,0.299621709726074,0.225300848213562,0.330906550002442,0.418451168785342,0.239422463429816,0.385338857765328,0.359929183680977,0.483201449435309,0.380197906453287,0.237883815358708,0.342786721389956,0.326969848108822,0.248305500477344,0.384441800690314,0.295850830891609,0.410836145283505,0.32122466,0.479810245468654,0.489506676967222,0.455352794025678,0.27151394248016,0.450382269820021,0.280348092168966,0.465205912611958,0.385526360195315,0.532504365,0.290077932496705,0.375504858983304,0.255907829195026,0.394993134508705,0.253419253464387,0.465933503836317
"109","NUMEX_BILL_MELTON_CA_2019",2,208,14,5,0.459450211457132,0.473857212,0.460889327487206,0.470121711033107,0.362856341961348,0.48949000567679,0.409577399639796,0.490797403117178,0.385034945350689,0.433754531224254,0.440535478578775,0.587148347553079,0.383386933921693,0.487525865,0.296426596449689,0.275376190817467,0.422812991267507,0.441742844036784,0.315542131555203,0.414579711,0.408461327215652,0.475964358594116,0.367888104060522,0.389961208893006,0.423419619523163,0.286931900583515,0.45833444578598,0.463123430823739,0.312176976229264,0.318921722843291,0.313344929270324,0.478948758145315,0.292108716876519,0.21250060568946,0.320730702407545,0.409959592951105,0.238944346713419,0.378314391972937,0.355948775174026,0.454448823730969,0.383382779851341,0.238709586619603,0.34334419306184,0.315453795877325,0.251540026536931,0.375012236473537,0.295030693449831,0.38114917968626,0.299796101319905,0.460030518043793,0.48360795350035,0.439962660486333,0.268133798811805,0.451397922846068,0.274405439747115,0.457623906554503,0.370121279534011,0.52966503491869,0.293866313567262,0.366464217455935,0.233166770981897,0.379490941675816,0.235688984053345,0.44057855363244
"110","NUMEX_BILL_MELTON_CA_2019",2,209,14,6,0.44757743677181,0.480737623664228,0.46856192434348,0.47707604098758,0.356647001720237,0.488271875914545,0.406372181280614,0.498709317852339,0.384166658116238,0.435487357336097,0.419625766514816,0.593759345464805,0.413456090104088,0.519217386935062,0.267075409683376,0.254397390636167,0.403630519103995,0.45119037566218,0.316954242350415,0.409202782815841,0.431178822,0.515663954146135,0.3745873787589,0.431133303159934,0.410588080168776,0.270241142343013,0.439139742840502,0.445795868400313,0.295106310792585,0.350808137736242,0.33988043998087,0.514938012728544,0.328704244311455,0.29589922,0.328930255646562,0.439765897244974,0.228507236227824,0.398019957983193,0.396921237538167,0.508062207997646,0.375505244945704,0.25046891531827,0.320481291513025,0.32046309673196,0.263785366331302,0.384310983819246,0.280875036581797,0.383711139553825,0.311621339128052,0.456677344112111,0.467659382702424,0.39484420409815,0.277925678,0.460384186194803,0.296258425245098,0.463575942095588,0.390949576236143,0.543622506769075,0.297080565078017,0.389943775344073,0.241085127867135,0.391267940056867,0.240614145061264,0.454771241830065
"111","NUMEX_BILL_MELTON_CA_2019",1,210,14,7,0.445395923789131,0.481338018861067,0.466532921939215,0.46541333033532,0.368202571932163,0.476636306871922,0.419297175119002,0.498933985506533,0.399054348883423,0.439813579577827,0.439546134019545,0.592211826331722,0.409403044631068,0.512673688945996,0.293365929016794,0.286370421098361,0.410846715589728,0.457545915998143,0.296468088,0.402014224019246,0.45827608415629,0.517123808160734,0.394043577762013,0.452412724284371,0.242915334413736,0.214802680565897,0.426539461414704,0.449607675033299,0.304034411485392,0.368418710314135,0.331316447779862,0.501187690836184,0.332097005162021,0.29487086700709,0.307367982129561,0.427365003723008,0.236730923030253,0.402643532799899,0.382056102508287,0.492826765319715,0.345078205228017,0.283642891832475,0.327477325,0.34240522875817,0.284424665246873,0.380621086387114,0.268919223866493,0.400292654375183,0.305456568693129,0.45353903835436,0.46991356864211,0.417346005779192,0.27486381254867,0.466118941998933,0.279266474327638,0.445588871086697,0.376616030535718,0.531935869259552,0.294956091589322,0.392433679354095,0.243635795192889,0.385251319,0.234507630844324,0.460402687929392
"112","NUMEX_BILL_MELTON_CA_2019",1,211,14,8,0.447051106217888,0.481110454021181,0.471652197086097,0.46700560878418,0.393744155834886,0.474067431850789,0.413454712903105,0.48781518395831,0.413009419454056,0.438103819959356,0.465579647009036,0.605438417432144,0.419341303247102,0.523384623709527,0.343795685808808,0.362669690147001,0.412224830596417,0.450767406206429,0.33323768531803,0.397723216299866,0.451225789461084,0.525071054062651,0.414451134784623,0.477923245,0.31931659530901,0.26120625465376,0.411840056008283,0.440053437280909,0.31561309208368,0.372743611959298,0.343210094544384,0.526347533384836,0.365997601386596,0.308817368589665,0.318954846,0.436348720770399,0.25459280524959,0.424704905866729,0.413381193987734,0.498147873297529,0.310637425701988,0.272662209247575,0.325536266197152,0.334141563459585,0.284657511444028,0.396554111282466,0.285950121821791,0.447942604482901,0.339175278123932,0.476088264964438,0.482503770739065,0.448479932310635,0.265868528580553,0.469713625744809,0.267594415197986,0.45293869687953,0.373163596446822,0.552021087445758,0.290071696548656,0.401065504420782,0.248210536099809,0.406834902890266,0.24622216935308,0.477114600474501
"113","NM1701PAR",1,212,15,8,0.443204332626209,0.479964742890753,0.463322802266687,0.47080905337412,0.419968963981884,0.483712062331987,0.425241530441857,0.501132117561765,0.418619113130724,0.448383673100707,0.439243001511499,0.570327158257654,0.420531765633515,0.518586751081272,0.181590443796044,0.195891075896879,0.393485257056215,0.461906477587685,0.367502137588221,0.421149805080939,0.449340110101356,0.53394087650143,0.408341101814991,0.473479478505246,0.421493583285883,0.317075321565707,0.406803265963201,0.439481092754818,0.339933969632678,0.402015994268505,0.367722857105927,0.547853920737708,0.378563008781225,0.331155482720948,0.330656142963515,0.445837676842889,0.248983868447778,0.420562651355363,0.400514475959239,0.50214766582055,0.28990221411562,0.234476514311342,0.328719310791024,0.331870306606655,0.259091650695366,0.397903189345914,0.29833570244018,0.528982189890882,0.362809758144503,0.502436102845808,0.470409631019387,0.456866791744841,0.275415562030256,0.455834317662808,0.292215111353183,0.469338916122004,0.414040197242686,0.56485866841484,0.331689195356518,0.424144615103765,0.262451989342746,0.467369169890178,0.27015529144309,0.518263544121826
"114","NM1715PAR",1,213,15,7,0.463254601073166,0.474211925179279,0.467297248905933,0.463020415641304,0.39037345553438,0.483538548291541,0.435355734358426,0.482223497050733,0.410705136755557,0.425239155491256,0.435418751503987,0.595889240164961,0.416445660530261,0.492943210127612,0.180670324218113,0.178982512891884,0.419814499273313,0.459061268740575,0.324194977576857,0.363164686030878,0.431862029483326,0.498826391870617,0.399960871913918,0.422218718214513,0.399517172375279,0.298917225117895,0.428364081524485,0.436945294028651,0.344025230395388,0.379251766626229,0.347933083176986,0.497478387227311,0.332492880885355,0.282757392378731,0.34484765450484,0.433032117150658,0.239883092125739,0.40129590725179,0.368180360640659,0.472801699,0.350743303254064,0.259407204,0.334490296631473,0.363666566113625,0.258302611931164,0.361388656336442,0.282640369580668,0.478354724974567,0.300140176656365,0.457279334357918,0.458464481477394,0.456179413604091,0.284126680482491,0.460790158881981,0.293241478,0.449106923357324,0.411961036019029,0.530351704224694,0.325916080596605,0.37683434724495,0.263677621878314,0.431289065,0.282828669734278,0.500410396716826
"115","NM1703PAR",2,214,15,6,0.441476020928405,0.476068234625478,0.458276582585293,0.473683867408856,0.354573870548039,0.487651219451996,0.419145941796494,0.504840286457564,0.369338544241226,0.442233069698468,0.377610832823255,0.568624786079223,0.393495324764675,0.519063389311067,0.202246832778969,0.200571380465953,0.398576772361431,0.476978486611132,0.329599981160239,0.422631805863513,0.457058346452936,0.544756247997983,0.423241733651499,0.467441951,0.359028416529183,0.219373853289144,0.403909900235247,0.439255833454467,0.266700879225987,0.397730566898429,0.376612956627304,0.55102159437884,0.326171993724176,0.27337251616189,0.336974336063539,0.457704442789774,0.244652972300031,0.439246420790538,0.411116212248108,0.534321284447746,0.354855248962886,0.222940879887595,0.304216217082399,0.342770096086243,0.234548578982155,0.403936843651318,0.276382443524674,0.500340385,0.302886663326446,0.490624302166076,0.452735404974063,0.43797537704924,0.283188582417362,0.462871673365919,0.304324802409795,0.499411020593086,0.423065958480319,0.573230662239175,0.319904063557893,0.425184815060023,0.239647810858884,0.451574246591548,0.23860785635454,0.49299731689103
"116","SW_9812",2,215,15,5,0.44606607801683,0.473741574431041,0.463915322765335,0.47589755120566,0.363967723,0.486147399078315,0.42569145777769,0.506510906186132,0.386607486131708,0.434373111989894,0.427326180578029,0.591523736028478,0.400070407671201,0.508007216401136,0.199259533903997,0.194858113154826,0.39648469972734,0.469163575,0.33454698031997,0.429527625131967,0.441864438082925,0.526335320452967,0.406621677874778,0.421692728,0.381616871432117,0.231173019049392,0.439649987787742,0.46077116206309,0.283928732996165,0.379885665538463,0.375982599418754,0.53966762314682,0.308726742020383,0.240704034131041,0.354636715140532,0.464375047970487,0.260656784626201,0.438258729786735,0.403681896773719,0.522206894014641,0.351253118254553,0.22354843057856,0.292921669180493,0.332382704876823,0.280315292159311,0.393134855939879,0.289275088144711,0.492857142857143,0.31234049848022,0.478874449332983,0.447454291284994,0.426739138432108,0.284059637241778,0.456681978458496,0.316782705269608,0.496822342218137,0.406227652760534,0.569440077870083,0.333577504903002,0.429142526,0.240547887329894,0.438375096644993,0.216477943265968,0.466950002507397
"117","MESQUITE",3,216,15,4,0.461825009747748,0.472354890726092,0.455059523065969,0.469875873900208,0.374465536,0.485555905198238,0.419338181985192,0.483113372503092,0.343141889108585,0.44010442412259,0.451077661049555,0.590512285610783,0.386868117639329,0.48085883357877,0.19793335805136,0.203526438436889,0.38708069479413,0.453517157451442,0.303544048809472,0.420256727968349,0.424673048266108,0.527956456949461,0.396815997404643,0.448851144165431,0.30162128490016,0.199557716360309,0.412370473,0.444898193278017,0.289079507874343,0.373514178,0.359631736676213,0.527940114740689,0.322919901098269,0.251164806098392,0.322425018615041,0.422075353685778,0.250055633364457,0.406882391845627,0.378667011146109,0.50524030189592,0.351019611596194,0.21188705552084,0.298829418374766,0.322342806,0.257811981,0.375721657083886,0.279358459801831,0.471273534289338,0.32458083051385,0.484139396020634,0.48564746348821,0.471871758084097,0.272323980015924,0.444642885266556,0.285944651194772,0.47516368126729,0.406329605926595,0.557050996154377,0.32313292443756,0.395225662998264,0.230096312029085,0.419784323986005,0.226364519518626,0.453058314663917
"118","SW_8888",3,217,15,3,0.441919328686291,0.471190846330007,0.471308192501212,0.477545091352824,0.348408559611581,0.514860495537902,0.438501128550111,0.51386849980469,0.381107884330203,0.448813471467018,0.403347190759503,0.555249641117556,0.411449797173525,0.509244204,0.209516440174316,0.213300805843485,0.410055563999932,0.491118392,0.321221587576586,0.460918762350776,0.45386972888703,0.559312183395228,0.429900865781905,0.503432467551429,0.347483091,0.224789999069248,0.421765902386977,0.459803674356928,0.325472100507968,0.399287071,0.422533936651584,0.57124379207593,0.341961564684525,0.296646665,0.344777165549764,0.453291437081162,0.273503241934224,0.445773962971643,0.404950152668948,0.539538866203142,0.356234200997472,0.23886429983991,0.289983308195073,0.334906184012066,0.292161073168343,0.411350518,0.313232158535056,0.503857463383363,0.365178912031739,0.483011177233539,0.433572453371593,0.429562042453004,0.293540924951733,0.46361177533344,0.336064966109901,0.486784752481239,0.435248630902939,0.578523065195269,0.341460615675448,0.435400214024875,0.257211976796752,0.437141420670832,0.249994650886783,0.486994801330592
"119","NM1705PAR",4,218,15,2,0.468226267489093,0.485671062969092,0.439236838927544,0.465123022664152,0.349285817545864,0.512534951042096,0.43514386848934,0.477407841168925,0.343171582358434,0.440710132092053,0.432258628658514,0.586638518648062,0.365174187697408,0.4709044,0.191743283592783,0.206951318026069,0.387132876881357,0.461305475257308,0.275272633073924,0.424446582032665,0.438894000422553,0.531225507,0.436933804718937,0.501750302433343,0.236228325035648,0.228588614894953,0.381881955820303,0.438832861752296,0.300764632306957,0.420840966780708,0.390448074164,0.575674870323364,0.329197020861703,0.276890509136282,0.333728270042194,0.453697890295359,0.242415382819795,0.43814134,0.422533169888832,0.551490148437658,0.312555841016686,0.225242363914747,0.288466245625843,0.362649352314222,0.245309245795697,0.403362855254461,0.291051166439314,0.490809235714112,0.296107517559613,0.470437362427026,0.411397505455785,0.44238343127177,0.296462188623776,0.44590912670289,0.320065423056382,0.504949454489967,0.418627849136135,0.573414521713202,0.295172947922002,0.42377874658039,0.209230769230769,0.403119848240956,0.207981712719188,0.460860037109473
"120","SW_1011",4,219,15,1,0.483898702723422,0.499767375774037,0.447438738502409,0.473571259040885,0.362535065,0.501573731057767,0.428153838078648,0.493144636137875,0.370488170758499,0.428818758,0.437421191074822,0.587990341,0.386168359069879,0.502870691766924,0.221065311115768,0.350550334320263,0.387535358253719,0.477347917802023,0.344701731590013,0.462869801395017,0.458187484239438,0.560134808,0.44911791089405,0.53844821891679,0.269999922437329,0.220556822412509,0.394556398382642,0.449284322,0.312234452119674,0.458795462812679,0.40039491594011,0.591459368,0.336677632930005,0.311298742370849,0.324686783869157,0.451158618091128,0.251884531590414,0.440565087145969,0.422586674142604,0.556068610043775,0.354491117475336,0.234269686780447,0.280590045248869,0.354514831573655,0.282416783,0.427025629727546,0.292843729531614,0.49186142118539,0.304948404857206,0.45999335709018,0.344022734797484,0.420022440495898,0.262358715909389,0.466614169094679,0.29545591979406,0.486222139333708,0.386704003097751,0.537186694589059,0.302662319546634,0.418955275463339,0.231251209382697,0.41119434199019,0.233133091457007,0.457457027300303
"121","NM1715PAR",4,220,16,1,0.504137371913812,0.503271651371546,0.463506220779527,0.470825201319998,0.315704080589258,0.514087605910913,0.444699246707102,0.463938860532126,0.337595711565987,0.402407901502203,0.427228099873043,0.585021366989453,0.380859898,0.455905847842398,0.181962647121514,0.270524290834448,0.380346944946014,0.447506986654007,0.310061629806087,0.385059599541611,0.434979119853069,0.499871743569223,0.409861640362275,0.478866453506198,0.271942976409314,0.173709214154412,0.384110201042442,0.418890642839414,0.299435009238931,0.394894801430749,0.381704932685325,0.573398506601121,0.327590009610882,0.217954483846324,0.318516952097295,0.41100124100273,0.272906022966956,0.391158307944692,0.354674018004548,0.490052606,0.341502375505245,0.186138239079416,0.325176671694319,0.33615525389643,0.251350713568823,0.37156593473844,0.291561152423566,0.504608072324416,0.2972119859617,0.450925650415808,0.34894949,0.421339632773785,0.274403933818061,0.448893438678461,0.294004240501023,0.440124822566775,0.421165719175989,0.536639662283399,0.337087711137403,0.490442314109759,0.261006459899193,0.477350807593022,0.276825468,0.502356953011384
"122","MESQUITE",4,221,16,2,0.474908305081385,0.492999795132074,0.433112547064554,0.465424533230862,0.323622918406533,0.511463307565472,0.428009329882195,0.490264969966571,0.330540327399564,0.404487500173705,0.428721138912137,0.583615688,0.385215075582766,0.49732895799755,0.245663508849233,0.284506698306776,0.385323860618992,0.471746053192068,0.296581831385753,0.443949847054422,0.440923227169786,0.534159068522214,0.444874072423747,0.518097142175918,0.251178008458285,0.212485774702038,0.386255227291381,0.436700455561719,0.295450819633826,0.414075139565336,0.398781632311044,0.569663147310206,0.326056812124924,0.238237304491174,0.318827103499628,0.445502507,0.255679271708683,0.435647175536881,0.398250744950888,0.541231468197035,0.309182791,0.205085579068454,0.283015950276321,0.340668497453124,0.231777728819368,0.401918582164451,0.291712944843465,0.528372136482718,0.302529560010433,0.473441121113006,0.446432415321304,0.438276632590358,0.283189802840622,0.439277056129881,0.307589528867102,0.475409253207456,0.421717472957942,0.566322942806427,0.331701247923251,0.488072485311814,0.227488431269944,0.464343002158128,0.218045902077796,0.474201226952844
"123","NM1712PAR",3,222,16,3,0.456811010239191,0.485253409609087,0.47411061,0.472924362981908,0.358177045319117,0.505862078692293,0.427742457,0.486175109160278,0.356123503322898,0.418168149612786,0.438522151137222,0.609552164496776,0.403525329394313,0.515183924809593,0.25361966838439,0.291332928530872,0.392896214854973,0.466407518122571,0.31596816545302,0.434084621423351,0.451800036253818,0.548281363827582,0.4217163751776,0.493828210044109,0.313396331188726,0.206264552696078,0.402006765689785,0.446082238432717,0.297767421950428,0.3853784690386,0.41192602499792,0.58837119098557,0.342537991,0.239279140109311,0.319355157039177,0.414876283490876,0.26175142566987,0.415177720490587,0.378873316508856,0.518169972,0.351459022047257,0.218856765261994,0.315406737053796,0.320772850678733,0.2372521499828,0.385401346503514,0.293302974849354,0.52541632729337,0.325969442395779,0.474514136730255,0.458994655792041,0.438408468800626,0.270651932348129,0.462577980768389,0.309562037814117,0.474049772668831,0.437400553119155,0.564357207689671,0.365741049729158,0.507353868141721,0.26573347287633,0.505521866866405,0.279674127824369,0.525649133937363
"124","NUMEX_BILL_MELTON_CA_2019",3,223,16,4,0.453122043,0.494916336526085,0.444111242571638,0.471842840626022,0.364950200978855,0.491480727194806,0.423838767563241,0.491659695499414,0.319475339,0.415576598286373,0.438202024492107,0.606576309861384,0.417974638021078,0.517892704131094,0.215082670404022,0.249818308262793,0.388598347187409,0.456895496169427,0.318063163920409,0.44666717389099,0.440172224607605,0.551511650889066,0.441130731820287,0.506044658020689,0.300524221453287,0.19312245290273,0.416650004598138,0.446849188008453,0.283948382771912,0.395389456827365,0.394752062268402,0.575556672811575,0.337148319738453,0.226034607391344,0.310108711839166,0.400637577562671,0.239592864923747,0.402430361033302,0.376658402824731,0.50356536222563,0.358759393339487,0.21796384653313,0.340717171535076,0.339835229218871,0.233173826834104,0.385565298279112,0.27075942,0.50906840707871,0.315630541622334,0.481707603129298,0.494588011842914,0.474495652011992,0.277905662716758,0.44634252617036,0.277832647,0.453527504386969,0.394557735398901,0.548812549592779,0.342262917483834,0.481952539775732,0.237776510302462,0.480985926799076,0.251415676244923,0.495807966835498
"125","NM1704PAR",2,224,16,5,0.436698761345971,0.47352222389382,0.453381304212506,0.47434522118026,0.370071450495014,0.49488461565915,0.435317326,0.50460768786968,0.355773534904158,0.436002979623222,0.431443744658253,0.600388671761553,0.433422536925511,0.530881544100315,0.207378868236799,0.206743901543444,0.395049155656137,0.463209163462495,0.367536702670023,0.442089818900409,0.467244099586307,0.547193768018156,0.434104312362821,0.459274767737822,0.345967945772059,0.208477519914216,0.419199449410103,0.451729146951534,0.274902727190309,0.376186270303917,0.40905442898907,0.585802096717129,0.325352872102098,0.207356729957349,0.327882055100521,0.447812956068503,0.249201097105509,0.444830765639589,0.390212448957069,0.527723025420299,0.363381951330301,0.233123941732263,0.309760281548517,0.333246857717446,0.220410761058481,0.398109226212333,0.285902874007003,0.538364167821417,0.307580610960051,0.508707090837101,0.479887515291818,0.442306233311167,0.271882475435511,0.454922959813109,0.294223553618978,0.482313793572985,0.424677008158848,0.57330449509714,0.361437234340186,0.506932688839675,0.264290065950966,0.518449793190278,0.266143348671392,0.529302657215106
"126","NM1701PAR",2,225,16,6,0.436134076144782,0.480816431729416,0.467819474360141,0.471013628074575,0.371484533392569,0.486538780230668,0.430065414152946,0.501770348427141,0.366761925358379,0.441603675784039,0.428348886,0.61754887387106,0.420562532128956,0.532689556011642,0.222089326683248,0.233179999132905,0.395684711,0.467994955103625,0.385471270438591,0.464654533717715,0.449409736745377,0.541238492380361,0.422361501163806,0.462748224975229,0.384703960015379,0.215065359477124,0.406477737597636,0.437051100635927,0.278941687,0.384857312961888,0.404692289071374,0.572293540398116,0.321923080082473,0.229898675,0.330206205013651,0.438763564159841,0.254998828216546,0.432224826185454,0.392640050132753,0.521905960776984,0.34886554487811,0.221120887823021,0.311367702,0.320576317154709,0.223840591417591,0.406526351864091,0.275046983368064,0.531369904552362,0.312508392462043,0.492113183794919,0.467966594045025,0.449002476584176,0.271513067520627,0.459932453,0.302431553396687,0.474584591967161,0.428085230620978,0.565274218,0.340747088387277,0.488555665205135,0.260181337492262,0.501277434050543,0.274882235929325,0.519218527990907
"127","NM1702PAR",1,226,16,7,0.440464719760503,0.47575322,0.452155109938079,0.461424256826678,0.393686070004337,0.485678446886757,0.431966820524429,0.499842697661296,0.394010545394628,0.438156169330477,0.444283023,0.625161600823148,0.443255674806477,0.551627027161787,0.169675459477662,0.171309177731566,0.392926614611774,0.470594803142809,0.361914945453561,0.455564819577164,0.471000224907481,0.551904216674504,0.458654479433556,0.508990331904715,0.358678768382353,0.231196193321078,0.381258188887537,0.428862658079521,0.281841318442626,0.379626685509038,0.390890984355037,0.574893848096462,0.333356633047035,0.257110897358575,0.305435393,0.42370544476242,0.271613173046997,0.423210006224712,0.40498859581356,0.524556892175257,0.345903326295483,0.227995128648723,0.313197988939165,0.320466365007541,0.210641309155241,0.385676740871787,0.272883632863323,0.537893805247328,0.311352995595788,0.483124194265705,0.474253393665158,0.468738245535631,0.269519384728456,0.458050940144018,0.290867608762255,0.473520029105392,0.42460083589555,0.550444147221349,0.335317796183221,0.477973419583661,0.238221100405974,0.484364686045358,0.242788058104742,0.496690570516357
"128","SW_9813",1,227,16,8,0.444498437055982,0.478916804573492,0.453939498504716,0.470498416758008,0.410542260244382,0.476063461924801,0.431203764758371,0.512195934087204,0.410416645290595,0.460793035,0.463189470309254,0.6252834164033,0.445921130812772,0.56395815742565,0.108129897868628,0.134933742460479,0.385174676627278,0.482025487005981,0.400989993188702,0.488218084720954,0.463608777,0.560718886094584,0.441323722402347,0.518122780608306,0.442944252210688,0.369495194156094,0.394337665471151,0.447759718,0.345341973446549,0.4487538871199,0.406174142971529,0.569924026590693,0.403899471285619,0.33552097017467,0.338732985852569,0.458663887,0.27499591503268,0.444817149,0.398626296607794,0.52721350945761,0.31767467811477,0.270655707925068,0.26194067370538,0.406241499562334,0.26467425522019,0.429883234192553,0.292151154365988,0.548811295916226,0.36436304065123,0.507740115856851,0.443970914101633,0.448610505930767,0.283729386967072,0.45764333917849,0.316865646196029,0.493899687943583,0.439647714388578,0.590694916863247,0.370484887095632,0.490780691125463,0.277228115982441,0.517959195744663,0.274192093419774,0.527669065603997
"129","NUMEX_BILL_MELTON_CA_2019",1,228,17,8,0.455023064163313,0.478038158303429,0.447234006987279,0.470616485298297,0.370484924773722,0.450390675961088,0.419642453,0.498772254426281,0.363625768935025,0.450687407315868,0.463148871905935,0.643653049878436,0.435017064582584,0.555383016,0.168846330895563,0.159278842623192,0.363944438321997,0.436686456299386,0.37388520433484,0.477952049664781,0.453770607999891,0.551230175768604,0.434373821291698,0.531877744619227,0.464895974771144,0.375278057611727,0.391316936275746,0.40052329772496,0.298459660726519,0.415989467639396,0.411662252142883,0.588067174336902,0.35407086588301,0.290816062495379,0.312888984580666,0.417362674824391,0.244470510426393,0.435612356053533,0.383922885648276,0.541817544386848,0.321755122615955,0.240086304792187,0.322675113122172,0.34265279,0.23333421458471,0.41305054955815,0.275429052217902,0.551484698356955,0.347624596781004,0.517166855257751,0.461395398267708,0.459046708,0.269523409542309,0.435808068876814,0.290707161473419,0.467876650588179,0.453561259633847,0.57024382359158,0.357639897,0.492333329169425,0.278477677647228,0.517635567047332,0.289141467328619,0.53229577252896
"130","NUMEX_BILL_MELTON_CA_2019",1,229,17,7,0.452674556608662,0.481086371,0.452860979601014,0.46921514496646,0.373528001382175,0.482771824788178,0.424017605708617,0.520644704,0.372524303839183,0.457567144504861,0.473219658642816,0.646441732352317,0.455176350417593,0.575475020683216,0.214161637981218,0.193493606449614,0.405887357779187,0.46488512969945,0.386535911482109,0.488251235,0.471765932650432,0.571853169,0.456619508562919,0.550037522082549,0.399163292690494,0.284944310002482,0.396204120129064,0.408184462645818,0.277947223714799,0.408089273942932,0.418152521796711,0.595644704,0.356977800321454,0.277011945742596,0.297401042442293,0.426096003971209,0.247322012138189,0.451836290071584,0.405575986118211,0.564236620729967,0.355927581847638,0.225626438890928,0.33467217104433,0.339177027435757,0.230670877089912,0.41291757851705,0.260239709266606,0.55622234023721,0.315843783,0.509660092719258,0.494384357870728,0.475883824449104,0.255677524914473,0.446053670017762,0.282035327461436,0.472840165513292,0.434793846286117,0.561596605391037,0.330608138774728,0.479811291685925,0.256463997363651,0.514634185499237,0.264315807212673,0.522812704
"131","NUMEX_BILL_MELTON_CA_2019",2,230,17,6,0.443597780118015,0.47336693245073,0.453764047984877,0.47119983011255,0.356809032313326,0.466126862,0.414818241166301,0.515195832390175,0.364798394848135,0.474341599,0.479163077842225,0.644795167326347,0.455656281041886,0.5678953939155,0.202964551126014,0.205922474955087,0.40132244856438,0.465101769198817,0.382818548496251,0.484923887640652,0.462786824131362,0.554277095,0.442847817887247,0.495283994191716,0.415310372349486,0.312814837525976,0.41808185476016,0.436399846135438,0.258841003568407,0.381605415149174,0.408568406724791,0.587105359967627,0.341693426750353,0.246612213950924,0.298298734177215,0.420591710101762,0.234729708616514,0.421523513787985,0.384264246036126,0.533208990913439,0.376439197960001,0.215685720563769,0.364019708396179,0.334985620915033,0.211854397689163,0.401961861398742,0.267074640801594,0.537638662430146,0.310716448754647,0.512965553229026,0.494634698156936,0.470994923297649,0.261291790254701,0.464545589766473,0.270674019607843,0.456746706,0.405716947,0.552122954444936,0.32304564652776,0.478524806452416,0.261626508823741,0.506959030972872,0.279524263243234,0.530214132
"132","NUMEX_BILL_MELTON_CA_2019",2,231,17,5,0.441265687265806,0.478254756570643,0.451652708824365,0.475277401668255,0.362630491350927,0.485083127173026,0.430350821941626,0.517690854,0.357094627066513,0.467986214093481,0.487175579511907,0.641863598699195,0.448241931864927,0.551679381224836,0.186698477691981,0.187559668061981,0.396898098889283,0.464841367688812,0.359850115212382,0.458837478080663,0.467564131706783,0.554773992035629,0.436930091482422,0.501001010391199,0.364707239699677,0.261211684040705,0.425913719161577,0.442750813573702,0.272346460007866,0.368666781148847,0.407934169053251,0.576132127208167,0.322614640261699,0.21216946108587,0.321143906676595,0.422135716058575,0.247658924680983,0.431283068783069,0.37543953194772,0.530475803067699,0.364902730160875,0.186000536687065,0.344807597162882,0.330297713119368,0.215571084574181,0.395936311366652,0.271179641010633,0.541253466560754,0.320481367013261,0.501635019018613,0.491580583452893,0.465907552514439,0.256606507,0.460409839392512,0.282565437185106,0.455928836443065,0.420389644,0.546439735589195,0.325406584804234,0.490261868178998,0.264931784679684,0.519235557470852,0.280377446801397,0.530774451297996
"133","NUMEX_BILL_MELTON_CA_2019",3,232,17,4,0.490067540329243,0.491087749558873,0.453790030771281,0.48058428,0.343567068978284,0.428621597892889,0.421713299674898,0.515206822230314,0.344243285549514,0.475447458395123,0.474097400280468,0.633235916457146,0.425055677307391,0.559411571449001,0.140927499162632,0.1386530824991,0.368402267596674,0.45838798721709,0.353216570567481,0.50945724263014,0.448746849167017,0.600490623599867,0.44339210018703,0.585850223673642,0.327876619995231,0.249371273950136,0.405759439284312,0.41744404857611,0.268411227378229,0.422700339199622,0.423559209800243,0.616950667696722,0.348795796234126,0.246256223746736,0.302457783479413,0.397591558,0.225427310366378,0.433898328255605,0.405441636316816,0.584190854578229,0.328141381799918,0.213552843681969,0.312681347410759,0.355837707390649,0.211619593155614,0.40702749014712,0.259880743,0.561994300207645,0.338678187228199,0.524743648432135,0.494799459826917,0.474107972317046,0.284383722252846,0.38578628238444,0.279054897421932,0.485569663822319,0.412959223004357,0.574522059933675,0.358702526243031,0.511531110639202,0.253782864578712,0.521203425563287,0.261790644805276,0.534017328
"134","NUMEX_BILL_MELTON_CA_2019",3,233,17,3,0.469439680390485,0.498757501295488,0.466721963365937,0.477597425039245,0.353013626273225,0.470643197213359,0.438759689922481,0.548047959702344,0.391466558274621,0.506175567321188,0.441407900599186,0.614733072672688,0.466231895445379,0.578797430813293,0.230534285514699,0.237759292992798,0.389690929453397,0.490342075245816,0.335211331391389,0.51002130342159,0.476477403613514,0.604652177172572,0.436842499720166,0.55456586804491,0.359292201849094,0.282796405745843,0.413557089586553,0.435223711755114,0.278205177918234,0.416276411685307,0.433993120700438,0.615079093551117,0.338432851146324,0.24165105925068,0.306126185157607,0.429443335815339,0.23968370681606,0.461180361033302,0.424298810263289,0.585009280789224,0.328546483823251,0.20679805293265,0.29602494997386,0.35611721,0.239829624733789,0.43180592886343,0.280744038909096,0.580937748233622,0.339267290799945,0.52676154393234,0.47436578008314,0.430229555236729,0.278300303610958,0.404054387484579,0.295309357830657,0.494977615391644,0.421480144081018,0.575380487446646,0.352622554224493,0.525746359703363,0.249511641760777,0.517992319099586,0.257758554402153,0.528809822309145
"135","NUMEX_BILL_MELTON_CA_2019",4,234,17,2,0.449427812045534,0.487234675626431,0.448892399244438,0.465850759741237,0.32665852170755,0.4254489423894,0.430539453526098,0.493778602289167,0.343456698918884,0.414779074022772,0.470402363230523,0.634513123065561,0.402102325653305,0.524400227,0.207427587825118,0.211462895197359,0.386419002475141,0.461883208638035,0.313675320105032,0.450288478023515,0.450691590504815,0.559805455028727,0.441931430201902,0.531774946597796,0.335851157539213,0.272110337309409,0.410423236317574,0.423046458989062,0.279871426994813,0.392308244123165,0.406453849832616,0.586478497590406,0.333179720176624,0.225487000100003,0.314199453958799,0.426560039712087,0.229107920946156,0.429629241,0.38829136364386,0.549815758468606,0.326119663422389,0.195003960714147,0.307246053293112,0.344764404223228,0.213595358742748,0.39914910283714,0.279001700182561,0.537746665830511,0.311036049983205,0.497859631937759,0.469654563513961,0.439749659713792,0.266426227786965,0.435148524380747,0.284622579396364,0.467948612888976,0.413438905729172,0.546389647001291,0.32527966888603,0.49853555352912,0.231853851646239,0.486970269254006,0.241631969489699,0.490782075197944
"136","NUMEX_BILL_MELTON_CA_2019",4,235,17,1,0.486193093727977,0.511373212287029,0.453709584067222,0.470421179302046,0.316624798436919,0.384188920830822,0.438170339241603,0.478451219872255,0.344166907,0.394705161476355,0.448298668798588,0.610127790338901,0.392571020779577,0.509038866659188,0.173334264737228,0.186507181661374,0.358638691384296,0.446355500760932,0.348422895,0.471137124,0.448080070640624,0.542936233316856,0.43314903954206,0.530776281408607,0.330707061305535,0.250271663253909,0.404579547286159,0.415406826404978,0.284184102118105,0.407239336077213,0.390175582428093,0.57055629107279,0.33855763148932,0.233713650886326,0.310294762968479,0.42193417721519,0.238950082024842,0.434388329,0.392853253871905,0.548153441489166,0.32545960866881,0.191535731911676,0.305726515756982,0.344693223085536,0.23666008157649,0.422697921273773,0.271069024624775,0.542076034393857,0.321964420105363,0.488105404048539,0.383330206378987,0.409447816650112,0.265583718582284,0.416292045273394,0.285357115502451,0.462059589460784,0.405077105071531,0.533685656926008,0.331640787977965,0.500366507188987,0.251362938337728,0.487574174969133,0.249455778266817,0.491009767574033
"137","SW_9720",4,236,18,1,0.448801130000167,0.485487354362035,0.442064299068534,0.470623212121969,0.322305199727796,0.397724700381861,0.427343110287376,0.517339955904009,0.381378556324491,0.457841592519361,0.458830857889981,0.618087350463651,0.451739007852689,0.5592171652978,0.182977868734245,0.178442078514543,0.392318994781375,0.493332882966566,0.384982178789601,0.496929698708752,0.478585964,0.590408642089314,0.452231128241815,0.571176032587272,0.352400952469595,0.298298468912882,0.401316155086776,0.437173322100034,0.28111827981109,0.425742268879524,0.400396571386528,0.571559063,0.323464107050445,0.269550136770251,0.330548104555228,0.43676517935729,0.241947308804,0.433381767049449,0.432153674477921,0.564768548294002,0.308447677027304,0.18255937839869,0.281277904971366,0.346321301020153,0.225181464346038,0.415936941568138,0.279185398309656,0.550147032378857,0.360868144154429,0.530050006263734,0.42325295221278,0.405422138836773,0.277031547069546,0.356967004113698,0.287929831105234,0.456305037266864,0.406463226562206,0.520062081651881,0.33139894819682,0.49170391282442,0.221829304874288,0.466115737396014,0.226158835230597,0.469715326880966
"138","NM1701PAR",4,237,18,2,0.423795905284932,0.481691911682098,0.446057703558832,0.469962054728115,0.325663180314287,0.420855711946579,0.430641478609178,0.530419877504289,0.373334775086505,0.502020514087988,0.450157576361056,0.599323226539875,0.444905400756794,0.567657222378585,0.22068558491269,0.225319856635447,0.402134030037943,0.49737749517573,0.35968399924641,0.494065294262568,0.477368514315702,0.596973460917214,0.44950662812718,0.562148634994714,0.358820122737603,0.349472598173049,0.413661907347033,0.440782217370281,0.274543077157456,0.429079312739443,0.425465364382151,0.596925100246477,0.327101283781446,0.262060360321851,0.326920824025813,0.438151998014396,0.243908924680983,0.448213702147526,0.426459869061165,0.577825418551684,0.31496984121688,0.175905782997638,0.300135344394168,0.352797787833082,0.220841203397714,0.423436586619667,0.279481754938983,0.564577361244804,0.400596025231798,0.571259499924001,0.471009270499945,0.421969613,0.282713392493402,0.379104096923322,0.301791804774944,0.485061700137614,0.435053793235747,0.556224899598394,0.359181875,0.52435095082841,0.250477288954798,0.512671964713487,0.273236380656269,0.528414489410427
"139","NUMEX_BILL_MELTON_FG2012",3,238,18,3,0.470928249965305,0.506706120264081,0.492795356409712,0.47933810517199,0.365542944385091,0.457191364227763,0.4552014372275,0.562691429006896,0.411093668236525,0.547407852029701,0.458872330414434,0.614373477571109,0.463607091300416,0.604580967,0.158986773266231,0.148518993356108,0.385390289717188,0.494252569436235,0.358773720256625,0.500777455943261,0.456876889012368,0.604302781,0.438551991662807,0.564270302609233,0.347181179,0.309823893956317,0.424449039285894,0.451305920522428,0.284464109300711,0.420830354163687,0.449506860905713,0.621986535702461,0.319456697635066,0.2552703779459,0.32677428642343,0.435651923554232,0.234929582944289,0.459935224089636,0.418267483353567,0.59078431372549,0.316228956975011,0.16422598,0.314073564268614,0.348253647,0.219108075689702,0.417169714327679,0.270425336111787,0.58229159,0.4218564868765,0.583038436927072,0.481560638459664,0.443204318452921,0.285809556308021,0.352688838141236,0.293340801164216,0.483364545036765,0.445796581,0.557044658032881,0.339660308379032,0.530008202898913,0.264022544160952,0.526975508151979,0.289044687642499,0.548461838392249
"140","SW_9812",3,239,18,4,0.436717817561807,0.457833776306772,0.424810396445688,0.47101412,0.365508183615638,0.47499268364062,0.429664531029076,0.569963947,0.401738267950696,0.560109642723142,0.458103275165335,0.614298706363629,0.459107539723952,0.603370863819606,0.16262956813309,0.174166259177463,0.40400939,0.529864008001516,0.416186433923163,0.551438162108894,0.470971350832943,0.643101427599697,0.458654674867056,0.63682709802749,0.305461872016118,0.24685792708744,0.389187355813776,0.4451851566185,0.325295607321751,0.487869392771354,0.438416711443971,0.62702259545875,0.349136458102303,0.255975792076361,0.343187689252916,0.465338694465128,0.312249433637997,0.491182329505507,0.44601109297097,0.625834859,0.297919305534445,0.213830388122327,0.248493715434892,0.392849270990447,0.29293567251462,0.456210329745933,0.311848094749498,0.612064941,0.435340459861708,0.587556550217724,0.487839826362065,0.450004966339256,0.287937807876386,0.406260160467578,0.33347499733909,0.549167300104458,0.447197800814806,0.608903715529858,0.415281042975695,0.547735625148339,0.253836577365989,0.529483417298543,0.261630643732344,0.535450077729301
"141","NM1705PAR",2,240,18,5,0.457210938936529,0.472709493004363,0.448211724587533,0.478530832622904,0.368996618607882,0.478633057250953,0.436792694905753,0.544292935979093,0.368607197781073,0.522643076838579,0.482559471017118,0.628925836633231,0.459592621522562,0.571035178,0.188657870079127,0.20524291481856,0.407134895336136,0.510542495445554,0.402954440865163,0.509807169991789,0.485661125764174,0.600481165702291,0.458074839764647,0.557317487431806,0.330859084139985,0.278227576631919,0.4001831344268,0.43905529532404,0.286052252065324,0.444474727,0.446545083324136,0.61476253540816,0.319147008954106,0.221651878855975,0.340500846772546,0.454928674738667,0.255458877995643,0.471271981014628,0.43085641761395,0.587146010374131,0.30509741141018,0.191128923553601,0.276653867185857,0.356598943592147,0.250624366600573,0.429534258647279,0.284912961768056,0.587476508,0.406615512507999,0.569915312,0.488559209800243,0.477229886326013,0.288718621763743,0.404569213673868,0.32058293996611,0.519808687363834,0.456392207015262,0.590447020134445,0.380653041580576,0.533975421738734,0.258145176622685,0.522657642242417,0.26791570015266,0.536174719297898
"142","NM1713PAR",2,241,18,6,0.462088033730513,0.464415432502627,0.485309649024188,0.468800919390904,0.370998448199094,0.491901215182181,0.423898637587878,0.518446856741693,0.340641992,0.49330494452683,0.484290325525047,0.643140740003153,0.442092754167058,0.565541482940864,0.150246195125534,0.152697399412857,0.395437784645871,0.471317641804545,0.371158862658145,0.454859209019898,0.433341852556108,0.544496752472278,0.418614063785586,0.463577644752708,0.343269531192969,0.332587953,0.431800049640109,0.443119384462646,0.325513562114869,0.38554016201075,0.39077290953905,0.57120387742339,0.315007557275109,0.210101695,0.32263886820551,0.426817374038223,0.255249183,0.416048474945534,0.363347570595381,0.506796506098935,0.340904726420725,0.182691416517448,0.346471794871795,0.34459245852187,0.257848669555213,0.400235587868106,0.276631915811068,0.522733839359186,0.379709663557259,0.539800224808078,0.494179450391789,0.485025015634772,0.279565510034185,0.39200665993588,0.287719218926462,0.463761047484757,0.430775379270288,0.550161548449437,0.379627663339704,0.496950603558476,0.281255476549594,0.512082504193231,0.298557828928673,0.538488900784446
"143","SW_8888",1,242,18,7,0.473529494673133,0.48963578327737,0.450473396519733,0.470126874279123,0.36368212738317,0.483796405347723,0.421395946123426,0.531527557,0.374049987642116,0.516558364,0.470072743474115,0.633381218276225,0.482914507831891,0.596066260243392,0.196924114,0.174578906062673,0.400549447456272,0.504280924,0.414193443599253,0.515345911949685,0.483556535736467,0.606088106434127,0.449303496989347,0.582306623436776,0.401857625961777,0.397393894266567,0.420725437787198,0.432247085126854,0.307668079,0.45625420004505,0.435802891513078,0.612247912298127,0.322233824496268,0.269546066116678,0.329036485480268,0.453417920079424,0.24690668697758,0.471075502,0.442146693272207,0.60009711388527,0.328135473042216,0.198248976584701,0.289829414039053,0.35424507,0.258398374580794,0.433133485104404,0.281074958305566,0.591081974958658,0.41716866,0.580150461,0.487532226235041,0.464341247198814,0.288797368121724,0.396554584350474,0.313954375524529,0.515313370388267,0.456335144499567,0.587560906768736,0.382706456972256,0.514137550539434,0.266058447511735,0.532399289,0.265822795428332,0.542058425081262
"144","MESQUITE",1,243,18,8,0.501794961803988,0.485990672483827,0.44427100379332,0.486286335302862,0.356222078833332,0.458095772025768,0.409677784448228,0.513109895,0.356282096,0.502059990662932,0.464929924572453,0.632783351173732,0.459342385485635,0.593403292324223,0.220002077747149,0.22186667669717,0.383144620676728,0.48915205992086,0.406305704099822,0.518752807848934,0.463336111602219,0.588409399,0.437558019320556,0.568906725453064,0.477438570364855,0.455930387046852,0.395287551704327,0.42848669852731,0.314656536878759,0.473419734465486,0.413192778759493,0.596565904,0.422022680039758,0.360717366125336,0.318084884586746,0.446553884338546,0.231908068783069,0.458542639277933,0.419001581871022,0.573808814332487,0.307442873790343,0.240352487056647,0.286385319255907,0.351150125691302,0.262709912034989,0.438075581109637,0.270585767124688,0.572408157652559,0.406118420188441,0.566297365917369,0.412965272412905,0.442743258654306,0.296656604632036,0.393158166434802,0.298768382352941,0.512759267769608,0.452976055634064,0.583877916,0.35501880004497,0.500697621159315,0.245958212344767,0.519888810224945,0.233906798310831,0.512035164588248
