"","X.1","Germplasm","Rep","Plot","Row","Range","yld1","yld2","yld3","yld4","yld5","yld6","GNDVI_62","NDVI_62","GNDVI_76","NDVI_76","GNDVI_90","NDVI_90","GNDVI_96","NDVI_96","GNDVI_104","NDVI_104","GNDVI_114","NDVI_114","GNDVI_124","NDVI_124","GNDVI_130","NDVI_130","GNDVI_138","NDVI_138","GNDVI_144","NDVI_144","GNDVI_150","NDVI_150","GNDVI_166","NDVI_166","GNDVI_174","NDVI_174","GNDVI_180","NDVI_180","GNDVI_188","NDVI_188","GNDVI_194","NDVI_194","GNDVI_200","NDVI_200","GNDVI_206","NDVI_206","GNDVI_216","NDVI_216","GNDVI_222","NDVI_222","GNDVI_228","NDVI_228","GNDVI_236","NDVI_236","GNDVI_240","NDVI_240","GNDVI_256","NDVI_256","GNDVI_264","NDVI_264","GNDVI_270","NDVI_270","GNDVI_278","NDVI_278","GNDVI_284","NDVI_284","GNDVI_292","NDVI_292","sca_yld1","sca_yld2","sca_yld3","sca_yld4","sca_yld5","sca_yld6","GNDVI_118","GNDVI_152","GNDVI_181","GNDVI_208","GNDVI_245","GNDVI_294","spa_int_yld1","spa_slp_yld1","PEE_114","spa_int_yld2","spa_slp_yld2","PEE_150","spa_int_yld3","spa_slp_yld3","PEE_180","spa_int_yld4","spa_slp_yld4","PEE_206","spa_int_yld5","spa_slp_yld5","PEE_240","spa_int_yld6","spa_slp_yld6","PEE_292"
"1",1,"SW_8421S","1","100","1","1",8.65,4.95,5.6282017794,4.25,7.55,6,0.0328406102927246,0.50529286200493,0.0338316035269794,0.482267331226396,0.186799418230182,0.409757703591083,0.246545043248556,0.516661909870189,0.324351272468279,0.474185409457901,0.260241026248776,0.546104231166151,-0.0288275230503773,0.333463729878541,0.225951884621499,0.478717204408706,0.27041929768546,0.461626668405722,0.306800091539488,0.519151212796554,0.20026691053264,0.435629481534466,0.0890962489898094,0.433431328050914,0.159363680521966,0.405763186,0.298644311074377,0.518068461906339,0.0152061369639757,0.196076809549295,0.102232817790464,0.45362442293373,0.197004707581136,0.443032065146734,0.268708518518311,0.530657021242288,-0.00133642321405265,0.395445782775201,0.133343199922506,0.366470387129211,0.159068236243286,0.454635431201195,0.280881056076038,0.497187168,0.283824594624533,0.474135886912905,0.143850793027699,0.381350054023416,0.211827924530833,0.46675181577651,0.312537968346095,0.526371207963211,0.209837922424466,0.495678319462562,0.177382887306392,0.457540675395347,0.282542400368924,0.473455025659027,0.235321180100541,0.169815944196978,0.200175166470253,0.186989887490952,0.234354120658809,0.270088733095095,0.235321180100541,0.169815944196978,0.200175166470253,0.186989887490952,0.234354120658809,0.270088733095095,0.0261847030197954,0.00433348747238214,0.0336905234631249,-0.0112400938462928,-0.00414285960072599,-0.0184157371320179,-0.00658490881776611,-0.00221440331372463,-0.0104203678488255,-0.0100285647941708,-0.0166473735571258,-0.0388626614816894,0.00654250149668323,0.00211636465999074,0.0102081525991119,0.00342157571090992,-0.00441383244421446,-0.00422340630515769
"2",2,"SW_1011","1","101","1","2",8.25,5.2,5.2720288434,4.2,7.55,5.85,0.0335551686502355,0.526384333784665,0.0138933424177253,0.486025107400164,0.16108875822427,0.385085204734654,0.202789717378782,0.498336105397488,0.279979235161793,0.450736323941341,0.21404378443158,0.529030016329482,-0.0114564293773628,0.210377093195915,0.215111922959321,0.470494608949887,0.276661562601036,0.443445280278429,0.294876639931627,0.4979916753026,0.201771147538461,0.43155176153986,0.0857068729167136,0.439651174403898,0.165513070986968,0.355536675798114,0.278354954696705,0.488315062346626,0.0314563098180548,0.163948951,0.0711278245580892,0.403262691,0.179363998982285,0.424282087336927,0.25587931487308,0.487728727513519,0.0159220215076549,0.27662863610576,0.137061674129616,0.332867223914798,0.164639389397493,0.456729863875375,0.282615655838825,0.518221260811464,0.289729610090972,0.497647567457593,0.131257089134412,0.370238942912305,0.19461228320925,0.466265318627451,0.300957038004688,0.528223687392194,0.19798784684945,0.47694036,0.184181140436236,0.459461391394165,0.265872342259239,0.457084134631271,0.224439275818435,0.17839250703521,0.187507358962542,0.184790006461646,0.234354120658809,0.263336514767717,0.224439275818435,0.17839250703521,0.187507358962542,0.184790006461646,0.234354120658809,0.263336514767717,-0.0049011682249311,-0.00142371463364963,-0.00736711429511566,-0.0130364471019219,-0.00480728354745192,-0.0213629064161129,-0.0190408538402642,-0.00637616547976375,-0.0300846963604214,-0.0128373822964779,-0.0213516563863402,-0.0498195358217636,0.0118690972932981,-0.00146574685098919,0.00933034928744477,0.00132839376244504,-0.00426320317255912,-0.00605569070314852
"3",3,"SW_9813","2","102","1","3",8.1,6.25,5.0111388022,4.55,7.6,6.2,0.0470701671561056,0.522154188188489,0.0135829361003428,0.50092497054035,0.148541835296467,0.393932395698328,0.189873867720608,0.485963157456031,0.263706565799375,0.434959040313503,0.216467942444383,0.534433815315994,0.0079801800828834,0.221944413099121,0.198151056102928,0.466620504073004,0.255663433046702,0.44346133501442,0.278315495426532,0.488874969481137,0.229371472251382,0.457521790547939,0.107402060015218,0.407116334859124,0.179301784891778,0.383472990335735,0.278017087016715,0.488329654563514,0.0336870300807948,0.159419280908844,0.0620004805655065,0.3941242,0.181970812137867,0.42115771765809,0.254036571387711,0.489358516979355,0.0215206494619837,0.25598340398462,0.128479409109168,0.327397888386124,0.163720905844786,0.443487013781792,0.268496885969879,0.49004640158527,0.267745637902828,0.469761436970233,0.117295179946817,0.378423497913221,0.185439405496274,0.454384849486703,0.289148156463085,0.541668914035447,0.203237327234187,0.488517597171239,0.192805584872196,0.468163162700978,0.283191185872799,0.476864751015496,0.220358561712645,0.214414070955781,0.178228425925921,0.200189173666784,0.235906134702907,0.279091690864931,0.220358561712645,0.214414070955781,0.178228425925921,0.200189173666784,0.235906134702907,0.279091690864931,0.000211200977696944,-0.000380199732730275,-0.000447324273538314,0.000276543571461366,0.00010153880033173,0.000452413931806979,-0.0127402183982397,-0.0043394654850978,-0.0202563930632757,-0.00914453733025723,-0.0152077445532463,-0.0354851234499032,0.0130600441930024,-0.00238993396862752,0.00892055715069391,-0.000904621185097446,-0.00208387761932663,-0.00451400308275423
"4",4,"DONA_ANA","2","103","1","4",7.2,5.5,5.1393579382,4.35,6.65,5.85,0.029870457848085,0.532223355304067,0.0112411776777579,0.505515270046638,0.122051048578054,0.395501331220512,0.183186511677547,0.486750517506651,0.251531651129348,0.439575429746668,0.190215721725282,0.519088028076792,-0.0337281913372323,0.342362219392187,0.196808007271335,0.463485254792699,0.251246586389303,0.445642511031104,0.279134374248904,0.496727579920857,0.225448518760485,0.460876754,0.117799656286599,0.41551412261107,0.189720243163176,0.401091848150672,0.278274693865172,0.497289114520104,0.0419770219463839,0.170132035147515,0.0672201041780616,0.40109089103996,0.179615259971791,0.437644910553863,0.253097691804676,0.495551272740815,0.0299741340852103,0.232981023655342,0.14246209433753,0.338474157667971,0.184127052892509,0.458146924187902,0.267265511355966,0.498107266643395,0.27292030187504,0.489623865110246,0.142387918538546,0.39571707308537,0.20056523061545,0.484986404718137,0.321060943680901,0.555711565707858,0.206154306760843,0.500934297694444,0.178660288385246,0.460104186470969,0.252846326262247,0.456123141449093,0.195874277077907,0.188684382441087,0.182788725627224,0.191389649549562,0.206417867865044,0.263336514767717,0.195874277077907,0.188684382441087,0.182788725627224,0.191389649549562,0.206417867865044,0.263336514767717,-0.00199454355230631,-0.000941993742197136,-0.00362612456707385,0.00374831615419159,0.00138453774356937,0.0061464058605711,0.00040043245290406,-3.23229944040415e-06,0.000394833946072468,-0.0107753725733288,-0.0179402963217528,-0.0418488771696578,0.0179239268884191,-0.00174169857606048,0.0149072164763947,0.00688298669235529,-0.00530270850442044,-0.00230157381489293
"5",5,"NM1715PAR","3","104","1","5",3.85,3.55,3.1241909342,2.6,5.3,4.5,-0.057163995792802,0.536258318629103,-0.0650010365639794,0.501394492815177,0.0290581928600232,0.335390552552616,0.0936899551266796,0.460989020001509,0.169164121490995,0.379692902802147,0.114139590295786,0.44612424555149,-0.00244658492275714,0.327746342896344,0.090321961373115,0.441030664347278,0.155372945531034,0.330306653,0.190198551909036,0.451355919496752,0.138286061614684,0.41958517285116,0.0724576843109021,0.418901806524213,0.13100459511669,0.328259165,0.23295636846682,0.443908325056101,0.0421816764755843,0.167779927220155,-0.00128868379286425,0.366540580789278,0.101505004322728,0.393254657699929,0.164619930093668,0.44039369602621,0.00879447547761924,0.199003295778512,0.081842014156992,0.306940372046254,0.135409709686406,0.394889917015495,0.224732410859339,0.46080056065065,0.246797403812962,0.473711341173468,0.0707617291038527,0.340406345,0.133219391163441,0.427203068382082,0.279378520558699,0.50934192319921,0.213373432001777,0.498015201284351,0.171728368869936,0.451260250706617,0.278856406177343,0.485532524435457,0.10473832871527,0.121787192302883,0.111116385810356,0.114393813523876,0.164513488674396,0.202566549821321,0.10473832871527,0.121787192302883,0.111116385810356,0.114393813523876,0.164513488674396,0.202566549821321,-0.0383738403908124,-0.00762169365950344,-0.0515750009911102,-0.0347875112765638,-0.0128018328044572,-0.0569609360269901,-0.030970789211409,-0.0103961167058679,-0.0489773914687008,-0.0181304093924563,-0.0301368851348245,-0.0703290253997371,0.0112505638917613,-0.000811888723298826,0.00984433137906062,0.00293520764508786,-0.00324886219198315,-0.00269198671362631
"6",6,"NM170506PAR","3","105","1","6",5.1,4.65,4.7782899642,4,6.45,5.45,-0.0119042032837206,0.521662905571436,-0.0379905400143868,0.48444705382684,0.0344764886975302,0.334900997166249,0.115192358649716,0.465778129890069,0.181364043086297,0.38756024468611,0.143627719228327,0.478585630056218,0.00707917274560244,0.287568444752524,0.147468435192009,0.455452721810324,0.190336660898777,0.379449993834012,0.247201726262611,0.471233992380407,0.207380355538823,0.452189734659936,0.113649842980783,0.370484109726396,0.180408681420868,0.397844156014091,0.288210789796162,0.493979899,0.0482901540975771,0.167922363320845,0.064478102747849,0.329151802045611,0.150172937198906,0.427288748832866,0.246644339840902,0.461344092818886,0.0388723289373442,0.176115611409729,0.119784200106816,0.331970659343521,0.154087969551315,0.450396186544793,0.253409555715274,0.502666328174859,0.271120754800878,0.501600303246957,0.109931042386965,0.387651132720478,0.167942832343772,0.465664657562117,0.304514122115395,0.538502624946937,0.217896879152566,0.526272011,0.163854821988111,0.456486697243,0.280541232470649,0.47157297360547,0.138744279596851,0.159524068791101,0.169946818987155,0.175990482344425,0.200209811688651,0.245330599228044,0.138744279596851,0.159524068791101,0.169946818987155,0.175990482344425,0.200209811688651,0.245330599228044,-0.0388758182642376,-0.00758868244849193,-0.052019801770094,-0.0226457109825147,-0.00833612058908558,-0.0370842953177369,-0.00965711909902964,-0.00333137448028186,-0.0154272289327014,-0.013862588163209,-0.0230915624030369,-0.053858347296639,0.0152747773723805,-0.00414135150779507,0.00810174618022287,0.00237572554483781,-0.00421037026200007,-0.00491684963575563
"7",7,"NM1704PAR","4","106","1","7",5.45,5.15,4.5367336588,3.9,5.95,5.6,-0.0346002748752517,0.521731441084533,-0.0398946194267045,0.455283252260836,0.0459882383702121,0.342958890010073,0.10914123112975,0.465084081477886,0.180589516992419,0.388454474927226,0.143107258646913,0.487622360594149,0.00488105817516805,0.384260348882405,0.120762906205858,0.438405451050094,0.197960902446872,0.383288045447299,0.244900696506764,0.4963245750789,0.217752911658345,0.470243674536084,0.0910292837386727,0.395269159153903,0.176692444322638,0.400882446045845,0.300745398664641,0.514334694478167,0.0429869802277006,0.170537615119658,0.0410191528298967,0.332430876147927,0.142896253195969,0.421840856974188,0.257863664468833,0.473658536585366,0.038006458183944,0.166802714960996,0.111601511392626,0.328968124685772,0.165844186305512,0.48045452987687,0.245321419217539,0.496410047565151,0.265095474742971,0.505407816198488,0.0861059350700493,0.343765825830555,0.17325167197875,0.45214537377451,0.309912632668781,0.533327400279752,0.223640833858172,0.542249222191885,0.180925466224541,0.478340053970306,0.291402991241684,0.495994005960996,0.148265945843694,0.176677194467563,0.161355518330102,0.171590720285815,0.184689671247671,0.252082817555422,0.148265945843694,0.176677194467563,0.161355518330102,0.171590720285815,0.184689671247671,0.252082817555422,-0.0236454886290899,-0.00461232902086822,-0.031634276799548,-0.0188495219574706,-0.00693602363820865,-0.0308630672488488,-0.0134558757478416,-0.00457508164849783,-0.0213801495771876,-0.0142877771903743,-0.0238244951224626,-0.0555530130268318,0.0100545809081599,-0.000670362148117202,0.00889347961322383,0.0105436942969233,-0.00405365058734825,0.00352256555418633
"8",8,"NM1712PAR","4","107","1","8",3.7,3.4,3.2349250888,2.9,4.85,4.3,-0.0929553940798541,0.5311846983485,-0.0830321584428994,0.467783093700423,0.0222325069382014,0.327377111607096,0.0642697951732166,0.455966663058062,0.159599021458694,0.371260366891855,0.133731926261425,0.462904401172742,0.0114507390611948,0.365072533,0.0932734259641822,0.426528291477372,0.190332146753842,0.343163061819297,0.209009808377812,0.453323689573153,0.181944131053765,0.427056204720501,0.0379558967578695,0.396205201531921,0.130771657807389,0.345313006750915,0.262379298811054,0.458579075157267,0.0407875134191225,0.171951214503397,0.0086345860796446,0.360350856291884,0.104580809451492,0.401595276999689,0.215805085326964,0.448463676658403,0.0272337158806135,0.179055854378666,0.0860211496401397,0.328284849541001,0.160464758223187,0.440502117451225,0.222202092616636,0.473782928024653,0.231531840357676,0.476878170159824,0.0780848093790115,0.337880673018873,0.162475196078305,0.438745482340508,0.270293054504258,0.501879466,0.200508183138875,0.504791742137501,0.157550736208621,0.452382726846395,0.260108131677197,0.471968306504187,0.10065761460948,0.116641254599945,0.115054806766074,0.127593099699708,0.150545362277513,0.193563592051484,0.10065761460948,0.116641254599945,0.115054806766074,0.127593099699708,0.150545362277513,0.193563592051484,-0.0389633325544238,-0.00733264882639374,-0.0516638528202981,-0.0465837614488442,-0.0171510160638013,-0.0762901925429642,-0.0400307515067538,-0.0133198504883134,-0.0631014092009175,-0.0205138304201756,-0.0340874176362455,-0.0795549694069687,0.000738739835180746,-0.00313258144610746,-0.00468705036461483,6.62172610919079e-05,-0.00498082025475889,-0.00856081644581944
"9",9,"NUMEX_BILL_MELTON","4","108","2","8",6.15,5.55,4.4770782048,4.35,6.15,5.5,-0.0696491063944592,0.531500091937883,-0.0212522164650473,0.465120357762982,0.0439001908987176,0.353965109888149,0.119113813245988,0.468231324653,0.185113823151737,0.391167030537705,0.191915845132087,0.47969675155504,-0.0186072098833915,0.37062441675309,0.106571305178067,0.436743536344259,0.184435100048304,0.383190585916554,0.229705320119051,0.477566741595737,0.245990050769776,0.475057408590866,0.0206577746336793,0.422134346703531,0.120408859164682,0.346853916050473,0.277802089408177,0.48185955990834,0.0119856496375506,0.171798318169286,-0.00569715249649348,0.396729709605361,0.117457159228356,0.401916238717709,0.237412574144694,0.480654269212375,0.0296583909486107,0.16903634647466,0.0690949685334101,0.329588134741076,0.172927091629391,0.428337117303062,0.238464216568105,0.469003720891342,0.228990097916672,0.445209129684987,0.0486119255958969,0.328410825938325,0.156779426772328,0.41283873314951,0.278401343207508,0.50264268040761,0.201747458216674,0.476441857269559,0.167876998634528,0.448978052759565,0.262190343931982,0.459054171044893,0.167309278337379,0.190399695008733,0.159233785509681,0.191389649549562,0.190897727424063,0.247581338670503,0.167309278337379,0.190399695008733,0.159233785509681,0.191389649549562,0.190897727424063,0.247581338670503,-0.00623165917477659,-0.00119054503480757,-0.00829374365475108,-0.0165911127184375,-0.00609984397568798,-0.027156352356403,-0.0196942229836652,-0.00651815659517387,-0.0309840013288614,-0.00850347022354905,-0.0141311828062687,-0.032979396708093,0.0106023671332448,-0.00145426207930408,0.00808351133537649,0.0122845034374881,-0.00536568130806375,0.00299087083531123
"10",10,"NUMEX_BILL_MELTON","4","109","2","7",4.95,4.6,3.9865131968,3.7,5.7,5.6,-0.0671238707592469,0.516240600257016,-0.0342603205980691,0.45164719255136,0.00282264594672618,0.330002186092923,0.0862726771599999,0.455462114576465,0.143716890878126,0.364416673532158,0.160534611712832,0.434316083224143,-0.0463870140129258,0.398458347438729,0.0886035501969586,0.430470314262177,0.150077839889962,0.351849345352499,0.205611154973761,0.46287557758146,0.207258768225367,0.446375197143544,0.043681105777225,0.39897614802641,0.119031624890818,0.335858773304971,0.263157709641382,0.464081043299121,0.0284186127632254,0.157625656077668,0.00923790088001991,0.365775725986597,0.131135325120389,0.389059057886103,0.213375474207127,0.457528768093965,0.0245956924894572,0.157133440060269,0.0655530619719509,0.324588223275826,0.140791693386589,0.421035862035201,0.232184536739947,0.453675076995973,0.214539097678342,0.426711388787633,0.0426105852839617,0.329561557777953,0.15295152590964,0.421076100133093,0.280346595683503,0.518902222682313,0.212269815110197,0.496080013657619,0.178915496549465,0.455133317278646,0.286544474628507,0.485777414281221,0.134663565491061,0.157808756223455,0.141786128870876,0.162791196168593,0.17692960102718,0.252082817555422,0.134663565491061,0.157808756223455,0.141786128870876,0.162791196168593,0.17692960102718,0.252082817555422,-0.0330140029940206,-0.00643937677985552,-0.0441673306970708,-0.0373712416198836,-0.0137447677515406,-0.0611778775997537,-0.0267838482294728,-0.00896699319104465,-0.0423151359596162,-0.014951277005425,-0.0248589262945763,-0.058008200181087,-0.000276840530915152,-0.00436417227818027,-0.00783580861667511,0.0150115434992929,-0.00270948337548886,0.0103185806511907
"11",11,"NUMEX_BILL_MELTON","3","110","2","6",5.3,5,4.4937223042,4.05,6.35,5.5,-0.0373083082462242,0.507060839165461,-0.0302589063151538,0.476340424468789,0.0182310370692666,0.374635124798341,0.117661039812151,0.468638768875461,0.169058140542414,0.390081596364036,0.192376581126762,0.439497317,-0.0368785923974981,0.362371820016944,0.10924894934036,0.440287833794891,0.160350504516235,0.368062982768865,0.231535037677082,0.473434337238545,0.215296679588959,0.443306109446669,0.0769987177772129,0.400364755522462,0.142651018377977,0.340028140458557,0.270706803544183,0.476682853253872,0.0302751187543917,0.160261054568455,0.0151374232720752,0.346829883345743,0.135747333632853,0.389953703703704,0.215866704696943,0.451376543515266,0.0199198496100454,0.173480846299571,0.0778641859172338,0.339438914027149,0.126342471748037,0.405870113338719,0.239512737413748,0.471798583125939,0.219137514326786,0.429629312965496,0.0408730808171007,0.332334654522228,0.13222135520344,0.42297669608267,0.289218767101026,0.506525999359949,0.210674801696753,0.490877960018155,0.169752308957741,0.450092483448885,0.276360614943807,0.47287366918456,0.144185231737904,0.171531256764625,0.159825757066269,0.17819036337373,0.197105783600455,0.247581338670503,0.144185231737904,0.171531256764625,0.159825757066269,0.17819036337373,0.197105783600455,0.247581338670503,-0.0305220335671094,-0.00598627356352448,-0.0408905634818308,-0.0197842962136232,-0.00727312115062547,-0.032381711521061,-0.0106062680265217,-0.00362565018925266,-0.0168860783373369,-0.0100661930139343,-0.016755382485027,-0.0390873666514314,0.0103823287739856,-0.00659670974484403,-0.0010435076169393,0.00306194532387467,-0.00250234048872501,-0.00127223552149387
"12",12,"NUMEX_BILL_MELTON","3","111","2","5",7.55,5.6,4.7881249142,4.45,6.6,5.85,0.0014307516373706,0.578294970161978,0.0106658016031397,0.483388161743811,0.072841601741571,0.38323251,0.18123340813314,0.474376273807014,0.231448657632515,0.425844283791948,0.240274302744543,0.465062943766113,-0.0371655284778057,0.351643300967048,0.140747945821025,0.456698757708396,0.170052685734203,0.398764696858955,0.254602606047811,0.49423214541291,0.226740884149855,0.454356892918498,0.077191283805412,0.437712441373746,0.129259986836183,0.337438812,0.257756452460508,0.482339697605121,0.0209082982670175,0.171251966460695,0.0206013415284855,0.41127308937911,0.12964187428721,0.408973506069094,0.211027996110987,0.479148732663797,-0.011875512755443,0.205326560419817,0.0707366524568083,0.349780365716621,0.134783418589707,0.399869574796211,0.233159758531337,0.458827884387586,0.216817110441304,0.440953163732715,0.0589913223938608,0.362569406164965,0.137787962655259,0.434655522365196,0.288781449095342,0.511862324175125,0.202943506222664,0.476889132292782,0.169744982577601,0.442670992982412,0.27228155053267,0.4683827290507,0.20539594332475,0.19211500757638,0.170296613260822,0.195789411608173,0.204865853820945,0.263336514767717,0.20539594332475,0.19211500757638,0.170296613260822,0.195789411608173,0.204865853820945,0.263336514767717,0.0217607261387058,0.00353644609960773,0.0278860304346882,-0.00726056831896229,-0.00266618153250658,-0.0118785301752855,-0.0123402195611119,-0.00419453695865356,-0.0196053706559773,-0.00794764787047913,-0.0132126230264785,-0.0308325821535896,0.00616620217901964,0.000374202034689134,0.00681433911256458,0.00618726230791864,-0.00396197487343667,-0.000675079441197234
"13",13,"NUMEX_BILL_MELTON","2","112","2","4",7.2,5.15,4.1551414542,4,6.2,6.05,0.00223832453150583,0.560704578506594,0.00768794442128214,0.477032132878635,0.0777119977233166,0.378304261823413,0.186030414961233,0.486385228342634,0.230633531878578,0.429888401,0.256747612908371,0.47537317851489,-0.0298432178499772,0.321358165994086,0.140616749981484,0.443631907734862,0.175185693912394,0.377780857354028,0.238647299545802,0.472395486097908,0.209720135999137,0.428060537,0.0608729331701248,0.445694610488302,0.116872656446059,0.308534562,0.244857438373451,0.450358126111354,0.0153814108387192,0.173129038144518,0.0134007056150212,0.392858376768429,0.143630611348312,0.37698148582142,0.213674344818397,0.436587014957371,0.00169223534130855,0.216793801452058,0.0771613740513186,0.323000904977376,0.149480045534116,0.422233230134159,0.239456544784629,0.459783017684686,0.228536571157051,0.427022785864117,0.0717260707851518,0.358449970774218,0.156876292802866,0.443434523254467,0.292206881428632,0.518903921746251,0.1895375971841,0.472933181767079,0.188454712603517,0.462725432053163,0.271913892816214,0.497323270314093,0.195874277077907,0.176677194467563,0.14778363763472,0.175990482344425,0.192449741468161,0.272339472537554,0.195874277077907,0.176677194467563,0.14778363763472,0.175990482344425,0.192449741468161,0.272339472537554,0.0191312279283846,0.00292278290630391,0.0241936363994746,-0.00364667433320639,-0.001335016973896,-0.00595899155085653,-0.0118374865333602,-0.00401890968102242,-0.0187984422615029,-0.00628901767618198,-0.0104351771221473,-0.024363274558739,0.0111484997037123,-0.00224206421823577,0.00726513058086565,0.0125432655070423,-0.00339486107344593,0.00666319366889144
"14",14,"NUMEX_BILL_MELTON","2","113","2","3",8.1,5.15,4.2371084442,4.6,7,5.95,0.00905965287228169,0.56627956541565,0.0158132128438726,0.484966876111243,0.109675796833907,0.376925965494991,0.184170355812111,0.501522338900426,0.240634269601201,0.44923182948393,0.252726050490674,0.496861430951249,-0.019278042100474,0.23504640003439,0.147753041354409,0.449645992955513,0.20041324735625,0.40250778268049,0.254434147449601,0.479940808440164,0.204431866184392,0.428556743139796,0.0611819300460838,0.449995698516433,0.140351536447432,0.3407876,0.260669126603334,0.474095206562925,0.0227755792627611,0.165282237791725,0.0388027987395411,0.395605857532887,0.165015964045066,0.391626595082477,0.238234689241122,0.452559136224846,0.0100941396836844,0.22502044984111,0.0993996305862714,0.329296789713945,0.147290265222571,0.427159579936844,0.250697109283259,0.470569770196636,0.237182018814932,0.440679054567563,0.0813461672893656,0.35301782292569,0.161662294849941,0.435882844650206,0.290888497830218,0.520956352,0.180898721709753,0.463477779304544,0.185596106630963,0.461617720994884,0.268383592494437,0.496120065822082,0.220358561712645,0.176677194467563,0.15069891262155,0.202389054696089,0.21728196617373,0.267837993652635,0.220358561712645,0.176677194467563,0.15069891262155,0.202389054696089,0.21728196617373,0.267837993652635,0.0245549894840788,0.00402347310702973,0.0315238492978881,-0.000860570790407514,-0.000316849675780259,-0.00140937052482245,-0.00504305384985869,-0.00175711650319902,-0.00808646889491776,-0.00230649732921965,-0.00390536014596572,-0.00907077949432769,0.0190693950851609,-0.00104651851774518,0.0172567718492855,0.0133960410425888,-0.00500464026261229,0.00472774987201898
"15",15,"NUMEX_BILL_MELTON","1","114","2","2",7.2,4.45,4.7169582174,4.1,6.5,5.85,-0.00671307208996708,0.537087703298374,0.0201194397323273,0.469926449693262,0.119908839752101,0.402578762940483,0.19249228265847,0.487584433137485,0.256719868173787,0.439425001042231,0.265344593588491,0.491199503294678,-0.031566392718237,0.252738954355836,0.141095358532425,0.445771790966471,0.219068346370883,0.389348651507905,0.262515422313875,0.482518384482747,0.190101104772381,0.413097366924443,0.0274610660654477,0.447131602653669,0.128025200677571,0.32863901,0.266100531053776,0.481351028216165,0.00902175827338889,0.174446606025553,0.0239194237742748,0.415536957061306,0.149245324858295,0.387019919078743,0.234142881280888,0.462781011853391,-0.00791872802827191,0.284595850062468,0.0872658745237899,0.312496732026144,0.131637506672944,0.413649408827201,0.251252334683659,0.475769785526151,0.245905962906385,0.440770202233444,0.0751953683969522,0.360349283845622,0.162451143308981,0.427007903608194,0.285509683630517,0.504900162889289,0.183716699979906,0.450677925874108,0.193096956818153,0.455628815628816,0.28144424135574,0.486915066111696,0.195874277077907,0.152662818520516,0.167765466379909,0.180390244403036,0.201761825732749,0.263336514767717,0.195874277077907,0.152662818520516,0.167765466379909,0.180390244403036,0.201761825732749,0.263336514767717,0.00485952466399361,7.1866772520737e-05,0.00498400156483157,-0.0213176016275013,-0.00784892699644105,-0.0349123419108286,-0.0171347916561878,-0.00567528867435046,-0.0269646799448275,-0.00857141400067285,-0.0142167396831276,-0.0331955293422258,0.000413596053658407,-0.00377939347630722,-0.00613250544049429,0.000582324153582356,-0.00205405101767414,-0.00297539655482095
"16",16,"NUMEX_BILL_MELTON","1","115","2","1",8.9,4.95,5.2052737314,4.7,7.25,6.2,0.00265125032304157,0.504305368,0.0388107779934469,0.468420171636291,0.14572562221955,0.406561275832038,0.236478650423903,0.508774906144837,0.300870012395015,0.469872336189378,0.302926223208689,0.528752372228213,-0.0353971243101055,0.345511260135734,0.173944649547651,0.462675854148722,0.225835925690801,0.428971061963672,0.28389022263878,0.510234179141742,0.191610409109779,0.419779539514987,0.0381411503664069,0.43696507096459,0.123861989331056,0.382995887873937,0.2984669869991,0.513788765036972,-6.0406160161362e-05,0.24311014728472,0.0651865094187376,0.428708729183301,0.175148287229423,0.419762909147723,0.261434552562797,0.493508211620318,-0.0152290446720039,0.416836266477586,0.0902637332894493,0.344027810327318,0.135440081223486,0.429521921128002,0.262394201439637,0.4761460554371,0.265609887656165,0.461969902050266,0.104502112846882,0.358990988917685,0.197421053569426,0.453826482315076,0.320759711601785,0.537808908161785,0.203664665203127,0.486786837053785,0.2004561328848,0.470709912924446,0.302832640777031,0.507389619143916,0.242122370276857,0.169815944196978,0.185133116499123,0.2067888167547,0.22504203639422,0.279091690864931,0.242122370276857,0.169815944196978,0.185133116499123,0.2067888167547,0.22504203639422,0.279091690864931,0.0398943564218243,0.00682446043286092,0.0517146685741294,-0.0115319055008689,-0.00425035058526903,-0.0188937286323646,-0.00423927332049913,-0.00136795997160715,-0.00660864948368927,-0.00222359998560423,-0.0037121349538055,-0.00865320630205102,0.00660067557244426,0.00211926358200281,0.0102713477550631,0.0216058981745184,-0.00694979031665693,0.00956850829672053
"17",17,"AFX_779","1","116","3","1",9.3,5.3,6.3925766834,5.05,7.8,6.6,-0.00799051991720703,0.49456386,0.0848040046619892,0.472487671,0.109144585799002,0.479552658854819,0.242932488074895,0.511315762711308,0.248761513246751,0.423613311376996,0.333017009069572,0.532101436671653,0.0410915365304831,0.296311396721497,0.198150647993983,0.477002208673689,0.225984329949305,0.447670972616506,0.304252251968035,0.535745423,0.237067473876397,0.451532296,0.0677962523295786,0.44171450213047,0.133388261816279,0.408621506660722,0.321458631660618,0.535321315713473,0.000812668090783758,0.2801831,0.0956986120649763,0.443544105237032,0.177682777516588,0.434210608546207,0.285432323103284,0.510881985064195,0.000405628444344957,0.364860508276428,0.0825126234608277,0.340740807509029,0.143446655720869,0.412402378495258,0.261890693022116,0.443689772258481,0.270999534776128,0.460133921465017,0.080887140399113,0.380650269925016,0.208222918567112,0.454742533587509,0.326726613247679,0.554049905337123,0.216699274182969,0.454116814,0.225806858791481,0.459212573918456,0.316918751682324,0.514886414924026,0.253004274558963,0.181823132170502,0.227361269536763,0.222187983959837,0.242114190879299,0.297097606404604,0.253004274558963,0.181823132170502,0.227361269536763,0.222187983959837,0.242114190879299,0.297097606404604,0.0386984926681278,0.00693490219207314,0.0507100955578298,-0.00341238720803304,-0.00126774422967684,-0.00560818461524019,0.00273074104627934,0.000993236700960506,0.00445107746876734,-0.00205840897415464,-0.00342822338111281,-0.00799626602398979,0.00070937188955871,0.00132106133001427,0.00299751722305899,0.0165581477940582,0.000934125200216758,0.0181761000943938
"18",18,"NM1703PAR","1","117","3","2",7.45,3.9,4.9663417054,4.55,7.15,5.85,0.00324107511561749,0.523223008,0.0755707056129148,0.468556915519831,0.0768023129514694,0.482247162486645,0.205201430132838,0.499188720159303,0.205503704728123,0.39939069644952,0.266875410891536,0.51361841507248,0.00055347648324966,0.319622888892471,0.178166250531684,0.460100694503086,0.202063331924339,0.389309078440396,0.260008796617445,0.488385152257554,0.220178651518834,0.442100480180112,0.0474776702262353,0.461995948,0.125423700605479,0.338677727501257,0.270810969963315,0.483562929445282,0.00824509517134281,0.225116480724959,0.064812725432884,0.4171385455448,0.155985262046474,0.421001206037971,0.247916636662558,0.503512828432068,0.0249132954913656,0.231479645252959,0.0950120721912702,0.321533634992459,0.135924464508381,0.376207387824043,0.234978846860971,0.41861881238739,0.229963866104946,0.436175522941495,0.0769920476253662,0.384883674130071,0.181855015088136,0.431133491009893,0.297420617464256,0.548002003591544,0.184877512684164,0.429189967202284,0.198948108450077,0.431755157568306,0.274795125213425,0.491196783153007,0.202675467254223,0.133794380276407,0.17663515214847,0.200189173666784,0.221938008306024,0.263336514767717,0.202675467254223,0.133794380276407,0.17663515214847,0.200189173666784,0.221938008306024,0.263336514767717,-0.00649961417925044,-0.00190307812085554,-0.00979584216094078,-0.0269161310616597,-0.00991271623642083,-0.0440854591491254,-0.0248396834719446,-0.00820693425840082,-0.0390545105197551,-0.00934520324808949,-0.0154733067164036,-0.0361457565248818,-0.00730988261671486,-0.0100108917955942,-0.0246492557599873,-0.0106039531788245,0.00191594307742127,-0.00728544243882257
"19",19,"SW_1011","2","118","3","3",7.65,5.4,4.9954860002,5,7.55,5.7,0.0142698221854887,0.539828661217258,0.0713838675931129,0.472449918595597,0.0767016554684338,0.468468607,0.202581598412091,0.499786057625517,0.214003697340575,0.418364502663811,0.285207019385739,0.506352690996654,0.00420093943848832,0.324729099256687,0.19639938874813,0.453506132452032,0.187337165955398,0.394937720099126,0.273724084468312,0.497978899589033,0.260231867731329,0.45719877,0.0861906968154559,0.444804846140383,0.106789841266828,0.323121627696791,0.261492511975364,0.44988548125803,0.0207630504815135,0.189523727379515,0.0641897365350481,0.412538098783817,0.159172456877024,0.417438530967943,0.24140025616632,0.494913797684292,0.0133429492886803,0.215899443536159,0.0938183341908365,0.32378780503927,0.147569878761942,0.36908531002913,0.233988502418076,0.392830320403651,0.222715072223093,0.416015605208492,0.0739156825146127,0.365953557574791,0.174637586287451,0.429606317235065,0.28302751829665,0.526790220975574,0.173168735402279,0.40514492482064,0.182439935478394,0.409638389292369,0.245461734385323,0.456023770121859,0.208116419395276,0.185253757305795,0.177671711300382,0.219988102930531,0.234354120658809,0.25658429644034,0.208116419395276,0.185253757305795,0.177671711300382,0.219988102930531,0.234354120658809,0.25658429644034,0.0142756603393758,0.00224239602867147,0.018159604174753,0.0032357787146338,0.00119320303538218,0.00530246698662994,-0.0158666669873175,-0.00529788339250299,-0.025042870155609,-0.00475724551853467,-0.00791419817035507,-0.0184650387908567,0.00218881516689483,-0.00373727910326753,-0.00428434209374298,0.000952211623576022,-0.00106068321646121,-0.00088494559004219
"20",20,"NM1715PAR","2","119","3","4",4.35,3.15,3.1800087862,2.6,5.05,4.4,-0.0777308967306718,0.476949880053133,-0.0178882981316873,0.465580095,-0.0105957962767715,0.488602004325574,0.11779714402222,0.466238883038576,0.153452720939503,0.392046499972538,0.220503093041613,0.460047421184235,0.0104837573951309,0.36979672110006,0.0804494313534109,0.441355116072652,0.112018055301896,0.324634958447254,0.19382830527153,0.448395255538113,0.190831397608867,0.422243459329311,0.0476056957160934,0.454580981114015,0.0556582625407109,0.306155829031646,0.196709170350917,0.41781744036646,0.0202687615892283,0.190126057689763,-0.026241803896073,0.412342245626836,0.0713016387195874,0.363222795094133,0.14142971556956,0.409485891917743,-0.0066495658873455,0.21335249986613,0.0254794046130079,0.356948416289593,0.104437636230788,0.32913759761083,0.18103790602234,0.342111731,0.172280971600188,0.39386681511246,0.015215297722638,0.364712357053486,0.125874418162819,0.37989855664488,0.245939244821865,0.489099182676922,0.160578509050267,0.387117036947149,0.182757976504011,0.398417514818899,0.25514321010286,0.468781267141167,0.118340709067902,0.108064691761713,0.113101628744788,0.114393813523876,0.156753418453905,0.198065070936403,0.118340709067902,0.108064691761713,0.113101628744788,0.114393813523876,0.156753418453905,0.198065070936403,-0.0230475989217118,-0.00444339816696023,-0.0307437902715138,-0.0200514125192653,-0.0073699274555856,-0.0328165012646543,-0.0359551091474836,-0.0119803932744579,-0.0567057589028231,-0.0159055774604139,-0.0263294385307528,-0.0615095025311552,-0.0182019438930822,-0.00801732044887955,-0.0320883501904204,-0.0125401880239377,0.00307217295768272,-0.007219028394845
"21",21,"NM1703PAR","3","120","3","5",8.1,5.4,5.5028958682,5.05,7.3,6.3,0.00126071317437016,0.491016871865025,0.0602717153571413,0.465934078945588,0.0579543659711813,0.440158007933769,0.212970720371566,0.498704183028406,0.223986933031398,0.448915424012742,0.285518018475039,0.526228282758008,-0.0293944629054474,0.389012494127203,0.192617044931933,0.469863707757005,0.165173165967959,0.417156495969132,0.265660304111911,0.516968150935772,0.250355157133647,0.4671036559745,0.114496103831621,0.438923976469402,0.110697236030937,0.350180058676791,0.280272924882918,0.514503859601899,0.0153319350788962,0.207074677378283,0.0583992834534818,0.419751998014396,0.143399092260459,0.440866596638655,0.244487154220724,0.513511473180993,0.0074555501678689,0.219492436653099,0.0807832230764075,0.339733874957686,0.140624129116335,0.390133176077449,0.223770379021545,0.448151869990938,0.20223677518025,0.453970968232254,0.0673926224457297,0.391636090705344,0.1612161705996,0.454090218496007,0.310378868514009,0.550178130994793,0.186654112718455,0.434464667158008,0.179648262660834,0.446786406870441,0.267675982452039,0.476653962522776,0.220358561712645,0.185253757305795,0.195718479837948,0.222187983959837,0.226594050438319,0.283593169749849,0.220358561712645,0.185253757305795,0.195718479837948,0.222187983959837,0.226594050438319,0.283593169749849,0.0255661505635481,0.0047383733492708,0.0337732539138513,-0.00749888390293513,-0.0027538677977543,-0.0122687228251297,-0.0117141074555021,-0.00396052892660941,-0.018573944751259,-0.00562922388045724,-0.00934459503814401,-0.0218145371919506,-0.00216256629159207,-0.00251249188874761,-0.00651432987749088,-0.000959774080610423,-0.000204833587120957,-0.00131455625905015
"22",22,"SW_9720","3","121","3","6",5.45,4.8,4.4679731242,4.3,6.2,5.2,-0.0476851045140996,0.495906089631078,-0.00469458150702915,0.456850610280213,-0.0180672476173142,0.487981777857699,0.10771887080976,0.465484028645756,0.133520774019822,0.396765495413852,0.182433406759518,0.451695561543546,0.0470264782594969,0.251431048348818,0.128012718405077,0.437437539266079,0.128047063020754,0.350227479855265,0.203126053270172,0.459603618219535,0.206960676421353,0.449308067690347,0.0673157263925052,0.406326246268339,0.0817234721149274,0.323290691395267,0.240904515724234,0.451198443289947,0.0169474145404715,0.190051093751284,0.00876113980635769,0.393674063042939,0.101240393266234,0.365501328021248,0.202763129071024,0.450584188647316,0.0148259224854468,0.188127089992226,0.0500261281968005,0.309628758169935,0.115885063071926,0.34153386698,0.211878424510978,0.384095821389156,0.17938621240038,0.390782232093491,0.0191754192399978,0.334527478104138,0.127372493795427,0.385750229779412,0.241118184383837,0.484993134856987,0.179826015276426,0.389707393748866,0.15901113843136,0.385475915856539,0.242468231152507,0.426429466927436,0.148265945843694,0.16467000649404,0.15890995010074,0.189189768520257,0.192449741468161,0.234076902015749,0.148265945843694,0.16467000649404,0.15890995010074,0.189189768520257,0.192449741468161,0.234076902015749,-0.0465614322711627,-0.00859544991936724,-0.0614491881803627,-0.0391102886200231,-0.0143935888347393,-0.0640407156761044,-0.0343601802997961,-0.0114405222130599,-0.0541757459513442,-0.0122841740421817,-0.0203220313012241,-0.0474829646150919,-0.0151360287334378,-0.0113241984877721,-0.0347501157835422,-0.0117366781909385,0.00104864536772536,-0.00992037114285351
"23",23,"NUMEX_BILL_MELTON","4","122","3","7",5.7,5.15,4.6783561028,4.15,6.15,6,-0.0638574523374976,0.492168229610685,0.0126164010118117,0.470255876116993,0.00272201519184656,0.429432999992862,0.123485627811258,0.464685288969301,0.151573409587587,0.406268193551931,0.204965403931914,0.476920442818276,0.0011508869384693,0.407933031973676,0.130049946503025,0.44170752806817,0.152516992269851,0.371502869440459,0.233193499236373,0.488165266106443,0.27462417860061,0.494179354,0.0379725341200943,0.411448399,0.0901839348617938,0.347735597,0.259302715535372,0.478240880397743,0.0125364865727478,0.19190181626476,-0.00271066833367982,0.413565649044428,0.105483878537888,0.38382314,0.21780441023873,0.47578052994864,0.0326561196231128,0.187907940638914,0.0558274664744924,0.315005838886786,0.132355923788207,0.370988225502436,0.211467137187587,0.383476613648998,0.201641139274362,0.423048645240468,0.00955240080925761,0.400551216,0.129436015591167,0.413830890476957,0.271993610115599,0.506167147593485,0.181467221766747,0.432395204843458,0.183445571772255,0.429583380863658,0.276871689804635,0.479205244618913,0.15506713602001,0.176677194467563,0.166392526137354,0.182590125432341,0.190897727424063,0.270088733095095,0.15506713602001,0.176677194467563,0.166392526137354,0.182590125432341,0.190897727424063,0.270088733095095,-0.00597895330910196,-0.00157064875817788,-0.00869939674722297,-0.0166202046476496,-0.0061187663048279,-0.0272182187209398,-0.0242167027104067,-0.00805873223422538,-0.0381748363236825,-0.0113440700815344,-0.0188198144579071,-0.043940944769204,-0.003629982977015,-0.00719207196570111,-0.0160870169788652,0.00450389513104131,0.00260801044420674,0.00902110170733795
"24",24,"AMERISTAND_803T","4","123","3","8",6.65,5.95,5.2588247328,5.3,6.95,6.3,-0.0503102991008805,0.511855739936689,0.0297880128983095,0.464926115373686,0.0163081346225518,0.427643145012006,0.133096256535776,0.463922651208718,0.17474071783856,0.434181221508211,0.222821455165997,0.4851207175728,0.0332451210228934,0.38609772218013,0.177938294633721,0.461664126597778,0.196789765243261,0.407662849769452,0.246566925103565,0.498561784811248,0.297686899775116,0.505124266391496,0.0678703326977093,0.429186208751492,0.114336837729906,0.373783120188349,0.304287888329366,0.503564791538648,0.0061775413089103,0.216781257957729,0.036052409340309,0.407805857333529,0.127009990539434,0.408765561780268,0.26594431550405,0.510437910329069,0.0566057072773246,0.198184903493368,0.0835887809727321,0.3246139768728,0.177579474729203,0.375476928349367,0.235057981973777,0.403943958450131,0.231973604975381,0.437250911992704,0.0483349386543736,0.377467867111146,0.162058861455528,0.418877482299064,0.284507442549204,0.524655433418554,0.202686717105618,0.42126947,0.18982994233989,0.424442331985585,0.274377373029542,0.462605853935777,0.180911658690011,0.204122195549903,0.18703773560129,0.233187389106363,0.215729952129632,0.283593169749849,0.180911658690011,0.204122195549903,0.18703773560129,0.233187389106363,0.215729952129632,0.283593169749849,-0.00331164165899115,-0.000586414568030897,-0.00432734148068072,-0.0111139072866988,-0.00408956076097064,-0.0181972342743866,-0.0174986877988348,-0.0057894697096236,-0.0275263434409641,-0.00758560642111865,-0.0125573306824843,-0.0293355410755801,0.00258885829534768,-0.00594713764998962,-0.00771188622902696,-0.001174818121834,0.00300159725200759,0.00402410079978355
"25",25,"NM1702PAR","4","124","4","8",5.15,4.85,4.5013290248,4.75,6.6,5.8,-0.0784692502216698,0.499440349029637,-0.000774977072376424,0.470391822543169,-0.0481105879898556,0.462964767268393,0.079160972523329,0.465177133259193,0.111995926107067,0.458677964452968,0.163349490628421,0.469454472,0.0449657604855385,0.413145153923449,0.156061464298253,0.440794597100013,0.151787678181757,0.364868664446911,0.191449388467731,0.472227523488028,0.262316604394685,0.474770512211662,0.0655765265699553,0.420017671878878,0.0752350801112093,0.382999484972225,0.276338336887899,0.482808005003127,0.0230474948090807,0.187400913444557,0.0207420109192355,0.399700173740382,0.0655304243774117,0.382881220217171,0.233050254794697,0.477018823602705,0.0585431704159113,0.193199758479529,0.0619678354532276,0.319766515837104,0.140153313482171,0.390346184915914,0.189352633284506,0.396969633624594,0.19760704388988,0.431701842479798,0.0219724053494434,0.426290084083611,0.124354169656969,0.45034064353512,0.231988423669119,0.509643066648617,0.152899482538787,0.388560578616666,0.17532614632615,0.380433223062981,0.219979128286668,0.43471734834817,0.140104517632114,0.166385319061686,0.160096301126713,0.208988697784005,0.204865853820945,0.261085775325258,0.140104517632114,0.166385319061686,0.160096301126713,0.208988697784005,0.204865853820945,0.261085775325258,-0.0304643488971348,-0.0057658962752121,-0.040451174153333,-0.0244275564733057,-0.00899483733522318,-0.0400070716756489,-0.0263654673503246,-0.0087698529556577,-0.0415552981780539,-0.00964154898920618,-0.0160484176070763,-0.0374382235442768,-0.00360704969552582,-0.0098179344033649,-0.0206122108332215,-0.0095164369841458,0.00338649509548457,-0.00365085544481566
"26",26,"AFX_779","4","125","4","7",5.9,5.2,4.5217422428,4.4,6.55,6.25,-0.0613574776979831,0.490904524937714,0.0306159246804111,0.471112554599245,-0.00169213095802671,0.46245015179242,0.13816467422167,0.469718069593573,0.165360847608733,0.451027292561248,0.202241335513613,0.484297569214952,0.0634855316489017,0.379373702527508,0.183185775913173,0.461777935406146,0.15998017683006,0.361473958,0.234455942299506,0.494503910623932,0.277348421933582,0.490582841329495,0.0457803861775312,0.419262142297032,0.0683054712264916,0.396206762203893,0.250599335169814,0.473167052937498,0.0374225842659354,0.179533778914584,0.0345315269612028,0.404558153387937,0.0900765328408294,0.394842826019297,0.226231302255347,0.47161792296656,0.0441980586021465,0.193079926965523,0.0728500803091355,0.314044575844435,0.151371611258582,0.372645761425669,0.205811640674752,0.377360222696044,0.208853921059151,0.414700562395501,0.0348584005161382,0.445325004,0.156849542898746,0.466707138102154,0.286766650252153,0.521162482964945,0.184239036328953,0.409106901330147,0.210691926146423,0.399023712048922,0.251344098936711,0.453892984303696,0.160508088161063,0.17839250703521,0.160822326857755,0.193589530578868,0.203313839776847,0.28134243030739,0.160508088161063,0.17839250703521,0.160822326857755,0.193589530578868,0.203313839776847,0.28134243030739,-0.0030383589869002,-0.000834651023222729,-0.00448401695939395,-0.0195132254480678,-0.00719554352246661,-0.0319762723625909,-0.0414453096312249,-0.0137472403286676,-0.0652562282402858,-0.016292861884288,-0.0270835470793063,-0.0632029412698382,-0.00682908136778677,-0.00783019466740712,-0.020391376305625,0.00734811199075719,0.00437995711692718,0.0149344202190966
"27",27,"AFX_149092","3","126","4","6",6.4,5.1,5.5463229742,4.85,7.25,6.2,-0.0308481227230292,0.476029956977735,0.0537863097569001,0.468627034589584,0.0310965739686727,0.464383249,0.177909826856184,0.486340121,0.194345595131684,0.449865608007909,0.226922959807436,0.521336306296199,0.0707790158420264,0.364986199101912,0.22811142391374,0.480888075074388,0.169263178255256,0.3822219214423,0.27541859094293,0.520789512386151,0.255156108373487,0.488942763390615,0.102332229018178,0.436707179719939,0.087361736288195,0.370633659,0.276930369468722,0.495782808838763,0.0480454415635631,0.185260262086638,0.0835270849757791,0.399233070280626,0.123910499868793,0.412805835,0.252071031559472,0.486186007904704,0.033968723336578,0.201867039775536,0.0947069700655524,0.323872499,0.156992190086909,0.389220502235982,0.219631713101131,0.424137192,0.208159809901134,0.454966952914614,0.0768444210390105,0.396510618700958,0.172331553015576,0.483078969205975,0.30781366930852,0.559111010806076,0.183804212912502,0.417443776831183,0.198196275501651,0.401008608571634,0.22213666552017,0.448314465658188,0.174110468513695,0.174961881899917,0.197263027903849,0.213388459842616,0.22504203639422,0.279091690864931,0.174110468513695,0.174961881899917,0.197263027903849,0.213388459842616,0.22504203639422,0.279091690864931,0.00572402643278688,0.000583572434853376,0.00673480353543262,-0.00839520258051715,-0.00311637974896327,-0.0137929306178128,-0.0149219405610624,-0.00498941620308948,-0.0235638628871565,-0.00947135823801611,-0.0158426210942204,-0.0369115827783574,0.00735564300324689,-0.00843848558552035,-0.00726024270594209,0.00993919333968584,-0.00341415978709936,0.00402569514911257
"28",28,"NUMEX_BILL_MELTON","3","127","4","5",6.75,4.45,4.3946939002,4.1,6.45,5.45,-0.0635887805501423,0.485631278939538,0.023592554377775,0.465207696036641,0.0060686983460609,0.440618366753697,0.177557533004071,0.471351661,0.164290774988667,0.406562894765749,0.239672346647909,0.498300028145229,0.00447495258192437,0.410930741164649,0.109226193688544,0.442862359540148,0.0898763046066815,0.334449407996754,0.216925213619019,0.480039290655435,0.21905059500808,0.445351203772648,0.0442065807637848,0.440720711099509,0.0497580948032726,0.323939147181615,0.238310682466708,0.482392304013538,0.0121764774430836,0.188434083310744,0.00981628404499604,0.394922809630181,0.0655734047815207,0.374255368814192,0.204728306749735,0.456993426953109,-0.0181299377143556,0.246425804203322,0.0374230557714664,0.336193286181568,0.10028027333686,0.349942571785268,0.176190439484159,0.409149107404156,0.169285900521832,0.435843189797691,0.00849060103144616,0.347776640330385,0.114578676751795,0.402687660066669,0.238397280740174,0.517591107463911,0.134402825352393,0.3981017575856,0.181108377964742,0.415633378539953,0.235084649365071,0.471842225262198,0.183632134760538,0.152662818520516,0.156303668123307,0.180390244403036,0.200209811688651,0.245330599228044,0.183632134760538,0.152662818520516,0.156303668123307,0.180390244403036,0.200209811688651,0.245330599228044,0.00807126972626671,0.00148123797227155,0.01063684914113,-0.0289100819101058,-0.0106393252527324,-0.0473379337255612,-0.0294608650786492,-0.00978799007076933,-0.0464141611111173,-0.00995550097316963,-0.0164678271916817,-0.0384786142347837,-0.0164730970500353,-0.00666422262276945,-0.0280158691751812,-0.01194124623535,0.00171208759941072,-0.00897582353912055
"29",29,"NUMEX_BILL_MELTON","2","128","4","4",6.6,5.45,4.7243216482,4.65,7.15,5.95,-0.0403662841089513,0.490025742607358,0.0261602090883474,0.470732139957278,0.00463903673509874,0.471393916314953,0.157133523459759,0.474382190553986,0.169267823719392,0.432355515735706,0.216691772925127,0.521878297952323,-0.00811522918154916,0.391429113894576,0.111700114962924,0.435973991844901,0.107457913455155,0.326172725878202,0.241420357835674,0.497088640809122,0.267583160953448,0.501156575457852,0.0568751432514544,0.437997427020634,0.0704193192600501,0.340487437001067,0.226840494728687,0.478295074127212,0.0195744818795318,0.183874742388674,0.0082072038814471,0.414775477786051,0.0696942328501878,0.423775482415188,0.196820509661461,0.498691461575249,-0.00522802184830602,0.232222302236649,0.0558200239647465,0.348376269482152,0.125980929800337,0.353494210668037,0.198107180159559,0.387804848307482,0.185086884864257,0.445192616236848,0.0193226855354915,0.426564821377011,0.135905080467626,0.430991498161765,0.264066807277917,0.521465637832228,0.150274017380353,0.396229497957603,0.193568439073672,0.385353393242667,0.231284083766447,0.456831120897557,0.179551420654748,0.186969069873441,0.168027357485444,0.204588935725394,0.221938008306024,0.267837993652635,0.179551420654748,0.186969069873441,0.168027357485444,0.204588935725394,0.221938008306024,0.267837993652635,-0.00637401413161359,-0.00161114759998484,-0.00916460362108541,0.00518674652684106,0.00192745159960021,0.00852519061188988,-0.0154060992637565,-0.00516220959119008,-0.0243473085159449,-0.00725740296042623,-0.0120265350944254,-0.0280879726919538,-0.00277193954054938,-0.00494500357312283,-0.0113369369353796,-0.00293065226232878,0.00149783800245815,-0.000336320751900726
"30",30,"AFX_149092","2","129","4","3",7.3,4.6,5.7148866562,5.2,7.7,6.2,-0.00758975230162565,0.484557144633752,0.100857206999041,0.473164836266988,0.0868301040731932,0.459866735190618,0.229258693247529,0.511105479501488,0.209455912340741,0.46182546548031,0.251401432288558,0.536308561666338,0.0472024968153755,0.363638708429384,0.216819585924509,0.476632157313112,0.150976795311953,0.356777060417663,0.280092634109105,0.526011212931628,0.252969147027345,0.47944704045278,0.086504319723311,0.455663768356705,0.0985423969428312,0.350649871022898,0.27347251302801,0.494319979398889,0.0578809497333403,0.196136343,0.101931627928972,0.452321469347233,0.148149057116647,0.417293961409265,0.249398698426095,0.510263838270567,0.0380873931761805,0.224287529156557,0.121839281685986,0.329124728,0.161310209501125,0.384242246211843,0.235980324266813,0.4142787463244,0.229416753211098,0.432514149917064,0.105195117297532,0.372754810090033,0.195271322817395,0.443078479410211,0.307237695480448,0.562996084184637,0.178347496688955,0.409638614417948,0.194760824049422,0.357373547709682,0.223662332902954,0.416297243535095,0.198594753148434,0.157808756223455,0.203258239949851,0.228787627047753,0.239010162791103,0.279091690864931,0.198594753148434,0.157808756223455,0.203258239949851,0.228787627047753,0.239010162791103,0.279091690864931,0.0380701411880895,0.00595834888936594,0.0483903041485949,-0.00158469778511841,-0.000599534691998326,-0.00262312232802187,-0.00264436035872094,-0.00087357633089386,-0.00415743894150671,-0.00699308681013407,-0.0117869174493269,-0.0274086266077748,0.0160833816787333,-0.0063821890230799,0.00502910607555654,0.012991847147712,-0.00619767075514123,0.00225716655813304
"31",31,"TMA_990","1","130","4","2",9.05,5.7,6.3818189194,6.4,8.75,6.75,0.0201940832930899,0.510181770719747,0.114177967206822,0.468438825944478,0.0850715024170569,0.461683961482453,0.229748406595568,0.508049319778104,0.181766089456312,0.451082001428022,0.244136581299152,0.532092417,0.041921888969888,0.363246085864692,0.211000874000366,0.476918703168893,0.180017215755259,0.40210209072124,0.282833172301666,0.527101862642867,0.260085443560708,0.474508435887063,0.0702987528082251,0.434438171859596,0.118962159248983,0.374756679204312,0.276996073129895,0.486341721922784,0.0192945659628148,0.205706574127627,0.115141298911024,0.45893237880786,0.15496308228491,0.432421607531902,0.278182295684086,0.5197189419858,0.0360547478297917,0.238040468105828,0.121579107647167,0.33974721,0.165918487935949,0.409510835913313,0.249257887987585,0.422038964839667,0.240857317916947,0.428316423468612,0.069286982517607,0.410143101431014,0.193742093730476,0.433326525054466,0.300913104782044,0.548112742859088,0.16971558812201,0.415534375143134,0.186020383007516,0.346588036924171,0.214548254029969,0.394550423750063,0.246203084382647,0.195545632711672,0.226978654043582,0.28158477175108,0.271602457717163,0.303849824731981,0.246203084382647,0.195545632711672,0.226978654043582,0.28158477175108,0.271602457717163,0.303849824731981,0.0252566081576475,0.00345057530944716,0.0312331798828357,-0.000408743755532368,-0.000154436507062116,-0.000676235631138511,-0.0097689561214108,-0.00319857556870165,-0.0153090514940409,-0.000337225226396197,-0.000662406149311936,-0.00148454632723686,0.0114164850025059,-0.00689870612855814,-0.000532424466428112,-0.00700953687024088,-0.00285361877026314,-0.0119521495441702
"32",32,"NM1704PAR","1","131","4","1",8.45,4.95,6.0681502754,5.2,8.55,6.7,-0.0211499849603486,0.475455426842519,0.0759258999441007,0.468571737890314,0.0624062348012899,0.480404715296787,0.22291986011202,0.501961764951042,0.177522332393775,0.477266462140412,0.249961350687062,0.530892047409075,0.0354138896034549,0.365722008178443,0.179222181771385,0.471803306,0.176096608873315,0.435350636928829,0.288477540418406,0.539149747490237,0.244016369564139,0.462712783301457,0.0848352631055426,0.436574476479785,0.106348137011197,0.42793789895655,0.304912781138858,0.528487841665747,-0.0210043300949749,0.322414813733599,0.0924523062633837,0.446434350955572,0.144558881447929,0.419929193899782,0.28136593309152,0.508705984963839,0.00883301826028298,0.347107574358917,0.0821744174789083,0.344087701481655,0.137626612562366,0.398322097378277,0.255111924878504,0.448775941603407,0.271563583621924,0.481614339677875,0.0564187473114389,0.387664120534425,0.200331583642997,0.453202868696117,0.318755764549345,0.580326613841478,0.197400080622604,0.443268334728243,0.221000141760898,0.428720483668581,0.291963615012192,0.505986493489126,0.229880227959488,0.169815944196978,0.215822573382257,0.228787627047753,0.26539440154077,0.301599085289522,0.229880227959488,0.169815944196978,0.215822573382257,0.228787627047753,0.26539440154077,0.301599085289522,0.0131375808416708,0.00203114642803257,0.0166556296372617,-0.00194834636165284,-0.000722672263275675,-0.00320005143339728,-0.00244298155157772,-0.000781200059864958,-0.00379605974022687,0.000950331374386035,0.00164485469576196,0.0037993032660643,0.00521921169606644,0.00162184077089042,0.00802832230075981,0.00548133439270451,0.000941345956167417,0.00711179340916105
"33",33,"NUMEX_BILL_MELTON","1","132","5","1",8.25,5.5,6.2589806194,5.6,9.25,6.95,-0.0366349065211099,0.479535015893786,0.0525773736740221,0.46425809567828,0.0322413924086221,0.477226729569728,0.190363844846329,0.489791750730742,0.154295604589619,0.464280050255396,0.260779463485786,0.506565863877583,0.0152461085339668,0.402279252799137,0.151989847101624,0.457409753067654,0.152351152310116,0.408250453425733,0.276616965811599,0.524052832811957,0.24936264229841,0.451144947164553,0.0757707647117966,0.441321732182711,0.09312178504132,0.411360940772706,0.301371042573532,0.504292756502226,-0.0325180860596334,0.40448651601403,0.0830608357306435,0.440945115782066,0.123534891875333,0.405454987550576,0.266688661250585,0.483089174367065,-0.00692570607877742,0.380052403,0.0669998375670806,0.386548126085877,0.140363553748646,0.395994614574919,0.255716615305384,0.465326274368766,0.265400642679804,0.483272815298959,0.0258299813930144,0.427012593655348,0.191948297896826,0.459909745711226,0.328332601889597,0.570755259741894,0.185051696600748,0.423702164379591,0.223623274613221,0.414855317692688,0.280921111920286,0.488679229696597,0.224439275818435,0.188684382441087,0.222609731585716,0.246386675282195,0.287122598158143,0.312852782501818,0.224439275818435,0.188684382441087,0.222609731585716,0.246386675282195,0.287122598158143,0.312852782501818,0.00027395279565157,-0.000317733866606418,-0.00027637840219117,-0.00118849680352884,-0.000436325604683251,-0.00194423491618095,0.00550904014348181,0.00183381885667386,0.00868530756123886,0.00471644310178238,0.00790715861093343,0.0184120434995765,0.012868286482389,0.00599252903496029,0.0232476511914152,0.0201467947317738,-0.000109957042214248,0.019956343548841
"34",34,"NUMEX_BILL_MELTON","1","133","5","2",7.05,4.25,5.1416499614,5.05,7.85,6.15,-0.0524837700744669,0.486771475853769,0.0519841401045214,0.476416041039478,0.0103840958431622,0.4846408202888,0.166359024204294,0.486045363435654,0.139512389372647,0.454036393969352,0.198841778457325,0.487199515619873,0.00605308941387619,0.415291834887468,0.128799196128832,0.452352215442502,0.12081154189097,0.346435481066041,0.224311005532568,0.495903616921221,0.205890383232507,0.43056736299623,0.0224831946833896,0.44398213,0.101399809690083,0.334348174217455,0.259391245840865,0.474153331126071,0.00783564525085131,0.219471343929548,0.0752434702244838,0.375873517001737,0.106793566884063,0.384335590776395,0.247372435534263,0.452121388691913,0.00319152792245255,0.2973674552067,0.0735210292094197,0.336728100168456,0.131638201617439,0.386995471347091,0.217467176095375,0.411459439331786,0.211734085996463,0.425773176530637,0.00265514497609893,0.452508421485506,0.147721515452113,0.445174525062943,0.275512916492397,0.538605437607582,0.158444470984566,0.408527184073884,0.20242836988785,0.381687516635614,0.239179347740481,0.452295939688748,0.191793562972117,0.145801568249931,0.182870244759551,0.222187983959837,0.243666204923397,0.276840951422472,0.191793562972117,0.145801568249931,0.182870244759551,0.222187983959837,0.243666204923397,0.276840951422472,-0.0224494162273972,-0.00484074719457862,-0.0308338362783648,-0.0299144951024727,-0.0110094085630677,-0.0489833500116609,-0.0175053455143941,-0.00575975460273761,-0.0274815330818694,-0.00443884794406869,-0.00738537021988709,-0.0172306843417203,-0.00251892478472793,-0.00712826441510082,-0.0148654408675148,-0.010409449810317,0.00359809923999436,-0.00417735914320537
"35",35,"NUMEX_BILL_MELTON","2","134","5","3",5.5,3.55,4.2172668642,4.15,6.3,5.4,-0.0630917631690544,0.489939655316517,0.0274662754615782,0.470943282683918,-0.0264467172067335,0.487214000867385,0.127342141756522,0.479129315797509,0.122246220638647,0.446296753995716,0.185098538391904,0.4634671057463,0.0259159025419116,0.306015974,0.118022918033547,0.439291498013695,0.0710916724583963,0.364917210326376,0.191499662937599,0.477049452259536,0.184401511237225,0.403052769382759,0.0282443579987776,0.412981382981353,0.0664222684434515,0.348100481433815,0.227117464147172,0.459788470735386,0.0468496286084554,0.193904580028868,0.0350738617910141,0.373968329610325,0.0753922873861921,0.367816576829935,0.197842908500193,0.429017400581246,0.00928425702170472,0.270324741630337,0.0597059916649655,0.33055002513826,0.118426065888411,0.394876796161661,0.191419343140914,0.394433925341401,0.174687599474286,0.407582791967726,0.0224881566602943,0.442318992746585,0.120467754910121,0.43947875060518,0.242653071812288,0.511740016234775,0.141229642069762,0.402469603966737,0.178656291531657,0.379910347245987,0.20418165391661,0.433207963492302,0.149626183878957,0.121787192302883,0.149993218025796,0.182590125432341,0.195553769556357,0.243079859785585,0.149626183878957,0.121787192302883,0.149993218025796,0.182590125432341,0.195553769556357,0.243079859785585,-0.0315762704871481,-0.0063719698481733,-0.0426128459602526,-0.0341622456477709,-0.0125786087620912,-0.0559490350170381,-0.0218473881351044,-0.00724546350239653,-0.0343968989908011,-0.0123498349508319,-0.0205678109526729,-0.0479743283656579,-0.00648960894125915,-0.0117568187373714,-0.0268530162407782,-0.0158683264043252,0.000913464071054265,-0.0142861602292844
"36",36,"NUMEX_BILL_MELTON","2","135","5","4",4.65,4.5,4.7657685042,4.55,6.75,6.1,-0.0750320010925946,0.49443073151067,-0.000768660110605148,0.469677172206746,-0.0684121903391188,0.486202672048351,0.0826011731945032,0.453200503892372,0.092646246456399,0.405360747240072,0.150651412512764,0.440512072597634,-0.013502518989778,0.409496810772502,0.0950060002625681,0.440301525807998,0.0644220397845939,0.332757861842829,0.195106386963323,0.465796984315409,0.22465914666267,0.43928226802532,0.0738235475000573,0.407983751269432,0.0763976926165657,0.350079865112545,0.223851195634252,0.479006737830267,0.0403472922083827,0.193606187414237,0.007849416350808,0.393003524447754,0.0481835144743181,0.396191106541069,0.178015922655119,0.467955166367079,0.0140948758703203,0.287109564851876,0.059494499886664,0.341323894968142,0.124080271721457,0.383762936753649,0.196368191732468,0.398566875050686,0.185525144422161,0.428524281805746,0.0178922268340717,0.457584411720958,0.1189347869355,0.453941961085727,0.268806885151619,0.522942806427403,0.147577647553904,0.400921389579404,0.200914413545567,0.393932444772781,0.22847148632266,0.45687034503724,0.126502137279482,0.154378131088162,0.169501475085463,0.200189173666784,0.20952189595324,0.274590211980013,0.126502137279482,0.154378131088162,0.169501475085463,0.200189173666784,0.20952189595324,0.274590211980013,-0.0638981858307524,-0.0121826505844039,-0.0849991555215896,-0.0194718663168827,-0.00714776154954545,-0.0318521524269821,-0.014366085691424,-0.00486542138353164,-0.0227932426911071,-0.0123270987994386,-0.0204834228293001,-0.0478054276976661,-0.00123405289059499,-0.0100824364301554,-0.0186973449753947,-0.00624644622944153,0.00440314414535595,0.00138002311003756
"37",37,"NUMEX_BILL_MELTON","3","136","5","5",5,3.75,3.9032470442,3.75,6.05,5.6,-0.0781910243554659,0.490160096173776,0.000495216068192658,0.463561224022418,-0.0561257779344394,0.485625138297037,0.108810399090675,0.45623714434745,0.089435092979466,0.412473911133081,0.165110556964448,0.443061343599139,0.0195716629738948,0.375506764320783,0.0901542004220123,0.441919575754505,0.0551196446792559,0.319000027,0.178812856803276,0.466237264136424,0.181142601889802,0.426138644434152,0.0250959762365613,0.420195218134659,0.0329380215781353,0.333610174,0.194846755206139,0.45241731964831,0.0220834781221695,0.184765200538445,0.00553010865499893,0.381824343788657,0.0325653569471288,0.367443754394188,0.159233997420363,0.441637052569621,-0.0196181700649489,0.291754882572673,0.0336185602904105,0.337594440307769,0.100070603190412,0.353114097574111,0.1646444214987,0.411191209085684,0.144795135299246,0.422611044706108,0.00783529234010544,0.445733567,0.0953020446722974,0.444302810968137,0.221343837522525,0.521938814036526,0.105861090232592,0.406114262792963,0.164096295868846,0.424090988,0.190220542725357,0.451154238336426,0.136023803526324,0.128648442573468,0.138824647280246,0.164991077197899,0.187793699335867,0.252082817555422,0.136023803526324,0.128648442573468,0.138824647280246,0.164991077197899,0.187793699335867,0.252082817555422,-0.0445603904442799,-0.00846939006186089,-0.0592298042764381,-0.048523221870118,-0.0178605554317299,-0.0794586111940901,-0.0474536376512259,-0.0157656575847011,-0.0747605574833336,-0.0172736547944643,-0.0285820093553602,-0.0667791469640234,-0.0229932556142454,-0.0101915909726336,-0.0406456089116683,-0.0267622658346444,0.00167268490970266,-0.0238650905986459
"38",38,"NUMEX_BILL_MELTON","3","137","5","6",5.15,4.55,4.1677077882,3.85,5.6,5.2,-0.0813431480999628,0.484857329120907,0.00596087279888453,0.465926650285007,-0.0482782216073261,0.501096219822221,0.106263292705395,0.463912645533368,0.122032817894184,0.444787106905129,0.181286607940312,0.466256853963397,0.0254224249198358,0.390987169652392,0.141983925743526,0.440045299390691,0.120270414279644,0.361310558961205,0.213293434902556,0.487058959836976,0.225490771987157,0.451196932475771,0.0642670712149172,0.382240311526295,0.0696652376660267,0.34530529,0.243002629306046,0.465885847772505,0.0452768794917216,0.193806320182032,0.0197726295135356,0.36764199553239,0.0632861442101387,0.377849677142306,0.200076091423214,0.44496024743885,0.0164296693170035,0.242261222885827,0.0441297507748368,0.322216413381166,0.125590623409159,0.398653252,0.18117522351842,0.393169693700174,0.158867433691744,0.428499584349004,-0.000134823262564288,0.462138024640346,0.101636892523909,0.446627803256577,0.226428395941285,0.514308692,0.14232515151338,0.413818845015177,0.181980082579801,0.418758803672299,0.190328574439635,0.459543820938435,0.140104517632114,0.156093443655808,0.148230577545364,0.169390839256509,0.173825572938984,0.234076902015749,0.140104517632114,0.156093443655808,0.148230577545364,0.169390839256509,0.173825572938984,0.234076902015749,-0.0420725588469472,-0.00786498674962861,-0.0556951154386308,-0.0255423022121574,-0.00941080863654091,-0.041842300839725,-0.0275639829058147,-0.00922630218059301,-0.0435444069787525,-0.0154781299192047,-0.025738201641026,-0.060058002662105,-0.00993675143658177,-0.0157506633812576,-0.0372177005466197,-0.0200418273533753,0.00253320858781553,-0.0156541813922826
"39",39,"NUMEX_BILL_MELTON","4","138","5","7",5.4,4.55,3.9154834668,4.05,5.9,5.6,-0.0953768229785987,0.491339451381576,-0.00195221927672861,0.470106721,-0.0567155989863342,0.504189775655439,0.0856494919927508,0.459007062636368,0.105240793462137,0.434510043333573,0.161173460443449,0.469934254,0.0206392625107441,0.425110469875353,0.136811463627984,0.451562119,0.125038703434026,0.43595282567698,0.182580199467644,0.480534768651986,0.221669407242522,0.456715674107816,0.0074939678318566,0.428798185268358,0.0349785232153814,0.403336109218462,0.205947478512668,0.45428797410146,0.0275339513779615,0.183368334451926,-0.0194402597508113,0.410966691486721,0.0283602610667211,0.42729711328976,0.174006435334366,0.475198579572003,0.0249370126660763,0.220512990957754,0.0475387172282308,0.345009351432881,0.127928937756103,0.415303616,0.177835574463412,0.389578859776243,0.160490126590298,0.416350002533313,0.00706526330147318,0.472735910964118,0.0990943100316512,0.445696192874037,0.21552861504775,0.510230928135363,0.13732039863926,0.462604536399397,0.167727267358774,0.408675277048979,0.177541902860334,0.445190067570368,0.14690570780843,0.156093443655808,0.139259853413033,0.17819036337373,0.183137657203573,0.252082817555422,0.14690570780843,0.156093443655808,0.139259853413033,0.17819036337373,0.183137657203573,0.252082817555422,-0.0349508302010195,-0.00650672132516667,-0.0462208020776515,-0.0381413806663306,-0.0140473205178243,-0.0624720534070845,-0.0511043765270754,-0.0169617688248207,-0.0804830217895211,-0.0190053813152027,-0.0315073003446697,-0.0735776260830281,-0.0162271181230971,-0.0118359421107184,-0.0367275711247206,-0.0217902876601622,0.00257446288092848,-0.0173311871676797
"40",40,"NUMEX_BILL_MELTON","4","139","5","8",5.6,5.65,5.0876603808,4.7,6.35,6.05,-0.0957804839014738,0.495611200327789,-0.00772655017300119,0.473585243133912,-0.0553984896298158,0.504370949795245,0.0920230796364753,0.46598808504496,0.117909800240026,0.429422406217389,0.169075391937597,0.477581553918452,0.0457233104745,0.401070419594217,0.150495772813094,0.456836286050452,0.1695149519412,0.387798097166289,0.201433133305376,0.491588273318377,0.280514908212716,0.491376987802995,0.0535905587718685,0.40945832,0.0812831958008389,0.388150989,0.283698613426585,0.50377255714415,0.0163352853981149,0.209989012147456,-0.0091910708895297,0.398379349714569,0.0374449355333008,0.412793502089928,0.206273931691308,0.478376813213415,0.0497213341352495,0.206995697120843,0.056998035757526,0.344169425866168,0.136561538696126,0.411644208560617,0.186493364878153,0.416046979842108,0.180363364054134,0.4363017782412,0.0215041607652367,0.446100742840644,0.103154353417118,0.452690593984507,0.220738034186707,0.514573963320598,0.138949283411306,0.417616190784397,0.173246199250606,0.3964717510936,0.193456892130324,0.440448991190679,0.152346659949483,0.193830320144026,0.180950026951472,0.2067888167547,0.197105783600455,0.272339472537554,0.152346659949483,0.193830320144026,0.180950026951472,0.2067888167547,0.197105783600455,0.272339472537554,-0.0303889264508886,-0.00552900340260867,-0.0399654412175796,-0.0137547622654241,-0.00507119199873335,-0.0225383244237838,-0.0142092764754277,-0.00473185446536196,-0.0224050887876415,-0.0120462957134378,-0.0199722126209399,-0.0466391825613068,-0.00485476807392503,-0.0132671976127396,-0.0278342283128287,-0.0161542942275906,0.00265600815682231,-0.01155395317476
"41",41,"NM1713PAR","4","140","6","8",4,3.9,3.5175534648,3.15,4.55,4.55,-0.118201411835042,0.490062199853203,-0.0237896010850637,0.46357205018342,-0.0695440078649225,0.518013053090324,0.0579128372521331,0.452666102412188,0.0882719425953822,0.425607252705004,0.160470583553701,0.456497765288248,0.0937305300259683,0.352196411587381,0.12481777933813,0.447455146284756,0.145785188622445,0.373149797424722,0.16415937489799,0.456248311290328,0.244970514882871,0.471878096399529,0.049424117616351,0.416779345759182,0.0636635288227323,0.363307907210346,0.262366659494321,0.462469742118236,0.0296969482879182,0.199308345038895,-0.0262810939805668,0.404311512617858,0.0143013610553507,0.411190531989688,0.174214229148592,0.432783082394718,0.0541074491352239,0.202621826581654,0.0427702181289955,0.333058515059921,0.121231213844709,0.436807324178111,0.166516656495619,0.410130777720187,0.144005424683665,0.424252237283442,0.0211410745747096,0.44389535398622,0.0951382596105449,0.426800755321584,0.194201990221697,0.48986185,0.137010692510731,0.386019928464059,0.168959039334716,0.373310180784229,0.193781145961968,0.445848946251908,0.10881904282106,0.133794380276407,0.125106895236336,0.138592504846235,0.141233278012925,0.20481728926378,0.10881904282106,0.133794380276407,0.125106895236336,0.138592504846235,0.141233278012925,0.20481728926378,-0.0356421277159265,-0.00676756324083345,-0.0473638910412627,-0.03546096563305,-0.013063972831966,-0.0580884302278351,-0.0336522713052848,-0.0112039931521779,-0.053058156607709,-0.0211504491464577,-0.0350659433308877,-0.0818864443454764,-0.0189141912245995,-0.0178914180324872,-0.0499030361409033,-0.0251982325191841,0.00261063422364209,-0.0206764814236174
"42",42,"AFX_149092","4","141","6","7",5.3,5.35,4.9389831528,4.9,7,6.4,-0.0675837999174359,0.486755784214596,0.0250480141631213,0.461625006766351,-0.045092454385661,0.501393810536263,0.0994825432090531,0.468309073671295,0.109273375940725,0.436635291371451,0.180203629514701,0.480163867779967,0.0746263574129718,0.37662373252946,0.200352979021532,0.478797961245806,0.158831228889646,0.439142682202223,0.23352984393638,0.513432088163733,0.263859201857134,0.488039078882824,0.0584813659240213,0.436383826817327,0.0639823504372778,0.430797741235331,0.260151686299823,0.494078468160247,0.035055385092233,0.193763065280093,0.0357857309265845,0.41575041,0.0716216434252899,0.436609477124183,0.217693425116448,0.479644013478674,0.0402183641665292,0.256432699757914,0.0729859837483003,0.372698441427853,0.14690436584497,0.430267263959267,0.199062533127936,0.445647030615879,0.181645343653404,0.458776428554004,0.0851501251095239,0.449035707098547,0.146838487501274,0.470740825513085,0.275693321894949,0.531435419,0.169255041417589,0.400939211105976,0.191139215216958,0.390714137842166,0.216333551457024,0.447456329505374,0.144185231737904,0.183538444738148,0.175662105510175,0.215588340871921,0.21728196617373,0.288094648634767,0.144185231737904,0.183538444738148,0.175662105510175,0.215588340871921,0.21728196617373,0.288094648634767,-0.0301664860100228,-0.00585689788191904,-0.040310930671919,-0.0192885144810548,-0.00711784233772997,-0.0316169789963939,-0.0349009952588945,-0.0115784241260556,-0.0549554140291685,-0.015232765864854,-0.0253148167834155,-0.0590793145264222,-0.0111536874288517,-0.00888330673784388,-0.0265400259707796,-9.79534358175715e-06,0.000494813920513149,0.000847247503294179
"43",43,"NM1705PAR","3","142","6","6",5.25,5.5,5.3966780582,4.7,6.65,6.45,-0.0683478944711959,0.484051858019918,0.00889699167026032,0.473839660331311,-0.0608928035777589,0.494841609741822,0.0863881492515558,0.45787721440164,0.0954473225253204,0.428443685166374,0.167265964191968,0.476691209209385,0.0394241038363439,0.40378544036597,0.172994857165069,0.4662406947658,0.120662471211974,0.427815164722124,0.219702411825827,0.509679993938323,0.251960227135453,0.488542770794096,0.109920377792359,0.45019940095661,0.0977618134616758,0.376709523624875,0.274058412370432,0.509469889269028,0.0476740314332428,0.184715616451859,0.0369433548975801,0.420608389178456,0.0704339614526867,0.385085978835979,0.215271155914295,0.484784608027076,0.0278029540041207,0.281962779,0.0600330336668203,0.34268136103149,0.135970112344717,0.444517882059191,0.190047779750931,0.430724654544429,0.172024316748263,0.449707212342301,0.0597369187104287,0.462227296987514,0.133320713460331,0.466368047990801,0.272262143922237,0.535216318613685,0.157653408641237,0.403502846031171,0.189371524993034,0.404597724459316,0.214814293513066,0.461891413001688,0.142824993702641,0.188684382441087,0.191940689234087,0.2067888167547,0.206417867865044,0.290345388077227,0.142824993702641,0.188684382441087,0.191940689234087,0.2067888167547,0.206417867865044,0.290345388077227,-0.0542446618519487,-0.0100044209604936,-0.0715728271801084,-0.0230443798789598,-0.00847897669655818,-0.0377303982494147,-0.0272084206567161,-0.00907999811121673,-0.0429354386492475,-0.0164180607260595,-0.0272671350616287,-0.0636461238232615,-0.0140295179010168,-0.0136112200048747,-0.037604842399436,-0.0152185668819416,0.00306827543323602,-0.00990415796318483
"44",44,"DONA_ANA","3","143","6","5",6,5.15,5.3550556142,5.15,7.25,6.15,-0.048155306413493,0.480309245607877,0.0511694843886092,0.473817263,-0.017988061847353,0.492721545,0.135272005712941,0.482827472632018,0.123466586580459,0.445090569892025,0.181274847119918,0.494664795940059,0.0144677386684752,0.401545055767808,0.172492838646366,0.464131785201951,0.0972958368817873,0.431331789922177,0.221907762047975,0.510055726664723,0.21633686138728,0.471187825274633,0.0680412640140569,0.448928535053136,0.0669608054207276,0.374835339541222,0.240554867733599,0.506090267352821,0.0322353588571862,0.198651806763761,0.0644402865654004,0.426986944651278,0.0832401297801757,0.43441235059761,0.201389393948426,0.502874204536501,0.0146524667407749,0.297285039003639,0.0767896588168973,0.353752438411262,0.140464958438538,0.362352351466903,0.188667553985219,0.41729005574537,0.1640961201109,0.455599166216902,0.0902108994102422,0.464644810177529,0.15448810346745,0.486762986887602,0.283388309321774,0.552871631934214,0.143191889384088,0.389475472499469,0.181800403125921,0.414574034742102,0.196148362980781,0.436417586920174,0.163228564231589,0.176677194467563,0.190460326591956,0.226587746018447,0.22504203639422,0.276840951422472,0.163228564231589,0.176677194467563,0.190460326591956,0.226587746018447,0.22504203639422,0.276840951422472,-0.0389085498999064,-0.00722594204218016,-0.0514242485948181,-0.0273111797841853,-0.0100474490000922,-0.0447138718627542,-0.0318994963775636,-0.0105608620343741,-0.0501914459128909,-0.0152214033842155,-0.0252187401324427,-0.058901542405605,-0.0175329185352561,-0.0107308265663617,-0.0361192552741842,-0.0136307589527632,0.000680933957821571,-0.0124513467463712
"45",45,"NUMEX_BILL_MELTON","2","144","6","4",5.1,4.45,4.4516589362,4.3,6.15,5.4,-0.0756516782547364,0.494289153001354,0.0124741867931242,0.475544451800682,-0.0558675865185677,0.497109681149489,0.090329085999117,0.456588491176963,0.0974260301981518,0.425294186301972,0.162927613386822,0.471444065958276,0.0478614055831778,0.375597038852081,0.10369557604055,0.435469101613041,0.0669576134058885,0.393379533129405,0.202757096102864,0.485142816250588,0.223672730014478,0.454727243234581,0.064792462106469,0.433231383228565,0.0764198824203938,0.328819596394919,0.228614292199878,0.476496155685539,0.0285518884260324,0.188969494161206,-0.00792756394037534,0.418184427957549,0.0370053049409796,0.421971872082166,0.174207450721556,0.472359562962145,-0.00823740291944376,0.326202939976254,0.0302331438289375,0.392490971258255,0.0984153337112253,0.430931335830212,0.169580182282332,0.424902595456453,0.152879424306596,0.4309955545047,0.0213612870464771,0.469136333846999,0.107840991530278,0.430210980997337,0.246213800343724,0.511993757708475,0.139587411875938,0.382591699665638,0.185992337822443,0.394779691665505,0.230423783587066,0.469291911137857,0.138744279596851,0.152662818520516,0.15832971232201,0.189189768520257,0.190897727424063,0.243079859785585,0.138744279596851,0.152662818520516,0.15832971232201,0.189189768520257,0.190897727424063,0.243079859785585,-0.0560045714371798,-0.0106700249645696,-0.0744855967130825,-0.0178402087769444,-0.00656391684200598,-0.0292092461942743,-0.0165106731202419,-0.00556295240175737,-0.0261459892780677,-0.01235955040652,-0.0204772600646521,-0.0478272050833088,-0.0209992638057395,-0.0118460157491222,-0.0415171648608192,-0.0167374573176177,0.00398983169995529,-0.0098268661298448
"46",46,"SW_8888","2","145","6","3",5.75,4.7,5.2385209642,5,7.5,6.15,-0.0504496061692946,0.48561298466134,0.0416655294233524,0.470139411263227,-0.0153642763059927,0.487673501791992,0.140306473520137,0.476990391271114,0.137035012376674,0.434112223320701,0.203306916542846,0.498822903962223,0.0626469725260317,0.288322524,0.170850557536283,0.455348011536895,0.107919763577672,0.39580688520789,0.238516049160378,0.508175727712009,0.225975694568588,0.450550243021558,0.068970203028128,0.443323107470836,0.0853642081829472,0.331330611,0.249028913894355,0.495293198,0.0430494998369466,0.198359167714006,0.0547341530041375,0.420248001985604,0.0928221068919714,0.450079170557112,0.216314561419224,0.493383268827137,0.0237679113579158,0.295246701441023,0.085238249041702,0.353030065359477,0.148505698877355,0.399910112359551,0.222986955129362,0.436435442184219,0.213538721691236,0.447656685413183,0.0771915944727538,0.447761961673479,0.1605799910184,0.465415617608911,0.296410062845604,0.541788331300365,0.166384239490128,0.405249355635225,0.19444157161737,0.382431778141121,0.229187771763208,0.443026394919275,0.156427374055273,0.161239381358747,0.186315602597041,0.219988102930531,0.232802106614711,0.276840951422472,0.156427374055273,0.161239381358747,0.186315602597041,0.219988102930531,0.232802106614711,0.276840951422472,-0.0264806986023101,-0.00542665106487172,-0.035879933920542,-0.0257151912910464,-0.00947009973745555,-0.0421178851173861,-0.0197421624655287,-0.00656862766480029,-0.0311193592672481,-0.0118322001731535,-0.0196678665095752,-0.0458979440953566,-0.00457892629465292,-0.00800764852174151,-0.0184485803228541,-0.00880836390003632,0.00102252979329629,-0.00703729035353364
"47",47,"DONA_ANA","1","146","6","2",8.1,5.1,6.5881225694,6.25,8.9,7,-0.0160761577912373,0.486182980101377,0.0961878995899739,0.476115739988924,0.0574012341750797,0.484468338675157,0.233395334329376,0.510783088,0.194922697673926,0.455125775800516,0.279217858067463,0.534626092127744,0.0626604399675849,0.383471163198083,0.23653235586418,0.486645247521115,0.167263778685025,0.414000342889111,0.287463647437118,0.534835207084342,0.255980989803171,0.465461677349023,0.0783510008127396,0.442793333985972,0.118732113177486,0.365555266272626,0.284980864180448,0.496573225913255,0.0091368559858103,0.252213693533055,0.115751360513032,0.461113328369322,0.142090578842043,0.452824193422389,0.260276186588652,0.511006301408518,0.0161568744512157,0.31953176788184,0.10772774295907,0.378492665837404,0.163416042595446,0.395853418520966,0.244089614735173,0.445980057191012,0.23680303215977,0.440840301,0.0632645484034862,0.441084249853444,0.195311150021902,0.480132094150049,0.320446173090368,0.569571874406072,0.172456806124792,0.411657610166598,0.19399861446471,0.380512820512821,0.224658739466215,0.426534842266716,0.220358561712645,0.174961881899917,0.234316142836774,0.274985128663164,0.276258499849457,0.315103521944277,0.220358561712645,0.174961881899917,0.234316142836774,0.274985128663164,0.276258499849457,0.315103521944277,0.00766811598209881,0.0010185431055281,0.00943228438286325,-0.00792670776357183,-0.00293507969115046,-0.0130104148906927,-0.00784768424620952,-0.00255748010200442,-0.0122773697028703,-0.00499237448716527,-0.00827365627151316,-0.0193227674511647,-0.00213237727702227,-0.00321094741421782,-0.00769390131457618,-0.0117751856941655,0.00279559134576639,-0.00693307946725775
"48",48,"AFX_149092","1","147","6","1",7.75,5.75,6.9887429894,6.3,9.55,7,-0.00511851900096929,0.497702388713371,0.0689006068541924,0.461339785701152,0.0439606327417953,0.47986984018216,0.188492728869387,0.494181617770079,0.166436329304537,0.460469874224199,0.268761195826361,0.513200449902019,0.0223213978711063,0.321146808956523,0.22347956265899,0.479880052317606,0.194204859570146,0.443769836094083,0.300526270566403,0.542259658693877,0.287838171251914,0.480265321,0.142765362721125,0.443790289326684,0.12746211583149,0.407576135266236,0.317741258305814,0.516751512734296,-0.0138791769525427,0.412843877,0.117584775225266,0.457168528,0.14766831430858,0.454873755057579,0.275688607239115,0.510875179340029,0.016298322310043,0.356075166213485,0.104595558637819,0.37097094017094,0.165385988633952,0.414362573099415,0.266903329578944,0.469713445529264,0.276947210212177,0.483111225110199,0.0638590480036146,0.411685609540559,0.220674850266735,0.484007920297749,0.353816209579919,0.59518497,0.191302661716958,0.428683212599471,0.212497987244235,0.408607374573761,0.267090135432498,0.465466125068953,0.210836895465803,0.197260945279318,0.24856478963519,0.27718500969247,0.296434682422732,0.315103521944277,0.210836895465803,0.197260945279318,0.24856478963519,0.27718500969247,0.296434682422732,0.315103521944277,-0.00481479573467303,-0.00155676298524312,-0.00751118830867377,0.00697048169232085,0.00256332172004948,0.0114102851281899,0.010736894871488,0.00347994949563111,0.0167643441793554,0.00303413037638461,0.00505571743458608,0.0117908898035334,0.0162479747247847,0.00378777204848948,0.0228085883315885,0.0167595515248481,-0.00262034937338145,0.0122209732964033
"49",49,"NUMEX_BILL_MELTON","1","148","7","1",8.8,6.2,6.7833621534,6.4,9.7,6.9,-0.0347076675184583,0.497707792250705,0.0432796447706903,0.463038742066875,0.0424516430731497,0.467838518252113,0.196547248083885,0.488473461996477,0.197176524949484,0.462636451639479,0.299523993575817,0.536335334771867,0.0396332770547962,0.302361240511727,0.202078466061492,0.460401907028646,0.176356756697746,0.433738569337565,0.290600715250825,0.529955972656703,0.281981996345573,0.473385826771654,0.0944348918444711,0.439825211440166,0.103671217361266,0.436898497290654,0.315393627640851,0.523861981639759,-0.0307572695333338,0.436162198543603,0.0940852196911115,0.416904641,0.134704453132651,0.434965764083411,0.299102281239013,0.505451387171073,-0.0164341300875192,0.389460737972633,0.0617211854003085,0.409175062845651,0.148153457155961,0.40132853540917,0.258083601061334,0.464520011984893,0.270366287314815,0.492443596253699,0.0104538965194703,0.391180232914228,0.18661225787425,0.443132104982071,0.317502975575719,0.574476130088465,0.18272648858794,0.429089228386194,0.202195551068229,0.420432547076146,0.284870221488936,0.489412623829444,0.239401894206331,0.212698758388134,0.241260122061512,0.28158477175108,0.301090724555026,0.310602043059359,0.239401894206331,0.212698758388134,0.241260122061512,0.28158477175108,0.301090724555026,0.310602043059359,0.0098347987172453,0.00184081505352944,0.013023183903363,0.0150316844979208,0.00552443978242251,0.0246002948426175,0.0157675836259103,0.00522159731867618,0.0248116554390012,0.0106901277187797,0.017756282566448,0.041444911143022,0.0147396668690728,0.0100666168004196,0.032175558551533,0.0111344701642946,-0.00028508248091611,0.0106406928251578
"50",50,"NM170506PAR","1","149","7","2",7.35,4.65,6.3783812754,6,9.2,6.65,-0.0290205883714521,0.485208010904897,0.0581125813788896,0.477321879413619,0.0301528149799564,0.483457446996061,0.185056696036413,0.495618498361366,0.183695490365782,0.468703486296479,0.278557307778415,0.527871838500181,0.0238892545415063,0.418725158831231,0.239651210459423,0.483660506024594,0.158460899292151,0.394292520505671,0.279450392041631,0.524850966027437,0.235242414091756,0.447891956543407,0.0907174479899451,0.452831908899522,0.103882275568349,0.345924823049006,0.28381655555862,0.488279128802005,0.0157689442919432,0.25205671521461,0.11581574654267,0.430440351627408,0.13061249497531,0.410674751972502,0.273739147338503,0.488172938969209,0.0205255656635107,0.312512886369096,0.0986342140513811,0.354048061149069,0.152934130338381,0.397040247678019,0.240975943806012,0.43884795211617,0.239679297430241,0.458656433702847,0.0527882978963383,0.421891312526796,0.185113353096068,0.46314054557008,0.316459325070456,0.581455612,0.172183224112196,0.422669427483224,0.188481963084579,0.396170947011283,0.24995260944795,0.46741922,0.199954991183697,0.159524068791101,0.226856389244462,0.263985723516638,0.285570584114045,0.299348345847063,0.199954991183697,0.159524068791101,0.226856389244462,0.263985723516638,0.285570584114045,0.299348345847063,-0.00827280994489555,-0.00174724071900168,-0.011299119630035,-0.0120963821939014,-0.00446361194503449,-0.019827584834188,-0.00742934746926657,-0.00245253014006084,-0.0116772542603831,-0.00341646848866821,-0.00571639482740015,-0.0133175547225825,0.00136989972581138,-0.00263628586510313,-0.0031962813158692,-0.00969175852840491,0.00232741515455203,-0.00566055724803095
"51",51,"SW_9720","2","150","7","3",7.3,5.55,6.1758687902,5.75,8.15,6,-0.0206530277657122,0.49604082042024,0.0516386867609042,0.47015997734834,0.00456926247374621,0.484754986408381,0.160013882320362,0.48373339631988,0.167259912318518,0.455586880393547,0.255500796042509,0.516933090602691,0.0435111091748324,0.316569030030676,0.215656204389413,0.458324126114874,0.124415358514707,0.411356300844318,0.266771958346495,0.506782680440145,0.262650299179668,0.455000068401725,0.106963728744756,0.435883074799338,0.0990823137677645,0.352692001058014,0.268167048575592,0.48601661,0.027483292451012,0.210603596277221,0.0660640065900615,0.415419012161827,0.0952933300974504,0.401568432928727,0.242392960942272,0.485476526840995,0.0100530628833441,0.315386780609459,0.0630195434329267,0.344865761689291,0.136561657949426,0.401790898631612,0.214777497583601,0.431939218473459,0.207604570605765,0.433947788417693,0.0656109232016191,0.448656676762846,0.15105770287749,0.438920490134854,0.262189749435097,0.53223230646054,0.159193997671648,0.394048109793928,0.172820813533,0.364776850911305,0.226312587189551,0.436799391538372,0.198594753148434,0.190399695008733,0.219653738730831,0.252986318370111,0.252978289187986,0.270088733095095,0.198594753148434,0.190399695008733,0.219653738730831,0.252986318370111,0.252978289187986,0.270088733095095,-0.0063426122510464,-0.00131615135744729,-0.00862225326263407,0.000916625942681443,0.000334645225332518,0.00149624847293481,0.00329020679791472,0.00104674150503379,0.0051032162591017,-0.00244955887153162,-0.00412372787553995,-0.00959206503734289,-0.00140180346741334,-0.00272957118071384,-0.00612955941462569,-0.000806164972096159,-0.00137336312683471,-0.00318489967462072
"52",52,"AMERISTAND_803T","2","151","7","4",7.95,5.5,6.5209327862,6.5,8.9,6.85,-0.0228297423524575,0.480399756801946,0.0700796884966053,0.470101083911826,0.0140445778228579,0.485784578172215,0.171772549931999,0.489007219125043,0.185085420434538,0.454090236378038,0.273052560544907,0.526349262106037,0.0684871320370044,0.328692613429769,0.228827155744503,0.468483896573272,0.138252572681731,0.432573924185413,0.286964486582598,0.531454120109582,0.274344882843405,0.480362470130768,0.105699229621436,0.453982824522214,0.0911028603691556,0.358963071,0.274062927855256,0.507344841070331,0.0318400471655112,0.215603385,0.0912839150986495,0.440462844378258,0.120588363679084,0.43080384344973,0.268195579882868,0.517046683589008,0.0122624417722758,0.319890909560924,0.0901663830164178,0.347195231141798,0.159972326505487,0.401466598124893,0.234060745474599,0.439614776258762,0.219936287458609,0.45176350023124,0.0979315731944708,0.46001189944965,0.17817737888644,0.47012924382716,0.306160915045601,0.55798408139413,0.184604811821205,0.414234815466499,0.201449132252113,0.39626804567981,0.255761852973855,0.476199311860051,0.216277847606856,0.188684382441087,0.231926440661137,0.285984533809691,0.276258499849457,0.3083513036169,0.216277847606856,0.188684382441087,0.231926440661137,0.285984533809691,0.276258499849457,0.3083513036169,0.00425732176226542,0.000844301379029384,0.00571969464125437,0.0074259030797641,0.00272215478261705,0.0121408134487198,0.00371571941564791,0.00123245409792942,0.00585039252192984,-0.000512546196391445,-0.00093594330361457,-0.0021336475441717,0.00613822346313068,0.000586363943818325,0.00715383560111237,0.00339663266567615,-0.000314450085919495,0.00285198914279922
"53",53,"SW_8421S","3","152","7","5",5.8,5,5.7947836482,5.4,7.75,6.05,-0.0433917039509351,0.492086480699459,0.0516288526702645,0.468903181007662,-0.0169284228178221,0.500831923595794,0.126342992027015,0.482132816318764,0.124595186980188,0.463192969495491,0.211770199571645,0.489357663320512,0.0693362741411637,0.375042005430844,0.197384478753515,0.46608851928147,0.115028338626187,0.416574279379157,0.242696151451869,0.509761836608123,0.247387639989244,0.470581673614328,0.107162157425638,0.434497107128695,0.088631736316244,0.360950226244344,0.264428205407349,0.499337094761931,0.0304091720206691,0.20976490302866,0.0847766273907256,0.422830479027054,0.106245438201892,0.407940787426082,0.250638863086446,0.489827961836075,0.0208126387111929,0.292917042029517,0.0809412179155485,0.338841025641026,0.149332453674715,0.386694475043451,0.214057499549122,0.428631998028455,0.190606201989085,0.450326046774342,0.0762283226330159,0.458813204889274,0.147578726540428,0.459006637674525,0.277938959988762,0.546442126681677,0.16433003028885,0.40628033927523,0.172698488176524,0.406203362189521,0.216584125055839,0.457432258495896,0.157787612090536,0.171531256764625,0.206099892452896,0.237587151164974,0.240562176835201,0.272339472537554,0.157787612090536,0.171531256764625,0.206099892452896,0.237587151164974,0.240562176835201,0.272339472537554,-0.040231471367022,-0.00744584866954993,-0.0531280595117949,-0.0185846036838769,-0.00685121983187861,-0.0304512644746581,-0.0153547730871054,-0.00513836502895768,-0.0242546823462036,-0.00764053589162766,-0.0127191225882893,-0.0296707023459722,-0.00239667330102532,-0.00686435085265912,-0.0142860776868542,-0.0115043275740939,0.00185321385096346,-0.00829446704096158
"54",54,"NM1713PAR","3","153","7","6",4.7,4.2,4.7771018142,4.3,5.9,5.4,-0.108963881673111,0.48921568627451,-0.0117416290484353,0.468066042842258,-0.0594457291031448,0.500293183,0.0832667194873897,0.463459929730634,0.0963901829526387,0.435626236,0.186404052878941,0.481843891402715,0.0801665680127054,0.289583143022441,0.159144164171696,0.455852234663604,0.10494830114135,0.427294334208603,0.209168731539618,0.488928077313651,0.233516604100491,0.459951180711495,0.109038714026466,0.401765289301963,0.0920711050763209,0.34892913455005,0.271729448857429,0.482463976581624,0.0359159380452121,0.197057201706158,0.0231984268415595,0.394477388332182,0.0615498244546148,0.367097338935574,0.212886416768631,0.438504866020955,0.00835100733365082,0.298105949086341,0.0314476311349812,0.34439116335062,0.118750374920548,0.435444690156765,0.17692520988536,0.389002641,0.149273249844829,0.422962512596196,0.0314885404065495,0.444931096936767,0.117330471832991,0.449080071717403,0.251550934137953,0.520423368320371,0.159460192291432,0.388855012522458,0.187335905370761,0.400971499710995,0.235693469295383,0.484322977590092,0.127862375314745,0.144086255682285,0.169904560707626,0.189189768520257,0.183137657203573,0.243079859785585,0.127862375314745,0.144086255682285,0.169904560707626,0.189189768520257,0.183137657203573,0.243079859785585,-0.0364311856654795,-0.00662883623901233,-0.0479126667763298,-0.0200612574811547,-0.00739505194530168,-0.032869863119056,-0.00831669604179784,-0.00285900976871198,-0.0132686461989033,-0.00970360004640189,-0.016170970123806,-0.0377125417861162,-0.0118790190886524,-0.00882608580742003,-0.0271662480722629,-0.00614939995225877,0.000963893991173904,-0.00447988659373082
"55",55,"NUMEX_BILL_MELTON","4","154","7","7",4.85,4.75,4.5754042568,4.1,6.1,5.55,-0.10781220394027,0.493402871805159,-0.0100801397367749,0.462119649303765,-0.0672870945981668,0.507424844797954,0.0648891860344725,0.454200579345006,0.080452622506871,0.429415025814247,0.153624282868603,0.462482423286681,0.0808495856738685,0.356851950653462,0.149710194246947,0.448889001480581,0.118633437224076,0.433888998921679,0.19571959040762,0.479418989315183,0.231700361820502,0.466691291,0.0427391948027515,0.42395006719214,0.0584680217074406,0.398748328160093,0.258621090799943,0.481252443997542,0.0153312820258754,0.21698095506145,-0.0068717106362987,0.410951998014396,0.0388324726861555,0.418861807671276,0.212029965502074,0.47113361291984,0.0183368225014176,0.277183293644762,0.0392334221341098,0.349415384615385,0.123102260284338,0.404079019,0.18647370004712,0.42161757737921,0.158830454934745,0.442767647482685,0.020146323278849,0.435129645414101,0.107503661095636,0.438481148632292,0.234180644901391,0.515535100493107,0.146022735138013,0.402290815667953,0.165891457783192,0.403580407,0.21481685769183,0.470617153937449,0.131943089420535,0.162954693926393,0.162730894284193,0.180390244403036,0.189345713379965,0.249832078112962,0.131943089420535,0.162954693926393,0.162730894284193,0.180390244403036,0.189345713379965,0.249832078112962,-0.050267744484965,-0.0092603287618927,-0.0663071043252642,-0.031719740915316,-0.0116979844763225,-0.051981244285918,-0.0277976320750582,-0.00924946651647544,-0.0438181779544927,-0.0136471217901831,-0.022614383193066,-0.0528163822912396,-0.0175349084152191,-0.00966359043247909,-0.0342727379546669,-0.0146450289831162,0.00143742732349816,-0.0121553318375093
"56",56,"TMA_990","4","155","7","8",6.35,6.45,6.1924247048,6.5,8,6.65,-0.0399463031599397,0.495869598260605,0.0336024603615904,0.458530945470848,-0.0138088372150981,0.480428203316274,0.113318378666021,0.462457607866019,0.125874641321716,0.429044804196188,0.18964627487777,0.484351625462002,0.0614134143485161,0.38266872291988,0.199237585577115,0.451201553782872,0.189082285761826,0.394107540853433,0.241238106793752,0.495904128074588,0.308807871591213,0.506267015120767,0.0993723498588021,0.426320926272572,0.10548421814965,0.387645722286245,0.320709684610729,0.519259817887269,0.0208118331316388,0.232785430887898,0.0704632367901069,0.393597220153884,0.0918319907386441,0.405037154,0.26185382897105,0.496030607364897,0.0581343510559845,0.215204156811043,0.0887583431381367,0.349604297741162,0.17231758861388,0.400022325034883,0.223209081940939,0.44116758643756,0.200745690004359,0.44390731874145,0.0863500302176656,0.44586922854818,0.149742486650431,0.464982522768439,0.2641739848585,0.521536655245484,0.15084072403084,0.412625772330593,0.16185626997975,0.358729313746615,0.195726469857263,0.398928840078231,0.172750230478432,0.221275321226366,0.220242573866994,0.285984533809691,0.248322247055692,0.299348345847063,0.172750230478432,0.221275321226366,0.220242573866994,0.285984533809691,0.248322247055692,0.299348345847063,-0.0144947200314413,-0.00307303223337452,-0.0198173679696834,0.000243561459072555,8.38752786521153e-05,0.000388837702562174,-0.00232413746174123,-0.000778814478550255,-0.00367308370236579,-0.00302197912560713,-0.00510140234337387,-0.0118578671355697,0.00590596272280082,-0.00627477572784541,-0.00496226759643441,-0.00827282099220237,-0.00281042349671336,-0.0131406172580235
"57",57,"NUMEX_BILL_MELTON","4","156","8","8",7.95,7.1,6.0959520968,5.75,7.3,6.2,-0.0620739419255649,0.495029838022165,0.0162839415540236,0.472667357875408,-0.00339473718754636,0.503525603731872,0.135330741524818,0.473921765460409,0.153644359858032,0.438790884000659,0.252452586116965,0.517863486780599,0.0308455782686468,0.42620809354161,0.179918485353464,0.463480321787055,0.193393161423449,0.438644153152762,0.245540593579815,0.518146810463129,0.310551076756462,0.519347916581164,0.0592640788075742,0.427182607371457,0.0925185486030902,0.417429727329297,0.321710245345634,0.528429618386577,-0.0090369562095929,0.256745771,0.0416075368560616,0.402998659717051,0.0583357883589076,0.390018674136321,0.272437039729629,0.494070558805136,0.0211339669367898,0.207903373810047,0.0491750353502502,0.3319197586727,0.136132248745259,0.381593002113126,0.189318316409184,0.420224709196752,0.18466836708078,0.439446123937181,0.0326234060892024,0.449878643112756,0.120738197179255,0.457978735475672,0.235246308768719,0.521907515175615,0.141694306612377,0.388562743848867,0.16954628056179,0.392599774952716,0.217846772602876,0.453573458368855,0.216277847606856,0.243574384605767,0.216811385518896,0.252986318370111,0.226594050438319,0.279091690864931,0.216277847606856,0.243574384605767,0.216811385518896,0.252986318370111,0.226594050438319,0.279091690864931,0.0123553931619723,0.00265015640973765,0.0169455986915835,0.0136811739360915,0.00503348952441268,0.0223994334936421,0.00592757673866329,0.00201315686492849,0.00941446669708818,0.00147329466862527,0.00244462846925635,0.0057075153645035,-0.00596421608745265,-0.00432976306529971,-0.0134635856685155,-0.00755225960660344,0.000132110300411254,-0.00732343785508789
"58",58,"NUMEX_BILL_MELTON","4","157","8","7",7.15,6.5,5.8735098468,5.45,7.4,6.1,-0.0717658842869151,0.495891571997859,0.0334634080641506,0.476426792370827,-0.00546918378678514,0.49455520103928,0.140200722233227,0.471177421947531,0.13843942112909,0.429473382,0.245642814268342,0.515459390931614,0.0337432312512451,0.427147199429694,0.192992629459615,0.452050763840803,0.1431390122092,0.435452388042193,0.246026209550719,0.513965415225919,0.27989610174101,0.508577576350983,0.0496857345375,0.432665762860694,0.0814540850679816,0.41874296435272,0.277996432921771,0.518892506345878,-0.0105387315424366,0.252641682363045,0.0216454994156452,0.415279623,0.0496784091834888,0.403526091711585,0.249885685000031,0.508398701972145,0.00132909551304141,0.229870432022512,0.0378151401299469,0.357831419420358,0.126851135431473,0.395437859538322,0.18969982212493,0.401471734171101,0.191950164059887,0.433305358459856,0.0152168506525918,0.455970811,0.106419146283434,0.445304798962387,0.229410978261405,0.503409658092787,0.132798676901275,0.406006520680049,0.154665992155687,0.395143034589401,0.216318024646082,0.45723716,0.194514039042644,0.222990633794012,0.208899903989086,0.239787032194279,0.229698078526515,0.274590211980013,0.194514039042644,0.222990633794012,0.208899903989086,0.239787032194279,0.229698078526515,0.274590211980013,0.0106084803927285,0.00199070123568277,0.0140564760605538,0.00219796817811698,0.000800275528307698,0.00358408604714276,-0.00866482705305437,-0.00285195586634514,-0.0136045594929222,-0.00168466024337446,-0.00275450498931207,-0.00645560281371643,-0.0102804361495304,0.000526669322765841,-0.00936821812769837,-0.0180250499753167,0.00147822067334686,-0.0154646966754698
"59",59,"NUMEX_BILL_MELTON","3","158","8","6",6.85,6.35,6.3910806682,5.55,7.75,6.75,-0.0603362559009087,0.489594361505978,0.0338711180963647,0.461063545401172,-0.0158170645794526,0.48560917626333,0.130647279165552,0.475044578137999,0.132912379323505,0.430811981655407,0.229297788443371,0.508776462576859,0.0676027757524869,0.295816026236931,0.172225160357142,0.456899218,0.117521628795341,0.419989891743837,0.238089937894985,0.513135448826733,0.253143265931281,0.497447622384769,0.0772382632636834,0.438746289401837,0.0946621369205298,0.399803718455081,0.272583255900574,0.5223869697973,0.00200588499486145,0.221903570812489,0.0413406255534635,0.426534226855299,0.0675344248472356,0.391412426081544,0.249089097757975,0.503193947,-0.0120135353121143,0.256416943786401,0.0405092206890406,0.363379788838612,0.12432990753517,0.434123815818462,0.187216204363935,0.422241777079892,0.178093055713433,0.454674525566758,0.0138577764244065,0.448155056060364,0.117184395983597,0.457793639625231,0.252945899326976,0.520692507859152,0.144034399138297,0.417482584454466,0.165542510978225,0.407058992526121,0.220655553403884,0.470039449709978,0.186352610831064,0.217844696091073,0.227308061584483,0.24418679425289,0.240562176835201,0.303849824731981,0.186352610831064,0.217844696091073,0.227308061584483,0.24418679425289,0.240562176835201,0.303849824731981,-0.0155524018594426,-0.00283411008899188,-0.0204612245063691,0.00236077448734764,0.000859453979172665,0.00384939243953684,0.0031153006321136,0.00103794314664373,0.00491307088961238,0.00086669991389915,0.00143987450698059,0.00336063570561449,-0.00430172224571337,-0.00230352048559262,-0.00829153674560045,-0.0113148907346968,0.000424183191792736,-0.0105801838980057
"60",60,"NUMEX_BILL_MELTON","3","159","8","5",6.75,6.15,6.2171361502,5.9,7.6,6.55,-0.0580065750086526,0.490270297377263,0.0445900167574097,0.469988299418302,-0.0125718822489728,0.488526361812483,0.143624401858308,0.476365938712778,0.129990267047198,0.438551964903608,0.242521519562829,0.497523915539013,0.0423533393265433,0.384248348101459,0.178404971179556,0.456580327604293,0.110650098324011,0.419955244,0.24229529060361,0.508805468659483,0.261190810699377,0.478156593046867,0.0975632764138252,0.427155315199861,0.0989149027836741,0.358935426510749,0.274261822736729,0.498994224331384,-0.000834200407147733,0.227943203749655,0.0667638874474311,0.412988364478016,0.0820227173438183,0.389869086523498,0.270511451296888,0.497656071809587,-0.00515091709665243,0.248360042764634,0.0508313773596566,0.331248159699062,0.126196590333059,0.39620826907542,0.194139768188054,0.404566642,0.194679482840317,0.4440674874601,0.0340387460658933,0.435237070285499,0.127883093910616,0.460802469135802,0.264742518700643,0.539712804248786,0.151479042889068,0.398528807998035,0.170160860510539,0.404212242966568,0.231319791560972,0.464721908,0.183632134760538,0.210983445820488,0.221121472295044,0.259585961458027,0.235906134702907,0.294846866962145,0.183632134760538,0.210983445820488,0.221121472295044,0.259585961458027,0.235906134702907,0.294846866962145,-0.00825040012260224,-0.00163756002817421,-0.0110867372794494,0.00154779364561309,0.000563683788107263,0.00252412260175131,0.00340316799146139,0.00107200930548824,0.00525994256663974,0.00475460237252374,0.00786124299435125,0.0183706745898842,0.000484663065207381,-0.00235128560693988,-0.00358788305132132,-0.00363884146741999,-0.00166177449063708,-0.00651711930334754
"61",61,"NUMEX_BILL_MELTON","2","160","8","4",7,5.3,5.6599955262,5.65,7.75,6.5,-0.0606390399510844,0.483327167872497,0.029899748489131,0.467350684519332,-0.0145941708912745,0.493964181959642,0.151986170173033,0.475325020421419,0.142074477793139,0.443734895919152,0.274457076691134,0.502133895516248,0.0509685340609378,0.321097193787536,0.162151866391884,0.447244412168159,0.0963872142047619,0.418391772821471,0.233342602631652,0.496045730509398,0.228856834336018,0.455421813896494,0.066857631551334,0.439288465398767,0.072787774311639,0.332639239,0.254731585559437,0.495786686461005,0.0101686407860061,0.212483697932614,0.0655504337633888,0.400816877637131,0.0800478853835909,0.38208304038747,0.266532487427638,0.493778481395362,-0.0132764257844346,0.268009697897725,0.0467335151988491,0.327583107088989,0.116256839690211,0.397607941422183,0.194045060437314,0.400607345977413,0.19041988291533,0.443778698970581,0.0183064128425549,0.451927789299155,0.123842192993203,0.436174944686046,0.26733204186011,0.530746538132929,0.148151559789057,0.398985338879659,0.171440289302272,0.404446564950767,0.239916575063366,0.481781254701369,0.190433324936854,0.181823132170502,0.201305957228626,0.248586556311501,0.240562176835201,0.292596127519686,0.190433324936854,0.181823132170502,0.201305957228626,0.248586556311501,0.240562176835201,0.292596127519686,-0.00632963958235344,-0.00100780444857221,-0.0080752080837465,-0.00101601729029126,-0.00038010333174007,-0.00167437557011431,0.000967381949150864,0.000313711307915333,0.00151074587099466,0.00421743774238863,0.00694295043055938,0.0162429805899993,-0.00412592452995112,-0.00163806573111627,-0.00696313758998364,-0.0106323138388106,0.00190695850308422,-0.00732936483797679
"62",62,"NUMEX_BILL_MELTON","2","161","8","3",8.45,6.65,7.0454450342,6.55,9.5,7.45,-0.0347567242696209,0.485945234,0.0257961032887476,0.462515916538626,0.0150879558317237,0.478853782117055,0.188947549063655,0.48404947724447,0.177004685571516,0.445451342930335,0.30608430601429,0.533676712159336,0.0366100932155352,0.376336072,0.213393150681506,0.458829180901356,0.133550282191645,0.417598512944064,0.28464204419849,0.526738773,0.290369692618665,0.494167482601533,0.104974738968671,0.441757418081459,0.106837876544409,0.372097818489497,0.288295794117215,0.526549865724902,-0.00521015704537639,0.268782335101121,0.0797889880196097,0.419216679076694,0.0985597830092723,0.407713001867414,0.275260877243873,0.514719861678255,-0.0109003166743484,0.300578319660099,0.0556812934864909,0.334090886328993,0.133711312002385,0.387334459376759,0.209690792984128,0.414354520804905,0.220319068236197,0.457384982895445,0.0399582937109691,0.45208056627381,0.144686751084706,0.451878328491891,0.291149738450339,0.547350303469517,0.158714391559308,0.415185747595695,0.185436958035621,0.412440016730674,0.25393601068538,0.495134981528843,0.229880227959488,0.228136571496951,0.250581480170093,0.288184414838996,0.294882668378634,0.335360176926409,0.229880227959488,0.228136571496951,0.250581480170093,0.288184414838996,0.294882668378634,0.335360176926409,0.023092107619694,0.00458960257259818,0.0310415324272447,0.0315625506909334,0.0116129991330633,0.051676855129755,0.027117779524823,0.00897095288298629,0.0426559256425617,0.0106680899089884,0.0176570015038917,0.0412509134894053,0.0117602809488231,0.00645413418325825,0.0229391692242429,0.00586588980709675,0.000390051347924459,0.00654147855631039
"63",63,"NUMEX_BILL_MELTON","1","162","8","2",6.65,4.15,5.1072617974,5.15,8.45,6.3,-0.0761684908303027,0.485575480613546,-0.00794850287599584,0.461767412422603,0.0112591722601217,0.480132591616754,0.167426030391218,0.479171753722744,0.161900558048213,0.44985773544003,0.301600281488507,0.513457417224767,0.0386432093864044,0.367230345138878,0.18429740634265,0.459574515996465,0.123220170236995,0.353741866295668,0.235821305959436,0.485468080176109,0.178195949181577,0.405309155680142,0.0270676195699204,0.454155776991315,0.0714355946314222,0.335577922665441,0.252755484216158,0.464142662693595,0.0180686221315577,0.219678979431301,0.0996078210134328,0.430529262844378,0.0974896771378952,0.411310496420791,0.270891824734103,0.481499071921078,-0.00258203708318558,0.264158130637394,0.0632187461434496,0.328068979386626,0.125072253166915,0.366270593131135,0.208528829418103,0.418347843,0.217055131107229,0.444778651770786,0.00620949092356794,0.45408842127637,0.136813586535972,0.435645828682628,0.261588508179769,0.537793739399103,0.145902168117824,0.408942242431056,0.170780914865612,0.391205580271324,0.237135623395492,0.465706430870292,0.180911658690011,0.142370943114638,0.181647179787271,0.226587746018447,0.262290373452574,0.283593169749849,0.180911658690011,0.142370943114638,0.181647179787271,0.226587746018447,0.262290373452574,0.283593169749849,-0.0214040835380998,-0.00358754636698173,-0.0276178960930676,-0.0309594577841374,-0.011415212745766,-0.0507311861526116,-0.0218301439501306,-0.00720048335543403,-0.0343017469062968,-0.00337040567558848,-0.00567236699699038,-0.0131952334706193,-0.00355067808911256,-0.00439741822190729,-0.0111672298383017,-0.0229163064171135,0.00226534306214164,-0.0189926171540566
"64",64,"NUMEX_BILL_MELTON","1","163","8","1",6.75,4.7,5.4743232114,5.4,8.8,6.8,-0.0699818632086204,0.486796382662187,-0.0058560865447034,0.4570436119887,0.0148975480877612,0.472705043175335,0.174400920337145,0.473791199598461,0.167904061955259,0.457381261328061,0.317002579609245,0.509527332320667,0.0170087468411347,0.380717252645097,0.183791363771585,0.453013044579892,0.142041849527796,0.408665168782653,0.258933722277568,0.493137254901961,0.235296125479167,0.428302288721728,0.0703145666411926,0.443257103133754,0.0707303836417594,0.395566215939243,0.294368234047326,0.491707684950153,-0.0118808087016641,0.359245135004148,0.114894125849717,0.436249839267719,0.118707657758046,0.415257011171002,0.296772615770213,0.491243573726733,-0.0251428037650337,0.366729816514608,0.0477231975588152,0.399259072308053,0.130951663732017,0.375317519766958,0.231552862421847,0.449417864610329,0.254037782481466,0.477918217294123,0.0185092719147074,0.453004698532693,0.169673886580715,0.445098698556139,0.301771280058817,0.561919864222968,0.162445396774095,0.411674598911554,0.183431213586736,0.420164518296006,0.280926427444172,0.495026160506828,0.183632134760538,0.161239381358747,0.194702251821325,0.237587151164974,0.273154471761261,0.30610056417444,0.183632134760538,0.161239381358747,0.194702251821325,0.237587151164974,0.273154471761261,0.30610056417444,-0.0158498265275884,-0.00258649816200564,-0.0203297727382888,-0.01376246355162,-0.00507574578987143,-0.0225539131075634,-0.00565713414081016,-0.00188881541640539,-0.00892865839384745,0.00403604578393666,0.00668084248466562,0.0156076043541757,0.00120132244792491,0.00625102034776126,0.0120284072420811,-0.00082605038334544,-0.000248299979912187,-0.00125611856219233
"65",65,"NUMEX_BILL_MELTON","1","164","9","1",6.75,5.15,5.2496314674,4.85,8.1,6.35,-0.0884324407817638,0.476698916843448,-0.0234791828495938,0.459097014894299,-0.00703643955766922,0.490979929917384,0.171182388909269,0.485670068596286,0.14675981141697,0.453585449062687,0.263390487981557,0.50872972252177,0.0731769985225025,0.269393351567356,0.148051419911844,0.459061457123561,0.1088219405265,0.400901772386708,0.236943809044695,0.498451736652429,0.202211484646474,0.435612087952893,0.0759064030506974,0.438765958751245,0.0301247640937897,0.409565759827198,0.273552811648702,0.503031746647242,-0.0163346939712027,0.346579716930761,0.119402414091236,0.443209133780094,0.0801052641075575,0.445288844621514,0.252007409780927,0.494897914137512,-0.0264173835793578,0.378772337722533,0.0234512684251401,0.409087431070089,0.106476693167169,0.375442331318492,0.183456650192341,0.43079142104603,0.234623576433681,0.473476334858294,0.0265039972860898,0.468658270896434,0.150744996109119,0.444693324860809,0.282581711478079,0.544060718770704,0.137011768738262,0.393907203144583,0.176659462798605,0.412392820376014,0.272251660605901,0.491648162466874,0.183632134760538,0.176677194467563,0.186710763771924,0.213388459842616,0.251426275143888,0.285843909192308,0.183632134760538,0.176677194467563,0.186710763771924,0.213388459842616,0.251426275143888,0.285843909192308,-0.0247721024574229,-0.00405868233495352,-0.031801946442625,-0.0178252430568379,-0.00657121086600411,-0.029206914094269,-0.0161807653659467,-0.00540664294202468,-0.0255453455989949,-0.00230410858187416,-0.00375466608191982,-0.00880738097279625,-0.0151986085584294,-6.73371826566171e-06,-0.0152102717005384,-0.0118507618567371,0.000645457856563005,-0.0107327960599108
"66",66,"SW_9720","1","165","9","2",6.7,5.45,5.8103482654,5.75,8.7,6.45,-0.0456514187448642,0.48816759440349,-0.0115032258616758,0.45794744496264,-0.00170863794946287,0.493231574233722,0.167183113737209,0.477311064964718,0.150167568438371,0.447087894987055,0.253987268275086,0.516910628477053,0.0892909800133252,0.28386522516592,0.189526685130987,0.458898027581211,0.130025920900383,0.375354033007589,0.246709096880177,0.502969380109279,0.205269151149054,0.452361625752663,0.093816527198974,0.439508582695774,0.0822450795924805,0.333655036923011,0.258826613314415,0.475599271603576,-0.00774069233856889,0.285258191307251,0.129281657786595,0.434505435591958,0.0824113521726835,0.432438920012449,0.253264916927247,0.516602809706258,-0.00273033997841566,0.276551279707664,0.0682460217251391,0.361541679235797,0.135909935048586,0.377184597684267,0.183570381107029,0.422173446493025,0.215278143294091,0.491472492911415,0.043297907598734,0.477647058823529,0.158239899433389,0.450888456549935,0.264031819547592,0.534897554527429,0.123880620748225,0.394091081325289,0.15568159647816,0.370821028260475,0.209589747379101,0.422776973891161,0.182271896725275,0.186969069873441,0.206653470658009,0.252986318370111,0.270050443673065,0.290345388077227,0.182271896725275,0.186969069873441,0.206653470658009,0.252986318370111,0.270050443673065,0.290345388077227,-0.0333735650298432,-0.00594527962224106,-0.0436710913557695,-0.0232306822852509,-0.00855932838836865,-0.0380558738677875,-0.0195679744137889,-0.00654861599506433,-0.0309105099869329,-0.00278735139289634,-0.00456985312223369,-0.0107025691491437,-0.0147628817995374,-0.00542450068734259,-0.0241583925546496,-0.0193748142848617,-0.0012169795311336,-0.0214826846553453
"67",67,"NM1712PAR","2","166","9","3",5.85,5.1,5.4520588942,5.05,7.1,5.7,-0.0906452852056128,0.484422547,-0.029775430597396,0.455497399639406,-0.0317060617187502,0.496820417282312,0.139593778601598,0.468682892263481,0.135076309845039,0.431167099192618,0.255034288011375,0.498462175938956,0.0619248680869388,0.350807186855742,0.150043949422504,0.44924204508803,0.0983860433926944,0.401389975798154,0.240763068965911,0.49518357221234,0.234926681270098,0.444465616407033,0.106013651854808,0.437704135060651,0.099862485298927,0.359769293102626,0.267343675432066,0.49614501710628,-0.00435817881437189,0.250006982265047,0.0769062178567231,0.429588880615537,0.0578781268230073,0.404173669467787,0.255432440175278,0.485250416398687,0.00320191606623295,0.241031144921572,0.0454806095404666,0.344370732254491,0.108999657021258,0.398087488678368,0.156738060628025,0.389440925623981,0.201094714584571,0.460708877291945,0.0305831171619543,0.455682774671671,0.143728781900306,0.444945543188213,0.275108534117336,0.548966569939914,0.130535176193191,0.38959522649578,0.175220235643811,0.406298676333278,0.248613911484118,0.496399446195735,0.1591478501258,0.174961881899917,0.193910389060084,0.222187983959837,0.220385994261926,0.25658429644034,0.1591478501258,0.174961881899917,0.193910389060084,0.222187983959837,0.220385994261926,0.25658429644034,-0.0104127798747129,-0.00136569881655605,-0.0127782396024878,0.00301400221181079,0.00111417169817259,0.00494380419296798,-0.000191864871684391,-0.000115080497467792,-0.000391190139387879,0.00158590324034784,0.00267370599336677,0.00621689784512356,-0.0104174930232225,-0.00519973450299401,-0.0194236973289209,-0.0137884234216117,0.00303273450288724,-0.00853557319969824
"68",68,"NUMEX_BILL_MELTON","2","167","9","4",6.05,4.8,5.1550556142,5.15,7.3,6.25,-0.0873114766481386,0.479889900011235,0.0108487847913809,0.471053273824449,-0.0427384467986693,0.503906230717426,0.12466241804634,0.471132049408566,0.11239715844513,0.435420442686879,0.208352387931854,0.490244608883076,0.0472830874503705,0.389684227104496,0.12264524578959,0.452366702553626,0.0754827589223999,0.421175568248468,0.221055857418474,0.495285293604621,0.197476334769107,0.441342424286667,0.0579862933277688,0.44924753702984,0.0738792773848212,0.351250036217356,0.243745903653568,0.491660596696465,-0.00649595478919672,0.247537366446631,0.063517853386022,0.428749796904172,0.052669073547576,0.404625224591829,0.24972528050738,0.511598057609535,-0.0120513451209247,0.236591089962682,0.0377406873712972,0.370567982129561,0.108218485624343,0.391783407994908,0.157726568026386,0.400769959725184,0.18948647080803,0.465230058012541,0.0032143921602673,0.442826819259609,0.124658227348432,0.446487873698862,0.254921581126039,0.529261704230449,0.121281085135766,0.390179482711409,0.169169397801109,0.407677520480289,0.237123786121896,0.488399188458666,0.164588802266852,0.16467000649404,0.183347036261715,0.226587746018447,0.226594050438319,0.28134243030739,0.164588802266852,0.16467000649404,0.183347036261715,0.226587746018447,0.226594050438319,0.28134243030739,-0.0325525473736912,-0.00582875196646297,-0.0426482418802049,-0.0140407501330321,-0.00516985892419402,-0.0229952084185694,-0.00681963359013993,-0.00228130754475265,-0.0107709741480748,0.00234398514679435,0.00393343864531729,0.00915690069916707,-0.011340071552475,-0.00517095213294874,-0.0202964233311106,-0.0145785096127697,0.00213726733181925,-0.0108766540208783
"69",69,"NM1702PAR","3","168","9","5",4.85,4.6,4.9301434082,5.3,6.8,6.2,-0.0875855285265207,0.489635995955511,0.00402703605114791,0.475815272382047,-0.077131021343779,0.523422708985955,0.0692869268995915,0.461755848399256,0.0604042063338913,0.429707324106113,0.158142684843471,0.459791978293387,0.0484133134078355,0.42520575965839,0.117789422709542,0.441763073,0.0560823595033673,0.41827257510543,0.187607114334173,0.475004840923059,0.197255084681399,0.454666658849327,0.092110771356178,0.41972393375122,0.0831211246234663,0.38379047725453,0.240284136395725,0.477226724572492,0.00368212566389341,0.23862979209279,0.0657058379511923,0.42047019111442,0.0441030493869053,0.412492219109866,0.242053203498564,0.497208433882851,0.0151162760671084,0.220906963608489,0.0506363703342401,0.383635693525546,0.118613107053611,0.415531377,0.156412054226221,0.405937748233622,0.183375166727168,0.471622765289483,0.0247691186736918,0.441515135,0.133518821457077,0.455052834363317,0.249770146128843,0.53372446,0.128783792148991,0.386691983227778,0.163655524288133,0.39487162386322,0.22831160717644,0.458554235,0.131943089420535,0.157808756223455,0.17534770716125,0.233187389106363,0.211073909997338,0.279091690864931,0.131943089420535,0.157808756223455,0.17534770716125,0.233187389106363,0.211073909997338,0.279091690864931,-0.0597867805596883,-0.0109371739299018,-0.0787305214147137,-0.0326809217115483,-0.0120222875317495,-0.0535041344487451,-0.0236860890787244,-0.00792895636927167,-0.0374194443012865,-0.00128405938512551,-0.00211670791725542,-0.00495030502657409,-0.0104210840081738,-0.00901980328437343,-0.0260438415027154,-0.0101609537572015,0.00010357272852704,-0.00998156052989808
"70",70,"AFX_779","3","169","9","6",6.45,5.75,6.0756483282,5.55,8.1,6.9,-0.0626988268267159,0.4815630911188,0.0380418010583303,0.46717899391653,-0.0141006030522417,0.504958707181453,0.141180255882239,0.484681803121115,0.131484912991343,0.450195838139177,0.235536824009164,0.501166579619983,0.0669447065105393,0.318797109566267,0.175155567655418,0.458282713985202,0.120789515536837,0.416012380101603,0.262717807361568,0.517767722473605,0.259772647108209,0.480984252,0.107728290635401,0.435856573705179,0.113090967595008,0.380817418725915,0.292651878156666,0.501491005407792,0.00794975432888162,0.236536960825386,0.0994121188693252,0.443509357160586,0.0841295319063069,0.401877197093977,0.277619833778037,0.505207482617813,0.00175991246085092,0.219601565082196,0.0598378263449772,0.389649472096531,0.140636296978965,0.402479645541113,0.184647307543093,0.406534379921123,0.217042926700713,0.472419694687694,0.0334850184167691,0.461317339073068,0.166289111110976,0.467004811183733,0.282182228190581,0.546501593238008,0.167784422780072,0.397322273993479,0.203331484390548,0.412710580461446,0.260797653559817,0.487184189483006,0.175470706548958,0.197260945279318,0.216089252514647,0.24418679425289,0.251426275143888,0.310602043059359,0.175470706548958,0.197260945279318,0.216089252514647,0.24418679425289,0.251426275143888,0.310602043059359,-0.0181836726206809,-0.00312974148662251,-0.0236045438663786,-0.00561495395909681,-0.00207226813998577,-0.00920422764877367,-0.00358976710873674,-0.00121610331618815,-0.00569611983042308,-0.000264631467931956,-0.000451880681966196,-0.00104731176463605,-0.00285550254549498,-0.000594869717202356,-0.00388584711507109,0.00569136771366421,0.00237347456685371,0.00980234623596284
"71",71,"SW_8421S","4","170","9","7",6.9,7.1,7.2805646308,7.15,9,7.05,-0.0418437544395,0.509163532420641,0.0528312731858238,0.47159169550173,-0.0148410003646247,0.498405386250886,0.146865968754757,0.473216283334482,0.125176112723633,0.447408277036305,0.231305164489042,0.493707352159365,0.0551939806572757,0.445095531589817,0.226594901390646,0.465088959155743,0.152897274431951,0.434918590496065,0.273264875687484,0.527917152262365,0.289940802292428,0.495240803388035,0.121838069131293,0.428004964010921,0.122319429004141,0.421657885710173,0.318913299697007,0.533646213,-0.00597363557010504,0.272854546157714,0.132361921574018,0.446380739637627,0.0985761199072814,0.436984516028634,0.303966621756512,0.544160981839703,0.0495578198917594,0.228362231638732,0.0982481408344938,0.371311736462897,0.165333405015369,0.416135712712051,0.207325849098578,0.41666562535795,0.251917287389212,0.464917540659675,0.0776237820675596,0.469271596188676,0.175482682386159,0.453164316117954,0.294997825066496,0.55641309155241,0.133288217801849,0.404731698583022,0.159984935766711,0.387396901445344,0.203423676636771,0.442204001805326,0.187712848866328,0.243574384605767,0.258943849934818,0.31458298719066,0.279362527937653,0.317354261386736,0.187712848866328,0.243574384605767,0.258943849934818,0.31458298719066,0.279362527937653,0.317354261386736,-0.00508173458000177,-0.000896066428616433,-0.00663376715454,0.0084453374436746,0.00310698526837473,0.0138267937633513,0.00992461724925149,0.00327531136021777,0.0155976229109658,0.00471725137356674,0.00779417303319522,0.0182171550110509,0.00933714710722004,0.000929063000285569,0.0109463314201151,-0.000278112769891434,-0.00156455573728499,-0.00298800278630049
"72",72,"SW_8888","4","171","9","8",7.6,7.05,6.9199824548,6.35,8.05,6.2,-0.0581762793552641,0.508546792495225,0.0230974573827584,0.462846530839985,0.002056971764683,0.496922016423905,0.164706827323111,0.486552233054883,0.149689115851641,0.450364558,0.272634431540343,0.524371068455669,0.0140130847545464,0.427909655807632,0.199482233425157,0.465335009027245,0.203251839637402,0.455481082446784,0.296517304826839,0.533224628050734,0.320809960377592,0.521152429202011,0.102149770595489,0.402125427305422,0.132421652594446,0.419468955416668,0.350003834795366,0.560041386,-0.0202741122896342,0.308558819422197,0.113868740419669,0.429823937098605,0.090500232876494,0.438032601929661,0.308525253842673,0.543694285,0.0508046068677963,0.214640055099166,0.0933159696726375,0.354378356912385,0.164450003387404,0.399703703703704,0.204902306086555,0.413924773889655,0.250865971195638,0.463112335,0.0690147731058755,0.453044999620797,0.166976860827027,0.469695111555695,0.267501460735744,0.538950514549938,0.135008155663548,0.397641895577513,0.169960190654273,0.37321233168984,0.217506582584654,0.442270029921602,0.206756181360013,0.241859072038121,0.246119221405828,0.279384890721775,0.24987426109979,0.279091690864931,0.206756181360013,0.241859072038121,0.246119221405828,0.279384890721775,0.24987426109979,0.279091690864931,0.020610966114693,0.00408060213194842,0.027678776301816,0.00344086364690086,0.00127097453721367,0.00564225611086142,0.00976356544720935,0.00324590776553555,0.0153856425892314,0.00381425771944164,0.0063699519380219,0.014847338069654,0.000370294413387965,-0.00364451400047661,-0.00594218897674875,-0.0089470075746707,-0.00229402366288139,-0.0129203730951833
"73",73,"NM1703PAR","4","172","10","8",8.9,7.7,7.7861210548,7.35,9.3,7.5,-0.0128472814411696,0.508270525322428,0.0379214610669573,0.469971310673346,0.0174549166180501,0.47256507990892,0.19018266252455,0.50203262834329,0.173118570081231,0.452157766012145,0.238925771751011,0.532102816769043,0.00896564807959315,0.416647591,0.185506361231884,0.47116939607693,0.199935118084552,0.441829764579555,0.307868140641626,0.548010657254355,0.329383734623194,0.535715667708327,0.112999019393777,0.437804120129064,0.142982826622069,0.417224881277169,0.357967154551905,0.561812162013023,-0.00554203689620518,0.267394465117425,0.141917707880686,0.434445867460908,0.102152585526905,0.419525037106476,0.317579085853853,0.528678096787729,0.0554106560135859,0.211240303636286,0.0983605558333042,0.343518954248366,0.167160398877613,0.410457712173509,0.188227967681465,0.399757590502484,0.248090491759919,0.47145328996757,0.0808406888397145,0.447448854880706,0.184513657053665,0.49047932402533,0.30289784821136,0.574323702258834,0.133130829992399,0.413186264100034,0.187441504391727,0.40961168781238,0.234401605916771,0.463783661802317,0.242122370276857,0.264158135417522,0.27692469804597,0.323382511307881,0.288674612202241,0.337610916368868,0.242122370276857,0.264158135417522,0.27692469804597,0.323382511307881,0.288674612202241,0.337610916368868,0.0285047374570129,0.00553030797893916,0.0380835118161808,0.0279623763385014,0.0103055522770028,0.0458121164043259,0.025763272095025,0.00860288467138406,0.0406639053724035,0.00804701292352944,0.0132769493249278,0.0310433636233301,0.0120247057238234,0.000787560615498397,0.0133888007179459,0.0105055097259907,-0.0019179282553198,0.00718356055702146
"74",74,"SW_9813","4","173","10","7",9.3,8.15,7.9865171048,7.4,9.6,7.55,0.00595336535351523,0.498707184255569,0.0816429454988275,0.474068502081139,0.0356375032941024,0.456948935380486,0.205051884096398,0.504722095556569,0.18266582336739,0.453504502,0.233306219895804,0.528092361328525,0.0726400395117211,0.417029466395127,0.203463803244466,0.467579193852686,0.160165562074154,0.455734352129618,0.293666469620211,0.54905715656808,0.301422377824207,0.520276816608996,0.116226882639813,0.437695630978197,0.132594875423178,0.431474033,0.324182882360523,0.539195085163521,-0.00867574033248001,0.282141181831584,0.132927964676819,0.44196972,0.106363007372334,0.436325725789613,0.290360985256599,0.523189677371887,0.0204021225865528,0.233362607173217,0.0867344225122638,0.376319157758108,0.168318312867078,0.413417345964603,0.194431435908998,0.407412794,0.244226284552014,0.469570781705351,0.0683226253599059,0.447136228,0.174707767492425,0.500524804829339,0.28334255386254,0.550401162367293,0.141481549645716,0.40327555811735,0.191971986540672,0.403395888269838,0.223619426098872,0.45199002755804,0.253004274558963,0.279595948526338,0.284052074469387,0.325582392337187,0.29798669646683,0.339861655811327,0.253004274558963,0.279595948526338,0.284052074469387,0.325582392337187,0.29798669646683,0.339861655811327,0.0311646021470793,0.00558079754226323,0.0408308269947944,0.0104110629063637,0.00383244662871599,0.0170490551555885,0.00533594232221403,0.00179583072515745,0.00844641236638757,0.00311902310440396,0.00517886126746937,0.0120890739058133,-0.00176257739677254,0.00356569906990432,0.0044133945298145,-0.00251547777131244,0.000464851239464893,-0.00171033181011628
"75",75,"TMA_990","3","174","10","6",8.1,6.85,6.7873328142,6.8,9.3,7.2,0.00272367189790693,0.482278098296953,0.0960786699959146,0.456825353203503,0.0397194265082858,0.452470637598683,0.203979970029552,0.49362736896666,0.182576338012489,0.444390550337782,0.230280292549442,0.52238525734515,0.08256275012721,0.402159961454208,0.204961247535949,0.455571318392416,0.14434899308356,0.414450884476782,0.301011833281003,0.535743699189077,0.267155480578308,0.485028230369193,0.132331178778212,0.432680991101368,0.127622036135415,0.379725009790369,0.307821782439646,0.504293820362687,0.027673173053762,0.21861772004087,0.166236573160007,0.445563639517115,0.123352450744703,0.428761034294196,0.279949809561934,0.511412897090431,0.00279365670615176,0.241305170716935,0.0935189600286784,0.387687883358472,0.176499865164546,0.413477812177503,0.194021512416078,0.411661395361957,0.231464377351113,0.469672128831357,0.0685664085940061,0.441113648493757,0.196555808080172,0.500213817044327,0.318787825506803,0.570856372146008,0.140262265310269,0.389943995436357,0.187365064753074,0.385901198086072,0.223199597077775,0.428527823746719,0.220358561712645,0.234997821767536,0.241401344376878,0.299183819985523,0.288674612202241,0.324106479714113,0.220358561712645,0.234997821767536,0.241401344376878,0.299183819985523,0.288674612202241,0.324106479714113,0.0298313501299603,0.00472780413087955,0.0380201470570935,0.0146133697430364,0.0053687388317503,0.0239122981315605,0.00932131583064296,0.00304403787876778,0.014593744073793,0.00292352983989055,0.00470042865374635,0.0110649110499548,0.0135341578169413,0.0046845693284759,0.0216480698699835,0.0160994471268688,-0.00637098510900418,0.00506457727203003
"76",76,"NM1704PAR","3","175","10","5",6.15,5.55,5.5717658522,5.7,7.5,6.85,-0.0567086885880031,0.486920582384702,0.0282675042138808,0.47639788640026,-0.0416979563714673,0.499521404354651,0.116598836236115,0.47337719427741,0.11674466688261,0.436295106277805,0.140541619838141,0.494879913687963,0.0742137771096912,0.437200988004593,0.124887597300968,0.445353471318571,0.0818250441854538,0.417213744329957,0.229947984767892,0.512049418,0.216178929188966,0.490679385,0.116279269961849,0.43735447883324,0.0977628494592179,0.409599515481868,0.261371181411008,0.513969944450576,0.0121226551202283,0.213622604467007,0.0899986958429005,0.430175428145942,0.0690824420427522,0.42227166534687,0.237331973472833,0.512209597417137,0.00560811357643959,0.224036939411802,0.0584327811857059,0.356050108,0.141579910813554,0.400493696604734,0.159559254826136,0.404260766,0.195410144706843,0.486397047095228,0.0240338131886762,0.432741689571396,0.152187920753063,0.482326190792405,0.281545543224082,0.564290209023276,0.126327122138806,0.413179036602651,0.191016635404522,0.423450828295119,0.240050735900628,0.49274404065637,0.167309278337379,0.190399695008733,0.198167940794104,0.250786437340806,0.232802106614711,0.3083513036169,0.167309278337379,0.190399695008733,0.198167940794104,0.250786437340806,0.232802106614711,0.3083513036169,-0.039904804221201,-0.0073657745253114,-0.0526626998803862,-0.012126313344342,-0.00446117073848001,-0.0198532876908629,-0.0135939865647718,-0.00459960410199228,-0.0215607345293108,-0.00344014526183674,-0.00570770340325464,-0.0133261775076067,-0.00747743279320063,-0.00563089978646301,-0.0172304372730637,-0.00794876375409211,0.00146837468094736,-0.00540546421325749
"77",77,"MESQUITE","2","176","10","4",5.8,5.05,5.5662133362,5.25,7.4,6.35,-0.0574202657141457,0.478742456914565,0.0167362032439668,0.464065994684319,-0.044018301203113,0.486586028045457,0.133881890065584,0.466662401952583,0.124210997779729,0.429627512769814,0.158955700710172,0.481639004,0.0612991296884693,0.386252120287231,0.147106974294841,0.447412795160818,0.0946671907756813,0.415833897295688,0.239287175994327,0.500421531142871,0.209028542157212,0.453354518324822,0.104723359995799,0.435522145718442,0.0783002831105531,0.387108677304756,0.258824382465361,0.477419526910201,0.0177266273885448,0.20822438655256,0.11376899694757,0.431492082402581,0.0897962558428712,0.412104925303455,0.247857770078315,0.50279053311733,0.00645101408159936,0.23746373961582,0.0734067286409707,0.361975263951735,0.155587738992745,0.402789258524883,0.16932480023025,0.407556829601109,0.196387925786729,0.472197142422861,0.0437515394574794,0.445496749738739,0.175563492018724,0.469682166848221,0.282152451574688,0.5481854640093,0.1408967969728,0.39672050599811,0.196075483352678,0.404948730623471,0.24531577763926,0.468708231099927,0.157787612090536,0.173246569332271,0.197970457502247,0.230987508077058,0.229698078526515,0.285843909192308,0.157787612090536,0.173246569332271,0.197970457502247,0.230987508077058,0.229698078526515,0.285843909192308,-0.0360094770826545,-0.00685444374428833,-0.0478817218535041,-0.0178901756548583,-0.00658272803930331,-0.029291795021516,-0.0148688959811692,-0.00498343836678417,-0.0235004643911084,-0.00432349331132878,-0.00717432981986889,-0.0167497970152966,-0.00857598135575484,-0.00748640974937529,-0.0215428233512881,-0.00519640646508957,0.00203825218210188,-0.00166605014247827
"78",78,"TMA_990","2","177","10","3",7.15,6.45,6.9890965102,6.8,9.2,6.75,-0.0283201383802775,0.505680293688085,0.0132578486014013,0.44746888519689,-0.0143289411461582,0.471840302386015,0.152119009754229,0.470422671027234,0.147961904761905,0.438375006865491,0.183554427005135,0.48791441,0.0831574444996105,0.333215116685205,0.173010286834839,0.443004021399928,0.124350402131374,0.403455284552846,0.274504817746046,0.514438149,0.249336535692105,0.465046257768434,0.145165194450575,0.439284905550298,0.10472046339944,0.377093645,0.285711221824212,0.493016223374903,0.0316424605192165,0.225293460492701,0.167094488879404,0.467431918590221,0.127556239518226,0.42465313726479,0.271064981164344,0.514174779340762,0.025579372246378,0.270448621596212,0.102465834765801,0.363090824234485,0.179202085683473,0.410758512643509,0.20252074790528,0.402521235071982,0.234870795295635,0.468580072659318,0.0748309366064278,0.462701525054466,0.199747353340712,0.463454451819638,0.308149843989302,0.571898918096091,0.128712225887056,0.394815567622958,0.179199635473215,0.374566920785408,0.214792623511988,0.41281981846447,0.194514039042644,0.221275321226366,0.24857736311563,0.299183819985523,0.285570584114045,0.303849824731981,0.194514039042644,0.221275321226366,0.24857736311563,0.299183819985523,0.285570584114045,0.303849824731981,-0.0168243188330516,-0.0031713378138397,-0.0223172370305829,0.0154024172639412,0.00567052888607649,0.025224061357493,0.0157766482486031,0.00515240959573322,0.0247008834108205,0.00387211348926687,0.00626620260960106,0.0147254947321885,0.0181645768040605,-0.000148527721154999,0.0179073192458118,0.00771401032003232,-0.00649124984142704,-0.00352916416081125
"79",79,"AMERISTAND_803T","1","178","10","2",6.45,5.35,5.7222980874,5.75,8.25,6.4,-0.0471073107660897,0.496021101396406,-0.0123335640975661,0.451855473647259,-0.0161425259794913,0.476050165242653,0.145865425389593,0.476186328638867,0.151202784251184,0.443251050420168,0.17270250270433,0.499780767360981,0.0888078147353968,0.300314886162741,0.156074704780648,0.4453509433749,0.140353033639603,0.38901979053909,0.255733281942571,0.515338860605069,0.223103772877265,0.463294070743019,0.123324277810635,0.428353797517797,0.0945603402359701,0.369338900057854,0.275175540694687,0.490812251070501,0.0170369665474806,0.197450640175098,0.158030107379938,0.445909724776495,0.105408207508274,0.422936118892001,0.259078511734893,0.507747121362616,0.017473369522198,0.247610261989347,0.0875952549669,0.347274007038713,0.162138301890079,0.394889183743673,0.19575680749105,0.386994333788182,0.23456850638921,0.451989589021559,0.068568464939927,0.453869333543324,0.191362326974569,0.478447069414185,0.297773714612002,0.560154541400008,0.134306506048733,0.384838544464292,0.189432771445455,0.386310421604539,0.228462318505609,0.436919843771685,0.175470706548958,0.183538444738148,0.203521838259292,0.252986318370111,0.256082317276182,0.288094648634767,0.175470706548958,0.183538444738148,0.203521838259292,0.252986318370111,0.256082317276182,0.288094648634767,-0.0512914553157081,-0.00944708040317785,-0.0676542784856966,-0.0197820011195496,-0.00728297705989794,-0.0323964873625275,-0.0170617165744835,-0.00577205564527095,-0.0270592101725196,-0.00809301527316788,-0.013433799679775,-0.0313610387555619,-0.00841998086026665,-0.00831319571220599,-0.0228188581441496,-0.0158554396385917,-0.00126336999018296,-0.018043660640784
"80",80,"NUMEX_BILL_MELTON","1","179","10","1",5.75,5.05,4.8520116754,4.45,6.8,5.8,-0.0874887843869727,0.477974357688514,-0.0408281676050878,0.455134806524011,-0.0532727208016886,0.498660287333458,0.135947517130292,0.466666174584272,0.116824104375972,0.43548239808744,0.191540816753244,0.491045439,0.0672137788523102,0.306174133122693,0.0998305182190589,0.448017354132772,0.11437131376341,0.365852752778865,0.230026344241575,0.501378921,0.210834167277161,0.450331748367642,0.0783915121599846,0.426045038016215,0.0713432836908948,0.384614119254642,0.282113687116864,0.503663319,0.00775780637640771,0.21898465755202,0.124240956658453,0.423966046165302,0.0808706153955113,0.405253184255418,0.250535651849277,0.479137005704066,-0.0092404351956718,0.339281861354865,0.0233167874668794,0.386222029929553,0.112565459232126,0.378951408778243,0.175528404407079,0.402813440510347,0.227093553191142,0.474469714242286,0.0129471685637584,0.458966848,0.14236258612732,0.450784285468042,0.279734452917753,0.54161263992118,0.11355088513388,0.396140285235635,0.178188234580487,0.418113405241433,0.266971733376534,0.481701018003109,0.156427374055273,0.173246569332271,0.172568838664194,0.195789411608173,0.211073909997338,0.261085775325258,0.156427374055273,0.173246569332271,0.172568838664194,0.195789411608173,0.211073909997338,0.261085775325258,-0.054418942155222,-0.00984655508656433,-0.0714736757701499,-0.0199505125975806,-0.00734350142602017,-0.03266983011732,-0.0139737980993708,-0.0047102751584298,-0.0221322339557493,-0.00692900960873123,-0.0115025560572429,-0.0268520210297236,-0.0177288774346029,-0.00773759973278056,-0.0311307932418453,-0.0171657927877545,0.00178714853160606,-0.0140703607438674
"81",81,"NUMEX_BILL_MELTON","1","180","11","1",7.45,5.85,5.3263522434,4.8,7.65,6.45,-0.0670013997717941,0.487356014195365,-0.0142441161631889,0.455531876798288,-0.0223106252525127,0.481417874758203,0.165933709142893,0.466618288559068,0.150800758808556,0.438786764705882,0.222765400491703,0.501437753891227,0.0497083853151049,0.361833934267961,0.115600175019755,0.448181362697247,0.132552228989526,0.371670862546583,0.245828585759098,0.510034110967988,0.242359257578383,0.469912156473411,0.0952323878141982,0.425709423413321,0.102387248980773,0.348773471155107,0.294853207420711,0.499113416473531,0.0124070624472225,0.201401381667036,0.120373382006044,0.427470716821119,0.0967781106468447,0.387426665110489,0.24296530611154,0.462271438806342,-0.00391778138641393,0.303471949096052,0.0473098806832382,0.330069381598793,0.140433630348413,0.38382335805733,0.201917547550819,0.401311655753832,0.244886555834457,0.472357613731683,0.0292297822337876,0.447317727606759,0.163971707486032,0.444657244220645,0.290990750415678,0.554231731950937,0.124189042015355,0.402564467706811,0.19940104748724,0.418152443481163,0.276245748927991,0.480714989062696,0.202675467254223,0.200691570414611,0.189439449542171,0.21118857881331,0.237458148747005,0.290345388077227,0.202675467254223,0.200691570414611,0.189439449542171,0.21118857881331,0.237458148747005,0.290345388077227,-0.0254519677429241,-0.00440491988145207,-0.0330815127475291,-0.00413560966235541,-0.00151538078600043,-0.00676032616505209,-0.00283748762851025,-0.00103990196323244,-0.00463865065584856,-0.00656978496156784,-0.0109322747363492,-0.0255050401644812,-0.00196267515116206,-0.0030825021480796,-0.00730172546274504,-0.00112421412696575,0.000852757142043173,0.00035280456311584
"82",82,"NUMEX_BILL_MELTON","1","181","11","2",7.45,5.8,5.6805000554,5.35,8.05,6.35,-0.0553516968425488,0.481317887768918,-0.00252537923336046,0.464744997743343,-0.0142911156962588,0.488790984834862,0.169540197373652,0.48139813730411,0.172297182712511,0.456378384687208,0.22451375435812,0.491077946,0.0551857834852118,0.336803887536562,0.13628035219906,0.452471682418816,0.128912859465222,0.372335260785763,0.259745976278259,0.511693314795505,0.249086557406834,0.459850923325575,0.109042390214974,0.39042442293373,0.0936952258715679,0.348682624005436,0.27424706195287,0.484845675606077,0.00470228438741683,0.212611330877585,0.127587127604802,0.429361330354927,0.0911360897467037,0.401108582321818,0.235815629762275,0.473077648964454,-0.0120739643851986,0.305760939278339,0.0550990428049498,0.346298866875384,0.143315768467573,0.396727619886906,0.18057265951045,0.36914647437333,0.21598109139315,0.448036494720388,0.0370171495568918,0.448178436686328,0.16508912214847,0.449401743,0.288807943817087,0.54515931927622,0.115907618364169,0.403975366319813,0.190363676279415,0.403909738857836,0.233811306768914,0.454030724,0.202675467254223,0.198976257846964,0.202035230575049,0.235387270135669,0.24987426109979,0.285843909192308,0.202675467254223,0.198976257846964,0.202035230575049,0.235387270135669,0.24987426109979,0.285843909192308,-0.0209273068875756,-0.00379883336304932,-0.0275070792531119,-0.00115817182590649,-0.000425482577334369,-0.00189512926436455,-0.00483664989578389,-0.00173956720018043,-0.00784966865651016,-0.00429175577515183,-0.00713350157284733,-0.0166473428812033,-0.00681127687453554,-0.00426667420939903,-0.0142013733522645,-0.00492590599291325,-0.00190346863226442,-0.00822281036020174
"83",83,"NUMEX_BILL_MELTON","2","182","11","3",6.55,5.25,5.3475599062,5.1,7.75,5.85,-0.0693031319128262,0.484735242,-0.00623073557061176,0.461881003834959,-0.0257613108076028,0.492583679758543,0.143107454466853,0.482371804334918,0.152704839845203,0.446732369418356,0.190300393553558,0.490692207496048,0.0418880612411764,0.406954363000339,0.127239357137432,0.448748824824216,0.101622181958832,0.397497270422205,0.251879826899801,0.511090248,0.228425130622671,0.446130709834018,0.0991707541961895,0.402757893716769,0.0808304094329327,0.348207522956447,0.261920062948865,0.488780119927896,0.00701199283687394,0.231113462754829,0.103824108109764,0.4298344998759,0.0877545358049834,0.388739746894774,0.241442847183028,0.466925284184969,-0.0220192665501835,0.284074605451937,0.0547259942872874,0.337960985419809,0.142305320189506,0.390511664341142,0.16971155126916,0.382788044187285,0.201067669167349,0.458476195925841,0.00841511812855684,0.449872693387931,0.147460549270269,0.452202478213508,0.265350981597017,0.5381610504803,0.107093715888409,0.3827421000254,0.178703192235553,0.404084650451432,0.224939625544066,0.457115195252351,0.178191182619485,0.180107819602856,0.190193730855782,0.224387864989142,0.240562176835201,0.263336514767717,0.178191182619485,0.180107819602856,0.190193730855782,0.224387864989142,0.240562176835201,0.263336514767717,-0.0205352113992408,-0.00365420954737325,-0.0268644879691363,0.000381145550940841,0.000139787278571283,0.000623264218620055,0.00235409014605791,0.000678384296662629,0.00352908620979986,0.000354416347779925,0.000568559097927365,0.00133918958819229,-0.00113630637299401,0.000569005023738729,-0.000150760766423326,-0.00499139027005576,-0.00125963168129698,-0.00717313633135153
"84",84,"NUMEX_BILL_MELTON","2","183","11","4",5.9,4.55,4.1620655242,4.5,6.7,6.05,-0.085992381020779,0.48204563928706,-0.0152518243362867,0.469206983706628,-0.0432133619277243,0.487369128447462,0.118528164809295,0.45821810403934,0.110383578444173,0.419928289943428,0.137720471049196,0.466828871,0.0402563625170186,0.431599489160787,0.0924825192245026,0.436657227729833,0.0715173188986994,0.403081568917293,0.193002654837517,0.466851379452597,0.169529485066997,0.424322676344534,0.060706737690007,0.417903862336704,0.0478873399229048,0.331026560718096,0.213887707773655,0.441714536836488,0.024673487740459,0.207387864973004,0.0854187979310646,0.409982625961777,0.0584835320443341,0.37254765795207,0.195306896668127,0.449052040216143,-0.0167593181930059,0.253747520637119,0.0409826743373188,0.335677501156761,0.131172235881389,0.375335200746965,0.146377892390639,0.351762096674671,0.166183207277855,0.437562464932379,0.00709352327347587,0.442197898347201,0.148614252355418,0.435194361791409,0.261492239149073,0.529423630813044,0.103524513427424,0.384129680753168,0.182355374435551,0.386736745980443,0.227782663584163,0.453054176487304,0.160508088161063,0.156093443655808,0.148029902235604,0.197989292637478,0.207969881909142,0.272339472537554,0.160508088161063,0.156093443655808,0.148029902235604,0.197989292637478,0.207969881909142,0.272339472537554,-0.0422752041474749,-0.00774031290902063,-0.0556818193137944,-0.025670634440113,-0.00944444099146816,-0.0420288860149383,-0.0255640115527958,-0.00857032206304123,-0.040408244738344,-0.00885262439844384,-0.0146981813049179,-0.0343106210861719,-0.0142025903196523,-0.00776491651541633,-0.0276518201821123,-0.00395262669260619,-0.000667390947766733,-0.00510858171759832
"85",85,"NUMEX_BILL_MELTON","3","184","11","5",6.85,5.75,5.2882107542,5.2,7.8,6.6,-0.0716548519466649,0.485039684899912,0.0163254922386273,0.483113351052271,-0.0320887049400125,0.496419920242868,0.131336521749529,0.471720054196556,0.134104306054266,0.433801216565057,0.18626992542477,0.503203194149728,0.0307523944952723,0.456109024408155,0.118826354518834,0.445277662393199,0.0943812975418768,0.413164956732808,0.242850086210914,0.510193479101042,0.244100480868756,0.479325089181863,0.0916837789053886,0.425753921519185,0.0935604820479242,0.363995908185291,0.264960074595144,0.487419526910201,0.0158959765586206,0.211328435427107,0.0921747650648021,0.425247079158032,0.073231054480938,0.406461213967659,0.226005516485435,0.482498252584336,-0.018459910457096,0.259555661420798,0.0439181761767548,0.359055404725993,0.139584449652447,0.397432033487552,0.156838324584311,0.389587498369245,0.182384243689103,0.456357596,0.00248812896480718,0.425022617703931,0.146246503796942,0.464133986928105,0.265353082894619,0.545463988582663,0.114038837690456,0.397186029722934,0.196101809653815,0.421668926997647,0.247810306982206,0.492275880514184,0.186352610831064,0.197260945279318,0.188082892110634,0.228787627047753,0.242114190879299,0.297097606404604,0.186352610831064,0.197260945279318,0.188082892110634,0.228787627047753,0.242114190879299,0.297097606404604,-0.020331030434259,-0.00358491278224961,-0.0265402814866846,-0.00703441767442607,-0.00258534857188597,-0.01151237273664,-0.00822654946739981,-0.00282038131318177,-0.0131115931772013,-0.00421254021821868,-0.00702159131050347,-0.0163742930648493,-0.00454608828750848,-0.00162512274042218,-0.00736088343015491,0.00604228016400563,0.000324865859045267,0.00660496433505768
"86",86,"NUMEX_BILL_MELTON","3","185","11","6",7.9,6,6.1795717702,5.7,8.4,6.7,-0.0444464930032914,0.478976313458035,0.0463107531888861,0.470663019083191,0.0149990639479555,0.4897065961441,0.171833707630438,0.491690860717719,0.176470423114413,0.443579508344798,0.226346338531168,0.523621850720331,0.0392239011073323,0.452578824532462,0.135817012859293,0.451791427643887,0.114649441701996,0.433818457168529,0.270139708252693,0.531368630177132,0.248339031002251,0.469970079131025,0.0806770293769336,0.446944710609041,0.101616427575553,0.392585063029826,0.289754472458731,0.513515984254865,0.0070064803137051,0.240895331739734,0.107443758496328,0.430314221891288,0.0870398592889927,0.409074657640834,0.241586784646276,0.488478994999551,-0.0332367640888102,0.298900789281491,0.0342295008344481,0.3848723757559,0.139196103333142,0.39888570659225,0.167806179916468,0.399832869670076,0.202924901833802,0.475813953488372,-0.00141127967285049,0.42979736790832,0.138758887311222,0.461121048313643,0.266089479670451,0.551057125450053,0.114863254111244,0.399961525489363,0.196135931804292,0.42046398046398,0.239010082762858,0.481332401514701,0.214917609571593,0.205837508117549,0.219785440589967,0.250786437340806,0.260738359408476,0.301599085289522,0.214917609571593,0.205837508117549,0.219785440589967,0.250786437340806,0.260738359408476,0.301599085289522,0.0129604958530081,0.00231394481054199,0.0169683658132632,0.00151355119306499,0.000554265957960667,0.00247356798896353,0.00632066390853099,0.00209662958868014,0.00995213286490811,0.000454336720197808,0.000716938088033627,0.00169610990912692,-0.00178279906897266,0.00559104663644381,0.00790117773051715,0.00319947404646115,0.00133024041632721,0.00550351802375303
"87",87,"NUMEX_BILL_MELTON","4","186","11","7",8.4,7.4,7.0840022748,6.4,9.1,7.05,-0.041394465848843,0.489586781003962,0.0437838978079631,0.477331962623071,0.0132926370213189,0.488855686133472,0.180613411111101,0.491386589770591,0.16975657422367,0.43412407698122,0.226245996656201,0.517154640290967,0.0508864727949809,0.442192596413737,0.144223412039016,0.441872475,0.142933291036587,0.423019589796342,0.282132571411202,0.535671348831503,0.299882986350359,0.511092610073034,0.0937563820646618,0.437800448738676,0.120469592874963,0.406029702586374,0.313780988694043,0.542186844719126,-0.0143403431177891,0.302750912658033,0.100728387124962,0.434413105,0.0764706630010947,0.41396455804544,0.260068807947456,0.499283708,-0.00952660782696154,0.279969311389684,0.0544808196102176,0.362057516339869,0.149575276714232,0.403659347384397,0.172424940536281,0.398366600731283,0.220978347380081,0.461425335757808,0.0308344855318751,0.434894261140422,0.158045736980184,0.467072632002313,0.281784469737002,0.563777881665135,0.120087322794827,0.395462006420746,0.191355484219094,0.417033516272271,0.234762763120652,0.471271217363951,0.228519989924225,0.253866260011644,0.251952824403697,0.28158477175108,0.282466556025849,0.317354261386736,0.228519989924225,0.253866260011644,0.251952824403697,0.28158477175108,0.282466556025849,0.317354261386736,0.0381628140881014,0.00680717458497309,0.0499531862737437,0.0189587667028554,0.00697971252728309,0.0310479833695061,0.0171939171557557,0.00568480030663038,0.0270402800746951,0.00376821665996263,0.00624257502176153,0.0145806737204647,0.00162450129081712,0.00932858460288171,0.0177820837151061,0.0160331612403367,-0.00211953379779309,0.0123620210302421
"88",88,"NUMEX_BILL_MELTON","4","187","11","8",7.15,6.85,6.5984220528,5.85,8.4,6.4,-0.0627291971104277,0.488934488524092,0.00306063281726586,0.470710487635275,-0.00849947829339921,0.493266308180459,0.155853893274383,0.478104793866685,0.142533733492796,0.435565304553194,0.21114037365765,0.485757825062638,0.0301857569873807,0.440071324044371,0.134918359449148,0.445859389055137,0.178451724290157,0.402939727258235,0.274689357951343,0.525628097392803,0.298245130125166,0.50409784964519,0.0819093692139227,0.408722024288055,0.120128709398382,0.409385461501674,0.326900881369025,0.548129416565571,-0.0121560268598813,0.278045986798359,0.0901494440943145,0.427863191859022,0.070415058751738,0.428132958362628,0.278249834033943,0.505074495088842,0.0189981542578028,0.235791960577896,0.0585786217572623,0.358074389220393,0.154005213214376,0.401928939997051,0.172583002673783,0.402147131105634,0.219550475721749,0.455686575922582,0.0225952710229226,0.446787936057957,0.149962952751491,0.464240271725974,0.250015141986397,0.546623013775472,0.113028311084387,0.383195299780562,0.181750319232507,0.396035679228957,0.221391885253954,0.445608391654606,0.194514039042644,0.234997821767536,0.234682458915153,0.257386080428722,0.260738359408476,0.288094648634767,0.194514039042644,0.234997821767536,0.234682458915153,0.257386080428722,0.260738359408476,0.288094648634767,0.0142812526639041,0.00261039312688147,0.0188025861676336,0.012266824796887,0.00451636990235221,0.020089406899352,0.0154208067022342,0.00511858333147608,0.024286453056384,0.0029646248282664,0.00490634701546467,0.0114626671014796,0.00464290870988292,0.00171006270375436,0.00760482418397081,0.00532961748189176,-0.00208318077652332,0.00172144255136991
"89",89,"NM170506PAR","4","188","12","8",6.75,6.65,6.9800788328,6.5,8.8,6.75,-0.057747199486062,0.50310917205757,0.0035241695513768,0.46997675881947,-0.00322551371829496,0.479945323597222,0.13515972870168,0.476641504853573,0.115613679206586,0.430852488054045,0.185343648454559,0.48575346222405,0.0719167384767471,0.460537670809623,0.153008572495405,0.456545037191511,0.170236329043489,0.418186297068298,0.278322117917321,0.529363711296484,0.306789621940801,0.52260774737484,0.0814418630027507,0.436470449796743,0.120429196947262,0.432001375792225,0.340406791195987,0.552770050090312,-0.019319020240464,0.303929577696181,0.113974635670387,0.430221057972271,0.080763129931789,0.417858761034294,0.283494205406758,0.523170823,0.0414812516948232,0.234547583041127,0.0769580944061307,0.34479197338349,0.169020606581611,0.416730263641037,0.181511479459908,0.413900211826024,0.229463845720016,0.465145723659113,0.0568364384363362,0.453009773297985,0.170419450169732,0.476883241166957,0.266955949492041,0.567413395288363,0.120784720027542,0.393197929,0.188148629722952,0.400817099086995,0.226785745754213,0.456234725774368,0.183632134760538,0.228136571496951,0.248256636328377,0.285984533809691,0.273154471761261,0.303849824731981,0.183632134760538,0.228136571496951,0.248256636328377,0.285984533809691,0.273154471761261,0.303849824731981,-0.00481773617737712,-0.000723712851262568,-0.00607124360037673,0.00967126538044662,0.00356154365145177,0.0158400399111786,0.0110427353866461,0.0037608066623044,0.0175566435747357,0.0025522167416967,0.00428341585928365,0.00997131060750164,0.000461471271262856,0.000182432854188407,0.000777454242306171,0.000994031942571817,0.00154839961463168,0.0036759387338143
"90",90,"NUMEX_BILL_MELTON","4","189","12","7",7.95,7.15,7.0425554188,6.1,8.55,6.8,-0.0593245075125722,0.495899668,0.0296914398970673,0.470412617513913,0.0260478839267035,0.493140196912733,0.174802597519532,0.494450573427671,0.156385760059759,0.443708463777668,0.224751425747471,0.511789880226413,0.0292037257263563,0.450508090967085,0.123284540428429,0.459100093052914,0.131356349330701,0.43360868368042,0.278485611291585,0.540801114,0.291834767108662,0.515672433679354,0.0805214479699103,0.452925651575876,0.118955879968998,0.424955674628877,0.310346660453476,0.547908682941363,-0.0277744274378996,0.319577921483137,0.0667550858039041,0.423173988582775,0.0523105493793734,0.438116246498599,0.238609523252237,0.498699406872365,-0.0318553747950193,0.323413929761733,0.0254465844428588,0.377401910507793,0.130470352377635,0.40627509730484,0.153018586648017,0.392164876,0.19881579776936,0.452386850041002,-0.00451325808411148,0.437689231873026,0.133906599883682,0.446555466544594,0.265026306850734,0.541602050521497,0.0985840058746386,0.401829454652959,0.186883243354696,0.418355746521836,0.238833373059315,0.484918911953052,0.216277847606856,0.245289697173413,0.250478706803679,0.268385485575248,0.26539440154077,0.30610056417444,0.216277847606856,0.245289697173413,0.250478706803679,0.268385485575248,0.26539440154077,0.30610056417444,0.031433433398408,0.00573084085188578,0.0413595408805894,0.0135070470882153,0.00498022327505797,0.0221330467959581,0.0151051150474177,0.00502176090362586,0.0238030600379515,0.00190799327347592,0.00324775072246381,0.00753326251051994,-0.014618696522477,0.00928624138284267,0.00146554529366871,0.00206993994601804,0.00251296049999699,0.00642251519040623
"91",91,"AMERISTAND_803T","3","190","12","6",8.55,6.85,7.2714146762,6.8,9.8,7.8,-0.00760001094413031,0.479838022165388,0.0779167295375344,0.475537049958371,0.0583701887288173,0.483630395153926,0.192388286219524,0.497459214570888,0.193499788280886,0.454505220891776,0.279351077448754,0.527467157209391,0.0420440109822563,0.451230975627668,0.210174725622967,0.480961167673103,0.156162342120006,0.445244398725896,0.324151464295279,0.549199943,0.309834344400283,0.508421424983828,0.12331039487856,0.44414488978808,0.136963564414257,0.412402100441316,0.333218736961818,0.525450161,-0.00564203754522787,0.281473175780576,0.145508694771344,0.452177910151402,0.120065515805616,0.429008325552443,0.279575422038816,0.50826435639922,-0.0280331135241734,0.321855571496891,0.0728305401528461,0.411913131786579,0.178061367988386,0.421536412817312,0.20199464644279,0.422012660785707,0.228057056905771,0.463176511871856,0.0658653741769665,0.444567813738615,0.194661873061101,0.483159343984507,0.327821551255667,0.574009090157244,0.148880015023673,0.412823522694449,0.223301690823821,0.4305013709858,0.260847608452056,0.491890243,0.232600704030015,0.234997821767536,0.258618418516926,0.299183819985523,0.304194752643222,0.351115353023623,0.232600704030015,0.234997821767536,0.258618418516926,0.299183819985523,0.304194752643222,0.351115353023623,0.024831689390485,0.00454305441386136,0.0327004904224571,0.0190475969194119,0.00701152970537482,0.0311919225548301,0.0189708197231932,0.00631727249550475,0.0299126566028502,0.00409130688100099,0.00680493709386115,0.0158778036183729,0.00370294921621496,0.0117789514945043,0.0241046915754323,0.0200000298643804,-0.000124192025397758,0.0197849229674366
"92",92,"NM1701PAR","3","191","12","5",6.4,5.9,5.5600364922,5.3,7.8,6.75,-0.0501873478262856,0.490188361,0.027542910274616,0.471629183074196,-0.00127597923485406,0.469470438339151,0.138936042720676,0.472852798472576,0.144755280538736,0.425157724322897,0.183487974149347,0.496256459611244,0.0512380263709813,0.447845756234898,0.148420854462816,0.451199007691889,0.107307302292437,0.408842785149975,0.25737364406834,0.513652990608008,0.244421013404824,0.472306486633326,0.113359199014127,0.440096155462538,0.0994022541250254,0.370292234344522,0.280280458943893,0.510523969347499,-0.00504320918468146,0.266337473405785,0.0805004307097085,0.425443335815339,0.0666630474843186,0.390747988438403,0.221056423999456,0.479243647744118,-0.0316902501634218,0.314089724319242,0.0342941216890425,0.384740875,0.134204941179519,0.399198388127181,0.15433152089435,0.39483151469543,0.179536464756693,0.458002213,0.021104991506212,0.427995927018094,0.154988482195077,0.46649222402128,0.293636524958169,0.549853035212441,0.11589401493534,0.391076578433455,0.203569111974602,0.425265490811709,0.256818060104708,0.503233873259449,0.174110468513695,0.202406882982257,0.197750769078764,0.233187389106363,0.242114190879299,0.303849824731981,0.174110468513695,0.202406882982257,0.197750769078764,0.233187389106363,0.242114190879299,0.303849824731981,-0.0235316560650728,-0.00442295717279298,-0.0311924425745746,-0.0115711363510684,-0.00425584295737071,-0.0189424725500567,-0.0134361161607532,-0.00453992159303404,-0.021299490987905,-0.00266449040745847,-0.00435863996554996,-0.0102138762467012,-0.0170491307372557,-0.000918107336449255,-0.0186393392838385,-0.000831974183327651,0.00114230781734364,0.00114656098554865
"93",93,"NM170506PAR","2","192","12","4",6.1,4.45,5.1764404282,5.1,7.8,6.25,-0.0628989664602286,0.484814536215168,0.0111535871285852,0.462061671840818,-0.0114472366496621,0.472578990236627,0.137766657342258,0.472967453670443,0.129320073647041,0.435426278354479,0.168672253697643,0.491252347564311,0.0451302812987108,0.41777655978807,0.148787816184089,0.45688535955127,0.0995681601538685,0.400011730416971,0.234937102028066,0.497184226488649,0.186839859397427,0.432175389840976,0.0902235592529729,0.441271894304144,0.0607496241182379,0.374085196307419,0.236929460666555,0.480943150289556,0.00858305457704179,0.230585629871174,0.121852068086575,0.44302083,0.0815861652209664,0.404259259259259,0.21591060798716,0.480568921752566,-0.0193040186868084,0.298074668232487,0.0599334319598006,0.376457768723998,0.149388563673635,0.393628357,0.160744461766966,0.392574417826832,0.183853841118179,0.459240306,0.0597536417518685,0.445109413689617,0.177969155844156,0.47170422567175,0.301187407663095,0.560411837531462,0.107921250811759,0.389812314817624,0.180741701804765,0.384984642424089,0.225980356001002,0.448328674240171,0.165949040302116,0.152662818520516,0.184107618214916,0.224387864989142,0.242114190879299,0.28134243030739,0.165949040302116,0.152662818520516,0.184107618214916,0.224387864989142,0.242114190879299,0.28134243030739,-0.0306770988931264,-0.00555357066769294,-0.0402961654109604,-0.0186369976222719,-0.006858496170045,-0.0305162614003953,-0.0190534218131128,-0.00636135539186574,-0.0300716125086781,-0.00671698683930436,-0.0110818163900587,-0.0259112557831586,-0.0176834833408121,-0.00132555794412288,-0.0199794170383765,-0.00415518948228885,-0.00064730321789721,-0.00527635153869028
"94",94,"NM1702PAR","2","193","12","3",5.8,4.65,5.2563783862,4.85,7.5,5.45,-0.067447165361252,0.483963963070904,-0.00539599155558304,0.462762626109409,-0.0338612298028324,0.485674487403085,0.104429100418901,0.479082352287418,0.121800011391368,0.436821174548251,0.149650639493858,0.475129155330394,0.0712418256117411,0.386170016041252,0.136315223032466,0.447715903385902,0.07572615619877,0.421045461791516,0.221894768323453,0.493484328037784,0.187730910279376,0.431817954632834,0.0906047580950157,0.435262347977166,0.0332315791789236,0.372347510909602,0.224527364743495,0.477175204364747,-0.0111663854742693,0.293141772838168,0.0887808357495952,0.429681409779102,0.061364695208456,0.423234127,0.196972103160942,0.456597605867878,-0.0265692237690344,0.336961284797527,0.0455611856145798,0.386350930115636,0.134613922160987,0.406915864972706,0.155189165507422,0.396478293919798,0.17806039290157,0.449649370706269,0.0247529390810345,0.44889763848422,0.146406654485375,0.463377876490463,0.262720621026093,0.528701211004179,0.096704580372833,0.38477075604079,0.168024256006328,0.388138121010093,0.213806104719176,0.439112883004864,0.157787612090536,0.159524068791101,0.186950727733219,0.213388459842616,0.232802106614711,0.245330599228044,0.157787612090536,0.159524068791101,0.186950727733219,0.213388459842616,0.232802106614711,0.245330599228044,-0.0391767751454533,-0.00722338874411936,-0.0516880513984163,-0.0139384900760368,-0.00513078112678661,-0.0228252636313125,-0.0175627417449069,-0.00586825080511547,-0.0277268502465078,-0.00278238695684455,-0.00451272949750665,-0.0105986636931845,-0.0142195592120567,0.000695556758189942,-0.0130148195725884,-0.0116018439132776,-0.000806008910481356,-0.012997892291484
"95",95,"NM1713PAR","1","194","12","2",5.65,4.4,4.5498968034,4.2,6.15,5.4,-0.0964102595310305,0.475145720573366,-0.0217402128682788,0.454620833840783,-0.0234460403790449,0.467681613195539,0.13418847774641,0.478149737392029,0.148693630396529,0.430366067995826,0.188496590382152,0.488992369164213,0.037199866020834,0.399245025497182,0.107302174078728,0.456143847145519,0.107567338662641,0.376796693827094,0.223480910368566,0.491311287712672,0.19436399285837,0.429784260958445,0.0865205155692973,0.441059687781512,0.0631874203420663,0.336803902947694,0.251323263509825,0.465229130588608,0.00673045422804584,0.200893782198855,0.087417070835113,0.42390032266071,0.0614525652950962,0.406970158581361,0.183906297956351,0.4449797855853,-0.00913937018593578,0.306943713543427,0.0446226194983604,0.367860283351261,0.132025827344884,0.388521407064699,0.154958651847304,0.36805520715749,0.182528494354506,0.453061082241418,0.0324314182844865,0.44521965859079,0.163954898637098,0.438581483176928,0.289491411673738,0.530526999,0.112142663433029,0.384481590470123,0.1985987818019,0.391479354939563,0.250319569736071,0.470423744973677,0.153706897984747,0.15094750595287,0.161823684676096,0.184790006461646,0.190897727424063,0.243079859785585,0.153706897984747,0.15094750595287,0.161823684676096,0.184790006461646,0.190897727424063,0.243079859785585,-0.0300724335134408,-0.00567060940260738,-0.0398942170657145,-0.0224140326983465,-0.008235693704546,-0.0366786725678604,-0.0227527156106423,-0.0076324334240111,-0.0359724780286474,-0.0123937214945359,-0.0205107238418607,-0.0479193371334097,-0.0205499375606339,-0.00883178507173623,-0.0358470379595626,-0.00460787401176082,-0.000894174091382011,-0.00615662896207831
"96",96,"NM1705PAR","1","195","12","1",8.95,7.15,7.5200037194,6.7,9.1,7,-0.0241323782712841,0.485829363288367,0.0326487420378404,0.465128241428942,0.0312695351813751,0.493673023965925,0.199329118330574,0.506236324210126,0.19454207206041,0.466795051353875,0.255225060018757,0.539848873119127,0.054881636994539,0.435027087862355,0.197357427123816,0.490910472716218,0.184809591497105,0.442730500355773,0.295450738351981,0.549839618114313,0.302997479447629,0.517579438832246,0.157765474226043,0.455613534939418,0.139019553716177,0.405516254,0.342654913328673,0.543058464627092,0.0121518689876831,0.241167023994348,0.160043250341334,0.463497244973939,0.135411447227396,0.455734516028634,0.26828659262436,0.523046941102895,0.011231259971947,0.308617580442073,0.0733266244155348,0.369558371,0.169628136029292,0.413480171015775,0.219396225372508,0.442417812896303,0.26061393806848,0.497161563448233,0.0848820529182848,0.461378925553961,0.199240447045291,0.485413451646091,0.358696969263641,0.602287133909013,0.136236700171421,0.423267751781112,0.209863422302673,0.432376369351159,0.289684748066252,0.502089831670093,0.243482608312121,0.245289697173413,0.267459848702918,0.294784057926912,0.282466556025849,0.315103521944277,0.243482608312121,0.245289697173413,0.267459848702918,0.294784057926912,0.282466556025849,0.315103521944277,0.00668505540312405,0.00134026608223696,0.00900646434307544,0.0159201848832791,0.00586922063061928,0.0260859731719197,0.0122259484885737,0.00399888047920053,0.0191522126216774,-0.00170294675305485,-0.00287316556580763,-0.00667941546984441,0.00127061389420449,0.000491068591880168,0.00212116964162541,0.00607009504575971,-3.05756755573896e-05,0.00601713642244999
"97",97,"SW_9812","1","196","13","1",5.7,4.4,4.9445159674,4.15,7.15,5.8,-0.101019136740356,0.491307982579618,-0.0476607518479848,0.448774353657369,-0.0400029659432095,0.493308616379478,0.129620181929545,0.455086974357969,0.144490222078207,0.426010771955841,0.241479030651183,0.473766926228227,0.08426497045673,0.389505048388223,0.101238657558491,0.455872025188551,0.132082020003252,0.349023412025564,0.247552140659094,0.488266985626367,0.24397557567358,0.437083886917885,0.0945718210724233,0.427792528075833,0.106582143614624,0.336865847195833,0.313522300222995,0.499923297649266,0.0202513746389059,0.199012715094309,0.107374353240657,0.383769074211963,0.0945009466571581,0.382737706193589,0.274790575184053,0.461677761469974,-0.0125222282232015,0.30618486759423,0.0289141914931146,0.325902061337355,0.129921847509976,0.369081980857262,0.19664103385667,0.403079570256443,0.25604909898216,0.490435148123753,0.0279690702344957,0.451317251577115,0.165072942482169,0.449642496187599,0.315162799406601,0.561489987522608,0.118649408766924,0.40415341502921,0.21597846192228,0.428095026849352,0.303426746971966,0.520626013406215,0.15506713602001,0.15094750595287,0.175858888093141,0.182590125432341,0.221938008306024,0.261085775325258,0.15506713602001,0.15094750595287,0.175858888093141,0.182590125432341,0.221938008306024,0.261085775325258,-0.0744023806061157,-0.0127090921398566,-0.0964151738142282,-0.0430917708406251,-0.0158602378996845,-0.070562508582964,-0.0290433107766622,-0.00969166331996064,-0.0458297639833306,-0.0152315552063322,-0.0252150256671316,-0.0589052605851081,-0.0288434107624585,-0.00678391887336741,-0.0405935028742096,-0.0234833560822174,0.0080603215570802,-0.0095224696810194
"98",98,"NM1712PAR","1","197","13","2",9.1,6.65,7.1535588174,6.4,9.1,6.95,-0.00832763982891029,0.482408605385888,0.0466944750983131,0.467422832373553,0.0467612669282132,0.48134970770252,0.197985685003196,0.50649532357698,0.212365209487348,0.455679306,0.260453543420731,0.541732732508134,0.0823559187696898,0.365165673467706,0.203754446877171,0.473073321586267,0.160314579552329,0.416244822825587,0.30545444171949,0.540362811791383,0.271096755775238,0.471572633837747,0.150390832369358,0.454181289238677,0.0958506663167855,0.367389935539146,0.310104794094851,0.509810568921042,0.00278532939028651,0.258462486945459,0.168298483570643,0.463146804143853,0.131212403571157,0.436979923,0.265430268587161,0.515963285877203,-0.0111679453866897,0.344068812042668,0.0712403461064227,0.329998257347683,0.168685777880291,0.398827854,0.200977144486153,0.378624066062318,0.229257548582791,0.452087243457694,0.0835465945421632,0.448728536895574,0.201897336057829,0.465458197,0.33009057098412,0.568217439044568,0.126839728970168,0.404320471021282,0.199619124286234,0.388804752670299,0.240183452079332,0.447532387,0.24756332241791,0.228136571496951,0.254426703813105,0.28158477175108,0.282466556025849,0.312852782501818,0.24756332241791,0.228136571496951,0.254426703813105,0.28158477175108,0.282466556025849,0.312852782501818,0.0263361509417585,0.00442753421334036,0.0340048651180021,0.0251406286386058,0.00925153536581269,0.0411647578701899,0.0132556017062625,0.00432531158622188,0.0207472610994274,0.00262727000650998,0.00428622483522709,0.0100512291613449,0.00348620068779516,0.00385076487102063,0.0101559210632583,0.00749099208179209,-0.00332149580379171,0.00173799261763801
"99",99,"AFX_779","2","198","13","3",7.15,4.75,5.3800126942,5,8,6.3,-0.0445134077986076,0.482276549153336,0.0289258929721855,0.471186667335306,0.0261573118936018,0.497453799453225,0.170383309971541,0.497219570444875,0.194053864921425,0.457598907741693,0.238644725110155,0.512933291589847,0.0725327680109752,0.340769876965128,0.168469075621195,0.462898410392964,0.114572215550685,0.433836210019854,0.266208694676583,0.513815068320158,0.200529035706445,0.424575762728095,0.0948382603160517,0.454322101022566,0.0650771894359129,0.35518022634235,0.267672075561427,0.492005665305522,-0.00279876684050044,0.253185761107962,0.133383442213876,0.446951998014396,0.105282872002252,0.408558006535948,0.260783865064822,0.483382165126587,-0.0294119788700938,0.331324697550568,0.0603106863118563,0.330931724484666,0.154863465349546,0.392848351325549,0.179880282767795,0.365345314532934,0.207182871099172,0.448141392646637,0.0561569672075924,0.468825891802504,0.184621416137479,0.462227798358619,0.300049353154313,0.550047514249834,0.131710669205735,0.383115352745473,0.208174960689735,0.396209765957665,0.257782146066233,0.470340906837963,0.194514039042644,0.162954693926393,0.191347961371131,0.219988102930531,0.248322247055692,0.283593169749849,0.194514039042644,0.162954693926393,0.191347961371131,0.219988102930531,0.248322247055692,0.283593169749849,-0.000844742900470687,-5.14772724009598e-06,-0.000853659025555077,-0.0109880592175612,-0.00405593048300487,-0.0180131368553942,-0.00960019123316649,-0.00320827276288551,-0.0151570826387405,-7.32747167288762e-06,2.55741679347505e-05,3.69682863578314e-05,-0.00854660255262354,0.00412264671004759,-0.00140596902036825,0.00889450213340533,1.14184494385945e-05,0.0089142794678902
"100",100,"SW_8421S","2","199","13","4",7.35,5.25,5.8602569542,5.4,8.4,6.5,-0.0277176396096082,0.482207881467383,0.0485474901638317,0.474033452837495,0.0405227658791672,0.488893231118439,0.178751190695647,0.501086025844167,0.17876004106385,0.455430198301858,0.206227201281908,0.512594961768789,0.045418447001089,0.415096445082098,0.183397594474198,0.46510365302868,0.115494469630314,0.435963653754185,0.261578788407773,0.520236983682362,0.201007538704548,0.440295065499538,0.0923318153129131,0.446575925,0.0570356810055367,0.365646359857264,0.249612996867918,0.484741014604716,0.00348372549818817,0.228972059931812,0.142349975120397,0.440239861007694,0.101707577145934,0.400688618076713,0.247864820158293,0.489509619983078,-0.0287618475436541,0.305532997642036,0.0619991849022521,0.331510158461178,0.155922359830539,0.399640841105481,0.175500229761715,0.372758285115881,0.196337990045418,0.445459075209082,0.0632218459556246,0.459269355438652,0.176532151456705,0.48593674352457,0.301637543955199,0.548338966535733,0.104063432907374,0.398548128531515,0.170753963903733,0.383903401481256,0.212208188136376,0.439659599454755,0.199954991183697,0.180107819602856,0.208428545625189,0.237587151164974,0.260738359408476,0.292596127519686,0.199954991183697,0.180107819602856,0.208428545625189,0.237587151164974,0.260738359408476,0.292596127519686,-0.00836900451213481,-0.00153890859467015,-0.0110344723746601,-0.00695520157302486,-0.00255939745561236,-0.0113882079835362,-0.0105201091714079,-0.00349014172406711,-0.0165652119366917,-0.00250411696767545,-0.00410981747326695,-0.00962252961010146,-0.0125600407965798,0.00330098233283194,-0.00684257170621236,-0.00757305328244554,0.000248513052781298,-0.00714261605056525
"101",101,"SW_1011","3","200","13","5",7.45,5.8,6.3134331702,5.65,8.25,6.5,-0.0288336134491673,0.481930153254426,0.0377140258197321,0.471020677665781,0.0226111827715776,0.479709003,0.134096059571934,0.488065316982841,0.159040553863693,0.433800699767086,0.180510851892656,0.502030209212872,0.0592138317203285,0.431691733969554,0.157400265692486,0.464210103603122,0.116419226021045,0.439611140095358,0.255534222383916,0.523547642901443,0.225498096523947,0.458226874765791,0.108009707800757,0.446214150595434,0.0904821887478593,0.363013392568629,0.274290879534746,0.50035702461097,0.00783857710460088,0.228949497687638,0.115565538941306,0.440452320675105,0.0854622139168585,0.427732065048242,0.229151294734142,0.505224028024719,-0.0295048111135176,0.296205220602138,0.0447626888431992,0.336520462543992,0.149108604146002,0.397102249638932,0.164508373946869,0.399168860001563,0.172145369267293,0.463207849892756,0.0123326059780471,0.452035243369994,0.151461594430898,0.467489127946899,0.28041014998585,0.530293991794407,0.107300017201575,0.385827056241906,0.174370882448059,0.376380343992801,0.210711277839245,0.437149989756604,0.202675467254223,0.198976257846964,0.224546415601029,0.248586556311501,0.256082317276182,0.292596127519686,0.202675467254223,0.198976257846964,0.224546415601029,0.248586556311501,0.256082317276182,0.292596127519686,-0.0300668547285926,-0.00528148614681723,-0.0392146570343763,-0.0150629226604616,-0.0055458318780393,-0.024668585201485,-0.0122993038325226,-0.00409252679804237,-0.0193877681470933,-0.00538820759073169,-0.00890237414020472,-0.0208075718421726,-0.0188554276527093,0.000183044976498008,-0.0185383844547299,-0.00997251023450249,0.00204559388855948,-0.00642943770334793
"102",102,"SW_9813","3","201","13","6",10.2,7.55,8.3981803262,7.15,10.35,7.35,0.0137368815482737,0.481764204402989,0.0858776447750195,0.471911358724845,0.0718474288611991,0.495800233418309,0.183516645907661,0.51901619607187,0.221727604397215,0.473829090459713,0.255418379233995,0.548059627538237,0.0420034804746908,0.44863737401419,0.211582070867066,0.497848195338086,0.157430542466724,0.466689225160842,0.321574190017708,0.565172565376516,0.294336792934962,0.511670702368459,0.125082033720904,0.453325343451214,0.132154184165626,0.404840380450137,0.33517902178512,0.535886839904057,-0.0074520013949755,0.253727760748634,0.14697482324362,0.454272587994071,0.118897996751677,0.445396047,0.288443137359575,0.527961286374189,-0.0269523687358489,0.294059325431874,0.0602000565184187,0.343955500271413,0.174116765639681,0.40812619784756,0.195725292904746,0.411375440303796,0.222142667252844,0.466810033420967,0.0491692482891382,0.450785976148603,0.174868844504738,0.478151247048274,0.305528367136707,0.561476396885183,0.139927605745658,0.390407521683551,0.207386565609419,0.41094318069108,0.242800996435581,0.471707408949424,0.277488559193702,0.259012197714583,0.298693474529889,0.31458298719066,0.321266907128301,0.330858698041491,0.277488559193702,0.259012197714583,0.298693474529889,0.31458298719066,0.321266907128301,0.330858698041491,0.0109989397435137,0.00244792189133475,0.0152388648137376,0.0143966233006391,0.00530032383299118,0.0235770534358305,0.0181413922539882,0.0060929266105558,0.0286946506641427,0.00554814906918391,0.00922440251837787,0.0215252828306623,-0.00162950525741713,0.00904492902171307,0.0140367712905842,-0.000465697706442576,0.00165064538021471,0.00239330394487461
"103",103,"SW_9812","4","202","13","7",9.85,7.8,8.6881910528,7.65,10.15,7.7,-0.00110035813904318,0.482405787983643,0.0684719233189123,0.473661199455361,0.0742433879935558,0.500366769248274,0.212176991763295,0.517141034094749,0.215591389589246,0.461268502499039,0.269359083213046,0.547578220722549,0.0687374412417414,0.421861482329298,0.217794266474769,0.491027005117292,0.173765616685065,0.451362984218077,0.322972408666822,0.561952925966767,0.31608822808215,0.52938264511426,0.167273037222859,0.463370642522983,0.155548377764009,0.40947266183995,0.353844991104645,0.535603318,0.00103092666795995,0.259360041403385,0.168079737087592,0.46070469099032,0.122116306251564,0.453610264823061,0.309413218527942,0.542776551521171,0.0108806189560398,0.26533808470273,0.0862417721041806,0.349639416792358,0.187975208402964,0.415311840591418,0.211885677087512,0.407946624073114,0.248571606351265,0.463188182,0.0773750779044616,0.454248016029259,0.192059513821164,0.492226080246914,0.320472147960768,0.579225526608868,0.131392264511751,0.397245276443205,0.19757886698634,0.399805734259516,0.225185619342019,0.45000936094813,0.267966892946859,0.267588760552814,0.309008127015839,0.336581797483713,0.315058850951909,0.346613874138705,0.267966892946859,0.267588760552814,0.309008127015839,0.336581797483713,0.315058850951909,0.346613874138705,0.0496843677564235,0.00911542766891476,0.0654727515427094,0.0105752423954543,0.00388635465108429,0.0173066060779486,0.0211990414227932,0.00696002573857531,0.0332541595713132,0.0038199517159596,0.00628543263320333,0.0147066403366455,0.00417319176293821,0.00836216721475023,0.0186568901769801,0.00747961569485236,-0.00253454500155031,0.00308965499728115
"104",104,"DONA_ANA","4","203","13","8",8.8,8.7,9.1213949748,8.5,10.2,7.75,-0.0310244288147449,0.490401111573716,0.0381619652760483,0.473839994650887,0.0460503092659819,0.473852565662122,0.195239038235829,0.500461245230902,0.183740717821782,0.439680136760587,0.248248495418592,0.536574551247387,0.0168922142778883,0.446576105549555,0.222763830370921,0.488171116853287,0.206846433866764,0.466631655883706,0.33759834890286,0.570892031,0.363677351499268,0.564275928651138,0.15884390992006,0.461292086555738,0.165789141853031,0.462232829341868,0.382242235317082,0.570947467166979,-0.00990433674440421,0.274512268250409,0.179359781966338,0.462434152395135,0.128522257414925,0.453625894802365,0.348206700048354,0.571277377412043,0.0524857898858068,0.237585238446071,0.103217992268424,0.361396445389883,0.204238365600998,0.441911923820714,0.221283621805629,0.413523276600696,0.256986613086378,0.466765935008322,0.100374262884212,0.440485679366598,0.21150189458383,0.486704623483635,0.318777809381726,0.588712280381231,0.134895310518796,0.403096448602801,0.197444689717455,0.39309023156774,0.231981018772595,0.449952913420171,0.239401894206331,0.298464386770447,0.324415653362764,0.373979774981904,0.316610864996007,0.348864613581164,0.239401894206331,0.298464386770447,0.324415653362764,0.373979774981904,0.316610864996007,0.348864613581164,0.0301325665695478,0.00606731810290339,0.0406414697435361,0.0449301934114265,0.0165500528392175,0.0735957256716354,0.0460326639154323,0.0152834607081176,0.0725043942616959,0.0133914601150713,0.0221253548397575,0.0517136986655572,0.0188206035605229,0.00620061061180057,0.0295603761311806,0.0200969159535164,-0.00251732875335837,0.015736774672399
"105",105,"NUMEX_BILL_MELTON","4","204","14","8",5.95,6.3,6.1969646588,5.65,7.65,6,-0.110438693927248,0.490025909767146,-0.0277051547714089,0.472702639453053,-0.0337604508334444,0.485521894425816,0.0888358904019581,0.457803278580966,0.0690127311613825,0.421261396715549,0.161661274093108,0.442449952008776,0.00823499793051553,0.428341787506935,0.0889278837770959,0.431694936563964,0.130627874834184,0.389564673606068,0.234160786165236,0.486390860337265,0.260044167992441,0.48520611394164,0.0720678605567233,0.432740717447905,0.100025334935861,0.398764964778037,0.337369261794762,0.540734237003964,-0.0410477599806591,0.286463857668791,0.0950974140553952,0.418052320675105,0.044153900777525,0.396250201909174,0.32432962835865,0.520159768,0.0131597875880107,0.216784606463889,0.0325813157062622,0.317400100553042,0.134896553992484,0.381030615755074,0.171938334657451,0.380281265536245,0.204512727278998,0.419423005109786,0.0111964497231706,0.450505814106098,0.131575023701761,0.447638283708545,0.227208442667069,0.525651758830873,0.0895034862086954,0.359810476878013,0.173600879150133,0.359932691,0.217233395302029,0.433896160339669,0.161868326196326,0.216129383523427,0.220404043921433,0.248586556311501,0.237458148747005,0.270088733095095,0.161868326196326,0.216129383523427,0.220404043921433,0.248586556311501,0.237458148747005,0.270088733095095,-0.034322212171513,-0.00591191332168208,-0.0445619463698631,-0.00772168944242495,-0.00282750492186673,-0.0126190716043482,0.0121553972811524,0.0040626710008481,0.0191921498383081,0.00949773021782413,0.0158253789443119,0.0369080904786226,-0.00661029379323998,-0.000585353989348568,-0.00762415663877435,-0.00727466079261007,-0.00010040730979944,-0.00744857135387404
"106",106,"NUMEX_BILL_MELTON","4","205","14","7",6.95,6.45,6.1222729148,5.95,8.25,6.5,-0.0904213895837856,0.481845893058942,0.000815597510014295,0.469363046981375,0.00263431353244059,0.49824953898121,0.1321391953605,0.477401703367018,0.106616641818363,0.426254153622233,0.218671759355445,0.475457999482072,0.0387061122200998,0.346758087541219,0.1167656927162,0.443105229794276,0.121687658181812,0.408245400323038,0.257593601685912,0.506255151633303,0.265118078077981,0.486565926445038,0.0943318065815037,0.436964675425872,0.105565618975296,0.382241812307172,0.32096950278815,0.534041128646581,-0.0351339890070214,0.278781280638866,0.10989679565609,0.422527475800447,0.0646904586721696,0.396547925943286,0.324293004692627,0.512257787892281,-0.0124500141083492,0.227128029853998,0.0340935651570729,0.312621344,0.131981030158748,0.38115492888791,0.182027998564176,0.391605756,0.218973908877505,0.43382435358733,0.0194005961511286,0.46314345431036,0.149358777617149,0.457894801288916,0.267704129260143,0.539182065637552,0.100159373013961,0.374353568142058,0.180514413216788,0.384318964388169,0.219395425492608,0.446699000953447,0.189073086901591,0.221275321226366,0.217747523619713,0.261785842487332,0.256082317276182,0.292596127519686,0.189073086901591,0.221275321226366,0.217747523619713,0.261785842487332,0.256082317276182,0.292596127519686,-1.75399300377865e-05,0.000324594098294186,0.000544673537587938,-0.0010091977384756,-0.000368697779232553,-0.00164780102195356,0.00897606972130374,0.00292712878875416,0.0140460054815684,0.0102728660512972,0.0170701569448415,0.0398392450437354,-0.00593557112183541,0.0078568994403701,0.00767297783937718,0.00624865404498434,-0.00225763999733621,0.00233830688148616
"107",107,"NUMEX_BILL_MELTON","3","206","14","6",9.35,7,7.3669156882,6.25,9.1,6.75,-0.0444047828353429,0.485727644613626,0.0625442146215004,0.474205907426909,0.060096621316408,0.504847648,0.192866206787084,0.517869152010813,0.18665723550552,0.440052589663316,0.292373754544318,0.526005235126187,0.0415803554268015,0.335293852209897,0.15867146983961,0.46547829568583,0.136166262432467,0.438169536107126,0.306456637413191,0.533796097514432,0.276821896161774,0.484245323764909,0.0820229727602606,0.441929014643832,0.109924925424222,0.377976835558535,0.332109928523068,0.549093551116507,-0.03621704729033,0.286064836491781,0.126050669098882,0.437418515760735,0.0866908496065571,0.418717275939912,0.324622316370912,0.527429358810153,-0.0408138624400606,0.268083962645372,0.0211910225916091,0.317718451483157,0.135703777132427,0.388420356906808,0.183848152782004,0.41070944613793,0.219456884223557,0.460577145012469,0.0202632319576605,0.468182606702042,0.143414024720374,0.470015259021897,0.264445601923595,0.543203886,0.109730525358281,0.381222273577089,0.192482878420897,0.402964709262287,0.230780928523699,0.470304397974023,0.254364512594227,0.240143759470474,0.262015050642865,0.274985128663164,0.282466556025849,0.303849824731981,0.254364512594227,0.240143759470474,0.262015050642865,0.274985128663164,0.282466556025849,0.303849824731981,0.0365579173135286,0.00713767774447244,0.0489207377609843,0.0227482272782803,0.00837077661641147,0.037246837613357,0.0287147990516695,0.00961582118277401,0.0453698898239502,0.0154533287861776,0.0256673731464576,0.059910522978398,0.00154812263448717,0.011484745650416,0.0214402855260867,0.00473495193677445,-0.000933878963752664,0.00311742613050348
"108",108,"NUMEX_BILL_MELTON","3","207","14","5",6.95,5.25,5.7259097562,5.3,7.8,6.25,-0.078750572970102,0.478700834127342,0.0189491242799438,0.470883039986009,0.00773928000797369,0.496714866489664,0.14022698138609,0.489690681531854,0.132643595532703,0.431846267918932,0.211123709881997,0.491021208010111,0.0147667073517971,0.371379749488176,0.110902863890239,0.454510704655104,0.0998466310380973,0.42160201402236,0.237533692022905,0.508157155806362,0.188910332946801,0.434134415253194,0.0543972869727616,0.445551029933381,0.0683028769793363,0.351288169588823,0.278438124317139,0.508697163668469,-0.0185202241351209,0.225300848213562,0.0936506704759948,0.418451168785342,0.063456258671426,0.385338857765328,0.263636877677835,0.483201449435309,-0.042570046615793,0.237883815358708,0.00481567186317758,0.326969848108822,0.117832064141909,0.384441800690314,0.155194843428005,0.410836145283505,0.169198395849149,0.479810245468654,-0.0111945492806943,0.450382269820021,0.128624584914611,0.465205912611958,0.25980756242666,0.532504365,0.0987208278531884,0.375504858983304,0.176471967944249,0.394993134508705,0.22537766469046,0.465933503836317,0.189073086901591,0.180107819602856,0.203650292503048,0.233187389106363,0.242114190879299,0.28134243030739,0.189073086901591,0.180107819602856,0.203650292503048,0.233187389106363,0.242114190879299,0.28134243030739,-0.0128181007379602,-0.00209721819657509,-0.0164505891931127,-0.0207259503933673,-0.00762752803152165,-0.0339372164223868,-0.00496506468299012,-0.00159518464953637,-0.00772800553136731,0.00368131094421575,0.00616706685158336,0.0143629840181542,-0.0175443704561136,0.00203035652091486,-0.0140276898197778,-0.00783282721121286,0.000546580977363038,-0.00688612119210642
"109",109,"NUMEX_BILL_MELTON","2","208","14","4",6.3,3.9,4.3303638702,4.4,7.45,6.3,-0.0868601117243748,0.473857212,0.0194586541256655,0.470121711033107,0.0158086719177123,0.48949000567679,0.169393958518684,0.490797403117178,0.148544229992681,0.433754531224254,0.20394823444027,0.487525865,0.0117279213906515,0.275376190817467,0.0960769474105502,0.441742844036784,0.0720950446681626,0.414579711,0.203241781453003,0.475964358594116,0.133343420723053,0.389961208893006,0.00195849592094544,0.463123430823739,0.0315663954964294,0.318921722843291,0.230398228665284,0.478948758145315,-0.0110637065343959,0.21250060568946,0.115004788321295,0.409959592951105,0.0656325210603496,0.378314391972937,0.251893099333797,0.454448823730969,-0.0348012518554784,0.238709586619603,0.0264380011264727,0.315453795877325,0.119328402757392,0.375012236473537,0.15345931322655,0.38114917968626,0.179920891110755,0.460030518043793,0.0266807364057917,0.451397922846068,0.136759212075817,0.457623906554503,0.264661058043133,0.52966503491869,0.0863858256913927,0.366464217455935,0.167894646661678,0.379490941675816,0.216626130025728,0.44057855363244,0.171389992443169,0.133794380276407,0.154015677221591,0.193589530578868,0.231250092570613,0.283593169749849,0.171389992443169,0.133794380276407,0.154015677221591,0.193589530578868,0.231250092570613,0.283593169749849,-0.00618481152105804,-0.00118760615563107,-0.00824180571300376,-0.0360910342556063,-0.0132830573256168,-0.0590979643228867,-0.0243777367303443,-0.00799110606002368,-0.0382187383744931,0.000474269389864477,0.000848730945691359,0.00194431450333395,-0.0151924900798485,-0.000641216608725072,-0.016303109819964,-0.0101057746927753,-0.00166727447829125,-0.0129935787867193
"110",110,"NUMEX_BILL_MELTON","2","209","14","3",8.2,5.4,5.7077909062,5.5,8.45,6.5,-0.0523416676219713,0.480737623664228,0.0471777396899359,0.47707604098758,0.0355446017996836,0.488271875914545,0.186641736101518,0.498709317852339,0.177548211005108,0.435487357336097,0.245059000769132,0.519217386935062,0.0428264245726044,0.254397390636167,0.15095210268332,0.45119037566218,0.112576919624602,0.409202782815841,0.266067688529016,0.515663954146135,0.199974032317399,0.431133303159934,0.0595467681640549,0.445795868400313,0.0571970108194948,0.350808137736242,0.268385452519566,0.514938012728544,-0.0356448236513016,0.29589922,0.128243215003326,0.439765897244974,0.0841736625772084,0.398019957983193,0.274056544489778,0.508062207997646,-0.0311936081088285,0.25046891531827,0.0343155501653568,0.32046309673196,0.131897454458172,0.384310983819246,0.178219768323761,0.383711139553825,0.212008575887682,0.456677344112111,0.0430905184801922,0.460384186194803,0.157551423668169,0.463575942095588,0.280832032659254,0.543622506769075,0.103156013859174,0.389943775344073,0.183503600129588,0.391267940056867,0.23101145769249,0.454771241830065,0.223079037783172,0.185253757305795,0.203005869300547,0.241986913223585,0.262290373452574,0.292596127519686,0.223079037783172,0.185253757305795,0.203005869300547,0.241986913223585,0.262290373452574,0.292596127519686,0.0184512989801397,0.00343685689225322,0.0244041097098524,0.00133251979832481,0.000482748830431313,0.00216866529627243,0.00314137337470819,0.00107745028637089,0.00500757200517712,0.0100503916202163,0.0167645575699591,0.03908745697091,-0.00142547091919279,0.00578425525135824,0.00859315301632645,0.00465426246313356,-0.00337596850623265,-0.0011930864888615
"111",111,"NUMEX_BILL_MELTON","1","210","14","2",8.65,6.25,6.3649330934,6.05,8.75,6.8,-0.0500741629798602,0.481338018861067,0.0358286027979031,0.46541333033532,0.0283381444965794,0.476636306871922,0.181174173521077,0.498933985506533,0.178729713744014,0.439813579577827,0.265054049929576,0.512673688945996,0.0359980632021599,0.286370421098361,0.137963396923381,0.457545915998143,0.134460817620746,0.402014224019246,0.270231542244071,0.517123808160734,0.240796898823556,0.452412724284371,0.0852474125673247,0.449607675033299,0.0694316855203688,0.368418710314135,0.306176386218034,0.501187690836184,-0.030261568870455,0.29487086700709,0.13282670388702,0.427365003723008,0.0925939828715054,0.402643532799899,0.283334166162613,0.492826765319715,-0.0200749874292211,0.283642891832475,0.0299925695471852,0.34240522875817,0.12403065543956,0.380621086387114,0.183551668496523,0.400292654375183,0.223162141697928,0.45353903835436,0.0363742174149953,0.466118941998933,0.157070867837166,0.445588871086697,0.288730792040685,0.531935869259552,0.0974330764314938,0.392433679354095,0.185560383387616,0.385251319,0.246622157971707,0.460402687929392,0.235321180100541,0.214414070955781,0.226378085129563,0.266185604545943,0.271602457717163,0.30610056417444,0.235321180100541,0.214414070955781,0.226378085129563,0.266185604545943,0.271602457717163,0.30610056417444,-0.00291291245900684,-0.000391285916924004,-0.0035906395444438,0.00409980898694764,0.00151566921457373,0.00672502506258544,0.00617193705194778,0.00204999894505681,0.00972263936473259,0.00705399520608064,0.0117541144457792,0.0274127185351841,-0.00994306315064722,-0.000145537013912046,-0.0101951406520232,-0.00798214421692256,-0.000482581949782627,-0.00881800066910912
"112",112,"NUMEX_BILL_MELTON","1","211","14","1",7.95,6.15,6.4095971314,5.55,8.55,6.9,-0.0591638600518855,0.481110454021181,0.015537721604526,0.46700560878418,0.0278876804845081,0.474067431850789,0.180275424955277,0.48781518395831,0.177543134713555,0.438103819959356,0.254976496056593,0.523384623709527,0.0198083874395594,0.362669690147001,0.12059873461943,0.450767406206429,0.149649459080964,0.397723216299866,0.258838761071515,0.525071054062651,0.234694831594632,0.477923245,0.0780523222791523,0.440053437280909,0.0767795178087853,0.372743611959298,0.314228546529102,0.526347533384836,-0.0153587448263021,0.308817368589665,0.128255106614587,0.436348720770399,0.10037038012793,0.424704905866729,0.283126794426973,0.498147873297529,-0.0194298898487793,0.272662209247575,0.0197426847318684,0.334141563459585,0.124753021165623,0.396554111282466,0.212775342621213,0.447942604482901,0.259772532526222,0.476088264964438,0.0331046486178918,0.469713625744809,0.164239845759662,0.45293869687953,0.313468409625454,0.552021087445758,0.101779169387866,0.401065504420782,0.194708218223317,0.406834902890266,0.27181724508089,0.477114600474501,0.216277847606856,0.210983445820488,0.227966626477637,0.24418679425289,0.26539440154077,0.310602043059359,0.216277847606856,0.210983445820488,0.227966626477637,0.24418679425289,0.26539440154077,0.310602043059359,-0.00887732013760721,-0.00148576003296599,-0.011450731991314,0.000271163718676793,0.00011198519481431,0.000465127764943075,0.00886987637921116,0.00297052067586761,0.0140149690922642,0.00344056129390379,0.00571751478803946,0.0133435873565394,-0.00332649531377434,0.00438797885502592,0.00427370697245638,0.000409097860986609,5.38743326112103e-05,0.000502410941885321
"113",113,"NM1701PAR","1","212","15","1",7.9,6.45,6.2073027634,5.6,9.2,6.55,-0.0506961423881894,0.479964742890753,0.0315936200166758,0.47080905337412,0.0138161919365569,0.483712062331987,0.184340113273019,0.501132117561765,0.174831308461068,0.448383673100707,0.260991284366695,0.518586751081272,0.0818167807649051,0.195891075896879,0.129618350845203,0.461906477587685,0.159762859628417,0.421149805080939,0.273721867771727,0.53394087650143,0.24924078557426,0.473479478505246,0.104704496553566,0.439481092754818,0.0794810820032199,0.402015994268505,0.345034012813869,0.547853920737708,-0.023345622712608,0.331155482720948,0.157742122396874,0.445837676842889,0.100962915889868,0.420562651355363,0.311512694974227,0.50214766582055,-0.0018158146971136,0.234476514311342,0.0308671078694091,0.331870306606655,0.11207607512752,0.397903189345914,0.236399823941335,0.528982189890882,0.273484943572293,0.502436102845808,0.0558166153083763,0.455834317662808,0.17872763665628,0.469338916122004,0.329284748213778,0.56485866841484,0.130570398693297,0.424144615103765,0.208920246182525,0.467369169890178,0.296963977599598,0.518263544121826,0.214917609571593,0.221275321226366,0.220771733618854,0.246386675282195,0.285570584114045,0.294846866962145,0.214917609571593,0.221275321226366,0.220771733618854,0.246386675282195,0.285570584114045,0.294846866962145,-0.0143155148128704,-0.00238362232590961,-0.01844406976936,-0.000774883632839511,-0.00027695698792662,-0.0012545872053434,0.00325231942217162,0.00109794217655406,0.00515401104742583,0.00634359808594673,0.0105441999157816,0.0246066879854362,-0.00337199433226406,0.00275214137460223,0.00139485433732883,-0.0033151686621697,0.000810650426330326,-0.00191108094272391
"114",114,"NM1715PAR","1","213","15","2",5.6,4.1,4.4896248374,3.95,6.95,5.5,-0.113391637647275,0.474211925179279,-0.00613286891469895,0.463020415641304,-0.0124040780323078,0.483538548291541,0.155049361969208,0.482223497050733,0.151086131826926,0.425239155491256,0.244925173791319,0.492943210127612,0.0773265377930176,0.178982512891884,0.10696992487167,0.459061268740575,0.12145193783514,0.363164686030878,0.245502787598586,0.498826391870617,0.187674650446083,0.422218718214513,0.0819141213481962,0.436945294028651,0.0412499301824299,0.379251766626229,0.302174640390531,0.497478387227311,-0.0315642528578819,0.282757392378731,0.128933653649023,0.433032117150658,0.0642219592263803,0.40129590725179,0.270415411945438,0.472801699,-0.0124269842609358,0.259407204,0.014693815621045,0.363666566113625,0.0960260521508855,0.361388656336442,0.200185257144057,0.478354724974567,0.224087934628382,0.457279334357918,0.0531968525985556,0.460790158881981,0.162840943148567,0.449106923357324,0.262510727674271,0.530351704224694,0.119856431273831,0.37683434724495,0.19442397565759,0.431289065,0.270895207630541,0.500410396716826,0.152346659949483,0.140655630546992,0.159680024711434,0.17379060131512,0.215729952129632,0.247581338670503,0.152346659949483,0.140655630546992,0.159680024711434,0.17379060131512,0.215729952129632,0.247581338670503,-0.0212100990404663,-0.00360072350152142,-0.0274467350618552,-0.0131193211098111,-0.00483345738197091,-0.0214911148350198,-0.0116050757958232,-0.00384653266266571,-0.0182674657714195,0.00176077939309781,0.00299711615602071,0.00695193682882641,-0.0175270060669446,-0.00178230607109366,-0.0206140507232272,-0.0065318713164177,0.000168968078387503,-0.00623921002107216
"115",115,"NM1703PAR","2","214","15","3",8.15,5.85,6.4095097282,6,8.9,6.75,-0.046480577316476,0.476068234625478,0.0632942747838236,0.473683867408856,0.0405365272924946,0.487651219451996,0.208415919637962,0.504840286457564,0.179419030497183,0.442233069698468,0.257973070183716,0.519063389311067,0.0751734059167994,0.200571380465953,0.178486820161324,0.476978486611132,0.153849596705872,0.422631805863513,0.301719940469427,0.544756247997983,0.245849074964862,0.467441951,0.123079735110168,0.439255833454467,0.0997590218790911,0.397730566898429,0.334313751218376,0.55102159437884,-0.0318854877267163,0.27337251616189,0.182235259616691,0.457704442789774,0.102602938281767,0.439246420790538,0.318065603848167,0.534321284447746,-0.00800702834887262,0.222940879887595,0.0540726304757582,0.342770096086243,0.127421605961773,0.403936843651318,0.21963737578103,0.500340385,0.242152407277537,0.490624302166076,0.0877138199140523,0.462871673365919,0.185427107890104,0.499411020593086,0.287675985849559,0.573230662239175,0.140729733338635,0.425184815060023,0.196287463576623,0.451574246591548,0.259749740526854,0.49299731689103,0.221718799747909,0.200691570414611,0.22796351785595,0.263985723516638,0.276258499849457,0.303849824731981,0.221718799747909,0.200691570414611,0.22796351785595,0.263985723516638,0.276258499849457,0.303849824731981,0.0123535197640757,0.00269567432798645,0.0170225646404041,0.0158092745674568,0.00581138920547815,0.0258748958899166,0.021316219655849,0.00707883374063468,0.0335771192993823,0.0118725419231404,0.0197644982315877,0.0461056568967605,0.000260195979203218,0.00769095534182722,0.0135813213317793,0.00332528760336173,-0.000556990863897248,0.00236055113195581
"116",116,"SW_9812","2","215","15","4",7.4,5.1,6.5480457042,5.95,8.8,7.2,-0.0628148723399354,0.473741574431041,0.0584470601271391,0.47589755120566,0.0474736687952832,0.486147399078315,0.201852393544445,0.506510906186132,0.175906920311012,0.434373111989894,0.237788662877273,0.508007216401136,0.0430062832833942,0.194858113154826,0.164354681968584,0.469163575,0.140713270894541,0.429527625131967,0.270908233854366,0.526335320452967,0.161991631120657,0.421692728,0.0694123910589403,0.46077116206309,0.097482902315376,0.379885665538463,0.320388872630908,0.53966762314682,-0.0140603420123977,0.240704034131041,0.180275162035694,0.464375047970487,0.100581307977531,0.438258729786735,0.296050999155873,0.522206894014641,-0.0143109664188756,0.22354843057856,0.0577816443581048,0.332382704876823,0.135723948614626,0.393134855939879,0.221647140369386,0.492857142857143,0.235998552337037,0.478874449332983,0.0866796220481427,0.456681978458496,0.195806158260479,0.496822342218137,0.305916619718947,0.569440077870083,0.147125038620002,0.429142526,0.198489083587193,0.438375096644993,0.253750727859428,0.466950002507397,0.20131522921896,0.174961881899917,0.232890750948307,0.261785842487332,0.273154471761261,0.324106479714113,0.20131522921896,0.174961881899917,0.232890750948307,0.261785842487332,0.273154471761261,0.324106479714113,0.00168395135559713,0.000402553039286124,0.00238119366933509,-0.0290291612944447,-0.0106911854948612,-0.0475468376837675,0.000232659787085622,0.000199706990763055,0.000578562440202363,0.00326805145508383,0.00550731138786266,0.0128069945502805,-0.00869445006163281,0.00251061099790395,-0.00434594427422448,0.000324091255281673,-0.00199255781612189,-0.0031271201041785
"117",117,"MESQUITE","3","216","15","5",6.6,6.05,6.1270120662,5.35,8.25,6.35,-0.0746722756312769,0.472354890726092,0.0305987857518002,0.469875873900208,0.0166109395407743,0.485555905198238,0.161976052151527,0.483113372503092,0.126073240124997,0.44010442412259,0.217834773083953,0.48085883357877,0.0696637053242155,0.203526438436889,0.142435903814246,0.453517157451442,0.13607760617993,0.420256727968349,0.277903888377217,0.527956456949461,0.222827814151841,0.448851144165431,0.104750115115081,0.444898193278017,0.10137921399736,0.373514178,0.33010223302413,0.527940114740689,-0.0274200161136868,0.251164806098392,0.141481415389157,0.422075353685778,0.0680999475907598,0.406882391845627,0.286242800001171,0.50524030189592,-0.0195802503381651,0.21188705552084,0.0348697955365962,0.322342806,0.121320142743993,0.375721657083886,0.201436567215426,0.471273534289338,0.209105091919068,0.484139396020634,0.0419169271464079,0.444642885266556,0.160437899219598,0.47516368126729,0.280205157926764,0.557050996154377,0.125665254134291,0.395225662998264,0.176988172751957,0.419784323986005,0.232109033634252,0.453058314663917,0.179551420654748,0.207552820685196,0.217916078418849,0.235387270135669,0.256082317276182,0.285843909192308,0.179551420654748,0.207552820685196,0.217916078418849,0.235387270135669,0.256082317276182,0.285843909192308,-0.00876430841635614,-0.00136028854969882,-0.0111203972870928,-0.0111311219737196,-0.00409963213679327,-0.0182318930959581,-0.00116698868172458,-0.00035358442644006,-0.00177941487040763,0.00255712066796512,0.00436929290087474,0.0101249579323595,-0.0130337606797366,0.00312614216208118,-0.00761912364699013,-0.0105755928652522,-4.2078542552974e-06,-0.0105828810825814
"118",118,"SW_8888","3","217","15","6",8.3,7.2,7.8821724402,6.55,9.6,7.3,-0.0625341694152288,0.471190846330007,0.0648443545600958,0.477545091352824,0.0449475128456278,0.514860495537902,0.182968667468976,0.51386849980469,0.164397846703081,0.448813471467018,0.25672159773257,0.509244204,0.0760713142161755,0.213300805843485,0.188229456614248,0.491118392,0.163781139979579,0.460918762350776,0.321684935374295,0.559312183395228,0.27559763698398,0.503432467551429,0.12414377184537,0.459803674356928,0.133043904528473,0.399287071,0.36318282949373,0.57124379207593,-0.0442128566058226,0.296646665,0.16453196525698,0.453291437081162,0.0900017417686975,0.445773962971643,0.343138164440286,0.539538866203142,-0.00814587009083183,0.23886429983991,0.0509022775711499,0.334906184012066,0.137267163040202,0.411350518,0.232660011781529,0.503857463383363,0.253543976570961,0.483011177233539,0.0761170486916234,0.46361177533344,0.181452263340059,0.486784752481239,0.291428944260221,0.578523065195269,0.157639602800882,0.435400214024875,0.201682270634407,0.437141420670832,0.260645664944933,0.486994801330592,0.225799513853698,0.247005009741059,0.28034090500083,0.288184414838996,0.29798669646683,0.328607958599032,0.225799513853698,0.247005009741059,0.28034090500083,0.288184414838996,0.29798669646683,0.328607958599032,0.0167787913636454,0.00341066890709485,0.0226862431727142,0.00965040927602008,0.00354681910398824,0.0157936801425382,0.02895157662274,0.0096531285023173,0.0456712855676815,0.0141347555805643,0.0235524377177503,0.0549287741715439,0.000321615531192241,0.00909563355079102,0.0160757148993467,0.00728825113683732,-0.0007167229673459,0.00604685054786748
"119",119,"NM1705PAR","4","218","15","7",6.45,6.85,7.1720524528,6.6,8.5,6.6,-0.0781658330517699,0.485671062969092,0.0155663939325432,0.465123022664152,-0.0168255485403915,0.512534951042096,0.112540192926045,0.477407841168925,0.0763079780396405,0.440710132092053,0.172436505700278,0.4709044,0.0495512619700326,0.206951318026069,0.149463195970428,0.461305475257308,0.147186060014783,0.424446582032665,0.275153588909564,0.531225507,0.280056958464332,0.501750302433343,0.169891365462672,0.438832861752296,0.136999289020664,0.420840966780708,0.360738761116761,0.575674870323364,-0.0398245193236259,0.276890509136282,0.163481174113818,0.453697890295359,0.0641457642328638,0.43814134,0.345758721655796,0.551490148437658,0.0317101920737279,0.225242363914747,0.0599311360650965,0.362649352314222,0.11042045970991,0.403362855254461,0.210630515542489,0.490809235714112,0.244604193219,0.470437362427026,0.075083286273294,0.44590912670289,0.168229596151965,0.504949454489967,0.286975982887647,0.573414521713202,0.125746818874416,0.42377874658039,0.160660994071325,0.403119848240956,0.235319310894682,0.460860037109473,0.175470706548958,0.234997821767536,0.255084456802414,0.290384295868302,0.263842387496672,0.297097606404604,0.175470706548958,0.234997821767536,0.255084456802414,0.290384295868302,0.263842387496672,0.297097606404604,-0.0163635407701247,-0.00298692411313481,-0.0215370450698191,-0.00345272076027007,-0.00126353555412575,-0.00564122852762201,0.0117913438919664,0.0038102774885916,0.0183909380643035,0.00985914830168808,0.016434805757356,0.0383250667615612,-0.00866372466346409,0.00211613445832337,-0.00499847228201753,-0.00448255193778121,-0.00325444144206581,-0.0101194098410645
"120",120,"SW_1011","4","219","15","8",8,8.4,8.4807402188,7.6,9.75,7,-0.047033281282556,0.499767375774037,0.0451999271504086,0.473571259040885,0.0135873655864246,0.501573731057767,0.144052424486074,0.493144636137875,0.124405218916236,0.428818758,0.199795603809822,0.502870691766924,0.025061729986319,0.350550334320263,0.171916440906157,0.477347917802023,0.188870831018496,0.462869801395017,0.295333459194892,0.560134808,0.296302594115786,0.53844821891679,0.15551219163233,0.449284322,0.152663316271778,0.458795462812679,0.383659264444618,0.591459368,-0.0532570908213206,0.311298742370849,0.182665815756885,0.451158618091128,0.0758892043517874,0.440565087145969,0.352640366404182,0.556068610043775,0.0217863154565766,0.234269686780447,0.059984188274939,0.354514831573655,0.144331945559259,0.427025629727546,0.228195854569104,0.49186142118539,0.249516546391448,0.45999335709018,0.04679815219496,0.466614169094679,0.151158400467235,0.486222139333708,0.231401463681831,0.537186694589059,0.132586453550644,0.418955275463339,0.174612841673111,0.41119434199019,0.228904154972801,0.457457027300303,0.217638085642119,0.288172511364569,0.301629836958376,0.334381916454408,0.302642738599124,0.315103521944277,0.217638085642119,0.288172511364569,0.301629836958376,0.334381916454408,0.302642738599124,0.315103521944277,-0.00495402171810509,-0.00055573665260567,-0.00591658583184006,0.0228210908333281,0.00841729501690299,0.0374002734011909,0.0373452802050893,0.0123917513215944,0.058808422995058,0.0171437509009447,0.0285115018797084,0.0665271205408951,0.00257343774259311,0.00861398578955143,0.0174932987205743,-0.00740653489169121,0.0034759185315086,-0.00138606741845692
"121",121,"NM1715PAR","4","220","16","8",4.45,4.75,5.1182597248,4.45,7.05,5.55,-0.137048230119838,0.503271651371546,-0.026533214961634,0.470825201319998,-0.0381207826007153,0.514087605910913,0.0780380414606165,0.463938860532126,0.0929158911629737,0.402407901502203,0.129084084807215,0.455905847842398,0.0554105644103052,0.270524290834448,0.0783309643308649,0.447506986654007,0.166976395659972,0.385059599541611,0.230600931784803,0.499871743569223,0.230024835591357,0.478866453506198,0.114471808454432,0.418890642839414,0.118957406506056,0.394894801430749,0.351017658447507,0.573398506601121,-0.0336517611261733,0.217954483846324,0.127053883465674,0.41100124100273,0.0271693832799063,0.391158307944692,0.323702265751869,0.490052606,0.0265431744223286,0.186138239079416,0.0184749608082749,0.33615525389643,0.106045950079005,0.37156593473844,0.218639385670719,0.504608072324416,0.243561260577603,0.450925650415808,0.023982104527747,0.448893438678461,0.134782083538908,0.440124822566775,0.217298011906342,0.536639662283399,0.171858423149071,0.490442314109759,0.18516559428106,0.477350807593022,0.260891509157938,0.502356953011384,0.121061185138429,0.162954693926393,0.182038337040407,0.195789411608173,0.218833980217828,0.249832078112962,0.121061185138429,0.162954693926393,0.182038337040407,0.195789411608173,0.218833980217828,0.249832078112962,-0.030875600335343,-0.00549583343312467,-0.0403946630298533,-0.010198804354985,-0.00375443961202749,-0.0167016844885489,0.0126331512687205,0.00413470236487737,0.0197946658075683,0.0078505774551156,0.0130395256810577,0.0304356983426122,-0.000976058483342546,0.00479554526290061,0.00733006952570067,-0.000694933170950618,0.00280849615279241,0.00416952483729039
"122",122,"MESQUITE","4","221","16","7",7.3,7.25,7.0731098888,6.75,9.05,6.85,-0.0579268579803788,0.492999795132074,0.0343661575054246,0.465424533230862,0.0177144767234539,0.511463307565472,0.13553264724759,0.490264969966571,0.131246807639163,0.404487500173705,0.16266129564202,0.49732895799755,0.0680902804296638,0.284506698306776,0.152783841792705,0.471746053192068,0.180655714106386,0.443949847054422,0.28216922078598,0.534159068522214,0.288809883136953,0.518097142175918,0.152998264611077,0.436700455561719,0.137105058251258,0.414075139565336,0.373540169714323,0.569663147310206,-0.0374972788747384,0.238237304491174,0.176878589676116,0.445502507,0.0752468855515519,0.435647175536881,0.357544117045317,0.541231468197035,0.0277118763671526,0.205085579068454,0.0559842085265017,0.340668497453124,0.116685466861605,0.401918582164451,0.239929943803437,0.528372136482718,0.258025794302311,0.473441121113006,0.0685260089688882,0.439277056129881,0.170014927810746,0.475409253207456,0.274043657059635,0.566322942806427,0.162487295986876,0.488072485311814,0.175315227039315,0.464343002158128,0.259051505563241,0.474201226952844,0.198594753148434,0.248720322308706,0.251565420883662,0.296983938956217,0.280914541981751,0.3083513036169,0.198594753148434,0.248720322308706,0.251565420883662,0.296983938956217,0.280914541981751,0.3083513036169,-0.000795165198075938,-0.000274514049651419,-0.00127063747738592,0.00525414417535225,0.00193716320990374,0.00860940926279659,0.0183442262735637,0.00602183265500817,0.0287743463411367,0.0122519478972218,0.0203621339321283,0.0475201982640718,-0.000517255092626855,0.00645159513958675,0.0106572354301705,-0.000392703087610598,-1.16331875924114e-05,-0.000412852359486584
"123",123,"NM1712PAR","3","222","16","6",7.3,5.95,6.3722516502,5.1,7.9,6.15,-0.100225117239049,0.485253409609087,0.0239194800431444,0.472924362981908,0.0130708563695086,0.505862078692293,0.147737133917899,0.486175109160278,0.169960247327957,0.418168149612786,0.211906504191188,0.515183924809593,0.0619179376434067,0.291332928530872,0.139352272963593,0.466407518122571,0.163504110146883,0.434084621423351,0.291790353373632,0.548281363827582,0.24840287686643,0.493828210044109,0.110927106001522,0.446082238432717,0.112201128648336,0.3853784690386,0.362300030415675,0.58837119098557,-0.0393020585632772,0.239279140109311,0.131674387148634,0.414876283490876,0.0557536651915115,0.415177720490587,0.326236040229762,0.518169972,-0.00599485088808381,0.218856765261994,0.0187184259249453,0.320772850678733,0.103642510721333,0.385401346503514,0.227517214271246,0.52541632729337,0.237861971084136,0.474514136730255,0.03463110519923,0.462577980768389,0.150141857341563,0.474049772668831,0.244530479985448,0.564357207689671,0.173010556347642,0.507353868141721,0.197942533013388,0.505521866866405,0.279046901336113,0.525649133937363,0.198594753148434,0.204122195549903,0.226638380226146,0.224387864989142,0.245218218967495,0.276840951422472,0.198594753148434,0.204122195549903,0.226638380226146,0.224387864989142,0.245218218967495,0.276840951422472,0.00781531244229937,0.00200463440966126,0.0112874410752607,0.0104643088385797,0.00385047156319116,0.0171335211899822,0.022146938958468,0.00741286766724862,0.0349864023318201,0.0103187243496047,0.0172141710985982,0.0401345431722686,0.000801562178825415,0.00695667998291414,0.0128508853085758,-0.000770658954564248,0.00416863345863709,0.00644962596237489
"124",124,"NUMEX_BILL_MELTON","3","223","16","5",8.9,7.65,6.8530265822,6.1,8.6,6.65,-0.051709509042849,0.494916336526085,0.0520608995242508,0.471842840626022,0.0240166935257515,0.491480727194806,0.170161134025403,0.491659695499414,0.175093641146425,0.415576598286373,0.190283415536681,0.517892704131094,0.0501954378034834,0.249818308262793,0.0999533166249568,0.456895496169427,0.150556857475417,0.44666717389099,0.276494467468811,0.551511650889066,0.258789836061418,0.506044658020689,0.0692688956835391,0.446849188008453,0.0981711888802979,0.395389456827365,0.348098505762492,0.575556672811575,-0.050351182209742,0.226034607391344,0.116153881206209,0.400637577562671,0.0624189595120063,0.402430361033302,0.294715110594271,0.50356536222563,-0.0283423057439452,0.21796384653313,0.00659170560109134,0.339835229218871,0.105056487390998,0.385565298279112,0.219271417748189,0.50906840707871,0.219388099525842,0.481707603129298,0.00780281349127546,0.44634252617036,0.136816693493718,0.453527504386969,0.250054224750635,0.548812549592779,0.152674722701001,0.481952539775732,0.18757014962263,0.480985926799076,0.266819752600523,0.495807966835498,0.242122370276857,0.262442822849876,0.243737838600236,0.268385485575248,0.266946415584868,0.299348345847063,0.242122370276857,0.262442822849876,0.243737838600236,0.268385485575248,0.266946415584868,0.299348345847063,0.0144943172119713,0.00281557010617882,0.0193710276668344,0.0217633934126502,0.00802308164115808,0.0356597783876833,0.0263831552867061,0.00887371434533053,0.0417528793175073,0.0134609056892789,0.022453345545796,0.0523512408045512,-0.00138598466848248,0.00877239322772625,0.0138082460395154,0.00171544448518406,0.0015591422645466,0.00441595809180581
"125",125,"NM1704PAR","2","224","16","4",8,5.95,6.4426239022,5.8,9.45,7.3,-0.0534272314156768,0.47352222389382,0.0556746487117948,0.47434522118026,0.0369542694986217,0.49488461565915,0.192091657041583,0.50460768786968,0.202257185504027,0.436002979623222,0.210613004867564,0.530881544100315,0.0186410210975286,0.206743901543444,0.147106983602513,0.463209163462495,0.169331898194768,0.442089818900409,0.2865274740684,0.547193768018156,0.213211349680561,0.459274767737822,0.0815053749504932,0.451729146951534,0.0963494470116876,0.376186270303917,0.352815233981718,0.585802096717129,-0.0294846062159852,0.207356729957349,0.162224266899741,0.447812956068503,0.0933163103135948,0.444830765639589,0.319346811048679,0.527723025420299,-0.0246690584448834,0.233123941732263,0.023433463222012,0.333246857717446,0.111130016862219,0.398109226212333,0.22866402636103,0.538364167821417,0.237545988237304,0.508707090837101,0.0510638924202045,0.454922959813109,0.167718698453524,0.482313793572985,0.287804261500435,0.57330449509714,0.175408151903308,0.506932688839675,0.214112835468923,0.518449793190278,0.295443399672212,0.529302657215106,0.217638085642119,0.204122195549903,0.229141271524491,0.255186199399417,0.293330654334536,0.328607958599032,0.217638085642119,0.204122195549903,0.229141271524491,0.255186199399417,0.293330654334536,0.328607958599032,0.0124532663227465,0.00255041980907744,0.0168707229933949,0.015662993486245,0.00577355956489569,0.0256630919494703,0.0271013534950095,0.00912747640820524,0.0429106063098225,0.0121579036506023,0.0202218166739624,0.0471831173981922,-0.00244856365652231,0.0121424609357814,0.0185827955212666,0.00430947160799939,0.00431802132519847,0.0117885038987265
"126",126,"NM1701PAR","2","225","16","3",8.65,6.1,6.5513975082,5.6,8.7,6.55,-0.0548940845100399,0.480816431729416,0.0482030672682957,0.471013628074575,0.0406146185475731,0.486538780230668,0.201712678831103,0.501770348427141,0.209380916976258,0.441603675784039,0.241994230880493,0.532689556011642,0.0489114965862731,0.233179999132905,0.151766320829537,0.467994955103625,0.192762917334167,0.464654533717715,0.293896696652695,0.541238492380361,0.240947280638555,0.462748224975229,0.0910225745548453,0.437051100635927,0.109319396348681,0.384857312961888,0.359246422899344,0.572293540398116,-0.0348627535561587,0.229898675,0.146466225375185,0.438763564159841,0.0852146117929119,0.432224826185454,0.306881294374221,0.521905960776984,-0.0164417730553236,0.221120887823021,0.0282392544786903,0.320576317154709,0.117634615206794,0.406526351864091,0.237253676423319,0.531369904552362,0.256941563397404,0.492113183794919,0.0518143799352605,0.459932453,0.172752497994723,0.474584591967161,0.28152278991377,0.565274218,0.168051742757636,0.488555665205135,0.205774308852683,0.501277434050543,0.291275680543871,0.519218527990907,0.235321180100541,0.209268133252842,0.233009962723217,0.246386675282195,0.270050443673065,0.294846866962145,0.235321180100541,0.209268133252842,0.233009962723217,0.246386675282195,0.270050443673065,0.294846866962145,0.0205111234848795,0.00427418446619196,0.0279142281088949,0.0111265476866879,0.00409663325416469,0.0182221245918704,0.0268314112005309,0.00900028597475782,0.0424203637233389,0.0124766903851623,0.020766559845914,0.0484454269795255,0.00275249674109546,0.00877803473752075,0.0179564988306461,0.00363571011797468,0.000647526050135513,0.00475725813113274
"127",127,"NM1702PAR","1","226","16","2",8.95,6.75,6.6853502194,5.65,8.75,6.4,-0.0352395213068834,0.47575322,0.0475492787031115,0.461424256826678,0.0221613122556519,0.485678446886757,0.196901897529569,0.499842697661296,0.205602644982829,0.438156169330477,0.256688230060112,0.551627027161787,0.0771549143860303,0.171309177731566,0.164991842490944,0.470594803142809,0.190310806310754,0.455564819577164,0.30524789590264,0.551904216674504,0.266700154371772,0.508990331904715,0.113568077993147,0.428862658079521,0.0889441864567083,0.379626685509038,0.359563499611188,0.574893848096462,-0.0322959807173355,0.257110897358575,0.156133501074284,0.42370544476242,0.0958613640232031,0.423210006224712,0.290283196247101,0.524556892175257,0.00186985182129036,0.227995128648723,0.0339704569020165,0.320466365007541,0.120360999211345,0.385676740871787,0.240584401844822,0.537893805247328,0.253970986351798,0.483124194265705,0.0621727208182035,0.458050940144018,0.180493648362796,0.473520029105392,0.270796929136484,0.550444147221349,0.164872874938779,0.477973419583661,0.200392344797269,0.484364686045358,0.284319363212967,0.496690570516357,0.243482608312121,0.231567196632243,0.23777418534966,0.248586556311501,0.271602457717163,0.288094648634767,0.243482608312121,0.231567196632243,0.23777418534966,0.248586556311501,0.271602457717163,0.288094648634767,0.0145463679961116,0.00278630194115382,0.0193723845023286,0.0232861227766515,0.00857336305393448,0.0381356231129092,0.0207949755351258,0.00694422600703726,0.0328227277459955,0.00656876417364566,0.0109549158642908,0.0255432349603232,-0.00166338451482844,0.00390878849009231,0.00510683571646675,0.00277393274312637,0.000674822423527765,0.00394275946165557
"128",128,"SW_9813","1","227","16","1",9.75,7.9,7.6809370714,6.4,9.7,7.25,0.00284617285120655,0.478916804573492,0.0728925912148358,0.470498416758008,0.0667843543061409,0.476063461924801,0.231055941687012,0.512195934087204,0.23497052968293,0.460793035,0.299973137866542,0.56395815742565,0.0401551819693331,0.134933742460479,0.187146384640487,0.482025487005981,0.226834064627263,0.488218084720954,0.320917259668957,0.560718886094584,0.305784323224494,0.518122780608306,0.155201996868911,0.447759718,0.0964544427005257,0.4487538871199,0.392222424767579,0.569924026590693,-0.0170109016821505,0.33552097017467,0.206155944906204,0.458663887,0.147480277602308,0.444817149,0.333349949486893,0.52721350945761,0.00835232132286882,0.270655707925068,0.0570318602028034,0.406241499562334,0.154139015824675,0.429883234192553,0.280968582512173,0.548811295916226,0.30233278683318,0.507740115856851,0.101729888763156,0.45764333917849,0.220967506862181,0.493899687943583,0.34840367185113,0.590694916863247,0.203722955988047,0.490780691125463,0.237536991091879,0.517959195744663,0.320790915554812,0.527669065603997,0.265246416876333,0.271019385688107,0.273183676985892,0.28158477175108,0.301090724555026,0.326357219156573,0.265246416876333,0.271019385688107,0.273183676985892,0.28158477175108,0.301090724555026,0.326357219156573,0.00748881016147529,0.00163721783537695,0.0103245546230142,0.0212485869096821,0.00783492069117036,0.0348190675607603,0.0211156614568465,0.00701676014596814,0.0332690464810787,0.00524063695681486,0.008713103458393,0.0203321747724072,0.00467978244372492,0.00526475065322231,0.0137985980244391,0.015457897371323,0.00105481439807082,0.0172848894933531
"129",129,"NUMEX_BILL_MELTON","1","228","17","1",10.1,7.95,6.9713264914,6.4,9.15,7,-0.0601803998028344,0.478038158303429,0.0446073489397082,0.470616485298297,0.0621512877026984,0.450390675961088,0.236750151857949,0.498772254426281,0.273001050742676,0.450687407315868,0.33481971820966,0.555383016,0.0290559203831313,0.159278842623192,0.145952858816426,0.436686456299386,0.216641384824571,0.477952049664781,0.331174916753781,0.551230175768604,0.342659418219969,0.531877744619227,0.123315777475113,0.40052329772496,0.117997954337171,0.415989467639396,0.386594070442338,0.588067174336902,-0.0181204041477567,0.290816062495379,0.166059196461984,0.417362674824391,0.12929031483628,0.435612356053533,0.34295324119862,0.541817544386848,0.0070987235673652,0.240086304792187,0.036784241884866,0.34265279,0.128322063277541,0.41305054955815,0.272591386182649,0.551484698356955,0.299802919090318,0.517166855257751,0.0607042775367807,0.435808068876814,0.184009225710535,0.467876650588179,0.301510841430286,0.57024382359158,0.191644397135704,0.492333329169425,0.222024660313054,0.517635567047332,0.316390138650652,0.53229577252896,0.274768083123175,0.272734698255753,0.247945346601139,0.28158477175108,0.284018570069947,0.315103521944277,0.274768083123175,0.272734698255753,0.247945346601139,0.28158477175108,0.284018570069947,0.315103521944277,0.0394138040101414,0.00807423067885518,0.0533987817168371,0.0475483690613707,0.017517259209005,0.0778891518881352,0.0383346574298698,0.0127064954065381,0.0603429529639605,0.0129797377531046,0.0214604091350169,0.0501502565637379,0.0164266304456418,0.00722127996760812,0.0289342541905615,0.0186142895937674,0.000543161619248282,0.0195550731109157
"130",130,"NUMEX_BILL_MELTON","1","229","17","2",11.5,8.65,7.7130386834,7.05,9.55,6.95,-0.0402824284294953,0.481086371,0.0662497027477739,0.46921514496646,0.0693757767274726,0.482771824788178,0.248941510227342,0.520644704,0.283166375620056,0.457567144504861,0.325935194041816,0.575475020683216,0.0352875369524124,0.193493606449614,0.154439201882906,0.46488512969945,0.21555421800909,0.488251235,0.351070033711491,0.571853169,0.358409146957342,0.550037522082549,0.10474085019036,0.408184462645818,0.123745712720028,0.408089273942932,0.390305133926522,0.595644704,-0.0403433849045315,0.277011945742596,0.140208792453016,0.426096003971209,0.104104737617183,0.451836290071584,0.350685014874954,0.564236620729967,0.0025165324452858,0.225626438890928,0.0353172686367217,0.339177027435757,0.124576831110293,0.41291757851705,0.261977063574883,0.55622234023721,0.280173380571908,0.509660092719258,0.0519732497876174,0.446053670017762,0.178326087634944,0.472840165513292,0.268861020951085,0.561596605391037,0.179635493625436,0.479811291685925,0.2117932752585,0.514634185499237,0.299898692668676,0.522812704,0.312854748110546,0.296749074202801,0.274325417417016,0.310183225132049,0.296434682422732,0.312852782501818,0.312854748110546,0.296749074202801,0.274325417417016,0.310183225132049,0.296434682422732,0.312852782501818,0.0538259733198966,0.0106948904617639,0.0723500669001071,0.0604090963820984,0.0222530898046292,0.0989525783806783,0.0455585954502114,0.0151867039919231,0.071862738248785,0.0184495142387838,0.0306069412662103,0.0714622913444763,0.0125137395449916,0.00671236165048589,0.024139890911605,0.0089913237501363,0.000766763463035279,0.0103193970196973
"131",131,"NUMEX_BILL_MELTON","2","230","17","3",11.2,7.25,7.2519281802,6.3,9.45,7.15,-0.0431351962619632,0.47336693245073,0.0613997323135584,0.47119983011255,0.0743980854570741,0.466126862,0.234779394156563,0.515195832390175,0.283513168062833,0.474341599,0.300988849361573,0.5678953939155,0.0598203631447215,0.205922474955087,0.143455534238644,0.465101769198817,0.20483977025506,0.484923887640652,0.324803871998956,0.554277095,0.281234319310864,0.495283994191716,0.0537633807222456,0.436399846135438,0.104749214161406,0.381605415149174,0.372656305678064,0.587105359967627,-0.0398858353471538,0.246612213950924,0.134876697704959,0.420591710101762,0.0841018324699168,0.421523513787985,0.325368721305302,0.533208990913439,-0.0172867335859568,0.215685720563769,0.0145736818080281,0.334985620915033,0.115619576542601,0.401961861398742,0.248309633921307,0.537638662430146,0.267695405200536,0.512965553229026,0.0312678977933522,0.464545589766473,0.164582654823922,0.456746706,0.260387561005466,0.552122954444936,0.171127095392954,0.478524806452416,0.213513367868849,0.506959030972872,0.30968275825156,0.530214132,0.304693319898967,0.248720322308706,0.257925352999091,0.27718500969247,0.293330654334536,0.321855740271654,0.304693319898967,0.248720322308706,0.257925352999091,0.27718500969247,0.293330654334536,0.321855740271654,0.0652247674177019,0.012927517302763,0.0876158841039664,0.0435500565839492,0.0160280568988109,0.0713114653579802,0.0475008876606506,0.01596251683883,0.0751487777213596,0.0182850654609359,0.0303764264981313,0.0708985792781655,0.014223688857741,0.0143029313403202,0.0389970925280876,0.0174249352145243,0.00273763104264096,0.0221666512520354
"132",132,"NUMEX_BILL_MELTON","2","231","17","4",9.9,7.1,6.8662133362,6,9.05,7,-0.0673065357993872,0.478254756570643,0.0555018885775855,0.475277401668255,0.0576631584395834,0.485083127173026,0.220997727390097,0.517690854,0.286043985935622,0.467986214093481,0.287329675344851,0.551679381224836,0.045478119081237,0.187559668061981,0.130955201947765,0.464841367688812,0.186768459926213,0.458837478080663,0.305586736219519,0.554773992035629,0.272825919034868,0.501001010391199,0.0383372318147254,0.442750813573702,0.0902608404166895,0.368666781148847,0.354910709804556,0.576132127208167,-0.0349931590764095,0.21216946108587,0.130383421838084,0.422135716058575,0.0806715300290586,0.431283068783069,0.329883963718438,0.530475803067699,-0.0102350402595145,0.186000536687065,0.0109219655539307,0.330297713119368,0.110902921681702,0.395936311366652,0.241506040027445,0.541253466560754,0.256868575216979,0.501635019018613,0.0215396235291242,0.460409839392512,0.147034794524788,0.455928836443065,0.24017366586292,0.546439735589195,0.165651625686751,0.490261868178998,0.210371075783147,0.519235557470852,0.304124784468103,0.530774451297996,0.269327130982122,0.243574384605767,0.244206844648813,0.263985723516638,0.280914541981751,0.315103521944277,0.269327130982122,0.243574384605767,0.244206844648813,0.263985723516638,0.280914541981751,0.315103521944277,0.0500884350456355,0.0100811948610705,0.0675495766697086,0.0368536714783617,0.013570095645356,0.0603577664969771,0.0374005707973785,0.0126232709941236,0.059264717421367,0.016892131862219,0.0280549185298491,0.0654846759457789,0.0106393697603498,0.0103957730484556,0.0286453767855456,0.00748273572975289,0.00522752288801914,0.0165370709299648
"133",133,"NUMEX_BILL_MELTON","3","232","17","5",11.85,9.75,8.0325684902,7.45,9.3,7.05,-0.00362857799119889,0.491087749558873,0.112035656352957,0.48058428,0.0958748523310946,0.428621597892889,0.255460083170382,0.515206822230314,0.2838724335344,0.475447458395123,0.301698443036305,0.559411571449001,0.0537918953893749,0.1386530824991,0.159199321257663,0.45838798721709,0.19977702964617,0.50945724263014,0.355571905551557,0.600490623599867,0.379321996513647,0.585850223673642,0.0651270067554957,0.41744404857611,0.120706109538859,0.422700339199622,0.379300661578571,0.616950667696722,-0.0525559415180777,0.246256223746736,0.14122597343575,0.397591558,0.0868872204865378,0.433898328255605,0.362229834253197,0.584190854578229,0.00504255568850399,0.213552843681969,0.0308274118366027,0.355837707390649,0.119579418953293,0.40702749014712,0.255801821688556,0.561994300207645,0.266686595094122,0.524743648432135,0.0332953744403616,0.38578628238444,0.161034737463001,0.485569663822319,0.266409205224957,0.574522059933675,0.168725542806495,0.511531110639202,0.19956252896128,0.521203425563287,0.29499987741029,0.534017328,0.322376414357389,0.334485950691018,0.285689958841687,0.327782273366492,0.288674612202241,0.317354261386736,0.322376414357389,0.334485950691018,0.285689958841687,0.327782273366492,0.288674612202241,0.317354261386736,0.0885346187334819,0.0165146668669994,0.117138860692202,0.0751911091998599,0.0276913474163377,0.123153929645406,0.0468019036665955,0.0157335049514056,0.0740531335044815,0.0254530347070935,0.0422489915299757,0.0986304342857811,0.0210645269685071,0.0101446142121257,0.0386355141303108,0.0182940618594183,-0.000772456853509119,0.0169561273483323
"134",134,"NUMEX_BILL_MELTON","3","233","17","6",12.4,9.35,8.5962820082,7.9,11,8.4,0.00143599264192346,0.498757501295488,0.122503919211178,0.477597425039245,0.131142022015543,0.470643197213359,0.256237749212159,0.548047959702344,0.290423244842019,0.506175567321188,0.308791908300562,0.578797430813293,0.052121026464198,0.237759292992798,0.198360002060918,0.490342075245816,0.216543267829804,0.51002130342159,0.359462150931855,0.604652177172572,0.332135266123262,0.55456586804491,0.0677412066037495,0.435223711755114,0.122543505786049,0.416276411685307,0.384448430060706,0.615079093551117,-0.0377825471524478,0.24165105925068,0.167759495546794,0.429443335815339,0.0967032117453111,0.461180361033302,0.377719290218588,0.585009280789224,0.0125810070686737,0.20679805293265,0.0408602479739655,0.35611721,0.133420655810319,0.43180592886343,0.277570808540098,0.580937748233622,0.283284337644249,0.52676154393234,0.0486778491499648,0.404054387484579,0.173470117396987,0.494977615391644,0.273792188737639,0.575380487446646,0.181264903498846,0.525746359703363,0.198006043703399,0.517992319099586,0.288035380639619,0.528809822309145,0.337339032745284,0.320763450149848,0.305739248424765,0.34758120263024,0.341443089701576,0.378124226333132,0.337339032745284,0.320763450149848,0.305739248424765,0.34758120263024,0.341443089701576,0.378124226333132,0.0944286153133811,0.0176159752803618,0.124940379390512,0.0667514088921698,0.0245702674979992,0.109308360368293,0.0535610072044352,0.0179992736830931,0.0847366635866555,0.0269084451596373,0.0445763167244142,0.104116890203212,0.0357909506403958,0.0160166205439125,0.0635325510667759,0.0258226916072303,-0.00219423440148794,0.0220221661567456
"135",135,"NUMEX_BILL_MELTON","4","234","17","7",8.85,7.95,6.5643362828,6.3,8.6,6.6,-0.0549401374180032,0.487234675626431,0.0482725511994568,0.465850759741237,0.0652280121135535,0.4254489423894,0.161117610426771,0.493778602289167,0.191905746089025,0.414779074022772,0.224844739022369,0.524400227,0.06161635805013,0.211462895197359,0.141235333411747,0.461883208638035,0.188048434550357,0.450288478023515,0.301601403104187,0.559805455028727,0.29808724206719,0.531774946597796,0.0664093669247252,0.423046458989062,0.107010117831976,0.392308244123165,0.35729478911744,0.586478497590406,-0.043992351028796,0.225487000100003,0.141458467230013,0.426560039712087,0.0542613916719358,0.429629241,0.362659350288074,0.549815758468606,0.0196639912804155,0.195003960714147,0.0302340320152198,0.344764404223228,0.103971118435492,0.39914910283714,0.248757690695072,0.537746665830511,0.263151462666217,0.497859631937759,0.0342868128313818,0.435148524380747,0.149893990415309,0.467948612888976,0.253280703514058,0.546389647001291,0.156492211239611,0.49853555352912,0.182638342533341,0.486970269254006,0.268120066892028,0.490782075197944,0.240762132241594,0.272734698255753,0.233470149024454,0.27718500969247,0.266946415584868,0.297097606404604,0.240762132241594,0.272734698255753,0.233470149024454,0.27718500969247,0.266946415584868,0.297097606404604,0.0336299231338216,0.00626424532873945,0.044479914266861,0.0289678714498836,0.0106613470813547,0.0474338661912217,0.0208693350851789,0.00700200026632405,0.0329971552480656,0.0159839623341783,0.0265332627733906,0.0619409213474396,0.00774996067445327,0.00898853390332933,0.0233185580125419,0.0103709110592056,-0.00084523183233389,0.00890692658782627
"136",136,"NUMEX_BILL_MELTON","4","235","17","8",7,7.15,6.1625725868,6.05,7.8,6.15,-0.0761852633022946,0.511373212287029,0.0252036619344567,0.470421179302046,0.024651709452962,0.384188920830822,0.137971020616512,0.478451219872255,0.165236491866308,0.394705161476355,0.217930909168359,0.509038866659188,0.0352599069032008,0.186507181661374,0.125929793284787,0.446355500760932,0.215526185023632,0.471137124,0.304581500766239,0.542936233316856,0.308312919250896,0.530776281408607,0.057648426968407,0.415406826404978,0.108602884023444,0.407239336077213,0.350842384030143,0.57055629107279,-0.0445142810830834,0.233713650886326,0.1461996708117,0.42193417721519,0.0412322407942658,0.434388329,0.357873985081609,0.548153441489166,0.0297238760497787,0.191535731911676,0.0255108035402941,0.344693223085536,0.119932698171363,0.422697921273773,0.258093107234956,0.542076034393857,0.267865742624184,0.488105404048539,0.0261881150177552,0.416292045273394,0.149594082502496,0.462059589460784,0.224745397047318,0.533685656926008,0.172559398138511,0.500366507188987,0.187378388934772,0.487574174969133,0.267146549685736,0.491009767574033,0.190433324936854,0.245289697173413,0.219180839955461,0.266185604545943,0.242114190879299,0.276840951422472,0.190433324936854,0.245289697173413,0.219180839955461,0.266185604545943,0.242114190879299,0.276840951422472,0.00887453653725895,0.00162619684058149,0.0116911920759456,0.0223079598527937,0.00821034446012309,0.0365286935432255,0.0152254625936524,0.00512676778776119,0.0241052848418584,0.0144183117601072,0.0239528640309493,0.0559058890672041,0.0105321164135363,0.00650530229261919,0.0217996304537092,0.00744790120660432,9.45964631392285e-05,0.0076117470862618
"137",137,"SW_9720","4","236","18","8",10.1,9.75,8.2956867608,7.8,9.5,7.3,-0.0147219452441552,0.485487354362035,0.0754324415765715,0.470623212121969,0.0923419431943325,0.397724700381861,0.192041123790913,0.517339955904009,0.243233358203301,0.457841592519361,0.259531384698508,0.5592171652978,0.075139398002336,0.178442078514543,0.191368415071272,0.493332882966566,0.247354202107103,0.496929698708752,0.34270942231039,0.590408642089314,0.344078423846618,0.571176032587272,0.0925143971495617,0.437173322100034,0.129268154699006,0.425742268879524,0.373421384342573,0.571559063,-0.0537019690926369,0.269550136770251,0.173270210710283,0.43676517935729,0.0611079095286623,0.433381767049449,0.372517233475424,0.564768548294002,0.0366656119205489,0.18255937839869,0.0392492577403744,0.346321301020153,0.130113820792092,0.415936941568138,0.290568445932309,0.550147032378857,0.309930590881963,0.530050006263734,0.0322362303619063,0.356967004113698,0.149808225078049,0.456305037266864,0.231678218549689,0.520062081651881,0.17248598426607,0.49170391282442,0.180906037612506,0.466115737396014,0.263486007835534,0.469715326880966,0.274768083123175,0.334485950691018,0.295048142091531,0.343181440571629,0.294882668378634,0.328607958599032,0.274768083123175,0.334485950691018,0.295048142091531,0.343181440571629,0.294882668378634,0.328607958599032,0.0536552263023289,0.0100624220791225,0.0710838525144108,0.0513386201991233,0.0189056230425508,0.0840841197144718,0.0338946640951874,0.0113827420285144,0.0536101515318693,0.0208994240394181,0.0347097650982068,0.0810185004455793,0.0177685202802122,0.0146961044924693,0.0432229198232773,0.0076491175662829,0.00355809501267564,0.0138119188794637
"138",138,"NM1701PAR","4","237","18","7",11.05,9.05,8.0858557188,7,9.45,7.35,-0.00156067505780941,0.481691911682098,0.104817924523185,0.469962054728115,0.148166426153563,0.420855711946579,0.211686060569836,0.530419877504289,0.267441371348806,0.502020514087988,0.269163296273106,0.567657222378585,0.0865938293621916,0.225319856635447,0.198647897127224,0.49737749517573,0.218466915449658,0.494065294262568,0.337420472919105,0.596973460917214,0.341803922500844,0.562148634994714,0.093003320309341,0.440782217370281,0.126958170642067,0.429079312739443,0.37119326809934,0.596925100246477,-0.0596857023763135,0.262060360321851,0.152738758138048,0.438151998014396,0.0626693152613915,0.448213702147526,0.376717368310607,0.577825418551684,0.0275815570979897,0.175905782997638,0.030793532861535,0.352797787833082,0.119379542799029,0.423436586619667,0.288063799893656,0.564577361244804,0.319867603182861,0.571259499924001,0.0527506035007086,0.379104096923322,0.164888822845483,0.485061700137614,0.271319246862971,0.556224899598394,0.17484053503645,0.52435095082841,0.203703721734051,0.512671964713487,0.307919371954215,0.528414489410427,0.300612605793177,0.310471574743971,0.287585196481316,0.307983344102744,0.293330654334536,0.330858698041491,0.300612605793177,0.310471574743971,0.287585196481316,0.307983344102744,0.293330654334536,0.330858698041491,0.0746878722562124,0.0137295800016137,0.0984682022816714,0.0448369376632347,0.0165032206826059,0.0734213542491188,0.0282001982165816,0.00947925184075733,0.0446187439507668,0.021156073332975,0.0351468601252057,0.0820322205303257,0.0183870893023156,0.0158813861895851,0.0458944569570955,0.010347664931459,0.00219745387420532,0.0141537666722394
"139",139,"NUMEX_BILL_MELTON","3","238","18","6",13,9.8,8.7812905922,6.95,10.45,8.1,0.00693244353621653,0.506706120264081,0.138715495720778,0.47933810517199,0.178628290864955,0.457191364227763,0.290794470182996,0.562691429006896,0.323514986909348,0.547407852029701,0.354370076310349,0.604580967,0.0610134294884731,0.148518993356108,0.203697324671676,0.494252569436235,0.222076637191543,0.500777455943261,0.374585567182224,0.604302781,0.360569611139867,0.564270302609233,0.0599394381138749,0.451305920522428,0.121121827337567,0.420830354163687,0.388619864962776,0.621986535702461,-0.0517307002643721,0.2552703779459,0.133894403593502,0.435651923554232,0.0813496736716641,0.459935224089636,0.38296449231347,0.59078431372549,0.0228966063402188,0.16422598,0.0305547426579923,0.348253647,0.123984962727643,0.417169714327679,0.287044436864127,0.58229159,0.312702742735356,0.583038436927072,0.0145618364274761,0.352688838141236,0.162456356541384,0.483364545036765,0.254764447738846,0.557044658032881,0.177067438271718,0.530008202898913,0.1990661952632,0.526975508151979,0.311080910533251,0.548461838392249,0.353661889168443,0.336201263258664,0.312319347282658,0.305783463073439,0.324370935216497,0.364619789678378,0.353661889168443,0.336201263258664,0.312319347282658,0.305783463073439,0.324370935216497,0.364619789678378,0.120864313540259,0.0225111376966172,0.159854747596595,0.078041070296971,0.0287265208935209,0.127796863791811,0.0557722699224131,0.0187666455481587,0.0882770533574178,0.0252480610966178,0.0419063398394714,0.0978319705406461,0.0380131407788692,0.0156060130633676,0.0650435481900855,0.0185348819345485,0.00181029522412689,0.0216704052257336
"140",140,"SW_9812","3","239","18","5",15.1,13.05,11.6256483282,10,12.1,8.75,0.0695174653836724,0.457833776306772,0.202207403823263,0.47101412,0.179398059102463,0.47499268364062,0.313369649354554,0.569963947,0.36119314329374,0.560109642723142,0.347538452154316,0.603370863819606,0.10184596588705,0.174166259177463,0.271521340321463,0.529864008001516,0.246079306257578,0.551438162108894,0.408871903460563,0.643101427599697,0.454786744350995,0.63682709802749,0.162720387455825,0.4451851566185,0.174798546817986,0.487869392771354,0.416504436491787,0.62702259545875,-0.0399011006751377,0.255975792076361,0.209457566538315,0.465338694465128,0.138785786972065,0.491182329505507,0.407146190454006,0.625834859,0.0524187801523562,0.213830388122327,0.0883301606542749,0.392849270990447,0.171929336179786,0.456210329745933,0.320570682285895,0.612064941,0.342642007197874,0.587556550217724,0.101897494632081,0.406260160467578,0.220764098511751,0.549167300104458,0.323112488565215,0.608903715529858,0.210804308525834,0.547735625148339,0.222208202903601,0.529483417298543,0.322054405455648,0.535450077729301,0.4107918866495,0.44769658015567,0.413483059178832,0.439976205861063,0.375587398671733,0.393879402430346,0.4107918866495,0.44769658015567,0.413483059178832,0.439976205861063,0.375587398671733,0.393879402430346,0.128753418438049,0.0237000611067654,0.169803128238071,0.109317590300147,0.0402571084108514,0.179044947128849,0.0711880505379398,0.0237868181178468,0.112388027888411,0.0304822428893014,0.0505254447856064,0.117994879950567,0.0477314323016116,0.0140177526968194,0.0720108920743399,0.0295353398879699,-0.00215986029638845,0.025794352133722
"141",141,"NM1705PAR","2","240","18","4",11.4,8.9,8.8503849462,7.3,10.4,8,-0.0228304188292928,0.472709493004363,0.110163935741497,0.478530832622904,0.106404024515416,0.478633057250953,0.258899643015568,0.544292935979093,0.340516787901657,0.522643076838579,0.320772727586625,0.571035178,0.108110614155068,0.20524291481856,0.230010482844017,0.510542495445554,0.229096995129267,0.509807169991789,0.377542755290269,0.600481165702291,0.368920171572136,0.557317487431806,0.121430823676226,0.43905529532404,0.132409658573736,0.444474727,0.39720206851027,0.61476253540816,-0.0341186449479824,0.221651878855975,0.182718268485973,0.454928674738667,0.116185397224834,0.471271981014628,0.360024467224458,0.587146010374131,0.0273552058580415,0.191128923553601,0.0536122381324135,0.356598943592147,0.14377293277975,0.429534258647279,0.27615560774865,0.587476508,0.314718492167809,0.569915312,0.0848297954428084,0.404569213673868,0.19588515985367,0.519808687363834,0.299872918536219,0.590447020134445,0.192612815490054,0.533975421738734,0.208585550395254,0.522657642242417,0.314756346317135,0.536174719297898,0.31013427204002,0.305325637041032,0.314776788283571,0.321182630278576,0.322818921172399,0.360118310793459,0.31013427204002,0.305325637041032,0.314776788283571,0.321182630278576,0.322818921172399,0.360118310793459,0.0852894827336406,0.0163179607395097,0.113553019686877,0.0712675810380432,0.0262286061937125,0.116696859378748,0.0507231190404266,0.0170129677872022,0.0801904435066244,0.0197178652196251,0.0327342940708308,0.0764153254524427,0.0267090705094972,0.0137281991906664,0.0504870089002503,0.0167723696166758,0.00167907517742144,0.0196806131209887
"142",142,"NM1713PAR","2","241","18","3",9.05,5.55,6.1782938722,5.1,7.8,6.4,-0.112714192212289,0.464415432502627,0.0357209992960918,0.468800919390904,0.0818447139427571,0.491901215182181,0.234646487811772,0.518446856741693,0.325248414417914,0.49330494452683,0.320797237440204,0.565541482940864,0.0736443297373305,0.152697399412857,0.143063278684849,0.471317641804545,0.197679579624674,0.454859209019898,0.321830652701777,0.544496752472278,0.264913035190458,0.463577644752708,0.0393874752399817,0.443119384462646,0.084309576562779,0.38554016201075,0.354627302343901,0.57120387742339,-0.025347536340569,0.210101695,0.118875126570975,0.426817374038223,0.0796346357890853,0.416048474945534,0.309749016357265,0.506796506098935,0.00262001879768269,0.182691416517448,0.0135496330782759,0.34459245852187,0.113611376687558,0.400235587868106,0.242922683591765,0.522733839359186,0.289383673609141,0.539800224808078,0.0448748424956569,0.39200665993588,0.165626529956456,0.463761047484757,0.261403028061948,0.550161548449437,0.189989594354174,0.496950603558476,0.221635832491551,0.512082504193231,0.330223139849745,0.538488900784446,0.246203084382647,0.190399695008733,0.219739990292534,0.224387864989142,0.242114190879299,0.288094648634767,0.246203084382647,0.190399695008733,0.219739990292534,0.224387864989142,0.242114190879299,0.288094648634767,0.0762616120757416,0.0152081018757152,0.102602817096056,0.0308367146716465,0.0113455872554367,0.0504878481538954,0.0326480570929953,0.0110673640191362,0.0518172937962313,0.0122096061592013,0.020272027206532,0.0473217870998968,0.0161246008268094,0.0132379691582542,0.039053435897739,0.0208515014184839,0.00292267838431045,0.0259137288521715
"143",143,"SW_8888","1","242","18","2",12.7,9.7,9.2860116054,8.1,10.45,8.25,-0.0378431190213415,0.48963578327737,0.0935964573640303,0.470126874279123,0.109913629561026,0.483796405347723,0.267873503850207,0.531527557,0.344684303503771,0.516558364,0.343148474945855,0.596066260243392,0.0526106077640369,0.174578906062673,0.224595715904556,0.504280924,0.250994296177551,0.515345911949685,0.391500352007509,0.606088106434127,0.405249210706891,0.582306623436776,0.0660894521176931,0.432247085126854,0.125621097460521,0.45625420004505,0.400299144964772,0.612247912298127,-0.0323253413542624,0.269546066116678,0.167760583562804,0.453417920079424,0.134930004968491,0.471075502,0.372854627383594,0.60009711388527,0.0265121948927091,0.198248976584701,0.0606722426167719,0.35424507,0.151969016780469,0.433133485104404,0.29567750372007,0.591081974958658,0.336477859833682,0.580150461,0.101287852549472,0.396554584350474,0.212689540400581,0.515313370388267,0.307153395288717,0.587560906768736,0.209096406907385,0.514137550539434,0.230986837376469,0.532399289,0.331228548869636,0.542058425081262,0.345500460956864,0.332770638123372,0.330270482795983,0.356380726747461,0.324370935216497,0.371372008005755,0.345500460956864,0.332770638123372,0.330270482795983,0.356380726747461,0.324370935216497,0.371372008005755,0.0694066067701888,0.0138913908787012,0.093467201454756,0.0676118224458785,0.0249050949064929,0.110748712002745,0.0439723456391903,0.0148677475861084,0.0697240397399075,0.0188433282928896,0.0312435824749337,0.0729588003134644,0.0170508850739344,0.0093876150524983,0.0333107112357061,0.0141316605328173,0.00325591626956783,0.0197710729122553
"144",144,"MESQUITE","1","243","18","1",11.4,9,8.1818637934,7.5,9.65,7.35,-0.027926489234415,0.485990672483827,0.0919348954305064,0.486286335302862,0.111379062428109,0.458095772025768,0.26321048600926,0.513109895,0.33797484097117,0.502059990662932,0.35926772781981,0.593403292324223,0.0411198444103664,0.22186667669717,0.220986113383963,0.48915205992086,0.263864397195838,0.518752807848934,0.377850294799198,0.588409399,0.391584325094916,0.568906725453064,0.114963423791788,0.42848669852731,0.124763141860099,0.473419734465486,0.397873007969897,0.596565904,-0.0218030312220927,0.360717366125336,0.200610164463956,0.446553884338546,0.154364232854988,0.458542639277933,0.361270158821561,0.573808814332487,0.0263853702669666,0.240352487056647,0.0632012424199515,0.351150125691302,0.149200770671825,0.438075581109637,0.298920269586341,0.572408157652559,0.337537904009213,0.566297365917369,0.113664285628988,0.393158166434802,0.219996017910754,0.512759267769608,0.333251205985229,0.583877916,0.203325499224583,0.500697621159315,0.223696255822013,0.519888810224945,0.319515035475924,0.512035164588248,0.31013427204002,0.308756262176324,0.290999863024702,0.329982154395797,0.299538710510928,0.330858698041491,0.31013427204002,0.308756262176324,0.290999863024702,0.329982154395797,0.299538710510928,0.330858698041491,0.0627068126771865,0.0123481372047712,0.0840944136012202,0.063603938496387,0.0234267018093978,0.104180176106716,0.0338844200134714,0.0113740898809996,0.0535849214911288,0.0151878804124021,0.0251422173362309,0.0587354780633948,0.0209955138038444,0.00864918932539347,0.0359763490942437,0.01849180447044,-0.000541688862510917,0.0175535718427769
