"Germplasm","Plot","Rep","Row","Range","GNDVI_62","GNDVI_76","GNDVI_90","GNDVI_96","GNDVI_104","GNDVI_110","GNDVI_114","yld1","GNDVI_124","GNDVI_130","GNDVI_138","GNDVI_144","GNDVI_150","yld2","GNDVI_166","GNDVI_174","GNDVI_180","yld3","GNDVI_188","GNDVI_194","GNDVI_200","GNDVI_206","yld4","GNDVI_216","GNDVI_222","GNDVI_228","GNDVI_236","GNDVI_240","yld5","GNDVI_264","GNDVI_270","GNDVI_278","GNDVI_284","GNDVI_292","yld6"
"SW_8421S","100","1","1","1",0.0420054687549708,-0.017620216068894,0.0926969033825674,0.0307850804158435,0.080341071284465,-0.0133033265465381,-0.0107753752135668,0.0270218396166607,-0.0427790406927095,0.0125432076185366,0.0381246190021715,-0.00620171918052684,-0.0724891205238372,-1.31927483885905,-0.0186713282962983,0.0404542611644566,-0.0297815574492791,-1.05622612382683,0.0168137594671465,-0.0474322389152653,0.0436585909269067,-0.0376124081968067,-1.38215228756035,-0.0164603781145061,0.0397717195487456,0.00314690786239565,0.0136868115128595,0.00194286545860122,-1.11213488336057,0.0141395570835895,0.0128678748210494,0.0258851229672353,-0.0118355241121589,0.0114435445786704,-0.639651466553851
"SW_1011","101","1","1","2",0.0399439982642065,-0.0332618908796143,0.0718502819319856,-0.00352601750887875,0.0424594012104404,-0.00909693449014632,-0.0501661029979243,-0.984274857385744,-0.0402826639171892,0.000701229178020871,0.0331090982565793,-0.0259214999121858,-0.0771758019574981,-1.68992262669166,-0.0237606017136782,0.047552466161879,-0.0565755230809012,-1.66679310354567,0.0325546968337966,-0.0640688544529238,0.032310152614098,-0.0517702122424523,-1.65457017365503,0.00494274766961457,0.0474305035193488,0.00483832837578568,0.00560205487011465,-0.00437343442481665,-1.57599379618005,-0.00161107219304429,-0.00554385332027355,0.0128997170407965,-0.0156575101044583,-0.008160236094489,-0.88372651478247
"SW_9813","102","2","1","3",0.0487193200555976,-0.035699241579289,0.0641677867583139,-0.00516821915061636,0.0327543832762722,-0.0209337572561205,-0.043210305453617,-0.73876914933598,-0.0403228610403117,-0.00047969262018564,0.0335740045446483,-0.0251390836197288,-0.0435179472062171,-0.855024715103877,0.00386477490333579,0.0637429126984275,-0.0484320676807428,-1.71813699618765,0.0346509026959865,-0.0624668775431499,0.0399172981850116,-0.0486584575357561,-1.45686017420787,0.0150579726877442,0.0516354041332181,0.00916933568344477,0.00811346456745558,-0.00309724603290756,-1.46187371543472,0.00170470891993487,0.00188446323969532,0.0129116089932735,-0.0165431687747822,-0.00823737431052389,-0.879568176099691
"DONA_ANA","103","2","1","4",0.0469233978572921,-0.0459330648594239,0.0294054873849211,-0.0267202483091079,0.0116456756988147,-0.0129501371773576,-0.0705132773875994,-1.36429146735683,-0.0528416986698877,-0.0170638199527031,0.016380666991444,-0.0374935289441559,-0.0454196529054401,-0.84346158428588,0.00865214020218914,0.059951444592364,-0.0578241225081614,-1.63585217690718,0.0343703425409764,-0.0760651898550453,0.0245129622685008,-0.0682514647398923,-1.56961555031812,0.0116931863232456,0.0427587201227504,0.0117606287699735,0.000970806584155869,-0.00688434959825151,-1.78519381954825,-0.00395727412519445,0.00789751855303623,0.0200906695902959,-0.0167435926108251,-0.0125706729866599,-0.910735507405063
"NM1715PAR","104","3","1","5",0.0315352417682635,-0.059480857652708,0.0100583435353757,-0.0296498045104123,0.00600785523062226,-0.0190846859042192,-0.0845474842917935,-1.93879971908735,-0.0554562344354317,-0.0250887220443183,-0.00204415069539344,-0.0486712220012474,-0.0819013199221498,-1.68626004738236,-0.002468005587125,0.0430516016504591,-0.0627144254560589,-1.88731630883889,0.0391836318420421,-0.0710448540789545,0.0244914050535754,-0.0778640104051107,-1.73177251590841,-0.000775136760299956,0.0396431818342627,0.0086652185851436,-0.00435324107652628,-0.00527200323014471,-1.75144626913492,-0.00655768481443765,0.0119784156005003,0.0283002103117593,-0.0196126120639241,-0.0025990345424134,-1.00265566627574
"NM170506PAR","105","3","1","6",0.0107198117969535,-0.0811775160078051,-0.0213001863954742,-0.0582581675604442,-0.0176904778309824,-0.00762003529187822,-0.093886244557798,-2.98294551181485,-0.0401159014821435,-0.0357945557419993,-0.00711759210738023,-0.0522551473158828,-0.079028229531097,-2.08509379516504,0.003651571671652,0.0528128696407532,-0.0484161792548952,-1.96052934472654,0.0477888968921241,-0.0665541063709847,0.0297386481235128,-0.0638019192921227,-1.91286052205661,0.0146700721721937,0.0381732968094477,0.00789689153955613,-0.00169311298369127,-0.00594780709892719,-2.02413087617116,-0.00535937459915145,0.0110234334632019,0.0378094987313132,-0.0188056089451888,0.00359727779074307,-1.09510480072498
"NM1704PAR","106","4","1","7",0.00630446187432254,-0.065815705675243,-0.0075609643002237,-0.0458781735650388,-0.000823129746334016,-0.0227512661286632,-0.0688886270948375,-2.3838587982428,-0.0388113639046253,-0.0363437447471677,-0.00622549729582536,-0.0425805888353565,-0.0708571874861708,-1.9540381307882,-0.00925333563216888,0.0465598278285622,-0.0421114317431293,-1.83931732779104,0.0535143458919155,-0.0692385585106548,0.0353937631024625,-0.061227559689219,-1.9416325708589,0.00660224292921379,0.0355728078426772,0.0154788032770827,-0.00110908012080305,-0.00615422700183661,-1.86894739273048,0.00578267596064084,0.0172385768681946,0.0436117316316874,-0.0103867813266563,0.0147123940643068,-0.939832515906884
"NM1712PAR","107","4","1","8",-0.00960392208718984,-0.071229224124905,-0.00467227207415441,-0.0536621659161991,0.000435412430722167,-0.0145062335932886,-0.0670176679404723,-2.39836034025895,-0.0335833018306137,-0.0404016741357247,0.00456643174878978,-0.047570047700043,-0.0721702427714761,-2.08129096260236,-0.0433102197572556,0.0228573007816683,-0.0418946541113217,-1.9098765627313,0.0443156613513444,-0.0726475914808344,0.0271225702656233,-0.0550044948241054,-1.80187996444069,0.000901071959973262,0.0301169713628487,0.0242686669300844,-0.00425901819517509,-0.0129611228181258,-1.77285767272289,0.0047362034519594,0.00364103464110872,0.0339512759081061,-0.0177079230889885,-0.00365629739851732,-1.02889536338538
"NUMEX_BILL_MELTON_CA_2019","108","4","2","8",0.0408356608982685,0.0103296098111176,0.0711950325733005,0.0357446111111847,0.0646769779573743,0.00310545171892173,0.03462600990719,0.207724986851467,-0.0408533156184503,0.0123081430849251,0.0138469998693918,-0.00796387462996274,-0.0661130777388919,-1.24496149778316,-0.0232168266234492,0.0220625005741973,-0.0214489383488489,-0.784229201078356,0.00795905887415065,-0.0429143602398932,0.0490364398336227,-0.0337187446920189,-0.843333874771236,-0.0124356777797497,0.0273692488367968,-6.75426019326793e-05,0.0114194466869536,-0.00322106532273936,-0.914304858944258,0.0187967678044691,0.0235357503587398,0.0272100349815121,-0.00116169223797907,0.0195832765593407,-0.428495619895467
"NUMEX_BILL_MELTON_CA_2019","109","4","2","7",0.0388352991327904,-0.00248115512512884,0.0514196335323404,0.00283385684235781,0.0290958248391782,-0.00744092417211136,-0.00273329829407897,-0.888961498852248,-0.0402008548678265,-0.00142156808594724,0.00371177753068943,-0.0310184903182008,-0.0747485294556243,-1.77684959673181,-0.0369939964477685,0.0246151118622104,-0.0550444788869548,-1.47085569713067,0.0190960187240646,-0.0608429819463222,0.0360787666476012,-0.0535761907557322,-1.14659932083678,-0.000247788466090097,0.0335854207529285,0.000323788515605447,-0.00075364559421502,-0.0224122040319188,-1.46952547676732,-0.0016373137824632,0.00137576632179671,0.0118161589325387,-0.00792289045969924,-0.00443787010804854,-0.688848828793117
"NUMEX_BILL_MELTON_CA_2019","110","3","2","6",0.0501430281836173,-0.00386349050998237,0.0475461879893872,0.00977569402204542,0.0262467398026949,-0.0217687027270852,0.010015124338597,-0.425531775324833,-0.042179845170344,0.00112134163422424,0.00225658303054787,-0.0275890475220144,-0.0395487773659,-0.946396534948501,-0.00366165848049974,0.0350749528092014,-0.0492213650971542,-1.51518488985667,0.0252386414807658,-0.0599037813632647,0.04415874215953,-0.0519801023287719,-0.951607346106199,0.0135569892387478,0.0375351621095615,0.00491668257581394,0.00246260605068355,-0.0222925896478981,-1.32634189827284,0.003322945810998,0.00980542803693324,0.011780464343909,-0.00967749957972236,-0.00760361821923025,-0.676482257540202
"NUMEX_BILL_MELTON_CA_2019","111","3","2","5",0.0464527676795265,-0.0173162077189512,0.0140493826339511,-0.00467653445206476,0.0101614252011757,-0.0220501236670069,-0.00293711794236198,-0.965755195163909,-0.056211911707194,-0.0146238812644849,-0.0154442700670357,-0.0382358371900772,-0.0331740023949275,-0.801090880969098,0.000737384218599352,0.02266514783519,-0.0627938104522609,-1.44652418379152,0.0199007584174991,-0.0758880662845874,0.0266452178807756,-0.0748963507381061,-1.10725457100263,0.00594578353586519,0.0254531677999541,0.00559560544605401,-0.00550107543297083,-0.0318914354689294,-1.62816854959956,-0.00348427532273866,0.014043181895504,0.0178594560431808,-0.00933530161708379,-0.00796139518962807,-0.679113605609507
"NUMEX_BILL_MELTON_CA_2019","112","2","2","4",0.0300687217336271,-0.0301830742564887,0.00123275701350479,-0.00183902863157272,0.0135788048151678,-0.0247386881696207,-0.00737865636732222,-1.38505615091184,-0.0612422306187205,-0.0200862282440717,-0.0277417688334471,-0.0478841889338794,-0.0655641118881017,-1.68937384129773,-0.00108981813434336,0.0134395646942131,-0.0672997998207441,-1.7405274778946,0.028002404866624,-0.072548804156034,0.0265920859036017,-0.0828499392307878,-1.35544667740618,-0.0106976953195795,0.0206885118468464,0.000676765415738911,-0.0111583592709892,-0.0370250955919854,-1.63811164429743,-0.00767537466909081,0.0150609876023629,0.0243206998537116,-0.0149562582236187,-0.00172093288637098,-0.767208257814191
"NUMEX_BILL_MELTON_CA_2019","113","2","2","3",0.00354884370428734,-0.0583110352465354,-0.0349454209878018,-0.0493692903872156,-0.0271801410306851,-0.00414512807484708,-0.0492587631880983,-2.71446592520545,-0.0456532220983158,-0.0302419364465664,-0.0303644653966552,-0.0549230915349188,-0.0675157974287094,-2.06556743458119,-0.00191103353366817,0.0225481206908228,-0.0555412363323929,-1.85105454864553,0.0383280729986487,-0.0698286513527062,0.0320355474143978,-0.0718940329666994,-1.57859686313129,0.0149451669548918,0.0195676857124654,0.000155106815830471,-0.00669467519300741,-0.0376956544984027,-1.90786328835175,-0.00796472164954278,0.0134714811686192,0.0368845385381164,-0.0132195554642767,0.00327017054389735,-0.853671712725212
"NUMEX_BILL_MELTON_CA_2019","114","1","2","2",0.000525511152844151,-0.0395403423260476,-0.0226380541133668,-0.0399979846204167,-0.0137876547331839,0.00226156293547169,-0.0388659180890485,-2.12391767027082,-0.0450075670085701,-0.0277403954903458,-0.0280354221380222,-0.0454505073557593,-0.0559474165876119,-1.84594663150797,-0.0167387822036275,0.0144509534506012,-0.0505576431495917,-1.67569196287025,0.0423524919848371,-0.073672226024077,0.0380102193177634,-0.0704221680238863,-1.59428999933006,0.00849923419919018,0.0175620955376381,0.00884150060905373,-0.00403107931372735,-0.0333980765274479,-1.67640369134828,0.00341314910699408,0.0195264850642962,0.0449002622232158,-0.00263299489644275,0.0180857972928054,-0.6566698100342
"NUMEX_BILL_MELTON_CA_2019","115","1","2","1",-0.0105104156330178,-0.0393603356460747,-0.0130828970706704,-0.0349904246598801,0.000558270671297841,0.0108793804796877,-0.0262202720299969,-1.8119862767576,-0.0391581872225304,-0.0280424029381571,-0.00952182629713915,-0.0457969367768051,-0.0417266138932886,-1.60845124343553,-0.0379315842353898,0.00995211307353194,-0.0373880595846537,-1.56563009171285,0.0282405411285776,-0.0766174047652676,0.0307970888050844,-0.0568294959694062,-1.37844773658054,0.0108754978300874,0.014825810437314,0.0207905469252366,-0.00444842657374594,-0.0302644469263789,-1.51910320703774,0.00332139342051421,0.0061560817528199,0.0375331575303399,-0.00885610274081324,0.00146266577511043,-0.728184417357275
"AFX_779","116","1","3","1",0.0241899429439293,0.0378552875099619,0.0236873374248424,0.0310816456013756,0.00475701648110336,0.0113102122096926,0.0468706764221061,0.291351327239218,-0.0179508711870253,0.00476699133136143,-0.0102792419592936,-0.0113561572561131,-0.0345170321229669,-1.14387177495639,-0.020696409315506,0.0120101432520924,-0.0201960564904835,-0.408821231807527,-0.00533098873572809,-0.0452163705303739,0.0302830379734937,-0.0318512668024839,-0.595624208133851,-0.00765815020784414,0.006304376653459,-0.00854854888932822,-0.00599475209398248,-0.0164094810875371,-0.587888916986333,0.00933202170152064,0.013406833536223,0.0124589927953143,0.00132935609629906,0.0106670373424816,-0.424964406186124
"NM1703PAR","117","1","3","2",0.0205486466056557,0.0295971795016952,0.00500106381335329,0.0024237926875317,-0.0226315325814782,-0.00983813948812279,0.0066527977780361,-0.906241070960286,-0.0181701445319829,-0.00859360317031425,-0.0282502891210454,-0.0394398760053014,-0.051037211455933,-1.91668251823248,-0.0534861757686711,0.00217373680696929,-0.0625808641010257,-1.24849908630146,0.00789945136421825,-0.0637995781450648,0.0148791182366431,-0.0568075368469179,-0.939618482834314,0.00317113664338066,0.0117622464816906,-0.0104326190878005,-0.0248519511691875,-0.0499398708501244,-1.26499892998694,-0.0139017549971508,-0.0131261715469461,-0.00564791975525682,-0.00888073081755969,-0.019970998941242,-0.72900591347625
"SW_1011","118","2","3","3",0.0276729404645476,0.0253008566234811,0.00241427486394953,0.0105397599942044,-0.0141769452012174,-0.0233446283023858,0.0270206530407016,-0.702092813862009,-0.0215732816945844,-0.0058096988662573,-0.0341557421896719,-0.0348914409215174,-0.0146278337551486,-1.21104748449715,-0.0204504630957438,-0.00424494337527374,-0.0599694118404872,-1.31921497085988,0.0193622673176401,-0.0654763718185978,0.019641725366347,-0.059836985402174,-0.811119959294491,0.00803272559844534,0.014031877196246,-0.00836434138655432,-0.0246669604176789,-0.0535563284915608,-1.25302343138593,-0.00901247425843808,-0.00587229748080448,-0.00839503940433148,-0.0114524820042736,-0.0248126681007125,-0.752221278001933
"NM1715PAR","119","2","3","4",0.021410416462753,0.00351949349692056,-0.0301397390640845,-0.0118729984205303,-0.0269242406994546,-0.0301451138593572,0.007131448893202,-1.20067743071403,-0.0357834766941479,-0.0233882210475229,-0.0508054178926551,-0.0446676712224605,-0.00662483433053219,-0.956476915606182,-0.0118100169997567,-0.0171087661666157,-0.0763678212771725,-1.26862890108465,0.0108169958194781,-0.0840071891031212,-0.00080435831209033,-0.0852369817512039,-0.969818737189483,-0.00485723504857032,0.000679875357227955,-0.0101205741438903,-0.0343472679700812,-0.0676087393733549,-1.51735161920795,-0.017720335743289,-0.00362018617270279,-0.00759546633857854,-0.00966310698829426,-0.0220224958007127,-0.740553433583362
"NM1703PAR","120","3","3","5",0.00609245433804402,-0.00653130665635286,-0.0323394892036547,0.00492074040785853,-0.00973104415454649,-0.0274752589562515,0.0232238269732045,-1.36150914063681,-0.0402537255040419,-0.0228276997362256,-0.0574063474038095,-0.0559654043888449,-0.0501168047927261,-1.94477669434642,-0.0143784023520087,-0.0304990128570055,-0.0793794644996865,-1.67810825384381,0.0128546415362952,-0.0820494788162421,0.000517773572069139,-0.0874917500372323,-1.2866227747202,-0.0195093584492448,-0.00398955879512013,-0.0146572366148279,-0.0401029550914769,-0.0726584387620803,-1.61331933917109,-0.0216497145773702,-0.00486382104170312,-0.00687598247935518,-0.0141010361349559,-0.0173488552660781,-0.79386624526986
"SW_9720","121","3","3","6",-0.0158035844277581,-0.0312026630189944,-0.0617171195784371,-0.0419730552683856,-0.0440241515617915,-0.0126862950322369,-0.0294133489646616,-2.51025283820626,-0.0208504999278822,-0.0224157512847964,-0.0516883573616063,-0.0608560799756979,-0.0499435860975882,-2.17661357273394,-0.0222626489618813,-0.0271833012416535,-0.0685127977021407,-1.78329599829743,0.02378078041785,-0.0799865963209296,0.0067949368073212,-0.0750357297685774,-1.48587386340381,0.00776076917909702,-0.00402535850887242,-0.0131261242768044,-0.0341632316243728,-0.0701859054124123,-1.88471392094961,-0.0229196970928572,-0.00615839313766844,0.00803223219340838,-0.00945330141169833,-0.0118693056975516,-0.824870052919691
"NUMEX_BILL_MELTON_CA_2019","122","4","3","7",-0.00950414130949911,-0.00719628178620652,-0.0471406500323861,-0.0261137108108168,-0.0247114021101726,0.000568305949930754,-0.0117585767653972,-1.82019412767685,-0.0196116043025969,-0.0106097403360923,-0.0415732860770487,-0.0469981526250904,-0.0214327125050778,-1.75051902494637,-0.0266040406923322,-0.022923819263278,-0.0613114072878926,-1.50015128022134,0.0270579940946692,-0.0843677273947999,0.0131101784730775,-0.0735868994895139,-1.42192296549504,0.0123370862058516,-0.00262241195022304,-0.00448713844308406,-0.0293581058975681,-0.0575620166527198,-1.52229391526512,-0.0152279334101876,0.00154432468635975,0.017283539826567,0.00171789708861081,0.00679096345102509,-0.556894155325155
"AMERISTAND_803T","123","4","3","8",-0.0163435700831371,-0.010277049633251,-0.0423724457070846,-0.0272308300996057,-0.0153980216371397,0.00585357325053891,-0.00462113169764776,-1.49307009036861,-0.0155979791214378,-0.00920825042709552,-0.0188021523246804,-0.0479328673702214,-0.0051873221864575,-1.36119892622984,-0.0286514392290509,-0.0112218863043912,-0.0341747756358495,-1.28953475196014,0.0148749881112973,-0.0855045115981541,0.00863705333172592,-0.0554361577315273,-1.14804930474655,0.0201056882055703,-0.00235548141582098,0.00732585012352255,-0.0283533631844572,-0.0506266757374865,-1.34352077512514,-0.0162492386313807,-0.0112278702212298,0.0132380117787886,-0.0021882752255386,-0.00265206609493304,-0.588990181519238
"NM1702PAR","124","4","4","8",0.014186010586635,0.0434267230086814,0.000361096035997723,0.0275555262489641,-0.0388454698269295,0.00810953091803392,0.00114523330438663,0.301902738318289,-0.00153078670784525,0.00651762794808522,-0.0420371936473906,-0.0118067016000777,-0.0135154400783172,-0.938961841174641,-0.010842806756214,-0.00696166193864086,-0.023986132049814,-0.124308271082245,-0.0153715893278046,-0.027417926636876,0.0102707491839428,-0.0227393345058708,-0.181073908392849,0.0004982328677213,0.0107482495345908,-0.00345336234747445,-0.0055619208281534,-0.00964918666691731,0.0925023459063654,0.0113301275756248,0.0127640471961652,0.00674521596293182,0.00806357374137052,-0.00667633461423204,-0.169263878007586
"AFX_779","125","4","4","7",0.0123130104199246,0.0458570875459893,-0.0105466057891157,0.0119396106480785,-0.049427543482134,-0.0212018374560087,-0.0278088402941197,-0.565566363769967,-0.000230001656810908,-0.00246966125495918,-0.0624548230105956,-0.0392260756660996,-0.0316579612702902,-1.64756673509049,-0.0432177904606961,-0.00721675633306159,-0.0626448300041544,-0.842639402609393,0.0117396862488156,-0.0442665894465534,-0.00612933295394469,-0.0458967496624015,-0.472489502613777,0.0128063293106336,0.0176532317797044,-0.00592082411371696,-0.0283325379198561,-0.0490313425575581,-0.612528674567343,-0.0147424948643587,-0.0164168271277815,-0.0133980006444011,-0.00511070132896797,-0.0463811822915588,-0.464821053673897
"AFX_149092","126","3","4","6",0.0152500410970742,0.0396002368761221,-0.014316222464148,0.0157720427064514,-0.0346784390805629,-0.0288424633880424,-0.0102621170579143,-0.681122933537018,-0.00327856139377737,-0.00237599003369951,-0.0728139271170927,-0.0375950162036351,-0.00609792444323553,-1.19069075442696,-0.0211682957984952,-0.0189580386225584,-0.0615518817882063,-0.930707802881074,0.0386596036017149,-0.0485398391663102,-0.00580193222207532,-0.0555411048276316,-0.443090459498305,0.017893516592792,0.0188278285900914,-0.00603359949332997,-0.0315305039859667,-0.054725681059365,-0.797702806162862,-0.0123498995193645,-0.0115840190091241,-0.0188697772681444,-0.00766091900216127,-0.0536837755896276,-0.532600621363321
"NUMEX_BILL_MELTON_FG2011","127","3","4","5",0.00721679258064166,0.0113542234356811,-0.0497521501560634,-0.0154416277453243,-0.0479554476860506,-0.0224025216849313,-0.0285040608027637,-1.29707096525789,-0.0173832668085881,-0.0223655064507781,-0.0854764646512483,-0.0465016336618988,0.00881099579714424,-0.88877320489745,-0.00568255210689382,-0.0280374470761865,-0.0786904043758209,-1.0067960679462,0.0238574800832571,-0.0687220871616984,-0.0287611804007773,-0.0805741314527594,-0.620763202240097,0.00281934043174949,0.00541463296413114,-0.00947182273031022,-0.0433631408486406,-0.0679814802036533,-1.05674329658662,-0.0212484052513236,-0.0108790845354594,-0.0221552222729375,-0.00191524184125575,-0.0469314550130259,-0.53009796088346
"NUMEX_BILL_MELTON_CA_2019","128","2","4","4",-0.00841269664230147,-0.00177036394307342,-0.0502033183532443,0.00362798851991817,-0.030407765521661,-0.00969087049018688,-0.00141463062372706,-1.50607511190394,-0.0205329748372863,-0.0211995244950076,-0.0858736047934901,-0.0607155792755545,-0.0437518223068544,-2.05180539939303,-0.0320446257738369,-0.0548738309367038,-0.089212131805281,-1.64154318021305,0.0196775598465746,-0.068892622132753,-0.0286440801149353,-0.0849652568165279,-1.07034163617113,-0.0180936504107377,-0.00202463282577842,-0.0151288633215231,-0.0543511896992878,-0.0780135305996196,-1.32290535329184,-0.0262356169128658,-0.0173018206070882,-0.0313177913879885,-0.00640091311784249,-0.0503868621195987,-0.620309858348807
"AFX_149092","129","2","4","3",-0.0213469306215564,-0.0162399532510243,-0.0669894393682445,-0.0264492400948715,-0.0386235612855592,-0.00812268220502696,-0.0281340501214645,-2.22351000826422,2.86142458843143e-05,-0.00486700847389103,-0.0623812854800343,-0.0575704638581625,-0.0354508659257449,-2.04005512735825,-0.0195961355278739,-0.0437277326212749,-0.0726972968212446,-1.68068390355244,0.0383600125441719,-0.0666432418257488,-0.0208541537507506,-0.0700716751174049,-1.24667497193163,0.00904055839438658,-0.00240533835828664,-0.0108226032966808,-0.0481404973057785,-0.0732322380076075,-1.5571936288576,-0.0264889152371008,-0.0176219842836007,-0.0157240817104727,-0.000113387431747367,-0.0506859215259273,-0.623498523042788
"TMA_990","130","1","4","2",-0.013369389473545,0.00274908706835839,-0.056526935101156,-0.017477473344295,-0.0233767560379649,-0.0112305322890028,-0.0192135618849333,-1.54024065362784,0.00208744573666815,0.0107732101328242,-0.04711533603422,-0.0475663856477956,-0.013289026819897,-1.61475769083635,-0.0360691965294438,-0.0494038888463045,-0.0716752907650477,-1.46148701712857,0.0384614690067491,-0.0727406730544508,-0.0157690938080023,-0.0720932785071481,-1.14589057283608,0.0128665935350177,-0.000390084469928413,-0.00399202656809867,-0.0429437122602026,-0.0614433100655502,-1.14154166987144,-0.02167616083124,-0.0112669276524414,-0.00726798609882096,0.00693429690398543,-0.0367556309246403,-0.361167884757085
"NM1704PAR","131","1","4","1",-0.0174366517679328,-0.00426016041124756,-0.0558614319716059,-0.026049071405197,-0.0237564183994532,0.00228292152779678,-0.0195069228874824,-1.33967469838801,0.00411955343590518,0.0123513618155919,-0.0193072405661121,-0.0489414792877289,0.00627466244943353,-1.23264442704698,-0.0181934676499344,-0.0263962451844223,-0.0329231826325377,-1.15754716414518,0.0290742569286333,-0.0726572153060827,-0.0175239388068702,-0.0518501585818452,-0.856392035056377,0.026122109433277,0.00174603433709864,0.00566465741145479,-0.0410230589744192,-0.0533531614376082,-0.961632941370035,-0.0229112298965095,-0.0241017976460994,-0.0101626278172054,0.0037894403920798,-0.0403145091117754,-0.386735841184024
"NUMEX_BILL_MELTON_CA_2019","132","1","5","1",0.0012769067112337,0.0225999049192405,-0.0463695282927248,-0.0116207184810914,-0.0788686825470429,-0.0155499412327393,-0.0166765791238719,-0.6857868882015,-0.000383856007033261,-0.00724271306113481,-0.0677868965845136,-0.0324557481378624,-0.0199441029202974,-1.07661477044387,0.00843360397550855,-0.00819949495973808,-0.0240271139917256,-0.166895489331996,-0.0207794448662886,-0.0260120029002996,-0.00719637006596073,-0.0335279859521112,-0.155716343401036,-0.00253701573970933,0.00622854841824297,-0.00257272256521079,-0.00843125426036102,-0.0108487786884298,0.357996891505497,0.00797742231752878,0.0181733804533509,0.00188619298627132,0.0140457262682194,-0.00806950742266983,-0.140960077683561
"NUMEX_BILL_MELTON_CA_2019","133","1","5","2",-0.00754240221923262,0.0236189050662142,-0.0610635321754766,-0.0283879414577493,-0.0896381794633544,-0.0385704300837432,-0.0579995850453554,-1.68209544326327,0.00244240751548646,-0.0163295232532895,-0.0938338761481006,-0.0644205355086639,-0.0574931213120097,-2.06046731953242,-0.0395561457947394,-0.00893506532438179,-0.0658590374492245,-0.949162756555373,0.0165985359293469,-0.0424198018143691,-0.0252821836680891,-0.0602379539464699,-0.509604017143862,0.00741190648132934,0.0130074774188793,-0.00686041893967297,-0.0352182693683835,-0.0572521064550228,-0.507398582096005,-0.0220867493175127,-0.0145012047562971,-0.0190362729075836,-0.00144966945923901,-0.0502540407866954,-0.461950095064333
"NUMEX_BILL_MELTON_CA_2019","134","2","5","3",-0.00891610351903915,0.0110564244197655,-0.0770605523264671,-0.0436688692691274,-0.0926912997318477,-0.0435916053564404,-0.0634035598342413,-2.10256834583386,0.000435837766714224,-0.0196295061689457,-0.109639119746301,-0.0696196171872432,-0.0446635664835609,-1.82268954645235,-0.0254343785989554,-0.0272468599097918,-0.0721248453046757,-1.09148041732655,0.0480769363361186,-0.0508987576763787,-0.0304299774493123,-0.0773566036797639,-0.597962573431105,0.0166286397580189,0.0119255830805825,-0.0102481923841786,-0.0425232382055747,-0.0701653392371793,-0.993277564430334,-0.0260637727906022,-0.0151054896842672,-0.0267987268852916,-0.0073964924970525,-0.0635401125469642,-0.588240591130752
"NUMEX_BILL_MELTON_CA_2019","135","2","5","4",-0.0197114852874136,-0.0135282919132375,-0.112815601532846,-0.0795654777604531,-0.115032750764891,-0.0349718923691452,-0.0905279014269052,-2.81472102521996,-0.0119312612923812,-0.0405622127063836,-0.122688279659999,-0.0816027594495434,-0.0305181781888483,-1.61844049122832,0.00160105163308739,-0.0297549350638638,-0.0910593410180603,-1.23851093991948,0.0402426422631293,-0.0728822311193648,-0.0552374590661036,-0.104723895522164,-0.825752568216518,0.0127917584466732,-8.62774593674633e-05,-0.0152872132552136,-0.0553295078721729,-0.0830126809462188,-1.39372498209496,-0.0370788585312941,-0.0190024295318935,-0.0323876200757543,-0.00307770010676339,-0.0597639122167965,-0.613139023276406
"NUMEX_BILL_MELTON_CA_2019","136","3","5","5",-0.0363875426054715,-0.0277866944926268,-0.112833909845986,-0.0627930868129559,-0.104483493542178,-0.0222979046587627,-0.0721403840147429,-3.14934902693634,-0.0136406929584139,-0.0419035912686156,-0.121273415239802,-0.0985312052448899,-0.0857415903369759,-2.83757342312973,-0.0423469248675845,-0.0716378263315326,-0.11303451841249,-2.05364722125176,0.0331659700764571,-0.0768282778197885,-0.0589197648530593,-0.117962041088729,-1.41954990067986,-0.0149678587003405,-0.00955828142090589,-0.022012063703389,-0.0711419262902098,-0.103674016499696,-1.87283905300445,-0.0443340078835073,-0.0331568615397524,-0.0489829633768008,-0.0124783500262615,-0.0773091425748691,-0.753851814312267
"NUMEX_BILL_MELTON_CA_2019","137","3","5","6",-0.0435633416774338,-0.0346078035420469,-0.117462717368765,-0.0732444020639061,-0.0929355263560579,-0.0329817288804292,-0.0687496844679061,-3.33483858768802,0.0050031439164539,-0.0170880393977069,-0.0848995349017886,-0.0870032468040421,-0.0627556103297403,-2.54023697085859,-0.016879086412786,-0.0503090273310287,-0.089745546667506,-1.985463230976,0.0514140543389242,-0.0759606192400834,-0.0511338792491321,-0.101902674192277,-1.56445900409318,0.01074331168262,-0.0100544840272066,-0.0159287095477311,-0.0645103413196357,-0.0987988438794309,-2.06763907293451,-0.0446841536534664,-0.036713716482912,-0.0334789891225025,-0.00620669517635843,-0.0808990406317693,-0.745913752311812
"NUMEX_BILL_MELTON_CA_2019","138","4","5","7",-0.0336599437875752,-0.0151245937347531,-0.103148783350379,-0.0557319158307063,-0.0693850539011377,-0.0346870553123314,-0.0503330146119067,-2.37717750851637,0.00820188644725547,0.00267571657445101,-0.0640481960413962,-0.0756697628485235,-0.0446664426795484,-2.04195783407871,-0.0457255717385966,-0.0655645815285221,-0.0918192196400111,-1.71389611249853,0.0426807689272319,-0.0840791877335176,-0.0483141138530242,-0.10566453557614,-1.42541887409407,0.00898257533352528,-0.00673676346092813,-0.0104951984631898,-0.0580616504235377,-0.0889016451274423,-1.57703832130613,-0.0418006425298843,-0.033418570339915,-0.0256113297350298,-0.00424695144308931,-0.0743533978602083,-0.503359959012595
"NUMEX_BILL_MELTON_CA_2019","139","4","5","8",-0.0308507746766322,-0.0178364739011946,-0.0955265944041351,-0.0522148262047002,-0.0581380703179896,-0.0278676425794713,-0.0428091409805878,-1.98598760703775,0.0100818343023843,0.00756573949045396,-0.0279975557035969,-0.0710881579540386,-0.00835576973789874,-1.47546254228387,-0.013087398945958,-0.0326494456362903,-0.0428446284229182,-1.23614619336416,0.0322500821494519,-0.0831441525972985,-0.048360273276543,-0.0847968442466352,-1.11158586114852,0.029596832900379,-0.00195112520551227,-0.00165306195941811,-0.0542306062790555,-0.0782117316380698,-1.35990594194476,-0.0412243613098884,-0.0450474839599547,-0.0276380637017815,-0.00639045783409628,-0.0746810463814987,-0.520342346110761
"NM1713PAR","140","4","6","8",0.00483805941964848,0.0165742115779659,-0.0482088098628062,-0.018674561147924,-0.0713390280933859,-0.010189384208762,-0.00085901733165053,-0.742594659856506,0.00825797843500333,0.00401676913551188,-0.0598292366009644,-0.0282356411506356,0.00342542441598114,-0.726066759973985,0.0256851459427701,0.000895622352878214,-0.0243714298640843,-0.0697235826945203,-0.0226024717980349,-0.0332675119640738,-0.0122729146394637,-0.0397811994128468,0.0995626107837619,-0.0058116688329164,-0.00132529443459247,-0.00237856500339611,-0.00998870540929908,-0.0154349095330474,0.572685998979196,0.00288534276873294,0.0192942763100393,-0.00443117237798777,0.0036346805816818,-0.0148377506252506,-0.034178385091057
"AFX_149092","141","4","6","7",-0.0029454999196774,0.0237433029917074,-0.0560259736192964,-0.0200671870460109,-0.0709416421865558,-0.0328597140091693,-0.0194889547882696,-1.49273823665892,0.0139177870140954,0.000298036643631056,-0.08447171319485,-0.052541653301642,-0.0381071752954957,-1.65328091308558,-0.0270899749053599,-0.00876537932434175,-0.0633675541762374,-0.734056926819404,0.0114302075053313,-0.0485238459230515,-0.0291281565994841,-0.0657905590212733,-0.20756609748833,-0.000413653782306367,0.00579414506982909,-0.00655758676751629,-0.0354413744757815,-0.0593376564618831,-0.163699608447714,-0.0238227933071512,-0.0105294608038277,-0.0211731198586145,-0.00862928065348701,-0.0528037853824034,-0.304203003685867
"NM1705PAR","142","3","6","6",-0.00251020182407677,0.0148556123040549,-0.0730468462817648,-0.0387736892038413,-0.079646249058659,-0.0382277614348492,-0.0397191935019246,-1.73461651077254,0.0128229793217798,-0.00510705114957116,-0.0987490857552497,-0.0546860568857436,-0.0202867277102127,-1.241589306994,-0.0121339872187747,-0.0208602306593253,-0.0644073328469141,-0.753589635152165,0.0360648204262824,-0.0579744823412999,-0.0339250150785704,-0.0771886598031509,-0.26309084850067,0.0089216257628776,0.00339146253778923,-0.0106572205163668,-0.0421842936583878,-0.0698080906493594,-0.600236777653972,-0.0262687381769945,-0.00926651310250825,-0.0247098383282167,-0.0088770872900149,-0.0566615222093436,-0.414285519422388
"DONA_ANA","143","3","6","5",-0.0141200745004916,-0.000932798245184585,-0.105213225558888,-0.0736791100694938,-0.103451303379616,-0.0364521442208642,-0.0695353498888384,-2.35208712603653,0.00320360287675071,-0.028883657280357,-0.115037967424181,-0.0715163459304908,-0.0176799432103476,-1.18536358983458,-0.00357399949024237,-0.0232093459175843,-0.0822569537917098,-1.01311619799976,0.0303500214166706,-0.0787099948260192,-0.0561298091880179,-0.0990900915469225,-0.511125574113909,0.000939994784274147,-0.00814202966298647,-0.0169637058958954,-0.05625261572182,-0.0895178125151463,-1.10145265810331,-0.0369871427246689,-0.0153059385021176,-0.0283729972370868,-0.00469674297500639,-0.0531520118365119,-0.459508282744781
"NUMEX_BILL_MELTON_FG2011","144","2","6","4",-0.0349539214564309,-0.0202260796417419,-0.112882015691229,-0.0747266623654358,-0.106877117472999,-0.0421716482979652,-0.0726817808357211,-3.01292350360537,0.000828494397118898,-0.0377367474255402,-0.1191372577565,-0.0948003232572908,-0.0736880188319535,-2.35343384006887,-0.0435916984298097,-0.0634918399538826,-0.103267995545081,-1.87435132860204,0.0312792232226781,-0.0842571725834709,-0.0608251701203003,-0.1137378552068,-1.15803844071369,-0.0119501846474591,-0.0177807835715808,-0.0229873885362738,-0.0722890396083595,-0.110767443976114,-1.64268655403496,-0.0432553501572991,-0.0297291117224468,-0.042278860296521,-0.00868922369804197,-0.0677239121103717,-0.596219811964918
"SW_8888","145","2","6","3",-0.0408784491742348,-0.0319081388750241,-0.118390286776672,-0.0853604500369201,-0.102930881742093,-0.0624245617177357,-0.0689330380476535,-3.10473402840167,0.0173780788267811,-0.0162715992874469,-0.0881434506392556,-0.0845231825160752,-0.0505474402582889,-1.99851210035759,-0.0194617370937312,-0.0439335959998981,-0.0795557606928646,-1.75091603417259,0.044179580119033,-0.0834379702920892,-0.0542792893261663,-0.0988946945097579,-1.30133849118887,-0.000960151507874512,-0.0200325458977259,-0.0174985833203983,-0.0657460373313297,-0.106832437307003,-1.7335596815328,-0.0443932166109758,-0.0340906225612463,-0.0296509971439285,-0.00146709444262026,-0.0658331015746658,-0.539604712151462
"DONA_ANA","146","1","6","2",-0.0304428522801872,-0.0142527528370475,-0.106621063477707,-0.0668277558937818,-0.0811149651511478,-0.0642276646969515,-0.045997882315433,-2.24419313898138,0.020947385690388,0.00173004081064624,-0.0675280876379441,-0.0735939863883692,-0.0344755625987003,-1.59756570243,-0.0451669249267153,-0.0606561973845904,-0.0802561117284016,-1.56459912792595,0.0344166099377244,-0.091040002031328,-0.0521401279263426,-0.101165361572264,-1.20580870353102,-0.000124642358950127,-0.0164525875379732,-0.0137217856261946,-0.0583636001027235,-0.0977906188548707,-1.3082574146996,-0.0440006387221009,-0.0335904420950616,-0.0239714180599048,-0.00227658200878344,-0.061177066596287,-0.36103175660292
"AFX_149092","147","1","6","1",-0.0223929507724364,-0.0136711371877834,-0.0941961780425679,-0.0597273631342056,-0.0658175484031355,-0.0501763554353177,-0.0361716278399731,-1.8265147310826,0.0201940400297364,0.00451450404644008,-0.0297318695816593,-0.069681950336062,-0.000117880838211718,-1.19147791083876,-0.0186574373485465,-0.035630221851462,-0.0370793965547866,-1.18687464094568,0.0294585039623182,-0.0888059751366964,-0.0519361487229976,-0.0827154429299116,-0.973813740161877,0.0225026644551059,-0.0101788314017126,-0.00577002725408152,-0.0544082035518458,-0.0911456616651273,-1.22189213046828,-0.0442648232288671,-0.0479953657747862,-0.0276657269836523,-0.00687907432402088,-0.068547734225333,-0.44120345469547
"NUMEX_BILL_MELTON_CA_2019","148","1","7","1",0.00106211725355761,0.0122761711288541,-0.0343708768441168,-0.00522911559116369,-0.0368583310446532,-0.0156672679115986,0.0323051708560682,-0.341178686620212,0.0145287412685939,0.0397027218572308,-0.0461436676102118,-0.00924520198960692,0.00915708403101187,-0.55049848242854,0.0266000219986532,-0.0049564632814815,-0.0114010536579933,0.261201339820157,-0.0190967117359677,-0.00915510862314867,0.00604451301230548,-0.00420353179716793,0.489770089485436,-0.0118785741716034,3.24634066257711e-05,0.00512345924102915,-9.01626590562692e-05,-0.00337835951447598,1.02494041492574,0.00946154162991352,0.0245249157355762,0.00500631273324201,0.000208333714026097,0.0013328739120461,0.0957523676532366
"NM170506PAR","149","1","7","2",-0.00201313434687496,0.0196741196824474,-0.038803957262796,-0.00757477243352314,-0.0374822454267426,-0.0287395636365824,0.01983437169207,-0.874308077245331,0.0189773401892835,0.0420926398437765,-0.0656569899679558,-0.0252853023709854,-0.0287065133645353,-1.32160693703766,-0.0104509586411499,-0.0105791981228771,-0.0465286634940149,-0.154614642950752,0.0155892933745862,-0.0226355419694185,-0.0085304519351826,-0.0279794401305805,0.315940097927809,0.0011719757526928,0.0099391367700081,0.00264778206277578,-0.0229860656799346,-0.0447802814535243,0.508030867333927,-0.0127658584943546,-0.00168194115539406,-0.00980026405710572,-0.0101800944335034,-0.0353469006472014,-0.113570756252459
"SW_9720","150","2","7","3",0.00542857577611686,0.0236013972485248,-0.0494741664245832,-0.0104189264034752,-0.039404407210406,-0.0325515252165657,0.0198106280004909,-0.592424302270969,0.0185208046825023,0.041599173496897,-0.0719099798349912,-0.0172787187281693,0.014694119279547,-0.642393682929411,0.0181951625010747,-0.00630341903760385,-0.036723939401733,0.178891276890817,0.0252136859751718,-0.031919038933473,-0.0104175705579477,-0.031135239243309,0.418310259661815,0.00728067906680109,0.00802305476960972,-0.000630962146397193,-0.0263960221197829,-0.0480675779654044,0.261467327392366,-0.0125976570945691,0.00230438258306093,-0.00954010891827488,-0.00731604030900935,-0.0328843723085148,-0.163662598202262
"AMERISTAND_803T","151","2","7","4",-0.00663705887519025,0.0173524326822507,-0.0772603088290076,-0.0377264420770487,-0.0626865675247271,-0.0116911070350364,-0.00315390876549637,-1.17039064074947,0.0135069612367305,0.0170784058723135,-0.0895082277196139,-0.0378893368446477,0.00247869594841171,-0.841424920842471,0.00806071134627334,-0.0204800126411716,-0.0558519265401108,-0.153190830646011,0.0270804337368091,-0.0505785673024046,-0.0287366037797276,-0.0484595181527292,0.200028456032795,0.000651438750660337,-0.000835424948268355,-0.00602916301516983,-0.0376037636503678,-0.0678658838963851,-0.278643693810908,-0.0218987230250494,-0.00339874486023378,-0.0112806434879939,-0.00586935405599084,-0.0330972958036715,-0.193936182795802
"SW_8421S","152","3","7","5",-0.0285953079634864,-0.00493946042851524,-0.0925876613290182,-0.0564719821159733,-0.0832881654520034,-0.00159855006449634,-0.0320985429587348,-2.23677617312262,0.0131076920862603,0.00249747993144552,-0.0947433921161675,-0.0630969842726323,-0.041464380240723,-1.94602207372688,-0.0100973049300358,-0.0378093406130225,-0.072092564393214,-0.981928366074807,0.0285569007511,-0.0577339324383571,-0.0335825738352067,-0.0640573836264333,-0.400627920971166,-0.00417256291110678,-0.0090459929968241,-0.0102317985962478,-0.0513097751143974,-0.086653123120221,-0.900210927777347,-0.0279055876851884,-0.0157179460137702,-0.0228182505510669,-0.0085167224408911,-0.0468316723661835,-0.31692788841476
"NM1713PAR","153","3","7","6",-0.031226527547333,-0.0167172193646349,-0.0968030376991915,-0.0683284147068317,-0.0859866609303133,-0.0104362127706862,-0.043299005046747,-2.27837908885806,0.0266409634861158,0.0199641435353622,-0.0702862606538016,-0.0540599658991628,-0.0227214932014918,-1.54907000903884,0.0128067838091671,-0.0199340384176171,-0.0500050131345205,-0.778180754087066,0.0320829088289096,-0.0567234028297371,-0.0287501175024502,-0.0554816707068431,-0.493949222054709,-0.00386711560533564,-0.0122470003457374,-0.00567756785815604,-0.0460997782080452,-0.088168491189667,-0.877624407398937,-0.0299426750421087,-0.0189160002496435,-0.0160063925457418,-0.00447530210966439,-0.0482349121737473,-0.2313152402404
"NUMEX_BILL_MELTON_FG2011","154","4","7","7",-0.0244934509806602,-0.00617437850507185,-0.0884470424246536,-0.0554483076955179,-0.069585801971354,-0.000578490484264734,-0.0352450809953408,-1.65495928272652,0.0261739534832935,0.0320060670132095,-0.0543825931885204,-0.0471704511569313,-0.0186947821363639,-1.21526255191579,-0.0209439992240989,-0.0385256349452239,-0.0509047952045381,-0.676576541840525,0.0258155713758401,-0.0643764373528858,-0.0286838374787811,-0.0608341746950331,-0.444118260288639,-0.000764976515868409,-0.00865840545330111,-0.00304392867740804,-0.0394098677443286,-0.0807979878712518,-0.580878907927059,-0.0317085104428973,-0.0195566945199047,-0.0149650748113741,-0.00770139599296364,-0.0499386301636971,-0.102740806144406
"TMA_990","155","4","7","8",-0.0179159624074328,-0.0119650435310523,-0.0780236612158359,-0.0481670763505484,-0.0535699289088334,-0.00316342024673678,-0.0241738869672471,-1.30107339919367,0.0192271394857637,0.0267350726303045,-0.017924129390936,-0.0447065264097652,0.0122221562188921,-0.860047081748725,-0.00781573282234467,-0.0224574197437047,-0.0123039672124997,-0.45397616815417,0.0188979665873111,-0.0621229010858563,-0.0297811888349039,-0.0458359889486931,-0.278187276523656,0.0151777898319284,-0.00408021730042079,0.00276346808193319,-0.0381684795797591,-0.0780389872659862,-0.606539056137906,-0.0333535022647268,-0.0347707805485782,-0.0193038569170924,-0.00965273596850534,-0.054624025043054,-0.206712503269342
"NUMEX_BILL_MELTON_CA_2019","156","4","8","8",-0.0214690248987869,-0.0277602900262943,-0.0521397154986665,-0.0171988726890327,-0.0593446880686976,-0.00283618865243026,0.0481494000271782,-1.30037792737325,0.0208241409786739,0.0324365749095437,-0.0679300066871512,-0.0298574133518958,-0.0266802562806196,-1.03676105124339,0.00721944317363867,-0.0331266290361618,-0.0254969172821692,-0.263628258291721,-0.00281202042719944,0.00910538972531202,-0.0066026769100803,0.00034893904273514,0.223592271657102,-0.0192072767495387,-0.00961384940968934,-0.00574706151926283,-0.0217323105472202,-0.013627439450316,0.722020526986488,-0.00431785980191617,0.0145846511086436,-0.0123268492713648,-0.0154226255548078,-0.00377529342547479,0.163074431187599
"NUMEX_BILL_MELTON_CA_2019","157","4","8","7",-0.0193001441657992,-0.0208652193102862,-0.0512089722891817,-0.0171165746266231,-0.0577622325277986,0.00657775429772585,0.0382750252242377,-1.43925905449266,0.0262063377141687,0.0393135341581021,-0.0795755502364395,-0.0387660423202259,-0.0559544912000636,-1.42424982214688,-0.0221762304824676,-0.0260991866831689,-0.0544425773233027,-0.374714550545894,0.0210230108877582,-0.0026691773127274,-0.0193829571411432,-0.0175271864005345,0.240370683321919,-0.00192250670554919,0.00315429178101962,-0.00640020782491863,-0.0415216697609871,-0.0485196089802073,0.484711840305165,-0.0222734831669817,-0.0090921653906201,-0.0250492373516617,-0.0249157354522613,-0.0415965123699635,0.0306667414286689
"NUMEX_BILL_MELTON_CA_2019","158","3","8","6",-0.00274911657572814,-0.00153857205945669,-0.0524462850275524,-0.00315991763358214,-0.0493884111198818,0.00134871311319456,0.0510409282912991,-0.515185432020354,0.0239377934410695,0.045515693541094,-0.0751678327591108,-0.0204311713453622,0.0128414221164321,-0.240894769697328,0.0298327856389923,-0.00145671778910484,-0.0324460504426506,0.404885985968823,0.00370147650412415,-0.0117781446729969,-0.018481406507274,-0.0116252430899086,0.567131056100428,-0.00298518672081628,0.0024448475600609,-0.00857484740825153,-0.0404617387790031,-0.0434725589349216,0.533457140249716,-0.0188229645261012,-0.0011055108854315,-0.0207672316193586,-0.0179802717628436,-0.0315705103150592,0.0706231406705034
"NUMEX_BILL_MELTON_CA_2019","159","3","8","5",-0.0117575660653338,0.00853611745025679,-0.0734976244214998,-0.0262827352863918,-0.0715276241485869,0.0247012062509573,0.0215020908392495,-1.01312589468419,0.0178345496659808,0.0235173609682881,-0.0925029906187777,-0.042535801988104,-0.0103695138696907,-0.530578140930653,0.00897784362765249,-0.0213692896311095,-0.0527314596285304,0.0366596610993249,0.0103288353351021,-0.0288236415923223,-0.0335089115362102,-0.0247903216748948,0.387268493550319,-0.00708607839162397,-0.00429010704719984,-0.0129811794425315,-0.0496518195758015,-0.0627051789492133,-0.0959083205492088,-0.0255833672828836,-0.00597852369876667,-0.0210256636812911,-0.0182658693356602,-0.0346775263854452,0.063372232913829
"NUMEX_BILL_MELTON_CA_2019","160","2","8","4",-0.0262824551984236,0.000426493163803342,-0.0819875414111266,-0.0394262877761929,-0.0807880534174033,0.0209285603229633,-0.0044241662625433,-1.83450683010943,0.016049734985453,0.0143044189090856,-0.0911522057481716,-0.0580310512824059,-0.0337860144637907,-1.30643957117603,0.0102536111414584,-0.0230819038032933,-0.0624995634525338,-0.537721911976682,0.00919673372160801,-0.0365665903266241,-0.0364177890062137,-0.0384020805969583,-0.0516631329658128,-0.00775072359560875,-0.0098847663968343,-0.0146940285821363,-0.0597786921191827,-0.0727114174524528,-0.638743257784523,-0.0268927217783754,-0.0150108395837003,-0.0293257254021558,-0.0185976882994633,-0.044120381705089,-0.0141545514091179
"NUMEX_BILL_MELTON_CA_2019","161","2","8","3",-0.0216510554647289,0.00126657851723144,-0.0720477767188511,-0.0367518522274311,-0.0677202783548933,-9.04650246509383e-05,-0.00288820014687571,-1.45725200207421,0.0257043313416426,0.0341824366610481,-0.0656014337272887,-0.0404097118978375,-0.0168541519756715,-0.827478858332003,0.00766781479934873,-0.0167309423391601,-0.0429129849499389,-0.154339432336929,0.0109948380109696,-0.0338200449430029,-0.0303383813709293,-0.0323374624786851,-0.0512712787004427,-0.0145476400386094,-0.0125020243925463,-0.00983036407613891,-0.0538708400519137,-0.0731422881953357,-0.389317992609857,-0.0273112348801887,-0.0166179166317129,-0.0245273954863801,-0.0154791595656002,-0.0467851751675857,0.0994365025411998
"NUMEX_BILL_MELTON_CA_2019","162","1","8","2",-0.0105345603694924,0.016778380416251,-0.0557211561848877,-0.0100406870213643,-0.0392728262727026,0.00349886845590448,0.0264307305638996,-0.458921263546215,0.0213758504046552,0.0508533112279338,-0.045123839777835,-0.0253369056543904,-0.00213207100709981,-0.272286702107278,-0.00937632304326899,-0.0258593990789364,-0.0341243183738813,0.117538285904086,0.0060642898779626,-0.0389719572694741,-0.0279763988128897,-0.0332971703201093,0.105324845944568,-0.0128701580789789,-0.00832547593318871,-0.00709045412698454,-0.0464132965569223,-0.0626394903154049,-0.0111367821100176,-0.0277582732726957,-0.0165650852492885,-0.0252772094237444,-0.0173846236920661,-0.0484239377342826,0.189251394572325
"NUMEX_BILL_MELTON_CA_2019","163","1","8","1",-0.00501937808628866,0.00377200074759758,-0.0473886357921481,-0.00668837648392824,-0.0232020700864276,0.00600378428151814,0.0400828023736439,-0.0375823978692534,0.00989644646753051,0.0441409594564214,-0.00343422300007311,-0.0199841408760301,0.0274693767138024,0.0222880530610249,-0.000919562365661962,-0.0146084484219238,0.0036934237377233,0.238310207706885,0.00415264555366698,-0.0358200923268174,-0.0276173067146186,-0.0174598519857985,0.205270270138213,0.0036093392556121,-0.00293458545522114,-0.000807686653112044,-0.0457088800966189,-0.0643605111270749,-0.131475802803773,-0.0268279462814347,-0.0306761312414591,-0.0275152404624951,-0.014825657526258,-0.0500415285385006,0.036384740817604
"NUMEX_BILL_MELTON_FG2011","164","1","9","1",-0.0318248540379223,-0.0466609635286911,-0.0769445012052925,-0.0244197326609834,-0.07491138831099,-0.0367967773052529,0.00683684435577675,-1.69747638798071,0.0303126752825569,-0.00475074386949884,-0.0877758982625503,-0.0456620771936766,-0.0387172382576613,-0.807166474748664,0.00934690033798858,-0.0527617139161738,-0.0379019237613271,-0.628801716763843,-0.0102920192113344,0.0195295879556488,-0.0270631570082374,-0.0202001701633365,-0.0492771363852672,-0.0191949012037501,-0.0171912978961449,-0.0107514372049853,-0.0538819008606932,-0.0223498992673371,0.170328650436941,-0.0101747233223391,0.0086852672832692,-0.0365717252612537,-0.0195987398646642,-0.0139787291432638,-0.0406057493071571
"SW_9720","165","1","9","2",-0.0281956495763177,-0.0427228177575412,-0.0751159499741451,-0.0293724654853977,-0.0735961811401202,-0.0190877317179579,-0.00546554891804206,-1.87552100503771,0.0342829362308971,0.00117271883530633,-0.0957386706747405,-0.0500599797479106,-0.0571851604737201,-1.12043514477304,0.000481821089214671,-0.0309002617492011,-0.0609020788276732,-0.640181599921401,-0.000206575007060276,0.00970544803243181,-0.0380394156900067,-0.0324324522903861,0.0755424372847174,-0.00510627525435746,-0.00180202589902716,-0.00898498046208117,-0.0717143037682536,-0.0530622177876246,0.0725829000475411,-0.0205701546111914,-0.012160529170889,-0.0482367947772317,-0.0281908045838793,-0.0519054225954832,-0.127912814656351
"NM1712PAR","166","2","9","3",-0.0217108604492069,-0.0299222400383675,-0.0795504859786303,-0.026814020180135,-0.0739626252707114,-0.0178380909323658,0.00403082317358875,-1.20970714420632,0.0277815888855097,0.00314978045428948,-0.0950304537879143,-0.0356563488801366,-0.00638861331136717,-0.305109210020069,0.0218583709955231,-0.00749128825884014,-0.0423985399014731,0.0119199878687927,-0.0111776578718738,0.00110457954415422,-0.0361663721110395,-0.021092786189242,0.388591510844177,-0.0017688509317071,-0.00127670834130052,-0.0112453797196663,-0.0695009490946158,-0.0468271322818887,0.12448115757187,-0.0166887117365027,-0.00518509035228337,-0.0439441330108249,-0.0209214696534502,-0.0387432930458643,-0.0919012813501376
"NUMEX_BILL_MELTON_FG2012","167","2","9","4",-0.0305210626975119,-0.0150567006717491,-0.0991871166904636,-0.0514798726424048,-0.0995448386408653,0.00876606761256342,-0.0351971752443775,-1.726902238212,0.0171571262216066,-0.0163648533175411,-0.113734237021245,-0.0588076473542551,-0.0380255274844764,-0.822718552333626,0.000220478421276518,-0.0256306586530308,-0.0643693978989661,-0.458967405061926,-0.00419572992157036,-0.0132833958805903,-0.0477422065345898,-0.0319723905864309,0.237451050910468,-0.00359532933194587,-0.00555107213118099,-0.0134203743972702,-0.0760664454871523,-0.0625347982907812,-0.414215744657535,-0.0188354295943687,-0.00810732983860033,-0.0411266074225383,-0.0177231258415823,-0.0387316783286348,-0.0199471870987442
"NM1702PAR","168","3","9","5",-0.0415013056599125,-0.0198570758463681,-0.106192794844822,-0.064510164004149,-0.108017888145691,0.00463095742806012,-0.0510047854329681,-2.40447704463696,0.0130047020752869,-0.0231654355590585,-0.110875294336062,-0.0671156189459591,-0.0534877071408573,-1.54658274115326,0.00080333832662624,-0.0227577159632095,-0.0688693542208211,-0.919302272838759,0.00240227363568695,-0.019349066998872,-0.0473480205028966,-0.0407641456073058,-0.0296307175692532,-0.00184360688754561,-0.00863189372010086,-0.0132907898132339,-0.08158282218664,-0.0658298388548779,-0.764001990827786,-0.0167925938827393,-0.0127147986311294,-0.0462665481628113,-0.0147774195295966,-0.0418783169224701,0.0014922166760736
"AFX_779","169","3","9","6",-0.0264704607017151,-0.00417447056136208,-0.0812984629201078,-0.0383996309300544,-0.079920779693196,-0.0124462542790815,-0.0162696359563186,-1.61190736119982,0.0183578926956334,0.0048414433022001,-0.0797037059480378,-0.035667366585527,-0.0253802966580285,-0.962886379911347,0.00951537205324541,-0.00926583614659083,-0.0384045651465294,-0.256614149312571,0.00360686760682304,-0.0101388692024173,-0.0345964130451602,-0.024350512209932,0.174372691282642,-0.0102468799967098,-0.00765545341568041,-0.00664256183496796,-0.0691294569839246,-0.0512448182050779,-0.127564399283102,-0.0118579074209195,-0.00881963069748807,-0.0386094767025572,-0.00927782643719875,-0.0420539564841745,0.208515607625356
"SW_8421S","170","4","9","7",-0.00885567030351542,0.0147244681413607,-0.0621990355329859,-0.00174807006338433,-0.0487377568912222,-0.0119203928878557,0.0225710792494856,-0.399367998627399,0.0126137216006875,0.0261202020051272,-0.0561896210559381,-0.0135070110981823,-0.0025347767140893,-0.109439158727496,0.0119920098499746,-0.0020679953598867,-0.0176644523741412,0.385069738085836,-0.00193851494317235,-0.0100829641701728,-0.0268620547051122,-0.0157061006221124,0.539020137270323,0.00359368747700577,0.000376424236528159,-0.00273376855656126,-0.0574435356205332,-0.030989503971203,0.482852865300058,-0.00853908373215726,-0.00466218196932851,-0.0401867970874849,-0.0122042605948237,-0.0488475601692488,0.348929801707932
"SW_8888","171","4","9","8",-0.00428230482423386,-0.00235375269295171,-0.0541450729081633,0.00513495608017862,-0.0346186753544265,-0.0109017638383793,0.04767848181461,-0.0625035043627486,-0.00283566724951368,0.0214895959164339,-0.0123797940899582,-0.00358991134911099,0.0256089874162955,0.107810110025229,0.0138467481650455,0.00764189304954537,0.0173680548886611,0.506170571307077,-0.010105182043631,-0.00605226371325833,-0.0248153624870245,0.0018545688026279,0.599020112721359,0.0149565751986079,0.00673484615542494,0.00379048642633105,-0.0552348611242207,-0.030879755103726,0.333160180606546,-0.00888132125451562,-0.0197968266257467,-0.0436181473600702,-0.0127558560506729,-0.0517876051075624,0.173693144793869
"NM1703PAR","172","4","10","8",-0.0341149234286652,-0.0617863803627168,-0.108950570575991,-0.0533170854510327,-0.0962628240885144,-0.00900450280703223,-0.0713737689620028,-2.13353924439641,0.0401448876583335,-0.0396338062362675,-0.091733780403729,-0.0546333604607103,-0.0385465583844591,-0.770319701954657,0.0191143157514892,-0.0312824293294939,-0.0356838505889154,-0.82085625240627,0.0150795131762705,0.0263607452664505,-0.027662533311049,-0.0391298132205943,-0.328631936835883,-0.00341113154721671,-0.0178168998793125,-0.00332459069512957,-0.0611301864528818,-0.0305128947841684,-0.525875881896362,-0.00993560540012091,0.00593303688566082,-0.0490682852909226,-0.0120706749547112,-0.0175901925993708,-0.292333662523406
"SW_9813","173","4","10","7",-0.0259008352629639,-0.0537139914793915,-0.100748700971255,-0.0556782253242232,-0.0861899569524953,0.00417829309297551,-0.0909197280211068,-2.12064917323598,0.0441928121298493,-0.0306020213235881,-0.0986023411497176,-0.0536306701861523,-0.053040640712349,-0.922941222333158,0.0219412805454175,-0.0243370413578622,-0.0588631647935971,-0.676573308149389,0.0190580253015561,0.019542905929789,-0.0361416386648953,-0.0517316999127118,-0.0999627113456819,0.00321001683924704,-0.00134984177676421,0.00114947983715829,-0.0774811337935628,-0.058274133030819,-0.421784518451747,-0.0134496538753955,-0.01268753074676,-0.0585087930465054,-0.0197566135533841,-0.0579088132686075,-0.315665112717251
"TMA_990","174","3","10","6",-0.0207484203136723,-0.0390267237555842,-0.0969553258396901,-0.0460954259461528,-0.0785217092641871,0.0175632655436651,-0.0735138283529382,-1.48456935267963,0.0376415131962869,-0.0240943871285518,-0.0987194250597229,-0.039230365625547,-0.0209353023917476,-0.393871408262733,0.0330117968117493,-0.0156338251926185,-0.046851601045514,-0.0850571892790707,0.0127611077197337,0.0131299284613024,-0.0321233977289103,-0.0404737294114258,0.170292068908141,0.00258383396778001,0.000815804718704187,0.00124355585483938,-0.0747134164597465,-0.0517117408615847,-0.225365004571846,-0.00768712838596418,-0.00689960701799219,-0.0539294582364832,-0.0131821291535577,-0.0478773072153242,-0.254015190352127
"NM1704PAR","175","3","10","5",-0.0263283174913436,-0.0210203834835149,-0.105763658823643,-0.054479832949014,-0.0946604769083314,0.0465469349105189,-0.0966553882285665,-1.84381434046483,0.025778684219495,-0.0389533554735094,-0.117432900028761,-0.0623395453981131,-0.0559791716796558,-0.9402347178716,0.00328921181692991,-0.0356626374714431,-0.0716121720175349,-0.632014356793051,0.0152351138617433,0.000140290224368294,-0.0430967445260484,-0.0541164018322596,-0.0106195541926636,-0.00379278859914961,-0.00470565324519693,-0.00122590028503455,-0.0848057361271027,-0.0716488132810002,-0.693392772287528,-0.00941943969653991,-0.00855280132486908,-0.0508095742921757,-0.00789509284965103,-0.0419738808308456,-0.0952522349749637
"MESQUITE","176","2","10","4",-0.0294732586862424,-0.0151446516994301,-0.101089325554182,-0.0517233460471733,-0.0830742213480047,0.0460637337077007,-0.0847333570378594,-2.04710445511572,0.0226646514302684,-0.0387528284335658,-0.110092335673146,-0.0602182397852914,-0.0585697637728609,-1.40118882328445,0.00652639987035153,-0.0263257512059677,-0.0702530079515299,-0.908478756248215,0.0172117222545851,-0.00527913601438612,-0.0410557312469226,-0.0608999119186046,-0.113979043638303,-0.00859173484015984,-0.0076637782566031,-0.00128671028964641,-0.0897151443099949,-0.0712551646920147,-0.780614355751212,-0.00780222834647226,-0.00921765523906505,-0.0549186748554729,-0.00295993627586165,-0.0407207620325073,0.0335543143380851
"TMA_990","177","2","10","3",-0.00535049762033209,0.0160116972046546,-0.0583199355914377,-0.00299751065443302,-0.0373576798942796,0.0241067297247835,-0.0239423122244413,-0.774227986801292,0.0259341618321922,-0.0054114968480226,-0.0757295538741214,-0.0196224280233084,-0.0269516338436274,-0.717072130565237,0.00923004123275357,-0.00665769846706436,-0.0347920570563344,-0.051638437770968,0.0163079730077836,0.00800328301801077,-0.0249002596692602,-0.0359468916428562,0.255993003569818,-0.0225540992799801,-0.00506205011870312,0.00504350668066393,-0.0750806635081558,-0.0486321227507488,0.144914308136022,-0.000674505090180185,-0.00082743867931746,-0.0448786771612566,0.00422436816520409,-0.0383540631903114,0.343652314503424
"AMERISTAND_803T","178","1","10","2",0.0135742113540686,0.0318673497558193,-0.0372954823790402,0.0373306577614337,-0.00792007667691648,0.0199255620277208,0.0135626752954425,0.560724229022461,0.0204607582947507,0.0125969060705622,-0.0542867829867943,0.00325045528644591,0.00231793930459016,0.313286202423605,0.0159367166834009,0.0073267501716183,-0.0124073555782975,0.798017803343742,0.00417423438402977,0.00963457227077129,-0.0166668604137635,-0.0225287711810954,0.739025941003997,-0.0107283535960934,0.00362245430648908,0.00715988886497199,-0.064353276060631,-0.0281824222625914,0.904323969891594,0.00312117796417019,0.00476891092984576,-0.0447152808412301,0.00131450145676458,-0.0439677457803533,0.544535127386628
"NUMEX_BILL_MELTON_FG2012","179","1","10","1",0.0114880306010693,0.00544271286749616,-0.0389944524619755,0.0296852519901699,-0.00978637507695957,0.0122243486033459,0.0231887152964576,0.589099437571128,0.00299100807386566,0.00693382735543849,-0.0138825081355864,0.0110862973358813,0.0257283622697492,0.490265027640869,0.00903750665276297,0.0118997484721699,0.0178324492781665,0.953439929635913,-0.000523429632458177,0.0129072007630843,-0.0156843626983227,-0.00219982626932686,0.835922358826793,0.011271822281296,0.0103239004750029,0.0135290236160459,-0.0617506308932927,-0.0256297031550791,0.809294034074612,0.00298999606210411,-0.0100657320785197,-0.0467258332227256,0.000196374802988128,-0.0445381359056806,0.40704099776077
"NUMEX_BILL_MELTON_CA_2019","180","1","11","1",-0.0273574588637091,-0.0431218401096609,-0.0939993432837558,-0.0314403740036514,-0.0743369434893605,-0.0186959022005412,-0.0397818626326243,-1.39852597655222,0.0342348938318205,-0.0369285229181567,-0.0812868892429652,-0.0464158134550817,-0.0173134844233481,-0.528092350605841,0.0296037028812574,-0.00454633549423799,-0.025551098088508,-0.758397688384837,0.0205654457031228,0.0235524355996904,-0.0249629148721177,-0.0485483499870568,-0.475970125745306,-0.00272258474590227,-0.0172140037121762,0.00153963500784977,-0.0564138033349629,-0.0261513461300874,-0.495023849030054,-0.00755510798637627,0.0102450638066084,-0.0533571489423028,-0.00237611404214549,-0.00798243785240859,-0.330013983134046
"NUMEX_BILL_MELTON_CA_2019","181","1","11","2",-0.0156994633644967,-0.0313358511685748,-0.0862569439185213,-0.0330531996236148,-0.0643709149575975,-0.0182646992119241,-0.054358549584383,-1.34309350132144,0.0372601701093025,-0.0230211092530394,-0.0887749588168208,-0.041369536944178,-0.0267590279429123,-0.578672044344638,0.037864014164874,-0.012736130212646,-0.0494753052866883,-0.588979033141842,0.0159496912057833,0.0204406352188225,-0.0313939315762568,-0.0599573870954141,-0.194055215739333,-0.00624957112418062,-0.00140135573308495,0.00636927785702616,-0.0734299334884859,-0.0553228457668672,-0.314829354093562,-0.00733913880435811,-0.00617519851393835,-0.0623784648520897,-0.0119421570825911,-0.050114936406821,-0.330214259254865
"NUMEX_BILL_MELTON_CA_2019","182","2","11","3",-0.0198823941112219,-0.0286298319245745,-0.0860198077888965,-0.0362558830711266,-0.0688364910827998,-0.00773983645927616,-0.0619342827210497,-1.26468063207763,0.0308977308188036,-0.0200967170548977,-0.0940886155667133,-0.0360698090144364,-0.0225051367164486,-0.599273042579991,0.0334293905500108,-0.0224342201700968,-0.0519298109719663,-0.374655791133787,0.00987647354401533,0.0154757368250919,-0.0293202733917463,-0.0536701692712872,-0.113312232603521,-0.0145388931502144,-0.00100869409024623,0.00476255655509193,-0.0753229316470389,-0.0574582729118665,-0.256326912631372,-0.00512486190961694,-0.00468115913608021,-0.0626816904747897,-0.0120902198687676,-0.0497592322342092,-0.345135179243515
"NUMEX_BILL_MELTON_CA_2019","183","2","11","4",-0.0301660380953119,-0.0247143007420212,-0.0955753322413958,-0.048510679924692,-0.0923210392805061,0.00560836446320203,-0.0943517782480663,-1.77719996632421,0.0182550708446765,-0.0377077098587293,-0.112880576605679,-0.0643278971444762,-0.0632984077267105,-1.2181394389473,0.00170620848417871,-0.0443549828100864,-0.0801629810273652,-1.02634289885485,0.0244337286551581,0.00425613009200183,-0.0408375177041318,-0.0721825356760631,-0.37204222504474,-0.013909142028355,-0.00906476237155255,0.000550878573045177,-0.0889280451533327,-0.081727500324492,-0.719802480421697,-0.00699970319707695,-0.00659058039221236,-0.0628872825039174,-0.00808938314175005,-0.045316712207976,-0.178678002753053
"NUMEX_BILL_MELTON_CA_2019","184","3","11","5",-0.0313533130506426,-0.0202277238303083,-0.0931731977084256,-0.045899948378142,-0.0757031953419621,-0.00015049041147495,-0.0672265603152764,-1.87926715898525,0.0162840836648169,-0.0359051814968076,-0.101627856451674,-0.0542995267995015,-0.0492722251377692,-1.48603117516993,0.0127033807636211,-0.0252349800048301,-0.0667332336354639,-1.08240048724601,0.0236591425475805,-0.000974304412614644,-0.0373097921073869,-0.0746533705954897,-0.395073778008641,-0.0208465657287466,-0.0132394738934319,0.00080866112823553,-0.0924964214635311,-0.0790855136687944,-0.643418579249338,-0.00554228262871473,-0.00648848335908954,-0.0633394685471345,0.00290279877578106,-0.034455465188555,-0.0169041708066509
"NUMEX_BILL_MELTON_CA_2019","185","3","11","6",-0.00556287839269975,0.0126757897147691,-0.049549066611768,-0.00155009927582186,-0.0304328296872374,-0.00787912655005881,-0.0114704034429676,-0.5364156052938,0.01960940024038,-0.0045670740206227,-0.0690427927265416,-0.011971938210475,-0.0175886489496041,-0.790038329737936,0.00964570117548588,-0.00663155206863172,-0.0290021656038338,-0.0367029654769757,0.0155343824367692,0.0137932092812177,-0.0203826458226403,-0.0457322936179501,0.073885674377607,-0.0342559173515502,-0.0107393987874412,0.00774976348316851,-0.0759821758399505,-0.052252184232109,0.411675360850359,0.000967583122888345,0.00194058920942204,-0.052058741085245,0.0118227826318597,-0.0310166215713436,0.333919135368474
"NUMEX_BILL_MELTON_CA_2019","186","4","11","7",0.0114857600658777,0.024943499577228,-0.0333322093978276,0.0339076398014239,-0.00870894740542104,-0.00177663674666524,0.0116948442992763,0.502770543046401,0.017776586837653,0.00822800342266516,-0.0504837271332261,0.00757655565549903,0.0107108529665,0.236080355438263,0.0288192013965104,0.00901377455808887,-0.00841621896083145,0.818933571803531,0.00236785730885829,0.0159957556948818,-0.0133924541551875,-0.0325397861034893,0.552026308714474,-0.0275877255914264,-0.00219281407956759,0.00925257486161958,-0.0671160707341911,-0.0354130432358643,1.14477923516878,0.00621812611681633,0.00794389596446492,-0.0499853151147312,0.00942382928893271,-0.0348568726308652,0.517311244886463
"NUMEX_BILL_MELTON_CA_2019","187","4","11","8",0.00173537227067231,-0.00536064839543905,-0.0457823339120665,0.0160071325841661,-0.0264345297983686,-0.00242004346910048,0.00134680337267275,0.0382142252699099,0.0030879660427263,0.000817232095103737,-0.0148685918259131,0.0101904797298754,0.0235026067539844,0.270795649475909,0.0159052027560111,0.0103675170658224,0.0155816002837204,0.890021666286678,0.00169933115980174,0.0178928335319973,-0.014196938841712,-0.0117351000550946,0.616999324418316,0.00175954060146095,0.00424019792464264,0.0160868599328778,-0.0642041514213192,-0.0335425746679338,0.963754148455321,0.00473928729987841,-0.0103580839684563,-0.0502270028136944,0.00688346211413691,-0.0387910521953012,0.367925658279754
"NM170506PAR","188","4","12","8",-0.0211966759014363,-0.0293475127040879,-0.0669869617646051,-0.0232223533169158,-0.0526914973579731,-0.0313880216800483,-0.0235814457362561,-0.945445459509557,0.0251264565974175,-0.0323815495753943,-0.0716433498585016,-0.03766423748675,-0.00588518093730319,-0.222718729455377,0.0240841668084936,-0.00362922589276254,-0.0208338488711127,-0.384185133704301,0.0108816741357291,0.00900739502835437,-0.0261878321926096,-0.0556852908885899,-0.178908482936238,-0.0141637741259195,-0.0246072404952949,0.00361590363953234,-0.0566544503270708,-0.0340184964958416,-0.278480744426078,-0.00821769771173793,0.0215316407510475,-0.0576764171995125,0.00527401291901954,0.000823557340187319,-0.260126065457001
"NUMEX_BILL_MELTON_FG2012","189","4","12","7",-0.00331709602719389,-0.0107873977072077,-0.0579764226473648,-0.0254273959680113,-0.0492181923279922,-0.0301758055520658,-0.0502056403616603,-0.72468779427823,0.0273166586241191,-0.0137709272422667,-0.0809391990262999,-0.0293278190555202,-0.0191494495596687,-0.0869462749707209,0.0243965981154601,-0.0262136880119693,-0.0464899605367567,-0.155574556625692,0.000975782595523028,0.0082970026111303,-0.0313242952089252,-0.0672411234225828,0.161036398499872,-0.0169964025597836,-0.00790453158818305,0.00936708250539864,-0.0724010650127671,-0.0633601783853897,-0.0418917334225841,-0.00406575325086927,0.00605290035081577,-0.0649836691174527,-0.00560997379943898,-0.0422546566159666,-0.203967694579278
"AMERISTAND_803T","190","3","12","6",-0.0128441968153045,-0.0144446202417846,-0.0589939041836536,-0.0325440709562573,-0.0598036599386058,-0.0156060764886294,-0.0627117673751794,-0.968497393470316,0.0221132722017573,-0.0124226093886743,-0.0905544562668301,-0.0292677349191395,-0.0321983234120023,-0.496261306696339,0.0123828684446022,-0.0478712128352394,-0.0601914297093601,-0.195035362294755,-0.0144766643332252,0.00429977686679989,-0.0320850980963392,-0.0658527022817468,0.0855187750251652,-0.0332772025806545,-0.00892429954219221,0.00648383947998594,-0.0770260499732144,-0.0696702934858868,-0.0864300680108118,-0.00392012245884791,0.00457931868430592,-0.066822840438388,-0.00971070330318535,-0.049227457908123,-0.255622725256329
"NM1701PAR","191","3","12","5",-0.0241959848658717,-0.0152031457877179,-0.0657907701570322,-0.0373268428438157,-0.0780435017323351,-0.000832741356195886,-0.0769764845519766,-1.55635068969957,0.00833869787624799,-0.0294806273751167,-0.10641513155555,-0.0545543029931334,-0.0646177387511758,-1.11653245948898,-0.0065763688340929,-0.0528542525776966,-0.0814220345724332,-0.821489229086938,0.000910144961735222,-0.00543070159243014,-0.043007737778357,-0.0820634022212147,-0.204765644557664,-0.0366733175703603,-0.0179962262679222,0.0016735731447256,-0.0911069920736821,-0.0912521941191539,-0.48712109923488,-0.00651977276015823,0.00285111613599008,-0.0681091392566302,-0.00750280856685471,-0.0475897180206229,-0.0751761128353974
"NM170506PAR","192","2","12","4",-0.0259938597955679,-0.0179065205823951,-0.0677303242683467,-0.0411963904646127,-0.0673932965619242,-0.00560840453019306,-0.0550802238279273,-1.73027342657714,0.00785064842733478,-0.0290062602894269,-0.095179376118838,-0.0423814431202297,-0.0436508742387916,-1.26306329228601,0.00812735656594229,-0.028428547643224,-0.0614882177595796,-0.802153769351962,0.00205525899344999,-0.0116322692914249,-0.0399558640342532,-0.0832347551550435,-0.177130603666165,-0.0422573589546861,-0.0227044552789595,0.00195395505741607,-0.0943973896817352,-0.0917184169272877,-0.437666528413578,-0.00577675758548632,0.00267612994449311,-0.0661216048690927,0.00552240152761103,-0.0342869866846523,0.0954591817497393
"NM1702PAR","193","2","12","3",-0.00135255431680458,0.014751066241269,-0.0259286646174579,-0.000204492753536143,-0.0248835007215015,-0.00336091241115731,0.010841059435086,-0.238139459388925,0.0101313212031206,0.00207441234951704,-0.063360441948508,0.00193676296824176,0.0019729836692678,-0.467879773645762,0.0099213678861615,0.00203863735460039,-0.0180683090284554,0.343167240101109,-0.00546834265759588,0.00434245965176971,-0.0225254840642048,-0.0483494980545952,0.365773730575079,-0.0482207193262423,-0.017870484719838,0.0105379692402292,-0.0747258443156848,-0.0584645474325438,0.718738616240661,0.00252122959108464,0.0104083320440746,-0.0522620895046381,0.0182440687690045,-0.0262923497642991,0.487828619079094
"NM1713PAR","194","1","12","2",0.0100820374792876,0.0184854114560449,-0.0158048304430668,0.0287829514202435,-0.0124811976030921,0.00492339504677455,0.0167318425023184,0.542327912442943,0.010129101223376,0.00715054993367113,-0.0521943349179569,0.0142670688929889,0.0219575231463878,0.425180233473622,0.0262689242627494,0.00984035628902176,-0.00279020722272829,1.05336034759654,-0.0130652831741788,0.00766835837501388,-0.016553543357976,-0.0372319857772406,0.817614595667365,-0.0426509181608522,-0.00989424781091571,0.0109461299417074,-0.0673869814521685,-0.044905458674972,1.31308307107491,0.00569919993752797,0.0137875310442735,-0.052031603697906,0.0153124036028845,-0.0305530239034069,0.634203559506586
"NM1705PAR","195","1","12","1",-0.0044177136912021,-0.012504084476952,-0.0364818214098121,0.00373601521621938,-0.0401825112644965,0.000172423073642457,-0.0102181070968338,-0.111474671633207,-0.00209446889086271,-0.00331461220699981,-0.0230922742921903,0.0125963810193642,0.0312324756836406,0.45227496533279,0.00169932702661758,0.00635361523269949,0.0193517127040624,1.09979958388285,-0.0135183849555261,0.00972922540868439,-0.0181166553519779,-0.0161088023910537,0.902404031200584,-0.00186245357472542,-0.00340355715967927,0.0186095698743353,-0.063334043499188,-0.0412560348664036,1.11059895436484,0.0033213339478634,-0.00765539848204323,-0.0500999523142337,0.0142236855044221,-0.032729287106673,0.493125405577776
"SW_9812","196","1","13","1",-0.0354813293934216,-0.0526556140414625,-0.0798722991019842,-0.0477721825027987,-0.0662939250603741,-0.0170307806738994,-0.0226238948285394,-1.47812947463516,0.0316828881384645,-0.0448348695660993,-0.0807160258246483,-0.0389734164205627,-0.0151256149139969,-0.824997915777163,0.0023598525631367,-0.0200427248988108,-0.0171390704334911,-0.687201518336282,0.0138443758318358,0.0143938119332011,-0.0240240864365604,-0.0326275808533339,-0.416745147644493,-0.0257459115588243,-0.0356131182620256,-0.00391576924579851,-0.0583992987232753,-0.0294512340195453,-0.332689164889898,-0.0154625550362417,0.0203567007085463,-0.0667386995428227,0.00219487665014068,0.00232001470675367,-0.248102886046924
"NM1712PAR","197","1","13","2",0.00636313037495597,-0.00160889127449183,-0.0475196669661816,-0.0152668238575918,-0.0329709225695087,-0.0184451539904895,-0.0144398614224823,-0.203803511000192,0.0343743673934167,-0.00961844455825346,-0.078129688299079,-0.0176690904731106,-0.00738822528553988,-0.106756518228807,0.0404712762757905,-0.0221442234379937,-0.027671914664874,-0.00999824334933364,0.00105390045692801,0.0187710340636633,-0.0228353395152163,-0.0359032928352239,0.18018293866143,-0.0202861484182611,-0.0150247702321305,0.00648706148803944,-0.0671521171962925,-0.0501906223632791,0.259029301592528,-0.00438095964373942,0.00767298697020991,-0.0684836154406804,-0.00710706081001232,-0.0398324470306842,-0.0914311755692306
"AFX_779","198","2","13","3",-0.00208799991195043,-0.000534361206738233,-0.0401684611346729,-0.0146811028276448,-0.0340913706755431,-0.0120764245143378,-0.0238127118530316,-0.350255098490539,0.027583438723915,-0.00675394263411987,-0.0862764841230429,-0.0205708016581069,-0.0361463936201462,-0.697845446461698,0.0126184074475181,-0.0424079783904584,-0.0473628162336596,-0.142128386446981,-0.0139714266197544,0.0172109978979209,-0.024454353547909,-0.0381258870422544,0.074717933493188,-0.0355066509514375,-0.0146841349779469,0.00490550723954013,-0.0716987828743906,-0.0595341303209596,0.164349570738024,-0.00377326510745298,0.00552301770466933,-0.068681002664534,-0.0113310015576737,-0.0477902543301302,-0.155962052304542
"SW_8421S","199","2","13","4",-0.0143477742251002,-0.00294283887145088,-0.0429428579864008,-0.0199413225908227,-0.0478397254909584,0.00548402730869905,-0.0499791517482052,-0.909150449024013,0.0116621122157374,-0.0235379881856885,-0.102134447122068,-0.0468965500248751,-0.0722851331406654,-1.28195571112251,-0.0185433949650306,-0.054775149544589,-0.0717913840812203,-0.650697698141241,0.000693336206297494,0.00912942398500287,-0.035455545112672,-0.0564707432070121,-0.194304513655354,-0.0417999317825727,-0.0233676947996059,0.000413621604163813,-0.0858325331026697,-0.0837121626948885,-0.201597726971026,-0.00940790084586141,0.00348372092530213,-0.072640328502133,-0.0146846560254859,-0.0546028978065483,-0.00600708321722802
"SW_1011","200","3","13","5",-0.0180520105000401,-0.0129207243969023,-0.0484769511071877,-0.036755240851645,-0.0447155934576295,0.00601129314976527,-0.0495568851289483,-0.984259168720782,0.0116504832051954,-0.0243364445662474,-0.0902927326854699,-0.0358550544346965,-0.0556873391443235,-1.32770644298613,-0.00665033145366569,-0.0342980861409183,-0.0546532337110283,-0.467343789476364,0.00819602488646951,0.00283955214712139,-0.0333962640778798,-0.0593271212197398,-0.0753893860028473,-0.0438464675312423,-0.0277752181533854,0.00178774613988203,-0.0882422338523133,-0.0906418205919583,-0.187489677401481,-0.00999415094735575,0.00321670729570398,-0.0710934459407698,-0.00566770036278551,-0.0490224125498117,0.105394163945025
"SW_9813","201","3","13","6",0.00529832292248715,0.0204521627904719,-0.00827721390804991,0.00479376672141427,0.00486983235431596,0.00791432292801951,0.0197201249157721,0.690066897849964,0.0122131724679253,0.0112798913841446,-0.056098443821801,0.0121957442225405,0.00102944068993027,-0.359540731989914,0.0125835973524731,0.00402373264126604,-0.00687877493800742,0.802301080378939,-0.0016590999703865,0.0204526912630285,-0.0155983449907303,-0.0184111550425647,0.554862556281294,-0.0415860282376912,-0.0197617571896061,0.0126227917032694,-0.0651456842920645,-0.0503398670037082,1.03618148564394,0.000943716055060956,0.0105618334766374,-0.0554842492811517,0.00831377574449045,-0.0392975099541582,0.49953981810483
"SW_9812","202","4","13","7",0.0158792713780075,0.0205473412004035,-0.00221739708381221,0.0330162852590998,0.0127471524037087,0.0230618743174925,0.0356126236787193,1.16964743565953,0.0111239729875146,0.0168315723104433,-0.0475359713932876,0.021892572240215,0.0232671017721071,0.468545289240347,0.053175087073284,0.0170843668002711,0.00945585236105877,1.3815916333811,-0.000163058806425617,0.026497761265879,-0.00887411260781282,-0.00472894160254269,1.01238371178072,-0.0289712071344185,-0.00986655349604364,0.0134733765956632,-0.0555729612385855,-0.0352071521043095,1.53150246694205,0.00674691113843789,0.0155949130333953,-0.0547962507750628,0.00674639514053753,-0.0419637122442003,0.62311113793255
"DONA_ANA","203","4","13","8",-0.001116994163337,-0.00832306736229732,-0.0271469766286872,0.00909893606149719,-0.014818328559105,0.0342252171829061,0.0129067288897848,0.459841321861779,-0.00424013534302761,0.00686655953363707,-0.0209636633490947,0.021087328591453,0.0417847977760309,0.730350519041426,0.040468385642108,0.0250316667659563,0.0340380825581861,1.55382153424001,-0.00428817595430088,0.0291183207180876,-0.0110781144237011,0.0160933251619448,1.17801948324576,0.00767563791451309,-0.00339136650462942,0.0222229721150072,-0.0495473938262977,-0.029567083263188,1.37788148673308,0.00533583302146489,-0.00541690885346028,-0.050799994355934,0.00965968575698183,-0.0359017718046978,0.50942258017977
"NUMEX_BILL_MELTON_CA_2019","204","4","14","8",-0.0261618713643001,-0.0184818492262634,-0.0559094743630654,-0.0233491219030735,-0.0587743670833552,-0.0170611346782733,-0.0104014838003077,-0.935991299666374,0.0212508740791554,-0.0395524772847529,-0.0741656231098475,-0.0380084528438215,-0.0271675813115938,-0.400506373780676,0.0109328994610761,-0.0295626703340944,-0.00747596319230264,-0.240513223182805,-0.0059447385214673,0.0288837036533019,-0.0243687034735482,-0.00844611307949965,-0.146331060843501,-0.0155671618608514,-0.038565306751928,-0.0132650991162147,-0.0500634164912687,-0.0153017832496143,0.0529097101253105,-0.0100703502048164,0.0208591590597976,-0.0723766333680761,-0.00382477620670266,-0.0074464673247109,-0.118925817114891
"NUMEX_BILL_MELTON_CA_2019","205","4","14","7",-0.00324865695544917,0.0132754813328239,-0.0373838003733546,-0.00576619156582518,-0.0439996028095411,-0.0268416573320629,-0.00253488250506957,-0.0430529745416045,0.0252162844903483,-0.0122899867951191,-0.0773303283867838,-0.0207833833374608,-0.0239281307166951,-0.0473195268310029,0.0223803337854811,-0.0342975612040238,-0.0174324114256472,0.135632808921289,-0.0208693413534514,0.0307694742458366,-0.0273536775060436,-0.00951902938638662,0.294911973952977,-0.0153653279622609,-0.0239674379028579,-0.00752769082846867,-0.0635540969203427,-0.0420236647057201,0.394931708912851,-0.00584265123608282,0.00204617395841362,-0.076244095641769,-0.0127750406620587,-0.0395780266858612,-0.012554537562124
"NUMEX_BILL_MELTON_CA_2019","206","3","14","6",-0.0131587001959446,0.0160171436998743,-0.0302367551263185,0.00181082669513712,-0.0456388298759314,-0.0264818163813733,-0.00757237592450177,-0.242849829004069,0.0197484309676345,-0.0109489587696086,-0.0842472570842146,-0.0257027237168529,-0.0534150815082439,-0.797654829315257,-0.00188751753772327,-0.0437088855801813,-0.0371819042661673,-0.122828225990144,-0.0310323752757783,0.0303554788847733,-0.0300802975483689,-0.011358499061099,0.0912193791903977,-0.0265985969583134,-0.0240377276429029,-0.00887859369272371,-0.0683552993849991,-0.0480145839323858,0.248084238626043,-0.00503369504632877,-0.00132911113091102,-0.0738397074129772,-0.0142938003147057,-0.047255272723282,-0.0991549642033115
"NUMEX_BILL_MELTON_CA_2019","207","3","14","5",-0.0312524105794842,0.00418745237342596,-0.0391280110872539,-0.00844372772009275,-0.064242149722426,-0.0100172489542889,-0.0369985232033304,-1.19423736465827,0.0040481129289548,-0.0318428287491199,-0.105217430473862,-0.0566914286313733,-0.101813534082632,-1.58278653473001,-0.0479098479219884,-0.0614178779651758,-0.0623392655582541,-0.748056927205752,-0.0111543243720394,0.0226235693439708,-0.0411822644947617,-0.0267190463646509,-0.276262788387991,-0.0317700380396844,-0.0325419928967393,-0.0141981891953736,-0.0836051771485685,-0.0736007901553956,-0.175977118784161,-0.0130142336351814,-0.00547936532043906,-0.0787617868297052,-0.0189535789069813,-0.0556973841549558,-0.0140810482248018
"NUMEX_BILL_MELTON_CA_2019","208","2","14","4",-0.0352334506255677,-0.0110768966251454,-0.0498541998375584,-0.0286347968786369,-0.0715359755634058,-0.00595779445638858,-0.0310010519692778,-1.27703342766793,0.00647588738909266,-0.0349965313884744,-0.0937091338714439,-0.0454545316264244,-0.0786998726233612,-1.4378468896434,-0.020493824194867,-0.0443050854096192,-0.0452639146223073,-0.546927206672105,-0.0107164149861841,0.0141678388556534,-0.0413656134391399,-0.0257913156141994,-0.178848690439837,-0.042758255135398,-0.0380689970735403,-0.0136512024415536,-0.0862494392083569,-0.0817530179764142,-0.261097738478278,-0.0144838820091097,-0.00742659969676633,-0.0786343182272108,-0.0109987766943373,-0.0520481631434434,-0.000714049401472589
"NUMEX_BILL_MELTON_CA_2019","209","2","14","3",-0.0194626525305108,0.013509689263473,-0.0196751389678829,0.000441600464920516,-0.0365592302523822,-0.0123350261571572,0.0304097252681516,0.0407913065496906,0.00864821569715733,-0.00477383070724872,-0.0648713655075544,-0.00361971077017704,-0.0217305822889417,-0.633218230129921,0.00607363504035423,-0.00864971388059248,-0.00129487679400852,0.488126202633567,-0.0258598623187602,0.0295005590391145,-0.0274767495620747,0.0177367362028057,0.289603669571913,-0.0410620738962391,-0.0305280917116212,-0.00505209057502427,-0.065368617358295,-0.0444634024375121,0.725137634645448,-0.00453279040871279,-0.00409833615299621,-0.064983181628305,0.00246678878118098,-0.0425933460383041,0.321622076452869
"NUMEX_BILL_MELTON_CA_2019","210","1","14","2",-0.0204221405374325,-0.00372406275626003,-0.0328038856058045,-0.0069223825470104,-0.0611048556537399,-0.000459348864050968,0.00389355392060479,-0.232428069943375,0.00760684722650919,-0.0111097343509193,-0.0684866081272884,-0.00789871505834433,-0.015713366233502,-0.243790896925193,0.0352873109335672,-0.00473718081976462,0.00555565247148999,0.627797149177411,-0.0206413973214208,0.0336920593203383,-0.0254958579231672,0.0272134446853788,0.529547491396117,-0.0297413385602641,-0.0226152317023542,-0.00823334910152831,-0.0610790258966789,-0.0393196306467206,0.857091011997532,-0.00205171218136378,-0.00120572283043201,-0.0680474256683975,-0.00195402126371438,-0.0461888522605057,0.317827407180877
"NUMEX_BILL_MELTON_CA_2019","211","1","14","1",-0.0341390054382762,-0.0266397223366226,-0.0594975557200102,-0.0328863793766756,-0.0860544611477271,0.008816577042964,-0.0315725355801822,-0.91218591101096,-0.00842359252891003,-0.0224825827427338,-0.045391145923971,-0.0112545801334528,-0.00517366846430246,-0.0462042564914992,0.0204579032739131,-0.000516461328861215,0.0279400145774449,0.797583455495029,-0.0258653460857019,0.0355628041230527,-0.0294574321685355,0.0415087821862405,0.628902943696027,-0.00465930145502651,-0.0175088252640369,0.00108023684282339,-0.0572768703045045,-0.0405301225207005,0.666571064347426,-0.00656491965000317,-0.0239846135393233,-0.0654213076851002,0.000201611110305622,-0.0432569075693953,0.183916699516693
"NM1701PAR","212","1","15","1",-0.0265932824725297,-0.00818604305941779,-0.0574149457476874,-0.0105594992292691,-0.0543548866650718,-0.0207286972947961,0.00380561044886428,-0.8418123883209,0.0309041522391875,-0.0388628361381432,-0.0598363422013827,-0.0201326914863265,-0.0158987363266771,-0.00586818603144644,0.0183533984538482,-0.0352914887561539,0.0166872890985346,-0.161325418540263,-0.0163604071363347,0.0474467258255635,-0.0234805498592584,0.0101581574089365,-0.00719671276590109,-0.00830788751966586,-0.0349213281882632,-0.0219216892377527,-0.0210123112876433,-0.00676076893260836,0.289135092215576,-0.000560419838424844,0.0185458746408348,-0.0477706029022783,0.00250016945738088,0.00433020124035366,-0.0789469278699309
"NM1715PAR","213","1","15","2",-0.0146639100678554,0.0118732323822836,-0.0434257334507535,0.00346665380519029,-0.0447629545258699,-0.0268628289838036,0.0074942288614553,-0.184892724098518,0.0358494787332971,-0.0161944796512869,-0.0608586480574017,-0.00274106784948504,-0.0146913475860183,0.194143402071397,0.0186852436274553,-0.033662267700239,0.0120062212606777,0.15358537248636,-0.033363282989439,0.0466626204035484,-0.0301068240838487,0.00947522456983469,0.345371886739781,-0.0137847564756308,-0.0256790451538264,-0.0201463499189364,-0.0335969679180746,-0.0316809920720951,0.477308351921817,0.000229780801945071,-0.00545954557300911,-0.0534590616799559,-0.00632340352259815,-0.0208051141761274,0.0297001887310489
"NM1703PAR","214","2","15","3",-0.0258642401319465,0.0156038224145084,-0.0325944678002353,0.0116336752949844,-0.0458702320846769,-0.0279416480582922,0.00374316652387249,-0.297556849209535,0.0312099341172501,-0.0160355335212749,-0.0613694548151345,-0.00718344768183293,-0.0401721144433342,-0.507058875471339,0.00794432631483835,-0.0251054635138236,0.00162679421230016,0.0471384129151216,-0.0393256643904989,0.0472726396498634,-0.0343968079861397,0.00557448711039476,0.186525944414842,-0.0265054699548396,-0.027541543308971,-0.0225277329443411,-0.036822226185624,-0.0320737879431135,0.412028259816082,0.000113430778992233,-0.00945653712063612,-0.0493169414425343,-0.00686423723645644,-0.026673204528258,-0.00232715776450488
"SW_9812","215","2","15","4",-0.039519040251077,0.00903301909844253,-0.0378396080236492,0.001615683625411,-0.0585809056313814,-0.00868430240147955,-0.023270189284458,-1.12299257942187,0.0160712260744619,-0.032001811846225,-0.0790755827071854,-0.0333291175264307,-0.0864180704971992,-1.07515355437677,-0.0326427551344431,-0.0342040415999171,-0.0164416309334817,-0.346561306197125,-0.0260317777628127,0.0414931117550878,-0.0448088441475823,-0.00830417183201887,-0.066462466032841,-0.0307841061658015,-0.0349851289843911,-0.0281244848298818,-0.049327019072081,-0.0520274883838713,0.184056217010818,-0.00702517525482922,-0.0122231701710734,-0.0521716837493977,-0.0109593803841219,-0.0339677032620556,0.125048791248138
"MESQUITE","216","3","15","5",-0.0392692373412157,-0.00414825797696178,-0.0476458963961625,-0.0169023093122339,-0.0727033026433378,-0.00136809490900193,-0.0286291997693192,-1.08955801655985,0.0198699352528751,-0.0359199351803176,-0.0721176269901122,-0.0243153253357747,-0.060426489586496,-0.677575789167935,-0.00892276751753667,-0.0248205410084557,-0.00825666957379128,-0.1177952766038,-0.0286595980981129,0.033364655300522,-0.0472690877559974,-0.00827713415739717,0.0903472754889567,-0.0368500387004553,-0.0380980471011282,-0.0282419992256932,-0.0513895985399877,-0.0585815476127812,0.105878277436631,-0.00939609832404135,-0.0132925347521055,-0.0546565437891296,-0.00876357206386015,-0.0359984918762409,0.129776741500018
"SW_8888","217","3","15","6",-0.0303061285170015,0.0135306880957019,-0.0252737879554985,-0.002302713651713,-0.0491196824241864,-0.00686984927320224,0.0100189402718608,-0.177473913173068,0.0202403531523143,-0.0091802084606348,-0.049771931083244,0.00631448366613382,-0.0233400259277206,-0.252859168294249,0.0199136903610128,0.00199855840790131,0.0232319980279359,0.687265712068287,-0.0415485626210575,0.0477071898902805,-0.0373397230778199,0.0310012369748506,0.444105752548875,-0.0287703356150266,-0.0309616075850208,-0.0228246548677499,-0.0338425242051308,-0.0288051869521263,0.945209821095832,-0.0023989585558486,-0.0126818286394733,-0.0415446220433781,0.000479366350839504,-0.0259258119126332,0.437387815840716
"NM1705PAR","218","4","15","7",-0.0276296717277832,-6.64954089865122e-05,-0.0405126201486234,-0.0172860508360848,-0.0748737463762275,-0.00250693354621841,-0.0221865134764645,-0.558695947216617,0.0175254038696538,-0.0183122698239292,-0.0577740488427297,-0.00359990482542367,-0.0217708455186191,-0.0329696109358795,0.0492570502467284,0.00624082052233742,0.0231626338483222,0.709298463187876,-0.0358368631747191,0.0526724892338295,-0.0375810397995889,0.0377642173558141,0.610843314781981,-0.0174780406235138,-0.0252284802933951,-0.0294848657712569,-0.0339023879874625,-0.0274356170361805,0.91629030693168,-0.00470548456514938,-0.0114651538556446,-0.0466362526119766,-0.00808986982032526,-0.0305416295107457,0.35236163975494
"SW_1011","219","4","15","8",-0.0321050716785779,-0.00655933116409872,-0.0579082405425482,-0.0227672342212853,-0.0749396226550512,-0.00241239910128384,-0.0246569055700508,-0.867723942342967,0.000408739895578687,-0.0242439527674008,-0.0299187317912975,-0.0013736391407276,-0.00504827019545004,0.277691911299118,0.0438941675374456,0.0237395306185718,0.0463051044481937,0.991607888893688,-0.0423571629139658,0.0561126958625039,-0.0398139666700647,0.0514165915532512,0.741476757074603,-0.00586917856235758,-0.0208158193034655,-0.0180320018149764,-0.0288140203856425,-0.0241361812486394,0.821011413278375,-0.00978472374955666,-0.0337143048921168,-0.0406302980984922,-0.00311957910674598,-0.028531469972772,0.231669350194148
"NM1715PAR","220","4","16","8",-0.0111744711568684,0.00960483181493284,-0.0352598069355965,0.0153536194821651,-0.00947627655291087,0.0115469570252929,0.0238111170750194,0.224486168722715,0.0188033695331764,-0.0255702648183408,-0.0150504415788908,0.00494642489102622,0.0231510077193144,0.747156797853531,0.044045221440955,-0.0178387332113869,0.0496304866465407,0.360785007522432,-0.0113171953335139,0.0531792380534091,-0.0114842096434793,0.0187471640195784,0.228625171148744,-0.000912208374655371,-0.0334357398734533,-0.0148067481452932,0.0042194582601474,0.0131935863853302,0.475523161231964,0.0109039859867977,0.0208755528559931,-7.37418311892027e-06,0.0175392905535928,0.0262493793905362,0.0570851383313048
"MESQUITE","221","4","16","7",-0.00160822082747044,0.0236588050510512,-0.0279905242327366,0.0246016138520812,-0.00221676735933249,0.00436829806839258,0.0131547645492206,1.00868978629186,0.0258597976995087,-0.00933418766981078,-0.0152608355684755,0.0211951429689367,0.025166405898324,1.02824822468809,0.0285719800258589,-0.0091326080879989,0.0485789226762245,0.737232353095638,-0.030564847930376,0.0492305761485389,-0.0208956748492449,0.018111853301553,0.566429595463933,-0.00772761118122576,-0.028798064325727,-0.0157562857651054,-0.00833625976930446,-0.0109547922682295,0.737840553565671,0.00709572747778957,-0.00628478817435302,-0.00837106005403525,0.00858354970065816,0.00663559923806002,0.176042346660949
"NM1712PAR","222","3","16","6",-0.0151992674202257,0.0208215507658127,-0.0221268195750089,0.024309746577654,-0.00518319870837744,0.00691902086432131,-0.000747530664679554,0.815901737249943,0.0234709222550323,-0.0139026325907154,-0.0151768525678075,0.0122003178144078,-0.0120395286536164,0.17417140415344,0.00414099286512044,-0.00602142629615608,0.0400869721115984,0.600911104829722,-0.0361601810334209,0.0500820137125585,-0.02631352719223,0.0162392088454844,0.395420884313767,-0.0223089547868244,-0.0329169403202202,-0.0202078888552372,-0.0116698472998483,-0.0123237227128004,0.719913390927249,0.00409119513969654,-0.0109329796015836,-0.00784278921429792,0.00780641634204702,0.00603888682183124,0.173493150181663
"NUMEX_BILL_MELTON_CA_2019","223","3","16","5",-0.0240050137909761,0.0195590877552521,-0.0297266588208194,0.0108456313728334,-0.0142344520402502,0.0112623187785938,-0.0307333080133444,0.0948338023742585,0.0126837395230414,-0.0269486937759048,-0.0349897477881021,-0.010451909439653,-0.0408275558767851,-0.101824443484088,-0.0189952874166821,-0.0176160276881654,0.0245860141938659,0.315237871978975,-0.0313758973490613,0.0462775089893897,-0.0355811271799727,0.0100870275396808,0.241665983771153,-0.0287632551497418,-0.0397517667305952,-0.0268856154583134,-0.0220949816991735,-0.0308029178456806,0.659449730027015,-0.00521470308486406,-0.0152310194145876,-0.0123915309142845,0.00446862473556627,0.00141240646463033,0.316993950824831
"NM1704PAR","224","2","16","4",-0.0151937323506667,0.0185180926894806,-0.0334291711729388,0.000955116837903471,-0.0263860024495193,0.0153896075536189,-0.0433488443302538,0.376510132263723,0.0189129870322145,-0.0297879310457731,-0.0325959378278447,-0.0027877312273955,-0.011158941288173,0.536290165607827,-0.00412001632015567,-0.0129325333808675,0.0264377431055521,0.554364412790445,-0.0400602773863692,0.0399890614194663,-0.0378013920570925,0.0138828248114668,0.483967469991944,-0.0276911481692967,-0.0385591536566385,-0.0267635713576276,-0.0212221466903362,-0.0333091366121964,0.58406489016762,-0.00477545804694368,-0.0149160654134955,-0.0163751272165973,0.00305363346743905,-0.00400403395385703,0.323069005185644
"NM1701PAR","225","2","16","3",-0.0203137413068764,0.0199721477702466,-0.0169238032851437,0.00176300674716559,-0.0179854532625001,0.0121159881494214,-0.0206393974345251,0.605196130331029,0.0196187507382782,-0.00846506235416157,-0.0181614924769967,0.0155588612074592,-0.0075022818983807,0.255975944866286,0.0101688206101465,-0.000332946215306769,0.0439821653084324,0.856053961211552,-0.0400236655236673,0.0530408377943798,-0.0322435043891045,0.0474097252460913,0.579894735275526,-0.0169220205308603,-0.031957736041207,-0.0238708680122009,-0.00596438203730944,-0.00992744004645869,1.17160983790649,-4.44689021955515e-05,-0.0166570938658104,-0.00589748208418689,0.00769080177482767,0.000716840419215222,0.589064107187814
"NM1702PAR","226","1","16","2",-0.0191313157289498,0.00528550906826501,-0.0313612831374984,-0.0179197656930082,-0.0461256667700105,-0.000816906995135892,-0.052258739456249,-0.147554782044773,0.019682525701871,-0.0191673801508674,-0.0286842323658989,0.00123460216997371,-0.0123626391708221,0.119146394865598,0.0451056009319094,0.0103306024154788,0.0384066400811588,0.604789097385724,-0.0307433999430992,0.0585602538256675,-0.0347979957769765,0.0519903938916094,0.562194985430825,-0.00914271309868797,-0.0283173813597415,-0.0326851227948917,-0.00876074825471298,-0.010652283015083,0.950002191558428,-0.00344112239516611,-0.0150714655155426,-0.0111374350939036,-0.000979177116527614,-0.00614876415980487,0.419661898120476
"SW_9813","227","1","16","1",-0.0275146567279159,-0.00419520449100339,-0.051919617962465,-0.0250609587877479,-0.0522288377127847,-0.00284551055346622,-0.0519813178842779,-0.828628098468646,0.00410940166751025,-0.0254976231583142,-0.000353631182558027,0.00412816713051325,0.000421651054257586,0.0812188422673004,0.0421078300581241,0.0270372902971453,0.0548426236399998,0.653238617112021,-0.0314649055944469,0.0624834072809692,-0.0377156487933337,0.0640660371178673,0.557634207047565,0.00191008203881605,-0.0246024309406313,-0.0219305665593502,-0.00362338051920969,-0.00531317310308831,0.714743032467007,-0.00703928759863232,-0.0352797469964806,-0.00262556691395793,0.00373633149616807,-0.00816433291332834,0.254728881889717
"NUMEX_BILL_MELTON_CA_2019","228","1","17","1",-0.0108840419125368,0.0227712199249357,-0.00726201673571294,0.039959504306947,0.0463818200863891,0.0445684780845799,0.0665611429146022,1.71760141170553,0.0203111046258363,-0.00846971409781746,0.00423815942491871,0.0377398910876523,0.0779952080940916,1.72426951493905,0.0501999783534853,0.0103922000261626,0.0648214167559541,0.966537813877465,-0.0104970677806836,0.0558163095402772,-0.00253114761425158,0.0487680177436965,1.01520512277626,0.0103737489482544,-0.0273724417445173,-0.0107957392898665,0.0184096163286989,0.0305692178323491,0.890667565457065,0.0134567151103826,0.0148743993414163,0.0117453840995449,0.0206364721782314,0.0332790652336354,0.359569406805901
"NUMEX_BILL_MELTON_CA_2019","229","1","17","2",0.000506467711047072,0.0374307726247059,0.000110100919547981,0.0507972734116725,0.0567763263207053,0.0422234263292564,0.0583056021284994,2.72812963966796,0.029177174022277,0.00424469074852119,0.00380505739566254,0.0541842204804264,0.0859996916113385,2.13493930755365,0.0299096962246607,0.0150399470393401,0.0676199022729607,1.46715362097143,-0.030013884312699,0.0499255203102824,-0.0140109700906557,0.051118769137476,1.36937089047165,0.005686261181881,-0.025376166935776,-0.0121945463505519,0.00742540663742296,0.011096527763091,1.24101517578894,0.00929196792174238,-0.0115142397190436,0.00351971161120751,0.0145042691553909,0.0212946805958008,0.511764027002287
"NUMEX_BILL_MELTON_CA_2019","230","2","17","3",-0.0051728991553012,0.0376625350062248,0.0111316492140392,0.0569882562774868,0.0662288832836249,0.0495349464352951,0.054289389652706,2.65793677355045,0.0318063517577249,0.00218864442434313,0.00881437243942255,0.0480986903292887,0.0386958872612609,1.22118923031637,-0.00671358930526525,0.00497551831786047,0.0611437817293251,1.34379238741641,-0.0363616142427393,0.0520978740525245,-0.0193264462468233,0.0480698999205349,1.15634633542021,-0.0100293616550735,-0.0305183513628792,-0.0159245778021748,0.00621232268984917,0.0131643572804843,1.26780826596233,0.00801872174395459,-0.0140238619886158,0.00241444469955582,0.0166631723221594,0.0280580958581706,0.538950851127379
"NUMEX_BILL_MELTON_CA_2019","231","2","17","4",-0.00421011351680302,0.0465892617533771,0.0101105672523469,0.052365250971289,0.0685057391368488,0.0480300035133125,0.0405740939303072,2.22949561621507,0.0262226351470985,-0.000992777130147649,-0.00451801207522831,0.0346721387074083,0.0321784351829308,1.33974954251988,-0.0196950773516111,-0.00524657346155142,0.0484010780165571,1.25081852401138,-0.0333444290704372,0.0515785348999496,-0.0259532874224408,0.0464918321490261,1.10005543921172,-0.00598323055839486,-0.0338847056560656,-0.0196120124669741,0.0010013203856447,0.000762937317652783,1.30330581093559,0.00201039809178515,-0.016868871038909,-0.0025452793678347,0.0134025863835408,0.0232846365384612,0.693829466038479
"NUMEX_BILL_MELTON_CA_2019","232","3","17","5",0.0264603617506834,0.0721791588063031,0.02806138598814,0.0691491053134085,0.0706240124458665,0.0454285016886037,0.0497582446321063,3.10202568632279,0.0314262641022129,0.00898307013661285,0.00525131823813794,0.0512029929881039,0.0809774750550877,2.50120248497422,-0.00355102052446023,0.00581228861802238,0.0506468647706257,1.70568572125168,-0.0413570106199063,0.0496601294906304,-0.0246158424246736,0.0570248529624991,1.51228383416051,0.00388147191184582,-0.0266777863191717,-0.0161568287406453,0.00904583158025673,0.00668627853205038,1.43203665914545,0.0109407773139701,-0.00997135126542518,-0.00432346026360843,0.0118694386980401,0.0180146125769821,0.744098455332795
"NUMEX_BILL_MELTON_CA_2019","233","3","17","6",0.0227889347785773,0.0707479124596757,0.0502336783405251,0.0675121518258629,0.0700050749317978,0.0397160106802997,0.062361372081064,3.05779920742498,0.0303857486866304,0.0286474933515855,0.0179229009236975,0.062335906897277,0.053008676829229,1.84964551208982,-0.00842158952158272,0.00471918942884747,0.0572514658129315,1.70333272769886,-0.0323186630559209,0.0622005365856962,-0.0215960165564661,0.0801891133923081,1.43404572639714,0.00946010949326874,-0.0215836087018025,-0.0137489720190338,0.0236504487776543,0.0230797477742444,1.92257144000795,0.0160262292732981,-0.0108662223836831,0.00392261043260379,0.0132003413227809,0.0163988602760615,0.990645971017964
"NUMEX_BILL_MELTON_CA_2019","234","4","17","7",0.010742081778358,0.0413573389433775,0.0266613012229571,0.0255718382398074,0.0243693713413558,0.0353699470289158,0.0168008051812031,1.57896462560433,0.0308649346685411,0.0119742269128984,0.00197172066852522,0.0411798736269631,0.0252213986377171,1.18532367520156,0.00911383598122914,-0.000394721260278872,0.0406671905920836,1.03609098559991,-0.0292712616926664,0.066387539954103,-0.0291257603137711,0.0739205247130631,1.12127626114873,0.00168296270477499,-0.0237122936917683,-0.0256056272727932,0.0166908318482293,0.0130364325090913,1.29097447913551,0.00752355536542391,-0.0116571054195478,-0.00314250141517289,0.0061435110382592,0.00761510879608067,0.686051267679965
"NUMEX_BILL_MELTON_CA_2019","235","4","17","8",-0.00603978735958614,0.0211191456562956,-0.00562637805136747,0.00579615027470483,0.00377554167364644,0.0317190519527827,0.00856457194773446,0.338023302600342,0.0154545327279656,0.00110759918625798,0.0275079176044688,0.0410946253159796,0.0306500897647218,0.858796154435724,0.00436195184510478,0.00515046291309315,0.047187097717231,0.846975739875612,-0.0294025828091729,0.0701316587763783,-0.0344698128052955,0.0783941378761799,0.991201007034989,0.0109053444354741,-0.0228570346250528,-0.0173920208831348,0.0205488746202937,0.0153426410008998,0.856465108909197,0.00203012374153081,-0.0315284206407013,0.00513272868514525,0.00935061836296968,0.00282358651611798,0.45616476182113
"SW_9720","236","4","18","8",-0.00578395426503465,0.045287117087565,0.0301968082890425,0.0552390981491868,0.103533405654585,0.0477306331219992,0.0854913148731209,2.79985775426798,0.0218264893576746,0.0192110611232341,0.0230089090508411,0.0622015491141886,0.109824433837942,2.4715175217418,0.0141988887414281,0.00568958684954046,0.0620433580687681,1.62732178953915,-0.0188886080864985,0.0580930987529959,0.00652941638627514,0.0576903147482831,1.61655428593843,0.0133665787978267,-0.023784028362981,-0.00377228355486099,0.0342522711231225,0.0564501038230949,1.24745702497608,0.018155295071782,0.0193614523494005,0.0189949763466082,0.0225430161259518,0.0401166717749485,0.8143126807034
"NM1701PAR","237","4","18","7",0.00102606825762971,0.0554992846129261,0.0369516153883303,0.0660424011532715,0.112864254414306,0.0515550919288213,0.0781302805219674,3.74309366516917,0.0319678638111318,0.0301960157125124,0.0199945309492799,0.0777902686651398,0.120071650423784,2.90542553037569,-0.0116223419520648,0.0080825605676956,0.0668822092676943,2.19102399710626,-0.0312534651158606,0.0515530238213116,-0.00449476031583542,0.0617567122008223,1.95121146789904,0.0109204335412022,-0.0226384717043754,-0.00450257552269846,0.0248037521021665,0.0424127652895437,1.678055475134,0.0139707097860277,-0.00505915398539159,0.0136310188051572,0.0195344256895745,0.0354831046169032,1.01597831094708
"NUMEX_BILL_MELTON_FG2012","238","3","18","6",-0.00352790062627153,0.0561672763400434,0.050664512550557,0.0791046189910425,0.125390451658538,0.060145303891973,0.0841891876202302,3.55439434242386,0.0379567339497304,0.0299471729561274,0.0247387446873287,0.0750854776254972,0.0711358534573203,1.97928784343552,-0.0248474835584038,-0.0008299516172858,0.0628711555589825,2.07087794330549,-0.0374556083291672,0.0545841289154,-0.00866807997387123,0.0598032933450868,1.71382322625949,-0.00255617983005868,-0.0264457267795918,-0.00641034957328565,0.0259396950640542,0.0488567133856449,1.75873010562897,0.0140765938177078,-0.00624296835980799,0.0141145018315759,0.0220838190758994,0.0434122628056707,1.05521822599516
"SW_9812","239","3","18","5",0.0121920818172366,0.0786170787585791,0.057559250398296,0.082813349996907,0.129145009097672,0.0509427291074904,0.0777667561270252,3.63026873512007,0.0374032543097825,0.0348130958779356,0.0149795955281458,0.0687353568641339,0.0861473994613174,2.59459430549911,-0.00310989354996005,0.0047130263845004,0.0572978761168249,2.27782191512251,-0.0406803941240255,0.0562543288904093,-0.0135988277509769,0.0608947362894703,1.76694372207971,0.00582897825622404,-0.0266733898951552,-0.00719038811915679,0.0257188873666032,0.0403916082236726,2.01035149771778,0.011523500808345,-0.00778903383891683,0.0100521357684843,0.0185496596398424,0.0375767194153233,1.23672077416497
"NM1705PAR","240","2","18","4",0.0558178336698848,0.118491795743273,0.0885654773419635,0.110332930424025,0.135919357283589,0.0437667660534683,0.0932999799286574,5.04575357341848,0.0416443529568233,0.0502869824886909,0.027840436782472,0.0862025710687359,0.141246021411943,4.21736616487353,0.0287618157481408,0.0234274660982437,0.0625130422362645,3.01382514814767,-0.0471373990928967,0.0563565405004436,-0.0105605832579828,0.076042182420435,2.28955097462224,0.0251949171740573,-0.0164711819152499,-0.00182172779027465,0.0395115962728807,0.0521048194496961,2.36336478363122,0.022920235021299,0.000573302117425336,0.00962047470845901,0.0191630633437782,0.0358774529329514,1.327039436941
"NM1713PAR","241","2","18","3",0.0507332048961458,0.107333137168292,0.112535344444918,0.108921045839065,0.129447650055811,0.0332205001590525,0.107776111285128,4.87204007629555,0.0386630435535609,0.0626446690971917,0.0379390981879498,0.0919006253132759,0.0976689689710946,3.24527494426111,-0.00504346658525906,0.0112851815060986,0.0654006008834602,2.76333184582443,-0.0446008664497454,0.0666704275877411,-0.0100419769671198,0.0943437984756063,2.05488183667537,0.0222782081532087,-0.0141071734684557,-0.0011957906965062,0.0528442272830296,0.0642594604490694,2.64457428051978,0.0239372724850447,-0.00292118221343677,0.0142613583635259,0.0203087811718369,0.0350737763908901,1.52439692306059
"SW_8888","242","1","18","2",0.0393446318027161,0.0793796038970983,0.0917191299397227,0.0691633294607433,0.0927617596861465,0.0245480066327346,0.0656384564470431,3.50927250424112,0.0390841643075345,0.0445391109194366,0.0223907289719674,0.0705186212995239,0.0623042182492313,2.44986302184133,0.00684420200719896,0.0066196300650934,0.047968639132394,2.05636807547941,-0.0457499973108237,0.0705446678912353,-0.0186642208117593,0.0851633648211221,1.70410400017784,0.00241188943623351,-0.0196293672586601,-0.0137385774104161,0.0456513319880673,0.0530019606588286,1.93061997193452,0.0117183163814467,-0.00518909332656277,0.0061093852962877,0.0155579377437448,0.0280612867766523,1.19873096437343
"MESQUITE","243","1","18","1",0.0219091699296379,0.0573082008492072,0.056356888990243,0.0504519331474061,0.075646908345795,0.0312726785848375,0.0574768286897138,2.31653517815032,0.0244481958151329,0.0321895643120855,0.0477937596125614,0.0703587334501778,0.0641174540279606,2.17577413884093,0.00562329336245075,0.0134093676045356,0.0560825782524663,1.8195452305003,-0.0420822878954712,0.0746211145005456,-0.0235817438361267,0.0891373938796636,1.58733443469355,0.010865080010439,-0.0194584543678555,-0.00806875966965765,0.0486526609661843,0.0538291729039501,1.50875153415253,0.00393320327686217,-0.0233337776394306,0.0119849207879375,0.0170172256320636,0.0194881417553608,0.963372419527998
