"","Germplasm","Rep","Plot","Row","Range","yld1","yld2","yld3","yld4","yld5","GNDVI_62","NDVI_62","GNDVI_76","NDVI_76","GNDVI_90","NDVI_90","GNDVI_96","NDVI_96","GNDVI_104","NDVI_104","GNDVI_114","NDVI_114","GNDVI_130","NDVI_130","GNDVI_138","NDVI_138","GNDVI_144","NDVI_144","GNDVI_150","NDVI_150","GNDVI_160","NDVI_160","GNDVI_166","NDVI_166","GNDVI_174","NDVI_174","GNDVI_180","NDVI_180","GNDVI_256","NDVI_256","GNDVI_264","NDVI_264","GNDVI_270","NDVI_270","GNDVI_278","GNDVI_284","NDVI_284","GNDVI_292","NDVI_292","sca_yld1","sca_yld2","sca_yld3","sca_yld4","sca_yld5","sca_yld1_pred_slr","sca_yld2_pred_slr","sca_yld3_pred_slr","sca_yld5_pred_slr"
"1","SW_1011","1","300","1","1",8.3,4.55,6.1,0.4,6.05,-0.0814892329956056,0.450568858,-0.0583049352244414,0.450915777,0.132034140253205,0.396815285,0.275234403724429,0.526684756,0.338864194948557,0.515866007,0.24970810005718,0.569178774,0.241492440828845,0.49050852,0.256433876745541,0.419094279,0.282719214261829,0.524506635,0.160651577140271,0.417351464,-0.00738183811269644,0.262539673,0.00761758144492447,0.464649221,0.189637535307554,0.377501482,0.314342192213627,0.512856317,0.0909381482651339,0.23049367,0.151841416651849,0.425819584,0.186968235454695,0.497962483,0.253471973911654,0.237443279733552,0.476293226,0.327172919526342,0.528467827,0.208866197681148,0.147544960306479,0.198307335575826,0.0429058055333045,0.414970037713133,0.0401744449508229,-0.0719978634360296,0.00078104902676468,0.0731173389538358
"2","SW_8421S","1","301","1","2",10.25,6.85,9.15,1.3,7.6,-0.00547924438763582,0.463592877,0.00596789859532179,0.453427243,0.126976835381617,0.389756957,0.2912423142182,0.52182835,0.336304212346861,0.537286227,0.300318784473783,0.5809646,0.347627173394707,0.530198968,0.318471521211513,0.499593225,0.386012583102943,0.571518681,0.338462283401939,0.504022012,0.0938643195503099,0.236856943,0.121364044427142,0.464943107,0.2755016939864,0.499310653,0.382045083778698,0.550292645,0.159555652519275,0.33858464,0.288245372739184,0.553732357,0.375227958513392,0.593701685,0.2976656271598,0.267343142577609,0.548581737,0.361630847828462,0.569137368,0.257937171835153,0.222128127054809,0.297461003363738,0.13944386798324,0.521284675474349,-0.0200496309654538,-0.0699458711035981,-0.0245269019391347,0.0807423275715587
"3","NM1715PAR","2","302","1","3",7.8,5.4,7.05,0.6,6.45,-0.0663533309821834,0.498299591,-0.0350256635794625,0.467419552,0.0836994789327529,0.350185054,0.216075175013545,0.490986864,0.258359068967226,0.463883372,0.256663328864056,0.554967871,0.24338959431054,0.483581692,0.282553165413068,0.468618937,0.344611668656807,0.552768116,0.293304017624613,0.46254947,0.080632179734167,0.202880713,0.0654943429829638,0.464745082,0.232864057694204,0.480024375,0.349410713961831,0.57138969,0.104215548541349,0.269545136,0.215029857417689,0.452209125,0.309015855656119,0.554702039,0.285692276730498,0.267612442955564,0.54181325,0.378099096810207,0.575386977,0.196283896616019,0.175108304539557,0.229191264886815,0.0643587082999567,0.442406073264414,-0.0168894276621095,-0.0322951189519299,-0.0249483415609237,0.0523550119650812
"4","NM170506PAR","2","303","1","4",9.5,5.95,8.55,1.15,7.25,-0.0160490672771642,0.483607508,-0.00809716196898026,0.466717073,0.109619248285107,0.380694755,0.279506411694191,0.499669081,0.271734319930353,0.490785724,0.272736111052336,0.576656888,0.326997588739392,0.524662373,0.283508611642261,0.47302347,0.367643324115646,0.582125725,0.315297436610745,0.472109309,0.0805259525298068,0.200509388,0.115525729727391,0.473128978,0.238947137223116,0.463724387,0.374408588570694,0.566495575,0.109148217668279,0.313089824,0.214012566172288,0.494299611,0.358057015759394,0.581074782,0.270229243027846,0.248654011740163,0.541571416,0.365652303964035,0.572098098,0.239063720237459,0.192943409631549,0.277955363798903,0.12335419090825,0.497278144366977,-0.0511125905906263,-0.0376465831511586,-0.0246270153755153,0.0590369172222153
"5","SW_9813","3","304","1","5",9.35,5.35,8.2,0.85,7.1,-0.0311637855115635,0.479640606,-0.0457429283466656,0.462055388,0.102549511504214,0.375488825,0.280144479501447,0.501085356,0.255508101834617,0.46160684,0.263151272113045,0.577467485,0.294041932141551,0.514494304,0.27260883126933,0.453980805,0.347610925962028,0.573247145,0.235248339438227,0.414209866,0.0511886539724871,0.169309529,0.0730526929353229,0.455462464,0.208519151435552,0.416195536,0.342787511014382,0.543017139,0.0583933729815694,0.329647481,0.17189261728864,0.447654469,0.308465698027864,0.55944293,0.274158530958698,0.219598604718779,0.492485139,0.327080503841424,0.530749631,0.23528902991792,0.173486931349376,0.266577074052749,0.091174836758272,0.486989631035247,-0.150287661101464,-0.156548520177668,-0.081154878344117,0.0253051172773458
"6","DONA_ANA","3","305","1","6",9.15,4.95,7.3,0.9,7.2,-0.0365130268271406,0.477244546,-0.0490854893485559,0.460276315,0.113207956309734,0.379459588,0.299442297127833,0.510131023,0.288350632697935,0.495142042,0.304539614311413,0.581547831,0.302276345013845,0.507499545,0.275982153068072,0.444016314,0.352176822521957,0.569083148,0.23820232210344,0.439747572,0.0479758059156516,0.198417583,0.0671679598193444,0.469653933,0.203998663829154,0.415984582,0.367055258916514,0.555148349,0.114352701205387,0.303109203,0.21194510533914,0.480120546,0.340892765749184,0.565902375,0.307580881559869,0.236628122237468,0.52849293,0.359248500184772,0.561099521,0.230256109491868,0.160515945827928,0.237318614705496,0.096538062449935,0.493848639923067,-0.111846073560597,-0.0622941169164484,-0.0122332152010211,0.056713210191213
"7","NM1712PAR","4","306","1","7",8.35,4.9,6.45,0.4,5.65,-0.0604476201835268,0.488349297,-0.066160583250568,0.463259757,0.0835991638437823,0.359343521,0.227899107469703,0.489925734,0.273215680328496,0.456693397,0.293548067418731,0.568510745,0.244956981752226,0.493020976,0.277847362342033,0.445265604,0.340183057883697,0.567390717,0.253788289706312,0.445819908,0.0442379303697354,0.252420272,0.0728765830679519,0.465719927,0.196204857987441,0.421350202,0.353412804429241,0.562048323,0.0509558817186828,0.258308667,0.139255652930821,0.418966964,0.249675873633162,0.525857424,0.255229272127744,0.214931300216464,0.509658922,0.328537542479025,0.549820172,0.210124427787661,0.158894572637747,0.209685625321979,0.0429058055333045,0.387534002161851,-0.112524561200412,-0.0481444812256565,0.00340184294056168,0.0489329271214653
"8","NM1704PAR","4","307","1","8",9.15,4.85,7.1,0.7,6.35,-0.0259783187728737,0.485055678,-0.0324959406791493,0.463810909,0.120441026375437,0.362459045,0.253202698644258,0.498803449,0.275238347969674,0.476668493,0.305116696019293,0.582389969,0.262832628807081,0.515467847,0.292654543595303,0.473754546,0.354409004039633,0.584803478,0.259130145928751,0.449678933,-0.0319529463528187,0.424025989,0.0700508889626813,0.457248848,0.1752556922255,0.413110032,0.319190316693642,0.564572049,0.0500531544857474,0.301873437,0.134791601256512,0.442718013,0.273166768997108,0.54221557,0.263782949774141,0.228752579231983,0.522832385,0.325449582749371,0.562105538,0.230256109491868,0.157273199447565,0.230816734850551,0.0750851596832828,0.435547064376594,-0.124746518770048,-0.0969927298393888,-0.0444541538576369,0.0055931032697216
"9","NUMEX_BILL_MELTON_CA_2019","4","308","2","8",10.5,6.35,7.9,1.1,7.1,-0.0395911609627136,0.48868013,-0.0220376015491439,0.467035751,0.0965078047779912,0.389309961,0.255628220039308,0.505175723,0.27138233247571,0.469655555,0.355388961519158,0.590773994,0.24814675690714,0.50711542,0.25777246887945,0.470046411,0.359812148921834,0.587847789,0.279325285014311,0.472714068,-0.0421976618180871,0.370822113,0.0635962756321391,0.454875762,0.160249196184623,0.399874495,0.340780585910212,0.567160381,0.0542517851963299,0.323522637,0.139627928729907,0.455634966,0.282444589237699,0.54656488,0.250621881476008,0.220508613396704,0.516821679,0.333213787814477,0.54651765,0.264228322367718,0.205914395152998,0.256824254270331,0.117990965216587,0.486989631035247,-0.0488962599810281,-0.00962502403756937,-0.0252165190641122,0.00231101920203561
"10","NUMEX_BILL_MELTON_CA_2019","4","309","2","7",10.8,6.8,7.8,1.05,6.7,-0.037058837741352,0.484602745,-0.0354442421802634,0.465170029,0.086662125231057,0.404688859,0.261090182468802,0.506300131,0.279745844746155,0.489482861,0.337570487142151,0.582243249,0.280370227761237,0.507347171,0.259853154462439,0.461320304,0.369397157484322,0.585654895,0.306419095260108,0.479354833,0.0267585964794613,0.298827975,0.0711644982301245,0.459940531,0.188619436973903,0.414556963,0.365144660500748,0.569008381,0.0671306701704093,0.302839489,0.158178025657918,0.441139849,0.290139378504536,0.548162702,0.232662037589573,0.196598117706898,0.51221128,0.320913695084661,0.541541013,0.271777703006796,0.220506753864628,0.253573314342859,0.112627739524924,0.459553595483965,-0.0898057539128527,-0.0624599792333354,-0.0434832022533294,-0.0163491710986049
"11","NUMEX_BILL_MELTON_CA_2019","3","310","2","6",10,6,6.8,0.7,6.3,-0.043223385791649,0.482727734,-0.0381890213339432,0.456921228,0.0691225624378091,0.424050907,0.255791165247761,0.501390133,0.250194434450316,0.478062849,0.335186794696905,0.572183378,0.243240352312346,0.49092586,0.229212747385693,0.43430032,0.329667192700378,0.570346148,0.246257582215809,0.454494023,0.0260052642738791,0.247147552,0.0311963254558704,0.455256957,0.155444152174509,0.37566972,0.356120724708381,0.558145281,0.0552562519425232,0.291872766,0.152769112336507,0.426553901,0.275427142178512,0.53353396,0.24578527744321,0.193955988772191,0.487317895,0.340519598153022,0.549607263,0.251646021302588,0.19456478282173,0.221063915068133,0.0750851596832828,0.432117559932684,-0.0482956310597071,-0.0514951296630692,-0.0340668316808599,-0.0104113586062902
"12","NUMEX_BILL_MELTON_CA_2019","3","311","2","5",9.95,6.2,7.3,0.95,6.7,-0.0545738615016824,0.481630142,-0.0412088688098534,0.463680835,0.0623736991982485,0.38865787,0.260234916048938,0.507437153,0.219907558225482,0.449814254,0.320411661919276,0.571395227,0.238783002573998,0.498490145,0.216781608311078,0.429582668,0.336364692361561,0.573379807,0.240648785835948,0.440515055,0.0300974165088831,0.16975643,0.0330834221544272,0.450118513,0.172160935238308,0.388948223,0.331912601698418,0.564415208,0.0580247608079654,0.31593219,0.165437827335221,0.445573548,0.300305870236207,0.556786341,0.220287886600734,0.188460671042412,0.478574006,0.315598720204668,0.534089191,0.250387791196076,0.201050275582455,0.237318614705496,0.101901288141598,0.459553595483965,0.0141452400715256,-0.0358836137125497,-0.0502204663312674,-0.0134076341140985
"13","NUMEX_BILL_MELTON_CA_2019","2","312","2","4",9.15,5.75,7.25,0.55,6.35,-0.0473347846712175,0.479784251,-0.028929191171701,0.469405413,0.0551233516626128,0.387974989,0.236521167397718,0.494258547,0.224219710535965,0.455759911,0.324745008450068,0.553478907,0.233977553686753,0.486807631,0.218624153351318,0.426650109,0.32638244132184,0.55614126,0.257322204289737,0.449553191,0.0501129376928102,0.191448731,0.0439884932356611,0.43645347,0.184586373311719,0.406616949,0.3518785031744,0.5674139,0.0919497797559141,0.316952064,0.19266364802533,0.461380339,0.329153076705729,0.564306338,0.203809940185667,0.201160276404612,0.489445564,0.334416652128114,0.539087874,0.230256109491868,0.186457916870825,0.23569314474176,0.0589954826082936,0.435547064376594,0.0356203291217439,-0.0591023249677342,-0.0663100657225489,0.00172539222110779
"14","NUMEX_BILL_MELTON_CA_2019","2","313","2","3",8.65,6.75,7.35,0.8,6.95,-0.038009475438274,0.479934235,-0.0151200820631229,0.459781062,0.058694154722563,0.397688219,0.219307823447054,0.480884567,0.229944687290406,0.456746183,0.298188419603928,0.545057378,0.239860997954959,0.484373774,0.241581965146436,0.460038079,0.33983755788084,0.556427844,0.307321001476706,0.476689526,0.0741790198838516,0.217121376,0.0846990890316,0.4476246,0.205086288684025,0.429741178,0.329199382807704,0.548262364,0.135948894914623,0.316653111,0.245208147906598,0.508555161,0.363119683508002,0.588170874,0.252754678896598,0.213177557101186,0.516100908,0.339144169419897,0.551783711,0.217673808426739,0.218885380674447,0.238944084669232,0.0858116110666089,0.476701117703516,0.0303777027046992,-0.0663162740127939,-0.0465873390395902,0.012889027669842
"15","NUMEX_BILL_MELTON_CA_2019","1","314","2","2",10.3,6.7,8.1,0.95,7.45,-0.0345909668646313,0.465044214,-0.0185877243725612,0.456054695,0.0836090688235315,0.408050001,0.2655923232984,0.509674832,0.296612509307728,0.510215368,0.360197089292788,0.571339541,0.2690551719937,0.496637787,0.267529946346308,0.47890762,0.352169853368873,0.552001386,0.307348691587706,0.481864846,0.0622045210883084,0.221618643,0.071780031530387,0.441464729,0.23251607654369,0.465112386,0.369050192797643,0.581774604,0.149568351921252,0.326887058,0.257522834484124,0.522306973,0.352371620852355,0.578777269,0.251892342131313,0.233669415057463,0.529045887,0.360317327094328,0.574136437,0.259195401941666,0.217264007484266,0.263326134125277,0.101901288141598,0.510996162142618,0.0468276046378677,-0.0858654623531658,-0.0398124707318393,0.0241540234648648
"16","NUMEX_BILL_MELTON_CA_2019","1","315","2","1",8,3.85,6.1,0.2,6,-0.102671699375721,0.447112509,-0.0772711103345296,0.448787512,0.115980984940153,0.449266199,0.299025234917443,0.551275478,0.337846781017825,0.550026986,0.334731968018344,0.566765576,0.179863191416331,0.492155549,0.220165221289811,0.393213322,0.247705176562062,0.513789033,0.145331961941219,0.412741802,-0.018948545630123,0.295624146,-0.0256257364173438,0.456638739,0.16390804274893,0.36822344,0.320397120685659,0.527385114,0.0742066818921708,0.224583334,0.109855028679542,0.419104105,0.141024321870301,0.484472394,0.207880627721396,0.179471868725407,0.445452172,0.3037325169907,0.525232076,0.201316817042071,0.124845735643944,0.198307335575826,0.0214529027666522,0.411540533269223,0.0958201164475602,-0.0838065574627387,0.000559863646674357,0.0495971747648807
"17","NM1703PAR","1","316","3","1",8.75,4.05,6.1,0.4,6,-0.121189333394684,0.438709699,-0.0903715177701982,0.461229854,0.0946747722304935,0.507979307,0.311888242715658,0.548223345,0.270588825955201,0.535301129,0.371060835883829,0.572304156,0.217658937832143,0.494468183,0.197747331639993,0.408406378,0.226391342233996,0.499008834,0.142292437541704,0.42207459,-0.0432800112950594,0.370956618,-0.0151537417225252,0.461657546,0.0970782000256638,0.367093517,0.301978002398266,0.519785608,0.012979919423706,0.361147477,0.0450719944225721,0.438943313,0.118603409713851,0.481551139,0.174995594905985,0.157872566053776,0.437508679,0.295510706860383,0.541058099,0.220190268639765,0.131331228404668,0.198307335575826,0.0429058055333045,0.411540533269223,0.135047345190721,-0.0217966826923512,0.0292385168719397,0.056556682013732
"18","AFX_779","1","317","3","2",10.25,6.75,8.95,1.1,8.05,-0.0548344293050244,0.467537736,-0.0305430618642706,0.458782743,0.0624707449497055,0.499093532,0.267041344534819,0.516861915,0.2431094356479,0.503977383,0.373557461279434,0.577462537,0.28065889140846,0.506713467,0.258869249668997,0.478313262,0.369533108549974,0.561832769,0.30728583755436,0.502908389,0.0726103148028039,0.223534752,0.116782324131177,0.455557764,0.217204192392046,0.434361366,0.353932544250447,0.573443561,0.12232806820557,0.321960506,0.242851911795276,0.508381971,0.3761415017927,0.602735426,0.268532369312406,0.25686243715165,0.528315429,0.381580039579134,0.60066277,0.257937171835153,0.218885380674447,0.290959123508793,0.117990965216587,0.55215021546954,0.0488232228576163,-0.0448354284800221,-0.033936899583527,0.00356842003258207
"19","NM1703PAR","2","318","3","3",8.95,6.8,8.05,1.1,7.9,-0.0466414740359964,0.481103408,-0.00907932766287828,0.463944539,0.0460563007543532,0.479080101,0.252823939149333,0.507523006,0.190290770373328,0.467307094,0.331814981804841,0.567171222,0.255119789949589,0.491755849,0.219224773463164,0.458798625,0.355367657654566,0.565248151,0.317465169485497,0.507534438,0.0811203510367909,0.223756036,0.121340851257005,0.45036355,0.179696453575889,0.393982484,0.309558745759665,0.542674514,0.106389084997806,0.339998936,0.214624423856901,0.468127919,0.372659418365805,0.605893812,0.257521177773789,0.226427905426102,0.515220276,0.354026220051092,0.592901768,0.225223189065817,0.220506753864628,0.26170066416154,0.117990965216587,0.54186170213781,0.0727208439751481,0.00980283147450105,-0.0455602883912855,-0.00579175373080357
"20","SW_9720","2","319","3","4",8.8,6.5,7.95,1.35,7.25,-0.0527314662505951,0.476064003,-0.0101005875081991,0.46914099,0.0221344349594699,0.478785112,0.240247223453091,0.49770531,0.171381950012053,0.439258088,0.322920434427396,0.550311288,0.252154358147379,0.492872946,0.198315724716852,0.427615466,0.335859110194175,0.555943572,0.277167307102807,0.478505157,0.0664562821439724,0.232851911,0.0989254312290438,0.45312441,0.158956030792749,0.367817386,0.311920993526252,0.529452916,0.0806342744766745,0.364402694,0.183858253192259,0.43675555,0.33204711314638,0.571807335,0.203887722057036,0.201324142718956,0.476363024,0.323254742425479,0.543417271,0.221448498746278,0.210778514723541,0.258449724234068,0.144807093674903,0.497278144366977,-0.0116290872967085,-0.0848692394872877,-0.126367860732165,-0.0709159596503946
"21","SW_1011","3","320","3","5",9.7,6.4,8.15,1.25,6.8,-0.0562492693882939,0.47905889,-0.0101746864303703,0.468515275,0.0407279265319777,0.466261079,0.266415009999709,0.516606673,0.18833406107563,0.449337545,0.32401076477556,0.57968493,0.276603564711047,0.514001368,0.193648939503447,0.431329598,0.352104692419104,0.570735474,0.259720151801529,0.459401248,0.0440058161125374,0.223613619,0.0890073041094296,0.450823607,0.154614262792326,0.381563263,0.311337559802425,0.532880117,0.0756560233000454,0.418290309,0.166824259655499,0.430382048,0.301373202703702,0.549905021,0.21403846041478,0.186706181685985,0.447504301,0.303488410804145,0.517224846,0.244096640663511,0.207535768343179,0.264951604089013,0.134080642291576,0.466412604371785,0.073126271486124,-0.00367040069414053,-0.0221345197204384,-0.0322348312721721
"22","NM1715PAR","3","321","3","6",8.35,5.3,6.45,0.45,5.65,-0.115979783445487,0.496862326,-0.0612255615885545,0.461531685,0.0254497079832801,0.487434116,0.225011059039166,0.500678564,0.19627918263379,0.459542458,0.355973557613392,0.56247276,0.194906613644634,0.478333418,0.197796727035324,0.414747547,0.328151020679854,0.541683123,0.239536833955146,0.444580102,0.0252407248886951,0.188657397,0.0505058585340636,0.444955277,0.128697998462094,0.36767465,0.331459181042073,0.567744732,0.0130322751456779,0.318702144,0.11359168248176,0.408581292,0.263580605030963,0.523147533,0.219547846522686,0.189767502701718,0.471118704,0.341828102789889,0.558077886,0.210124427787661,0.171865558159195,0.209685625321979,0.0482690312249675,0.387534002161851,-0.0612578440487687,-0.0628666186750128,-0.0712407481314039,-0.0617411521438673
"23","AMERISTAND_803T","4","322","3","7",10.65,6.45,8.55,1.15,7.1,-0.0381507328707003,0.474019357,-0.0130604586243321,0.471235478,0.0667935106015065,0.475790627,0.271235132468536,0.519134201,0.236597897529904,0.447337225,0.368676295300717,0.580285015,0.308514942739913,0.519395983,0.252445248913461,0.459702047,0.381531587045571,0.576115408,0.305355296370487,0.489560646,0.0332372268393193,0.22022329,0.110532442362299,0.451673307,0.17818790479044,0.389895101,0.37181668417955,0.567561025,0.0733860544191129,0.444737055,0.176394941982589,0.439964332,0.320505481874576,0.555042646,0.246226343059195,0.206918701986769,0.487429844,0.342642631289618,0.547332754,0.268003012687257,0.20915714153336,0.277955363798903,0.12335419090825,0.486989631035247,-0.0318844733695131,0.0294359819923056,-0.048291733386239,-0.0330039599947835
"24","NUMEX_BILL_MELTON_CA_2019","4","323","3","8",9.35,5.2,6.5,0.55,6.15,-0.0697461535380729,0.490737297,-0.0125028424885035,0.479884243,0.0425609848141474,0.43002289,0.239694525742211,0.504701236,0.219047173525453,0.431244651,0.353672826778305,0.573819439,0.220457865442801,0.489675905,0.218708091429121,0.437552353,0.340441705614353,0.553507146,0.239742839337138,0.450831858,-0.0316839483242435,0.253496796,0.0279610765698575,0.448196821,0.118058827891056,0.367375566,0.335379636364385,0.565644753,0.0358043669295533,0.406450809,0.122654995681594,0.40940389,0.24843861513421,0.512844706,0.217903154756387,0.189420438840253,0.473435015,0.316092442353358,0.533987039,0.23528902991792,0.168622811778833,0.211311095285716,0.0589954826082936,0.421829046600953,-0.00860680260852712,0.0608968002223842,0.00782057131534279,0.00616354211122132
"25","AFX_779","4","324","4","8",9.7,4.9,7.25,0.7,7.45,-0.0835681791841519,0.495245808,-0.00667065034112665,0.477970778,0.0319436812362971,0.464934601,0.252086003245849,0.52486886,0.210266598259155,0.477220929,0.371795251081675,0.602845978,0.241641684889786,0.496515808,0.210703639571298,0.422753902,0.350582587998483,0.555018822,0.234581591024763,0.45559615,-0.017206554578435,0.198959184,0.0524856576678584,0.451856115,0.120372136914972,0.375296693,0.357003341941892,0.565459951,0.0667303010870746,0.407577608,0.160318556342839,0.43018883,0.298086036788331,0.536943689,0.248465691071865,0.243162589898828,0.480935397,0.360941095719017,0.565949537,0.244096640663511,0.158894572637747,0.23569314474176,0.0750851596832828,0.510996162142618,-0.0861361954102397,0.0126467075603779,-0.0270423323782386,-0.0382130795244964
"26","NM1702PAR","4","325","4","7",9.45,5.65,7.4,0.8,6.95,-0.0645153753146644,0.491333208,-0.0127689608231255,0.472928233,0.0164433990024638,0.499655728,0.225399195571171,0.506641693,0.170564421847807,0.450178045,0.334733027422398,0.586721545,0.254164620141555,0.499037904,0.186523486779298,0.412605506,0.354911618034245,0.562400965,0.280278330683214,0.484231153,0.0366360553200984,0.23531013,0.0945164778943593,0.440336134,0.120868644712098,0.415176334,0.3071698948616,0.537829902,0.043803925308543,0.49892407,0.137384689935248,0.437398337,0.30976187351898,0.539516979,0.217476988192885,0.196857815967492,0.438894424,0.330783353272337,0.550508086,0.237805490130946,0.183215170490463,0.240569554632969,0.0858116110666089,0.476701117703516,-0.0354356486512336,0.0331522357537168,-0.0591479044460322,-0.0236902876896539
"27","NUMEX_BILL_MELTON_CA_2019","3","326","4","6",10.3,6.45,7.2,0.75,6.7,-0.0653370727824285,0.490056496,-0.0103279445766325,0.473128358,0.0292842721396898,0.472530704,0.2611892807564,0.509355635,0.174214373262287,0.444447387,0.347841892568761,0.60380414,0.229581190273667,0.485060208,0.169324794027675,0.416734417,0.344102955470184,0.559063283,0.284405552748557,0.481228023,0.0257274677273533,0.184450868,0.0590638448222026,0.445010329,0.109048836818774,0.381147981,0.284686338338091,0.538427888,0.0206983578501517,0.43523484,0.133830344625842,0.411337644,0.304800498446817,0.542150935,0.199382750601672,0.175818783669571,0.408549206,0.299091168440958,0.520414211,0.259195401941666,0.20915714153336,0.234067674778024,0.0804483853749459,0.459553595483965,-0.00325996116993199,0.00287877679212431,-0.0263038598881909,-0.0245865748728788
"28","AFX_149092","3","327","4","5",9.75,6,8.3,0.85,7.8,-0.0717712841965082,0.494380757,-0.00639788743159678,0.47669894,0.0320737012824588,0.488526479,0.293964264937772,0.528962986,0.202282813984968,0.452545281,0.330498263432656,0.606903909,0.324533398446936,0.533536561,0.188166504185561,0.428355305,0.383454594289042,0.594073961,0.308368138102083,0.497335916,0.0518067746212845,0.247321995,0.125863101258968,0.45839437,0.158350408579692,0.402190672,0.296708225547246,0.545200685,0.0712724747349693,0.490625493,0.173917759786509,0.445555716,0.345407831649064,0.577242018,0.238684647004071,0.227781522800392,0.447429771,0.334644540621614,0.551165273,0.245354870770024,0.19456478282173,0.269828013980222,0.091174836758272,0.535002693249989,0.0133605124939485,-0.0463742573358867,-0.0744761688945498,-0.0747834148690187
"29","AFX_149092","2","328","4","4",9.45,6.7,8.65,1.25,8.1,-0.0633420992513093,0.488306008,-0.010298789735713,0.469267277,0.02239727750703,0.481562115,0.267062591586133,0.518016449,0.187852241813845,0.455399707,0.325795820771895,0.582062979,0.291493024281369,0.511141699,0.187218298142511,0.419896599,0.366659555469568,0.580367145,0.330484143839315,0.519964305,0.086259620051838,0.254104912,0.153137473777399,0.458300133,0.175634067367828,0.409911342,0.29555228952667,0.536227544,0.0929546090777398,0.497331893,0.191462050450124,0.443984894,0.369660582140411,0.590897914,0.237473599500755,0.219958380264212,0.439931894,0.317341313040909,0.542500191,0.237805490130946,0.217264007484266,0.281206303726376,0.134080642291576,0.55557971991345,-0.0165976356993329,0.019831036648865,-0.0887835201697706,-0.0543800261828134
"30","NUMEX_BILL_MELTON_FG2011","2","329","4","3",8.75,6.05,7.35,0.7,6.6,-0.0830640169321376,0.495753382,-0.0285525470516547,0.46600672,0.0180186763135192,0.48439663,0.234200802079112,0.501600252,0.174838993327496,0.443715478,0.301698413762555,0.581201775,0.197471156103314,0.472039824,0.165838574221156,0.389166148,0.336456335464441,0.560036662,0.265808739179953,0.467595149,0.0569626359565737,0.214451612,0.0416250542877676,0.450376206,0.139604358457219,0.387007362,0.264231477726374,0.538984722,0.0503539884856466,0.479425835,0.161824863904285,0.410741398,0.308596555686727,0.540129614,0.203387924939447,0.19704257410816,0.420571462,0.273892044660914,0.504566969,0.220190268639765,0.196186156011911,0.238944084669232,0.0750851596832828,0.452694586596145,0.0286508916652007,-0.000104548239929508,-0.0306170209180284,0.0028619477782907
"31","NM1704PAR","1","330","4","2",9.5,6,7.9,0.9,8.1,-0.0710836297729928,0.468646674,-0.0361013297167105,0.462649817,0.038131293925154,0.482057775,0.260722049714399,0.51719746,0.194226239723996,0.457906956,0.318975896452597,0.588379304,0.25268724638225,0.496909546,0.200679633146106,0.436697499,0.3522335311217,0.571408221,0.282149901234757,0.48227259,0.0687338324036296,0.215367342,0.0791906453398825,0.45538083,0.168118717593228,0.401944398,0.286475471570777,0.548726176,0.0879951247825236,0.39596284,0.226669016420833,0.496969524,0.370604374565386,0.607400277,0.241810189436954,0.220984814299917,0.468703922,0.309776342442651,0.549082185,0.239063720237459,0.19456478282173,0.256824254270331,0.096538062449935,0.55557971991345,0.0191802193848577,0.0096030881666086,-0.0262219043542502,0.0176348431514213
"32","TMA_990","1","331","4","1",8.45,4.55,6.8,0.75,6.75,-0.109233036823649,0.433935535,-0.080961141228441,0.455740905,0.104910688655519,0.478770247,0.327979958869297,0.548493736,0.232220946414142,0.489048163,0.330504743559626,0.564435787,0.229107846927603,0.493630688,0.189103280738131,0.418695758,0.276467212326152,0.52294781,0.189166431019282,0.422442565,-0.0169635592577471,0.231267055,0.000400670723860172,0.454215491,0.10954832703396,0.366984447,0.275536742618011,0.503308695,0.0547398861569967,0.345176844,0.198881775814446,0.471672198,0.256245188222032,0.525478419,0.219196716429849,0.172714106241575,0.413866349,0.247261838401097,0.458896256,0.212640888000687,0.147544960306479,0.221063915068133,0.0804483853749459,0.462983099927875,0.026773559160431,-0.0123174047494911,0.00860003204771826,0.0572850232100384
"33","NUMEX_BILL_MELTON_CA_2019","1","332","5","1",9.7,4.95,7.1,0.25,7.15,-0.0941554005054755,0.455963161,-0.0641017160091532,0.458864633,0.066371102873773,0.478384656,0.299992463720346,0.542333026,0.204629482502053,0.475556698,0.344276051009466,0.580663927,0.212768423535596,0.494202091,0.182877160906187,0.410497161,0.297805079244543,0.547379664,0.236195714543383,0.449403498,-0.00337124144557254,0.192245937,-0.023042389207171,0.465506552,0.115272125673024,0.356969103,0.288687968551973,0.525398811,0.012563925468215,0.378723156,0.176116084436807,0.426430879,0.266786383196945,0.533181188,0.224910009644389,0.207105763917567,0.433582012,0.283796927655145,0.501386946,0.244096640663511,0.160515945827928,0.230816734850551,0.0268161284583153,0.490419135479157,0.0408763674847732,-0.00502433150680476,0.00418224055759753,0.0493269823204856
"34","NUMEX_BILL_MELTON_CA_2019","1","333","5","2",10.75,6.55,8.65,0.95,8,-0.0675949254621841,0.476834662,-0.0289308037473235,0.460118033,0.0286613589258094,0.484900607,0.270900344339298,0.51387286,0.194942567725809,0.444770387,0.339284359497136,0.583039312,0.257030951623845,0.50311635,0.184219810504266,0.430712169,0.34112647527976,0.569970637,0.306426792682799,0.487022398,0.0696289640399191,0.228022534,0.0436920286497625,0.458535577,0.151568210922069,0.394250267,0.277049445460819,0.530245319,0.0691010157210002,0.452919987,0.214044685654697,0.478254104,0.346165725653445,0.569877579,0.231995920235712,0.221578575410203,0.438520096,0.282828177085608,0.50989081,0.270519472900283,0.212399887913722,0.281206303726376,0.101901288141598,0.54872071102563,-0.0398674106826065,-0.0643266501783376,-0.0481813050124302,-0.0199712076992652
"35","NUMEX_BILL_MELTON_CA_2019","2","334","5","3",10.05,6.2,7.45,0.8,7,-0.0586449457291867,0.486009437,-0.0112029115356559,0.459395383,0.0192761780876968,0.476660199,0.256407744260754,0.506906807,0.178581454954553,0.445439245,0.311762330728307,0.58344979,0.229564857630352,0.482388032,0.150417083957479,0.436633462,0.33836065398376,0.580414038,0.299966738206943,0.490788463,0.0615376050196814,0.246375219,0.0469225347694867,0.456999503,0.127838799128148,0.386528956,0.260521250796318,0.531725854,0.0485719452863561,0.509317085,0.16509257997463,0.443293851,0.312526973452221,0.569179925,0.203202106619378,0.201325791135475,0.409706157,0.24993492891772,0.477234465,0.252904251409101,0.201050275582455,0.242195024596705,0.0858116110666089,0.480130622147426,-0.0577835004853411,-0.0936405152117631,-0.0884380420613677,-0.0678083454110439
"36","NUMEX_BILL_MELTON_CA_2019","2","335","5","4",9.55,6.75,7.35,1.05,7.2,-0.0796882810205573,0.484444668,-0.0227277452419701,0.465358293,-0.00694000735260272,0.493692948,0.251755295834232,0.503882071,0.168109222191695,0.447604683,0.309112509860164,0.583658567,0.224856099461772,0.482031492,0.141549796226929,0.431771785,0.334940416292596,0.567142755,0.311785928838582,0.499242722,0.0605500877234977,0.243975748,0.0789573359794219,0.452652791,0.126990974567395,0.4086565,0.265097661056548,0.520811383,0.0439332265510584,0.491644874,0.168956019660955,0.435976959,0.323370067242432,0.568394209,0.200039507847137,0.202861697789244,0.413056179,0.271339141147984,0.496966467,0.240321950343972,0.218885380674447,0.238944084669232,0.112627739524924,0.493848639923067,-0.102689781519432,-0.0387233984973332,-0.0925122256790111,-0.0538141133313368
"37","NUMEX_BILL_MELTON_CA_2019","3","336","5","5",11,6.8,8,0.95,7.55,-0.0597081539142966,0.492229766,-0.00119600625076945,0.473413904,0.0132507348086314,0.476951118,0.285210698585427,0.521618249,0.180722523650625,0.454801085,0.345427100160992,0.59809206,0.274285091503297,0.504057617,0.154462839253654,0.449769118,0.355894871770195,0.578594708,0.320001137503446,0.501839292,0.0433083478561465,0.2606981,0.0722029507567959,0.457771268,0.124318019262361,0.413098239,0.281043795630104,0.533689974,0.052961423201626,0.475770136,0.169174664894016,0.445789082,0.329853563414173,0.566200712,0.204417091722172,0.202623985323655,0.409503868,0.314204172866767,0.526310324,0.276810623432847,0.220506753864628,0.260075194197804,0.101901288141598,0.517855171030438,-0.0838404178152446,-0.0980861291456867,-0.128690946308899,-0.106407685308764
"38","NUMEX_BILL_MELTON_CA_2019","3","337","5","6",10,6.2,7.25,0.65,6.75,-0.0581827716405109,0.493810632,-0.00961991748627719,0.468531598,0.0191665192158897,0.470447023,0.262538933991705,0.510542597,0.150887357162764,0.461411402,0.335762807715807,0.59301415,0.238235916944806,0.487203792,0.139520374116308,0.452657292,0.321147254010686,0.565751465,0.286479055535905,0.485527992,0.0203927593629202,0.183540413,0.0505695040373199,0.45851164,0.0941073672656881,0.398955781,0.268328392706999,0.534143618,0.0145355147818678,0.489621039,0.131770027351792,0.442297246,0.30953069193539,0.559613306,0.180554177563333,0.184108776866372,0.400537579,0.283127773455214,0.513856651,0.251646021302588,0.201050275582455,0.23569314474176,0.0697219339916198,0.462983099927875,-0.0627528445386649,-0.0375889437653332,-0.0686236638503165,-0.0882365025781101
"39","NUMEX_BILL_MELTON_CA_2019","4","338","5","7",10.5,7.1,7.85,0.9,7.1,-0.0648226463179795,0.487805893,-0.00784441623262559,0.46704846,0.0318363960585044,0.48278118,0.258005599851281,0.512664692,0.181099179352593,0.452306965,0.338905700953755,0.595310042,0.246156602390902,0.495943697,0.17249663899265,0.465904459,0.349362520864447,0.576202592,0.327690155907418,0.521749155,0.0311624537782159,0.218111696,0.0760149809927638,0.447507226,0.113692764238758,0.454094677,0.302179204667139,0.538227509,0.0373758600309417,0.494969009,0.143859140555178,0.466598764,0.31794012976401,0.559184529,0.204436344657733,0.184971747676862,0.406278397,0.298204095535688,0.51648911,0.264228322367718,0.230234993005714,0.255198784306595,0.096538062449935,0.486989631035247,-0.0889729320183349,-0.0428018265258762,-0.114844446898163,-0.0861411626163681
"40","NUMEX_BILL_MELTON_CA_2019","4","339","5","8",9.05,5.25,6.3,0.55,6.65,-0.0702496681682668,0.499874463,0.00408414228625581,0.470407855,0.0199319546499215,0.469875625,0.250436231128515,0.507972037,0.177100921400892,0.458309478,0.335180397836149,0.59070582,0.225508391069449,0.476947789,0.188689874874921,0.421663439,0.334881086093365,0.549382146,0.239142027896503,0.453943381,-0.0139990423064983,0.213961252,0.0352190436263292,0.447899549,0.0900441435632939,0.380613187,0.321364604769979,0.545223231,0.0233620929912447,0.454204609,0.133379355313471,0.411185626,0.275087916060474,0.514909506,0.201207199833914,0.210246794887756,0.428427612,0.330671855137889,0.53218136,0.227739649278843,0.170244184969014,0.204809215430771,0.0589954826082936,0.456124091040055,-0.0786717429544534,0.0374717715319144,-0.017861483352317,-0.060479382334794
"41","AFX_149092","4","340","6","8",8,4.55,6.3,0.4,6.7,-0.0686656255392376,0.49009595,-0.000499894711046824,0.462879234,0.0207669172898649,0.495899969,0.234514063628724,0.503585476,0.163876682285489,0.442786271,0.333923136264267,0.560401771,0.263585464438411,0.504444182,0.191553296683225,0.408607239,0.341691430073259,0.543306873,0.241463933573875,0.449654789,-0.00814585702776683,0.224059898,0.0853843670478257,0.450806751,0.093531300187624,0.362972262,0.337095977073641,0.541843764,0.00426293119986554,0.484969006,0.142419642186197,0.407005814,0.300727553780374,0.534992296,0.211028692945968,0.217716534086164,0.43219607,0.341931792624633,0.536295473,0.201316817042071,0.147544960306479,0.204809215430771,0.0429058055333045,0.459553595483965,-0.0898892228942162,-0.0110158153919052,-0.0444699195232483,-0.107427417515956
"42","NM1713PAR","4","341","6","7",7,4.15,5.85,0.45,5.05,-0.132219552120394,0.486068323,-0.0660369629263353,0.456533757,-0.0106619708208521,0.492504674,0.187153501596465,0.491197466,0.129842491914592,0.443684311,0.304344653088008,0.548707305,0.175538440321108,0.465403763,0.139336605159747,0.414028194,0.298981809482968,0.515520911,0.22862182579223,0.437788292,0.0185902024572258,0.185942108,0.0481646978333293,0.445521365,0.0769823832384334,0.371364683,0.297161169954033,0.515089163,-0.0649270829643024,0.512307358,0.0719156294950266,0.430608468,0.223622875675781,0.487552309,0.176313713313907,0.188247316681626,0.402860776,0.295466972709361,0.514646803,0.176152214911812,0.13457397478503,0.190179985757144,0.0482690312249675,0.346379948834929,-0.0641646468964283,0.0147510289889324,-0.0472327687705919,-0.0588239963483994
"43","NUMEX_BILL_MELTON_FG2011","3","342","6","6",7.85,4.55,5.7,0.55,5.9,-0.107199954993721,0.49957127,-0.0483262722906063,0.453798597,-0.0146548289356958,0.488820229,0.21379013938526,0.502591634,0.112734512006379,0.458204635,0.319597193154686,0.564944593,0.163156764473537,0.465969349,0.113005205778941,0.405011595,0.291259189185911,0.520624781,0.221829183812206,0.431957178,0.0109799227031417,0.159127485,0.0184345390847213,0.449515515,0.0640275432883827,0.362464224,0.259780626555025,0.523825068,-0.0330305951754847,0.481282049,0.0911410955310819,0.458469329,0.260717977014865,0.535754691,0.146527765936295,0.160385494581622,0.391136123,0.279548984344586,0.517755832,0.197542126722532,0.147544960306479,0.185303575865935,0.0589954826082936,0.404681524381402,-0.081030565897801,-0.00148085787344372,-0.0298861987296377,-0.071247371199735
"44","SW_8888","3","343","6","5",8.05,4.2,6.5,0.6,5.9,-0.108398132346505,0.485579961,-0.047792649544318,0.451017639,-0.00287841067888912,0.484691089,0.231322717269416,0.512235793,0.145274404891099,0.448472209,0.323358299515388,0.569598774,0.225814874046339,0.482385217,0.124163290687326,0.41683713,0.313056846996619,0.527136325,0.241698324556518,0.441497007,0.03154117036094,0.21775001,0.0329060418466913,0.452489294,0.0926908016299443,0.393322548,0.279733135828729,0.513153449,0.00167375017473809,0.493251495,0.123583903432624,0.422350652,0.272277019396285,0.53040215,0.171931768406242,0.179641902490116,0.371035654,0.291248959894322,0.482273084,0.202575047148584,0.136195347975211,0.211311095285716,0.0643587082999567,0.404681524381402,-0.062768176288189,-0.050076174361325,-0.0716768819366168,-0.0814848395793763
"45","NM1705PAR","2","344","6","4",9.55,6.4,8.55,0.8,7.1,-0.0802800368836766,0.474739646,-0.0272305639530081,0.457678151,0.0180172682551371,0.480581767,0.263323212744276,0.518007099,0.169148627109308,0.440183488,0.325974495292248,0.580884548,0.280152315659042,0.516025551,0.158450108792804,0.456658455,0.3561330662906,0.575136203,0.325233116427071,0.501807228,0.0655860043190054,0.245812293,0.119146073800697,0.46479318,0.13309784056455,0.407395247,0.298748803280821,0.528984104,0.0444348881025434,0.490490549,0.171352826677526,0.441232891,0.335733450394058,0.583205517,0.208559072274271,0.211620629466956,0.424824265,0.296009901911181,0.523209715,0.240321950343972,0.207535768343179,0.277955363798903,0.0858116110666089,0.486989631035247,-0.0866861669242523,-0.0400690105191356,-0.0865709719455332,-0.0959686590244514
"46","DONA_ANA","2","345","6","3",9.4,5.95,8.3,1,8.2,-0.0780923603667323,0.477458503,-0.0367411042870199,0.452418301,0.0347837165706298,0.480571858,0.26760127690853,0.524351353,0.17333995822695,0.454532411,0.339617402470682,0.584319291,0.288892179418985,0.517530902,0.168116470372766,0.449411257,0.35309743862404,0.573022886,0.30984600262712,0.493182597,0.0578463249685458,0.228562252,0.111281035253703,0.4620141,0.137195317515777,0.396173156,0.297465219609637,0.541246653,0.062884387861397,0.470541336,0.191142248470664,0.466618219,0.345415325111167,0.593487559,0.231288785029823,0.223079968009612,0.428339396,0.273542025365495,0.510999082,0.236547260024433,0.192943409631549,0.269828013980222,0.107264513833261,0.562438728801271,-0.0340465260483429,-0.0369274406809996,-0.061106771149111,-0.017640929868498
"47","AFX_149092","1","346","6","2",9.55,5.6,8.6,0.8,7.75,-0.0815551765690484,0.477528615,-0.041518159277055,0.458408138,0.0421731928659022,0.475815578,0.274668969096224,0.525343227,0.197951485238098,0.448484046,0.354372356384242,0.58519776,0.322244784286084,0.534963286,0.201372689715838,0.433439268,0.367466399954786,0.571263293,0.321622895749809,0.490468129,0.0664441365965856,0.228606333,0.0948517044221481,0.461757285,0.155746549837117,0.404648126,0.310283778101007,0.532592617,0.053134712835255,0.48751407,0.206487369735209,0.471352522,0.362404648358985,0.573762465,0.236798981847287,0.236314590884137,0.444001504,0.307591852264967,0.528393428,0.240321950343972,0.181593797300282,0.279580833762639,0.0858116110666089,0.531573188806079,0.0649131980699239,0.00400403189642411,-0.0162620664659113,0.0123996523331806
"48","DONA_ANA","1","347","6","1",9.55,4.85,7.7,0.8,7.65,-0.101200043940423,0.466911943,-0.0672154576838944,0.464709058,0.0671568543194275,0.475094827,0.297433364715097,0.548994928,0.201484635358532,0.482545476,0.36493263011644,0.590146042,0.273554628516692,0.520867723,0.209353060021969,0.420899272,0.326210243447505,0.558248086,0.271107725650943,0.473743762,0.00931898209272116,0.225575063,0.0326004932320087,0.471337924,0.143568582270308,0.39775443,0.321147517785998,0.539465885,0.0522483833479209,0.407991855,0.220363300302459,0.480856985,0.343477160304,0.566802822,0.249278063257036,0.230339571407863,0.454540477,0.311163262771944,0.528430129,0.240321950343972,0.157273199447565,0.250322374415386,0.0858116110666089,0.524714179918259,0.0512815872666014,0.0474617395666468,0.0246016471342257,0.0642367563098172
"49","NM170506PAR","1","348","7","1",10.9,5.75,8.9,0.95,8.25,-0.0843369380457338,0.469194254,-0.051205000301997,0.461806167,0.0596550450910005,0.493231264,0.290460590580253,0.552370284,0.220387931626826,0.474023999,0.350429579269208,0.595835546,0.300126925993704,0.539393018,0.216423076165741,0.44064932,0.352096133378068,0.576929752,0.318409299939656,0.479173656,0.0179363971134044,0.240902656,0.0578358671398342,0.472350756,0.156788028554391,0.406281379,0.333340790651213,0.542152423,0.0402581865901995,0.429946223,0.210879098748002,0.475421201,0.327374436491797,0.570297873,0.241962036703152,0.236070383138546,0.45284507,0.337047593767483,0.554665174,0.274294163219821,0.186457916870825,0.289333653545057,0.101901288141598,0.565868233245181,0.0913848703671671,0.0394730875399465,0.0216733274453711,0.0557389864950401
"50","NUMEX_BILL_MELTON_CA_2019","1","349","7","2",10.45,5.7,7.95,0.75,7.75,-0.0821984670817021,0.486773115,-0.0435241183727628,0.465212317,0.0346559496542297,0.484967497,0.261837236463662,0.536018157,0.200984429429252,0.459024809,0.335675579479356,0.596229477,0.260812011765419,0.504022713,0.175440766021607,0.414774731,0.352245703539543,0.567263145,0.311568584943433,0.478341364,0.0428691361232229,0.214012741,0.0256693108917618,0.452964019,0.123150977974672,0.39494572,0.30915108547513,0.542315711,0.0237682113473983,0.506329377,0.188313652649687,0.469862478,0.317856172727954,0.56258308,0.200971495972805,0.208374771416348,0.409714826,0.288024380850191,0.49502993,0.262970092261205,0.184836543680644,0.258449724234068,0.0804483853749459,0.531573188806079,0.0640520853889643,-0.0242863227356557,-0.0177143681043617,0.0161136967880241
"51","SW_8421S","2","350","7","3",9.5,5.3,8.15,0.9,7.55,-0.0754092234844832,0.483911205,-0.0421681784949213,0.464446745,0.0326539017733264,0.477355998,0.251212249204868,0.51935592,0.167875541043579,0.457965627,0.308526613473718,0.593822844,0.291555141608645,0.517544225,0.161479314172712,0.420591858,0.365712015999682,0.578926442,0.303266487019385,0.473984044,0.0387826714553217,0.216330168,0.0941929528310243,0.458039137,0.122398535889894,0.381408112,0.310743391424218,0.550976129,0.0401772527814499,0.494282056,0.177411646188991,0.446845388,0.332975788296473,0.586031748,0.210189547854955,0.205297054264249,0.409406498,0.27695501223368,0.509309815,0.239063720237459,0.171865558159195,0.264951604089013,0.096538062449935,0.517855171030438,0.0339949421802357,0.013101914510817,-0.0372347978308968,-0.0253035405322175
"52","NM1713PAR","2","351","7","4",8.75,4.6,6.5,0.6,5.15,-0.130205860650905,0.494746608,-0.0719887474142019,0.460725999,0.00805811100817184,0.487602403,0.224668285225481,0.503271348,0.154753941248233,0.455558584,0.34238313250761,0.583193918,0.220011953787571,0.486785606,0.139427266673915,0.413316008,0.342802803075412,0.541351516,0.261835353663698,0.459672259,0.0313505061857185,0.184977302,0.0471989238743068,0.447174519,0.101045868302865,0.366061325,0.300761644258039,0.536742926,-0.0689745273249855,0.562789567,0.0645520296825597,0.437944228,0.178659803166863,0.471635188,0.150660334420225,0.172292468071196,0.387653181,0.278073353957259,0.501942431,0.220190268639765,0.14916633349666,0.211311095285716,0.0643587082999567,0.353238957722749,0.0568759358560002,0.0290549830207024,-0.0298805663346822,-0.00937992421413508
"53","SW_9720","3","352","7","5",9.6,5.1,7.1,0.75,6.2,-0.0796536909300704,0.480704411,-0.0360315126177077,0.453992444,0.0180575897501242,0.480060272,0.260025866202007,0.519643524,0.158775497885167,0.448971325,0.340783883229887,0.598784028,0.273972432144303,0.501324641,0.138573950296327,0.437851434,0.347952434876896,0.542449861,0.268988277578989,0.450796704,0.0251008077743863,0.222706178,0.0517993794213212,0.447117803,0.0835308011462558,0.386957525,0.297306380628292,0.516548294,-0.0257227796600683,0.501223823,0.122582956619923,0.433519493,0.2469464800565,0.517970213,0.17232105178417,0.190275031596912,0.38572523,0.294149983846317,0.497487875,0.241580180450485,0.165380065398471,0.230816734850551,0.0804483853749459,0.425258551044863,-0.023013542701757,-0.00771851439105789,-0.0418984479639888,-0.0472530795230453
"54","AMERISTAND_803T","3","353","7","6",8.95,5.1,7.45,0.8,6.55,-0.0783111279496461,0.480416232,-0.0373341392685833,0.460243922,0.0207848581955782,0.48279746,0.259586368379756,0.511266668,0.144863444780742,0.459357447,0.341541821678244,0.607189699,0.276502983423834,0.497587348,0.153445455083907,0.439336419,0.359706120849573,0.555892784,0.284372696492545,0.458607392,0.0111404542576554,0.182783246,0.07798197157557,0.439947465,0.097163966109805,0.367953187,0.291527925434665,0.550252862,-0.014783445212237,0.50029944,0.129447946475887,0.435697528,0.303414653136114,0.54660803,0.171768592526074,0.188647211812605,0.40487477,0.297323126463368,0.516098835,0.225223189065817,0.165380065398471,0.242195024596705,0.0858116110666089,0.449265082152235,-0.0560815936076918,-0.0266405720032947,-0.0327912339259888,-0.100625215705933
"55","TMA_990","4","354","7","7",10.25,5.8,7.7,1.1,7.25,-0.0529054555732132,0.476381588,-0.0154068086944836,0.447620146,0.0595151001872743,0.463361266,0.279292698206014,0.513815771,0.185533011996598,0.436718129,0.3650510826885,0.598274497,0.280241125803311,0.498674571,0.181678537895277,0.446982378,0.378490168684508,0.556574083,0.306623916764348,0.469688726,0.0201189066458573,0.223926523,0.0929741901526432,0.426804194,0.105929553514583,0.4042629,0.330884381919962,0.536441894,0.0203036691156634,0.436146845,0.170280097829627,0.461639307,0.339834947345207,0.559895739,0.191720514864737,0.161995204616768,0.371245421,0.263409474277585,0.468342721,0.257937171835153,0.188079290061006,0.250322374415386,0.117990965216587,0.497278144366977,-0.0988142607533276,-0.0291181837213638,-0.0491419587487529,-0.0882842522584991
"56","NUMEX_BILL_MELTON_FG2011","4","355","7","8",8.1,4.25,5.4,0.35,5.3,-0.106103736394445,0.497245708,-0.0386064156286354,0.466100998,0.014774151055432,0.495342374,0.227848409160226,0.502998515,0.163017800708587,0.454897634,0.354417163922327,0.573194652,0.189712218195118,0.47630733,0.154989430055933,0.37515624,0.318187980809632,0.517692347,0.213904656661763,0.427718766,-0.0156268790426838,0.278015946,0.0145607280176813,0.445978634,0.0532108554468903,0.378790972,0.323528319371305,0.534322808,-0.0773153976055799,0.520880407,0.059262195627291,0.36616846,0.195356272424651,0.474569941,0.144195064076457,0.170689601790534,0.39724471,0.31634777678936,0.51199104,0.203833277255097,0.137816721165392,0.175550756083518,0.0375425798416414,0.36352747105448,-0.0518549381600018,0.0760673809270937,0.0283043169465293,-0.0341602296998041
"57","NUMEX_BILL_MELTON_CA_2019","4","356","8","8",8.75,4.5,6.2,0.4,6.35,-0.0989412992340945,0.490786988,-0.0426815140096864,0.467119363,0.0130954611823493,0.490771369,0.228204023384165,0.502421701,0.159735382165528,0.450392294,0.366095848050015,0.575763205,0.201457621391893,0.477663685,0.158853090468234,0.376668742,0.333202162343192,0.522533229,0.211630155242546,0.419164366,-0.021253247089869,0.27591872,0.0242762179990432,0.449220138,0.0633665299977454,0.388124127,0.328439699123781,0.545281001,-0.0348155488877602,0.502571868,0.113649665012965,0.378904211,0.277642339349607,0.510736232,0.151130889408384,0.169190739417684,0.395831358,0.317177789502177,0.50273449,0.220190268639765,0.145923587116298,0.201558275503298,0.0429058055333045,0.435547064376594,0.0300212065470322,0.0784453596758572,0.0295523674783464,-0.0549204470087137
"58","NUMEX_BILL_MELTON_CA_2019","4","357","8","7",8.85,4.85,6.5,0.5,6.55,-0.111033844644798,0.47102678,-0.0617512416434086,0.460615502,0.00479702945484092,0.48402785,0.232459947172814,0.507624981,0.145947654043096,0.443868644,0.345421312745129,0.581017536,0.18944890979505,0.471539823,0.14442116790317,0.420937677,0.328738528725401,0.532047099,0.229430728122758,0.430847948,0.00490824544335555,0.190948574,0.0199149141194911,0.437773948,0.0576577302408191,0.383107785,0.30665706446999,0.532469004,-0.0328092469877395,0.488276527,0.126908488336219,0.397610819,0.295054513379627,0.533056918,0.161832035336509,0.171133216469012,0.39916617,0.284505810709519,0.510106477,0.222706728852791,0.157273199447565,0.211311095285716,0.0536322569166306,0.449265082152235,0.0211437887477873,0.0366276318582552,-0.024974104468941,-0.0455176572280896
"59","NUMEX_BILL_MELTON_CA_2019","3","358","8","6",9.3,5.15,6.65,0.55,6.55,-0.104553009981452,0.477620648,-0.0529004685122298,0.456845999,0.00100250445058328,0.473578119,0.250950321530975,0.511147307,0.12518036187632,0.434687208,0.350521718197009,0.598781863,0.188811323766011,0.470489718,0.122958290546711,0.389297528,0.327064450470048,0.535837696,0.240439288233618,0.436813764,-0.00223902728981428,0.190120443,0.0263625383952201,0.438949291,0.0609309921263947,0.373998639,0.280146103352181,0.549640951,-0.0270581867226741,0.499764197,0.110395735885077,0.411984635,0.28891995613368,0.533589763,0.143245496414771,0.179916023510533,0.415272233,0.301530185440612,0.54174088,0.234030799811407,0.167001438588652,0.216187505176925,0.0589954826082936,0.449265082152235,-0.000164065085385628,0.000132974606819638,-0.0317262367728001,-0.063410970804791
"60","NUMEX_BILL_MELTON_CA_2019","3","359","8","5",9.35,4.8,6.35,0.3,6.5,-0.103393393064932,0.484556234,-0.0616255107717724,0.454458871,0.00899604500941619,0.48202433,0.264737865137365,0.527812989,0.16312975944479,0.459883403,0.360118259143904,0.598831263,0.225699637435769,0.489040137,0.123883183729466,0.442133494,0.334496115226458,0.54076733,0.258904959216092,0.44983133,0.0160738583600902,0.217601188,0.0238982791102415,0.444868528,0.0689320718558417,0.397565407,0.291015759657244,0.529749313,-0.0181294561183812,0.501304352,0.125663898777359,0.423727207,0.28412080842584,0.527577386,0.156823160116568,0.188517440692911,0.406640219,0.314990394040232,0.530817726,0.23528902991792,0.155651826257384,0.206434685394507,0.0321793541499783,0.445835577708324,0.0170747776573478,0.0111109655052814,-0.0296324745857873,-0.0419933608476321
"61","NUMEX_BILL_MELTON_CA_2019","2","360","8","4",11.1,5.95,7.35,0.9,7.15,-0.0797171656274594,0.483738031,-0.0409449388691238,0.451401969,0.0182581876717424,0.464638373,0.264162783961736,0.522618567,0.163512329522778,0.441375012,0.359911979531169,0.610510054,0.237685255686622,0.495926433,0.147113987553255,0.438158505,0.364265026511108,0.559435245,0.274396014646229,0.462579953,0.0192593237277966,0.199818399,0.0188746827363912,0.454969849,0.092766799187513,0.391975867,0.292687249997956,0.543388897,-0.00534304766452879,0.48606791,0.138635191733954,0.413552682,0.285867748236791,0.534701933,0.181568917438106,0.205273200318752,0.425326185,0.307902345298794,0.544887016,0.279327083645873,0.192943409631549,0.238944084669232,0.096538062449935,0.490419135479157,0.0587069041928269,-0.0329971579605561,-0.0539935373831871,-0.0474936683622653
"62","NUMEX_BILL_MELTON_CA_2019","2","361","8","3",11.5,6.1,8.1,1.1,7.45,-0.0717509059718366,0.49597078,-0.0446147581498059,0.462665318,0.03702930634162,0.457362032,0.271125625078034,0.53272779,0.178401448814089,0.454073134,0.339734073412374,0.602067694,0.237442178412908,0.493094001,0.144014067998107,0.420460523,0.349671909943412,0.565780194,0.297281563667173,0.475457215,0.0103018725213669,0.177174387,0.0239242688056152,0.448516327,0.096261726266054,0.3678739,0.292135984956463,0.562411827,0.031477747730913,0.461250951,0.165609266131339,0.436893835,0.322298817004991,0.575710401,0.179023307396999,0.192884003945355,0.401978106,0.27708146244483,0.508767543,0.289392924497977,0.197807529202093,0.263326134125277,0.117990965216587,0.510996162142618,0.0999370855814968,0.0509150932694594,-0.0121271849677769,-0.00888564962861026
"63","NUMEX_BILL_MELTON_CA_2019","1","362","8","2",11.75,6.1,8.5,0.75,7.85,-0.0811707051526982,0.483463563,-0.0518773609571884,0.465095699,0.0488051056051345,0.483525643,0.296716738199775,0.560506779,0.211730962400067,0.477822924,0.393615715330933,0.611193284,0.280721867965396,0.51748993,0.183141778376561,0.420117304,0.369995760879193,0.568067903,0.326130420238941,0.485960575,0.0332204167024074,0.229162628,0.0289755853796956,0.460497031,0.124745740710669,0.409149101,0.322519871320324,0.556039581,0.0215386497978578,0.456728934,0.179089379211146,0.460685512,0.347073195726119,0.564968022,0.181694111790643,0.197925558853467,0.415478916,0.295872882085397,0.51483669,0.295684075030541,0.197807529202093,0.276329893835167,0.0804483853749459,0.538432197693899,0.0940915800311918,-0.102105780796469,-0.0564584295645078,-0.013100284391007
"64","NUMEX_BILL_MELTON_CA_2019","1","363","8","1",10.9,5.6,8.05,0.7,8.4,-0.0959799396897907,0.471883234,-0.0740951223035115,0.45685656,0.0449809803527115,0.481634668,0.28302230761705,0.558973943,0.212722346880215,0.475838778,0.386978685160976,0.595168986,0.249094607124454,0.504341723,0.205843200469449,0.413275147,0.337920033911492,0.55687373,0.29655638883112,0.473857722,0.0190946430949277,0.251797598,0.0217842628987138,0.462548629,0.129476054099445,0.382020574,0.330293596203185,0.553742321,0.038347536361857,0.358508428,0.204463226078825,0.473856527,0.335207129789997,0.558454891,0.216604652544312,0.218674573151602,0.435602199,0.329656220263322,0.548451211,0.274294163219821,0.181593797300282,0.26170066416154,0.0750851596832828,0.576156746576912,0.114170466449973,-0.0242130527956761,-0.00455272035027226,0.0346544247006911
"65","SW_9720","1","364","9","1",9.8,5.4,7.55,0.75,7.5,-0.103184153293252,0.498837622,-0.0794606858043454,0.464301107,0.0195768362931432,0.476524295,0.258839722481727,0.542210882,0.166015432491543,0.445487597,0.351578121865362,0.578197611,0.249168852376282,0.496299674,0.192022111568687,0.398668355,0.32344420357327,0.540847792,0.247085150515425,0.441165944,0.0147304154134547,0.232733616,0.0427208482551158,0.457914643,0.121481111288017,0.36554706,0.320144798574621,0.520734135,0.012404875488577,0.474580065,0.172825173796467,0.42733463,0.287995837147225,0.530784742,0.186557935528498,0.202402876773646,0.389142806,0.307455008683986,0.509375782,0.246613100876537,0.175108304539557,0.245445964524178,0.0804483853749459,0.514425666586528,0.0442801754020251,-0.0693451889199853,-0.0305168603452988,0.00958537941574126
"66","NUMEX_BILL_MELTON_FG2011","1","365","9","2",10.45,5.5,7.65,0.55,7,-0.10085168638766,0.501269749,-0.0597949642488432,0.471331661,0.0196923169478574,0.465860622,0.27655210595874,0.551064035,0.167193615428553,0.442282121,0.362315640083638,0.596736432,0.232490521396986,0.500672172,0.168132398024397,0.404575584,0.349143596500438,0.55502085,0.275511290524631,0.463643642,0.0369388446765267,0.182516363,0.0370820467842762,0.447563926,0.121888743055946,0.388976934,0.296279949675215,0.559631737,-0.0124955689879402,0.51203904,0.137004489466397,0.401121347,0.27463751198238,0.543077843,0.144975191110712,0.19585062251224,0.408879932,0.301982196325359,0.526486837,0.262970092261205,0.17835105091992,0.24869690445165,0.0589954826082936,0.480130622147426,0.0320218631049228,-0.0651740987299774,-0.0488856000145562,-0.0153948612513079
"67","NM1702PAR","2","366","9","3",9.6,5.25,8.3,0.8,7.4,-0.0842816121457591,0.492598833,-0.0472113959297231,0.468434789,0.013240399258128,0.462144148,0.265111086585846,0.534910591,0.139597980711469,0.447485148,0.329131839658567,0.597154331,0.250298068119875,0.50753351,0.148354012195292,0.42013119,0.349608813404798,0.56409986,0.260061832531757,0.451793949,0.0148910782572019,0.174701484,0.0589545817772452,0.443393168,0.126558830986553,0.389305149,0.290904216810951,0.561087755,0.0167535582077772,0.467634205,0.154688113036383,0.432721936,0.307485060485202,0.574579618,0.163229881826415,0.202944136724071,0.431960151,0.298615547968287,0.548536318,0.241580180450485,0.170244184969014,0.269828013980222,0.0858116110666089,0.507566657698708,0.0333867886633279,-0.0247170270240306,-0.0382618332259636,-0.0337095435895733
"68","AFX_779","2","367","9","4",8.9,4.85,7.2,0.6,7.35,-0.106528394999817,0.494885687,-0.0639164873241208,0.464471781,0.00423108153565748,0.473946015,0.249253644122931,0.524527622,0.139155071000013,0.446796451,0.347750851343336,0.586906792,0.231018532510149,0.493836168,0.149989880820392,0.419078531,0.338810354603973,0.542544101,0.223620801880945,0.433148734,0.0200869375563637,0.163356495,0.0482433550407588,0.455319452,0.111650906405364,0.379243645,0.296132373895395,0.525309466,0.0117605968265619,0.500858393,0.151449239569975,0.429939155,0.284560411581521,0.546237981,0.18591974111206,0.22994855299907,0.436204503,0.328064578977865,0.556496617,0.223964958959304,0.157273199447565,0.234067674778024,0.0643587082999567,0.504137153254798,-0.0274691019422155,-0.0758046040278911,-0.0676965397764351,-0.048698958464257
"69","NM1712PAR","3","368","9","5",8.6,4.4,6.2,0.3,5.7,-0.139301861673964,0.489786222,-0.084916204565187,0.458633469,-0.0119624176464471,0.477660012,0.236473875008467,0.526417731,0.119571116199066,0.445281884,0.353896774745223,0.592380305,0.199504715332157,0.488431563,0.112643239690822,0.418437423,0.308662316971932,0.527048597,0.196992714276316,0.432093007,0.00814798487090153,0.162122963,0.0257172948826336,0.44829618,0.0714217750642129,0.402957392,0.269019981654241,0.520729444,-0.0654015019889825,0.536357717,0.0641863080461233,0.435881783,0.175928077280269,0.474468761,0.114136083828368,0.177558500912334,0.40193366,0.295986694299507,0.5225041,0.216415578320226,0.142680840735936,0.201558275503298,0.0321793541499783,0.390963506605761,-0.0929239397546957,-0.0761064204848521,-0.072014578968317,-0.0565903220552346
"70","NUMEX_BILL_MELTON_FG2012","3","369","9","6",9.35,5.05,7,0.75,6.55,-0.117072496395728,0.483064206,-0.0576374495709239,0.469498186,-0.00456762726138292,0.472637587,0.259070354741444,0.528757561,0.123987787145789,0.440752711,0.34619507258038,0.59923764,0.198955565311331,0.48211481,0.130744019538778,0.415494978,0.328936781577207,0.536976564,0.223046214267293,0.435806164,-4.72343372585463e-05,0.160065444,0.0217276039012976,0.442137919,0.0845646124261979,0.40213571,0.275076319716693,0.543149257,-0.029979890801803,0.497721208,0.115960929414579,0.411850156,0.265807182670282,0.519889214,0.131884313003739,0.179379835041267,0.40982192,0.300917039453863,0.540188922,0.23528902991792,0.16375869220829,0.227565794923078,0.0804483853749459,0.449265082152235,0.00796932419888126,0.00917638950166691,-0.00669361875593375,-0.0131160436148904
"71","SW_8888","4","370","9","7",7.9,4.65,6.85,0.35,6.2,-0.1135176844421,0.471952857,-0.0658183642168097,0.470318081,-0.0182436789140336,0.477838917,0.222862462967697,0.509154199,0.121334765278766,0.422795956,0.332933256080643,0.562450343,0.212953854487757,0.481724867,0.156759737158717,0.415686818,0.329439603084986,0.529762095,0.223412785365879,0.432074078,0.00731928147763149,0.171605409,0.055116754646082,0.437451762,0.0871429652488108,0.397748579,0.286456453897834,0.525422538,-0.0234021003316737,0.486493378,0.11416456601468,0.422785916,0.25632176206585,0.511987546,0.160181824407183,0.184837251253271,0.394694517,0.286801311095542,0.5095463,0.198800356829045,0.150787706686841,0.22268938503187,0.0375425798416414,0.425258551044863,0.00245280905280168,0.0503300261174835,0.0260635942510381,0.031916286073575
"72","SW_8421S","4","371","9","8",8.25,4.8,7,0.45,6.6,-0.10435033103399,0.480333317,-0.0482430435776285,0.469323003,0.00221373499918642,0.487775292,0.228409986713266,0.511142532,0.137430619290951,0.44218728,0.328776191420933,0.559726966,0.236994532952362,0.501526556,0.181619686875529,0.43109535,0.338787370103138,0.541044169,0.238281972900462,0.450074848,-0.0292859401535577,0.217104798,0.0863473044512481,0.444526209,0.0852914164884195,0.421353052,0.310210473901947,0.534537831,0.0185439823853752,0.482743651,0.142437822422134,0.432918043,0.312999483711898,0.548720489,0.154686328021956,0.174212569952546,0.420017998,0.306954793523778,0.511612263,0.207607967574635,0.155651826257384,0.227565794923078,0.0482690312249675,0.452694586596145,0.0563308506534398,0.0924399299785447,0.0648444073594688,0.030558749576814
"73","SW_9813","4","372","10","8",9.5,5.55,7.45,0.75,7.05,-0.0864454053264272,0.48457771,-0.0435290072996071,0.479760382,0.00551872017234805,0.495032344,0.241030605710038,0.515209148,0.159873991402852,0.450908569,0.3432675814954,0.578419854,0.239932692082422,0.502362061,0.208422681791303,0.434951048,0.338947318868186,0.543596072,0.22891785802243,0.441247068,-0.0410996849317842,0.18352685,0.0789944484304826,0.438986076,0.0806510472613104,0.422049259,0.299630982949037,0.520963227,-0.0121447436093106,0.490215605,0.13319311811047,0.417771038,0.282759973601865,0.529860382,0.1522485239305,0.213852073293112,0.432372334,0.319383601156091,0.524211243,0.239063720237459,0.179972424110101,0.242195024596705,0.0804483853749459,0.483560126591336,0.0123872556175773,0.104135772418195,0.0747774630056327,0.026974847176158
"74","NM1703PAR","4","373","10","7",10.45,6,8.5,0.7,7.35,-0.0620402885875883,0.468809395,-0.0171781625053706,0.470914864,0.0170185742155824,0.473945485,0.266200222390028,0.528904931,0.160593408688166,0.445715463,0.351124470152974,0.605413815,0.267216274398397,0.516686652,0.194798020987871,0.452706766,0.378643241614992,0.566505919,0.289035323336934,0.491894916,0.0174736296418646,0.242317464,0.113595104669425,0.434561532,0.113909422970795,0.442118309,0.287882642172073,0.542103074,-0.00080125384079737,0.498498618,0.147550184544936,0.423999771,0.293130623028815,0.548950013,0.151169739920126,0.211658161478745,0.443912781,0.303879849469319,0.547661604,0.262970092261205,0.19456478282173,0.276329893835167,0.0750851596832828,0.504137153254798,0.00506144342119923,0.0659925213654214,0.0326366139751029,0.0219850997073733
"75","MESQUITE","3","374","10","6",10.75,6.05,8.7,1,7.45,-0.0724760196996062,0.481173295,-0.0245324351421773,0.468798181,0.00981541937927296,0.470150087,0.284862852313623,0.53097392,0.168827317137099,0.444457252,0.35983337066063,0.61562029,0.294659908974039,0.522221472,0.191628955958518,0.444255795,0.381649345108357,0.564178321,0.265812051827949,0.452935553,0.0174321910402022,0.257980704,0.0911042378711681,0.431156387,0.121033996109845,0.416392939,0.291019021949771,0.53741253,0.000914468229905434,0.505814707,0.16050350172343,0.420275807,0.299090133077991,0.537917605,0.15698411538428,0.215581633018672,0.427173826,0.301849987868162,0.528304162,0.270519472900283,0.196186156011911,0.282831773690112,0.107264513833261,0.510996162142618,0.00111675601008608,0.0192476200415601,0.0122285780158446,0.00550599009278179
"76","TMA_990","3","375","10","5",11.35,5.45,8,0.75,6.95,-0.0700474629958962,0.497998616,-0.0281791234652611,0.458844504,0.0606730500028511,0.456402389,0.326925438945445,0.58351023,0.201380650854162,0.462519416,0.370015244502451,0.620135666,0.302539597443003,0.531836427,0.167934693446189,0.448017659,0.355751702981561,0.55498046,0.232095977783376,0.43456951,0.012308809690832,0.243276303,0.0804222298738653,0.436400439,0.100468688351296,0.406213059,0.27446899324855,0.516929884,-0.0019615991866011,0.49673469,0.160987424613759,0.456013804,0.290552592181055,0.538102894,0.14812386617068,0.192201926894763,0.400197726,0.258682556977896,0.496249886,0.285618234178438,0.176729677729738,0.260075194197804,0.0804483853749459,0.476701117703516,-0.115869203008351,-0.05029161624896,-0.0457116302040187,-0.0410498767115906
"77","TMA_990","2","376","10","4",11.6,6.15,8.65,1.3,7.7,-0.05399920496265,0.49229624,-0.0227828085020493,0.450267121,0.0670609134294144,0.443246084,0.322026485266053,0.575737057,0.194668249769313,0.458598194,0.351185152108673,0.617550817,0.314166257577673,0.532965721,0.183238319365223,0.433041336,0.3738892562149,0.567935918,0.269865042133835,0.4507235,0.0229110156347525,0.243676972,0.0805037936832842,0.441696547,0.135428802479094,0.385602582,0.290521754576951,0.522837261,0.0396274540271402,0.492142654,0.197050294358477,0.444020943,0.346512458859061,0.570649443,0.15817412435795,0.201412715207784,0.397225243,0.259929696979269,0.487967402,0.291909384711003,0.199428902392274,0.281206303726376,0.13944386798324,0.528143684362169,-0.091864068486383,-0.0600457569237991,-0.0488883826665744,-0.039787294141379
"78","NM1704PAR","2","377","10","3",10.9,6.35,8.65,0.95,8.6,-0.0638928822974682,0.494036575,-0.0245507231660146,0.471637207,0.0306109840548185,0.454545213,0.285463946829977,0.551165103,0.179181395305808,0.453951639,0.323520234976435,0.617010084,0.2794169916562,0.521958314,0.177499126411001,0.427521811,0.370758654700718,0.583025176,0.299045832939808,0.471139908,0.0293232972324888,0.253351453,0.0840459417339852,0.444013772,0.136177599571675,0.397395341,0.291695637213836,0.558696325,0.0391131407485174,0.476454113,0.189044039866235,0.440253491,0.349153976692321,0.585523958,0.164303714505077,0.230835843487361,0.456520104,0.301845795520716,0.561068202,0.274294163219821,0.205914395152998,0.281206303726376,0.101901288141598,0.589874764352552,-0.0597964492615459,-0.00505994461548133,-0.0153510540566517,0.00990460652347692
"79","NUMEX_BILL_MELTON_FG2012","1","378","10","2",11.3,6.35,8.3,0.75,8,-0.0834062831685224,0.501358834,-0.0363340850914527,0.46799659,0.0255427833232651,0.463214391,0.289660861172296,0.561111581,0.193671860244829,0.455055646,0.334677312077596,0.611611002,0.248193724217308,0.506070944,0.188593276909472,0.417883833,0.362498648226467,0.568239091,0.293989828654132,0.461242515,0.0481134184423777,0.233937572,0.0564552299605359,0.453302672,0.133690381661745,0.39061747,0.284291296051793,0.549031805,0.00686155685132667,0.488704547,0.17313669589498,0.414925231,0.318092043620845,0.567268019,0.142220990552906,0.215037408587517,0.428467496,0.298589035508248,0.535885914,0.284360004071925,0.205914395152998,0.269828013980222,0.0804483853749459,0.54872071102563,-0.073943335249144,-0.0408451486400071,-0.0284927474871933,0.00951426893945963
"80","AMERISTAND_803T","1","379","10","1",10.6,5.75,8.5,0.75,7.85,-0.0859391518813514,0.501498253,-0.055901463909576,0.458576859,0.0437765848543411,0.461093548,0.289949965824078,0.553658609,0.20429980261849,0.461128843,0.364515039104051,0.593641539,0.294588284344808,0.521109441,0.222504279347099,0.420829891,0.343631442675634,0.554440853,0.28868608580758,0.460751644,0.00830000706912707,0.210139239,0.0807340878244285,0.459803922,0.152768951832077,0.389546854,0.335709228683932,0.536354587,0.037625489907433,0.450566974,0.200367019205584,0.45694419,0.316244298208134,0.555362759,0.186155863719546,0.229829563049554,0.418232886,0.331810518264482,0.530360155,0.266744782580744,0.186457916870825,0.276329893835167,0.0804483853749459,0.538432197693899,-0.0493851579470056,-0.0575826285158134,-0.0198384429258166,-0.000137938303217023
"81","NUMEX_BILL_MELTON_CA_2019","1","380","11","1",11.15,6.2,7.95,0.8,8.3,-0.0655056694503394,0.511390268,-0.0279772963249608,0.463156639,0.042231318758043,0.447861506,0.269160732365107,0.542734732,0.218325191195917,0.455726115,0.356407185949364,0.594595865,0.256857796448876,0.504387511,0.225375797318584,0.427836099,0.353654352737192,0.562524595,0.311567626558376,0.468608642,0.0175603556441775,0.216197734,0.0678118342619215,0.459480124,0.138992422238992,0.380745759,0.33594509382042,0.552283641,0.0811783148675287,0.425303035,0.21438304953256,0.470158312,0.342442126477262,0.583495384,0.168529739550717,0.215030636207818,0.408625761,0.31357981287418,0.514610523,0.280585313752386,0.201050275582455,0.258449724234068,0.0858116110666089,0.569297737689091,-0.00867987712179574,-0.0145779402073964,-0.00394778828022875,0.022837690363884
"82","NUMEX_BILL_MELTON_CA_2019","1","381","11","2",9.6,6.1,8.35,0.8,7.4,-0.0743674095581299,0.51860216,-0.0332076732619399,0.473554356,-0.0114676312924179,0.435244215,0.238372591903839,0.513923307,0.173726094932015,0.438813303,0.3396147393162,0.58339305,0.243878176067654,0.500387878,0.195894082351869,0.415516717,0.34094062939939,0.554478878,0.304308892317767,0.457760999,0.0579019824631539,0.290310427,0.0840173070898322,0.457422927,0.130915293424145,0.383952286,0.289554632878538,0.53647804,0.0504628569324583,0.471771863,0.194094726125982,0.432758294,0.338247389011951,0.576402243,0.141246449402439,0.208469046907729,0.408975246,0.279572294402481,0.512101971,0.241580180450485,0.197807529202093,0.271453483943958,0.0858116110666089,0.507566657698708,-0.00640067187408287,-0.00540095040291077,-0.0296508864657488,-0.0144871631623464
"83","NUMEX_BILL_MELTON_CA_2019","2","382","11","3",11.45,6.8,8.45,0.8,7.6,-0.0610348200768864,0.50446116,-0.0222140816162118,0.463165435,-0.00244276554370992,0.452548772,0.24059462449205,0.528606226,0.174488746555091,0.457536935,0.330845425197029,0.587224329,0.248443917447249,0.513474598,0.177059387390849,0.437271866,0.344851860387738,0.572588396,0.284008326166261,0.470216804,0.0325177232423236,0.249454302,0.0676819152062639,0.458684102,0.114960907152337,0.383238886,0.283497325358352,0.531647122,0.0366200046783093,0.4771508,0.185015898330599,0.44184596,0.32156119487414,0.564539281,0.149190528554976,0.213536834821316,0.417445361,0.282146118173036,0.519563575,0.288134694391464,0.220506753864628,0.27470442387143,0.0858116110666089,0.521284675474349,-0.0510022099182425,-0.0335860629710314,-0.0450269822148169,-0.0337444666138484
"84","NUMEX_BILL_MELTON_CA_2019","2","383","11","4",10.65,5.15,7,0.5,6.75,-0.0972282143954529,0.485313201,-0.0479755284028892,0.466700835,0.00133640731698862,0.473079098,0.247282348057005,0.545037513,0.165334420803082,0.463302073,0.353414106958216,0.598081121,0.211694229346102,0.488463855,0.152645279796003,0.437863209,0.326175607231756,0.556948591,0.222857820713191,0.437723972,0.017547394341274,0.231807714,0.018469351658284,0.451370816,0.0960760763369409,0.367821723,0.275614605103468,0.523801508,-0.0123200890228964,0.483593414,0.146712124002475,0.438608071,0.267615649578597,0.522539147,0.135889723847368,0.220000832688908,0.411801547,0.295194815105331,0.522994487,0.268003012687257,0.167001438588652,0.227565794923078,0.0536322569166306,0.462983099927875,-0.119546935101293,-0.113928065345774,-0.104940193206991,-0.0787898397131313
"85","NUMEX_BILL_MELTON_CA_2019","3","384","11","5",10.25,5.05,7.25,0.5,6.6,-0.106739999500756,0.482426927,-0.0455279800710189,0.461312547,-0.00471742063043828,0.48161361,0.248329652606114,0.550094223,0.161410677626329,0.466699775,0.345864541906364,0.602213759,0.211264646030881,0.490793753,0.137625441358714,0.445195492,0.319044768360808,0.556985549,0.206279916844127,0.445937655,0.0108682615710452,0.224282379,0.0161327740681768,0.449356105,0.0772624669706751,0.409485957,0.270762220905254,0.518604651,-0.0429953797163862,0.505427135,0.105324227001057,0.426790455,0.221602337653023,0.512315396,0.117138805153753,0.201877192573223,0.391969445,0.267036123789561,0.502320781,0.257937171835153,0.16375869220829,0.23569314474176,0.0536322569166306,0.452694586596145,-0.0562564460807986,-0.0122026650166717,-0.0412350203483252,-0.0578698744847292
"86","NUMEX_BILL_MELTON_CA_2019","3","385","11","6",11.25,5.6,8.35,0.8,6.8,-0.0906014445383197,0.48067332,-0.0335853254150342,0.470338666,0.00287678516809565,0.47033377,0.255069773250073,0.538836291,0.142193287045925,0.455001488,0.339145257231481,0.613325139,0.262875538340911,0.507060344,0.174747590857055,0.457278488,0.349183705264202,0.57061519,0.240837446212319,0.458014608,0.0137165492883979,0.248406704,0.0372159071551565,0.441102258,0.0989985171050291,0.412654968,0.28166230637116,0.537457134,-0.0110016036015925,0.501256583,0.131055314366665,0.438852903,0.263450964382073,0.529680686,0.124167832405294,0.201936813446478,0.410989349,0.270903577607774,0.5063267,0.283101773965412,0.181593797300282,0.271453483943958,0.0858116110666089,0.466412604371785,-0.00401166153451906,-0.00642068229659412,-0.0103077009361034,-0.0313462717195839
"87","NUMEX_BILL_MELTON_CA_2019","4","386","11","7",11.2,5.7,8,0.75,7.05,-0.0674498877876378,0.469711985,-0.0352377107559087,0.473785784,0.0177452223513779,0.482527245,0.26000449925373,0.539201088,0.158799431758606,0.45345372,0.348345768236605,0.612258207,0.232890718261923,0.501348848,0.189677557681443,0.46261841,0.357050086614547,0.565939389,0.250911750780096,0.47440415,0.0108497070944568,0.241246078,0.0449094449944589,0.440646434,0.0881545927114337,0.418694386,0.277869056343495,0.528804271,0.0142655084433799,0.498170324,0.147626091022693,0.440882925,0.296629560302777,0.540710515,0.130420503702692,0.203591895724157,0.407768948,0.276858768161224,0.497173238,0.281843543858899,0.184836543680644,0.260075194197804,0.0804483853749459,0.483560126591336,-0.00414247013819085,0.0638925733594072,0.0196618004835582,-0.00803434009409872
"88","NUMEX_BILL_MELTON_CA_2019","4","387","11","8",10.45,5.2,7.1,0.45,6.6,-0.0774975218111457,0.485885624,-0.0537801123166663,0.469186266,0.0209966060275315,0.479737146,0.261970098441449,0.534694761,0.158462443638739,0.458817715,0.36264659556293,0.607602183,0.221581487072757,0.492888146,0.204221459253237,0.431516021,0.354475472857932,0.553542443,0.228475737635224,0.45858885,-0.0485433669665267,0.195478997,0.0364183409738522,0.44794604,0.0755685991481001,0.445409754,0.305212523004073,0.547414613,0.0036408207921034,0.441597604,0.1338673637423,0.408187419,0.292858620222959,0.531127319,0.12119378930409,0.19515634423948,0.406518034,0.307733697331253,0.491387061,0.262970092261205,0.168622811778833,0.230816734850551,0.0482690312249675,0.452694586596145,-0.0238346021885671,0.0616583054862492,0.0360269130241269,-0.00987811259634359
"89","NUMEX_BILL_MELTON_FG2012","4","388","12","8",8.85,4.25,6.15,0.3,6.9,-0.0929613544675096,0.495183139,-0.0880099918748603,0.468869673,0.0113433641879898,0.490063537,0.243987834709304,0.538772415,0.13486721462711,0.454266971,0.356629836334658,0.59024615,0.162112810671945,0.478687894,0.180791278774563,0.379080801,0.313119239442712,0.525908801,0.191820094661735,0.433400454,-0.0526127231690393,0.197600137,0.0013176643125458,0.446963499,0.0471404143647954,0.381316632,0.30871921719926,0.531971832,-0.0200707893464981,0.375279839,0.110010855864422,0.386847486,0.272608215292142,0.523205351,0.110428312927526,0.205764776940984,0.426229466,0.328534542657637,0.517476599,0.222706728852791,0.137816721165392,0.199932805539562,0.0321793541499783,0.473271613259606,-0.057463967837059,0.0733142025439322,0.0528735244832644,0.00292275707616986
"90","NM170506PAR","4","389","12","7",10.95,5.7,9.1,0.7,7.5,-0.0528400725347353,0.481086463,-0.0336265990299989,0.477146849,0.0291747045094583,0.471082125,0.258082070638017,0.548355447,0.147270925873287,0.44708875,0.369972276337714,0.612858385,0.284522066040873,0.52942171,0.209090782538981,0.478602637,0.383416805858533,0.585455129,0.281027890194893,0.48662645,0.0062003152640238,0.197824365,0.0912041600772831,0.445437313,0.103182733565238,0.429474545,0.322249886654218,0.566930516,0.000883395085771012,0.516670546,0.136737964902112,0.480605124,0.301382585737363,0.554832323,0.147309150039693,0.226065268762621,0.436720842,0.321615412947035,0.542430294,0.275552393326334,0.184836543680644,0.295835533400002,0.0750851596832828,0.514425666586528,-0.00609083649793549,0.0529136623834229,0.0153779873800178,-0.0366522479525816
"91","NM170506PAR","3","390","12","6",10.9,6.15,9.4,0.95,7.4,-0.0837270062131114,0.474372566,-0.0126875624505231,0.466852734,0.021874474188684,0.460873943,0.249076204227697,0.540153539,0.14244274182922,0.448752822,0.354539180146607,0.595665635,0.300872813963921,0.535152627,0.206491366649085,0.471453959,0.383954600623855,0.593966817,0.310643977326634,0.508670118,0.0198049320749837,0.240370603,0.12769609780985,0.45699001,0.128783978154366,0.415301291,0.335403435707641,0.578982884,0.0259727156599134,0.490280462,0.156948657330926,0.481552605,0.319274667841357,0.569956031,0.151698638307566,0.226982874468621,0.443938088,0.311869439336171,0.548901405,0.274294163219821,0.199428902392274,0.30558835318242,0.101901288141598,0.507566657698708,0.065086866752659,0.0774676352257915,0.0439074971380713,0.00110620828690364
"92","NM1702PAR","3","391","12","5",10.25,5.35,7.85,0.5,6.25,-0.0947847799399408,0.476099402,-0.02255240697157,0.457932617,-0.00777206621748189,0.469664691,0.218238151217648,0.533754533,0.148009383624385,0.453801692,0.339540410035315,0.588432311,0.261852417798428,0.517747453,0.163570573454151,0.45578499,0.340170264702186,0.56700668,0.239443515552641,0.454621697,0.00926308482622112,0.205373436,0.0695257665430115,0.452926797,0.0813335865341135,0.417332552,0.297190660520618,0.536545142,-0.0335042587188975,0.512507856,0.107960458020719,0.454146639,0.227316976465452,0.524249765,0.118868695885143,0.204924424423701,0.419824169,0.285370132430911,0.521931594,0.257937171835153,0.173486931349376,0.255198784306595,0.0536322569166306,0.428688055488773,-0.0598830791484051,-0.0117654132380217,-0.022125122101205,-0.0615471352927372
"93","AMERISTAND_803T","2","392","12","4",10.45,5.55,8.1,0.75,6.5,-0.0941406999880713,0.47964299,-0.039699429664722,0.454499561,0.00474041600471362,0.465833017,0.217743230916464,0.531376698,0.168269067088324,0.444643474,0.349502742848426,0.585289727,0.279535205329923,0.524489631,0.187475837273684,0.437126466,0.345420504385387,0.568983696,0.258954087379016,0.452286101,0.0154108749850065,0.211738766,0.0691605469132244,0.445878056,0.110773278768155,0.388068646,0.309415707119246,0.531843004,-0.0330936286934557,0.500043079,0.130620521136235,0.443287396,0.253603880861059,0.522374319,0.131049785725497,0.216326282506745,0.402747253,0.280261304279863,0.505847793,0.262970092261205,0.179972424110101,0.263326134125277,0.0804483853749459,0.445835577708324,-0.0791972857577189,-0.0903142629595111,-0.0761990374242668,-0.0559722226101445
"94","NM1701PAR","2","393","12","3",10.95,6.65,8.75,0.9,7.6,-0.071441881044324,0.48268141,-0.018762585450735,0.461534527,-0.000761347943913953,0.465495558,0.214057650027307,0.523664667,0.155090120594794,0.455548031,0.333034409817857,0.582289321,0.261352742820146,0.525714629,0.191842394980002,0.430675762,0.364153937569481,0.594538026,0.319473535688948,0.486499829,0.0242227583452338,0.225495565,0.107264046243643,0.440444692,0.113157856886895,0.397381497,0.30961050168233,0.565239376,0.00728271701196385,0.4607246,0.149712509865716,0.44875114,0.309000799172622,0.570257324,0.141332499660009,0.221921119730249,0.450010432,0.294222177447524,0.55473687,0.275552393326334,0.215642634294085,0.284457243653848,0.096538062449935,0.521284675474349,-0.103994418504126,-0.0890987433502406,-0.0916688053978133,-0.0634531474206007
"95","NM1705PAR","1","394","12","2",10.05,6.1,8.9,1,7.25,-0.0523551893803901,0.490490343,-0.0121826346765032,0.460125704,-0.000649220328934856,0.479950204,0.228957597497355,0.532748168,0.181231663117888,0.445889916,0.320871172522007,0.591697839,0.299430175002177,0.530208163,0.222296561454815,0.434547411,0.367808032090168,0.580626217,0.338794504142787,0.483510695,0.0613913190500502,0.261869993,0.141872900415802,0.459460394,0.145693650438221,0.390358128,0.311961044059063,0.540141941,0.01519419460622,0.482548906,0.161556851784136,0.438736553,0.310920035743651,0.561647644,0.147804137102652,0.232220787646934,0.443233191,0.317868984740507,0.551504455,0.252904251409101,0.197807529202093,0.289333653545057,0.107264513833261,0.497278144366977,-0.0533537005020881,-0.0800502792187177,-0.0582449116358716,-0.0576836074566328
"96","NM1713PAR","1","395","12","1",9.55,5.25,7.2,0.7,6.55,-0.0857718151456927,0.497862695,-0.0355390632816996,0.466659338,0.0276780927480098,0.480506737,0.213721974743333,0.513362874,0.185700724699186,0.462484239,0.3492660795033,0.585816055,0.245648930309491,0.504612593,0.220714794666416,0.399521219,0.342974227016485,0.550721563,0.290738842593214,0.468258241,0.0218520437269936,0.20224383,0.0867974308772783,0.450696584,0.125190398249679,0.372924372,0.336647649346783,0.539815155,-0.0084547362072267,0.491534534,0.139431626510963,0.395720226,0.262716338872235,0.52995327,0.159022372695918,0.232017325884049,0.425099784,0.341834080133949,0.54110693,0.240321950343972,0.170244184969014,0.234067674778024,0.0750851596832828,0.449265082152235,0.0336354846331162,0.0681411830733537,0.0556777220950714,0.0431460386150565
"97","NM1712PAR","1","396","13","1",10.05,5.4,8.05,0.65,6.2,-0.0752629070466234,0.493599285,-0.0342173868083379,0.463207215,0.0416653486899651,0.476909356,0.213379200939851,0.508844361,0.197435538194622,0.457100974,0.346988379877883,0.594295675,0.255743184555036,0.498745353,0.216989742294214,0.404780055,0.355360539851265,0.549708087,0.276752928877109,0.446170537,0.015786280931036,0.205677675,0.0912712450875493,0.453603407,0.120494413960818,0.377588821,0.344086011345632,0.556333939,-0.0378751262218691,0.526170599,0.107610112506299,0.394537835,0.231632087184354,0.508371326,0.140367719418442,0.203432940416147,0.421258096,0.308843208872643,0.526099966,0.252904251409101,0.175108304539557,0.26170066416154,0.0697219339916198,0.425258551044863,0.015715758614495,-0.0123730533941616,0.0193391251350227,0.0372515839311102
"98","SW_9812","1","397","13","2",10.9,6.2,8.75,1,6.85,-0.0346070220455574,0.475262913,-0.00467551776376436,0.460038701,0.0379167026408652,0.450158599,0.234013506031724,0.534647521,0.220745105631726,0.46448721,0.343541429628069,0.597822497,0.313745688704073,0.526480252,0.222576142941513,0.430011014,0.378633900847009,0.580443801,0.32127150327473,0.467563086,0.0390278648827201,0.231858954,0.137308533290724,0.45759202,0.130507325706278,0.384962479,0.346112138918848,0.530313562,0.0170616120282877,0.485866714,0.170010216293424,0.416159751,0.320802163940914,0.554554214,0.160907315365562,0.218419449322119,0.417419674,0.297545463443979,0.515576491,0.274294163219821,0.201050275582455,0.284457243653848,0.107264513833261,0.469842108815696,0.0404514885532955,0.0246240776428599,0.0150762951118925,0.00265637109764878
"99","SW_1011","2","398","13","3",9.85,6.55,8.75,1,7.15,-0.067833469314641,0.4914082,-0.0164843008350306,0.454352186,0.0198161499483333,0.4428973,0.20466135275117,0.513601978,0.164698603027112,0.446425391,0.308243082043254,0.575660347,0.266283869220613,0.519401988,0.178291048226247,0.434351714,0.358912105558207,0.587343655,0.316777600164119,0.475727435,0.0150706352913448,0.204970108,0.119061097530202,0.447654308,0.105473042465547,0.377323729,0.336292642352554,0.556713712,0.0156181103651403,0.444419048,0.146538593112793,0.406533532,0.296594490693159,0.555534737,0.14294945874175,0.196777993804411,0.423302111,0.273082300133325,0.513777014,0.24787133098305,0.212399887913722,0.284457243653848,0.107264513833261,0.490419135479157,0.0120208749946409,-0.0716402875721839,-0.0378522029638519,-0.025848069832123
"100","SW_9813","2","399","13","4",10.5,6.1,8.15,0.95,7,-0.0806371687327084,0.484748174,-0.0225570678562238,0.445479472,0.0265446346135178,0.466053507,0.2113582138136,0.525663081,0.187439993372947,0.452384846,0.345965640682599,0.596158208,0.278195908909932,0.513832839,0.180625121567549,0.433223737,0.355129865332947,0.577211639,0.271599486419827,0.450198898,0.00771558695242863,0.20316295,0.0837779182380361,0.442266476,0.0974953447123393,0.377659935,0.338526276505286,0.557262211,0.000497104474593272,0.453944277,0.146756735276753,0.417672427,0.2886486723564,0.542149635,0.133603064770391,0.197824894989661,0.407408478,0.267938306331364,0.502416449,0.264228322367718,0.197807529202093,0.264951604089013,0.101901288141598,0.480130622147426,-0.0302395574306418,-0.070987541708764,-0.0603782146104119,-0.0398517748292414
"101","AFX_779","3","400","13","5",9.75,5.1,7.5,0.25,6.7,-0.116203740555516,0.475352669,-0.040275237686742,0.462462119,0.00393264518887683,0.484900607,0.214080672230064,0.515856535,0.181823416852154,0.456070568,0.350126519361675,0.600164191,0.259264290166055,0.502475141,0.179792317286071,0.428302609,0.353052482321084,0.563512111,0.257298500529818,0.454240157,0.0031266202819132,0.201799246,0.0821558725320024,0.447513476,0.0849914115872766,0.382002478,0.344617665240822,0.569343909,-0.00412398173869758,0.497374793,0.143495205023702,0.454019226,0.294531764488868,0.545845542,0.15886334639629,0.22652261291551,0.42979243,0.318989529504734,0.541447394,0.245354870770024,0.165380065398471,0.243820494560441,0.0268161284583153,0.459553595483965,-0.0637641428168481,-0.0375789520597219,-0.0295962305568614,-0.0710910593179124
"102","SW_8421S","3","401","13","6",10.45,6.25,8.9,1.1,7.6,-0.0837133158363061,0.472580947,-0.0222980630348911,0.458436053,0.0210921859202143,0.47285383,0.229392145901867,0.52151499,0.13938246858743,0.438405551,0.347698347854949,0.603085343,0.305734720991396,0.523540671,0.205549309223077,0.451864049,0.391757312080237,0.593498767,0.3177441476805,0.496991558,0.0223701718433195,0.229847966,0.138832550804244,0.446533279,0.111828178127921,0.394614267,0.361729962557361,0.56869548,0.0415230132212484,0.452320591,0.166639894970687,0.466906424,0.341962591252272,0.576845329,0.152397633647385,0.197370141233213,0.423241272,0.284592910036703,0.525231243,0.262970092261205,0.202671648772636,0.289333653545057,0.117990965216587,0.521284675474349,0.0338875012175833,0.0563267799913832,0.046352660565824,-0.00653088496723853
"103","DONA_ANA","4","402","13","7",10.95,5.6,8.8,0.8,7.3,-0.0497005458585952,0.476787921,-0.0433726674318539,0.47147134,0.0466098426490019,0.480056556,0.248547408609509,0.55038727,0.157871327000881,0.450430379,0.376523497641819,0.62128738,0.290671297624662,0.520586145,0.203634833690411,0.488195772,0.386985354995001,0.590116046,0.273946004125615,0.486813018,-0.00673548606480197,0.17147599,0.0942715418638255,0.445167289,0.100362131164353,0.443908895,0.356130733836243,0.572159569,0.0184435509855915,0.477316603,0.151731998228081,0.490063897,0.333594131926568,0.562880005,0.155614718070384,0.208943725317479,0.422165608,0.309190016710145,0.519375019,0.275552393326334,0.181593797300282,0.286082713617584,0.0858116110666089,0.500707648810887,0.0520610107548604,0.0859988183528184,0.0696356779014249,0.0275960975867087
"104","SW_9812","4","403","13","8",9.95,5.15,7.8,0.65,6.9,-0.0472175651828741,0.474776219,-0.0638545036580645,0.454983074,0.0568462612867004,0.4857585,0.279084888577966,0.551391117,0.162658686080935,0.4568052,0.394479897868401,0.616857566,0.256052563623026,0.504737671,0.20357734869865,0.450022463,0.369937657193418,0.560708603,0.226294813910133,0.445602456,-0.0514408591921492,0.225786052,0.0627889647116934,0.452279509,0.0563452238569087,0.456762683,0.354732820678049,0.555669021,-0.00126172919760282,0.374041074,0.141329022778228,0.418496033,0.305483547843775,0.5333797,0.142022916751972,0.214598089412676,0.436991014,0.348658102034728,0.527855049,0.250387791196076,0.167001438588652,0.253573314342859,0.0697219339916198,0.473271613259606,0.0245406309235004,0.150917123102119,0.105057011664674,0.0384621708320668
"105","NUMEX_BILL_MELTON_CA_2019","4","404","14","8",9.7,5.15,6.9,0.4,6.4,-0.067458723094777,0.48364794,-0.0708225776073731,0.470414857,0.01860603905347,0.500423018,0.235292313065338,0.527287354,0.150898878950426,0.453245401,0.37187267884001,0.591904963,0.208481263546419,0.489112759,0.197404766258509,0.421547354,0.342811271586223,0.545627995,0.222246439359569,0.456323397,-0.0588237460453318,0.228846145,0.0341879785720991,0.448299432,0.0479359790546347,0.418115748,0.338166183387337,0.550553484,0.0180051121537826,0.414936725,0.130271822332503,0.428500801,0.287138131426816,0.534435724,0.111867497868799,0.178159313137096,0.409272004,0.314671046290994,0.490407495,0.244096640663511,0.167001438588652,0.224314854995606,0.0429058055333045,0.438976568820504,-0.0883370038738299,0.00954678244532075,0.0490846588478676,-0.0292959551682791
"106","NUMEX_BILL_MELTON_CA_2019","4","405","14","7",10.25,5.6,7.4,0.9,6.25,-0.0623713483016027,0.475748748,-0.0469589608209802,0.463110491,0.0139323895065199,0.490010803,0.214941432093494,0.52616697,0.141965943815436,0.438565812,0.354901910489713,0.594545518,0.227085289318881,0.490175061,0.185121676917518,0.451871766,0.344177795055165,0.554535491,0.240791150345951,0.450154738,-0.0296234824541273,0.177925345,0.0249437131387039,0.446664669,0.0456378191396675,0.421569551,0.323605416031341,0.549677651,-0.0385634605509335,0.462642631,0.0862540155656979,0.461789502,0.23454144280398,0.506342314,0.10955172276394,0.173103544951954,0.398866201,0.294629296246961,0.496029601,0.257937171835153,0.181593797300282,0.240569554632969,0.096538062449935,0.428688055488773,-0.0140164674649929,0.0164683144583511,0.0286284014355501,-0.0106226179494122
"107","NUMEX_BILL_MELTON_CA_2019","3","406","14","6",9.4,5.95,7.15,0.6,6.45,-0.114574363118789,0.479671865,-0.0542316579900732,0.463531645,-0.0103881578548639,0.490755797,0.196500425488032,0.502469609,0.119945783649815,0.446154188,0.322486786451336,0.576669102,0.2135244488951,0.487085358,0.175353354889565,0.412207588,0.336806029718934,0.554414997,0.268450149068688,0.469514235,-0.00876396436943765,0.168062114,0.0686507349171078,0.442613759,0.0546158758022627,0.369680867,0.32960433936875,0.557890895,-0.00415369344453983,0.428616219,0.115558926038826,0.460842053,0.274842861799335,0.542643268,0.108010158359937,0.164659234517634,0.395128163,0.255697662728098,0.492298821,0.236547260024433,0.192943409631549,0.232442204814287,0.0643587082999567,0.442406073264414,0.0820636095880825,0.0324339800251337,0.0425244237139512,-0.0099989647960517
"108","NUMEX_BILL_MELTON_CA_2019","3","407","14","5",9.75,6.25,7.4,0.75,6.75,-0.111540407536258,0.478331551,-0.0362799651496661,0.461659326,0.010185758890227,0.480663876,0.211696332738021,0.517485748,0.178404201699215,0.444386639,0.336186040415076,0.598771794,0.235558124767679,0.49359616,0.184494425393641,0.420415542,0.354307794755095,0.564531176,0.284407622045955,0.473080092,-0.00853383238181288,0.192731556,0.0784527954017912,0.440171308,0.082783550365879,0.39243439,0.32307313003814,0.567270028,0.0157899883324792,0.439737839,0.139540809185871,0.458420119,0.302922867674928,0.554318437,0.119990537904191,0.167928666149419,0.396015903,0.26315380165606,0.502235381,0.245354870770024,0.202671648772636,0.240569554632969,0.0804483853749459,0.462983099927875,-0.0238563255740011,-0.0874898437812986,-0.0244231602217231,-0.0748964073136613
"109","NUMEX_BILL_MELTON_CA_2019","2","408","14","4",9.75,6,7.25,0.75,6.5,-0.108482745181514,0.486771142,-0.0489500354933869,0.46579108,0.00137788619067081,0.479892339,0.186470986236377,0.51097923,0.161243221761909,0.450638546,0.333586439553759,0.58219783,0.204663899075547,0.480298893,0.163114175885622,0.404400028,0.324914808030639,0.548992246,0.259826523555933,0.460709388,-0.0156147294631631,0.168781171,0.0353786674415655,0.439317421,0.0794899426725386,0.359153306,0.323582921373816,0.557090048,-0.0229824675501091,0.40562567,0.114140975663961,0.405758755,0.251598705409935,0.513627292,0.117339108572406,0.183599167622356,0.419303142,0.268488341414611,0.510198679,0.245354870770024,0.19456478282173,0.23569314474176,0.0804483853749459,0.445835577708324,-0.0332104852757409,-0.163290982417556,-0.0843457768357239,-0.0610507358183015
"110","NUMEX_BILL_MELTON_CA_2019","2","409","14","3",9.9,6.6,7.75,0.85,6.4,-0.0882038733033982,0.486044478,-0.0396768308461047,0.472688264,0.00162606939220695,0.436401168,0.196652915518383,0.505208069,0.15369767656785,0.423583063,0.298373101931117,0.563381532,0.20732513860267,0.492519596,0.160947363967999,0.441905153,0.32927079836996,0.563498739,0.310774204038492,0.494113187,-0.0154602825559744,0.158318074,0.0709263301212554,0.443031013,0.073520341793757,0.365076657,0.31792540399258,0.563926796,-0.00385489200131334,0.373631364,0.12576436884458,0.394137102,0.280534173240305,0.555270071,0.116697624042831,0.165075134403085,0.42555771,0.251920852648323,0.502009546,0.249129561089563,0.214021261103903,0.251947844379123,0.091174836758272,0.438976568820504,0.0203827123909672,-0.0723973908041805,-0.0369623714314603,-0.0196167662404545
"111","NUMEX_BILL_MELTON_CA_2019","1","410","14","2",10.3,5.95,7.75,0.7,6.75,-0.0645919796292837,0.478325847,-0.0512334143794276,0.472235644,-0.00232139430169496,0.457914496,0.217050084657112,0.517632621,0.179872832402739,0.454713167,0.336160294409695,0.578775447,0.251051099085842,0.503470512,0.197298083917227,0.405125327,0.33125626253585,0.550091554,0.280000322895195,0.454020654,0.00189395834794507,0.180699975,0.0729235207944255,0.452515038,0.094608538445846,0.388718133,0.323524924379807,0.54551294,0.00626025887780702,0.443224941,0.13874468340953,0.425172236,0.287718113770451,0.53230442,0.130416383829406,0.179036116625858,0.385065592,0.268107356632912,0.488640865,0.259195401941666,0.192943409631549,0.251947844379123,0.0750851596832828,0.462983099927875,0.0464488434243578,-0.016709218837696,0.0101761912313206,-0.00521446486910243
"112","NUMEX_BILL_MELTON_CA_2019","1","411","14","1",10.7,6.65,8.5,0.95,7.15,-0.0364233480039175,0.477473213,-0.0290877344646906,0.471818531,0.0441272441551093,0.451847664,0.237306740922277,0.520219893,0.197888559526113,0.438664404,0.357412523237148,0.596042534,0.274001164285072,0.505355236,0.239372674334216,0.438421324,0.366433150600539,0.56288639,0.321637345877184,0.463584537,-0.00157103682044223,0.223468566,0.087355692299414,0.442759745,0.129684914892221,0.396438496,0.338751057748405,0.542614527,0.0356343606518354,0.422214298,0.162267952225301,0.428373233,0.319524038892752,0.551496999,0.146358757764293,0.174507686994805,0.392351716,0.273167736580602,0.483715472,0.26926124279377,0.215642634294085,0.276329893835167,0.101901288141598,0.490419135479157,0.0333114493803916,-0.0250333028199935,0.0202200622407691,0.042059554130965
"113","NM1715PAR","1","412","15","1",8.2,4.85,7.3,0.5,6.45,-0.0874361370899878,0.497159287,-0.0815624847166198,0.456023757,0.0175202325849609,0.499665461,0.203485006773281,0.507527045,0.152163750711216,0.438388689,0.348032338218333,0.574153923,0.215244915942149,0.488671212,0.23528436653216,0.414006456,0.33604757415988,0.5368019,0.252772916489617,0.435660334,-0.04953657629814,0.263467358,0.0782294897415393,0.452734146,0.109493734244304,0.386607523,0.330669752004155,0.545978259,-0.0141757107937239,0.442179746,0.120252499609607,0.385421912,0.249299914522937,0.507797124,0.160774964128948,0.217109250063975,0.440302166,0.323992249880904,0.534219697,0.206349737468123,0.157273199447565,0.237318614705496,0.0536322569166306,0.442406073264414,0.0411525033818684,-0.00519056133803706,0.0586452944514128,0.05976602395176
"114","NM1701PAR","1","413","15","2",9.6,5.6,8.25,1,7,-0.037128208803956,0.481910706,-0.0435174066906663,0.464162235,0.00513588109288318,0.466267803,0.233339320181235,0.520595124,0.195176908117201,0.436045756,0.335075535353647,0.584594644,0.263505266816737,0.511095348,0.226705207125031,0.442217951,0.34927248886298,0.555441176,0.271239257357617,0.462348171,-0.023496127978133,0.185042768,0.09099497750024,0.456562828,0.103141813727818,0.384821948,0.318170261837845,0.554570159,0.00237199056800311,0.465059544,0.13773364758971,0.429732013,0.292980828844726,0.539964952,0.13238059746638,0.192780626108951,0.441982838,0.297990067691163,0.522570821,0.241580180450485,0.181593797300282,0.268202544016485,0.107264513833261,0.480130622147426,0.020208251627631,-0.089175489731359,0.00518460917739741,-0.00401901320649449
"115","MESQUITE","2","414","15","3",8.5,6.15,7.4,0.85,6.25,-0.0676665006988278,0.487980539,-0.0482879820688653,0.460756336,-0.0214205953005589,0.458476161,0.172030322332062,0.490970944,0.151628068825595,0.436195504,0.282760773624618,0.541835863,0.222342200662059,0.487172429,0.188546595315792,0.448016209,0.309577963512191,0.531501409,0.29080675977487,0.479073604,-0.014480617407273,0.157477062,0.113464667664647,0.43870643,0.0901977738600152,0.351204556,0.315712659611335,0.541194298,-0.000324558539010877,0.399842042,0.124252106955911,0.381046788,0.268095967075594,0.527161547,0.132266447758864,0.173919056759453,0.456444732,0.26311756543777,0.504623592,0.2138991181072,0.199428902392274,0.240569554632969,0.091174836758272,0.428688055488773,0.0372178710761871,-0.00981733500294416,0.0452733643738811,0.0193071574221556
"116","SW_8888","2","415","15","4",8.8,5.6,7.55,0.7,6.25,-0.0780042878312929,0.487665781,-0.0363855845122429,0.456588892,0.00149427136880561,0.47726982,0.189999657353744,0.505997828,0.191709439006567,0.431540599,0.326663927050513,0.58207547,0.237949837281176,0.499353536,0.208499470120988,0.44487462,0.34258206183979,0.550278464,0.280572289370556,0.479156273,-0.0220622421190981,0.165106008,0.090819191889681,0.43341076,0.104972607159169,0.373437075,0.328115767123876,0.561176133,0.00840747055470554,0.453353726,0.147612238764448,0.427470245,0.295116001181781,0.541135784,0.12874788088101,0.180962931230215,0.43266943,0.256818119099241,0.485251514,0.221448498746278,0.181593797300282,0.245445964524178,0.0750851596832828,0.428688055488773,0.010904887224069,-0.124210765771986,0.027904151771082,0.0113608490436058
"117","NM1703PAR","3","416","15","5",9.9,5.95,7.8,1.1,7.2,-0.054626635032677,0.482676062,-0.0148194032265005,0.462029988,0.0238258660787592,0.473164038,0.215430700967446,0.520540175,0.187927280825702,0.445237925,0.334085714777977,0.595308034,0.253862633109203,0.502056164,0.217581163402115,0.450530231,0.364478202828544,0.56759986,0.29666764855602,0.498650156,-0.0166108205486134,0.177377652,0.116715370646257,0.436928299,0.102188577039743,0.386784357,0.327055208576895,0.570085252,0.0144670969094634,0.497215779,0.143304804306468,0.449304189,0.297841347229424,0.549154652,0.143435001588542,0.198858756777457,0.469250795,0.302890296754718,0.556593506,0.249129561089563,0.192943409631549,0.253573314342859,0.117990965216587,0.493848639923067,-0.0151075872542366,-0.0412215954276119,0.0400201225278625,-0.0233659574725942
"118","SW_9812","3","417","15","6",9.2,6.7,8.45,1.2,6.85,-0.0588390345761625,0.48287386,-0.030310354408584,0.467933328,0.00552641154364788,0.482793744,0.200676328727911,0.496077119,0.164662282139777,0.447505168,0.32091083666236,0.560344925,0.2532108756624,0.503478708,0.21237502927956,0.441472979,0.361137368312785,0.562085114,0.297140899374118,0.489328734,-0.00633146295749058,0.168072098,0.145765977511715,0.431917819,0.076101458854631,0.350404481,0.341077080097382,0.537942048,0.040302018955022,0.46371917,0.160843754886599,0.444160754,0.307966947447937,0.548515043,0.148777713459707,0.187367705840438,0.417312868,0.271043607099016,0.49330454,0.231514339598381,0.217264007484266,0.27470442387143,0.128717416599913,0.469842108815696,0.0355864149775052,0.0307639171055135,0.0812832408738276,0.0340167863289772
"119","SW_1011","4","418","15","7",10.2,5.9,7.9,0.85,6.8,-0.034107117194244,0.473738863,-0.00848166996604913,0.457203751,0.0406248163889207,0.470296077,0.218840894788343,0.524232433,0.188665927899572,0.446887644,0.344047448465709,0.582545193,0.273224360635809,0.513711416,0.23491322165021,0.457563983,0.365620498525199,0.566804145,0.263558978898363,0.474515405,-0.0267933795482662,0.192043079,0.10379543845558,0.437395125,0.0834225327755749,0.36672797,0.324291301098946,0.539340288,0.00908395896697186,0.457343156,0.123560201436656,0.431486801,0.266285774008967,0.511939406,0.133065198458029,0.183531908234628,0.412648052,0.287401417156325,0.496486175,0.25667894172864,0.191322036441368,0.256824254270331,0.091174836758272,0.466412604371785,-0.0742900967252711,0.0368470632122237,0.0782346294989638,0.02247308306672
"120","NM1705PAR","4","419","15","8",8.9,5.25,7.25,0.65,6.4,-0.0607503780678633,0.47217733,-0.0466299593508677,0.470798857,0.0161765178224039,0.506102489,0.214424848576853,0.522458312,0.178605154476492,0.450653292,0.345968337106563,0.580841718,0.268063441646587,0.518715929,0.244936615370994,0.470752822,0.361574352571574,0.562562328,0.24420720479669,0.471421687,-0.0312755948398318,0.208607595,0.119703175595112,0.447618155,0.085661929646672,0.370312511,0.325313973698729,0.547769652,0.0569780377428317,0.418401113,0.14110369299593,0.423506893,0.300804980811238,0.551740401,0.148706576945608,0.204389041889968,0.464821054,0.324410042030638,0.527547799,0.223964958959304,0.170244184969014,0.23569314474176,0.0697219339916198,0.438976568820504,-0.0386239760492802,0.0590084112333524,0.106824544503537,0.0288162734002652
"121","MESQUITE","4","420","16","8",9.05,5.85,7.45,1,6.3,-0.0471075050325569,0.47766803,-0.0387254901562764,0.473536153,0.00995704170124755,0.500655718,0.198294695074465,0.513713707,0.216058486690654,0.478152732,0.34136799475638,0.572912343,0.259681981673973,0.508331053,0.290611648418354,0.490101152,0.363067155893465,0.55679447,0.268797301129392,0.486418001,-0.0243331593693839,0.213353361,0.134492818009974,0.432526138,0.0944721832910652,0.377147666,0.321334366655789,0.533501088,0.0738828717447059,0.357129843,0.167730211271089,0.433626879,0.308391640891577,0.54231888,0.18107846447169,0.204715504654039,0.467072812,0.300788128938391,0.497848995,0.227739649278843,0.189700663251187,0.242195024596705,0.107264513833261,0.432117559932684,-0.130805580860654,-0.0314038388154006,0.0661090014056697,0.0211263720267742
"122","NM1715PAR","4","421","16","7",8,4.2,5.8,0.35,5.2,-0.121949988961438,0.487249219,-0.0765925394843291,0.468714394,-0.011994699802284,0.502493251,0.178697405750512,0.50230946,0.212937625634885,0.456120712,0.328157759831482,0.567592991,0.165270119036952,0.48918219,0.239342600084179,0.430762974,0.309341533716131,0.526605685,0.209589361428051,0.443233252,-0.0487659055237176,0.229536757,0.0633727947728345,0.431329409,0.0528304368648057,0.35647543,0.292005415867253,0.519985801,-0.0222719783724396,0.368713927,0.0840268097586113,0.366486168,0.205600937797951,0.487803893,0.15119723111005,0.201410901991472,0.464725035,0.288811688580971,0.524971291,0.201316817042071,0.136195347975211,0.188554515793408,0.0375425798416414,0.35666846216666,-0.0870333465274042,0.0487872922087614,0.0942024805757024,0.0398040377565947
"123","NM1704PAR","3","422","16","6",10.6,7.15,8,1.05,6.85,-0.0261950493191563,0.479715298,-0.0130817391537583,0.468339558,0.019937725809186,0.469196814,0.22155984133536,0.516633392,0.229203521852388,0.479523264,0.349853007411967,0.609355943,0.228664285158082,0.509876356,0.244631509289901,0.505091362,0.378919274742295,0.58399757,0.333909393087682,0.532922112,-0.035067258803778,0.175642786,0.143372146370595,0.435148757,0.0832496451472702,0.382265981,0.332308055125927,0.572147443,0.0306449895159576,0.409347772,0.155173729111179,0.428068399,0.313561563294519,0.566473943,0.173067942492957,0.206467915278015,0.511810878,0.30817632559415,0.564847175,0.266744782580744,0.231856366195895,0.260075194197804,0.112627739524924,0.469842108815696,-0.022835852012179,-0.00633358749488015,0.0801820804740456,0.013767031858441
"124","NM1701PAR","3","423","16","5",10.3,5.9,7.25,0.8,6.75,-0.0344047358837449,0.487057649,-0.0299267940729845,0.470243067,0.012961838622642,0.480163262,0.225596170831774,0.51700829,0.235059971347985,0.454611897,0.343608267385676,0.599010834,0.235386249244851,0.499012383,0.256371472267945,0.504301081,0.354998382614657,0.556545031,0.275865616477996,0.482973153,-0.0334304507462424,0.185663866,0.088870559775431,0.420177814,0.085895856326697,0.377008654,0.314736127041699,0.564178745,0.00314821174517836,0.451640641,0.139147829773672,0.40750725,0.281623767882859,0.537189848,0.154297239317249,0.192600495636482,0.503066526,0.28151547466963,0.531262544,0.259195401941666,0.191322036441368,0.23569314474176,0.0858116110666089,0.462983099927875,-0.051024342957729,0.00783569603086409,0.0624677930972764,-0.0100877846374443
"125","NM1712PAR","2","424","16","4",9.05,4.8,6.85,0.6,5.8,-0.0986854061070451,0.485972619,-0.0634680111664112,0.46778296,-0.005123577255086,0.495903508,0.186836513246264,0.506159004,0.222121112794513,0.454049077,0.327842453885497,0.590164152,0.196651037712132,0.49215067,0.24477553336178,0.475498046,0.319337191867965,0.535707737,0.223803544667622,0.44809254,-0.0359237320202497,0.183801595,0.0719003545965459,0.434712522,0.0905740999221446,0.366347533,0.302754385233981,0.548256463,-0.0324007449148723,0.386534024,0.106715056553976,0.365918402,0.227301331529159,0.512495284,0.159318709913007,0.211206378830823,0.512907556,0.301940399101817,0.546535162,0.227739649278843,0.155651826257384,0.22268938503187,0.0643587082999567,0.397822515493582,-0.0245220955713039,-0.0543398150192092,0.0683512092229358,0.0133590116552453
"126","NUMEX_BILL_MELTON_CA_2019","2","425","16","3",10.3,6.15,7.45,0.9,6.6,-0.047156800415808,0.471978526,-0.0419162091188073,0.455568594,-0.00341437305740327,0.447568286,0.202480652179833,0.508376856,0.204659919900195,0.448679614,0.33744702920675,0.608121891,0.227805957675246,0.499870991,0.240078058019694,0.493220403,0.320805607888158,0.543141017,0.270557061435242,0.477008807,-0.0441337461001518,0.181095767,0.06585352638963,0.429431411,0.0747259306229273,0.36904561,0.303976649664122,0.554251517,0.00744857351521654,0.323083173,0.141186184915142,0.407160296,0.284724045318829,0.530043902,0.159679691130251,0.190696116214567,0.504242723,0.292408297936782,0.531495088,0.259195401941666,0.199428902392274,0.242195024596705,0.096538062449935,0.452694586596145,0.0163873887054174,-0.0165040767423208,0.0763731597841093,0.0384039993729722
"127","SW_9813","1","426","16","2",10.2,5.3,7.7,0.75,6.8,-0.0116668703486826,0.482368376,-0.0421126562142222,0.458989586,0.0251640026059408,0.448399458,0.2537150485509,0.538391934,0.231093367615502,0.457704293,0.348076583906979,0.610899396,0.287812529747418,0.527893841,0.262579885645351,0.48142299,0.349423297416198,0.548051574,0.233625793405466,0.447108077,-0.0372009840208708,0.22728027,0.11656909071952,0.438476486,0.0879817325687188,0.379979517,0.309006558503146,0.520950874,0.0115899304654541,0.417553605,0.143109816962383,0.411408217,0.268701802844513,0.529978872,0.169207927491655,0.20489827408587,0.494755509,0.306967455307008,0.516202022,0.25667894172864,0.171865558159195,0.250322374415386,0.0804483853749459,0.466412604371785,0.03554291590353,0.0186264906045422,0.0767686657689421,0.0345681726440586
"128","NM1702PAR","1","427","16","1",11.1,5.75,8.15,0.85,6.4,-0.0164462393608619,0.481220601,-0.0390718595109792,0.466019925,0.0458876364592407,0.492017331,0.262786137461787,0.544885448,0.190416046011612,0.460392536,0.368833509919338,0.621049385,0.286107507224005,0.535471825,0.283360749717108,0.500543455,0.361393240800959,0.547984841,0.261659590694285,0.47041942,-0.0812825624940516,0.330205799,0.0994305973744748,0.443978595,0.118966426438213,0.406397153,0.307295337787741,0.553876192,-0.000953117562547985,0.380259131,0.123058379901387,0.399584955,0.235350152974777,0.522354739,0.164850991670896,0.200486012210776,0.485271374,0.290653707719728,0.524899398,0.279327083645873,0.186457916870825,0.264951604089013,0.091174836758272,0.438976568820504,0.0919703880041079,0.0719428327068105,0.117505811939163,0.0970164727880552
"129","NUMEX_BILL_MELTON_CA_2019","1","428","17","1",10.65,4.8,6.9,0.55,6.4,-0.0494603075875587,0.485181504,-0.0519468867577525,0.465986611,0.0808153346028142,0.463512742,0.280690475226547,0.570891686,0.274974923298613,0.495083545,0.397953312696418,0.625983974,0.236743648654931,0.514009034,0.264255740030276,0.46950821,0.331420181747026,0.523689367,0.213873653463347,0.428324028,-0.124079514061737,0.412907814,0.0577582685526244,0.434395651,0.0806625898649742,0.369487175,0.310124114557236,0.542174658,0.000356464190063988,0.328397593,0.116569352034326,0.385202754,0.207693384981629,0.504899463,0.182618941947852,0.216319823870369,0.490599812,0.318317390179858,0.516648397,0.268003012687257,0.155651826257384,0.224314854995606,0.0589954826082936,0.438976568820504,0.137397409563335,0.122245685179915,0.110485277988728,0.0937497222006431
"130","NUMEX_BILL_MELTON_CA_2019","1","429","17","2",10.6,5.25,7.35,0.7,6.2,-0.0230520923325023,0.487709409,-0.0461404811227264,0.465321418,0.0294130925352281,0.436927264,0.262951507645521,0.549750514,0.287687777808702,0.487801274,0.378284895599134,0.621161165,0.25287065336881,0.514545533,0.260614939149382,0.485470886,0.342954501437424,0.540151808,0.229198405069392,0.445461033,-0.059177497722919,0.301128697,0.0674895792130394,0.436070758,0.0756578335905071,0.385496818,0.302373298546409,0.53862518,-0.00861740431200182,0.36460912,0.113123488411438,0.409609039,0.219489997703713,0.52497382,0.167577323709362,0.205700491301017,0.499785966,0.316991712256875,0.515968027,0.266744782580744,0.170244184969014,0.238944084669232,0.0750851596832828,0.425258551044863,0.125815283944634,0.143730545931181,0.115114277102393,0.0684026238526872
"131","NUMEX_BILL_MELTON_CA_2019","2","430","17","3",11.95,6.6,8.3,1.1,7.15,-0.0297141090668689,0.470657691,-0.024155181323097,0.457016164,0.0300614022110848,0.429447422,0.231583700609696,0.534796771,0.281235272775612,0.494202797,0.384204118401039,0.629475694,0.238670642943471,0.512222766,0.265076667770306,0.515555483,0.347168915771054,0.559732478,0.26483095950731,0.465504856,-0.0640412014442887,0.255229182,0.0630891380406414,0.42055239,0.0848698043745302,0.377981199,0.31994265936841,0.570997881,0.0164464159695834,0.314240874,0.138678975853898,0.401452087,0.279641101810026,0.531806065,0.171886466766496,0.197601233899772,0.506948215,0.308723334614123,0.541321422,0.300716995456593,0.214021261103903,0.269828013980222,0.117990965216587,0.490419135479157,0.0932944992232979,0.0384531501654364,0.0930999917991347,0.0522901478194424
"132","NUMEX_BILL_MELTON_CA_2019","2","431","17","4",11.5,6.2,8.1,0.65,6.9,-0.0375507723576455,0.472818816,-0.0175034660167515,0.464402175,0.0276932016772064,0.450012785,0.233331144069179,0.539145318,0.289372996930401,0.493289624,0.372661462302122,0.621405854,0.239077110672447,0.507932085,0.276169076570477,0.522393546,0.367769000606565,0.560081468,0.26873009150204,0.474982061,-0.0540913486317249,0.24594435,0.0646262972445704,0.420775174,0.0964401905834702,0.397540175,0.306787124561836,0.56842366,0.0146106744379988,0.373128895,0.137667684267657,0.432718204,0.282964642490001,0.535978232,0.187405470702106,0.214854903694512,0.527848714,0.309482492728385,0.536268019,0.289392924497977,0.201050275582455,0.263326134125277,0.0697219339916198,0.473271613259606,0.0754880003809687,0.0269829012434976,0.0709650032924694,0.0383097516867245
"133","NUMEX_BILL_MELTON_CA_2019","3","432","17","5",11.95,7.7,8.55,1.15,7.3,-0.00761425957314577,0.479513306,-0.00127029358942565,0.462897882,0.037237428116256,0.450176118,0.229690081203037,0.542450636,0.290763367875457,0.501783174,0.363585826347491,0.615199737,0.261418513293598,0.517734317,0.281605676283486,0.540421974,0.383691614775171,0.569396048,0.319890965322916,0.517610746,-0.047141780713914,0.229730603,0.102098830448966,0.425553277,0.104277078387015,0.399044443,0.32372785329513,0.571075373,0.0186492603315531,0.433547169,0.154215980901102,0.460943198,0.305413684066033,0.551422943,0.180600284471969,0.200392469563711,0.511603737,0.295456911078648,0.527920124,0.300716995456593,0.249691471287887,0.277955363798903,0.12335419090825,0.500707648810887,0.0942195462965814,0.172258634771417,0.101387836430572,0.0509874982967496
"134","NUMEX_BILL_MELTON_CA_2019","3","433","17","6",11,7.8,7.95,1,6.45,-0.0249585882441296,0.483042131,-0.0107257226426468,0.46346539,0.0211586705284414,0.424401815,0.216216987856235,0.513427452,0.270686838300412,0.489235865,0.351628155743925,0.599201153,0.213773299440866,0.495108679,0.25189521167349,0.516018696,0.37740243248051,0.57436495,0.332680422832673,0.525447924,-0.0592691521696535,0.226347433,0.109175605927255,0.409047535,0.0864273714596573,0.391697568,0.333269336584695,0.575989948,0.0240195522329161,0.385482717,0.148887473747002,0.421151201,0.285927809626662,0.543171457,0.156424311559018,0.171894710802169,0.462672767,0.271156459797841,0.506212041,0.276810623432847,0.25293421766825,0.258449724234068,0.107264513833261,0.442406073264414,0.103466795131794,0.107889251104555,0.107808911101677,0.0724197195574559
"135","NUMEX_BILL_MELTON_CA_2019","4","434","17","7",11.5,7.2,8,1,6.6,-0.0296986876821848,0.477010682,0.00508898901071991,0.468609213,0.0382283584546142,0.471197325,0.228824396208361,0.528540943,0.292060789098411,0.48545399,0.360103081163242,0.604343951,0.237375000477446,0.515124254,0.294737043738206,0.525419547,0.379827533417453,0.565938206,0.319084123375066,0.501807035,-0.0601319904155719,0.310925931,0.0897759014385931,0.423887587,0.0878068163675509,0.392615161,0.326633688525076,0.574631215,0.0348446331740323,0.358053321,0.141546672468863,0.4343925,0.27576727304245,0.537791905,0.178953828704284,0.182931232502695,0.467116367,0.284156582216574,0.513826473,0.289392924497977,0.233477739386076,0.260075194197804,0.107264513833261,0.452694586596145,-0.00596919058293279,0.0614429238122873,0.0739387872423477,0.046422676294484
"136","NUMEX_BILL_MELTON_CA_2019","4","435","17","8",10.2,7.15,7,0.75,6.6,-0.0396085157378815,0.478414596,-0.0197586542096589,0.471806997,0.03056283691189,0.469634608,0.215070494767667,0.508214331,0.266750944337045,0.477325118,0.36483808407836,0.588001376,0.219193852551361,0.501940705,0.307738987253059,0.527132274,0.376057621531045,0.564299566,0.320777384680801,0.499042834,-0.0437496863569293,0.257616183,0.106237636306404,0.425163593,0.102741380824556,0.377486174,0.334079937610285,0.565148555,0.0825042873568005,0.338289124,0.179343657437812,0.443889525,0.316304392415671,0.543224516,0.180028366453875,0.203907709189389,0.480081287,0.310014197538547,0.512009362,0.25667894172864,0.231856366195895,0.227565794923078,0.0804483853749459,0.452694586596145,-0.014982261442179,0.0753921958310488,0.0658903726686288,0.052510099981104
"137","NM1701PAR","4","436","18","8",10.6,7.75,8.35,1.25,7.65,-0.0448782548879073,0.479268701,-0.0170951993286752,0.473579131,0.0603457755262875,0.469677786,0.227951778220593,0.517986773,0.322108524588989,0.496962035,0.363978410890646,0.587631976,0.255134402378474,0.519541602,0.319145097287841,0.542251699,0.404446612741842,0.581453118,0.353292500246756,0.529187996,-0.0526905927660299,0.331353617,0.144385632481562,0.442404915,0.120110446152692,0.405635324,0.35748904530126,0.583337411,0.0817375250858806,0.355553405,0.194192706552913,0.47130808,0.353322830960373,0.581873059,0.192200595741194,0.227830071734699,0.509231023,0.341613448813908,0.544063061,0.266744782580744,0.251312844478068,0.271453483943958,0.134080642291576,0.524714179918259,0.0392493354655901,0.12418140983919,0.0940543135117622,0.106827314050186
"138","SW_9720","4","437","18","7",9.9,6.25,8.05,1.1,6.1,-0.0439369395347102,0.479410093,-0.0124648772347331,0.459078946,0.011373955671733,0.475824957,0.180228352079268,0.508185009,0.30466054830776,0.47562307,0.328004729396855,0.576780418,0.231961789914042,0.508821371,0.284997744480257,0.506732135,0.37551259989599,0.557683224,0.270863054300675,0.474084676,-0.07986569886354,0.374074922,0.0919058635726644,0.421580197,0.0933405128757164,0.399060877,0.338934017061389,0.560898869,-0.0081556732437545,0.370422694,0.111852142866421,0.403782542,0.235662491600994,0.518128689,0.168870511287912,0.181820560701526,0.452957992,0.276392818233517,0.501300451,0.249129561089563,0.202671648772636,0.26170066416154,0.117990965216587,0.418399542157043,0.0518057771722794,0.121078667848684,0.0912750702681411,0.119658712396076
"139","NM1705PAR","3","438","18","6",9.65,6.25,8,0.95,6.15,-0.0330323208409989,0.480246954,-0.0131948214977951,0.460597404,0.00248610727994844,0.463297738,0.200299480788612,0.526387693,0.312339478073863,0.512820513,0.337864283625909,0.597389486,0.246033771019758,0.524408378,0.263963363563698,0.524494554,0.392954913282323,0.576274679,0.291940307594698,0.493603476,-0.0789936662916912,0.308270672,0.117664048065082,0.431459963,0.0983489067331901,0.407385314,0.346458159305549,0.585090358,-0.00399343260101929,0.395623388,0.131305379840844,0.404172007,0.278122471228539,0.538261386,0.170321189292891,0.194610722326236,0.498935743,0.315657930663676,0.543807104,0.242838410556998,0.202671648772636,0.260075194197804,0.101901288141598,0.421829046600953,0.162883828321955,0.146677725079067,0.113012155009167,0.110406919632738
"140","NM1713PAR","3","439","18","5",9.45,5.4,7.1,0.5,5.95,-0.086408257122991,0.492646828,-0.0448755493728821,0.457033925,0.00926990948018644,0.471766068,0.19912723036047,0.524522168,0.32224221690276,0.489205255,0.36113740017603,0.597471464,0.224041485610256,0.504596368,0.263655182080523,0.504185869,0.366235121143716,0.54370774,0.237299279740284,0.457570358,-0.075434082216653,0.314283104,0.0875209008784212,0.427506333,0.0910482617218981,0.381108092,0.34106297883954,0.576165652,-0.0294686126699707,0.409395367,0.117805096882825,0.384920581,0.25570807780612,0.516072543,0.178703253475926,0.21191299592661,0.520140267,0.324803448114473,0.544540533,0.237805490130946,0.175108304539557,0.230816734850551,0.0536322569166306,0.408111028825312,0.153977923215489,0.27520323946594,0.147794005937565,0.149066691490603
"141","NUMEX_BILL_MELTON_FG2012","2","440","18","4",10.2,6.05,7.9,0.9,6.9,-0.0654915693829996,0.484562125,-0.0341753732118258,0.467390301,0.0177166249203124,0.474085458,0.223354451558636,0.538443527,0.330093409782473,0.512852011,0.362966665173833,0.604827162,0.218991828192561,0.503325396,0.270190060232528,0.501851782,0.361922143417308,0.551369169,0.227851661358902,0.454940936,-0.0812235631297708,0.323845236,0.0494492942506603,0.434528162,0.0896774051448507,0.385774381,0.341899775810594,0.591230968,-0.00985422048485553,0.342605412,0.12784357358659,0.410089039,0.269963586617203,0.534814877,0.177613778822884,0.207732569368895,0.525660376,0.321914408608105,0.550375947,0.25667894172864,0.196186156011911,0.256824254270331,0.096538062449935,0.473271613259606,0.119085341647583,0.158069072261867,0.123717176031834,0.113009802989435
"142","SW_9812","2","441","18","3",11.35,6.15,8.45,0.85,6.95,-0.0160943643894067,0.479543001,-0.0126678221059466,0.454905458,0.067272685267766,0.450104273,0.247821881576934,0.549525611,0.350670049798514,0.545698279,0.387223374386539,0.624904009,0.284544806000022,0.540825935,0.290236522777647,0.519224708,0.385864293067508,0.561095268,0.253344663620751,0.447878368,-0.0804799849390771,0.315621,0.0925282280641111,0.427332826,0.100297312411299,0.383269907,0.351757624774876,0.569494029,0.025515452658716,0.324101006,0.145508082116766,0.404514,0.285733387169146,0.537676753,0.180756122906724,0.202495750163007,0.50105699,0.315063243347158,0.526481118,0.285618234178438,0.199428902392274,0.27470442387143,0.091174836758272,0.476701117703516,0.119117293409736,0.016188606917991,0.0706114946850933,0.0802956290402157
"143","MESQUITE","1","442","18","2",10.35,5.25,7.95,0.8,6.7,-0.0363226557271607,0.479236581,-0.0416988148904203,0.45994818,0.0629872242436593,0.437623948,0.263383347238618,0.554515944,0.349434557613166,0.525916292,0.374969722376643,0.606536875,0.270744818718351,0.519672208,0.273124555917646,0.484236305,0.367058561442982,0.531841712,0.213626305337612,0.420376396,-0.0816895400719696,0.3720807,0.0820442004290032,0.435826889,0.0913131591582058,0.375941397,0.326158750717023,0.552547321,-0.021179170813363,0.317224792,0.0991433086907516,0.36980087,0.202477996662181,0.500738688,0.167977667424666,0.213487167858993,0.4919359,0.322294444700043,0.526533815,0.260453632048179,0.170244184969014,0.258449724234068,0.0858116110666089,0.459553595483965,0.148255020499365,0.207627027198918,0.127580317749549,0.141107092780479
"144","SW_8888","1","443","18","1",8.15,4.45,6.7,0.55,5.4,-0.0851844389199942,0.485939646,-0.0762378491499802,0.466918911,0.0999677665319892,0.453570528,0.272967007910896,0.568033656,0.331875866842912,0.522734568,0.36711345304632,0.61051068,0.217450309091262,0.507786708,0.247006173263117,0.438024434,0.324666187844035,0.517154383,0.184695542617412,0.412384531,-0.172749226455848,0.462017563,0.0481378619908906,0.43596308,0.0751066942665436,0.377120725,0.307498120549916,0.536915063,-0.0353424433853742,0.302696252,0.078145739386347,0.34279202,0.146327472100724,0.480628043,0.157827638972657,0.20912598070109,0.469840932,0.294717375082639,0.497207605,0.20509150736161,0.144302213926117,0.217812975140661,0.0589954826082936,0.3703864799423,0.169268550108688,0.188986187762833,0.124554073103838,0.142475899487023
