"Germplasm","Rep","Row","Range","Plot","yld1","yld2","yld3","tot23","sca_yld1","sca_yld2","sca_yld3","GNDVI_125","NDVI_125","GNDVI_136","NDVI_136","GNDVI_144","NDVI_144","GNDVI_150","NDVI_150","GNDVI_152","NDVI_152","GNDVI_156","NDVI_156","GNDVI_164","NDVI_164","GNDVI_166","NDVI_166","GNDVI_172","NDVI_172","GNDVI_177","NDVI_177","GNDVI_179","NDVI_179","GNDVI_186","NDVI_186","GNDVI_198","NDVI_198","GNDVI_213","NDVI_213","GNDVI_223","NDVI_223","GNDVI_228","NDVI_228","GNDVI_244","NDVI_244","GNDVI_248","NDVI_248","GNDVI_251","NDVI_251","GNDVI_255","NDVI_255"
"SW4412Y","1","1","36","113",1.43,1.46,0.67,3.56,0.170604702767547,0.180668661550415,0.175817377759774,0.22474540713312,0.495098275000236,0.179327230675162,0.404657498557791,0.197250189717417,0.477897187213228,0.345251991602462,0.617500596651216,0.0360286057763347,0.351491979949023,0.0634109112766034,0.408974519632414,0.132747436512947,0.417659440143672,0.139081742740588,0.440369867480375,0.185369550464465,0.486480478156175,0.172900432243267,0.563270524068658,0.184179797492431,0.497511615087802,0.258701956106475,0.567185204564207,0.245267769446071,0.435186570653699,0.13200035254935,0.423139437593219,0.264112661756949,0.563480199750642,0.209973508091252,0.516856328434458,0.259026674921267,0.463721475486181,0.213406418505137,0.395119054145423,0.174142619471057,0.326323925508181,0.200807947965779,0.361671748345356
"AMERISTAND_427_TQ","1","1","35","114",1.42,1.64,0.66,3.72,0.169411662888054,0.202942880097727,0.17319323779321,0.205036273554287,0.488780545888389,0.167212647711649,0.410882632078456,0.177443216736161,0.478544337443006,0.329350129161466,0.607993870193817,0.0434518487424748,0.352639753228176,0.0872543624923315,0.40857201258332,0.143765608066437,0.442176580331376,0.154670856531102,0.462105508060689,0.204008372097005,0.526392592592593,0.171051949622514,0.569227162230531,0.182759282440018,0.503169051404346,0.243225937493453,0.557416388838578,0.239827289722108,0.456779345222252,0.154064757653627,0.451149671990008,0.27227394687772,0.582946431909087,0.226793226551311,0.541950035031144,0.271424624279523,0.471866187552462,0.224177151258712,0.412163640540313,0.182461703819181,0.336902483203371,0.198906244589258,0.378101201149093
"VERNAL","1","1","34","115",1.04,1.08,0.56,2.68,0.124076147467307,0.133645311283869,0.146951838127573,0.10523312489928,0.407133072084052,0.108608593073825,0.339482757899405,0.15755785624138,0.456745690977121,0.301954266875841,0.583847458265818,0.0392357452768913,0.367305867613665,0.0658483203228242,0.417926618905889,0.0366035301888506,0.39772590504927,0.0279332703036786,0.399466295968708,0.0979352197414483,0.437220806100218,0.126664414387895,0.532680895366996,0.131828775826549,0.462181325710737,0.218361932936591,0.54439112729011,0.237797709376085,0.450547858783153,0.0376541772419421,0.339058918253292,0.183092043619882,0.509482438259592,0.179281610596804,0.503766567811657,0.250206158685523,0.442007630242924,0.220923341138912,0.403916253648512,0.178526624977134,0.36047557619539,0.179580911472694,0.379953397288119
"HI-GEST_360","1","1","33","116",1.52,1.56,0.66,3.74,0.181342061682987,0.193043227410033,0.17319323779321,0.203225118211458,0.492318139376963,0.165005625526473,0.410558584711961,0.188495442788149,0.488795157393142,0.348267829335488,0.614670836944643,0.0591393999421062,0.344216029833405,0.0974482475837244,0.40640375448425,0.167136896030997,0.458726440247872,0.165665119337311,0.469999853999679,0.202100445406543,0.523548976608187,0.181454015659184,0.567673568935932,0.18274503704368,0.495613609120578,0.253569848843572,0.554874904688754,0.259402793560401,0.475025442703033,0.146702995622765,0.440327852880283,0.235328538526191,0.58107118590399,0.228714849699291,0.554988092153161,0.277428594086442,0.47093097681333,0.240831534511592,0.412854156858196,0.209121591694276,0.348015995872033,0.228484070302399,0.41019627123219
"55V50","1","1","32","117",1.74,1.73,0.83,4.3,0.20758893903184,0.214079989371383,0.217803617224795,0.236110479273763,0.511843575814164,0.188667559609422,0.418685077321026,0.206113494398347,0.493020200781042,0.353649910017996,0.61781462360729,0.0399747484458261,0.349780529517165,0.069742597607006,0.392758857929137,0.124272689042424,0.391161456279418,0.139324316778609,0.429124561216892,0.19825623185017,0.51323082788671,0.192713716970496,0.578359061686349,0.193133350822223,0.496738877915348,0.261821780553495,0.551633092511723,0.267957133018252,0.460258409670174,0.127304483089102,0.396341980270369,0.207503163597538,0.564452298676898,0.235768301523264,0.550737682987425,0.282374363160264,0.476461641167523,0.244822875092785,0.416920833987231,0.224556572609288,0.384406219356054,0.239414077273406,0.419995538038224
"PLUSS_III","1","1","31","118",1.34,1.57,0.57,3.48,0.159867343852107,0.194280683995995,0.149575978094136,0.230405329202341,0.517845943091041,0.162486860199059,0.394098068499856,0.183005866004803,0.481484774244606,0.335856373161319,0.611028411364546,0.0434660694762588,0.350713151568933,0.0660245631305755,0.39687097646076,0.131690301394667,0.421384047068609,0.146079306502468,0.450142934314456,0.195843383195458,0.522567102396514,0.182121688556208,0.5718155456015,0.185182856582146,0.501362240405472,0.253509788305785,0.54817158931083,0.243815222508955,0.448435599951985,0.149591767941562,0.441197905249056,0.196502933899143,0.555612874285073,0.229885023829385,0.53774207480349,0.254382197170346,0.438118816550189,0.202795799086167,0.363799499296457,0.184027501254877,0.327541761408647,0.205181557909229,0.389902084727696
"WL_358LH","1","1","30","119",1.09,1.22,0.47,2.78,0.130041346864774,0.150969703487333,0.123334578428498,0.215638444097539,0.470897938299899,0.171958006726612,0.369376035134079,0.199525848384482,0.480655911999836,0.332639863299037,0.600242008568133,0.056982873937,0.330088592861571,0.0834973158999307,0.395071865512032,0.113056380012881,0.360124528315539,0.119983695989152,0.393216110789729,0.181127220497586,0.498352898176815,0.1740739655324,0.568749411268932,0.172203208512389,0.483047099386969,0.256078723637417,0.543557406997467,0.258919962527282,0.472118000353294,0.146170537115134,0.413778602350031,0.188863819631672,0.544659977989886,0.222361309701327,0.526261841006594,0.256134877857207,0.441526782703253,0.218617661306705,0.387016655635691,0.184329090028041,0.327699771762822,0.204685531422469,0.379779050263173
"NY1614","1","1","29","120",1.36,1.47,0.63,3.46,0.162253423611094,0.181906118136377,0.165320817893519,0.213723242185314,0.482561374718238,0.166661633464588,0.391089245597962,0.190579330260246,0.483979322944292,0.313377270061524,0.602971448669154,0.0659769110122644,0.352581446015099,0.068321205783627,0.399755270529264,0.0662034091066415,0.368090467628099,0.0793531526244734,0.39221175886587,0.155381239032072,0.483156862745098,0.161875255572882,0.567930889169827,0.161234577013267,0.486156605029745,0.237887295107799,0.551712248361541,0.246734032246102,0.463888584446288,0.0885226448439724,0.369261711418574,0.144634972479284,0.515441533796428,0.189053828589287,0.512178087093868,0.256733402969634,0.452797793974265,0.231096349859338,0.407839151020697,0.190330463767321,0.351327399380805,0.186709489824953,0.396694677871148
"LANDER","1","1","28","121",1.29,1.5,0.74,3.53,0.15390214445464,0.185618487894262,0.194186357525721,0.202886337647618,0.48007938865782,0.153530585385833,0.378233329818271,0.174126436651667,0.479894975021639,0.295234944794609,0.601174712037281,0.0506159113370042,0.372212047957415,0.0754213801319338,0.402965355987297,0.0872530621915763,0.37589473823849,0.0948803822727282,0.409201488814704,0.148599938164301,0.493588126361656,0.158731943046312,0.560423499796394,0.145266032991151,0.488068817480582,0.222590360625313,0.537577103039997,0.256566564649264,0.476377722260075,0.0931800694794881,0.377190391308038,0.165199050014316,0.540883907728828,0.205274824880441,0.538840155945419,0.266804477405983,0.479638997286056,0.236541285138418,0.424925000739189,0.191501117592086,0.374347265221878,0.168865514904332,0.406209150326797
"LIGHTNING_BOLT","1","1","27","122",1.79,1.83,0.71,4.33,0.213554138429307,0.226454555231,0.186313937626029,0.252488175251102,0.550665383998717,0.205716766560247,0.441442829583589,0.206151234413485,0.482426523206964,0.319546825857232,0.607808971122081,0.0444638241724491,0.400155822414691,0.0608192798174763,0.414709076613101,0.121174474387994,0.436003938693381,0.139773582115617,0.462424968001596,0.187001006757894,0.52358735380117,0.188488705527565,0.573267192339491,0.178386154727191,0.499553770638108,0.245452890057731,0.547439621304104,0.23903769327846,0.454653535622394,0.130900558935487,0.438704451477561,0.181593343210768,0.537849492157522,0.219138333285707,0.531155616431595,0.271682519867705,0.470261552614494,0.236050356697724,0.411454473913449,0.204916081091654,0.365663054695562,0.135429083798649,0.375644629533229
"N-R-GEE","1","1","26","123",1.86,1.46,0.55,3.87,0.22190541758576,0.180668661550415,0.144327698161009,0.263214890786127,0.551590828392817,0.222961313523493,0.433120339449049,0.205944081815655,0.484156491983557,0.314819885235069,0.609045986107447,0.0555557523840482,0.374283590090565,0.0690083886943766,0.404754347669949,0.101268788439575,0.383163735491423,0.108679669356176,0.413628985840912,0.169588611829035,0.496848801742919,0.169444541042162,0.571400890739777,0.154319906780462,0.482253376371023,0.232669204353234,0.53592222155141,0.248586073436782,0.450705831882302,0.0891834896980231,0.361726464498843,0.132353142099834,0.473388350517958,0.171896835095876,0.474161891873734,0.227546558784644,0.406318082788671,0.212667460908832,0.36874166255505,0.16090671227735,0.316426653649012,0.0791084677388817,0.32953949524746
"SW4602Z","1","1","25","124",1.73,1.74,0.65,4.11,0.206395899152347,0.215317445957344,0.170569097826647,0.279981289436686,0.558479637646304,0.231423209895544,0.424459756857442,0.230179077643392,0.48511640121601,0.351765309357673,0.604274786147643,0.0538648503493633,0.365639637740536,0.071928012315038,0.400796503216671,0.0970119668532126,0.381937421256712,0.108795190963286,0.407196355831983,0.182052486462961,0.498973920708634,0.188988166347148,0.565219999504226,0.188585706184056,0.484423532911603,0.260514879943968,0.546337253113128,0.249305006918808,0.464900551649992,0.127821431485248,0.396876872488126,0.184808809858611,0.514100187568579,0.215431586551104,0.510896728735547,0.275879449772582,0.471023659258953,0.256451989758263,0.447922651255143,0.179138914675583,0.31795237422333,0.102617152131259,0.371495500855209
"ONEIDA_VR","1","1","24","125",1.93,1.75,0.77,4.45,0.230256696742214,0.216554902543306,0.202058777425412,0.250927339094786,0.552876689396297,0.199731998194737,0.413866516856912,0.209190804748614,0.492018677537803,0.334681321703393,0.616440076030412,0.0520248422848767,0.363396426138804,0.0654604316870752,0.40819063857427,0.0632716837443384,0.353859400947168,0.0785878936688869,0.390607236478777,0.156158089207784,0.492333333333333,0.160180365750988,0.577522427473192,0.156421786275555,0.48703120232532,0.220784339721688,0.547852605646103,0.226751108598833,0.460115073056249,0.0861865407319952,0.367942028985507,0.146931060916403,0.522787931344081,0.189949524802211,0.53224687535833,0.259772335000958,0.481298563651505,0.249605046482908,0.464087769310893,0.163090654271398,0.350060592046384,0.100050967967661,0.410023232498506
"REGEN","1","1","23","126",1.93,1.85,0.71,4.48,0.230256696742214,0.228929468402924,0.186313937626029,0.27119308050085,0.562514972318894,0.210769736501433,0.40481847321692,0.209947225647349,0.48686024500875,0.338746563927823,0.611961161146073,0.0751708359175155,0.318826431206732,0.0949331804315224,0.395410348754887,0.103279337643196,0.369147711601052,0.101399293813571,0.39554115019053,0.153191126303995,0.497035403050109,0.158613675352258,0.574790903145399,0.156917505141893,0.483972037884157,0.220393453348575,0.545056001645726,0.210422074650745,0.436713690000887,0.0668258781929086,0.361301032490291,0.137364738108509,0.509981594970611,0.192250883136929,0.5309833536939,0.229759487019733,0.439133556780616,0.211780444670674,0.403127422190923,0.154054833349837,0.325839353285174,0.0817459045234654,0.392287251183659
"NY2003","1","1","22","127",1.44,1.14,0.39,2.97,0.17179774264704,0.141070050799639,0.102341458695988,0.256524401497116,0.513333498382518,0.213978150796658,0.393650320168635,0.224378422716268,0.482142090412807,0.35078572831703,0.605023249078054,0.0782205050701311,0.331340123874277,0.0951468460542962,0.41274687801542,0.0798560624922606,0.330444435600675,0.0735559417248327,0.359855820254233,0.153954345549488,0.463158217234262,0.17413280553869,0.571391884187303,0.163495179096332,0.450785644031831,0.229067159601407,0.534790337619824,0.221111872891399,0.434195876548818,-0.000491260621139001,0.32074745049535,0.0761273352778539,0.380853769767352,0.149225040501003,0.420558002936858,0.201213783321948,0.367660250013191,0.204001939644209,0.36167861878541,0.12396686024617,0.291899294805642,0.062968138994573,0.370926118726743
"NY0651","1","1","21","128",2.15,1.62,0.56,4.33,0.256503574091067,0.200467966925803,0.146951838127573,0.274007698792086,0.579306369012251,0.223551279845508,0.45868857460905,0.204177696761093,0.488239587805925,0.351721689465383,0.627581615605884,0.078552081759606,0.354216830524384,0.0851630872562658,0.405781389478868,0.140793193931354,0.415804802270253,0.138453818160094,0.441700125073609,0.171511307127089,0.512936710239651,0.174838757980081,0.577819092238665,0.16227341003697,0.486814423469278,0.237239826442411,0.552800989125139,0.232821524158332,0.450710569029315,0.0751390891741269,0.362237016018529,0.121025805064526,0.489028447534672,0.173213136519679,0.509673613938968,0.23808225459638,0.455648454668063,0.236968316575005,0.431287030529646,0.146591980179355,0.311842965256278,0.0861776425396224,0.375146377134925
"NY1517","1","1","20","129",2.05,1.55,0.64,4.24,0.244573175296134,0.191805770824071,0.167944957860083,0.275923170676553,0.574960270303408,0.234582828845131,0.452189559055536,0.235261357101998,0.486364728373101,0.359371375917493,0.614627626835488,0.0823818876876547,0.360926887372486,0.0758259273537828,0.394716406071905,0.0495391806294527,0.338272015860899,0.0596324863874408,0.372649854115393,0.147161476089005,0.466278104575163,0.169705959414475,0.567233554214637,0.171972534332085,0.474141521200345,0.240776365920605,0.547405633481583,0.243186935837982,0.463069119539708,0.0655953277756893,0.304276862260056,0.138186123878201,0.513675123835552,0.186311297626733,0.531653480105493,0.267981684827451,0.497333544392368,0.263092509710723,0.465621794478144,0.171444225290379,0.368020674091869,0.10926223138691,0.420202771374036
"SEEDWAY_9558","1","1","19","130",1.86,1.62,0.6,4.07,0.22190541758576,0.200467966925803,0.157448397993828,0.270318713456622,0.579347266008409,0.210724736720853,0.43130924445505,0.204189540972104,0.480123927630305,0.350879232772076,0.616076170378465,0.0802922266734139,0.355754342659554,0.0783208726681473,0.382462523470927,0.0755340600461136,0.374510416858209,0.0840627265593098,0.413760432939619,0.153161058707602,0.487698120915033,0.171188829798293,0.563298398164944,0.171111972360641,0.487052786308633,0.237268974311578,0.547967326969561,0.245331574554428,0.464119264953786,0.0794184905638641,0.359898141074612,0.144504387412664,0.509961364830781,0.189375846938662,0.53784967731586,0.266652373874331,0.489736795619149,0.25598392800822,0.450335782029494,0.173029101041815,0.340962364417267,0.140724002510172,0.392464862051015
"ALFABAR","1","1","18","131",1.84,1.49,0.62,3.95,0.219519337826774,0.184381031308301,0.162696677926955,0.271898450833389,0.575613747182375,0.209938061011667,0.439042340602452,0.191745132351578,0.487413529888841,0.345099440580683,0.613853041216487,0.0667035300541465,0.354634581105169,0.0821804168629244,0.383850681855797,0.0835413332802056,0.34907351463865,0.0961833263018082,0.386678964979437,0.153309154822333,0.491897930283224,0.174078373092419,0.575077678648552,0.149078674548815,0.4763169586699,0.232334362226972,0.559719809161358,0.231708878153703,0.447507507507508,0.0676092520345466,0.316622810740458,0.130223639709779,0.498825112640099,0.169742846488311,0.534933728753371,0.231560496876612,0.459106623812506,0.217406985954558,0.403339135518676,0.141262028553757,0.314478715705544,0.154601720788232,0.38896110656652
"SW4107","1","1","17","132",1.78,1.47,0.54,3.79,0.212361098549814,0.181906118136377,0.141703558194445,0.285533718753643,0.58781783757274,0.217069476236698,0.448991021357833,0.190409817630479,0.484368163323724,0.357878252063837,0.624120148059224,0.0294327141758823,0.38912105141515,0.0702982797049576,0.393405843942928,0.123988299158607,0.407183593038667,0.147246586948521,0.443454232742169,0.180290857225561,0.507706318082789,0.208083611590098,0.56678317344637,0.177669323474449,0.484041260511849,0.240220742708203,0.571185929041476,0.221101075421493,0.43532048113363,0.0844477305953722,0.387446596029716,0.143650538980433,0.505802751738803,0.164713718450381,0.515184321403549,0.219194749120725,0.431961538824284,0.205764843561453,0.389452567942848,0.130315362953134,0.278234004127967,0.174552771693645,0.379652283725683
"GUARDSMAN_II","1","1","16","133",1.9,1.56,0.58,4.04,0.226677577103734,0.193043227410033,0.1522001180607,0.276056042826972,0.558281696516991,0.202551084423514,0.440502492410081,0.191106548216559,0.488570117613383,0.353098861153166,0.6285151549409,0.0397754300203195,0.380937989606918,0.0866836560124812,0.390195339674331,0.0904162122729314,0.350183329349245,0.107542472540359,0.387120630332053,0.162778261399701,0.492074303405573,0.195700090093984,0.562349470761756,0.161513489974069,0.479841588576528,0.21989756966096,0.571172960003935,0.228526531679929,0.451100408366844,0.0575051959576331,0.324425283156741,0.154669514756062,0.518890332851768,0.15850682277686,0.520525672824196,0.205431660041373,0.413711496064437,0.197476746496212,0.380914365514214,0.132912811018256,0.293555641554868,0.184696148694456,0.371614982276096
"SW315_LH","1","1","15","134",1.86,1.39,0.49,3.74,0.22190541758576,0.172006465448683,0.128582858361626,0.293791014639071,0.533170524101897,0.240860422462729,0.455206573053298,0.229570917742438,0.481024964730418,0.377481607626403,0.627382145683385,0.046140245502632,0.362562857638287,0.0994837629672216,0.395662853770271,0.0261708405789628,0.319900290517831,0.0394206016744702,0.350306559245859,0.145425841778226,0.432495860566449,0.199071729850713,0.55037253667987,0.169049051920168,0.455502775502776,0.237464627321999,0.57287903440795,0.247384728530668,0.472088926068165,0.0178993930137261,0.28449299719888,0.146786173409892,0.473767447564239,0.157174946097213,0.473625444329779,0.212554369952649,0.397595762301645,0.196752446834247,0.363243425197477,0.134825237295508,0.282467702084109,0.1952310458446,0.380806196618274
"SEEDWAY_9558_SBR","1","1","14","135",2.11,1.46,0.54,4.12,0.251731414573094,0.180668661550415,0.141703558194445,0.308790031271846,0.575163516585085,0.231896771781495,0.475383804637474,0.222459026539286,0.499660209296256,0.374646780517067,0.641715340844858,0.0257680729802889,0.402731679343028,0.0778746881056783,0.386320558992828,0.0673309846183702,0.336804153976001,0.0904837615129679,0.371664354994914,0.172182471935831,0.479859150326797,0.204809799771195,0.55502412418712,0.171658920871921,0.483499774499066,0.225250215672935,0.572802139443986,0.217874636626857,0.436833546349117,0.0596093400296118,0.294355864084764,0.167622844959361,0.505350212306522,0.164693753016205,0.504434654919236,0.221874131823661,0.414579132226191,0.214267327179261,0.386164409845951,0.134826229890522,0.316280633240411,0.190395127141678,0.373773084455021
"FSG_415BR","1","1","13","136",2.15,1.5,0.7,4.35,0.256503574091067,0.185618487894262,0.183689797659466,0.32005319798896,0.599840138075432,0.22234460091152,0.47125303438749,0.208640345585528,0.506649679336455,0.38949083503055,0.671408547592078,0.0306142332065038,0.39173630070875,0.0855061337768898,0.390742374987899,0.0983810364438222,0.373939742573947,0.120293301024481,0.408666327637349,0.17794685892655,0.49297084623323,0.203625183286933,0.573379936045215,0.165491876273722,0.493897601305009,0.228429081494109,0.579196322159837,0.254868639515578,0.484866091232873,0.0871997990469291,0.36267059012157,0.185084752213358,0.539659314260756,0.189643822343392,0.544851381570739,0.235826733573644,0.435988777165248,0.222900368105923,0.392280436005439,0.15061570199598,0.324244526375739,0.186486521419402,0.393860739969537
"NY1615","1","1","12","137",1.96,1.53,0.56,4.05,0.233835816380694,0.189330857652148,0.146951838127573,0.313816855140258,0.585130954738798,0.221490852556147,0.474394132230309,0.210821606172291,0.50165281741722,0.384211705464898,0.666615146058423,0.0223112126796695,0.406550787942389,0.0697658812760399,0.394275248560963,0.0943297865528489,0.372620087336245,0.117083491126158,0.412227137566369,0.184429573421539,0.496458061002179,0.203664819635091,0.575890533204432,0.174030458228825,0.492319223417735,0.234651988280295,0.579791419615197,0.236917591075209,0.445968806176419,0.0865456888728051,0.334130258163872,0.174645586747443,0.531031055463567,0.183949107120897,0.526648650649687,0.224937112112703,0.424563091229758,0.214701182953556,0.383958004962802,0.145621173902673,0.318068885448916,0.153067273921911,0.376090329937285
"REBOUND_6XT","1","1","11","138",1.8,1.43,0.6,3.82,0.2147471783088,0.17695629179253,0.157448397993828,0.322917388212688,0.597180946642421,0.225807892726188,0.477223779978523,0.213367493204567,0.500045748226298,0.402877491871505,0.673177270908363,0.0339935082605822,0.402168793608555,0.0906029984239183,0.423030019142551,0.182215014984921,0.487549700980091,0.185561460656223,0.491349360968594,0.220069812064343,0.511268300653595,0.236105696671615,0.579996256946244,0.19617063561192,0.500242702595644,0.248073997543177,0.581555792575897,0.223309421075311,0.424285841033246,0.14624379678487,0.439899596202117,0.213574246527907,0.561263451103023,0.222567206282813,0.548864809081527,0.241530362763268,0.444345797286974,0.229690671653776,0.402607404172665,0.148226976456933,0.317865927072583,0.157052716415824,0.369973971889641
"NY0465","1","1","10","139",1.93,1.44,0.75,4.12,0.230256696742214,0.178193748378492,0.196810497492285,0.30931038360604,0.565029378754869,0.22294616634449,0.479879747726724,0.210837762796961,0.505763476708846,0.388880007089199,0.65588976397734,0.0217542997963154,0.405694559673909,0.0457220648248,0.419612398805676,0.0909620746891306,0.370792264504055,0.093681888229672,0.397613284082558,0.173008082899241,0.485440316477468,0.193938087043065,0.580736682338133,0.159636159770647,0.491057913571497,0.230619052197314,0.579673046091512,0.25719809103677,0.469380279933913,0.0787380774612129,0.32155795651594,0.18280582496542,0.544714106344568,0.204406181879346,0.552002862819136,0.247467325783391,0.465933007109478,0.233654622498163,0.426992455722574,0.158634148824916,0.368796869625043,0.161001509551819,0.402841884049588
"WL_349HQ","1","1","9","140",1.92,1.45,0.72,4.09,0.22906365686272,0.179431204964454,0.188938077592593,0.32215839034472,0.591739052523366,0.223772561551214,0.483281629081653,0.210445697162491,0.496415518241298,0.397559787810881,0.660582080365779,0.00636951891770346,0.4180944998079,0.0294129916198167,0.422355751665215,0.157459543436937,0.466551002932686,0.163969696513818,0.474222209431718,0.21016036668263,0.512088126361656,0.226430254711085,0.589155449790536,0.191464485314044,0.503603710662534,0.244349879505966,0.570938175703626,0.233108994307474,0.434067708531376,0.145816393299307,0.434546827426623,0.210018741800209,0.565281561766795,0.221403733022923,0.56060004030981,0.23895089693183,0.445419445419445,0.211893384851011,0.384215960382289,0.143479095119737,0.317886429522672,0.155050164518043,0.367410326962643
"FSG_421LH","1","1","8","141",1.92,1.41,0.56,3.88,0.22906365686272,0.174481378620607,0.146951838127573,0.329364564019884,0.584414287600562,0.248115045207165,0.480421820519959,0.238861010656005,0.499747175844515,0.418818909966877,0.663633417492558,0.0544911502323464,0.330415368210106,0.0554256023587285,0.40218659771601,0.0830272152249939,0.348041539760009,0.104050673018267,0.383423804865704,0.183122811342719,0.480660259717922,0.215573635958639,0.585234376936615,0.192264652775521,0.484819889580107,0.266256245938739,0.584337166652878,0.285943366820917,0.477790766545092,0.121521290803292,0.369250734110069,0.212263277512307,0.545951663159376,0.217416274007464,0.541927713816804,0.249399417797284,0.443357490416314,0.213843616041748,0.373078302927225,0.162691709544723,0.292958048036861,0.148399468645354,0.365279464784931
"SW3407","1","1","7","142",2.1,1.42,0.66,4.17,0.2505383746936,0.175718835206568,0.17319323779321,0.343540074870328,0.616870384517443,0.242573577084347,0.48938676872938,0.235864066507353,0.498552924509209,0.413471772371917,0.674350027006318,0.0280228641961074,0.363467486295137,0.0428402360309636,0.411104678214653,0.132483729442632,0.430153917769826,0.173444122340476,0.467314513806216,0.209930735430671,0.50625,0.234710509005002,0.588719011833808,0.207982112502163,0.499901184607067,0.260602166454522,0.587214317817445,0.26346531570317,0.453189855127571,0.153113878715834,0.420873949579832,0.219328573593603,0.541678820288446,0.226074315199407,0.541812865497076,0.255939125387437,0.449466655349008,0.212396684674701,0.376586627195146,0.163262870346405,0.321696234728877,0.157059005748907,0.356995116630723
"SW5606","1","1","6","143",2.06,1.5,0.57,4.13,0.245766215175627,0.185618487894262,0.149575978094136,0.348383217838935,0.615699714229126,0.250166805932976,0.480813662517069,0.243765294218122,0.502103058302502,0.415629565029357,0.67541671377071,0.0287454760678841,0.335516323590457,0.0498344793894056,0.405700249330501,0.147889093265545,0.415252805717473,0.184783935839119,0.45524564554042,0.214385058501711,0.505247930283224,0.232545443996505,0.59685336689742,0.210413810224137,0.500619805424908,0.25868412274926,0.58784175090951,0.268141096738968,0.468773444725002,0.162372327300591,0.435586895627816,0.229932857375061,0.570802630797749,0.230662994630817,0.555928380162638,0.246307876453593,0.450060908884438,0.209407433381726,0.397575914718051,0.158904072088514,0.31015694874441,0.140678383068182,0.359951414193996
"EZRA","1","1","5","144",2.26,1.39,0.77,4.43,0.269627012765494,0.172006465448683,0.202058777425412,0.341437108506954,0.619553023229494,0.252537547953747,0.50963485086237,0.221822927329037,0.495285802885631,0.398359428017565,0.664955099686934,0.0256509354915581,0.353890307607303,0.0396043253272544,0.423408997935852,0.0920418522209367,0.375136063405004,0.125988281866425,0.418853818621258,0.16682245446833,0.483417505159959,0.200859723310021,0.583290944696463,0.170283928911509,0.496104165167346,0.243803371813588,0.593658016418007,0.281359334181809,0.484730217879007,0.0925855978802436,0.351870202626505,0.187948703462163,0.527303247134189,0.205536899762164,0.542361291065619,0.26283550311596,0.477829854300443,0.239008157482285,0.434478052907742,0.172110048785156,0.3524935500516,0.154980173276499,0.408476735827074
"SW5210","1","1","4","145",2.3,1.76,0.82,4.87,0.274399172283467,0.217792359129268,0.215179477258231,0.370663115347325,0.629189874840248,0.274706523075647,0.51945969056994,0.247531490174878,0.514388486180217,0.423733440778425,0.675831229352728,0.0154280247498204,0.371029864637795,0.0274179013078298,0.431639855942377,0.179920087675403,0.456784582828765,0.206659740980875,0.485247154210406,0.217290690519383,0.518703376906318,0.240505996625164,0.592456668016272,0.213915901710454,0.51342160084187,0.266006976591687,0.588958876970791,0.275537237853818,0.462377775699575,0.145638398150548,0.402709932457832,0.23398866503064,0.55581297675513,0.242406251951333,0.557119411641309,0.281980156344771,0.488079064549653,0.253510139698894,0.44704563184745,0.211276206337228,0.371453818369453,0.168079041862204,0.409364817706827
"PERSIST_III","1","1","3","146",2.38,1.59,0.92,4.89,0.283943491319414,0.196755597167918,0.241420876923869,0.362478715409091,0.632290458270851,0.247656632748,0.529089276007901,0.228659893314981,0.517277580131809,0.416135506973238,0.680997349612491,0.0331059043999719,0.362595258450309,0.0255722050740476,0.420160197858408,0.157671197853321,0.437647082942901,0.186426913746392,0.468884831546629,0.183978367276493,0.517155773420479,0.21194820358809,0.597276373104308,0.177421784090617,0.515216606981313,0.238994015183976,0.596199177584137,0.267051395297454,0.477346413678594,0.108927056739701,0.367741372643333,0.215491948725709,0.547306713616874,0.225595108305272,0.56023439590261,0.263807647974985,0.490502598345736,0.219353561632215,0.412529177019803,0.207484270745172,0.387447383408485,0.16018198462285,0.41891871792965
"ALGONQUIN","1","1","2","147",2.14,1.23,0.59,3.95,0.255310534211574,0.152207160073295,0.154824258027264,0.355977222697255,0.618660696601873,0.244327572709749,0.540936821034844,0.224689565645319,0.527013697707507,0.404264043773855,0.673485824823203,0.0473689500046736,0.337151768400557,0.033823664663143,0.416003078154339,0.135563822243458,0.389720807360143,0.160277085291433,0.427696942266606,0.155296054773587,0.508317315961472,0.186203225828859,0.59052011994225,0.143791188389382,0.502524695732822,0.215786319206629,0.586558101909306,0.249626354708713,0.467090620031797,0.0673932742395173,0.297219008815647,0.174704207011508,0.494929491365908,0.177389044232645,0.515561643159466,0.230390565808194,0.462910733498969,0.186870089514755,0.392198892604572,0.178519095515126,0.331277485879698,0.125415780414244,0.367785875412112
"ONEIDA_ULTRA","1","1","1","148",2.2,1.39,0.73,4.32,0.262468773488534,0.172006465448683,0.191562217559157,0.390715966985119,0.638702147525677,0.243532393354205,0.538408055920137,0.214178416216479,0.517162570624357,0.406975241400956,0.668465915514188,0.0459646951735822,0.35440286340723,0.016080226056816,0.418082165487604,0.12390332236593,0.401410259657095,0.151377920936119,0.424696488617989,0.154949486708302,0.489002287581699,0.204688534003732,0.576059428176557,0.149148452100719,0.500722968958263,0.232043631530256,0.58236747544268,0.25194884052663,0.452309788780377,0.0911448172434306,0.347367068039337,0.219156117670733,0.550175804312978,0.19212489907418,0.536185732246888,0.247265479930256,0.492710892710893,0.184141351856999,0.398514343679706,0.180012525722466,0.365206890793006,0.11767372838694,0.372886641382217
"EZRA","2","2","36","213",1.9,1.79,0.92,4.61,0.226677577103734,0.221504728887153,0.241420876923869,0.266446587868529,0.520652132907035,0.181235834123514,0.432790355831312,0.197694749891155,0.481775525596502,0.345930517388052,0.594989637110449,0.137542599680972,0.380196129539307,0.156434825986818,0.414627266291132,0.120076320032202,0.383670813303487,0.128186364413517,0.416934757256466,0.153364976684937,0.469927330581355,0.163673534530586,0.492619419449196,0.196858684484578,0.488503690856632,0.236618360783635,0.583758292916893,0.28025731918739,0.465024242329351,0.118069463382762,0.41366410912191,0.204872144293829,0.490531562189316,0.194281352410797,0.462030825975614,0.276502296212243,0.480396515690633,0.244036547435888,0.450164099974754,0.222546561238306,0.410672084623323,0.0992582464376463,0.391009642795171
"NY0465","2","2","35","214",1.69,1.78,0.87,4.34,0.201623739634374,0.220267272301191,0.22830017709105,0.249086275093087,0.487632628809099,0.177363702270163,0.434181150485887,0.172156103136902,0.464163686118042,0.339317162735783,0.587809724786776,0.14413431472654,0.395017289038036,0.163986694120516,0.409365173048038,0.109683418804101,0.392775162835907,0.121177511911982,0.434234578173215,0.145077154936267,0.46148082788671,0.160590623044186,0.481245878882527,0.187193075185731,0.477776687362744,0.236166945864101,0.568813489587875,0.270688591456728,0.46972619678502,0.104412820740609,0.393126293995859,0.202305274101557,0.480140763028464,0.180278790841072,0.432145559978377,0.262980392910357,0.459549274255157,0.230890405015802,0.43172569120845,0.213463906520027,0.410616185070519,0.0841409531082823,0.418738311450441
"SW3407","2","2","34","215",1.84,1.64,0.73,4.21,0.219519337826774,0.202942880097727,0.191562217559157,0.282043318350905,0.52666263475087,0.202749665803579,0.464489200262868,0.17846043090485,0.477069404404097,0.362501120210786,0.599864340354976,0.128080412403209,0.395556635687561,0.156524106943505,0.39933110367893,0.176864253934754,0.411385514904652,0.184972098334691,0.468093187138345,0.197473116937242,0.513168409586057,0.194454211631712,0.503850244943792,0.226912553449018,0.491330455511887,0.264382521588392,0.562762564003567,0.252786705955391,0.43909147369355,0.185887363737955,0.44416763338332,0.239825448305764,0.512569293726238,0.213881006729535,0.453823193496684,0.261395682018081,0.440945911534147,0.226474838790933,0.413411391699703,0.23532103347173,0.407904371619799,0.0935874027809176,0.356427455938127
"PLUSS_III","2","2","33","216",1.86,1.72,0.77,4.35,0.22190541758576,0.212842532785421,0.202058777425412,0.27091637133086,0.544878288015543,0.182418670610131,0.464066787972796,0.14936658188738,0.463583798482897,0.35156007666439,0.606927685872555,0.136027400290212,0.398155949276422,0.159408304785436,0.397651983870471,0.183855805284382,0.443046083677336,0.180412122920682,0.479543660710339,0.190081333537466,0.512912689198486,0.177418651636026,0.492913782252989,0.21707187466832,0.495484575484576,0.261283939760361,0.552017244347847,0.263951379699064,0.470730072633187,0.169212115279175,0.464984054227752,0.235455620087867,0.510849731840701,0.22181804672244,0.462668591665741,0.263043299959708,0.451408933761875,0.231238873025501,0.429324050216545,0.225317154005255,0.379528880781402,0.0987082154134086,0.375223648948272
"NY1517","2","2","32","217",2.05,1.87,0.87,4.79,0.244573175296134,0.231404381574847,0.22830017709105,0.267502578252687,0.516266893962972,0.199867476717738,0.458553159262353,0.163025003983289,0.450072498585809,0.347627270545362,0.585394657863145,0.145603772925101,0.382986963501552,0.161001275198741,0.380075383553644,0.107428694980264,0.370924614922555,0.114763307057303,0.416009032553205,0.157950075179155,0.480474945533769,0.161642432465363,0.483133288713716,0.203677809657489,0.486801891662511,0.250707597678958,0.543200534860997,0.263261938407226,0.472087405097786,0.107855639028543,0.369829386299975,0.191509577154392,0.486666324096793,0.203119200580608,0.449622335473592,0.257322067908658,0.460248177895237,0.237932758874364,0.442428543160682,0.236914610583392,0.423623151014792,0.108914338888478,0.418466076696165
"NY1614","2","2","31","218",2.01,2.14,0.86,5.01,0.23980101577816,0.264815709395814,0.225676037124486,0.26348220268364,0.518866064944496,0.171473005976845,0.446772316997935,0.169185796126368,0.465802456663215,0.335684776768184,0.596881335493839,0.124689727075766,0.383970393741209,0.147217660166863,0.397141872133469,0.117770835466081,0.394004165415474,0.130811600561725,0.439885973463427,0.152516467645986,0.476068409586057,0.160868673633063,0.473099824000397,0.202189416757214,0.487097578862285,0.237753307507272,0.531710377540608,0.22113274808651,0.42909068237788,0.0947948743924547,0.395177707446615,0.1689861122206,0.45095805577089,0.182969519996402,0.425755565384048,0.231770422230136,0.425613747182375,0.215342855097648,0.390254543199706,0.213649694379925,0.364051427588579,0.105521941736736,0.405373840785085
"NY2003","2","2","30","219",1.29,1.39,0.63,3.31,0.15390214445464,0.172006465448683,0.165320817893519,0.221472664368002,0.429277626543575,0.160594956771638,0.371601771202058,0.187338880579204,0.445492819999046,0.332198108416697,0.580481591739835,0.149224903656821,0.373446815663333,0.16436990622371,0.4265576197034,0.084050881178593,0.350645970178464,0.0954177565423832,0.403408231498109,0.143165145817719,0.444618270553836,0.157562684972309,0.458306700066223,0.203757943947707,0.44596568090544,0.237684296041772,0.494716011618469,0.263375020013164,0.481066707225877,0.0668272740256443,0.337736207526489,0.17503323548238,0.437750320493791,0.189287863151142,0.382662462929371,0.238714365878566,0.407027348203819,0.222541831972388,0.400090522231396,0.189751320145245,0.321295149638803,0.107066214942499,0.392044817927171
"ONEIDA_VR","2","2","29","220",1.63,2.07,0.99,4.69,0.194465500357414,0.256153513294082,0.259789856689816,0.224300608639172,0.46945623367192,0.141980255136791,0.416413353987286,0.155146920057758,0.470629404187609,0.316223205397832,0.575286832221678,0.133973562958325,0.377870508259563,0.155547124361172,0.410908609597685,0.13261212872744,0.393707747838557,0.149316378471517,0.44831031771127,0.161635490512399,0.483816775599129,0.159493578887861,0.489166944310764,0.186802362886478,0.479402278095089,0.204855174654148,0.50659743883869,0.23481855364261,0.466530544385216,0.130017785720402,0.393872785829308,0.208807560699499,0.504082750067617,0.193678371353033,0.448198521699429,0.267081571667714,0.468255115313939,0.240645252730454,0.451221936402446,0.237057861571683,0.438041956245263,0.121054906574016,0.426419014016619
"WL_349HQ","2","2","28","221",1.37,1.96,0.83,4.16,0.163446463490587,0.242541490848503,0.217803617224795,0.227500291218684,0.460451503833857,0.148820264604997,0.404064998210237,0.160855427133523,0.464684754680461,0.331879413754696,0.597742330907567,0.121632952322074,0.394816235262384,0.150206833884204,0.415641431600511,0.192040682315247,0.459840250510685,0.197230394689934,0.498086130456154,0.198911638976753,0.512417647058824,0.189038020936621,0.504422299893409,0.221360208881384,0.485754354315658,0.204665816749027,0.477717566163831,0.258722273672154,0.464553531819968,0.190056600437608,0.431262939958592,0.239423798555397,0.517637383539263,0.236391266906438,0.460920599272504,0.279218693641433,0.447000094058918,0.246488978586704,0.4341456060523,0.235444463321747,0.408495732864013,0.111354549126573,0.374525668674549
"FSG_421LH","2","2","27","222",1.79,2.04,0.9,4.72,0.213554138429307,0.252441143536197,0.236172596990742,0.277805673486954,0.502618623206859,0.19713973540845,0.444964469898845,0.197527572490397,0.471560966164053,0.359564305629849,0.595839268442803,0.125541584812508,0.386558637095668,0.144313081108122,0.404343152645674,0.144528955009316,0.400937519973855,0.141649643343351,0.444939453152511,0.185050258163657,0.485822905916753,0.183067285023394,0.484846186262115,0.239414496972788,0.493210215563157,0.232503943718967,0.483675783005642,0.273730878213764,0.473263401810115,0.132984579698019,0.388705395201559,0.216747971062641,0.481925046096169,0.229076432165328,0.436746768882992,0.283553547759829,0.455307102365926,0.255765141829668,0.449339164966532,0.262530932361237,0.42452329261034,0.131447076583148,0.413419418898336
"SEEDWAY_9558_SBR","2","2","26","223",1.92,2.3,0.94,5.16,0.22906365686272,0.284615014771202,0.246669156856997,0.278504711396855,0.516232940987843,0.184348937269542,0.43711994715807,0.200867041053876,0.475496074342146,0.345173766763062,0.57968637454982,0.142606571800627,0.400750150910374,0.15535799698248,0.382094693967086,0.102168609223526,0.385063355559334,0.0862290528475137,0.407865916955017,0.155069027063158,0.47617211328976,0.160230725652778,0.483414652204494,0.206295393387224,0.481744406821185,0.188780925504075,0.476316972221663,0.23857833600915,0.461426923710661,0.116595726010167,0.379673323875005,0.190883914481372,0.485377347081033,0.207838988677508,0.454156709183918,0.266863957093467,0.468298295749276,0.23912402487244,0.44334542491042,0.232846280225045,0.435229188166495,0.118725709248366,0.405617114102278
"ALGONQUIN","2","2","25","224",1.47,1.61,0.74,3.82,0.17537686228552,0.199230510339842,0.194186357525721,0.268954056669815,0.501324637599147,0.187182612443274,0.440681054369009,0.183931513462583,0.452066611101289,0.342108456480228,0.577765106042417,0.123867868749783,0.414061269328027,0.140702835497297,0.393885080347929,0.0788146277514881,0.404241153791933,0.0535684959753936,0.412941594185793,0.137851714906469,0.448552954076367,0.151430348258706,0.482866767852515,0.188189031718976,0.472975435328376,0.189456419130151,0.481819869012721,0.236058937369695,0.459978490601328,0.0923058333552585,0.351678610838275,0.172240875428356,0.46936475162006,0.203110582687583,0.436123827896308,0.265400549309674,0.443591490650314,0.236394197704352,0.419321265218766,0.213779985981587,0.415119539043688,0.114895352277134,0.392701717855284
"AMERISTAND_427_TQ","2","2","24","225",2.31,2.04,0.87,5.22,0.27559221216296,0.252441143536197,0.22830017709105,0.328045342524255,0.575359689330278,0.211249942169025,0.474707092099856,0.176750214259204,0.487347931873479,0.354964815239093,0.5879082036402,0.11435063007457,0.399175799370691,0.1412724377466,0.379718495585369,0.192937969184112,0.466634587902447,0.168852089844186,0.487776755775529,0.204894488274068,0.516786383442266,0.187713521031228,0.505217520636573,0.228009597656695,0.487652213130597,0.210007386590683,0.466652877747442,0.242845516240856,0.455973230921328,0.184445053458312,0.437858537354336,0.212574406579537,0.496874478116208,0.235141388232496,0.46640703858636,0.278879160118837,0.44867158984806,0.230971971128449,0.412596236731556,0.225007298559751,0.429449604403165,0.130430398467304,0.381387491082962
"REBOUND_6XT","2","2","23","226",2.15,1.79,0.74,4.69,0.256503574091067,0.221504728887153,0.194186357525721,0.332359662870646,0.577309863339275,0.202150637933433,0.450305031383278,0.191781021686985,0.470494784431591,0.364246453590757,0.593550137543807,0.124611429963936,0.375687607438662,0.15761613043753,0.402064597768932,0.225085532883475,0.476377869925263,0.195219052467576,0.494935203143161,0.21143242600663,0.507918409586057,0.193275640419368,0.498627203093627,0.231027792653415,0.482701219738257,0.234923871139889,0.489235922445156,0.240354223588234,0.451196005694276,0.178130557566917,0.439260956908016,0.201928956779383,0.479734766365782,0.236965223255904,0.44455863241983,0.272455654770397,0.432575126692774,0.220721884619679,0.381226815050344,0.218667827556582,0.377351849234999,0.124952327590672,0.367883790684415
"SW4602Z","2","2","22","227",1.97,1.51,0.71,4.2,0.235028856260187,0.186855944480224,0.186313937626029,0.323912822703147,0.555203950978599,0.20423777790578,0.432844794442456,0.195123210026121,0.479094236358782,0.367127246144567,0.598033940033412,0.14871416163144,0.375644159750485,0.159864948037777,0.424150476361407,0.159909743895813,0.397719478582569,0.127749424211941,0.414232111310645,0.1790749132202,0.475691326969384,0.165428599145128,0.478487998234046,0.218286540291904,0.480876017438739,0.247628489359999,0.51397369074212,0.250889497460889,0.46562784389774,0.118113738310652,0.390951650225307,0.17187090480212,0.447050907387739,0.219880036028231,0.436059181381804,0.264552176442192,0.42110452698688,0.209768788126896,0.372458042490863,0.23638069441003,0.374286277079078,0.140650770476991,0.404416102724276
"NY1615","2","2","21","228",2.1,1.72,0.79,4.61,0.2505383746936,0.212842532785421,0.20730705735854,0.282503865564944,0.530607899725547,0.171503268733909,0.428207984630241,0.177818274057555,0.45976423527731,0.32820439940457,0.554612302320031,0.14004111003798,0.393138784905327,0.143572922462681,0.382724212492014,0.114400922562584,0.387801059288344,0.0916994128173079,0.419160402152885,0.14278572659045,0.462346187363834,0.146053707545508,0.465332000641666,0.202007982270538,0.471861380096674,0.207159567799776,0.511955452598292,0.240431111317661,0.466805906252273,0.0602303606195022,0.356744367312142,0.114478641347964,0.422436984213894,0.173153633801944,0.408750587851391,0.257772781611439,0.435675145479067,0.215843935644059,0.40113385644639,0.222670527634062,0.403241139216114,0.135516773166603,0.409527279938524
"GUARDSMAN_II","2","2","20","229",1.99,1.69,0.86,4.54,0.237414936019174,0.209130163027536,0.225676037124486,0.308688004947792,0.557583774250441,0.202097043149492,0.476230876055628,0.182754440904241,0.483167000862276,0.341375278891731,0.583299864063272,0.125891160390044,0.374980735147892,0.139093808547219,0.412490589930353,0.142912593237708,0.411956816677098,0.116565215330732,0.432977189883151,0.164971701294098,0.485981154684096,0.154706102437191,0.492144964180362,0.202538885579564,0.477326736138454,0.205373746163556,0.51381001254419,0.246042329127774,0.459685412626589,0.0944675749624879,0.321941785409816,0.155835992109026,0.449726123487412,0.199634155920318,0.4384219943484,0.291005247000856,0.452676205617382,0.26222172136511,0.433719758637709,0.234633908130219,0.415803663570691,0.158618790382375,0.418792777681377
"SW4412Y","2","2","19","230",2.28,2.31,1.15,5.74,0.27201309252448,0.285852471357164,0.301776096154836,0.329397145970126,0.579889346310915,0.208305855139577,0.449964536186347,0.200701312098211,0.475180248034068,0.35720147601476,0.581497599039616,0.108780542954789,0.363145386742261,0.129065111527087,0.402457983193277,0.183925005647502,0.444012452142429,0.147514890462827,0.467423314045577,0.183385329337635,0.476608509631923,0.171046724638613,0.479594457251927,0.237308192481455,0.479066660243131,0.221117526589021,0.511195186251031,0.241548358945487,0.454952357201492,0.131749258700907,0.383932773109244,0.202518137350622,0.464415947303648,0.221789423185843,0.448139548216948,0.296943602502261,0.474877780760134,0.26981207986705,0.451731863143123,0.246525453099835,0.423567251461988,0.177036674412979,0.429857960883468
"FSG_415BR","2","2","18","231",2.02,2.02,1.02,5.06,0.240994055657654,0.249966230364273,0.267662276589507,0.316123003134516,0.581201958898037,0.181789594520523,0.434659913897159,0.191082286199728,0.490705535401775,0.352154767573622,0.595117760108528,0.100323701230282,0.377989322780214,0.12516754372359,0.401803991365171,0.139227104419861,0.40676174522949,0.102822809399827,0.434331196861966,0.158334308456828,0.475023747276689,0.14876371915353,0.483369276914306,0.197123967694233,0.478129292770209,0.197368206172425,0.512478512267542,0.228484491973323,0.458390052853721,0.0971416102787567,0.363113573931988,0.201629627989333,0.477038195220013,0.199921708518609,0.458232345569807,0.27471909894449,0.466144066144066,0.250898847969367,0.44307129649215,0.206484337788266,0.406834795321637,0.156813006787586,0.427262035591031
"LANDER","2","2","17","232",1.55,1.64,0.82,4.02,0.184921181321467,0.202942880097727,0.215179477258231,0.282261076672869,0.556661149308208,0.154665534151522,0.415953661721619,0.149821622680566,0.472591274952804,0.323557266451098,0.588431246938237,0.0996210075688545,0.35787832733232,0.131362283335968,0.43441991594502,0.116485504844298,0.400473744082786,0.0819775825918641,0.42467249694616,0.12465485448145,0.45871220043573,0.131564021759214,0.467857698145337,0.160269640716115,0.459935571161652,0.185983125647629,0.5076930989068,0.243893715944712,0.478071012188659,0.0855054246359724,0.358580765639589,0.180091148424031,0.465130495396544,0.16477744075873,0.423516455040166,0.249599002288262,0.446084561770836,0.234232895520104,0.4289652945043,0.177948606909674,0.361593206839407,0.142078436450668,0.400224089635854
"SW5606","2","2","16","233",2.01,2.12,0.83,4.96,0.23980101577816,0.262340796223891,0.217803617224795,0.333622037332966,0.578595124918654,0.203684080026924,0.44686170106988,0.194796555709514,0.493067293040016,0.366175740812254,0.602291140671515,0.107685527915917,0.343879023200518,0.148454467799076,0.443040321391715,0.224229702591223,0.465624468620095,0.193093624299927,0.487652678550179,0.208016454508683,0.511643661850705,0.192469327131363,0.496054492281494,0.220644588096749,0.479795303324715,0.211922036886975,0.508122865978413,0.229623286856664,0.450617670544396,0.176409510491505,0.437179962894249,0.246866413043015,0.503068164576585,0.213833970732455,0.451350584286578,0.262027466624004,0.452193522781758,0.22729521096557,0.423525408348457,0.213999975745018,0.364041296798256,0.15445726639881,0.411402295431447
"VERNAL","2","2","15","234",1.72,1.33,0.68,3.73,0.205202859272854,0.164581725932913,0.178441517726338,0.262518469359237,0.497514498757249,0.155822295934603,0.403213516938923,0.170078232020946,0.456861126445712,0.325933529033664,0.564392860283127,0.11049352414273,0.379850299180172,0.131237478353085,0.422187074677316,0.0671223946370614,0.385617686899705,0.0346740668349763,0.401708203758048,0.105822491244286,0.413444226579521,0.123418825306777,0.464918927256252,0.149401814046138,0.453109824920597,0.165952432826596,0.493551841739978,0.246877574580794,0.471099502864209,0.0418994267983486,0.326732389925667,0.154665460802161,0.416909248958374,0.147647506609447,0.384320923670496,0.24822994576707,0.442205383381854,0.251729243417901,0.452869986876551,0.180256322906946,0.376296869625043,0.144505617334976,0.431666088264214
"SW5210","2","2","14","235",2.43,2.34,1.15,5.92,0.28990869071688,0.289564841115049,0.301776096154836,0.342234926575442,0.579840067340067,0.216374136001111,0.449293623805168,0.213079623871118,0.475461992439741,0.367184978547293,0.584017284043662,0.0957875854923857,0.384371988535922,0.124795041714962,0.415496830311072,0.173477743182395,0.432888933911716,0.139671168129138,0.449694023612566,0.192424156860301,0.479337037037037,0.186492742260503,0.492082992489031,0.222599567652381,0.472633060868355,0.20993888401339,0.501661602033903,0.260130484814476,0.466753302332378,0.152315468118084,0.380035165581384,0.239871957710309,0.481666644768249,0.227267470958443,0.453332350484053,0.297654939337207,0.47411154469978,0.278782505118891,0.465443024443277,0.246529330217088,0.410281217750258,0.176467458096685,0.432629334919809
"55V50","2","2","13","236",2.09,2.18,1.07,5.34,0.249345334814107,0.269765535739661,0.280782976422326,0.327023685872168,0.58729769685652,0.187586320165351,0.425846610874172,0.198231756844266,0.469744917431693,0.361650760402922,0.59499449779912,0.1108727080387,0.347835168833801,0.130823251381759,0.422304856343758,0.157227145279617,0.414668085574841,0.131479064870196,0.434770463161686,0.175172167304635,0.474861971104231,0.173423023058346,0.476307950492972,0.210432521993082,0.468779932564483,0.19452426387646,0.488557954827501,0.260578303681406,0.473449920508744,0.118939770670785,0.393186037700104,0.225778525870126,0.473047076854741,0.218185099011004,0.449294578330598,0.287448878545894,0.471344836050718,0.254079614785294,0.449600724177851,0.219744769816183,0.393252923976608,0.159686243886812,0.405670754043997
"N-R-GEE","2","2","12","237",1.92,1.75,0.76,4.43,0.22906365686272,0.216554902543306,0.199434637458848,0.298180165961212,0.549887177093059,0.164738445691185,0.410760864521603,0.171435937657338,0.475289992338713,0.335715396490912,0.581193051211516,0.110186759660622,0.351165465897358,0.124218175253214,0.409276254361394,0.13682560409518,0.402926401244382,0.111129643683691,0.423741183659175,0.155315426693026,0.475691176470588,0.155141372776313,0.482835671713619,0.18684181852096,0.474635201650452,0.179701004572511,0.483870181921808,0.237934397306231,0.456656593965774,0.1269718358432,0.379053464864207,0.212573249488603,0.472840377599958,0.19436858676922,0.444447241451647,0.246979457866357,0.450218808061945,0.213381723592494,0.420164623093176,0.181009896645866,0.353075635145956,0.106835374052946,0.382741131850971
"WL_358LH","2","2","11","238",1.71,1.63,0.74,4.08,0.20400981939336,0.201705423511765,0.194186357525721,0.305334914138058,0.543361250223995,0.16573205722843,0.388656551193838,0.177373291062136,0.46803613172763,0.351072967204889,0.583081705380649,0.11908018606528,0.348099112484714,0.140288951355295,0.417344565591301,0.171668099844009,0.433009430846574,0.134550560629934,0.443833968434731,0.172181949763642,0.47690522875817,0.1817287156618,0.487328028556555,0.210342530503944,0.466823443506647,0.206461648414016,0.497685474007142,0.248654101416733,0.463601080071668,0.142966985843068,0.383684325904275,0.202384256072313,0.449235322703714,0.206271755317153,0.429503901413723,0.255845045321767,0.433398256927669,0.204635286532151,0.397027685847479,0.187965801717849,0.351348654770928,0.117346574497777,0.38504733260069
"HI-GEST_360","2","2","10","239",1.86,1.68,0.65,4.19,0.22190541758576,0.207892706441574,0.170569097826647,0.30626121106719,0.54937222363693,0.154748768740291,0.417273963278882,0.163281876015459,0.476697227624412,0.351955216885071,0.593939028526209,0.0983904157851539,0.363094165473831,0.120362721267518,0.41452442380461,0.176008028584154,0.454238075081192,0.136975601411864,0.468076309767882,0.171301293078924,0.482127515479876,0.183684904989397,0.498347091048809,0.19381716701608,0.47199884376355,0.204718684295023,0.511408057349978,0.259937975357879,0.46846253007458,0.121147682445759,0.397663134819145,0.118954359271672,0.397038020032672,0.173665206491318,0.41171507199371,0.227973460485989,0.402575379045967,0.186309707736527,0.377925312335815,0.177545902377478,0.33737993996463,0.114870916900512,0.39053667484693
"NY0651","2","2","9","240",1.97,1.72,0.75,4.44,0.235028856260187,0.212842532785421,0.196810497492285,0.322379486269645,0.550657485216309,0.165087173719245,0.419439970038049,0.160333829146311,0.461625842551132,0.346219132877786,0.589403976837372,0.116291675229532,0.363986396203475,0.133177581986881,0.409305000922311,0.145829094423312,0.433509163552253,0.117800077906331,0.447772106881969,0.15045969715324,0.475197821350762,0.170554880144108,0.488172855045102,0.18871604215692,0.477690063084582,0.200197921820881,0.511515387315834,0.260587243754236,0.470778509602039,0.092819383217408,0.359806468041762,0.0741164648095458,0.376477185020021,0.156745699656886,0.400399738945994,0.240393870602645,0.428280992986875,0.217650575018923,0.421717147594451,0.1846915502303,0.378246044031648,0.129237929613505,0.426660979042551
"REGEN","2","2","8","241",2.08,1.82,0.93,4.82,0.248152294934614,0.225217098645038,0.244045016890433,0.339021275762261,0.566292107965679,0.173333163611579,0.434385647430034,0.170406659900736,0.472770355029088,0.344217535830292,0.583309844117019,0.080826522962977,0.363523170602514,0.115168945298188,0.406444911297852,0.124114700836439,0.409418139246946,0.101893154342448,0.429052772487528,0.146541410636364,0.470590707774338,0.179803225806452,0.498985056577697,0.198490443268466,0.48295696766285,0.206641353722077,0.510675381263617,0.267652745400614,0.475806207497638,0.0956992502693728,0.331363589206726,0.112302779745795,0.396733711988777,0.177687660044211,0.435411687925293,0.256324818292574,0.454893243128537,0.217646029735386,0.424795358347492,0.201213247644245,0.407578259373925,0.130348088095942,0.414088396420515
"SW4107","2","2","7","242",2.04,1.84,0.86,4.74,0.24338013541664,0.227692011816962,0.225676037124486,0.354076566360556,0.587728475228475,0.166617933819803,0.443979171696038,0.169394938721153,0.471365529180042,0.3556104627993,0.605357643057223,0.0735718730628939,0.370872679344842,0.116712954376707,0.403665938788432,0.163567797353071,0.451383065065623,0.141149692879598,0.46271687131045,0.16769141633263,0.481819281045752,0.206289585455985,0.496334746287896,0.231063658193417,0.490603053926938,0.232878798077258,0.509882630210255,0.252516647902135,0.448670351023292,0.13003463387588,0.377403810008852,0.164948595754949,0.450564597972843,0.197595204553839,0.432672663779168,0.263043694700348,0.448201435456337,0.238587272666926,0.442666903207171,0.212580842945529,0.391845545235638,0.128807769230636,0.40654269574103
"PERSIST_III","2","2","6","243",2.01,1.89,1.02,4.92,0.23980101577816,0.233879294746771,0.267662276589507,0.363515196868465,0.590504484622132,0.154976973880933,0.431303278579857,0.167678782753394,0.478053612170502,0.359095064556535,0.640834333733493,0.0713886088093406,0.3467914696079,0.0982764416141377,0.408602142611431,0.146424425684386,0.429120276931733,0.117787307777773,0.440586957862736,0.15950106940304,0.484830283224401,0.195365717500046,0.514409657668377,0.212771196193986,0.491994608988073,0.221709243688567,0.515032232530371,0.279818401643955,0.48112595051329,0.091161731677369,0.32566044599658,0.185531722721089,0.485332439877894,0.210113290889137,0.454465753162864,0.270234618545583,0.467097961215608,0.250685843017734,0.45803930465108,0.223122938890907,0.441092540969216,0.136133458569853,0.45237946506036
"LIGHTNING_BOLT","2","2","5","244",1.59,1.86,0.97,4.42,0.18969334083944,0.230166924988885,0.254541576756688,0.34631713498317,0.55044256759943,0.131902330191327,0.403289711917599,0.146515281593285,0.447813697427969,0.348432019932302,0.643831631307231,0.0771747978149867,0.353536064446008,0.095847117241748,0.424772164141527,0.156625026437338,0.42842668919511,0.124337277013821,0.439408504032042,0.146033443460307,0.472388738390093,0.192894564562426,0.500652772122065,0.212892466166069,0.490668556579258,0.227339670149357,0.522641864997288,0.266087575154027,0.462303984656926,0.100438317531222,0.369240287419316,0.200774795934148,0.500581616520108,0.21905660735596,0.45807969002579,0.25361511788869,0.45451792510616,0.241905840774797,0.465910646824557,0.225779238560371,0.42202852750622,0.135110396988497,0.427718202325178
"SEEDWAY_9558","2","2","4","245",1.43,1.68,0.89,4,0.170604702767547,0.207892706441574,0.233548457024178,0.344635692243186,0.526727003932886,0.151103082206178,0.432902961725596,0.149799237427872,0.458116865518306,0.354539718231216,0.644478778058308,0.079381573545441,0.366879847135664,0.0798623183176579,0.4146851196619,0.124478109324146,0.4115956600981,0.0883245117580242,0.422761495789576,0.128632294852192,0.452324618736383,0.17530873037895,0.509309344883328,0.189747371974171,0.482457216574864,0.216890322746517,0.520385761785613,0.295313287418109,0.486410204220096,0.0556399199434369,0.320039946413348,0.183178457901485,0.498993990329114,0.191913115484018,0.439148983137063,0.237810511028021,0.458150893445011,0.23881253123674,0.458489574767465,0.220109399545856,0.420054040397552,0.124556304270896,0.426940540227891
"ONEIDA_ULTRA","2","2","3","246",1.95,1.75,1.03,4.73,0.2326427765012,0.216554902543306,0.270286416556071,0.383167528363753,0.582902083392279,0.172992572022378,0.461394573042199,0.17111261516446,0.472528440641587,0.385974418113742,0.656632064590542,0.0782879091703113,0.376273220117269,0.0670649699892615,0.416663176839513,0.113887788805417,0.393905034798223,0.0770224695869357,0.396542712393967,0.11499520298849,0.438254901960784,0.172179516225059,0.51344537815126,0.199668028848487,0.476767199517022,0.235623663978669,0.526211095682429,0.298240235452817,0.479940444646327,0.0644446396823721,0.328705124561902,0.196773187488507,0.489703518505081,0.19168865753492,0.422581226323128,0.247557548700333,0.457618198794669,0.251275047407803,0.459117840385197,0.228725405083954,0.415268317853457,0.135706823339429,0.410820753079993
"SW315_LH","2","2","2","247",2.03,1.76,0.84,4.64,0.242187095537147,0.217792359129268,0.220427757191359,0.422483215906095,0.61275016740703,0.208918548984883,0.491618719991417,0.212043225175847,0.493959658223088,0.423733590255921,0.672529173104219,0.072645295274084,0.363919274449042,0.0583292221766153,0.437685758513932,0.10781560433596,0.359819700806087,0.068013472023321,0.366576372182305,0.122316147910497,0.43015200378397,0.179492231739365,0.523141716863737,0.206049351081031,0.478330737154267,0.251879527870622,0.538258275649688,0.309934307468935,0.478861941369574,0.05309390486418,0.284220679576178,0.203204948182447,0.487737762069313,0.190912555719423,0.402285192829568,0.246956393077268,0.451007921596157,0.2530686786391,0.456247512344458,0.239372641653754,0.396459838321293,0.145240070765738,0.397705670272042
"ALFABAR","2","2","1","248",NA,1.79,1.09,NA,NA,0.221504728887153,0.286031256355454,0.439098118956997,0.646110889938562,0.207579142772329,0.506340717031303,0.199120173973328,0.49836006047835,0.428264580115116,0.669431272509004,0.0288837250456878,0.420103110893511,0.0245312127613144,0.459095584722183,0.1426228078883,0.397823226713651,0.11252782717916,0.406150312197353,0.133927757709985,0.471160348583878,0.187321021022203,0.53464019236013,0.194605537829603,0.493929968238969,0.268087409582406,0.554547995501086,0.32577672242815,0.483825747493568,0.0980977325871259,0.319609304591402,0.229998471344465,0.527483390050235,0.200329064303516,0.428727701606959,0.274909869946751,0.477223288987995,0.277570877632534,0.469068917440541,0.252425561550349,0.418151874785002,0.166390585268865,0.411810812820704
"55V50","3","3","36","313",2.23,1.99,0.85,5.06,0.266047893127014,0.246253860606388,0.223051897157923,0.289205342231373,0.537970272283998,0.233774847919013,0.468821341924194,0.21385976871021,0.467557733269349,0.315181517346758,0.58846239841228,0.106355274616238,0.366993634052662,0.10688674121036,0.420649171949482,0.157076701163928,0.412772533824404,0.164227179652265,0.466793492279016,0.18833112356683,0.516072626418989,0.184405040626502,0.476303508187416,0.25325521177348,0.498964704132434,0.216039870279303,0.528918046862946,0.336879718980902,0.484818728763365,0.119111983097716,0.39664787126972,0.203015729157708,0.463418849652679,0.198536640397105,0.421006689508892,0.262699358608437,0.458371587783352,0.235015340474247,0.443560753381506,0.209501293463573,0.383703522902937,0.0861704215580669,0.374183970540035
"SW4107","3","3","35","314",2.27,2,0.84,5.12,0.270820052644987,0.24749131719235,0.220427757191359,0.305365669491564,0.570190348866819,0.230160834911081,0.481932926990945,0.205177967279974,0.494507060731835,0.314567890248998,0.603848123264077,0.107145187629879,0.38503025873676,0.116652617555884,0.408267899074199,0.204243159062127,0.476663663277127,0.213892373340642,0.512021212160953,0.1973843484092,0.535172222222222,0.185903984530015,0.491560853416256,0.257239232562183,0.494352748470396,0.218978291651227,0.526225853552734,0.341748208684813,0.506672750548183,0.149799113387235,0.434498647944026,0.217185656035786,0.473445082866611,0.199901124471456,0.43339429163736,0.257616908425367,0.457345160286337,0.217483026736565,0.428100158982512,0.21200252171776,0.378973061161569,0.0734751825242778,0.366450509407303
"ONEIDA_ULTRA","3","3","34","315",2.25,1.9,0.92,5.07,0.268433972886,0.235116751332732,0.241420876923869,0.302961072171753,0.559799559554461,0.228935408105362,0.476701687857085,0.181668922130194,0.474899443687615,0.292516004838157,0.589673369347739,0.123723046492106,0.384233004923839,0.119885432143427,0.396284829721362,0.141474501951819,0.415866687409326,0.150603324770095,0.45712614853467,0.141830112878799,0.50562788671024,0.157998155856164,0.474405691480132,0.23029132502057,0.495906387671094,0.205028580803693,0.514262338784553,0.330514253239178,0.506410275822041,0.0997261562462435,0.369973477313631,0.200292687181174,0.469716586068964,0.174427332683542,0.431389271108053,0.238306968864673,0.445420363067422,0.204878766845946,0.415869198368301,0.194948492712689,0.369112917096663,0.0493686932183726,0.394152833208013
"SW5606","3","3","33","316",2.01,2.01,0.76,4.78,0.23980101577816,0.248728773778312,0.199434637458848,0.324066497311692,0.573969306032272,0.248795733789289,0.468513105039176,0.211748493868687,0.476521556442142,0.321490670914656,0.590499199679872,0.127145351431678,0.379410543794105,0.139640272304457,0.404568037741412,0.180962237723994,0.4485348084741,0.199839156527975,0.493139055572589,0.174912519636185,0.50187424750602,0.197790912675185,0.487276110050707,0.264459660294763,0.504698095213096,0.233156442033169,0.517759755287678,0.285225787646303,0.461951285704593,0.164685423622451,0.422458653026428,0.22801855745399,0.474020762280464,0.184857438473373,0.399819565613813,0.245029854698324,0.427531733414086,0.181708178433527,0.373610267677422,0.202257522405092,0.368204764361885,0.0662143934478091,0.347650281351479
"REBOUND_6XT","3","3","32","317",1.91,1.96,0.77,4.64,0.227870616983227,0.242541490848503,0.202058777425412,0.307841109799718,0.569743890822322,0.229263909206846,0.481009127789047,0.198396055952324,0.482508729053248,0.310586797112936,0.589132155104194,0.10748500172076,0.376865555770889,0.152124124710196,0.426282760752407,0.21739216507992,0.47255819358311,0.22003881105015,0.507851637273602,0.181479573061474,0.520728976034858,0.197150042912304,0.492264218462716,0.260433623925259,0.496620684855979,0.233245934474877,0.51166475485165,0.252174538030559,0.432768062179827,0.176978565539984,0.443973693825356,0.229465773090157,0.486762671873729,0.188932345040774,0.417933587531929,0.247074591661279,0.428263557675322,0.190512972217444,0.386448111397401,0.182836161506768,0.336585606070338,0.0469127144289723,0.32005273102358
"NY1615","3","3","31","318",2.28,2.08,0.8,5.15,0.27201309252448,0.257390969880044,0.209931197325104,0.311979921599643,0.57019011308227,0.2276964626052,0.468404901290201,0.202395267298487,0.480210511719956,0.301090907379917,0.58466392835161,0.0964030330049464,0.378683539770454,0.136257716229616,0.365733451275247,0.126946229309796,0.387745928956845,0.141323839905469,0.438389324456514,0.136761625666207,0.490454139433551,0.166964128742547,0.487054874813362,0.241621205814894,0.493974185512102,0.219636332617751,0.510090731088497,0.244610015383556,0.461603699238546,0.108521531267148,0.385674339300938,0.190970422769336,0.45847609874947,0.15789617487583,0.403657155471097,0.234607658692014,0.436584330701978,0.179542174867061,0.393345933664035,0.202695553703822,0.374948721572053,0.0568681039587892,0.39730497508738
"SEEDWAY_9558_SBR","3","3","30","319",2.04,2.01,0.8,4.84,0.24338013541664,0.248728773778312,0.209931197325104,0.302488024535547,0.548995439926812,0.214847590799442,0.460852092696443,0.194473801432007,0.470155799546096,0.294549054035966,0.572012912788434,0.113733694040184,0.365518824141413,0.150996914262552,0.380401255340682,0.0994202594851007,0.374785390138588,0.12507235454915,0.433584885315319,0.132262530064778,0.491425116099071,0.159621123105404,0.477877097741752,0.236530830239977,0.492792138543773,0.20159011747112,0.491554249707638,0.221710103184703,0.433520579402932,0.114701645863548,0.385212994288625,0.192567629951066,0.452801026597818,0.150853753618648,0.391451176962013,0.222523216622646,0.426069461363579,0.165635158706203,0.390293386692981,0.183781608681489,0.374270433222426,0.0423826175169059,0.388483180882973
"ALFABAR","3","3","29","320",2,1.83,0.86,4.69,0.238607975898667,0.226454555231,0.225676037124486,0.299482608873612,0.559298399494478,0.206729183591927,0.461830003889381,0.184112412482075,0.468352907500484,0.297800524372574,0.586092374169399,0.117937044638469,0.358404957002768,0.153900364301186,0.389981817288319,0.0756213828639466,0.374958183039499,0.1122236460273,0.424238973325741,0.13022489926065,0.476771786492375,0.161393946856981,0.485280979648497,0.218837841990618,0.491885187810064,0.206171499322077,0.501130318702917,0.230429338649245,0.450952209470426,0.105402932406743,0.392898169368758,0.195808732887822,0.459544338089615,0.156969077102547,0.392431833232559,0.243321148162219,0.442787631022925,0.187838939121649,0.401841640202501,0.189593307252605,0.376633556931545,0.0632434600512901,0.403666107544296
"SW4412Y","3","3","28","321",2.15,2.11,0.76,5.02,0.256503574091067,0.261103339637929,0.199434637458848,0.315585436805527,0.55774540455913,0.230298051853553,0.48406539593525,0.198437967784725,0.471795749930142,0.30910869156819,0.575326130452181,0.108037551261933,0.365953710975543,0.152719968608556,0.377768056116421,0.106902328872609,0.422756130898749,0.148716063060789,0.472712462824561,0.168716722301443,0.495452941176471,0.186178733914705,0.478668789101544,0.246924869061946,0.5006968465792,0.221302377987053,0.501019001130691,0.208849683991239,0.415262825851061,0.158605993449921,0.420445511537949,0.210783565384596,0.480063856876159,0.177462979274233,0.417554510791101,0.248184064625618,0.443761255525961,0.182223092799438,0.392738206522604,0.207071372954847,0.407850447196422,0.0743813617251297,0.379371359163134
"GUARDSMAN_II","3","3","27","322",2.35,2.01,0.86,5.21,0.280364371680934,0.248728773778312,0.225676037124486,0.316901953875366,0.572646516519066,0.23550510501873,0.475305668244309,0.200840410841013,0.462222615108731,0.305744632033804,0.576190476190476,0.104114508406045,0.388011895655769,0.146734089285117,0.369051550444739,0.0812574112238015,0.377953206007171,0.11739218212134,0.445298059655731,0.153983712324635,0.48547235122119,0.168767278329469,0.487135329902886,0.228322800612593,0.492201485681287,0.203117664125762,0.484049649053372,0.218766408282804,0.438544520816045,0.107112740901087,0.36283022299829,0.186874129612416,0.465426471137967,0.163560742645869,0.396788651828818,0.240634527686131,0.430122253651665,0.197597777864129,0.412586229248688,0.198824409587116,0.384201066391469,0.0677650055928604,0.403767327973471
"NY0651","3","3","26","323",2.48,2.1,0.77,5.35,0.295873890114347,0.259865883051967,0.202058777425412,0.316791426634514,0.573357674269025,0.231160113245016,0.485406775569325,0.199975378916942,0.478026624275014,0.304131213157039,0.578394132646464,0.113781044666322,0.388719001848471,0.155020676062314,0.369669705117275,0.100074043790433,0.402015216566976,0.128632674936478,0.466393941138099,0.152747219089351,0.502058387799564,0.164217914519674,0.484941292151079,0.225523565546736,0.500392799216329,0.200492452701906,0.495592539672957,0.192470492083706,0.411328134857547,0.118498306522001,0.390610157106321,0.185115508942427,0.461953620073519,0.155976059459436,0.391832031058037,0.229561415311318,0.432983900630959,0.191343891311032,0.401158593584749,0.183567444716506,0.365701476047943,0.0508453112894738,0.388345355841452
"VERNAL","3","3","25","324",2.11,1.64,0.69,4.44,0.251731414573094,0.202942880097727,0.181065657692902,0.300193263610369,0.571213771703968,0.218192080667769,0.471138255843243,0.1807197365705,0.47142735668763,0.286460058853349,0.576705229176873,0.0965533915888869,0.391644708285025,0.139624803726631,0.351181703450611,0.0196929797533167,0.347793258394446,0.0562509853143841,0.367353160176952,0.0941470246698968,0.44078345373237,0.132222408170759,0.478484420316799,0.179550632469075,0.483739970776352,0.18699591288638,0.507270487166243,0.204576973170341,0.451516907002354,0.0528353159472705,0.324614785044453,0.1449363852351,0.410135300054753,0.124914484626545,0.353701784188957,0.20627437577902,0.405626558567735,0.193787801641326,0.400435374522596,0.152621578083777,0.372108817320333,0.0478527189706183,0.407712514701062
"SW5210","3","3","24","325",2.4,2.1,0.91,5.41,0.2863295710784,0.259865883051967,0.238796736957305,0.333365559191386,0.581003664091899,0.25322888831343,0.490913806360949,0.219766629884936,0.47662887539444,0.317137293731246,0.564984738289935,0.0965682324960149,0.384154378472966,0.155579863703639,0.38007625792792,0.155096893843602,0.449777074943763,0.192509391719346,0.499699779339515,0.187713929414237,0.510784204793028,0.196025228993679,0.488035637162354,0.263146494669202,0.503289599760188,0.231675204924774,0.504817848377044,0.220299242631868,0.432120019178843,0.146494237226609,0.406104006820119,0.208740394024328,0.475035787557145,0.181542454933897,0.410041091326398,0.262698706686006,0.450595438830733,0.236200336322001,0.443668106379543,0.227287969106418,0.417403406000968,0.104257772021466,0.41727473290201
"EZRA","3","3","23","326",2.36,2,0.93,5.29,0.281557411560427,0.24749131719235,0.244045016890433,0.319979293713622,0.579402215431627,0.195688359111072,0.445689744776159,0.214411153909367,0.469447713821467,0.306805509940654,0.575625981334238,0.110785618304476,0.359411948946833,0.161035903275434,0.3935797088066,0.0954373195263253,0.39696807439379,0.137429525167226,0.442760282072621,0.145304036714077,0.483232352941176,0.157307920134531,0.489305642962031,0.228843719522873,0.495750918110946,0.210190348076701,0.504969153815021,0.211858892015999,0.433714843403425,0.0953933451595426,0.353331912475135,0.185801402490969,0.459908040820904,0.167048090171507,0.411398078565739,0.248452506018267,0.461900403076874,0.215164229515493,0.444651580984777,0.203681866313972,0.393939628482972,0.0906884965986735,0.419023174658261
"SEEDWAY_9558","3","3","22","327",1.79,1.66,0.74,4.19,0.213554138429307,0.20541779326965,0.194186357525721,0.291295250607947,0.551811179017061,0.171863913831538,0.455903813519999,0.191233357259571,0.478279474806954,0.29155724975293,0.577725188730201,0.118482796603959,0.374645239948915,0.164364904948825,0.378427687686,0.0905895908386501,0.398867442173376,0.119473594494647,0.441205759224099,0.130957630000527,0.487328108875129,0.142380530672026,0.465594308519868,0.205867128291844,0.492566858797796,0.192968702386136,0.497200700328027,0.200278392866601,0.424406591465415,0.0707649066833786,0.333170359052712,0.168201918773835,0.450024745211911,0.148767580722755,0.399677134011499,0.23463780052006,0.45199806376277,0.209678696778582,0.438257697232704,0.193561698644172,0.377120313037496,0.0724909687925084,0.420815547457921
"REGEN","3","3","21","328",2.16,1.86,0.85,4.88,0.25769661397056,0.230166924988885,0.223051897157923,0.318543512851357,0.57257472012374,0.191447207342003,0.470825453984603,0.191713281737474,0.474901960784314,0.295609048267277,0.583360344137655,0.121208078227131,0.369845637000782,0.165144901301053,0.360211900144673,0.0862888500873035,0.386856877308818,0.117348096271454,0.425987473172441,0.139709468992388,0.467834640522876,0.157306627165583,0.480104112441437,0.214835530691949,0.499631252281855,0.202658772943277,0.50673358888797,0.213285744350792,0.453560673670586,0.0765434774374172,0.351914341494173,0.174611242064999,0.454157403681446,0.149494519142277,0.390547349630014,0.228078889427423,0.44974959680842,0.210176492422843,0.428085545783097,0.189425832757766,0.406129170966632,0.0750638903241203,0.427930393396297
"HI-GEST_360","3","3","20","329",2.11,1.77,0.75,4.62,0.251731414573094,0.21902981571523,0.196810497492285,0.327584206149449,0.591447976496996,0.196270057757174,0.486696429755134,0.200610273379193,0.48641533255638,0.311378959183522,0.590267174134228,0.106051898736111,0.375098911884273,0.165901223098696,0.37751908790272,0.153789580559961,0.433272418137561,0.167792708660774,0.478109926127552,0.179803314038693,0.496732788671024,0.183196274810403,0.498826490948802,0.229483220391268,0.503760444936916,0.21640533641276,0.510334310483231,0.213310001619909,0.437105508870215,0.13839763294998,0.3873311748942,0.201087637920494,0.46568242638538,0.157211678337907,0.388238255654685,0.227438210296656,0.420786561963033,0.214509554703351,0.404940792719697,0.189596114530563,0.343689648823058,0.0730509154835364,0.396923380955135
"SW3407","3","3","19","330",2.17,1.94,0.83,4.94,0.258889653850054,0.240066577676579,0.217803617224795,0.349868065463884,0.596260390626588,0.216938398721564,0.468373072690875,0.228563702405454,0.473118227969591,0.328669012707914,0.577229277361169,0.114537253462631,0.364765609151007,0.164431163048622,0.369465570843722,0.140169042153499,0.40428745949453,0.172613823604354,0.456521493680619,0.184105961061101,0.479313832989336,0.200064459554769,0.489779543731345,0.259821209934787,0.501770043135505,0.240656372141726,0.513860994277971,0.232852248617355,0.440123795059679,0.146805939583988,0.379889167788327,0.21832342909385,0.456875718774669,0.177845763573249,0.393201078767288,0.244756145051568,0.437495555142614,0.223057562817837,0.415732217953879,0.20670970609516,0.381752159260734,0.102574990809331,0.380591457822067
"SW4602Z","3","3","18","331",2.08,2.03,0.7,4.8,0.248152294934614,0.251203686950235,0.183689797659466,0.346893177453961,0.587570735364853,0.215122148184731,0.468479335988842,0.217770593536412,0.476943745868177,0.322022794035998,0.573996720819692,0.105950745290366,0.361657615829982,0.153941347647814,0.38077163529849,0.118650442883945,0.371755389245414,0.140067594331175,0.434068754951261,0.170826045978304,0.487635620915033,0.173804374177874,0.464669109934723,0.242284705982955,0.497545674016262,0.236929131200829,0.493185516119247,0.218323329502745,0.427832033714387,0.127442273129314,0.347113525544898,0.209809449737507,0.450097742360374,0.167795359721974,0.384139981983983,0.228337124321509,0.418307077130607,0.20159475738046,0.38893199927362,0.198832491948958,0.341977655879998,0.077308728831095,0.384521468371026
"PERSIST_III","3","3","17","332",2.33,2.18,0.83,5.34,0.277978291921947,0.269765535739661,0.217803617224795,0.336935434199929,0.593112025955163,0.198078997889826,0.462804591072399,0.216967636792298,0.486071016141733,0.314849750609198,0.595021291027622,0.104349164066568,0.358832672053443,0.158780806371676,0.370151235522079,0.11593190329354,0.407294903938573,0.142093254814116,0.468671116790743,0.162439851254634,0.485203159041394,0.16492366140495,0.47323963213604,0.227581884130654,0.499634607869902,0.212042575381123,0.502064536614053,0.212470182402287,0.438094731105112,0.111419444024953,0.391843624406284,0.192941330781791,0.457620960519919,0.157718095624017,0.38796869625043,0.2270798606546,0.43276226315442,0.192566180883629,0.393860409260561,0.18817236087512,0.362248452012384,0.0838695673693017,0.404809499020847
"SW315_LH","3","3","16","333",1.81,1.72,0.63,4.16,0.215940218188294,0.212842532785421,0.165320817893519,0.336275531507786,0.576701539201539,0.226372780763726,0.483179712047091,0.238793380791978,0.499995924224184,0.313079394829422,0.610730677921393,0.12394756525087,0.356728047296419,0.17324883182589,0.393133499553668,0.0800791584330589,0.345209350115592,0.0939807655547429,0.381627708914293,0.136207770915411,0.449772424320605,0.153718249804723,0.458716938102675,0.219763949956118,0.492408632350754,0.217137146593367,0.498716736095738,0.220202826100703,0.454501387200349,0.0475397396696342,0.301173547679942,0.170564061405117,0.419874793025879,0.139702883465816,0.352548635704894,0.21160230891535,0.400249141425612,0.168091089898763,0.361581728155826,0.190936551856164,0.345216718266254,0.0785576746319263,0.382460427632213
"N-R-GEE","3","3","15","334",1.93,1.92,0.61,4.46,0.230256696742214,0.237591664504656,0.160072537960391,0.333964558606797,0.587650902111686,0.209358937521949,0.478703629194496,0.213655050007756,0.488815416877133,0.29699550060776,0.607376950780312,0.119964542337471,0.366653066636747,0.16824852287954,0.364307917146792,0.120125919348707,0.410555208983157,0.1365957185448,0.45318213985785,0.154008501560436,0.478223965141612,0.162696299461955,0.480735448364368,0.219223409481954,0.498033862739745,0.202827817683589,0.491125911217745,0.198300832472642,0.416143072613661,0.0805036231284834,0.346558031908416,0.165685848641819,0.411243999674559,0.121573805604827,0.323624921334172,0.184735039146598,0.360532419355949,0.143611813877984,0.320035908119072,0.164630807539501,0.340850600996022,0.0544753541455534,0.341114003123373
"NY2003","3","3","14","335",1.62,1.45,0.52,3.6,0.19327246047792,0.179431204964454,0.136455278261317,0.335835993286344,0.559486791349536,0.220212265674489,0.462157707910751,0.244252845343452,0.489187555017721,0.314566860390227,0.608831532613045,0.122445014817467,0.375705246551542,0.16917037929567,0.385929633391818,0.0629834063716879,0.351425824436472,0.0727355954546305,0.37368276076874,0.139489153290719,0.441809259259259,0.170581559144729,0.460211009513938,0.225660156508534,0.471851899576917,0.21706054878683,0.490662963782845,0.235141258922342,0.441030476843626,0.02229425242763,0.371199610278894,0.152683439851145,0.372938229906743,0.122499258079864,0.283405315136334,0.198837324963252,0.353227023815259,0.174821887470489,0.352317073448101,0.162129892292008,0.324099362391823,0.0520355738561738,0.354348140436115
"LIGHTNING_BOLT","3","3","13","336",2.22,2.26,1,5.48,0.26485485324752,0.279665188427355,0.262413996656379,0.342123166468823,0.596888351300116,0.209043852752536,0.487554562682765,0.226353232267022,0.490997226141065,0.308445867476765,0.612594741932648,0.0975633645323142,0.372948783357694,0.164586149820461,0.369693687954557,0.191314344170702,0.475409098137071,0.187563275651888,0.512460784556583,0.192072071329129,0.507553857069143,0.202099582106836,0.499561240425374,0.2399128012724,0.498050992168639,0.216487614157413,0.508215885282155,0.221315987611381,0.437509157509157,0.147389174232745,0.415395316375709,0.215228769204795,0.477825224349289,0.178445648256132,0.389803430143987,0.256731401210973,0.453174947292594,0.218452774035625,0.421962296715419,0.212159809153222,0.390785298613877,0.0868081985751241,0.379508688431125
"PLUSS_III","3","3","12","337",1.95,2.04,0.9,4.89,0.2326427765012,0.252441143536197,0.236172596990742,0.344310078962342,0.594943600335757,0.20352959687845,0.481584507260671,0.225325144705788,0.49302241978801,0.31433690922207,0.611710944467473,0.0937788393533932,0.392250219906086,0.161939061679862,0.388217810201003,0.196973868244316,0.471721363371599,0.187438329192597,0.504440843103188,0.202106537303069,0.512840631808279,0.208203492884919,0.499620733249052,0.252550912161493,0.499137512617314,0.233326834304213,0.503353465155401,0.239909307254931,0.436529609193969,0.168392441220562,0.419500163701844,0.233540191522078,0.490070739521557,0.203698839441955,0.418303532866891,0.259460103277632,0.455439077988098,0.204972442515611,0.407462398020338,0.221870017364027,0.375173718610251,0.100025782820779,0.378991458923786
"NY1517","3","3","11","338",2,1.65,0.78,4.43,0.238607975898667,0.204180336683689,0.204682917391976,0.333377362963762,0.567166636180721,0.204662831283737,0.47378669362926,0.217422404458531,0.480754053446196,0.306972823977979,0.59529160543141,0.105759887042941,0.38022645358065,0.155247518501526,0.359410421916816,0.0883837942572984,0.366687996861764,0.0862315106101564,0.392585457973722,0.140038408019363,0.468113180827887,0.182322869356188,0.489878878619485,0.218536324958805,0.483772970831794,0.217824344909241,0.499658556546122,0.231774418881365,0.443993054235269,0.059619443695412,0.333640365237004,0.183599793268981,0.452981416857424,0.167822992883153,0.384969212354545,0.235878777899327,0.445387327740269,0.191545748166551,0.411697837701372,0.219449133801635,0.377759287925697,0.0913747808456843,0.414903943878436
"NY1614","3","3","10","339",1.91,1.8,0.69,4.4,0.227870616983227,0.222742185473115,0.181065657692902,0.322356091670229,0.560708508992823,0.19297910335681,0.488323230294892,0.203076369130284,0.487788413776846,0.298453819918404,0.595921669116077,0.10128649914251,0.373557776668546,0.1491702497106,0.361337765875581,0.100468747820465,0.399402321971903,0.0976769673244982,0.434621834834703,0.139118208697615,0.475084601823185,0.175470153873783,0.475085822875406,0.210450443376478,0.489874093323184,0.204539932344164,0.50224386709867,0.214001198392071,0.442011388551181,0.0706069518779042,0.358833472783053,0.160061254323039,0.435834614209034,0.145740971523777,0.352154655303139,0.216554934314523,0.413411884000119,0.188256043233437,0.389100486500133,0.200803874720557,0.362463020295838,0.0649949817553282,0.37135123075779
"NY0465","3","3","9","340",2.06,1.87,0.97,4.9,0.245766215175627,0.231404381574847,0.254541576756688,0.341392462712057,0.581596898018467,0.203509605337414,0.483966147884863,0.205491006979576,0.491222815160127,0.319577296673327,0.611867115614381,0.10773556414493,0.354775027171726,0.159734030061815,0.351097995496972,0.0980290686021199,0.382620209655915,0.103111299764976,0.415911323433483,0.136789396392159,0.474443790849673,0.177492632637891,0.485338489378052,0.212101930896472,0.49608774549951,0.216584813808835,0.515312632066169,0.218145544640699,0.443611797660241,0.0893824889606913,0.36384703446596,0.181873444162841,0.448872485053177,0.16264656393739,0.376976264189887,0.230138556586185,0.449090954973308,0.186519643043015,0.399889007917284,0.198296650536837,0.390879505329103,0.0811467102593112,0.404518287157538
"ALGONQUIN","3","3","8","341",1.88,1.89,0.73,4.5,0.224291497344747,0.233879294746771,0.191562217559157,0.337460795832039,0.577120292561469,0.206734409971119,0.492635862317088,0.205512402400664,0.492010961533604,0.316132916671006,0.606127951180472,0.106363340611428,0.370762090584007,0.157220231914085,0.354523347800659,0.0794857089540634,0.377496988093472,0.082472824157736,0.404643491549015,0.121364976947086,0.469489164086687,0.16625649209749,0.485939862670732,0.202056959061325,0.495413462127377,0.207557104694148,0.51591471093829,0.219406779974205,0.457960555711421,0.0816308126454159,0.357035142559439,0.168845201815716,0.450870005959095,0.149749659491253,0.357544652711794,0.213108072098203,0.4176092058445,0.179694999712231,0.387048948435999,0.183571293463869,0.338024399539244,0.0641684557500054,0.37989340869091
"FSG_415BR","3","3","7","342",2.05,2.12,1.01,5.19,0.244573175296134,0.262340796223891,0.265038136622943,0.35425836811473,0.595511487423252,0.210130037484662,0.490891451950953,0.207837092185641,0.492512625488151,0.339742767812873,0.615113489341925,0.100665835091776,0.379297694454928,0.150221127588312,0.335828422784945,0.0977060219302865,0.385731447940226,0.10984752057366,0.423624806260288,0.13907187077828,0.480383006535948,0.18963630743828,0.502782117252187,0.225888604854092,0.501833812422048,0.227476448073726,0.519129553976911,0.223382398310592,0.437262760307743,0.123201983210322,0.38824016563147,0.198507987406548,0.48108723808016,0.17760536880214,0.393959451622058,0.240032840663041,0.450891737166247,0.198587114669646,0.41547156851373,0.206086614026759,0.405212628838388,0.0922917012332207,0.40392012262132
"LANDER","3","3","6","343",1.57,1.81,0.88,4.26,0.187307261080454,0.223979642059077,0.230924317057614,0.338732779600144,0.588235294117647,0.185044062073325,0.480489544758112,0.190777281462543,0.492186413423248,0.329770351100694,0.616827825300524,0.107579657433634,0.368124321755115,0.152736290585201,0.357653461384554,0.0888336648249994,0.369198959490309,0.0870416687086525,0.399387869319979,0.115116748993155,0.471949346405229,0.167305692001273,0.495130492725725,0.209722678461346,0.493027511113975,0.217175257579815,0.515532211287982,0.236679930652406,0.466023982459969,0.116237470775292,0.362799658994032,0.191272314155196,0.473224310471076,0.181006887948425,0.394715575902412,0.23338551009857,0.44737403560933,0.19762435822362,0.413650661517362,0.202380166528184,0.370182318541452,0.0909925021849461,0.384828338415012
"ONEIDA_VR","3","3","5","344",1.71,1.76,0.89,4.37,0.20400981939336,0.217792359129268,0.233548457024178,0.347819362295637,0.578812518273303,0.190922242840857,0.478637449432515,0.186543802953421,0.479137701309234,0.329438599101537,0.614892414364849,0.100411093865983,0.377818815556574,0.140840082778839,0.357483800655156,0.0922663962048878,0.374971682996343,0.0805649305743778,0.398344876358728,0.110950329120957,0.450513523391813,0.166810964250115,0.490546590317543,0.204641532606174,0.492137453357497,0.216587111657288,0.532733974977708,0.231536195457387,0.440985588805658,0.0949785534718898,0.354146992130185,0.182814946863554,0.468269630836476,0.180664095135664,0.394314708339476,0.231493853297651,0.464294546647488,0.204491439062081,0.423967011697383,0.215631386727285,0.400808823529412,0.108343417263808,0.415267896735882
"WL_358LH","3","3","4","345",1.94,1.7,0.7,4.34,0.231449736621707,0.210367619613497,0.183689797659466,0.380750480155316,0.598578637601007,0.223055387243515,0.504326710542912,0.219875750513194,0.494713880399734,0.363397946358417,0.627075152931128,0.103812566150546,0.375133377513304,0.134044823538132,0.383208175577923,0.144003044154721,0.402382165304868,0.110199997660568,0.423454367599609,0.143145359862156,0.467655010893246,0.191400774984891,0.514487053425107,0.234229024745015,0.492361316925456,0.252462611633059,0.526941386658438,0.248394595928936,0.43088001496306,0.157994743442061,0.40415487407084,0.21210011710452,0.464698625889741,0.203744141662113,0.377116025068863,0.230616531062765,0.415329309446957,0.207559076159056,0.393095291706753,0.205590277460972,0.327612229102167,0.0990622667000187,0.335487965097543
"FSG_421LH","3","3","3","346",2.28,1.96,0.76,5,0.27201309252448,0.242541490848503,0.199434637458848,0.399662294971886,0.600134750870045,0.248423786952238,0.514244230645965,0.2291006719598,0.482969732905328,0.392847135489637,0.62953159739232,0.0817511043477851,0.371835328130315,0.0944222747817317,0.402070768106574,0.137201387910771,0.379072449940675,0.10477250546799,0.390313864404787,0.133260875104744,0.441125381263617,0.195948655716292,0.521189057120646,0.24743676281133,0.503040366569778,0.283561691370976,0.537907378711548,0.290143602654869,0.450033841590935,0.138209917144726,0.357481443755954,0.220828352517095,0.447153817229482,0.217467091267744,0.35928084008934,0.257618038220009,0.424067943675787,0.236172764913902,0.410190028824597,0.233995297654786,0.330546527412013,0.125608223401999,0.358495286020013
"AMERISTAND_427_TQ","3","3","2","347",2.28,2.05,0.9,5.22,0.27201309252448,0.253678600122159,0.236172596990742,0.4035876792472,0.62767815880561,0.235606995544159,0.537837991607994,0.217851422898075,0.502379797775701,0.386291995054046,0.644959983993597,0.0406437840477139,0.399986513303663,0.071862239476817,0.421281620340444,0.189200665489289,0.43993432295115,0.167758076959213,0.465947371750885,0.158778075401978,0.478207666838665,0.206215555135935,0.538318587346833,0.2401945386009,0.50972539395053,0.258242890269483,0.530609102525211,0.280816320342054,0.446802685037979,0.190726250374112,0.433941334109401,0.242086638996315,0.48427084638947,0.231665083091184,0.407786991448562,0.259560347402736,0.440428358075417,0.244000805989119,0.429883708500219,0.212577226095335,0.339515434913865,0.122779271245777,0.365945316179569
"WL_349HQ","3","3","1","348",2.17,1.94,1.02,5.13,0.258889653850054,0.240066577676579,0.267662276589507,0.410259836462208,0.635340213526488,0.221149439037083,0.531658082435138,0.208964516884153,0.497504804841645,0.412916545966871,0.664398994892075,0.0233944784228573,0.438346397089346,0.0736536497524573,0.430422443576973,0.224795554521448,0.45101765870462,0.213175762258347,0.483214794501119,0.161509391952048,0.477066339869281,0.21714467546891,0.547511198311924,0.247086041012704,0.512188552188552,0.265837027292096,0.527861293907459,0.295616822976583,0.453161228455346,0.206869359657328,0.439049316696375,0.248751996890955,0.48718618545321,0.231193039803342,0.417386690358963,0.27376659644198,0.454740454740455,0.263631015183008,0.44055350477971,0.231130963352895,0.374033203584994,0.150839515331355,0.377926179321286
"SW5606","4","4","36","413",1.83,1.59,0.54,3.96,0.21832629794728,0.196755597167918,0.141703558194445,0.405422673062559,0.64915082194494,0.210057294759268,0.482143058372774,0.250621323435989,0.519584606706573,0.371118663050412,0.625849839935974,0.0969774522174397,0.356124632945651,0.110980804707654,0.403547634438391,0.178884489774693,0.381837389608651,0.184879639473945,0.428540925647179,0.249700293241296,0.550973297213622,0.172622059006655,0.534336778959371,0.189418941652167,0.478231600584542,0.226396738221239,0.555391430149435,0.311221646060959,0.54225941640963,0.15716329188631,0.403274631591767,0.223826761136237,0.496576048833798,0.205955210785373,0.413453275583361,0.198163255952517,0.406233123880183,0.172407355464325,0.353941278341018,0.153654668259191,0.279498624011008,0.0820575958830979,0.323115936640143
"PLUSS_III","4","4","35","414",1.58,1.43,0.54,3.55,0.188500300959947,0.17695629179253,0.141703558194445,0.395350387877108,0.659406978279527,0.191970141114886,0.486609758846067,0.233160193039184,0.517243332856257,0.364470227734157,0.641240496198479,0.100426311444823,0.385241587531493,0.111036446375128,0.374843002975995,0.179736679240369,0.380483774295744,0.179298724738982,0.419804846237328,0.236702945327057,0.545445860566449,0.16442787582224,0.548546144121365,0.168309561371449,0.488307697019013,0.216424141221374,0.558879206831552,0.280207709416794,0.530245034950917,0.153197221008596,0.39663329679698,0.226124397973313,0.501257127276166,0.203860286437122,0.428731296728187,0.203163065501207,0.426270171368211,0.182532818377007,0.377901203399815,0.161219690851205,0.29922213622291,0.093356832939202,0.350105847648794
"WL_349HQ","4","4","34","415",1.73,1.51,0.61,3.84,0.206395899152347,0.186855944480224,0.160072537960391,0.396488378056491,0.659904247894444,0.202312844763355,0.494310188165553,0.230868471302028,0.511868044054605,0.357538113124441,0.632697993995805,0.105935717685429,0.387581929161726,0.120161227043524,0.378719978515375,0.16633243983727,0.384737342405141,0.166850228530231,0.430792927744441,0.219847372347109,0.513110348583878,0.153579788658523,0.528023297424697,0.16468368964657,0.488774778257415,0.213112386142095,0.552898890451633,0.25171345086468,0.509350672395655,0.150559160870176,0.414361165341558,0.218910962840364,0.488687613657104,0.192981199574401,0.415727736028332,0.184042378847078,0.40442627501451,0.165980430449336,0.354534656360214,0.148842763949026,0.288675924617499,0.0841854245138697,0.349647656506064
"SW4602Z","4","4","33","416",1.55,1.5,0.51,3.56,0.184921181321467,0.185618487894262,0.133831138294754,0.399046194933781,0.65562581935131,0.208486067921792,0.47737292685837,0.233974762162742,0.500904200237416,0.365219626003396,0.62557234553014,0.12788292501933,0.390070164821029,0.138663693316231,0.394810970542063,0.103801142839922,0.330780766455054,0.110898810458779,0.362625466347455,0.185093409417795,0.475146091331269,0.133783328132118,0.506448500104888,0.160909636957127,0.471081348728408,0.233883119527591,0.564035070066343,0.271391322860794,0.527174579423714,0.107681360740052,0.345283810493895,0.209050625152135,0.454392165622112,0.185704938052125,0.395850533195734,0.180716547994167,0.380498604028016,0.161300413588438,0.345549740601495,0.148829911051265,0.281217750257998,0.0739429635167921,0.323035621328177
"EZRA","4","4","32","417",1.82,1.56,0.63,4.02,0.217133258067787,0.193043227410033,0.165320817893519,0.378432904786411,0.631411925039376,0.197534838341592,0.495332199817046,0.212956184859129,0.500668247834414,0.343665068464428,0.622467040100134,0.119020220094904,0.384259891798823,0.131443892697299,0.370188209062889,0.0714006686706,0.352186963720847,0.0798392799546169,0.361891872162119,0.161194891759906,0.474748910675381,0.122640897480176,0.510623930988324,0.1381918177415,0.471552003219851,0.202479695776296,0.559928804455982,0.239281106365388,0.490136760586588,0.0807928518234386,0.347092048940788,0.188677979337299,0.465040339338606,0.175106944289769,0.408238996038944,0.190685381458469,0.426511767688238,0.184295209564468,0.406195086780797,0.163091445530574,0.336108961128311,0.0742662175061122,0.3750496462105
"LANDER","4","4","31","418",1.75,1.54,0.65,3.94,0.208781978911334,0.190568314238109,0.170569097826647,0.374759216581919,0.657974940818078,0.179568955441358,0.486260679032215,0.198411169495919,0.503621515587772,0.343792242512889,0.639079524186356,0.119499057363103,0.372867024535784,0.128862641687926,0.389276941545849,0.0904738534729009,0.330334544298069,0.104371514097886,0.358957538278013,0.158990980325912,0.48952908496732,0.127714259091819,0.533270370094941,0.1333067636663,0.478801796448855,0.2019130716854,0.572446521974941,0.220635090832962,0.474379916248428,0.0991315511112181,0.347055185710648,0.192673586038447,0.471133129712578,0.17218348454384,0.406728858944459,0.180018151863095,0.398301879674429,0.175113698284461,0.361849967002839,0.167195847688935,0.315906002751978,0.0670309694905761,0.368532758236038
"N-R-GEE","4","4","30","419",1.93,1.62,0.55,4.09,0.230256696742214,0.200467966925803,0.144327698161009,0.366847759768682,0.625870254204968,0.189517493474154,0.487832183245171,0.194990192169548,0.498501221982418,0.32439961974842,0.614982854128198,0.109509135226305,0.381744927111567,0.119522200883001,0.4237919738687,0.109730510390074,0.343638403985504,0.141624117186615,0.412943317808632,0.177010057120785,0.480990282077743,0.138844459969249,0.51780829806225,0.162759971455681,0.477828962910465,0.206717669933947,0.539088455544152,0.220855332981784,0.439332294003574,0.0885067133749247,0.359437340153453,0.180471393121611,0.431606514984597,0.166478757725923,0.35860412887622,0.178202225780694,0.370494405788523,0.184884737546896,0.368727070923486,0.164906782178334,0.309935500515996,0.0669853779882871,0.348116336013265
"ONEIDA_VR","4","4","29","420",1.71,1.72,0.73,4.16,0.20400981939336,0.212842532785421,0.191562217559157,0.372525889156376,0.63525521319639,0.18479618237895,0.489859613476033,0.195319579638279,0.50449272347962,0.333670261607195,0.629264705882353,0.115534198464655,0.377512685805687,0.134345570736799,0.449352541016407,0.101971263921634,0.328316759018018,0.134387228389253,0.399785119527263,0.167913123170301,0.484762962962963,0.135666433829456,0.524718715680105,0.136613636587221,0.472853027319258,0.19053436562403,0.555424970763765,0.215967275384622,0.455417874622027,0.0876277216241952,0.346035332007199,0.202753879856641,0.488038208359064,0.184631419292345,0.429590929939227,0.20471640668174,0.440120946003299,0.217557110285679,0.439101931546151,0.199571237904571,0.381922159560483,0.0857912213970899,0.414270345306264
"PERSIST_III","4","4","28","421",1.85,1.67,0.84,4.36,0.220712377706267,0.206655249855612,0.220427757191359,0.395526567628404,0.642783224400871,0.196880790833248,0.495898046507312,0.208459809130665,0.507200427226142,0.353048586206318,0.623507806710128,0.0946722469237657,0.390242998534597,0.123974032694267,0.442356938316018,0.113775019957327,0.334825719450705,0.14127211597342,0.414399914346478,0.174078335196704,0.488414596949891,0.142009499006803,0.531096403163035,0.150450752379485,0.477305800743079,0.207907445511063,0.551067721978618,0.221867309588386,0.450776582126063,0.0994968833271016,0.377893557422969,0.22928051124125,0.499097756595541,0.216894871199814,0.441709300460272,0.229370941447554,0.456615668380374,0.232195145412452,0.44387189512158,0.211684976673096,0.384579217142197,0.0876254050536048,0.423169838240114
"NY0465","4","4","27","422",1.75,1.66,0.87,4.27,0.208781978911334,0.20541779326965,0.22830017709105,0.402061386921405,0.643794386441445,0.181159861371918,0.474485443264527,0.2012943101551,0.49028213192488,0.348172370024299,0.611447664267501,0.107772700977577,0.398140309242014,0.13804157761803,0.447735524979222,0.106842375379598,0.342726097003353,0.122656775493824,0.400169514658647,0.158948974813092,0.481805448056416,0.133499576663421,0.524937904365286,0.143299106604773,0.47102910397028,0.206468624612588,0.558023250353853,0.214622727615403,0.457257603624386,0.0716686229119533,0.330706125928632,0.211942416775104,0.49314967884653,0.204265699649581,0.450380063919841,0.223788943699888,0.459739342092283,0.240054637151474,0.457529740694041,0.202774530319855,0.402863455930527,0.0882515135801859,0.418753129570412
"ALGONQUIN","4","4","26","423",1.95,1.67,0.84,4.46,0.2326427765012,0.206655249855612,0.220427757191359,0.4074339734092,0.637885625630724,0.195197760894444,0.499204641959195,0.216466565919942,0.504763438222004,0.339140964974857,0.599428219718381,0.0958402362770771,0.411145504858377,0.13149759438597,0.432871055872133,0.104120839804824,0.387566102152775,0.0863885954014508,0.432542195309496,0.167487978849727,0.491764270152505,0.140473633212757,0.527272547785634,0.144136844623323,0.472608735595979,0.199875033978836,0.546940089754684,0.212644360938055,0.453310518777647,0.0739379812439368,0.355666630288479,0.195648808207292,0.473103809203394,0.21062371020123,0.425311681206991,0.227362908988561,0.450498448537664,0.240781475041219,0.442318748145294,0.194016633281067,0.362422600619195,0.078187159929944,0.407819340125431
"NY1615","4","4","25","424",2.18,1.96,0.95,5.09,0.260082693729547,0.242541490848503,0.24929329682356,0.42942606396059,0.660136259891162,0.209989332398501,0.489903294440206,0.230955275069667,0.493250322026621,0.34037201470978,0.596784866412933,0.0860161143181314,0.405545778796908,0.122816547586502,0.417884048356185,0.107927537902381,0.36075995316018,0.100656808747166,0.403781682605416,0.181147508221287,0.491189155486756,0.153694956815615,0.523368254790903,0.172262907017468,0.480539362892304,0.215888807645502,0.55513339102319,0.199383859858786,0.432077579309413,0.0912710096315716,0.35991075217966,0.21029120850224,0.484947903664481,0.220055615040791,0.454742247776304,0.230495215509019,0.448261401202578,0.246848612526118,0.442414896593134,0.222594863892871,0.402368851049192,0.0902628359761744,0.415768214857231
"LIGHTNING_BOLT","4","4","24","425",1.87,1.8,0.84,4.52,0.223098457465254,0.222742185473115,0.220427757191359,0.427731353538824,0.666686118892001,0.19960528775278,0.495463543637428,0.229827258721388,0.503181077783912,0.341300710524164,0.608096575480627,0.0921721666514913,0.397068108137576,0.127329618818911,0.399789862550665,0.145115595741257,0.390671168030531,0.132368024986463,0.445842446186715,0.196377261184898,0.507131917211329,0.144141146940608,0.522734191021541,0.17357133941556,0.487556643687048,0.212583136258595,0.55087191932563,0.175841766329347,0.412200210400902,0.130182043330162,0.392012805122049,0.234201883366934,0.509894517412213,0.236032351346079,0.456868023763593,0.232122671299155,0.457034115857645,0.229687284552223,0.436263478828488,0.200763467857068,0.368924148606811,0.0822335208857938,0.385479289060757
"VERNAL","4","4","23","426",1.62,1.4,0.65,3.68,0.19327246047792,0.173243922034645,0.170569097826647,0.410884630049147,0.659350625772194,0.167813543799182,0.46776465568092,0.201200011917675,0.493792421219239,0.318934079758638,0.605029511804722,0.0958012611143921,0.388572548100347,0.129247802865494,0.383513071895425,0.0457499696909752,0.315089561256571,0.0505442719908563,0.344829924340119,0.136454813529181,0.445561437908497,0.11373075537345,0.520650950645745,0.120362076898767,0.463470878285693,0.181407369733059,0.550579917221764,0.186137227398646,0.452067811756393,0.0561907355790312,0.285445019758745,0.190286330691473,0.476116780681096,0.19422709710991,0.434556694924666,0.202712580891373,0.442366430601725,0.210872607103516,0.431717352292964,0.157229771747476,0.360726076846987,0.0650275837619289,0.400927853934101
"HI-GEST_360","4","4","22","427",1.6,1.54,0.8,3.94,0.190886380718934,0.190568314238109,0.209931197325104,0.427690899604003,0.668639406253325,0.186711048403095,0.484136194180298,0.220950868456391,0.497203905893258,0.332174212136188,0.606928271308523,0.0911703121000939,0.376474328243522,0.133628548387284,0.415640034300015,0.154301698928605,0.389103519136912,0.142127276185872,0.421853328077322,0.198834584691125,0.491748366013072,0.148389107041705,0.521321969806033,0.159988907247308,0.475101045894809,0.206360013599099,0.54631310387081,0.201524700083778,0.445899844100536,0.120551364680615,0.369960784313725,0.224823459603895,0.498451734624544,0.214961597187495,0.439338535218297,0.228423824820561,0.453464006405183,0.225903547872806,0.435137419366628,0.18601448098364,0.344692950340215,0.0907163423415019,0.398807168885253
"SW4412Y","4","4","21","428",1.58,1.5,0.71,3.79,0.188500300959947,0.185618487894262,0.186313937626029,0.439952026553455,0.665391190146092,0.189867741336405,0.465203796901735,0.213153877565333,0.488713072176058,0.328511077410748,0.601413874967027,0.100313524287283,0.363203645714687,0.141469962714865,0.408573271413829,0.157194846090577,0.405446274702759,0.147318894310564,0.442013406715209,0.189517325381411,0.492960893246187,0.157557864698996,0.526474907143474,0.176183499070458,0.478144882850765,0.218460880163185,0.552848790711784,0.196473199294034,0.43732711950705,0.123605741912046,0.381895506028498,0.237412574402429,0.50237466440675,0.226734122450005,0.463667993513195,0.229593114248381,0.446689584924879,0.218276056318407,0.420819215420526,0.18847791250584,0.367067901631061,0.0896387790196726,0.383268263057435
"FSG_415BR","4","4","20","429",1.67,1.51,0.74,3.91,0.199237659875387,0.186855944480224,0.194186357525721,0.438978844372122,0.668610238708278,0.205772375911704,0.501370088476179,0.208939672193129,0.501376110054727,0.327910109091846,0.614144276544699,0.0882416899175985,0.374567783034324,0.121744313853019,0.410914185150287,0.138646388434717,0.403746268748199,0.125069496117818,0.448180787331065,0.180585947850755,0.500256862745098,0.154451740108346,0.526537269775167,0.153771366275066,0.472803632831982,0.202594717289569,0.552306588047467,0.215296670220572,0.466183505076239,0.100443160685316,0.339270247229326,0.22016437870827,0.497560902500332,0.215870963116196,0.443835958269749,0.226729386978573,0.455369961252314,0.218491040473897,0.419507313422991,0.176572862903398,0.354591073271414,0.081890807171072,0.401176966361766
"REBOUND_6XT","4","4","19","430",1.82,1.86,0.85,4.53,0.217133258067787,0.230166924988885,0.223051897157923,0.457938713102714,0.68773354459629,0.212495968263416,0.49800770418892,0.228921707952708,0.499355441618468,0.343811925272542,0.622778259285777,0.0876120227883913,0.383585721351589,0.136210879407849,0.420581601061477,0.212876224870073,0.455697538256338,0.198520392477078,0.492201111413874,0.214558056579571,0.519561403508772,0.181823609328008,0.538808656205845,0.20138255339212,0.49243018419489,0.232984528258791,0.554865513316742,0.191724053752899,0.415668090235564,0.170234283048865,0.425505784922665,0.259452093678667,0.524630415135663,0.246135839880963,0.461581707572897,0.247734349562737,0.451855828326417,0.218705193958477,0.413239899834194,0.199326878628352,0.356109391124871,0.105049690416631,0.377195519309002
"NY1517","4","4","18","431",1.85,1.76,0.78,4.39,0.220712377706267,0.217792359129268,0.204682917391976,0.430877460284398,0.649436357034396,0.206923466143472,0.474133125834076,0.248334376093103,0.494455434241823,0.324787776129604,0.58990641996709,0.0977943204982772,0.381648442311758,0.134327304654768,0.382675251641465,0.0623258676161321,0.365097182977995,0.0555726067365813,0.387662875524993,0.145159821700606,0.459861111111111,0.144639416591497,0.507818348578369,0.176774208922731,0.464529578007017,0.198791693515616,0.534692001507588,0.217346020191852,0.445210844518803,0.0504156645467557,0.305430046414701,0.200473344338831,0.466426103916951,0.204421818600687,0.415752497768564,0.232426088682674,0.455923302982127,0.201067862488905,0.397462193321825,0.209073293635817,0.365946422428621,0.109216605512781,0.395740313824645
"NY2003","4","4","17","432",1.54,1.41,0.57,3.51,0.183728141441974,0.174481378620607,0.149575978094136,0.433846159676601,0.647627653755105,0.192090649470787,0.453533402393964,0.231704713827325,0.483486934919953,0.324463198881034,0.600170830664104,0.121841172498997,0.334090288331968,0.154238120876309,0.438438576549359,0.0793190698625421,0.332141525516423,0.0715766003562258,0.361081667713002,0.151308567951469,0.452804357298475,0.156576969238698,0.509743210059354,0.191390524814036,0.455933251723471,0.2357576218774,0.539946200854615,0.212209600375621,0.432846796376208,0.0360040657089709,0.307470867134733,0.183216516992189,0.414803624713315,0.189558132398779,0.375519441256679,0.191059247744582,0.368098822020391,0.162906158542838,0.319540229885057,0.17411708629464,0.294965079283515,0.0815291548616481,0.340972101721711
"WL_358LH","4","4","16","433",1.59,1.69,0.68,3.97,0.18969334083944,0.209130163027536,0.178441517726338,0.425158087100458,0.653311358213319,0.191850734708863,0.470375098473429,0.215785777033351,0.493771373727679,0.318804716235523,0.600229591836735,0.101705375622471,0.341709138426771,0.144045701412286,0.420457270627549,0.162399020284126,0.393563049674018,0.14413743838247,0.444284805998002,0.19330601273559,0.500301105091159,0.157323663011287,0.519623391206703,0.189453169475419,0.4750832115538,0.222968187041227,0.525145845771311,0.187594631293236,0.435686065749164,0.121694917592842,0.372833254513927,0.231769620620305,0.484154742978272,0.221743151273836,0.421315885028475,0.212671287228452,0.411858305975953,0.16753145845177,0.349859817430473,0.183805008314996,0.332465775128571,0.0847439602415285,0.363390595176124
"SEEDWAY_9558","4","4","15","434",1.52,1.64,0.85,4.01,0.181342061682987,0.202942880097727,0.223051897157923,0.414180312402762,0.661144765204417,0.164459450496602,0.473218957734577,0.187258737552398,0.492934412207705,0.303080314888141,0.617165008973782,0.112110415325891,0.349957608807374,0.141069160115006,0.414863049211548,0.126617233786653,0.373934918699628,0.129885114712984,0.4240369088812,0.172466478970434,0.500434640522876,0.15350682386713,0.534014402221065,0.161338922061711,0.478156197775853,0.20391542400864,0.549316988867746,0.217920002428596,0.447674565321624,0.0870388415549947,0.331481441061273,0.218053841654152,0.508057092972885,0.21501120494891,0.454114685521786,0.223491510666086,0.452007699066523,0.175510670292814,0.376711222709708,0.188171421672896,0.375958462332301,0.103051822806972,0.404569544632012
"AMERISTAND_427_TQ","4","4","14","435",1.76,1.81,0.88,4.45,0.209975018790827,0.223979642059077,0.230924317057614,0.422114272699152,0.661594587329882,0.177240348196207,0.490680578041614,0.204232663119502,0.501237508313759,0.317194332822907,0.610287523080981,0.0917952371037795,0.377546126330865,0.142942682526098,0.416536930561698,0.164316243945467,0.419673406480496,0.165832718293972,0.467762537649011,0.201928673302251,0.516908169934641,0.173081557358193,0.530595176123547,0.203689231886128,0.50054418054418,0.219259669961868,0.537872943680836,0.194626868090736,0.412199971817314,0.140783898445483,0.392582730061722,0.249255639769347,0.512899572748242,0.242061700025533,0.452068757018226,0.242067099601381,0.458527129115364,0.190288287975155,0.38234543556432,0.199236727102692,0.357200722394221,0.108926236481161,0.386953168681435
"SW315_LH","4","4","13","436",1.71,1.63,0.82,4.16,0.20400981939336,0.201705423511765,0.215179477258231,0.429785922125113,0.65727159550689,0.200094208653545,0.483909196373488,0.222059542367907,0.485999499982142,0.343336649158982,0.612103352551783,0.114074835328986,0.357707259554045,0.145086904977886,0.414438038118883,0.0664427251420842,0.33377713399287,0.0696488332463556,0.353057879394001,0.130496763548674,0.452291236670107,0.145753713745836,0.512242747319192,0.184028951128957,0.476911281489595,0.238850300174576,0.558922586026086,0.230244498228649,0.473030004794711,0.0669745215700222,0.299642417353415,0.221999031262238,0.488477835902781,0.222019995748816,0.437532546058071,0.23579327972755,0.448228365875425,0.198602265671764,0.388961291511153,0.206329167265822,0.35359348125215,0.108973059479357,0.412746337473042
"ALFABAR","4","4","12","437",1.87,1.78,0.99,4.64,0.223098457465254,0.220267272301191,0.259789856689816,0.421032030857633,0.664594002584199,0.187269135489764,0.495704487001021,0.210858438972736,0.504450873245473,0.335244756547331,0.611197950032031,0.0890629817804741,0.356745104839231,0.124690071355827,0.371126836699592,0.0770311038696537,0.356724890829694,0.0858411657365565,0.378816107681151,0.126657345144123,0.472133333333333,0.149671405706507,0.516859289971495,0.173446894334752,0.491681877956388,0.225784197226855,0.558260481876764,0.223352214027349,0.460101666431811,0.105042805271088,0.369099987821215,0.23147586178936,0.498818799353559,0.235071233316701,0.452948343079922,0.252892075663196,0.482361429420253,0.217267696202196,0.430732507355225,0.224773061011874,0.416603077133889,0.123360601178558,0.414967609462664
"REGEN","4","4","11","438",1.66,1.82,0.99,4.47,0.198044619995894,0.225217098645038,0.259789856689816,0.416405521269324,0.65473030963227,0.167847788752584,0.461697341208289,0.199769635688143,0.492376853595111,0.32421473721831,0.609796133700117,0.0894129976596496,0.360435926292371,0.120999744075715,0.394451424098752,0.0766189682626793,0.359729091218257,0.0967891844792008,0.379244983672297,0.105520702864747,0.473376252723312,0.14805856233203,0.519947943779282,0.171436621421184,0.491810235594786,0.223099189867334,0.55506183771262,0.223317716881872,0.460842859666389,0.0926534255643537,0.347351601510169,0.226353975304969,0.494015304309101,0.236862041449804,0.465831513222029,0.244524415589471,0.478764937588467,0.202171229706331,0.412558852318881,0.218936191774727,0.413647555549846,0.107122170471261,0.407067747452964
"ONEIDA_ULTRA","4","4","10","439",1.37,1.42,0.8,3.58,0.163446463490587,0.175718835206568,0.209931197325104,0.383790518863579,0.617345136707882,0.156393142698564,0.469061821034844,0.173440491461115,0.488846702508283,0.294042918180909,0.588474889955982,0.0738435708466194,0.368530097432881,0.106460691911743,0.417284141726866,0.0698556205232204,0.354694052675775,0.0827198865682391,0.387483406749209,0.0894409951699601,0.453180792053664,0.136556485914969,0.506028110359188,0.149421181779513,0.466808412690766,0.199109572550221,0.527461042576456,0.218628543680782,0.443689426795472,0.0858094692326378,0.332820850079162,0.20880781392313,0.479420010686791,0.218665953942871,0.435450558098913,0.228538439675998,0.461421849657144,0.172964736493233,0.376213840615463,0.197422631264647,0.3720308826741,0.105224764427049,0.392375209670889
"SW4107","4","4","9","440",1.58,1.68,0.82,4.08,0.188500300959947,0.207892706441574,0.215179477258231,0.415204507656794,0.660103957407879,0.183973190305538,0.472938955839266,0.194758058791927,0.493500940522194,0.333512021561076,0.613681972789116,0.0637332524346424,0.369925251805956,0.0976777125184841,0.395161479287876,0.121719589560246,0.394733052825042,0.140959335791235,0.437789407920031,0.132356646446434,0.502049128540305,0.167914703603804,0.518391885388517,0.1928894453853,0.484871512192561,0.236999393911138,0.542514517495902,0.227736182454791,0.442243924596866,0.150135707988468,0.417005590114834,0.23872313190566,0.497226491807893,0.236680933300046,0.448531091340109,0.234680488426977,0.441450617921206,0.171480544042569,0.350654011749695,0.208424419966777,0.366455108359133,0.120156885325187,0.384342480354974
"NY1614","4","4","8","441",2,1.84,0.91,4.76,0.238607975898667,0.227692011816962,0.238796736957305,0.406776075751624,0.646454006271736,0.188672539529836,0.494007278367737,0.195727669848015,0.500157940376666,0.323672503774504,0.614668827172124,0.0795319683233738,0.382257251032901,0.105673470266284,0.398468966533982,0.0708460829791217,0.368605743545958,0.0883701864631144,0.405566006530929,0.119709055151576,0.475477833677331,0.132673833949751,0.508582150432371,0.158190809056552,0.472957021192315,0.200923316756376,0.535799711351958,0.240703439285653,0.463418351104083,0.0905666087898434,0.348649426100407,0.189350184387682,0.462656190463677,0.204948806964163,0.421822693989877,0.22997254585304,0.449661732014673,0.176419005432135,0.367714950497076,0.201185924312352,0.35359993120055,0.13459274969451,0.394273333718935
"SEEDWAY_9558_SBR","4","4","7","442",2.14,1.96,0.97,5.07,0.255310534211574,0.242541490848503,0.254541576756688,0.420333281578173,0.653876769563044,0.185125735913134,0.472981210267965,0.197517308434364,0.489955836349138,0.346015711804197,0.628404218453406,0.0819991941228938,0.360147963150043,0.118544041575303,0.40090673187658,0.0975641505667944,0.376564285102687,0.121371172510293,0.409766740153495,0.150077316337188,0.496782135076253,0.148987934643404,0.516385315188022,0.177238318688497,0.48260764985074,0.214757647441469,0.535471435694816,0.231408934804494,0.443366896308073,0.114526035327103,0.353273915626857,0.209062528166764,0.473982500929047,0.220017911858144,0.444461720077164,0.242206886583207,0.453519791755086,0.198423687293642,0.395028555442592,0.213601985544432,0.392389060887513,0.141585758136715,0.408599687662676
"GUARDSMAN_II","4","4","6","443",1.79,1.98,0.99,4.76,0.213554138429307,0.245016404020426,0.259789856689816,0.395435250386513,0.624411599656698,0.176715378156067,0.46982816622254,0.182645530413829,0.495382348731678,0.336496859187477,0.626454133222796,0.0838361346934323,0.359833898301243,0.121962471009821,0.411972209936606,0.0966612571297113,0.375311652430208,0.105785259512001,0.410789680880155,0.16096872994057,0.499319607843137,0.150366126345552,0.516207828264049,0.177592883778028,0.476223282105635,0.21882526743673,0.529473479436249,0.246201354856245,0.452650477279014,0.11347932123046,0.346974668655341,0.214985597464889,0.482646717989652,0.237963449540335,0.433973765717741,0.251963227831777,0.454650984062749,0.197484973874312,0.374183818546619,0.219912169535602,0.364335050464825,0.138956721502412,0.384300339604868
"FSG_421LH","4","4","5","444",1.6,1.9,0.86,4.37,0.190886380718934,0.235116751332732,0.225676037124486,0.422533752200668,0.643204571390846,0.197284793813865,0.468414960033261,0.199776926891855,0.499799116726983,0.381083370854846,0.65348205649973,0.110119109378453,0.325442029305798,0.146080399873593,0.455915007752402,0.106024504812272,0.342514403141169,0.115845133080814,0.369749414782046,0.17433519761347,0.489667075163399,0.174151349003904,0.531951776305236,0.210782773660375,0.481966368146382,0.277653081352926,0.545959387036577,0.258285080280986,0.449220985691574,0.149475503646638,0.367450493240775,0.247195363755464,0.487067003542473,0.25930404871576,0.436287946407148,0.261355519791897,0.442359089417913,0.189883573527097,0.354093342835736,0.247442957251171,0.377570237529386,0.159842171386528,0.374152640407195
"NY0651","4","4","4","445",1.59,1.67,0.87,4.12,0.18969334083944,0.206655249855612,0.22830017709105,0.415217535753828,0.638320883909119,0.201883964959596,0.512011129671612,0.172607066718458,0.508337500736662,0.360149167512523,0.650985894357743,0.104168553667413,0.357297492721151,0.130433021454465,0.441804756990516,0.119594430255467,0.387986743993372,0.125163133465159,0.431051199741211,0.173503333329526,0.511780936819172,0.174606299212598,0.545418872394773,0.181221994814526,0.487736078324314,0.238031600269605,0.547096165413366,0.27605200403667,0.480837338928118,0.127656560443348,0.37287346242845,0.21320296634702,0.472249887223149,0.236175379829542,0.41734139269743,0.245814102949578,0.447887918476154,0.196851790804553,0.381312390401004,0.21694269810366,0.378038701831464,0.145352604772219,0.366476785404427
"SW5210","4","4","3","446",1.96,2.03,1.09,5.08,0.233835816380694,0.251203686950235,0.286031256355454,0.446541745401891,0.655929745635628,0.232748954777979,0.513868091185088,0.196170140639534,0.510277760739332,0.397536603612269,0.660195078031212,0.0637763540241297,0.387799909721934,0.098714548826538,0.410241147056331,0.149941897987638,0.418682676571723,0.169283995445217,0.45481679393028,0.198080361528252,0.511873420479303,0.217351254555834,0.553760194343224,0.217129739719884,0.495227314486705,0.269833625352129,0.562306163199685,0.285824587124017,0.446475887652358,0.174370821160036,0.414360140191342,0.258993437798185,0.49027743877634,0.27711637175927,0.436976572322517,0.281513358176541,0.468210112327759,0.225854721833028,0.408283921386673,0.257860048210535,0.391811145510836,0.183732885741421,0.381743208591204
"SW3407","4","4","2","447",2.11,2.04,1.21,5.35,0.251731414573094,0.252441143536197,0.317520935954219,0.453100281087724,0.668037046468419,0.23280012541301,0.527084674499075,0.215439384666741,0.532688017242105,0.420269540853501,0.663716823052091,0.0542750518998792,0.358567819377744,0.0935126307229679,0.424098112929382,0.183564445088346,0.430586498699363,0.186083390896968,0.468016275350091,0.212555143608035,0.523107047643619,0.229082553571477,0.553356634689274,0.23218995810612,0.503530696471873,0.273305702620244,0.553111239807691,0.295489084801617,0.454744346500911,0.191954942782843,0.419780294726586,0.273336420845244,0.493947450012864,0.29288482278928,0.441939313170202,0.292497809005176,0.489346795229148,0.245411572410538,0.435149918916645,0.267953480412578,0.397853887168903,0.19382076376895,0.367919982152153
"55V50","4","4","1","448",1.99,2.14,1.33,5.47,0.237414936019174,0.264815709395814,0.349010615552985,0.435864972723814,0.641433628509022,0.214086788774733,0.515857959140384,0.192201545311558,0.518545410865076,0.421661249937818,0.66888997751567,0.0304756154982961,0.376975149345329,0.0829918099682632,0.421667993841907,0.15359099288095,0.393415532151725,0.15500545213325,0.421148049192375,0.186808551554618,0.50797037037037,0.219472660767523,0.553469175280732,0.224526261396553,0.496948578628238,0.267750847155259,0.550158199897589,0.302914373820742,0.456620150322572,0.166114279387828,0.385899403239557,0.264413743644533,0.491920477959043,0.28997713795879,0.447978750971754,0.289627852844859,0.487864334923158,0.256040010616002,0.454381571675184,0.260468430041778,0.395254557963536,0.200631331713098,0.35370707771801
