"","Germplasm","Rep","Row","Range","Plot","yld1","yld2","yld3","tot23","GNDVI_125","NDRE_125","NDVI_125","GNDVI_136","NDRE_136","NDVI_136","GNDVI_144","NDRE_144","NDVI_144","GNDVI_150","NDRE_150","NDVI_150","GNDVI_152","NDRE_152","NDVI_152","GNDVI_156","NDRE_156","NDVI_156","GNDVI_164","NDRE_164","NDVI_164","GNDVI_166","NDRE_166","NDVI_166","GNDVI_172","NDRE_172","NDVI_172","GNDVI_177","NDRE_177","NDVI_177","GNDVI_179","NDRE_179","NDVI_179","GNDVI_186","NDRE_186","NDVI_186","GNDVI_192","NDRE_192","NDVI_192","GNDVI_195","NDRE_195","NDVI_195","GNDVI_198","NDRE_198","NDVI_198","GNDVI_213","NDRE_213","NDVI_213","GNDVI_223","NDRE_223","NDVI_223","GNDVI_228","NDRE_228","NDVI_228","GNDVI_244","NDRE_244","NDVI_244","GNDVI_248","NDRE_248","NDVI_248","GNDVI_251","NDRE_251","NDVI_251","GNDVI_255","NDRE_255","NDVI_255","GNDVI_263","NDRE_263","NDVI_263","GNDVI_274","NDRE_274","NDVI_274","GNDVI_278","NDRE_278","NDVI_278","GNDVI_300","NDRE_300","NDVI_300","GNDVI_305","NDRE_305","NDVI_305"
"1","SW4412Y",1,1,36,113,1.43,1.46,0.67,3.56,0.22474540713312,0.303444812268342,0.495098275000236,0.179327230675162,0.237173063045739,0.404657498557791,0.197250189717417,0.388550417161283,0.477897187213228,0.345251991602462,0.458820514752986,0.617500596651216,0.0360286057763347,0.454606726801466,0.351491979949023,0.0634109112766034,0.38656666175242,0.408974519632414,0.132747436512947,0.296521339389147,0.417659440143672,0.139081742740588,0.302905406391894,0.440369867480375,0.185369550464465,0.280503095975232,0.486480478156175,0.172900432243267,0.35582571354533,0.563270524068658,0.184179797492431,0.370243719977951,0.497511615087802,0.258701956106475,0.417004644257064,0.567185204564207,0.266555580467657,0.379113726575451,0.475972184916585,0.27190954573806,0.386428649754721,0.448094147440553,0.245267769446071,0.380095493417293,0.435186570653699,0.13200035254935,0.275254829204409,0.423139437593219,0.264112661756949,0.44002884993854,0.563480199750642,0.209973508091252,0.293872333074199,0.516856328434458,0.259026674921267,0.433841939724293,0.463721475486181,0.213406418505137,0.363342196151527,0.395119054145423,0.174142619471057,0.241958386324611,0.326323925508181,0.200807947965779,0.212189583798121,0.361671748345356,0.0359218635581645,0.328361858813845,0.320514134034715,0.191960878143333,0.224046699391111,0.416027332957807,0.201630677020522,0.346773173121747,0.529947626794531,0.155114000685059,0.242116356239257,0.434170957661975,0.0435828749957455,0.357556962649149,0.347568869605744
"2","AMERISTAND_427_TQ",1,1,35,114,1.42,1.64,0.66,3.72,0.205036273554287,0.301297993945053,0.488780545888389,0.167212647711649,0.275922362617936,0.410882632078456,0.177443216736161,0.340240037620888,0.478544337443006,0.329350129161466,0.391043448769642,0.607993870193817,0.0434518487424748,0.453684796922621,0.352639753228176,0.0872543624923315,0.364175927172293,0.40857201258332,0.143765608066437,0.305383805530331,0.442176580331376,0.154670856531102,0.317297732340725,0.462105508060689,0.204008372097005,0.303002178649237,0.526392592592593,0.171051949622514,0.355745258455805,0.569227162230531,0.182759282440018,0.350853313206254,0.503169051404346,0.243225937493453,0.393986838662937,0.557416388838578,0.247572118062301,0.376337259134631,0.475783837550131,0.260698043395455,0.387930738402779,0.450128794791104,0.239827289722108,0.364871668124263,0.456779345222252,0.154064757653627,0.329721706864564,0.451149671990008,0.27227394687772,0.463411813082304,0.582946431909087,0.226793226551311,0.30577677963011,0.541950035031144,0.271424624279523,0.443266464835092,0.471866187552462,0.224177151258712,0.37101150633087,0.412163640540313,0.182461703819181,0.255462062527566,0.336902483203371,0.198906244589258,0.219191875373552,0.378101201149093,0.0814499308876968,0.297601361984971,0.341983365127425,0.235214002627259,0.245362114750141,0.461216705560473,0.238835344806005,0.367283276726508,0.569401870403669,0.182223763546607,0.238352081990856,0.464335696093774,0.0623654856439255,0.33519595649205,0.382081870061457
"3","VERNAL",1,1,34,115,1.04,1.08,0.56,2.68,0.10523312489928,0.334734954587896,0.407133072084052,0.108608593073825,0.274137476624958,0.339482757899405,0.15755785624138,0.343288811875115,0.456745690977121,0.301954266875841,0.419857054929595,0.583847458265818,0.0392357452768913,0.45602571543064,0.367305867613665,0.0658483203228242,0.388588888390342,0.417926618905889,0.0366035301888506,0.337490668818115,0.39772590504927,0.0279332703036786,0.316304347298135,0.399466295968708,0.0979352197414483,0.255355991285403,0.437220806100218,0.126664414387895,0.278153739371855,0.532680895366996,0.131828775826549,0.287968824439413,0.462181325710737,0.218361932936591,0.369916255297243,0.54439112729011,0.251663834172752,0.394756780208036,0.483515338137414,0.254367305920777,0.405424964007695,0.452810797266708,0.237797709376085,0.359160168571933,0.450547858783153,0.0376541772419421,0.308212560386473,0.339058918253292,0.183092043619882,0.354796632121504,0.509482438259592,0.179281610596804,0.269505149098308,0.503766567811657,0.250206158685523,0.417817970759147,0.442007630242924,0.220923341138912,0.375923145404536,0.403916253648512,0.178526624977134,0.295145338837289,0.36047557619539,0.179580911472694,0.256423985523413,0.379953397288119,-0.0493866658354076,0.395283515368843,0.329484910231071,0.145330917946086,0.200821205913392,0.334689776129636,0.142850685981647,0.335142730066311,0.467260681565203,0.141850503353836,0.228329218106996,0.393355240861777,0.00537955297426601,0.391465322281828,0.339686306148115
"4","HI-GEST_360",1,1,33,116,1.52,1.56,0.66,3.74,0.203225118211458,0.297200911948219,0.492318139376963,0.165005625526473,0.273248682368656,0.410558584711961,0.188495442788149,0.364684245531618,0.488795157393142,0.348267829335488,0.436841642486591,0.614670836944643,0.0591393999421062,0.453003471364508,0.344216029833405,0.0974482475837244,0.343763207037201,0.40640375448425,0.167136896030997,0.319328956965718,0.458726440247872,0.165665119337311,0.330219341149217,0.469999853999679,0.202100445406543,0.282366271069831,0.523548976608187,0.181454015659184,0.37502217209401,0.567673568935932,0.18274503704368,0.365047116570859,0.495613609120578,0.253569848843572,0.390969972206011,0.554874904688754,0.25623218844724,0.370993242851801,0.49308485145334,0.267998768550446,0.384337725804683,0.468042546764406,0.259402793560401,0.404070310583643,0.475025442703033,0.146702995622765,0.321411764705882,0.440327852880283,0.235328538526191,0.410840276449259,0.58107118590399,0.228714849699291,0.321825787583756,0.554988092153161,0.277428594086442,0.426299332181685,0.47093097681333,0.240831534511592,0.380583663693989,0.412854156858196,0.209121591694276,0.315012899896801,0.348015995872033,0.228484070302399,0.24376964158328,0.41019627123219,0.0441037595003295,0.340628261443006,0.329923018794832,0.228639117664579,0.256088567334242,0.45622676055202,0.221470502099663,0.37011528289142,0.538407255187373,0.192080411940185,0.230907361379607,0.458163674859615,0.0647634428547662,0.327589460634443,0.343269980121191
"5","55V50",1,1,32,117,1.74,1.73,0.83,4.3,0.236110479273763,0.31573378509653,0.511843575814164,0.188667559609422,0.280069970411448,0.418685077321026,0.206113494398347,0.406887876805223,0.493020200781042,0.353649910017996,0.478342942558189,0.61781462360729,0.0399747484458261,0.460216512476327,0.349780529517165,0.069742597607006,0.397940628069178,0.392758857929137,0.124272689042424,0.294371382847991,0.391161456279418,0.139324316778609,0.305963953120697,0.429124561216892,0.19825623185017,0.292015468409586,0.51323082788671,0.192713716970496,0.39058922247313,0.578359061686349,0.193133350822223,0.387239431945314,0.496738877915348,0.261821780553495,0.402791473528629,0.551633092511723,0.26923456704388,0.3932621186629,0.486914701120599,0.282429420457699,0.419215603172822,0.468030780865005,0.267957133018252,0.398350114820703,0.460258409670174,0.127304483089102,0.303747655583973,0.396341980270369,0.207503163597538,0.374346003757768,0.564452298676898,0.235768301523264,0.341687688720712,0.550737682987425,0.282374363160264,0.470255129078658,0.476461641167523,0.244822875092785,0.404399653377184,0.416920833987231,0.224556572609288,0.366733039579667,0.384406219356054,0.239414077273406,0.27411516819117,0.419995538038224,0.0221017332100772,0.347886118309102,0.275876172151794,0.206540192473001,0.231816206646817,0.442750194469032,0.226302487722466,0.378542088839417,0.558830664725861,0.184156387859458,0.227216085522307,0.458063978847215,0.0600900494415054,0.366159033265047,0.356148058725978
"6","PLUSS_III",1,1,31,118,1.34,1.57,0.57,3.48,0.230405329202341,0.302338629054315,0.517845943091041,0.162486860199059,0.268716893200634,0.394098068499856,0.183005866004803,0.355565546098216,0.481484774244606,0.335856373161319,0.433396858743497,0.611028411364546,0.0434660694762588,0.468322356975852,0.350713151568933,0.0660245631305755,0.400218929677134,0.39687097646076,0.131690301394667,0.294573654789427,0.421384047068609,0.146079306502468,0.30907829997226,0.450142934314456,0.195843383195458,0.290764379084967,0.522567102396514,0.182121688556208,0.345533878749738,0.5718155456015,0.185182856582146,0.345764877692589,0.501362240405472,0.253509788305785,0.382492209260638,0.54817158931083,0.237072862322189,0.322473889717787,0.456686031131287,0.268351802825686,0.377161578765857,0.453578150904354,0.243815222508955,0.362402208687574,0.448435599951985,0.149591767941562,0.346012909511631,0.441197905249056,0.196502933899143,0.346112624706718,0.555612874285073,0.229885023829385,0.33963104184405,0.53774207480349,0.254382197170346,0.428196531137708,0.438118816550189,0.202795799086167,0.337027392504066,0.363799499296457,0.184027501254877,0.257651512231886,0.327541761408647,0.205181557909229,0.211905505565058,0.389902084727696,0.0528468560234834,0.327713998447888,0.31148868984131,0.227215921906493,0.275331822420048,0.473951854952325,0.216953303584332,0.361442784294698,0.545386186983284,0.185409893017416,0.241267891734176,0.457692177634789,0.0642182419404088,0.348822233457879,0.36006393372504
"7","WL_358LH",1,1,30,119,1.09,1.22,0.47,2.78,0.215638444097539,0.296324826226787,0.470897938299899,0.171958006726612,0.259541677263545,0.369376035134079,0.199525848384482,0.402892702093003,0.480655911999836,0.332639863299037,0.460300296589224,0.600242008568133,0.056982873937,0.465891578294806,0.330088592861571,0.0834973158999307,0.392191885653321,0.395071865512032,0.113056380012881,0.287857222967913,0.360124528315539,0.119983695989152,0.289605254274417,0.393216110789729,0.181127220497586,0.271498000515996,0.498352898176815,0.1740739655324,0.325149599662874,0.568749411268932,0.172203208512389,0.343632739493306,0.483047099386969,0.256078723637417,0.403200221815263,0.543557406997467,0.246896625832796,0.3707562423304,0.473825135748632,0.267757665543396,0.416779892715722,0.464271260527945,0.258919962527282,0.407017437605673,0.472118000353294,0.146170537115134,0.325388822195545,0.413778602350031,0.188863819631672,0.343900757507633,0.544659977989886,0.222361309701327,0.342788383096753,0.526261841006594,0.256134877857207,0.427820333702687,0.441526782703253,0.218617661306705,0.36078431372549,0.387016655635691,0.184329090028041,0.277895250696916,0.327699771762822,0.204685531422469,0.228919640619276,0.379779050263173,0.053623785664735,0.316188226119069,0.302596283850513,0.219370142562305,0.248973229769078,0.439686457333516,0.210189315356043,0.354979378942261,0.532773567942461,0.179318458514417,0.213920648071435,0.433896222651815,0.0569909680477201,0.354156452663915,0.351259600249943
"8","NY1614",1,1,29,120,1.36,1.47,0.63,3.46,0.213723242185314,0.305505569231059,0.482561374718238,0.166661633464588,0.27057961738141,0.391089245597962,0.190579330260246,0.365029340203235,0.483979322944292,0.313377270061524,0.384250920098981,0.602971448669154,0.0659769110122644,0.459157811585992,0.352581446015099,0.068321205783627,0.415142021720969,0.399755270529264,0.0662034091066415,0.315668782796962,0.368090467628099,0.0793531526244734,0.286971515337334,0.39221175886587,0.155381239032072,0.255092919389978,0.483156862745098,0.161875255572882,0.2881083760938,0.567930889169827,0.161234577013267,0.33252926143075,0.486156605029745,0.237887295107799,0.391244110827134,0.551712248361541,0.24294848316782,0.343360528237199,0.483392590711406,0.27575164716816,0.426452677634777,0.477148205954848,0.246734032246102,0.362863569702568,0.463888584446288,0.0885226448439724,0.268495411632667,0.369261711418574,0.144634972479284,0.281730644483879,0.515441533796428,0.189053828589287,0.279957057712953,0.512178087093868,0.256733402969634,0.42020982020982,0.452797793974265,0.231096349859338,0.35501047493766,0.407839151020697,0.190330463767321,0.316168300653595,0.351327399380805,0.186709489824953,0.26531370070152,0.396694677871148,-0.0165104084598942,0.370723949552525,0.294849612035625,0.197283398044653,0.234699121968657,0.4262886854634,0.189430779791819,0.313496922301186,0.521899943868863,0.183323413860158,0.214120470097272,0.456588542146123,0.0620501111414503,0.328415276558385,0.389994878548434
"9","LANDER",1,1,28,121,1.29,1.5,0.74,3.53,0.202886337647618,0.310988974714465,0.48007938865782,0.153530585385833,0.274675135898502,0.378233329818271,0.174126436651667,0.359392102339719,0.479894975021639,0.295234944794609,0.361317405886121,0.601174712037281,0.0506159113370042,0.462000057922326,0.372212047957415,0.0754213801319338,0.412836706002004,0.402965355987297,0.0872530621915763,0.300384583380065,0.37589473823849,0.0948803822727282,0.279294974448944,0.409201488814704,0.148599938164301,0.251875490196078,0.493588126361656,0.158731943046312,0.272843445748343,0.560423499796394,0.145266032991151,0.311496095025507,0.488068817480582,0.222590360625313,0.36346763740658,0.537577103039997,0.247669333305383,0.369030083701047,0.49297800069839,0.269233830619485,0.440692818767685,0.485572300545563,0.256566564649264,0.38024882024882,0.476377722260075,0.0931800694794881,0.274834782397808,0.377190391308038,0.165199050014316,0.308413810018088,0.540883907728828,0.205274824880441,0.300915414898903,0.538840155945419,0.266804477405983,0.441752982929454,0.479638997286056,0.236541285138418,0.375602211653714,0.424925000739189,0.191501117592086,0.339612143102855,0.374347265221878,0.168865514904332,0.2702879480209,0.406209150326797,-0.00389365422105013,0.369797779383411,0.288631350375986,0.17793011455763,0.195832461575601,0.394806469783536,0.178046192722699,0.339166571529145,0.512166542987889,0.153382705244374,0.18208761454816,0.411064977851205,0.0240426394508909,0.407637488234503,0.334012705215515
"10","LIGHTNING_BOLT",1,1,27,122,1.79,1.83,0.71,4.33,0.252488175251102,0.338224094351545,0.550665383998717,0.205716766560247,0.296551062479194,0.441442829583589,0.206151234413485,0.384591804948686,0.482426523206964,0.319546825857232,0.396916004069789,0.607808971122081,0.0444638241724491,0.472836757281035,0.400155822414691,0.0608192798174763,0.421702663521549,0.414709076613101,0.121174474387994,0.305035656183871,0.436003938693381,0.139773582115617,0.299049732576078,0.462424968001596,0.187001006757894,0.295625,0.52358735380117,0.188488705527565,0.332545564481299,0.573267192339491,0.178386154727191,0.345749227848212,0.499553770638108,0.245452890057731,0.37192203372397,0.547439621304104,0.239390660208061,0.332011923759566,0.471179156594144,0.259366980833117,0.396668868861382,0.46595739376488,0.23903769327846,0.344579269024618,0.454653535622394,0.130900558935487,0.299370172311349,0.438704451477561,0.181593343210768,0.358718640534603,0.537849492157522,0.219138333285707,0.317354853835807,0.531155616431595,0.271682519867705,0.44278120748709,0.470261552614494,0.236050356697724,0.375101382624735,0.411454473913449,0.204916081091654,0.346597007223942,0.365663054695562,0.135429083798649,0.24306784660767,0.375644629533229,0.0429139731626049,0.338704304754332,0.313786529754555,0.20207679932507,0.226890909578606,0.443520425954239,0.226165459673021,0.370824889878319,0.538581832538935,0.185870787995821,0.19739276491959,0.442001480645973,0.0711369654529397,0.304318568585469,0.372635173161951
"11","N-R-GEE",1,1,26,123,1.86,1.46,0.55,3.87,0.263214890786127,0.328015627932778,0.551590828392817,0.222961313523493,0.310474839730694,0.433120339449049,0.205944081815655,0.393761171742528,0.484156491983557,0.314819885235069,0.368563138259788,0.609045986107447,0.0555557523840482,0.469892707097289,0.374283590090565,0.0690083886943766,0.432408932357781,0.404754347669949,0.101268788439575,0.299744077370215,0.383163735491423,0.108679669356176,0.304913760024558,0.413628985840912,0.169588611829035,0.259374945533769,0.496848801742919,0.169444541042162,0.281349412921511,0.571400890739777,0.154319906780462,0.320499108734403,0.482253376371023,0.232669204353234,0.380222664958331,0.53592222155141,0.244172275773157,0.359224735209625,0.470678179528692,0.253164024866367,0.388880163211714,0.455274671852212,0.248586073436782,0.361801801801802,0.450705831882302,0.0891834896980231,0.328435513335769,0.361726464498843,0.132353142099834,0.315179421549937,0.473388350517958,0.171896835095876,0.264547522386341,0.474161891873734,0.227546558784644,0.364152731799791,0.406318082788671,0.212667460908832,0.325460957915319,0.36874166255505,0.16090671227735,0.257886600807609,0.316426653649012,0.0791084677388817,0.240168122312839,0.32953949524746,0.00821945443583232,0.362308646081426,0.29369470281126,0.176316801921493,0.193087626450225,0.392482261665756,0.203372915085488,0.333182949051445,0.518218084946015,0.170225346640074,0.188484580686735,0.429495964896131,0.0660089075884226,0.333055795847751,0.37849024413687
"12","SW4602Z",1,1,25,124,1.73,1.74,0.65,4.11,0.279981289436686,0.364111823180451,0.558479637646304,0.231423209895544,0.33357014543478,0.424459756857442,0.230179077643392,0.445502129277726,0.48511640121601,0.351765309357673,0.467995126301642,0.604274786147643,0.0538648503493633,0.452295855050881,0.365639637740536,0.071928012315038,0.399762243358882,0.400796503216671,0.0970119668532126,0.303656746541411,0.381937421256712,0.108795190963286,0.310526331157929,0.407196355831983,0.182052486462961,0.304766404368765,0.498973920708634,0.188988166347148,0.353655090354726,0.565219999504226,0.188585706184056,0.357703799949252,0.484423532911603,0.260514879943968,0.422878276638515,0.546337253113128,0.247132508778034,0.351763965165127,0.47209929843497,0.266847285400542,0.427036718480569,0.464354777723762,0.249305006918808,0.351440187467055,0.464900551649992,0.127821431485248,0.28327950310559,0.396876872488126,0.184808809858611,0.410648090120875,0.514100187568579,0.215431586551104,0.349914979207542,0.510896728735547,0.275879449772582,0.430587959999725,0.471023659258953,0.256451989758263,0.409197786526744,0.447922651255143,0.179138914675583,0.286492898098309,0.31795237422333,0.102617152131259,0.236868694380407,0.371495500855209,0.00342093964507884,0.34225568566284,0.296611348770352,0.181248165939451,0.175078842725902,0.378752255049833,0.218597521535787,0.398788661510213,0.523641792961726,0.183077018150999,0.184650403510387,0.42180870845991,0.0862465636485444,0.283960289052475,0.379124799142358
"13","ONEIDA_VR",1,1,24,125,1.93,1.75,0.77,4.45,0.250927339094786,0.301481198540022,0.552876689396297,0.199731998194737,0.287383499714964,0.413866516856912,0.209190804748614,0.399109747116819,0.492018677537803,0.334681321703393,0.369552821128451,0.616440076030412,0.0520248422848767,0.456627577914005,0.363396426138804,0.0654604316870752,0.434026025125769,0.40819063857427,0.0632716837443384,0.335349230411151,0.353859400947168,0.0785878936688869,0.347418107176979,0.390607236478777,0.156158089207784,0.24347559912854,0.492333333333333,0.160180365750988,0.272310369081553,0.577522427473192,0.156421786275555,0.283581977699625,0.48703120232532,0.220784339721688,0.378553174668836,0.547852605646103,0.244527020408833,0.335467391361594,0.491278907480263,0.237501666941384,0.386696666375811,0.467016109262099,0.226751108598833,0.310439346909935,0.460115073056249,0.0861865407319952,0.354350018268177,0.367942028985507,0.146931060916403,0.304959553622655,0.522787931344081,0.189949524802211,0.30323214080954,0.53224687535833,0.259772335000958,0.443557537675185,0.481298563651505,0.249605046482908,0.394311806735742,0.464087769310893,0.163090654271398,0.246297033773107,0.350060592046384,0.100050967967661,0.261680355524707,0.410023232498506,-0.0157459995147714,0.3783732639088,0.302584815039943,0.165929472341876,0.179655588637644,0.373422386738553,0.223054498037803,0.348314400966597,0.527596659721628,0.166707318523722,0.201880594563521,0.436567733770029,0.079702726825238,0.31315356688491,0.393899160185376
"14","REGEN",1,1,23,126,1.93,1.85,0.71,4.48,0.27119308050085,0.338461883069726,0.562514972318894,0.210769736501433,0.291502122394786,0.40481847321692,0.209947225647349,0.404124433015465,0.48686024500875,0.338746563927823,0.375101933149942,0.611961161146073,0.0751708359175155,0.443186193904388,0.318826431206732,0.0949331804315224,0.377274848400899,0.395410348754887,0.103279337643196,0.278440689185959,0.369147711601052,0.101399293813571,0.312861070961023,0.39554115019053,0.153191126303995,0.259816230936819,0.497035403050109,0.158613675352258,0.279314404175767,0.574790903145399,0.156917505141893,0.278566458346756,0.483972037884157,0.220393453348575,0.361962260100756,0.545056001645726,0.237914571053659,0.335363956699787,0.489720961239326,0.229862751097535,0.373907666589907,0.455489599058414,0.210422074650745,0.294066500701958,0.436713690000887,0.0668258781929086,0.387931704082599,0.361301032490291,0.137364738108509,0.302669718779067,0.509981594970611,0.192250883136929,0.323515838053283,0.5309833536939,0.229759487019733,0.414785603020897,0.439133556780616,0.211780444670674,0.341180899737351,0.403127422190923,0.154054833349837,0.231910044719642,0.325839353285174,0.0817459045234654,0.251491534666964,0.392287251183659,-0.0210412421629189,0.369261039048751,0.284071478724719,0.16117803314348,0.19016463510083,0.389697749283677,0.213512283712169,0.380352674791411,0.542557748475421,0.171539583700011,0.214906639086727,0.449588535954652,0.0866952425727644,0.303235050239001,0.401925299970735
"15","NY2003",1,1,22,127,1.44,1.14,0.39,2.97,0.256524401497116,0.357584363711815,0.513333498382518,0.213978150796658,0.312530492250991,0.393650320168635,0.224378422716268,0.490422860141624,0.482142090412807,0.35078572831703,0.434472770907361,0.605023249078054,0.0782205050701311,0.445342846223606,0.331340123874277,0.0951468460542962,0.366820244262699,0.41274687801542,0.0798560624922606,0.301759146367201,0.330444435600675,0.0735559417248327,0.305579752275455,0.359855820254233,0.153954345549488,0.255297557619539,0.463158217234262,0.17413280553869,0.300039661882452,0.571391884187303,0.163495179096332,0.300911805051239,0.450785644031831,0.229067159601407,0.383383979660971,0.534790337619824,0.256723992895526,0.370817857634149,0.490775425118779,0.220285457989142,0.365844790978481,0.428124104059933,0.221111872891399,0.327275847275847,0.434195876548818,-0.000491260621139001,0.423887373131071,0.32074745049535,0.0761273352778539,0.28929083754052,0.380853769767352,0.149225040501003,0.249563310395132,0.420558002936858,0.201213783321948,0.32452574805516,0.367660250013191,0.204001939644209,0.325320523755262,0.36167861878541,0.12396686024617,0.206826625386997,0.291899294805642,0.062968138994573,0.296646229780014,0.370926118726743,-0.0477635342907686,0.377566751663296,0.314166657109325,0.119421793161501,0.133618592096101,0.272234724137838,0.144261506614465,0.32996451370456,0.434941514208789,0.138293243810656,0.174148577740956,0.357935008745282,0.046949472816117,0.374976894906658,0.30781338507414
"16","NY0651",1,1,21,128,2.15,1.62,0.56,4.33,0.274007698792086,0.367618646785313,0.579306369012251,0.223551279845508,0.325328334138033,0.45868857460905,0.204177696761093,0.4272189528452,0.488239587805925,0.351721689465383,0.391808167213074,0.627581615605884,0.078552081759606,0.438125837957182,0.354216830524384,0.0851630872562658,0.391808785052483,0.405781389478868,0.140793193931354,0.271142832678923,0.415804802270253,0.138453818160094,0.274065573610929,0.441700125073609,0.171511307127089,0.273158061002179,0.512936710239651,0.174838757980081,0.284480305396495,0.577819092238665,0.16227341003697,0.289717801688036,0.486814423469278,0.237239826442411,0.387286616475001,0.552800989125139,0.262574202979394,0.363838460444613,0.501267689455583,0.223300417838032,0.361872945830165,0.435906161574611,0.232821524158332,0.372984807444404,0.450710569029315,0.0751390891741269,0.378071713533898,0.362237016018529,0.121025805064526,0.263582449913912,0.489028447534672,0.173213136519679,0.293629487037106,0.509673613938968,0.23808225459638,0.390902488941705,0.455648454668063,0.236968316575005,0.3689194875259,0.431287030529646,0.146591980179355,0.216418558651531,0.311842965256278,0.0861776425396224,0.289105872437471,0.375146377134925,-0.00335017355356616,0.35659259089351,0.278987354999191,0.163289671163451,0.178233472702305,0.404982628336447,0.200847219792332,0.339017205620725,0.543865889393118,0.164147643734156,0.207874122488502,0.453164851125635,0.0803224654890069,0.336254401223673,0.394906110270465
"17","NY1517",1,1,20,129,2.05,1.55,0.64,4.24,0.275923170676553,0.385474021258335,0.574960270303408,0.234582828845131,0.353728174839916,0.452189559055536,0.235261357101998,0.479699373666742,0.486364728373101,0.359371375917493,0.414953209983545,0.614627626835488,0.0823818876876547,0.436461680215696,0.360926887372486,0.0758259273537828,0.393029987914898,0.394716406071905,0.0495391806294527,0.326548312910255,0.338272015860899,0.0596324863874408,0.291828470594064,0.372649854115393,0.147161476089005,0.250664596949891,0.466278104575163,0.169705959414475,0.287381631066524,0.567233554214637,0.171972534332085,0.310877722642429,0.474141521200345,0.240776365920605,0.391914475905541,0.547405633481583,0.278515310831469,0.378774218807868,0.511048326508153,0.236033617635754,0.384059849835251,0.463529162459644,0.243186935837982,0.427365685012744,0.463069119539708,0.0655953277756893,0.39056010282901,0.304276862260056,0.138186123878201,0.294361157462762,0.513675123835552,0.186311297626733,0.301903929213011,0.531653480105493,0.267981684827451,0.431302348949408,0.497333544392368,0.263092509710723,0.398452479240159,0.465621794478144,0.171444225290379,0.271519597137829,0.368020674091869,0.10926223138691,0.248324037579634,0.420202771374036,-0.0399829948829261,0.377920358330618,0.324795956367248,0.156742403848824,0.162123467718141,0.345265953166492,0.175536571191483,0.341211790393013,0.506688762355986,0.164726982291604,0.196396237518148,0.43018435818161,0.0718063483496022,0.316594966344747,0.382321602770461
"18","SEEDWAY_9558",1,1,19,130,1.86,1.62,0.6,4.07,0.270318713456622,0.388480377212772,0.579347266008409,0.210724736720853,0.324543196250779,0.43130924445505,0.204189540972104,0.431688682342838,0.480123927630305,0.350879232772076,0.377008704827222,0.616076170378465,0.0802922266734139,0.438098670483742,0.355754342659554,0.0783208726681473,0.385744451626805,0.382462523470927,0.0755340600461136,0.295456791031511,0.374510416858209,0.0840627265593098,0.281735457151339,0.413760432939619,0.153161058707602,0.25843524251806,0.487698120915033,0.171188829798293,0.285917480061041,0.563298398164944,0.171111972360641,0.301798041840565,0.487052786308633,0.237268974311578,0.383081666923811,0.547967326969561,0.257882633685588,0.354516258743109,0.497390559029872,0.241911664509096,0.374704677378474,0.46822316127129,0.245331574554428,0.421287844389819,0.464119264953786,0.0794184905638641,0.352660821904519,0.359898141074612,0.144504387412664,0.361212664947105,0.509961364830781,0.189375846938662,0.338400523204877,0.53784967731586,0.266652373874331,0.434459975636446,0.489736795619149,0.25598392800822,0.392192496756391,0.450335782029494,0.173029101041815,0.270999747354718,0.340962364417267,0.140724002510172,0.243338731756223,0.392464862051015,-0.00698511919287859,0.377260406989858,0.29902158302718,0.178783219930498,0.192465464982162,0.378626243931225,0.174344668519751,0.333367226075292,0.528445524255311,0.174825916766433,0.221385475585569,0.451035992923761,0.0911703443728099,0.317275620043786,0.389909046656452
"19","ALFABAR",1,1,18,131,1.84,1.49,0.62,3.95,0.271898450833389,0.385241301907969,0.575613747182375,0.209938061011667,0.318533904669939,0.439042340602452,0.191745132351578,0.413252502947651,0.487413529888841,0.345099440580683,0.372626550620248,0.613853041216487,0.0667035300541465,0.453234695334559,0.354634581105169,0.0821804168629244,0.412406996243313,0.383850681855797,0.0835413332802056,0.277936081253339,0.34907351463865,0.0961833263018082,0.270138268589905,0.386678964979437,0.153309154822333,0.24794302832244,0.491897930283224,0.174078373092419,0.291386122731031,0.575077678648552,0.149078674548815,0.292815168109286,0.4763169586699,0.232334362226972,0.399614369892354,0.559719809161358,0.256184084953576,0.360033812074387,0.499464905489459,0.223819066655529,0.351643937261725,0.453511330587041,0.231708878153703,0.381522194463371,0.447507507507508,0.0676092520345466,0.391003876297994,0.316622810740458,0.130223639709779,0.337024894066632,0.498825112640099,0.169742846488311,0.31673960822704,0.534933728753371,0.231560496876612,0.415548627313333,0.459106623812506,0.217406985954558,0.353122771584351,0.403339135518676,0.141262028553757,0.252527523348278,0.314478715705544,0.154601720788232,0.229755831536154,0.38896110656652,0.00224773927128072,0.369163681590138,0.279875040937282,0.168279904946824,0.181508190919547,0.363548604446985,0.158028181984967,0.313802075900714,0.507278733909867,0.145767476512323,0.216910675381264,0.419822319051077,0.050036397103172,0.377053950012686,0.337088800828924
"20","SW4107",1,1,17,132,1.78,1.47,0.54,3.79,0.285533718753643,0.404510794216677,0.58781783757274,0.217069476236698,0.332340097972928,0.448991021357833,0.190409817630479,0.402473471140281,0.484368163323724,0.357878252063837,0.403143757503001,0.624120148059224,0.0294327141758823,0.473129321814741,0.38912105141515,0.0702982797049576,0.404327902844527,0.393405843942928,0.123988299158607,0.308717826265754,0.407183593038667,0.147246586948521,0.297586334689936,0.443454232742169,0.180290857225561,0.270183660130719,0.507706318082789,0.208083611590098,0.367199127438586,0.56678317344637,0.177669323474449,0.312445707739825,0.484041260511849,0.240220742708203,0.406707228449596,0.571185929041476,0.258296617368657,0.368217411087479,0.492618752843825,0.220788980316589,0.326853063751459,0.439138817213684,0.221101075421493,0.374012193112539,0.43532048113363,0.0844477305953722,0.342980392156863,0.387446596029716,0.143650538980433,0.364864205186392,0.505802751738803,0.164713718450381,0.306990392828693,0.515184321403549,0.219194749120725,0.387433626649313,0.431961538824284,0.205764843561453,0.336571208926675,0.389452567942848,0.130315362953134,0.210870313037496,0.278234004127967,0.174552771693645,0.215419727379644,0.379652283725683,0.00207001961704638,0.378417355113879,0.276798723648815,0.1719028433141,0.208523214578578,0.397192311725184,0.154797236263572,0.334377348707557,0.516498867863497,0.134605153795594,0.218090398600755,0.420929025131179,0.0483070737859167,0.370557506584723,0.321669349331772
"21","GUARDSMAN_II",1,1,16,133,1.9,1.56,0.58,4.04,0.276056042826972,0.367075517075517,0.558281696516991,0.202551084423514,0.302943247955031,0.440502492410081,0.191106548216559,0.384612010540584,0.488570117613383,0.353098861153166,0.396313574757257,0.6285151549409,0.0397754300203195,0.478743698817533,0.380937989606918,0.0866836560124812,0.393552497922246,0.390195339674331,0.0904162122729314,0.267285119737173,0.350183329349245,0.107542472540359,0.278883486877004,0.387120630332053,0.162778261399701,0.264325657894737,0.492074303405573,0.195700090093984,0.361680176495377,0.562349470761756,0.161513489974069,0.296786929854494,0.479841588576528,0.21989756966096,0.371609435198415,0.571172960003935,0.259229759290668,0.37333725817266,0.502464472027343,0.22602276315196,0.368040753067491,0.461531813403471,0.228526531679929,0.401008447894261,0.451100408366844,0.0575051959576331,0.395856290342224,0.324425283156741,0.154669514756062,0.339819292077042,0.518890332851768,0.15850682277686,0.29087180246548,0.520525672824196,0.205431660041373,0.373766738472621,0.413711496064437,0.197476746496212,0.345580672821269,0.380914365514214,0.132912811018256,0.204780701754386,0.293555641554868,0.184696148694456,0.219906298802707,0.371614982276096,0.0166934064840261,0.370027920182176,0.232526821087829,0.167913573307402,0.204444229357724,0.378710313139379,0.172856897871534,0.318905133620649,0.504203056768559,0.14801734053068,0.202357973549357,0.424132682807082,0.0624481737262175,0.36455754734947,0.355116310340191
"22","SW315_LH",1,1,15,134,1.86,1.39,0.49,3.74,0.293791014639071,0.383420102047553,0.533170524101897,0.240860422462729,0.348800830181594,0.455206573053298,0.229570917742438,0.435241554042542,0.481024964730418,0.377481607626403,0.475917649571039,0.627382145683385,0.046140245502632,0.478111318511567,0.362562857638287,0.0994837629672216,0.364736485452598,0.395662853770271,0.0261708405789628,0.302314133107576,0.319900290517831,0.0394206016744702,0.288898538433927,0.350306559245859,0.145425841778226,0.243954248366013,0.432495860566449,0.199071729850713,0.381204111600587,0.55037253667987,0.169049051920168,0.315299470593588,0.455502775502776,0.237464627321999,0.41630263919914,0.57287903440795,0.275010382132877,0.406990462045683,0.511215918008353,0.241317028758776,0.399704573501365,0.470106245507315,0.247384728530668,0.423616614066441,0.472088926068165,0.0178993930137261,0.442331993667032,0.28449299719888,0.146786173409892,0.325594870514657,0.473767447564239,0.157174946097213,0.301207812559722,0.473625444329779,0.212554369952649,0.360504889916655,0.397595762301645,0.196752446834247,0.325000739189075,0.363243425197477,0.134825237295508,0.201809625357022,0.282467702084109,0.1952310458446,0.239008425395724,0.380806196618274,-0.00713685812276221,0.37871554418869,0.257473395545259,0.150817162650378,0.182953222941381,0.291546644343263,0.130160460147631,0.322016725176242,0.42002954020036,0.135443238081574,0.169689723635204,0.345235835156926,0.0393874080693319,0.388626148942216,0.309856976582174
"23","SEEDWAY_9558_SBR",1,1,14,135,2.11,1.46,0.54,4.12,0.308790031271846,0.388920719803073,0.575163516585085,0.231896771781495,0.337674501849421,0.475383804637474,0.222459026539286,0.411901009437695,0.499660209296256,0.374646780517067,0.453643843187499,0.641715340844858,0.0257680729802889,0.499387431985684,0.402731679343028,0.0778746881056783,0.388632006648813,0.386320558992828,0.0673309846183702,0.281482759042482,0.336804153976001,0.0904837615129679,0.256906447860852,0.371664354994914,0.172182471935831,0.245689106753813,0.479859150326797,0.204809799771195,0.375359518256642,0.55502412418712,0.171658920871921,0.306208577626012,0.483499774499066,0.225250215672935,0.367689655403728,0.572802139443986,0.26407749686794,0.354890320942192,0.50307609282245,0.216810824638914,0.341825494766671,0.443750545354823,0.217874636626857,0.368815008780407,0.436833546349117,0.0596093400296118,0.42082474729022,0.294355864084764,0.167622844959361,0.306290034237313,0.505350212306522,0.164693753016205,0.318776391613914,0.504434654919236,0.221874131823661,0.372825231648761,0.414579132226191,0.214267327179261,0.350774811322479,0.386164409845951,0.134826229890522,0.22783423043819,0.316280633240411,0.190395127141678,0.235775513745321,0.373773084455021,0.00198249934755204,0.384980955402893,0.267466425057057,0.185027689770001,0.213194925028835,0.365600037552641,0.181588845171185,0.318421240403003,0.475126295059509,0.151210430006363,0.187823554517838,0.411086596969758,0.0592211066838626,0.365694566383767,0.357621207687055
"24","FSG_415BR",1,1,13,136,2.15,1.5,0.7,4.35,0.32005319798896,0.413828292259665,0.599840138075432,0.22234460091152,0.33420467195086,0.47125303438749,0.208640345585528,0.395816891233379,0.506649679336455,0.38949083503055,0.48126781179367,0.671408547592078,0.0306142332065038,0.491094426518849,0.39173630070875,0.0855061337768898,0.353641175533759,0.390742374987899,0.0983810364438222,0.267598277394481,0.373939742573947,0.120293301024481,0.257378331946616,0.408666327637349,0.17794685892655,0.247980843653251,0.49297084623323,0.203625183286933,0.390146996851838,0.573379936045215,0.165491876273722,0.288375739573997,0.493897601305009,0.228429081494109,0.370590694939169,0.579196322159837,0.260994641062012,0.375992825624583,0.51275356337894,0.232561069598125,0.371725974340353,0.470152505446623,0.254868639515578,0.404305867143237,0.484866091232873,0.0871997990469291,0.387214347018269,0.36267059012157,0.185084752213358,0.351266866213618,0.539659314260756,0.189643822343392,0.328141525822272,0.544851381570739,0.235826733573644,0.412761271584801,0.435988777165248,0.222900368105923,0.361276835107208,0.392280436005439,0.15061570199598,0.238672713024935,0.324244526375739,0.186486521419402,0.244689783484682,0.393860739969537,0.0250253689053639,0.360660195708881,0.252934422615475,0.198391083770485,0.231713910906185,0.413971688247369,0.203842728788304,0.369406270514028,0.520831668426711,0.170309854725672,0.202439964405167,0.430989597717021,0.0607069286275375,0.34829277849471,0.355387182955225
"25","NY1615",1,1,12,137,1.96,1.53,0.56,4.05,0.313816855140258,0.3805581491856,0.585130954738798,0.221490852556147,0.32053031658911,0.474394132230309,0.210821606172291,0.395447259195649,0.50165281741722,0.384211705464898,0.450678271308523,0.666615146058423,0.0223112126796695,0.495709261723166,0.406550787942389,0.0697658812760399,0.405219072244282,0.394275248560963,0.0943297865528489,0.260804985749758,0.372620087336245,0.117083491126158,0.253160955620769,0.412227137566369,0.184429573421539,0.257954466230937,0.496458061002179,0.203664819635091,0.398276691207456,0.575890533204432,0.174030458228825,0.304973262032086,0.492319223417735,0.234651988280295,0.377150381953062,0.579791419615197,0.27525132865301,0.358652362368531,0.517292084709253,0.237403202965744,0.355896111742154,0.459682575150985,0.236917591075209,0.40255411120463,0.445968806176419,0.0865456888728051,0.397821674124195,0.334130258163872,0.174645586747443,0.31891276191984,0.531031055463567,0.183949107120897,0.316409136341761,0.526648650649687,0.224937112112703,0.386875288836073,0.424563091229758,0.214701182953556,0.34564663123108,0.383958004962802,0.145621173902673,0.224865841073271,0.318068885448916,0.153067273921911,0.21958156714013,0.376090329937285,-0.0112285626165079,0.38889322155066,0.293400718966991,0.187542954950011,0.210899653979239,0.405011789440855,0.193561142762633,0.344478931795911,0.511494634243799,0.202950277086683,0.239593076736868,0.456596102638586,0.0660644979515217,0.345901773996594,0.385063918514314
"26","REBOUND_6XT",1,1,11,138,1.8,1.43,0.6,3.82,0.322917388212688,0.418998841534053,0.597180946642421,0.225807892726188,0.326120838802052,0.477223779978523,0.213367493204567,0.391100308736633,0.500045748226298,0.402877491871505,0.485674769907963,0.673177270908363,0.0339935082605822,0.490993816507749,0.402168793608555,0.0906029984239183,0.391804864643739,0.423030019142551,0.182215014984921,0.359715946160739,0.487549700980091,0.185561460656223,0.338644436446332,0.491349360968594,0.220069812064343,0.314853376906318,0.511268300653595,0.236105696671615,0.449110304914918,0.579996256946244,0.19617063561192,0.329408552937965,0.500242702595644,0.248073997543177,0.383045890268526,0.581555792575897,0.240634286549423,0.341903960720824,0.479202247547697,0.210142095789113,0.318674106764158,0.418269204906823,0.223309421075311,0.355824429319239,0.424285841033246,0.14624379678487,0.264181793929693,0.439899596202117,0.213574246527907,0.429261979529359,0.561263451103023,0.222567206282813,0.382431296105187,0.548864809081527,0.241530362763268,0.414780097133038,0.444345797286974,0.229690671653776,0.376884079231971,0.402607404172665,0.148226976456933,0.219987100103199,0.317865927072583,0.157052716415824,0.23349049354255,0.369973971889641,0.0320415372958451,0.356082101391931,0.308694505292856,0.205346954475693,0.237026769668196,0.444213674525898,0.219497815107574,0.38906417977186,0.545936914309635,0.208358370585642,0.251376945644127,0.466892498856449,0.0673869342155224,0.361912365436371,0.353753003652441
"27","NY0465",1,1,10,139,1.93,1.44,0.75,4.12,0.30931038360604,0.392154151222779,0.565029378754869,0.22294616634449,0.337169570290496,0.479879747726724,0.210837762796961,0.399157931957669,0.505763476708846,0.388880007089199,0.450109658213061,0.65588976397734,0.0217542997963154,0.496501434713304,0.405694559673909,0.0457220648248,0.464936867054514,0.419612398805676,0.0909620746891306,0.259123579562829,0.370792264504055,0.093681888229672,0.265540128188282,0.397613284082558,0.173008082899241,0.25296138630891,0.485440316477468,0.193938087043065,0.370620071817273,0.580736682338133,0.159636159770647,0.286010053285036,0.491057913571497,0.230619052197314,0.384285104165968,0.579673046091512,0.271038802031512,0.394510227188555,0.522035279303303,0.241111874635691,0.407039954316643,0.476591210505517,0.25719809103677,0.434673254569448,0.469380279933913,0.0787380774612129,0.394744564492464,0.32155795651594,0.18280582496542,0.363425666330231,0.544714106344568,0.204406181879346,0.34001258653241,0.552002862819136,0.247467325783391,0.436790342672696,0.465933007109478,0.233654622498163,0.388898972186021,0.426992455722574,0.158634148824916,0.26031604747162,0.368796869625043,0.161001509551819,0.259734031272293,0.402841884049588,-0.0219296926731647,0.381390835400905,0.314881291439043,0.185596203520368,0.182968876547495,0.38281097930321,0.195960686739917,0.364079639619069,0.508163631779738,0.212311626928244,0.237155518651669,0.460258861984568,0.0633729489301243,0.370535241123476,0.372967983854727
"28","WL_349HQ",1,1,9,140,1.92,1.45,0.72,4.09,0.32215839034472,0.404780178064492,0.591739052523366,0.223772561551214,0.337373556589641,0.483281629081653,0.210445697162491,0.395123550330879,0.496415518241298,0.397559787810881,0.477239577445328,0.660582080365779,0.00636951891770346,0.499973819942404,0.4180944998079,0.0294129916198167,0.467980351560914,0.422355751665215,0.157459543436937,0.324496479024315,0.466551002932686,0.163969696513818,0.314342024481025,0.474222209431718,0.21016036668263,0.300018845315904,0.512088126361656,0.226430254711085,0.418502268163903,0.589155449790536,0.191464485314044,0.308645758057523,0.503603710662534,0.244349879505966,0.383291407565421,0.570938175703626,0.245619355562846,0.347731905010191,0.482994949255555,0.216803447132913,0.33075743751125,0.41962439507828,0.233108994307474,0.380173644118281,0.434067708531376,0.145816393299307,0.27191279990257,0.434546827426623,0.210018741800209,0.404550901890419,0.565281561766795,0.221403733022923,0.371642528768727,0.56060004030981,0.23895089693183,0.427639557051322,0.445419445419445,0.211893384851011,0.365341355554337,0.384215960382289,0.143479095119737,0.226885740100801,0.317886429522672,0.155050164518043,0.222593887112367,0.367410326962643,0.0240787858421402,0.369481622505374,0.295790819089708,0.198570796523784,0.225244728358915,0.43204953447168,0.209602421052399,0.38138249826039,0.54389990943176,0.19599862347842,0.238551044831078,0.459853079259873,0.0627746929130662,0.376239141822987,0.360344906262378
"29","FSG_421LH",1,1,8,141,1.92,1.41,0.56,3.88,0.329364564019884,0.408137514264965,0.584414287600562,0.248115045207165,0.366401682376805,0.480421820519959,0.238861010656005,0.453977473985415,0.499747175844515,0.418818909966877,0.55054904473,0.663633417492558,0.0544911502323464,0.473286841694015,0.330415368210106,0.0554256023587285,0.476747375873426,0.40218659771601,0.0830272152249939,0.274207307377099,0.348041539760009,0.104050673018267,0.256292370509882,0.383423804865704,0.183122811342719,0.276394801341589,0.480660259717922,0.215573635958639,0.412412186113383,0.585234376936615,0.192264652775521,0.325607878135636,0.484819889580107,0.266256245938739,0.428566044326779,0.584337166652878,0.286068086233057,0.429238754325259,0.520561252023745,0.273753390493681,0.445932975746071,0.478565573944544,0.285943366820917,0.475492793831894,0.477790766545092,0.121521290803292,0.312116131476745,0.369250734110069,0.212263277512307,0.431528672924816,0.545951663159376,0.217416274007464,0.367542047656067,0.541927713816804,0.249399417797284,0.422982034746741,0.443357490416314,0.213843616041748,0.359430765755591,0.373078302927225,0.162691709544723,0.243511084276471,0.292958048036861,0.148399468645354,0.219904756396167,0.365279464784931,0.00410477482959309,0.371117329755064,0.291677976188201,0.176336807200464,0.16318347166098,0.350653998058842,0.185709466024626,0.368550984197658,0.475974089296077,0.192954505222163,0.209305131929315,0.422186032437666,0.0611015382452793,0.349895254121549,0.32571992976295
"30","SW3407",1,1,7,142,2.1,1.42,0.66,4.17,0.343540074870328,0.416318884456139,0.616870384517443,0.242573577084347,0.345702485850701,0.48938676872938,0.235864066507353,0.429986104945925,0.498552924509209,0.413471772371917,0.541865822562209,0.674350027006318,0.0280228641961074,0.474129343084555,0.363467486295137,0.0428402360309636,0.466846038303839,0.411104678214653,0.132483729442632,0.322601418942631,0.430153917769826,0.173444122340476,0.318136562757581,0.467314513806216,0.209930735430671,0.298787145969499,0.50625,0.234710509005002,0.433010279001468,0.588719011833808,0.207982112502163,0.323665697783345,0.499901184607067,0.260602166454522,0.408042144899926,0.587214317817445,0.268288437222336,0.361843010274806,0.505387130567284,0.247445408448474,0.352074425871217,0.45578408519585,0.26346531570317,0.398812629124048,0.453189855127571,0.153113878715834,0.268519303373523,0.420873949579832,0.219328573593603,0.409351938228944,0.541678820288446,0.226074315199407,0.370716278714215,0.541812865497076,0.255939125387437,0.422108574069358,0.449466655349008,0.212396684674701,0.359032308170239,0.376586627195146,0.163262870346405,0.24260627159796,0.321696234728877,0.157059005748907,0.217767036017947,0.356995116630723,0.0301058043722243,0.374212143311558,0.281429184704744,0.197761933561036,0.203383084577114,0.402337151452042,0.196706838273393,0.394587983179686,0.521961307570093,0.18671015202643,0.212297444507924,0.439679107644432,0.0610620986183062,0.372004475604124,0.326764124832606
"31","SW5606",1,1,6,143,2.06,1.5,0.57,4.13,0.348383217838935,0.416765578285186,0.615699714229126,0.250166805932976,0.363083081440825,0.480813662517069,0.243765294218122,0.450554494593294,0.502103058302502,0.415629565029357,0.570362889550439,0.67541671377071,0.0287454760678841,0.482537951900619,0.335516323590457,0.0498344793894056,0.475282913165266,0.405700249330501,0.147889093265545,0.320753544306125,0.415252805717473,0.184783935839119,0.329108473371975,0.45524564554042,0.214385058501711,0.305456644880174,0.505247930283224,0.232545443996505,0.434147509223954,0.59685336689742,0.210413810224137,0.326569164357967,0.500619805424908,0.25868412274926,0.398151241338136,0.58784175090951,0.281812084830755,0.390763395437046,0.530838332288775,0.247974642129245,0.364811421495914,0.460141522173608,0.268141096738968,0.419851512412066,0.468773444725002,0.162372327300591,0.253454146876142,0.435586895627816,0.229932857375061,0.419281961971735,0.570802630797749,0.230662994630817,0.379491849603277,0.555928380162638,0.246307876453593,0.423272929155282,0.450060908884438,0.209407433381726,0.360631927054548,0.397575914718051,0.158904072088514,0.230671654626763,0.31015694874441,0.140678383068182,0.21558650008676,0.359951414193996,0.0230705535251026,0.373207711628227,0.273349924879291,0.182982628737269,0.205024409216491,0.387017113274859,0.195339927374329,0.396676013928133,0.517811527813454,0.178816493294533,0.210339293270164,0.429266455653183,0.0528767907990229,0.394660791675717,0.315410838676862
"32","EZRA",1,1,5,144,2.26,1.39,0.77,4.43,0.341437108506954,0.398516561506758,0.619553023229494,0.252537547953747,0.359138871006679,0.50963485086237,0.221822927329037,0.385046549033239,0.495285802885631,0.398359428017565,0.539986509309606,0.664955099686934,0.0256509354915581,0.488239098819463,0.353890307607303,0.0396043253272544,0.484049602003566,0.423408997935852,0.0920418522209367,0.272541301408933,0.375136063405004,0.125988281866425,0.277794211147265,0.418853818621258,0.16682245446833,0.240824733402133,0.483417505159959,0.200859723310021,0.34056319873082,0.583290944696463,0.170283928911509,0.282093858564447,0.496104165167346,0.243803371813588,0.358755504076924,0.593658016418007,0.276981973861876,0.392648381532861,0.54350285176132,0.260891664510128,0.391502852465419,0.485546954530912,0.281359334181809,0.408510336261201,0.484730217879007,0.0925855978802436,0.421525216147065,0.351870202626505,0.187948703462163,0.331077082503672,0.527303247134189,0.205536899762164,0.358856161162458,0.542361291065619,0.26283550311596,0.434018586959763,0.477829854300443,0.239008157482285,0.389158256969416,0.434478052907742,0.172110048785156,0.242383470932233,0.3524935500516,0.154980173276499,0.265019211224313,0.408476735827074,-0.0117161321678196,0.413447944980293,0.29682364919712,0.178435596457205,0.18717955539729,0.367931765824654,0.161771875216412,0.349136389150517,0.510105269667304,0.184873191341743,0.21140135560397,0.447373517308158,0.0596924225215626,0.392767900692615,0.373374914642474
"33","SW5210",1,1,4,145,2.3,1.76,0.82,4.87,0.370663115347325,0.443795990440564,0.629189874840248,0.274706523075647,0.385956744090469,0.51945969056994,0.247531490174878,0.441640778252048,0.514388486180217,0.423733440778425,0.569747396716534,0.675831229352728,0.0154280247498204,0.492965787780547,0.371029864637795,0.0274179013078298,0.487657586111368,0.431639855942377,0.179920087675403,0.299448705246291,0.456784582828765,0.206659740980875,0.331161335221604,0.485247154210406,0.217290690519383,0.307005119825708,0.518703376906318,0.240505996625164,0.414668768195577,0.592456668016272,0.213915901710454,0.331927281317785,0.51342160084187,0.266006976591687,0.37588116783947,0.588958876970791,0.295531425346318,0.387516798408516,0.536551749679904,0.261938986273777,0.361738736605047,0.461837627613029,0.275537237853818,0.395014911104877,0.462377775699575,0.145638398150548,0.28623473631877,0.402709932457832,0.23398866503064,0.414636066381246,0.55581297675513,0.242406251951333,0.387661743111341,0.557119411641309,0.281980156344771,0.45776364599894,0.488079064549653,0.253510139698894,0.413878559195398,0.44704563184745,0.211276206337228,0.297197282421741,0.371453818369453,0.168079041862204,0.270167929512021,0.409364817706827,0.0345424591542933,0.373696537820951,0.2772637202018,0.214290056995955,0.215221821623206,0.405616586412434,0.2157691999037,0.414480406427491,0.541485548610517,0.214335983739216,0.242431249808218,0.464429715548191,0.0998484560803921,0.313864809712561,0.3861401060363
"34","PERSIST_III",1,1,3,146,2.38,1.59,0.92,4.89,0.362478715409091,0.436465495289025,0.632290458270851,0.247656632748,0.343886552254438,0.529089276007901,0.228659893314981,0.394498797085744,0.517277580131809,0.416135506973238,0.551484091394405,0.680997349612491,0.0331059043999719,0.481004384876313,0.362595258450309,0.0255722050740476,0.48467015791824,0.420160197858408,0.157671197853321,0.273053958652161,0.437647082942901,0.186426913746392,0.288557469112146,0.468884831546629,0.183978367276493,0.254773311546841,0.517155773420479,0.21194820358809,0.353382445489209,0.597276373104308,0.177421784090617,0.274607441666265,0.515216606981313,0.238994015183976,0.355338659582889,0.596199177584137,0.269800469760003,0.347953105496832,0.544481311192218,0.24304077137974,0.353401734769593,0.464108862335713,0.267051395297454,0.370571251124884,0.477346413678594,0.108927056739701,0.394726914334757,0.367741372643333,0.215491948725709,0.374173882195273,0.547306713616874,0.225595108305272,0.387378645415281,0.56023439590261,0.263807647974985,0.450830433183374,0.490502598345736,0.219353561632215,0.36782931830966,0.412529177019803,0.207484270745172,0.304575448873587,0.387447383408485,0.16018198462285,0.273950571378994,0.41891871792965,0.0480377806839636,0.353670592822818,0.26671916833283,0.21576129208978,0.221822376009227,0.417526622139964,0.221821334726948,0.408096797671033,0.549719582156006,0.234634856715061,0.270085868893637,0.4926051592368,0.116156029616571,0.298837717977314,0.420593376519628
"35","ALGONQUIN",1,1,2,147,2.14,1.23,0.59,3.95,0.355977222697255,0.411489663205349,0.618660696601873,0.244327572709749,0.351505290898849,0.540936821034844,0.224689565645319,0.384443378038205,0.527013697707507,0.404264043773855,0.567664769943852,0.673485824823203,0.0473689500046736,0.480451996994393,0.337151768400557,0.033823664663143,0.48261261427648,0.416003078154339,0.135563822243458,0.275164175079222,0.389720807360143,0.160277085291433,0.273602947259817,0.427696942266606,0.155296054773587,0.235822045923633,0.508317315961472,0.186203225828859,0.266293512999914,0.59052011994225,0.143791188389382,0.255766202063155,0.502524695732822,0.215786319206629,0.335266080177969,0.586558101909306,0.261069090716349,0.342880649291557,0.54246055680772,0.23377585113942,0.364738292011019,0.468678143009694,0.249626354708713,0.337914211789644,0.467090620031797,0.0673932742395173,0.430320976875599,0.297219008815647,0.174704207011508,0.267470594832079,0.494929491365908,0.177389044232645,0.350014684287812,0.515561643159466,0.230390565808194,0.389535601300307,0.462910733498969,0.186870089514755,0.322644043637958,0.392198892604572,0.178519095515126,0.247291342831083,0.331277485879698,0.125415780414244,0.253751903908073,0.367785875412112,0.0461096386862167,0.350498064956794,0.238800260469431,0.191329849528597,0.165060878915954,0.332364034819065,0.180348164442638,0.331168003348841,0.460688462672794,0.203913201002837,0.223711408682714,0.413019240709341,0.0793138491902919,0.365958808896693,0.350292898253829
"36","ONEIDA_ULTRA",1,1,1,148,2.2,1.39,0.73,4.32,0.390715966985119,0.41816425223288,0.638702147525677,0.243532393354205,0.340709723713691,0.538408055920137,0.214178416216479,0.32446184069735,0.517162570624357,0.406975241400956,0.554389720013566,0.668465915514188,0.0459646951735822,0.466345935982201,0.35440286340723,0.016080226056816,0.482406534950619,0.418082165487604,0.12390332236593,0.302967526884055,0.401410259657095,0.151377920936119,0.296461029357122,0.424696488617989,0.154949486708302,0.247347930283224,0.489002287581699,0.204688534003732,0.275226495884697,0.576059428176557,0.149148452100719,0.267981992687875,0.500722968958263,0.232043631530256,0.340684094369873,0.58236747544268,0.265126625285397,0.3319661809678,0.52717479868364,0.244993781224743,0.376548288312994,0.465583436171671,0.25194884052663,0.326344159285336,0.452309788780377,0.0911448172434306,0.444608388810069,0.347367068039337,0.219156117670733,0.335907398733857,0.550175804312978,0.19212489907418,0.365166565892142,0.536185732246888,0.247265479930256,0.423896470955294,0.492710892710893,0.184141351856999,0.317120301316211,0.398514343679706,0.180012525722466,0.238969464177897,0.365206890793006,0.11767372838694,0.24018244465928,0.372886641382217,0.0230671358110019,0.363031818303457,0.259959578814303,0.178849949043865,0.168852900941498,0.344793326359271,0.171266975641427,0.325328462292243,0.475387923243048,0.174028243234676,0.20339304673356,0.416253091533953,0.0519290718892341,0.422901147923097,0.355611814962122
"37","EZRA",2,2,36,213,1.9,1.79,0.92,4.61,0.266446587868529,0.320038739401484,0.520652132907035,0.181235834123514,0.269087651964099,0.432790355831312,0.197694749891155,0.382277938497804,0.481775525596502,0.345930517388052,0.433072314127445,0.594989637110449,0.137542599680972,0.421629900186203,0.380196129539307,0.156434825986818,0.260623387816665,0.414627266291132,0.120076320032202,0.354315560285249,0.383670813303487,0.128186364413517,0.285679119922635,0.416934757256466,0.153364976684937,0.265801191090471,0.469927330581355,0.163673534530586,0.3453974864282,0.492619419449196,0.196858684484578,0.308085197496962,0.488503690856632,0.236618360783635,0.382235549026316,0.583758292916893,0.219034189388751,0.321761743013449,0.501297313312805,0.240852093457595,0.354151968055711,0.430998591426399,0.28025731918739,0.490865156283434,0.465024242329351,0.118069463382762,0.284751674582877,0.41366410912191,0.204872144293829,0.386966937769077,0.490531562189316,0.194281352410797,0.352863777089783,0.462030825975614,0.276502296212243,0.460651484180896,0.480396515690633,0.244036547435888,0.437298307622123,0.450164099974754,0.222546561238306,0.282437650498796,0.410672084623323,0.0992582464376463,0.277121538881039,0.391009642795171,0.0504463490146879,0.29378275779019,0.320717004550569,0.1953793486485,0.243102168880716,0.423367424578497,0.220073899508856,0.384544790745022,0.561797290483394,0.211322668924967,0.258344710723796,0.48061413701283,0.116256872631108,0.259931226221832,0.441605087308555
"38","NY0465",2,2,35,214,1.69,1.78,0.87,4.34,0.249086275093087,0.330811735468598,0.487632628809099,0.177363702270163,0.293553954712379,0.434181150485887,0.172156103136902,0.329986955316431,0.464163686118042,0.339317162735783,0.407037218474834,0.587809724786776,0.14413431472654,0.403870908515999,0.395017289038036,0.163986694120516,0.266091952946173,0.409365173048038,0.109683418804101,0.350725329802257,0.392775162835907,0.121177511911982,0.28934170512318,0.434234578173215,0.145077154936267,0.276089651416122,0.46148082788671,0.160590623044186,0.330012146451501,0.481245878882527,0.187193075185731,0.293208240920659,0.477776687362744,0.236166945864101,0.397149047781959,0.568813489587875,0.209871171100118,0.339261716559263,0.496135572415691,0.231357506192105,0.367375939568453,0.44737128587396,0.270688591456728,0.492376410023469,0.46972619678502,0.104412820740609,0.289985629034222,0.393126293995859,0.202305274101557,0.383337494032681,0.480140763028464,0.180278790841072,0.362858617131063,0.432145559978377,0.262980392910357,0.432488281507889,0.459549274255157,0.230890405015802,0.409019059627579,0.43172569120845,0.213463906520027,0.292294891640867,0.410616185070519,0.0841409531082823,0.296808182466694,0.418738311450441,0.0441343590746174,0.286492417204745,0.331214406864975,0.179144596410783,0.20079165355982,0.397685129173018,0.216681159635645,0.381892475573441,0.548676399235094,0.202826321456907,0.217296265611096,0.472006873484918,0.0990526557156516,0.27528518590854,0.416623498625255
"39","SW3407",2,2,34,215,1.84,1.64,0.73,4.21,0.282043318350905,0.380813621744994,0.52666263475087,0.202749665803579,0.352541760548269,0.464489200262868,0.17846043090485,0.356064067962952,0.477069404404097,0.362501120210786,0.480505457788497,0.599864340354976,0.128080412403209,0.43341032146567,0.395556635687561,0.156524106943505,0.248430466947091,0.39933110367893,0.176864253934754,0.319533105818747,0.411385514904652,0.184972098334691,0.295375683159836,0.468093187138345,0.197473116937242,0.361601198257081,0.513168409586057,0.194454211631712,0.427660262342823,0.503850244943792,0.226912553449018,0.361659042587462,0.491330455511887,0.264382521588392,0.42141097414118,0.562762564003567,0.201009046216663,0.323370150606251,0.45118170694319,0.230365927797492,0.336629146254815,0.430018822532192,0.252786705955391,0.464631608299428,0.43909147369355,0.185887363737955,0.384104348810231,0.44416763338332,0.239825448305764,0.470861781967469,0.512569293726238,0.213881006729535,0.434217749752862,0.453823193496684,0.261395682018081,0.434981199687082,0.440945911534147,0.226474838790933,0.399222145649815,0.413411391699703,0.23532103347173,0.302206149985655,0.407904371619799,0.0935874027809176,0.276244515505317,0.356427455938127,0.131571597402716,0.284115952223484,0.350448876502573,0.203604617462193,0.208784667633107,0.443375325833214,0.245792584388397,0.417575348916859,0.585586665525016,0.184138793488635,0.20420630823767,0.452400293679822,0.097539338674226,0.293655240977453,0.397792376018891
"40","PLUSS_III",2,2,33,216,1.86,1.72,0.77,4.35,0.27091637133086,0.353520263324185,0.544878288015543,0.182418670610131,0.318845454003102,0.464066787972796,0.14936658188738,0.318333459618283,0.463583798482897,0.35156007666439,0.425551745361822,0.606927685872555,0.136027400290212,0.429339797880889,0.398155949276422,0.159408304785436,0.268338350724905,0.397651983870471,0.183855805284382,0.318206387050792,0.443046083677336,0.180412122920682,0.292947947342627,0.479543660710339,0.190081333537466,0.33765479876161,0.512912689198486,0.177418651636026,0.394332111699305,0.492913782252989,0.21707187466832,0.331119140530905,0.495484575484576,0.261283939760361,0.393027577093102,0.552017244347847,0.203372941522943,0.368385659714506,0.456362760970551,0.246621031304631,0.333737207533999,0.42108497563043,0.263951379699064,0.494508868730322,0.470730072633187,0.169212115279175,0.389609904567888,0.464984054227752,0.235455620087867,0.432192749254014,0.510849731840701,0.22181804672244,0.43023828033416,0.462668591665741,0.263043299959708,0.418229535876595,0.451408933761875,0.231238873025501,0.408892056356559,0.429324050216545,0.225317154005255,0.277909381704199,0.379528880781402,0.0987082154134086,0.290698324560896,0.375223648948272,0.126146076062215,0.311062304950576,0.376262875332755,0.21716699984243,0.245517689976127,0.463545237520453,0.234629089221149,0.402475002616282,0.562568499015327,0.200699293630812,0.236582610309044,0.466510396669832,0.113075401135786,0.290946249146425,0.410857843137255
"41","NY1517",2,2,32,217,2.05,1.87,0.87,4.79,0.267502578252687,0.359354752001811,0.516266893962972,0.199867476717738,0.341052181521696,0.458553159262353,0.163025003983289,0.352989139694807,0.450072498585809,0.347627270545362,0.433177270908363,0.585394657863145,0.145603772925101,0.426314112774769,0.382986963501552,0.161001275198741,0.255239219433593,0.380075383553644,0.107428694980264,0.355879472138965,0.370924614922555,0.114763307057303,0.273989264109714,0.416009032553205,0.157950075179155,0.28412440087146,0.480474945533769,0.161642432465363,0.37183857613842,0.483133288713716,0.203677809657489,0.322695356589758,0.486801891662511,0.250707597678958,0.41081036360262,0.543200534860997,0.208690673086543,0.352338550098939,0.44747732876205,0.247124834489879,0.365624440293734,0.438051497240915,0.263261938407226,0.503202910123325,0.472087405097786,0.107855639028543,0.299000084882438,0.369829386299975,0.191509577154392,0.370111634957543,0.486666324096793,0.203119200580608,0.409822156958721,0.449622335473592,0.257322067908658,0.434738940621294,0.460248177895237,0.237932758874364,0.418432418785865,0.442428543160682,0.236914610583392,0.329712762297902,0.423623151014792,0.108914338888478,0.296641134329838,0.418466076696165,0.0629461422754041,0.282605000146546,0.301080999111804,0.187999104841305,0.226307794473884,0.38293501961322,0.224339690181477,0.393777649342124,0.552737225409329,0.194647259956324,0.213201404018397,0.448596102638586,0.106304757696336,0.312817714046862,0.424860654535808
"42","NY1614",2,2,31,218,2.01,2.14,0.86,5.01,0.26348220268364,0.323999566156429,0.518866064944496,0.171473005976845,0.290034635605268,0.446772316997935,0.169185796126368,0.327058402579581,0.465802456663215,0.335684776768184,0.400129630327467,0.596881335493839,0.124689727075766,0.423881034356457,0.383970393741209,0.147217660166863,0.280097885307969,0.397141872133469,0.117770835466081,0.342414035544718,0.394004165415474,0.130811600561725,0.279123711215022,0.439885973463427,0.152516467645986,0.27340871459695,0.476068409586057,0.160868673633063,0.358284623583947,0.473099824000397,0.202189416757214,0.324770545947017,0.487097578862285,0.237753307507272,0.380059843909434,0.531710377540608,0.17538575745728,0.254911967472995,0.402563818973735,0.231395370603394,0.349400629079773,0.440359581001292,0.22113274808651,0.424829327597494,0.42909068237788,0.0947948743924547,0.29254562431033,0.395177707446615,0.1689861122206,0.326204960429559,0.45095805577089,0.182969519996402,0.361294412501843,0.425755565384048,0.231770422230136,0.387410048194362,0.425613747182375,0.215342855097648,0.380200817620927,0.390254543199706,0.213649694379925,0.287853887168903,0.364051427588579,0.105521941736736,0.256109375903754,0.405373840785085,0.0437278826980428,0.303010817636992,0.330735265445621,0.173783858270105,0.247866658753402,0.404487230650532,0.191160736383193,0.352853174263398,0.526446328167366,0.18789758045572,0.234667034889073,0.449820000613704,0.115911542327879,0.29408978100813,0.43814278247992
"43","NY2003",2,2,30,219,1.29,1.39,0.63,3.31,0.221472664368002,0.299799868731103,0.429277626543575,0.160594956771638,0.236976577311114,0.371601771202058,0.187338880579204,0.353755103014442,0.445492819999046,0.332198108416697,0.416183190765095,0.580481591739835,0.149224903656821,0.394659788674368,0.373446815663333,0.16436990622371,0.264873824669221,0.4265576197034,0.084050881178593,0.336085036634741,0.350645970178464,0.0954177565423832,0.285821422140462,0.403408231498109,0.143165145817719,0.272198142414861,0.444618270553836,0.157562684972309,0.356597852062998,0.458306700066223,0.203757943947707,0.341710370895346,0.44596568090544,0.237684296041772,0.345178536690078,0.494716011618469,0.208943963734427,0.324897622297705,0.444793286985598,0.263419069964249,0.388594708915565,0.447971695565278,0.263375020013164,0.521315639377923,0.481066707225877,0.0668272740256443,0.288625989526245,0.337736207526489,0.17503323548238,0.361950185479597,0.437750320493791,0.189287863151142,0.351310068814604,0.382662462929371,0.238714365878566,0.355839567604273,0.407027348203819,0.222541831972388,0.379004300943205,0.400090522231396,0.189751320145245,0.259077657378741,0.321295149638803,0.107066214942499,0.275624798592003,0.392044817927171,0.0231192037543595,0.298804312782499,0.328584098876439,0.154959254182234,0.211417746305088,0.33800917357367,0.17546843013818,0.365155763906727,0.500314667351657,0.198283561797083,0.20737959341633,0.415213790459815,0.11016694107378,0.297759034986544,0.408840349865436
"44","ONEIDA_VR",2,2,29,220,1.63,2.07,0.99,4.69,0.224300608639172,0.327036117477294,0.46945623367192,0.141980255136791,0.279645546659156,0.416413353987286,0.155146920057758,0.28939324291331,0.470629404187609,0.316223205397832,0.33713783271156,0.575286832221678,0.133973562958325,0.418739256133771,0.377870508259563,0.155547124361172,0.268574999230461,0.410908609597685,0.13261212872744,0.28499435278164,0.393707747838557,0.149316378471517,0.26242617733759,0.44831031771127,0.161635490512399,0.271792265795207,0.483816775599129,0.159493578887861,0.35888201976826,0.489166944310764,0.186802362886478,0.307078102067209,0.479402278095089,0.204855174654148,0.332948734289017,0.50659743883869,0.185421122082177,0.301759203411532,0.432146069436949,0.260155689963201,0.34455496968866,0.426561376828756,0.23481855364261,0.487302181073807,0.466530544385216,0.130017785720402,0.279417921758075,0.393872785829308,0.208807560699499,0.388679037836958,0.504082750067617,0.193678371353033,0.377411369834277,0.448198521699429,0.267081571667714,0.449981073510485,0.468255115313939,0.240645252730454,0.422232532962147,0.451221936402446,0.237057861571683,0.345967738482159,0.438041956245263,0.121054906574016,0.310048778606821,0.426419014016619,0.0371435310194275,0.289288768084084,0.31084376039361,0.195286510954639,0.216062369411492,0.417156488419734,0.221959083463239,0.391223920426977,0.566353069612124,0.195154590521066,0.21991133235753,0.448627475133931,0.125525335439114,0.298330166460105,0.446407926126978
"45","WL_349HQ",2,2,28,221,1.37,1.96,0.83,4.16,0.227500291218684,0.31832069528148,0.460451503833857,0.148820264604997,0.286127020111628,0.404064998210237,0.160855427133523,0.30151224723466,0.464684754680461,0.331879413754696,0.394411428512318,0.597742330907567,0.121632952322074,0.426016517236338,0.394816235262384,0.150206833884204,0.275381679985261,0.415641431600511,0.192040682315247,0.349980673492104,0.459840250510685,0.197230394689934,0.301991152380535,0.498086130456154,0.198911638976753,0.34288137254902,0.512417647058824,0.189038020936621,0.442567115341712,0.504422299893409,0.221360208881384,0.341657754010695,0.485754354315658,0.204665816749027,0.296728808729305,0.477717566163831,0.211521425882908,0.356212837001575,0.43028603329594,0.262810581553485,0.357742376458954,0.443708994511134,0.258722273672154,0.512792121373436,0.464553531819968,0.190056600437608,0.374690537084399,0.431262939958592,0.239423798555397,0.457596087666871,0.517637383539263,0.236391266906438,0.435800389661494,0.460920599272504,0.279218693641433,0.424993519111166,0.447000094058918,0.246488978586704,0.423000383750891,0.4341456060523,0.235444463321747,0.329065340921256,0.408495732864013,0.111354549126573,0.300614263404477,0.374525668674549,0.130073716760208,0.303402796096017,0.397691710726014,0.234589390543893,0.255609461664825,0.473288649067196,0.254280723623677,0.41775278039406,0.590048853117181,0.182672017367588,0.216201049433858,0.431594218908221,0.114597044008371,0.321533460251634,0.422206078571311
"46","FSG_421LH",2,2,27,222,1.79,2.04,0.9,4.72,0.277805673486954,0.395207679031208,0.502618623206859,0.19713973540845,0.357193768311922,0.444964469898845,0.197527572490397,0.369987624074963,0.471560966164053,0.359564305629849,0.488215950057153,0.595839268442803,0.125541584812508,0.423679012093827,0.386558637095668,0.144313081108122,0.279235632714624,0.404343152645674,0.144528955009316,0.329702764924163,0.400937519973855,0.141649643343351,0.281120389893429,0.444939453152511,0.185050258163657,0.335169526143791,0.485822905916753,0.183067285023394,0.450304157061055,0.484846186262115,0.239414496972788,0.401549785079197,0.493210215563157,0.232503943718967,0.371847797164253,0.483675783005642,0.22309270724435,0.41090177031417,0.444647788959081,0.25890054703614,0.358133971291866,0.461058942933415,0.273730878213764,0.52856126022216,0.473263401810115,0.132984579698019,0.338478626233102,0.388705395201559,0.216747971062641,0.463452416928353,0.481925046096169,0.229076432165328,0.445551132733795,0.436746768882992,0.283553547759829,0.462050897345015,0.455307102365926,0.255765141829668,0.459378034939762,0.449339164966532,0.262530932361237,0.378014721940316,0.42452329261034,0.131447076583148,0.307917847571674,0.413419418898336,0.0752895481258658,0.266368605023084,0.32954747896429,0.211404429104639,0.206134542120701,0.407218444761697,0.229657403215678,0.396531761661482,0.553259054713588,0.198019014158117,0.197567891006168,0.420215532848507,0.127663328556753,0.318218588430397,0.42047629499561
"47","SEEDWAY_9558_SBR",2,2,26,223,1.92,2.3,0.94,5.16,0.278504711396855,0.346298182572692,0.516232940987843,0.184348937269542,0.322881209597382,0.43711994715807,0.200867041053876,0.362507667300497,0.475496074342146,0.345173766763062,0.417435974389756,0.57968637454982,0.142606571800627,0.416048345834902,0.400750150910374,0.15535799698248,0.272647357951571,0.382094693967086,0.102168609223526,0.304231381955575,0.385063355559334,0.0862290528475137,0.332847750865052,0.407865916955017,0.155069027063158,0.279779847494553,0.47617211328976,0.160230725652778,0.390973728698528,0.483414652204494,0.206295393387224,0.312397739104566,0.481744406821185,0.188780925504075,0.290361545462067,0.476316972221663,0.19009349818207,0.315648709564776,0.426406040019894,0.252410631864824,0.344466050883163,0.441634776394135,0.23857833600915,0.485669670583165,0.461426923710661,0.116595726010167,0.271602459165484,0.379673323875005,0.190883914481372,0.415314655636843,0.485377347081033,0.207838988677508,0.398229727524882,0.454156709183918,0.266863957093467,0.445804921295117,0.468298295749276,0.23912402487244,0.412578783489904,0.44334542491042,0.232846280225045,0.29671740626075,0.435229188166495,0.118725709248366,0.288284375697182,0.405617114102278,0.0665835691412471,0.262566786144687,0.311012020212992,0.204003735231807,0.226252322518733,0.420976648903227,0.223828359579579,0.357440404047713,0.562103643351676,0.174852068642399,0.214003859735567,0.414795371215744,0.11193154975416,0.288406445210659,0.434391817359333
"48","ALGONQUIN",2,2,25,224,1.47,1.61,0.74,3.82,0.268954056669815,0.348918220486848,0.501324637599147,0.187182612443274,0.308283949144228,0.440681054369009,0.183931513462583,0.35555022352436,0.452066611101289,0.342108456480228,0.403059223689476,0.577765106042417,0.123867868749783,0.432077043508185,0.414061269328027,0.140702835497297,0.2950049142464,0.393885080347929,0.0788146277514881,0.320975795132057,0.404241153791933,0.0535684959753936,0.358057216297304,0.412941594185793,0.137851714906469,0.26671815875473,0.448552954076367,0.151430348258706,0.373654660101926,0.482866767852515,0.188189031718976,0.296410421116304,0.472975435328376,0.189456419130151,0.290643733830629,0.481819869012721,0.172793676450431,0.295847224197227,0.400497174427117,0.298767400602525,0.430360397825903,0.474283456128046,0.236058937369695,0.489959163315565,0.459978490601328,0.0923058333552585,0.270339893533171,0.351678610838275,0.172240875428356,0.384540654884809,0.46936475162006,0.203110582687583,0.362418780532281,0.436123827896308,0.265400549309674,0.424313083136613,0.443591490650314,0.236394197704352,0.404888655380955,0.419321265218766,0.213779985981587,0.289742002063983,0.415119539043688,0.114895352277134,0.302739644530378,0.392701717855284,0.0341163867441429,0.305536632018116,0.348219084865375,0.184316734625897,0.179305276146026,0.36590099514498,0.190610177900254,0.335482014251601,0.519694061515921,0.172263153223946,0.17047305352921,0.395287651302362,0.0939242827904305,0.307256185746089,0.388682854530089
"49","AMERISTAND_427_TQ",2,2,24,225,2.31,2.04,0.87,5.22,0.328045342524255,0.414413155834724,0.575359689330278,0.211249942169025,0.364340638216071,0.474707092099856,0.176750214259204,0.367880570719772,0.487347931873479,0.354964815239093,0.427185690419666,0.5879082036402,0.11435063007457,0.434187006205071,0.399175799370691,0.1412724377466,0.254667519181586,0.379718495585369,0.192937969184112,0.37504308322751,0.466634587902447,0.168852089844186,0.277735729685272,0.487776755775529,0.204894488274068,0.361444989106754,0.516786383442266,0.187713521031228,0.457278203316725,0.505217520636573,0.228009597656695,0.346585056804759,0.487652213130597,0.210007386590683,0.304531958118456,0.466652877747442,0.194357635963821,0.342819804662286,0.425002380876798,0.264282480073458,0.363023377547706,0.438508090795673,0.242845516240856,0.48780156406454,0.455973230921328,0.184445053458312,0.346819940097251,0.437858537354336,0.212574406579537,0.439368986292923,0.496874478116208,0.235141388232496,0.410075149002332,0.46640703858636,0.278879160118837,0.44625037566214,0.44867158984806,0.230971971128449,0.401561167327388,0.412596236731556,0.225007298559751,0.286129600963192,0.429449604403165,0.130430398467304,0.294335993984615,0.381387491082962,0.119103740228569,0.292491879444961,0.377292647090681,0.23227162170869,0.235639869549904,0.451446861481464,0.246408656731346,0.372139333656801,0.577933089781279,0.179922240732372,0.192560679984044,0.409826014913007,0.109768256146842,0.307733269924885,0.406224880499463
"50","REBOUND_6XT",2,2,23,226,2.15,1.79,0.74,4.69,0.332359662870646,0.429029675843401,0.577309863339275,0.202150637933433,0.352593646897884,0.450305031383278,0.191781021686985,0.3909007484488,0.470494784431591,0.364246453590757,0.464138372837924,0.593550137543807,0.124611429963936,0.424363181747148,0.375687607438662,0.15761613043753,0.263107892279719,0.402064597768932,0.225085532883475,0.405341210720096,0.476377869925263,0.195219052467576,0.295798707900015,0.494935203143161,0.21143242600663,0.374031481481481,0.507918409586057,0.193275640419368,0.460583029672046,0.498627203093627,0.231027792653415,0.364476895195849,0.482701219738257,0.234923871139889,0.35958355973248,0.489235922445156,0.202359568749156,0.367847934280746,0.411570099265728,0.24185977700967,0.307421683456542,0.448748776708109,0.240354223588234,0.4870512380893,0.451196005694276,0.178130557566917,0.37118854275717,0.439260956908016,0.201928956779383,0.425789766431478,0.479734766365782,0.236965223255904,0.414884092038375,0.44455863241983,0.272455654770397,0.431930937813291,0.432575126692774,0.220721884619679,0.380849460007675,0.381226815050344,0.218667827556582,0.282379490341671,0.377351849234999,0.124952327590672,0.25629210976426,0.367883790684415,0.132925346737178,0.289045119575093,0.384776428281067,0.227717452710862,0.241295510654598,0.454444628632513,0.238817290068232,0.376648138634396,0.565139471606207,0.172860613558505,0.203293149358509,0.401365892035827,0.0956610934361931,0.297937364662562,0.384520713054515
"51","SW4602Z",2,2,22,227,1.97,1.51,0.71,4.2,0.323912822703147,0.421627088735622,0.555203950978599,0.20423777790578,0.336559628922563,0.432844794442456,0.195123210026121,0.415224863473015,0.479094236358782,0.367127246144567,0.501926115737775,0.598033940033412,0.14871416163144,0.397501901170849,0.375644159750485,0.159864948037777,0.255196103358709,0.424150476361407,0.159909743895813,0.328696389949945,0.397719478582569,0.127749424211941,0.275588843628789,0.414232111310645,0.1790749132202,0.343927911076711,0.475691326969384,0.165428599145128,0.428824393193401,0.478487998234046,0.218286540291904,0.364571655606383,0.480876017438739,0.247628489359999,0.390456577202668,0.51397369074212,0.205480390157959,0.357019165442164,0.441121170466575,0.253506646008601,0.329188378838648,0.433781379131683,0.250889497460889,0.510937044501058,0.46562784389774,0.118113738310652,0.320363902082572,0.390951650225307,0.17187090480212,0.379152401119694,0.447050907387739,0.219880036028231,0.42690951270376,0.436059181381804,0.264552176442192,0.422261681085211,0.42110452698688,0.209768788126896,0.361918343488654,0.372458042490863,0.23638069441003,0.307665429132998,0.374286277079078,0.140650770476991,0.282798311064839,0.404416102724276,0.0575971544886456,0.261725011054659,0.312994544669106,0.195348000677912,0.197944663501516,0.380872964780988,0.199159930501556,0.355888893645765,0.532457354606083,0.188698175130305,0.193118731518715,0.405610288836187,0.114130244433051,0.310602191225029,0.400767576200102
"52","NY1615",2,2,21,228,2.1,1.72,0.79,4.61,0.282503865564944,0.34403252883645,0.530607899725547,0.171503268733909,0.284532754620316,0.428207984630241,0.177818274057555,0.350012080263371,0.45976423527731,0.32820439940457,0.391408222481818,0.554612302320031,0.14004111003798,0.410018688707782,0.393138784905327,0.143572922462681,0.238398692810458,0.382724212492014,0.114400922562584,0.288044108473084,0.387801059288344,0.0916994128173079,0.333030052666116,0.419160402152885,0.14278572659045,0.286137254901961,0.462346187363834,0.146053707545508,0.374792383913918,0.465332000641666,0.202007982270538,0.318338017161547,0.471861380096674,0.207159567799776,0.325384021400403,0.511955452598292,0.193741989849971,0.311593282752928,0.440539453773954,0.224088984637957,0.265959484986355,0.417802440169906,0.240431111317661,0.487560917318703,0.466805906252273,0.0602303606195022,0.274062111801242,0.356744367312142,0.114478641347964,0.284755490174089,0.422436984213894,0.173153633801944,0.304130795734838,0.408750587851391,0.257772781611439,0.407499363381716,0.435675145479067,0.215843935644059,0.35386952421622,0.40113385644639,0.222670527634062,0.293956639218256,0.403241139216114,0.135516773166603,0.290846533303587,0.409527279938524,0.0279911131361308,0.278805638067276,0.321734160616869,0.170612509165112,0.191677454043054,0.380911175994174,0.191266180109885,0.337130033964095,0.52746085090999,0.184142362760252,0.211393135999598,0.426026302591865,0.100321204304965,0.277578894741976,0.433491732513901
"53","GUARDSMAN_II",2,2,20,229,1.99,1.69,0.86,4.54,0.308688004947792,0.380057460694716,0.557583774250441,0.202097043149492,0.332518742791234,0.476230876055628,0.182754440904241,0.382651931446531,0.483167000862276,0.341375278891731,0.411475325424287,0.583299864063272,0.125891160390044,0.439731422123716,0.374980735147892,0.139093808547219,0.343033183270766,0.412490589930353,0.142912593237708,0.303788550293111,0.411956816677098,0.116565215330732,0.320536891847829,0.432977189883151,0.164971701294098,0.315194662309368,0.485981154684096,0.154706102437191,0.393306065789148,0.492144964180362,0.202538885579564,0.326896693527924,0.477326736138454,0.205373746163556,0.31610240173159,0.51381001254419,0.191686097976128,0.364633926965282,0.420322106176523,0.265538664313189,0.349380026358966,0.459357329509835,0.246042329127774,0.488309061181033,0.459685412626589,0.0944675749624879,0.251029107295092,0.321941785409816,0.155835992109026,0.279494774247032,0.449726123487412,0.199634155920318,0.370451264206123,0.4384219943484,0.291005247000856,0.428325498913734,0.452676205617382,0.26222172136511,0.425054643130887,0.433719758637709,0.234633908130219,0.319101737186103,0.415803663570691,0.158618790382375,0.342536680355525,0.418792777681377,0.0645638166909164,0.248837890911222,0.313959071638014,0.210162731124891,0.182937439338823,0.409870195164313,0.236389907680882,0.35754143239052,0.574314415237225,0.224917878516819,0.218151174049867,0.450389615105301,0.145747959262297,0.32801189113744,0.449659857737118
"54","SW4412Y",2,2,19,230,2.28,2.31,1.15,5.74,0.329397145970126,0.403878420054891,0.579889346310915,0.208305855139577,0.31655662941309,0.449964536186347,0.200701312098211,0.400344886266947,0.475180248034068,0.35720147601476,0.443209283713485,0.581497599039616,0.108780542954789,0.437159216549431,0.363145386742261,0.129065111527087,0.406900461939162,0.402457983193277,0.183925005647502,0.341469059239416,0.444012452142429,0.147514890462827,0.289782054663377,0.467423314045577,0.183385329337635,0.331241185070519,0.476608509631923,0.171046724638613,0.424581443196748,0.479594457251927,0.237308192481455,0.379950003479415,0.479066660243131,0.221117526589021,0.334276942616481,0.511195186251031,0.199513299832496,0.319007441816372,0.435111363911667,0.26303729412225,0.346243595976216,0.452834806310742,0.241548358945487,0.488231657262799,0.454952357201492,0.131749258700907,0.306539033004506,0.383932773109244,0.202518137350622,0.352632408782141,0.464415947303648,0.221789423185843,0.418801838474181,0.448139548216948,0.296943602502261,0.472567601979367,0.474877780760134,0.26981207986705,0.456991250275774,0.451731863143123,0.246525453099835,0.333504901960784,0.423567251461988,0.177036674412979,0.336683770853474,0.429857960883468,0.0715093361561205,0.277983834074346,0.356175890776145,0.216863640589794,0.225186789373641,0.415097340183845,0.244805502472647,0.370130029207219,0.554722745478589,0.230765704445592,0.259390837399122,0.445136702568351,0.147197149026399,0.333529977603727,0.430575750329921
"55","FSG_415BR",2,2,18,231,2.02,2.02,1.02,5.06,0.316123003134516,0.38827254807647,0.581201958898037,0.181789594520523,0.290975463372764,0.434659913897159,0.191082286199728,0.370173849746334,0.490705535401775,0.352154767573622,0.446323246787504,0.595117760108528,0.100323701230282,0.452209329582747,0.377989322780214,0.12516754372359,0.420414990303266,0.401803991365171,0.139227104419861,0.305687227224982,0.40676174522949,0.102822809399827,0.312627081112912,0.434331196861966,0.158334308456828,0.30267908496732,0.475023747276689,0.14876371915353,0.390929327483206,0.483369276914306,0.197123967694233,0.31887134595025,0.478129292770209,0.197368206172425,0.311997738617247,0.512478512267542,0.171313711365389,0.281311704390337,0.424200819021618,0.254384841776983,0.351092163926389,0.432047750229568,0.228484491973323,0.477904102817598,0.458390052853721,0.0971416102787567,0.276513213981245,0.363113573931988,0.201629627989333,0.318807236989055,0.477038195220013,0.199921708518609,0.412115583075335,0.458232345569807,0.27471909894449,0.471865601277366,0.466144066144066,0.250898847969367,0.442772436662868,0.44307129649215,0.206484337788266,0.301395338837289,0.406834795321637,0.156813006787586,0.323339984961536,0.427262035591031,0.0587293663471778,0.27254226575273,0.335669020321458,0.19757507974014,0.213846167489714,0.408910336566175,0.22614602473221,0.362365856094985,0.557951237263464,0.23152703651604,0.267500076713001,0.467743471723588,0.14588261138954,0.31027460735538,0.455906009169837
"56","LANDER",2,2,17,232,1.55,1.64,0.82,4.02,0.282261076672869,0.343296173688331,0.556661149308208,0.154665534151522,0.277307633668748,0.415953661721619,0.149821622680566,0.280284473886878,0.472591274952804,0.323557266451098,0.369885066134077,0.588431246938237,0.0996210075688545,0.444989238976326,0.35787832733232,0.131362283335968,0.435445177308147,0.43441991594502,0.116485504844298,0.299099482587795,0.400473744082786,0.0819775825918641,0.324074382296974,0.42467249694616,0.12465485448145,0.280238453159041,0.45871220043573,0.131564021759214,0.344072360221622,0.467857698145337,0.160269640716115,0.28066576466293,0.459935571161652,0.185983125647629,0.289391103687455,0.5076930989068,0.176764208632312,0.332665100578818,0.426643598615917,0.262436423141196,0.382147822156266,0.459319482468934,0.243893715944712,0.510314684432332,0.478071012188659,0.0855054246359724,0.271390980634678,0.358580765639589,0.180091148424031,0.285515879560302,0.465130495396544,0.16477744075873,0.366485272523106,0.423516455040166,0.249599002288262,0.429486744192627,0.446084561770836,0.234232895520104,0.396985018343261,0.4289652945043,0.177948606909674,0.315994159183656,0.361593206839407,0.142078436450668,0.309116779455145,0.400224089635854,0.067438974282274,0.246918266884319,0.323305642527369,0.16747569440582,0.189928784099139,0.369495587564711,0.185998727196773,0.331692567856837,0.523454847732397,0.193241904953885,0.206249207780923,0.421358777419965,0.0907553184426258,0.272242432207314,0.411807417601974
"57","SW5606",2,2,16,233,2.01,2.12,0.83,4.96,0.333622037332966,0.426830277565572,0.578595124918654,0.203684080026924,0.317083697914595,0.44686170106988,0.194796555709514,0.357351636231994,0.493067293040016,0.366175740812254,0.477679717626961,0.602291140671515,0.107685527915917,0.434212688601248,0.343879023200518,0.148454467799076,0.427226645043983,0.443040321391715,0.224229702591223,0.395237750675644,0.465624468620095,0.193093624299927,0.293007787474275,0.487652678550179,0.208016454508683,0.388714955280358,0.511643661850705,0.192469327131363,0.449454213403423,0.496054492281494,0.220644588096749,0.385239357004063,0.479795303324715,0.211922036886975,0.331264995449657,0.508122865978413,0.174004921314606,0.298234609449474,0.409105033364407,0.273430074869113,0.383130357461908,0.447611865258924,0.229623286856664,0.483271487993654,0.450617670544396,0.176409510491505,0.343046794475366,0.437179962894249,0.246866413043015,0.400668034400033,0.503068164576585,0.213833970732455,0.464661212502622,0.451350584286578,0.262027466624004,0.463615028320911,0.452193522781758,0.22729521096557,0.376397192270738,0.423525408348457,0.213999975745018,0.303182045912927,0.364041296798256,0.15445726639881,0.291992265932922,0.411402295431447,0.103566007206663,0.252817440747664,0.323968157484609,0.203342149765067,0.235011802258523,0.421675250127411,0.247233637828795,0.376056621095794,0.570789094385935,0.20305357557427,0.231326898830486,0.432158022114981,0.123024885332803,0.282089978139144,0.42320341547734
"58","VERNAL",2,2,15,234,1.72,1.33,0.68,3.73,0.262518469359237,0.315087076230407,0.497514498757249,0.155822295934603,0.259907107507846,0.403213516938923,0.170078232020946,0.324534594859842,0.456861126445712,0.325933529033664,0.370010174473377,0.564392860283127,0.11049352414273,0.444709334977873,0.379850299180172,0.131237478353085,0.326051684340148,0.422187074677316,0.0671223946370614,0.297532807433696,0.385617686899705,0.0346740668349763,0.369081122645136,0.401708203758048,0.105822491244286,0.235721459694989,0.413444226579521,0.123418825306777,0.328601037268398,0.464918927256252,0.149401814046138,0.289129721500381,0.453109824920597,0.165952432826596,0.28378147320813,0.493551841739978,0.181352272977736,0.341394453086145,0.436033247621769,0.271234691991833,0.376732774058977,0.430613415105394,0.246877574580794,0.507128977717213,0.471099502864209,0.0418994267983486,0.283585434173669,0.326732389925667,0.154665460802161,0.268356392567947,0.416909248958374,0.147647506609447,0.302480492931387,0.384320923670496,0.24822994576707,0.42097697391815,0.442205383381854,0.251729243417901,0.381300563375797,0.452869986876551,0.180256322906946,0.320995872033024,0.376296869625043,0.144505617334976,0.320758864017583,0.431666088264214,0.0288490579090254,0.284808158656977,0.369608926302698,0.155127380111252,0.168521304078811,0.317113459167893,0.156099049193678,0.321945015269572,0.470760315285746,0.181352032090018,0.176119917763663,0.388779895056614,0.064880389638763,0.31294622260669,0.373781598423683
"59","SW5210",2,2,14,235,2.43,2.34,1.15,5.92,0.342234926575442,0.407715577813617,0.579840067340067,0.216374136001111,0.322022199684471,0.449293623805168,0.213079623871118,0.380891655932446,0.475461992439741,0.367184978547293,0.459899762595621,0.584017284043662,0.0957875854923857,0.447522656431451,0.384371988535922,0.124795041714962,0.261524030664898,0.415496830311072,0.173477743182395,0.34468680393001,0.432888933911716,0.139671168129138,0.287830936085202,0.449694023612566,0.192424156860301,0.343723202614379,0.479337037037037,0.186492742260503,0.431580278128951,0.492082992489031,0.222599567652381,0.395663470957589,0.472633060868355,0.20993888401339,0.311733177704883,0.501661602033903,0.192939202668003,0.302820016295779,0.418324815085235,0.276176876610817,0.387143753453914,0.438655996410007,0.260130484814476,0.516502006711655,0.466753302332378,0.152315468118084,0.31404076782228,0.380035165581384,0.239871957710309,0.374987627394045,0.481666644768249,0.227267470958443,0.438415646960539,0.453332350484053,0.297654939337207,0.477275136098666,0.47411154469978,0.278782505118891,0.40754609696796,0.465443024443277,0.246529330217088,0.334151616787066,0.410281217750258,0.176467458096685,0.334466671624402,0.432629334919809,0.0904076957061733,0.276763807492192,0.361704367195634,0.232026694344608,0.224729057947051,0.419972818415725,0.259320473776208,0.390244241801524,0.548752747095927,0.236168038125146,0.253408205222621,0.444890239037712,0.14392890652424,0.280397815252951,0.427049660587852
"60","55V50",2,2,13,236,2.09,2.18,1.07,5.34,0.327023685872168,0.396441657471069,0.58729769685652,0.187586320165351,0.290350061023041,0.425846610874172,0.198231756844266,0.358090535484267,0.469744917431693,0.361650760402922,0.443520908363345,0.59499449779912,0.1108727080387,0.438965233732676,0.347835168833801,0.130823251381759,0.269834931175623,0.422304856343758,0.157227145279617,0.324035325920761,0.414668085574841,0.131479064870196,0.288124431207082,0.434770463161686,0.175172167304635,0.329269865841073,0.474861971104231,0.173423023058346,0.415308184947988,0.476307950492972,0.210432521993082,0.383862938384554,0.468779932564483,0.19452426387646,0.296856797229098,0.488557954827501,0.195909813856073,0.318873396875008,0.424762261345662,0.285499969214372,0.424815410376908,0.476727372449298,0.260578303681406,0.51080576374694,0.473449920508744,0.118939770670785,0.313186037700104,0.393186037700104,0.225778525870126,0.360636105961954,0.473047076854741,0.218185099011004,0.431599051759715,0.449294578330598,0.287448878545894,0.47276443747032,0.471344836050718,0.254079614785294,0.369581800937519,0.449600724177851,0.219744769816183,0.334293515651875,0.393252923976608,0.159686243886812,0.323773304798812,0.405670754043997,0.0779696565991206,0.272212179517019,0.337219730941704,0.22040578916531,0.249804602160198,0.421671941251336,0.244398589434216,0.394365361379875,0.53404638905538,0.237589502491053,0.281890159365052,0.451842311203861,0.1350003948286,0.263432622870726,0.428630237585461
"61","N-R-GEE",2,2,12,237,1.92,1.75,0.76,4.43,0.298180165961212,0.33075774080676,0.549887177093059,0.164738445691185,0.277146389319758,0.410760864521603,0.171435937657338,0.299610789786073,0.475289992338713,0.335715396490912,0.365740915200161,0.581193051211516,0.110186759660622,0.431226008697219,0.351165465897358,0.124218175253214,0.278793306796403,0.409276254361394,0.13682560409518,0.285393434965135,0.402926401244382,0.111129643683691,0.334117860773579,0.423741183659175,0.155315426693026,0.283527559912854,0.475691176470588,0.155141372776313,0.356685546465282,0.482835671713619,0.18684181852096,0.330381143670904,0.474635201650452,0.179701004572511,0.288617706810807,0.483870181921808,0.184735028616054,0.31703490894469,0.422078664169391,0.160465130345892,0.296889099267371,0.419344727886805,0.237934397306231,0.48947950753365,0.456656593965774,0.1269718358432,0.274795274631592,0.379053464864207,0.212573249488603,0.313582120074676,0.472840377599958,0.19436858676922,0.405352484606177,0.444447241451647,0.246979457866357,0.443470182685869,0.450218808061945,0.213381723592494,0.323766179711648,0.420164623093176,0.181009896645866,0.31370151030493,0.353075635145956,0.106835374052946,0.274976822587442,0.382741131850971,0.0542816008882637,0.275832412642707,0.32477849266697,0.203690327961018,0.248081462407124,0.426508274992624,0.225416918593381,0.360950209778234,0.541832443797509,0.229154306509809,0.290152846998079,0.463533306267762,0.12913594856951,0.269484684421032,0.449801482782168
"62","WL_358LH",2,2,11,238,1.71,1.63,0.74,4.08,0.305334914138058,0.369215969215969,0.543361250223995,0.16573205722843,0.259197142345782,0.388656551193838,0.177373291062136,0.327980790856489,0.46803613172763,0.351072967204889,0.437842464867772,0.583081705380649,0.11908018606528,0.439192679557228,0.348099112484714,0.140288951355295,0.272783087300519,0.417344565591301,0.171668099844009,0.342399178011816,0.433009430846574,0.134550560629934,0.29626667445335,0.443833968434731,0.172181949763642,0.325163725490196,0.47690522875817,0.1817287156618,0.399131404774299,0.487328028556555,0.210342530503944,0.36289156626506,0.466823443506647,0.206461648414016,0.325654321484552,0.497685474007142,0.221031920757642,0.373267515316974,0.446190597123901,0.182618808708809,0.340052935774861,0.450473887372283,0.248654101416733,0.506033260150907,0.463601080071668,0.142966985843068,0.332160272804774,0.383684325904275,0.202384256072313,0.345277471760264,0.449235322703714,0.206271755317153,0.445128271572946,0.429503901413723,0.255845045321767,0.445531398472575,0.433398256927669,0.204635286532151,0.323687324294509,0.397027685847479,0.187965801717849,0.310820497668384,0.351348654770928,0.117346574497777,0.277414348236837,0.38504733260069,0.0989914422517213,0.276232801562817,0.348524282657757,0.218405521860769,0.236761412366949,0.411423659001514,0.227214391134719,0.388490381596598,0.518696901370932,0.2119496104836,0.269799380158949,0.428925097425512,0.10854108382665,0.295562301005672,0.394128172881465
"63","HI-GEST_360",2,2,10,239,1.86,1.68,0.65,4.19,0.30626121106719,0.339564765300059,0.54937222363693,0.154748768740291,0.283088654408412,0.417273963278882,0.163281876015459,0.291690534522096,0.476697227624412,0.351955216885071,0.401412367637638,0.593939028526209,0.0983904157851539,0.439160719486916,0.363094165473831,0.120362721267518,0.295052705292643,0.41452442380461,0.176008028584154,0.329552501239133,0.454238075081192,0.136975601411864,0.298827531706284,0.468076309767882,0.171301293078924,0.318510276917785,0.482127515479876,0.183684904989397,0.374753724498649,0.498347091048809,0.19381716701608,0.324770331829155,0.47199884376355,0.204718684295023,0.326828242986099,0.511408057349978,0.228590212958217,0.421376920362558,0.465482190727486,0.119127304817162,0.259197487004974,0.379048402577814,0.259937975357879,0.485720250304008,0.46846253007458,0.121147682445759,0.304442820606503,0.397663134819145,0.118954359271672,0.394949786928397,0.397038020032672,0.173665206491318,0.363958916900093,0.41171507199371,0.227973460485989,0.38637246872541,0.402575379045967,0.186309707736527,0.296893358897903,0.377925312335815,0.177545902377478,0.280283819140235,0.33737993996463,0.114870916900512,0.281305371706205,0.39053667484693,0.0818824710158566,0.292060015011399,0.331147632901214,0.19571043526067,0.21693070367346,0.390730155611631,0.217840802910665,0.350778819533636,0.51123371959167,0.208943895325795,0.249507625272331,0.423004115226337,0.111908879930343,0.308752677848376,0.397099618697512
"64","NY0651",2,2,9,240,1.97,1.72,0.75,4.44,0.322379486269645,0.346524182063398,0.550657485216309,0.165087173719245,0.283944421243819,0.419439970038049,0.160333829146311,0.283552192166404,0.461625842551132,0.346219132877786,0.352304078582105,0.589403976837372,0.116291675229532,0.439306090532596,0.363986396203475,0.133177581986881,0.274209304876286,0.409305000922311,0.145829094423312,0.307564437916135,0.433509163552253,0.117800077906331,0.327930603613995,0.447772106881969,0.15045969715324,0.297027668845316,0.475197821350762,0.170554880144108,0.34160391910068,0.488172855045102,0.18871604215692,0.308697097759229,0.477690063084582,0.200197921820881,0.310211328230688,0.511515387315834,0.238297348802416,0.407237336380856,0.481548204818895,0.15673777504595,0.283660961735828,0.422905733600921,0.260587243754236,0.493839049133167,0.470778509602039,0.092819383217408,0.279576557895886,0.359806468041762,0.0741164648095458,0.44497731805518,0.376477185020021,0.156745699656886,0.343309051471788,0.400399738945994,0.240393870602645,0.408764914647268,0.428280992986875,0.217650575018923,0.328208592333813,0.421717147594451,0.1846915502303,0.323062435500516,0.378246044031648,0.129237929613505,0.305121753716236,0.426660979042551,0.0692534661613988,0.273245558703107,0.296623582168293,0.188844304555987,0.19942665164561,0.400895630482015,0.212706466506969,0.352931649318809,0.518795261508257,0.218056689365835,0.260873654605342,0.455215602995828,0.119174759912016,0.272839844893181,0.439344088381621
"65","REGEN",2,2,8,241,2.08,1.82,0.93,4.82,0.339021275762261,0.369782091240252,0.566292107965679,0.173333163611579,0.285543938670803,0.434385647430034,0.170406659900736,0.299415974204194,0.472770355029088,0.344217535830292,0.364899825401012,0.583309844117019,0.080826522962977,0.447523225874799,0.363523170602514,0.115168945298188,0.309241363211951,0.406444911297852,0.124114700836439,0.284693623620126,0.409418139246946,0.101893154342448,0.340541349190968,0.429052772487528,0.146541410636364,0.285849350705194,0.470590707774338,0.179803225806452,0.340676916875414,0.498985056577697,0.198490443268466,0.319879451644158,0.48295696766285,0.206641353722077,0.323380491437081,0.510675381263617,0.251861714735629,0.421446409108706,0.475614530755637,0.167846520792285,0.28127718983334,0.436494106012823,0.267652745400614,0.504460692980945,0.475806207497638,0.0956992502693728,0.285706269039602,0.331363589206726,0.112302779745795,0.414386268132912,0.396733711988777,0.177687660044211,0.376809862466768,0.435411687925293,0.256324818292574,0.439395545277898,0.454893243128537,0.217646029735386,0.320509653809326,0.424795358347492,0.201213247644245,0.353493722050224,0.407578259373925,0.130348088095942,0.311633821670261,0.414088396420515,0.0494636734176949,0.307130924118526,0.320088768593809,0.194316082127072,0.195767951503447,0.393344867358708,0.223282676947322,0.361179372282635,0.53037848084406,0.223245179121482,0.269995731967563,0.462707745101101,0.123511317316463,0.271414920376858,0.444826833754169
"66","SW4107",2,2,7,242,2.04,1.84,0.86,4.74,0.354076566360556,0.374284629676786,0.587728475228475,0.166617933819803,0.295007510528151,0.443979171696038,0.169394938721153,0.299094577003551,0.471365529180042,0.3556104627993,0.4175,0.605357643057223,0.0735718730628939,0.442832992329835,0.370872679344842,0.116712954376707,0.307853108189627,0.403665938788432,0.163567797353071,0.32894626083412,0.451383065065623,0.141149692879598,0.303162561624302,0.46271687131045,0.16769141633263,0.314399673202614,0.481819281045752,0.206289585455985,0.38496368458888,0.496334746287896,0.231063658193417,0.36139509911303,0.490603053926938,0.232878798077258,0.320459551137139,0.509882630210255,0.241642012114303,0.386661610655543,0.453373044087364,0.159228032981747,0.279440336378135,0.424867589489036,0.252516647902135,0.463557170615994,0.448670351023292,0.13003463387588,0.310324372173112,0.377403810008852,0.164948595754949,0.36888138089916,0.450564597972843,0.197595204553839,0.379955823739187,0.432672663779168,0.263043694700348,0.427649982551943,0.448201435456337,0.238587272666926,0.340087019612392,0.442666903207171,0.212580842945529,0.365281217750258,0.391845545235638,0.128807769230636,0.301605066805483,0.40654269574103,0.0737332866489215,0.286487957111746,0.34716280741191,0.19605861122143,0.228100413877411,0.414908045812348,0.237297056045112,0.395751990752633,0.535491528003729,0.223398546947657,0.2750367949649,0.45758992979908,0.12492580177328,0.294042080170263,0.437723939918848
"67","PERSIST_III",2,2,6,243,2.01,1.89,1.02,4.92,0.363515196868465,0.371469008478812,0.590504484622132,0.154976973880933,0.273325163398693,0.431303278579857,0.167678782753394,0.306085924279544,0.478053612170502,0.359095064556535,0.472071828731493,0.640834333733493,0.0713886088093406,0.438068070416422,0.3467914696079,0.0982764416141377,0.343945034154013,0.408602142611431,0.146424425684386,0.310453683656869,0.429120276931733,0.117787307777773,0.301116611027973,0.440586957862736,0.15950106940304,0.305209477124183,0.484830283224401,0.195365717500046,0.351044842715847,0.514409657668377,0.212771196193986,0.315850709096896,0.491994608988073,0.221709243688567,0.33484758026828,0.515032232530371,0.273219375568054,0.448606393447827,0.507061151497836,0.130091853522828,0.235937324707378,0.378819041920646,0.279818401643955,0.508862411081015,0.48112595051329,0.091161731677369,0.264486400620854,0.32566044599658,0.185531722721089,0.36747165249839,0.485332439877894,0.210113290889137,0.377166227114628,0.454465753162864,0.270234618545583,0.454035242270536,0.467097961215608,0.250685843017734,0.362683712323405,0.45803930465108,0.223122938890907,0.391106029657987,0.441092540969216,0.136133458569853,0.341750080563199,0.45237946506036,0.0629092505715503,0.280311492895072,0.326708438623386,0.187041666744834,0.206589584963287,0.403706616336374,0.240536062071441,0.384203722731208,0.547920055940863,0.227439779282202,0.268313848230998,0.470332811684924,0.124171003288774,0.307231123792801,0.441421690566774
"68","LIGHTNING_BOLT",2,2,5,244,1.59,1.86,0.97,4.42,0.34631713498317,0.320057130596346,0.55044256759943,0.131902330191327,0.274261269145141,0.403289711917599,0.146515281593285,0.279241605567546,0.447813697427969,0.348432019932302,0.43532778133675,0.643831631307231,0.0771747978149867,0.44745435773292,0.353536064446008,0.095847117241748,0.402494478594896,0.424772164141527,0.156625026437338,0.325399067075901,0.42842668919511,0.124337277013821,0.298176845322393,0.439408504032042,0.146033443460307,0.298318928448572,0.472388738390093,0.192894564562426,0.316192944138008,0.500652772122065,0.212892466166069,0.32166226402938,0.490668556579258,0.227339670149357,0.329193899782135,0.522641864997288,0.268438070507145,0.437404632657164,0.507275959493349,0.136852204136415,0.278523615422011,0.41192716968118,0.266087575154027,0.482024377318495,0.462303984656926,0.100438317531222,0.301484350261844,0.369240287419316,0.200774795934148,0.407832582399339,0.500581616520108,0.21905660735596,0.375997235898765,0.45807969002579,0.25361511788869,0.43570476511653,0.45451792510616,0.241905840774797,0.347248283375524,0.465910646824557,0.225779238560371,0.373674789854793,0.42202852750622,0.135110396988497,0.30190327458417,0.427718202325178,0.0532957328099389,0.297049584765342,0.328198237116384,0.148905142840401,0.238626293974723,0.370610286460992,0.227939078783554,0.381702557296572,0.539854772573755,0.218703773509872,0.275792907962973,0.471412939180232,0.111544049203853,0.310009935646459,0.432365505236445
"69","SEEDWAY_9558",2,2,4,245,1.43,1.68,0.89,4,0.344635692243186,0.294837968857577,0.526727003932886,0.151103082206178,0.288269763618767,0.432902961725596,0.149799237427872,0.283619961217102,0.458116865518306,0.354539718231216,0.435191619248596,0.644478778058308,0.079381573545441,0.442778100778488,0.366879847135664,0.0798623183176579,0.440670917489803,0.4146851196619,0.124478109324146,0.311323254192507,0.4115956600981,0.0883245117580242,0.341227276414294,0.422761495789576,0.128632294852192,0.273677777777778,0.452324618736383,0.17530873037895,0.251263218943965,0.509309344883328,0.189747371974171,0.278900290664997,0.482457216574864,0.216890322746517,0.309069605718898,0.520385761785613,0.275958157251301,0.456457210872531,0.51295181516066,0.130231762110146,0.274067702944708,0.416520615451097,0.295313287418109,0.499924846169503,0.486410204220096,0.0556399199434369,0.324178297405919,0.320039946413348,0.183178457901485,0.388352277100141,0.498993990329114,0.191913115484018,0.321655485493267,0.439148983137063,0.237810511028021,0.434845387786564,0.458150893445011,0.23881253123674,0.362800833287649,0.458489574767465,0.220109399545856,0.36810503192323,0.420054040397552,0.124556304270896,0.311017602714636,0.426940540227891,0.0207700884939491,0.321983416099916,0.317893893113234,0.0984232879641946,0.287308012124138,0.295882621174325,0.200820215332384,0.346017305515122,0.513817178982219,0.211525812188298,0.249670666492761,0.460020458047718,0.098148569852622,0.335004687945864,0.420355602445155
"70","ONEIDA_ULTRA",2,2,3,246,1.95,1.75,1.03,4.73,0.383167528363753,0.347775019098549,0.582902083392279,0.172992572022378,0.281347028331278,0.461394573042199,0.17111261516446,0.305048989844875,0.472528440641587,0.385974418113742,0.461797032186655,0.656632064590542,0.0782879091703113,0.446287084248781,0.376273220117269,0.0670649699892615,0.460042226908562,0.416663176839513,0.113887788805417,0.308717826265754,0.393905034798223,0.0770224695869357,0.339577961738182,0.396542712393967,0.11499520298849,0.26822788671024,0.438254901960784,0.172179516225059,0.236639647009246,0.51344537815126,0.199668028848487,0.294643716478113,0.476767199517022,0.235623663978669,0.330201087163113,0.526211095682429,0.282761433305161,0.450309898771852,0.50931222641962,0.109707992713548,0.234975838184394,0.381369432706331,0.298240235452817,0.499555858379388,0.479940444646327,0.0644446396823721,0.308518518518519,0.328705124561902,0.196773187488507,0.411056650988308,0.489703518505081,0.19168865753492,0.33107121262602,0.422581226323128,0.247557548700333,0.449598223127635,0.457618198794669,0.251275047407803,0.405770678530083,0.459117840385197,0.228725405083954,0.396626676986584,0.415268317853457,0.135706823339429,0.318208274460227,0.410820753079993,0.0262775790738145,0.319430204004654,0.316643665329913,0.0700568427449924,0.344248043382991,0.266916704978989,0.200864248048914,0.349256738114945,0.492001550741597,0.195576702273043,0.239664917610237,0.44313197704747,0.0816688026806895,0.350216320358989,0.394911350112184
"71","SW315_LH",2,2,2,247,2.03,1.76,0.84,4.64,0.422483215906095,0.416548420715087,0.61275016740703,0.208918548984883,0.308254036908881,0.491618719991417,0.212043225175847,0.391907189962667,0.493959658223088,0.423733590255921,0.540210774892917,0.672529173104219,0.072645295274084,0.44311851532585,0.363919274449042,0.0583292221766153,0.460226055334414,0.437685758513932,0.10781560433596,0.29407813780534,0.359819700806087,0.068013472023321,0.343768247718716,0.366576372182305,0.122316147910497,0.272334128826969,0.43015200378397,0.179492231739365,0.238474009072656,0.523141716863737,0.206049351081031,0.325540513775808,0.478330737154267,0.251879527870622,0.36387808756883,0.538258275649688,0.286701276146894,0.425535697279451,0.503703057045808,0.168633171106962,0.320820646657967,0.467935760646146,0.309934307468935,0.488932554656145,0.478861941369574,0.05309390486418,0.391592741444404,0.284220679576178,0.203204948182447,0.409773701752311,0.487737762069313,0.190912555719423,0.332530673087949,0.402285192829568,0.246956393077268,0.429366111719053,0.451007921596157,0.2530686786391,0.422038296817393,0.456247512344458,0.239372641653754,0.384210096319229,0.396459838321293,0.145240070765738,0.288814660574161,0.397705670272042,0.0165315771147272,0.312622063188049,0.311456194878029,0.0460081870297186,0.371876664940756,0.228061802600872,0.186783691899191,0.3506505028018,0.450313002445034,0.216130519222181,0.219695234588358,0.430276350915953,0.0984038305087692,0.324250826094549,0.375551860363098
"72","ALFABAR",2,2,1,248,NA,1.79,1.09,NA,0.439098118956997,0.432547154585266,0.646110889938562,0.207579142772329,0.304768863993979,0.506340717031303,0.199120173973328,0.346805158007344,0.49836006047835,0.428264580115116,0.494451280512205,0.669431272509004,0.0288837250456878,0.471766224552361,0.420103110893511,0.0245312127613144,0.48129919526339,0.459095584722183,0.1426228078883,0.301184622935834,0.397823226713651,0.11252782717916,0.325030489733744,0.406150312197353,0.133927757709985,0.279238562091503,0.471160348583878,0.187321021022203,0.226915049205523,0.53464019236013,0.194605537829603,0.296708402236397,0.493929968238969,0.268087409582406,0.359527658708597,0.554547995501086,0.296018280406248,0.426882179140794,0.505710659230117,0.207371151582797,0.348668918722395,0.493848397591713,0.32577672242815,0.479147749597577,0.483825747493568,0.0980977325871259,0.323194738765071,0.319609304591402,0.229998471344465,0.432103080231423,0.527483390050235,0.200329064303516,0.346063688633348,0.428727701606959,0.274909869946751,0.451010674540086,0.477223288987995,0.277570877632534,0.436235730807809,0.469068917440541,0.252425561550349,0.379705022359821,0.418151874785002,0.166390585268865,0.306209067697876,0.411810812820704,0.0212745747954368,0.338634459323165,0.320890033671079,0.0422736735022649,0.386919904393953,0.257089123871131,0.217047660381984,0.365456517395896,0.492879551141175,0.216585263102463,0.265205928380742,0.470386572156249,0.1085015947072,0.280490683835723,0.410282411472052
"73","55V50",3,3,36,313,2.23,1.99,0.85,5.06,0.289205342231373,0.423485673730772,0.537970272283998,0.233774847919013,0.412396260059128,0.468821341924194,0.21385976871021,0.389384066206989,0.467557733269349,0.315181517346758,0.460745374382937,0.58846239841228,0.106355274616238,0.383204416383049,0.366993634052662,0.10688674121036,0.423964445427294,0.420649171949482,0.157076701163928,0.314592943395453,0.412772533824404,0.164227179652265,0.315362932465118,0.466793492279016,0.18833112356683,0.346644414344685,0.516072626418989,0.184405040626502,0.293354557682104,0.476303508187416,0.25325521177348,0.431618412648415,0.498964704132434,0.216039870279303,0.32180341175129,0.528918046862946,0.225686149513734,0.31737616795234,0.541597621239537,0.295310357213931,0.404193639178159,0.503837985825039,0.336879718980902,0.433686108253582,0.484818728763365,0.119111983097716,0.297392654031309,0.39664787126972,0.203015729157708,0.333385228039853,0.463418849652679,0.198536640397105,0.385158311978732,0.421006689508892,0.262699358608437,0.45825779943427,0.458371587783352,0.235015340474247,0.40237404786761,0.443560753381506,0.209501293463573,0.320493814472721,0.383703522902937,0.0861704215580669,0.271768658299111,0.374183970540035,0.0562501876980432,0.29892741134928,0.314282746958535,0.237137559157541,0.273434993696521,0.432529438588021,0.221512124705651,0.357170039291796,0.543384731379209,0.184641851069914,0.202985050864292,0.447215338463545,0.0982681487171602,0.296262724533137,0.379125285885602
"74","SW4107",3,3,35,314,2.27,2,0.84,5.12,0.305365669491564,0.45013215724,0.570190348866819,0.230160834911081,0.404138411618873,0.481932926990945,0.205177967279974,0.385406997348818,0.494507060731835,0.314567890248998,0.42950538168314,0.603848123264077,0.107145187629879,0.374275332073807,0.38503025873676,0.116652617555884,0.393344401070878,0.408267899074199,0.204243159062127,0.293682707218555,0.476663663277127,0.213892373340642,0.312651670690818,0.512021212160953,0.1973843484092,0.350199019607843,0.535172222222222,0.185903984530015,0.299311195843976,0.491560853416256,0.257239232562183,0.421999325528737,0.494352748470396,0.218978291651227,0.332925479463082,0.526225853552734,0.217189179640628,0.293899664560913,0.550878808080167,0.28303079345451,0.416081007524858,0.490893717096926,0.341748208684813,0.453291253152845,0.506672750548183,0.149799113387235,0.325294723950186,0.434498647944026,0.217185656035786,0.342158072155631,0.473445082866611,0.199901124471456,0.379652759782327,0.43339429163736,0.257616908425367,0.458285940638882,0.457345160286337,0.217483026736565,0.365503535990351,0.428100158982512,0.21200252171776,0.310535308248654,0.378973061161569,0.0734751825242778,0.257696140403064,0.366450509407303,0.0920367523081608,0.293917452598769,0.336890066353441,0.256264749238136,0.282911268474558,0.466527721895872,0.238348483407492,0.385222645584192,0.573075367944364,0.18528194644964,0.198883058700789,0.464995427905121,0.106137798711669,0.286123548922056,0.407613647449029
"75","ONEIDA_ULTRA",3,3,34,315,2.25,1.9,0.92,5.07,0.302961072171753,0.440456974035405,0.559799559554461,0.228935408105362,0.396449766637161,0.476701687857085,0.181668922130194,0.346657703761529,0.474899443687615,0.292516004838157,0.357103841536615,0.589673369347739,0.123723046492106,0.380283224400871,0.384233004923839,0.119885432143427,0.408069477473166,0.396284829721362,0.141474501951819,0.280515286254732,0.415866687409326,0.150603324770095,0.291537138524562,0.45712614853467,0.141830112878799,0.292844662309368,0.50562788671024,0.157998155856164,0.244594829082075,0.474405691480132,0.23029132502057,0.379814895109013,0.495906387671094,0.205028580803693,0.297116277359514,0.514262338784553,0.208752608547928,0.317479578455073,0.534448289119569,0.272484452521212,0.442501111485069,0.493075136390644,0.330514253239178,0.488811164105282,0.506410275822041,0.0997261562462435,0.314372927915127,0.369973477313631,0.200292687181174,0.291312932306459,0.469716586068964,0.174427332683542,0.352583323777854,0.431389271108053,0.238306968864673,0.44377456142162,0.445420363067422,0.204878766845946,0.366928429379432,0.415869198368301,0.194948492712689,0.336932404540764,0.369112917096663,0.0493686932183726,0.278917230609058,0.394152833208013,0.0620063860862112,0.283042471554164,0.309254183248655,0.230921336254668,0.257334334770682,0.415792012104567,0.217106186200306,0.367806295249784,0.541255553652805,0.173978918300556,0.192768942144759,0.428421205519245,0.103454879318654,0.317676750161386,0.400449507385416
"76","SW5606",3,3,33,316,2.01,2.01,0.76,4.78,0.324066497311692,0.467698526273506,0.573969306032272,0.248795733789289,0.415130205226107,0.468513105039176,0.211748493868687,0.409544038337504,0.476521556442142,0.321490670914656,0.439021608643457,0.590499199679872,0.127145351431678,0.357467635900258,0.379410543794105,0.139640272304457,0.387246056317264,0.404568037741412,0.180962237723994,0.359200997577209,0.4485348084741,0.199839156527975,0.311415667781136,0.493139055572589,0.174912519636185,0.344544311145511,0.50187424750602,0.197790912675185,0.325449707906761,0.487276110050707,0.264459660294763,0.448142679651066,0.504698095213096,0.233156442033169,0.355441964675025,0.517759755287678,0.185202117809503,0.271122609864237,0.451519528480577,0.261159549205531,0.395974969771761,0.45026530213696,0.285225787646303,0.453309639000663,0.461951285704593,0.164685423622451,0.345426866398733,0.422458653026428,0.22801855745399,0.36952769220282,0.474020762280464,0.184857438473373,0.375757968385592,0.399819565613813,0.245029854698324,0.446867493926317,0.427531733414086,0.181708178433527,0.336597137405014,0.373610267677422,0.202257522405092,0.323665290677675,0.368204764361885,0.0662143934478091,0.254875684787189,0.347650281351479,0.107079928807673,0.276809937596927,0.313162499028337,0.22802012309393,0.250951086591225,0.412968788228304,0.221532638203281,0.382307394088154,0.524700078964143,0.146519903741803,0.195837982141213,0.388285740587315,0.0818486826233284,0.352154057171358,0.337554762641268
"77","REBOUND_6XT",3,3,32,317,1.91,1.96,0.77,4.64,0.307841109799718,0.446118278961416,0.569743890822322,0.229263909206846,0.409109311405428,0.481009127789047,0.198396055952324,0.398719171943216,0.482508729053248,0.310586797112936,0.427520317544058,0.589132155104194,0.10748500172076,0.396279145147453,0.376865555770889,0.152124124710196,0.322950599003904,0.426282760752407,0.21739216507992,0.387171846904701,0.47255819358311,0.22003881105015,0.337368170781404,0.507851637273602,0.181479573061474,0.355840740740741,0.520728976034858,0.197150042912304,0.339669048236034,0.492264218462716,0.260433623925259,0.432478896008308,0.496620684855979,0.233245934474877,0.332191163613353,0.51166475485165,0.170946895043771,0.298183655545327,0.40457710337238,0.251082186189561,0.390169901399848,0.43349995221653,0.252174538030559,0.430837055542938,0.432768062179827,0.176978565539984,0.354726099135306,0.443973693825356,0.229465773090157,0.375990782092808,0.486762671873729,0.188932345040774,0.378146324609139,0.417933587531929,0.247074591661279,0.432331949979009,0.428263557675322,0.190512972217444,0.353677155857683,0.386448111397401,0.182836161506768,0.265899738362259,0.336585606070338,0.0469127144289723,0.251193437060173,0.32005273102358,0.122859867230969,0.29208639140172,0.351142023678371,0.238905778328584,0.251078833722271,0.444384941391057,0.230580383701301,0.384223344844973,0.554603585733177,0.151574070119796,0.19089690527846,0.410118482295014,0.0811464823682549,0.3479905618964,0.360449346405229
"78","NY1615",3,3,31,318,2.28,2.08,0.8,5.15,0.311979921599643,0.42705014665799,0.57019011308227,0.2276964626052,0.38374725061023,0.468404901290201,0.202395267298487,0.410447347909484,0.480210511719956,0.301090907379917,0.373964904347389,0.58466392835161,0.0964030330049464,0.406717848112599,0.378683539770454,0.136257716229616,0.316792594230675,0.365733451275247,0.126946229309796,0.305540679612061,0.387745928956845,0.141323839905469,0.295737374622224,0.438389324456514,0.136761625666207,0.266629302832244,0.490454139433551,0.166964128742547,0.293377262799393,0.487054874813362,0.241621205814894,0.405624637587784,0.493974185512102,0.219636332617751,0.345341183824678,0.510090731088497,0.192860485472572,0.286276137686291,0.439748003809245,0.258343516484072,0.42767273068427,0.456043121902959,0.244610015383556,0.441666536191267,0.461603699238546,0.108521531267148,0.29804457435148,0.385674339300938,0.190970422769336,0.278773085997885,0.45847609874947,0.15789617487583,0.327498488382137,0.403657155471097,0.234607658692014,0.438815795678541,0.436584330701978,0.179542174867061,0.341009072692991,0.393345933664035,0.202695553703822,0.32550090138698,0.374948721572053,0.0568681039587892,0.252757244490717,0.39730497508738,0.0243991231984971,0.336577222687346,0.339662205299355,0.200266017096214,0.231322865834984,0.395879698634053,0.196634454325974,0.34362209949482,0.512754492869443,0.167529298508543,0.19799115014323,0.429948939418093,0.097128859719343,0.32920015308075,0.409838297810203
"79","SEEDWAY_9558_SBR",3,3,30,319,2.04,2.01,0.8,4.84,0.302488024535547,0.411303157626687,0.548995439926812,0.214847590799442,0.370478363759297,0.460852092696443,0.194473801432007,0.398517399660594,0.470155799546096,0.294549054035966,0.383098315559408,0.572012912788434,0.113733694040184,0.379243634335996,0.365518824141413,0.150996914262552,0.234145964513443,0.380401255340682,0.0994202594851007,0.31078394676648,0.374785390138588,0.12507235454915,0.319631983190363,0.433584885315319,0.132262530064778,0.276960569315445,0.491425116099071,0.159621123105404,0.276979251877742,0.477877097741752,0.236530830239977,0.391036134173389,0.492792138543773,0.20159011747112,0.326737012515121,0.491554249707638,0.192325854324406,0.262860967376697,0.426117160301789,0.251012793884417,0.410790754106262,0.453854048506455,0.221710103184703,0.404465137406314,0.433520579402932,0.114701645863548,0.284496343992142,0.385212994288625,0.192567629951066,0.268058092122263,0.452801026597818,0.150853753618648,0.313271413828689,0.391451176962013,0.222523216622646,0.438418709006944,0.426069461363579,0.165635158706203,0.337315205672204,0.390293386692981,0.183781608681489,0.313615439624201,0.374270433222426,0.0423826175169059,0.277511216876131,0.388483180882973,0.0389329570496193,0.328321845408079,0.331188156031893,0.204533441793776,0.216920065708993,0.392962900229336,0.207030273857925,0.36543760881354,0.530728468000495,0.167043260144172,0.207973119764338,0.421813495351192,0.0953265289871425,0.347171322061577,0.405959805959806
"80","ALFABAR",3,3,29,320,2,1.83,0.86,4.69,0.299482608873612,0.429155466900565,0.559298399494478,0.206729183591927,0.375641496338618,0.461830003889381,0.184112412482075,0.365980181681947,0.468352907500484,0.297800524372574,0.395952820590119,0.586092374169399,0.117937044638469,0.357659356906963,0.358404957002768,0.153900364301186,0.240371025603224,0.389981817288319,0.0756213828639466,0.331280051229545,0.374958183039499,0.1122236460273,0.342321794441281,0.424238973325741,0.13022489926065,0.27954651416122,0.476771786492375,0.161393946856981,0.256515207853053,0.485280979648497,0.218837841990618,0.364925799454502,0.491885187810064,0.206171499322077,0.319582128666269,0.501130318702917,0.205951678983038,0.300171423129424,0.451736981894755,0.253776926146131,0.436166269856109,0.456581030377822,0.230429338649245,0.420360947147025,0.450952209470426,0.105402932406743,0.298876250837035,0.392898169368758,0.195808732887822,0.282136566637421,0.459544338089615,0.156969077102547,0.330210762719185,0.392431833232559,0.243321148162219,0.45048945048945,0.442787631022925,0.187838939121649,0.3762610894821,0.401841640202501,0.189593307252605,0.316425008599931,0.376633556931545,0.0632434600512901,0.268549848651358,0.403666107544296,0.0441922405333936,0.31945518052545,0.324633093635192,0.195923281010765,0.199246466147256,0.386122725192084,0.198061912525388,0.36611915023166,0.533531576143315,0.162359845394671,0.216152075853816,0.431930774187609,0.0892861427977383,0.328770119988294,0.390472758755243
"81","SW4412Y",3,3,28,321,2.15,2.11,0.76,5.02,0.315585436805527,0.439217100981807,0.55774540455913,0.230298051853553,0.413991054501584,0.48406539593525,0.198437967784725,0.39720041301192,0.471795749930142,0.30910869156819,0.43344037615046,0.575326130452181,0.108037551261933,0.364413431392424,0.365953710975543,0.152719968608556,0.242201856588046,0.377768056116421,0.106902328872609,0.341028262508504,0.422756130898749,0.148716063060789,0.331721729787806,0.472712462824561,0.168716722301443,0.336056753812636,0.495452941176471,0.186178733914705,0.313878502943027,0.478668789101544,0.246924869061946,0.423145284321755,0.5006968465792,0.221302377987053,0.358365737293511,0.501019001130691,0.181412480405737,0.276651235299384,0.408409305167138,0.243960402154404,0.412441153617624,0.441937266536197,0.208849683991239,0.371224670048199,0.415262825851061,0.158605993449921,0.335085791892515,0.420445511537949,0.210783565384596,0.35475177398536,0.480063856876159,0.177462979274233,0.370834783252508,0.417554510791101,0.248184064625618,0.445636469165881,0.443761255525961,0.182223092799438,0.369644575148236,0.392738206522604,0.207071372954847,0.327154282765738,0.407850447196422,0.0743813617251297,0.269228328499541,0.379371359163134,0.0810313142909196,0.30127762549746,0.325026473837732,0.214040394628784,0.212883640460288,0.402562297148682,0.21812850348858,0.384757779870803,0.552562053448259,0.154848762843719,0.231821684081368,0.417419894787183,0.0951264225617815,0.345402740486147,0.392262120971515
"82","GUARDSMAN_II",3,3,27,322,2.35,2.01,0.86,5.21,0.316901953875366,0.442698459855323,0.572646516519066,0.23550510501873,0.402895603812857,0.475305668244309,0.200840410841013,0.402207460914808,0.462222615108731,0.305744632033804,0.388466886754702,0.576190476190476,0.104114508406045,0.384451830487473,0.388011895655769,0.146734089285117,0.274257825937393,0.369051550444739,0.0812574112238015,0.326779497086983,0.377953206007171,0.11739218212134,0.300483553063817,0.445298059655731,0.153983712324635,0.303758492432061,0.48547235122119,0.168767278329469,0.272283221658708,0.487135329902886,0.228322800612593,0.375340140518501,0.492201485681287,0.203117664125762,0.30887283411483,0.484049649053372,0.184663183530949,0.288365977799647,0.432980963567294,0.258748778381905,0.428724929259689,0.456231172273953,0.218766408282804,0.40140548101061,0.438544520816045,0.107112740901087,0.310648865606849,0.36283022299829,0.186874129612416,0.28758990867851,0.465426471137967,0.163560742645869,0.324969527703397,0.396788651828818,0.240634527686131,0.434693517046458,0.430122253651665,0.197597777864129,0.372397087822485,0.412586229248688,0.198824409587116,0.3274978500172,0.384201066391469,0.0677650055928604,0.258602290473712,0.403767327973471,0.0672918292529881,0.290208056966856,0.325048774302728,0.213676982712716,0.200697674418605,0.38564389367238,0.202588448062841,0.348955865703875,0.526148547725738,0.178912006257458,0.214606468426664,0.434726475456364,0.112717845839974,0.342175511095616,0.401192520946691
"83","NY0651",3,3,26,323,2.48,2.1,0.77,5.35,0.316791426634514,0.437666043796947,0.573357674269025,0.231160113245016,0.422202328263727,0.485406775569325,0.199975378916942,0.416783039249763,0.478026624275014,0.304131213157039,0.403800538944145,0.578394132646464,0.113781044666322,0.381491719281782,0.388719001848471,0.155020676062314,0.25365835074275,0.369669705117275,0.100074043790433,0.317689136790087,0.402015216566976,0.128632674936478,0.283215532788458,0.466393941138099,0.152747219089351,0.307084749455338,0.502058387799564,0.164217914519674,0.272887385042513,0.484941292151079,0.225523565546736,0.366115206115206,0.500392799216329,0.200492452701906,0.319279368720918,0.495592539672957,0.16338260227158,0.279278964688952,0.417228024507158,0.23847841411707,0.398500851499361,0.442633999668743,0.192470492083706,0.363276049158402,0.411328134857547,0.118498306522001,0.301130191206918,0.390610157106321,0.185115508942427,0.287984119267542,0.461953620073519,0.155976059459436,0.309880092387832,0.391832031058037,0.229561415311318,0.426633279574456,0.432983900630959,0.191343891311032,0.35862451696837,0.401158593584749,0.183567444716506,0.308925658055316,0.365701476047943,0.0508453112894738,0.254140452641234,0.388345355841452,0.0920551914963875,0.277766308967208,0.32018192082188,0.231869436937959,0.212974753273261,0.420241995834621,0.217728824241596,0.365037644309215,0.550365589374934,0.177649250043713,0.225588634201725,0.434027555310074,0.112615585020205,0.345024870242215,0.411619088811995
"84","VERNAL",3,3,25,324,2.11,1.64,0.69,4.44,0.300193263610369,0.422717251883919,0.571213771703968,0.218192080667769,0.394611903246762,0.471138255843243,0.1807197365705,0.413009033583378,0.47142735668763,0.286460058853349,0.364359196593436,0.576705229176873,0.0965533915888869,0.401776617241891,0.391644708285025,0.139624803726631,0.252444854865023,0.351181703450611,0.0196929797533167,0.41488828510062,0.347793258394446,0.0562509853143841,0.376819821003606,0.367353160176952,0.0941470246698968,0.258001805985552,0.44078345373237,0.132222408170759,0.235982747081133,0.478484420316799,0.179550632469075,0.292163862421363,0.483739970776352,0.18699591288638,0.286309839251016,0.507270487166243,0.1822300307588,0.295499613768875,0.446394823444758,0.252484861321036,0.448091664649399,0.47634251759161,0.204576973170341,0.419521729373144,0.451516907002354,0.0528353159472705,0.314972597734746,0.324614785044453,0.1449363852351,0.259709257707793,0.410135300054753,0.124914484626545,0.264494255852121,0.353701784188957,0.20627437577902,0.394846030140148,0.405626558567735,0.193787801641326,0.352872649525794,0.400435374522596,0.152621578083777,0.317459501817761,0.372108817320333,0.0478527189706183,0.28012753774076,0.407712514701062,0.0330210626363295,0.296738142842761,0.297785117816542,0.178007292798729,0.177265199237518,0.321352734155502,0.159743727863327,0.318056269086965,0.471146692544072,0.148456561903745,0.165828837951456,0.38285986068919,0.0688210182772385,0.332625121913972,0.349302892410882
"85","SW5210",3,3,24,325,2.4,2.1,0.91,5.41,0.333365559191386,0.455206712314555,0.581003664091899,0.25322888831343,0.447709932519323,0.490913806360949,0.219766629884936,0.469995297389029,0.47662887539444,0.317137293731246,0.446443833138637,0.564984738289935,0.0965682324960149,0.416037721949655,0.384154378472966,0.155579863703639,0.211844898494515,0.38007625792792,0.155096893843602,0.299272321620114,0.449777074943763,0.192509391719346,0.287208734716359,0.499699779339515,0.187713929414237,0.365197494553377,0.510784204793028,0.196025228993679,0.344961314922445,0.488035637162354,0.263146494669202,0.430860807331396,0.503289599760188,0.231675204924774,0.369055826737634,0.504817848377044,0.194865092816896,0.273052707321461,0.429247748748717,0.269409611712285,0.438854026363104,0.458346419711707,0.220299242631868,0.414219093042622,0.432120019178843,0.146494237226609,0.333297771282426,0.406104006820119,0.208740394024328,0.345770911257853,0.475035787557145,0.181542454933897,0.364999568109182,0.410041091326398,0.262698706686006,0.464354652589947,0.450595438830733,0.236200336322001,0.42080692153906,0.443668106379543,0.227287969106418,0.341976371242972,0.417403406000968,0.104257772021466,0.302833841501202,0.41727473290201,0.102649737396885,0.283958447224994,0.319075308033137,0.248873476515606,0.232520586894128,0.429242911939057,0.246197897937908,0.416321079620592,0.561547078802409,0.188609004319671,0.185379621175891,0.427563898188002,0.123300358786554,0.253894037212738,0.398248576123905
"86","EZRA",3,3,23,326,2.36,2,0.93,5.29,0.319979293713622,0.415557418253497,0.579402215431627,0.195688359111072,0.357061069982028,0.445689744776159,0.214411153909367,0.4387311730188,0.469447713821467,0.306805509940654,0.390161661076987,0.575625981334238,0.110785618304476,0.431705449386708,0.359411948946833,0.161035903275434,0.227858651152769,0.3935797088066,0.0954373195263253,0.343888814520826,0.39696807439379,0.137429525167226,0.293863509166387,0.442760282072621,0.145304036714077,0.280916013071895,0.483232352941176,0.157307920134531,0.285392465356187,0.489305642962031,0.228843719522873,0.36780576852866,0.495750918110946,0.210190348076701,0.328794170194021,0.504969153815021,0.177488825988556,0.278783213231326,0.433632265642361,0.254528366028756,0.414200324004246,0.462484404968065,0.211858892015999,0.406657898719775,0.433714843403425,0.0953933451595426,0.324053234820498,0.353331912475135,0.185801402490969,0.289282203853842,0.459908040820904,0.167048090171507,0.328278291247972,0.411398078565739,0.248452506018267,0.463694863694864,0.461900403076874,0.215164229515493,0.402511327548865,0.444651580984777,0.203681866313972,0.327294891640867,0.393939628482972,0.0906884965986735,0.275848805598936,0.419023174658261,0.076940201885278,0.296264735828692,0.301430415540493,0.222256347091212,0.228319823590665,0.409257270419449,0.213517349644064,0.388826930578151,0.535563475754203,0.180553996763344,0.199426724251426,0.431434885562232,0.0984465404955599,0.294492244659058,0.410088771827139
"87","SEEDWAY_9558",3,3,22,327,1.79,1.66,0.74,4.19,0.291295250607947,0.398214875175659,0.551811179017061,0.171863913831538,0.338097747550677,0.455903813519999,0.191233357259571,0.416507612777471,0.478279474806954,0.29155724975293,0.377867380135911,0.577725188730201,0.118482796603959,0.440169473911955,0.374645239948915,0.164364904948825,0.196313388231547,0.378427687686,0.0905895908386501,0.352079189754504,0.398867442173376,0.119473594494647,0.305033128215739,0.441205759224099,0.130957630000527,0.27718513501892,0.487328108875129,0.142380530672026,0.26627302248333,0.465594308519868,0.205867128291844,0.332020255549667,0.492566858797796,0.192968702386136,0.305699444791031,0.497200700328027,0.17677740846825,0.300681459847836,0.445229251981419,0.226560539386942,0.378321509040463,0.439652657517581,0.200278392866601,0.387968304438893,0.424406591465415,0.0707649066833786,0.316780287872725,0.333170359052712,0.168201918773835,0.275463698993111,0.450024745211911,0.148767580722755,0.303614428227431,0.399677134011499,0.23463780052006,0.442337065866478,0.45199806376277,0.209678696778582,0.3968271730453,0.438257697232704,0.193561698644172,0.30171138630891,0.377120313037496,0.0724909687925084,0.252492005651818,0.420815547457921,0.0548128167390826,0.292332080684357,0.284413249279695,0.202045734229667,0.219446662526247,0.379840862712835,0.191915238826135,0.377034040205116,0.521641526576667,0.167734287386026,0.187118352818436,0.420007241707325,0.0899490133500251,0.305248613238078,0.397493028924109
"88","REGEN",3,3,21,328,2.16,1.86,0.85,4.88,0.318543512851357,0.438161965122749,0.57257472012374,0.191447207342003,0.394743049408546,0.470825453984603,0.191713281737474,0.413557952163261,0.474901960784314,0.295609048267277,0.353688975590236,0.583360344137655,0.121208078227131,0.451494310835053,0.369845637000782,0.165144901301053,0.20853953889248,0.360211900144673,0.0862888500873035,0.362738752850047,0.386856877308818,0.117348096271454,0.322333182466335,0.425987473172441,0.139709468992388,0.271052069716776,0.467834640522876,0.157306627165583,0.268216454723482,0.480104112441437,0.214835530691949,0.342796855872689,0.499631252281855,0.202658772943277,0.315623305112012,0.50673358888797,0.18954379820493,0.283245842123338,0.460659482030232,0.22901965406782,0.366906190676401,0.446056984630543,0.213285744350792,0.426085685804798,0.453560673670586,0.0765434774374172,0.318324178156111,0.351914341494173,0.174611242064999,0.286613144753247,0.454157403681446,0.149494519142277,0.295120113635273,0.390547349630014,0.228078889427423,0.446524535740222,0.44974959680842,0.210176492422843,0.386827878117956,0.428085545783097,0.189425832757766,0.301017371861025,0.406129170966632,0.0750638903241203,0.258948464341489,0.427930393396297,0.0355037001004938,0.319876850460728,0.288302195512637,0.206338295818097,0.204837733722721,0.38450050583501,0.20320368289707,0.393322059537061,0.540479588244808,0.171235110412631,0.183391067538126,0.431122609537642,0.0902745699557966,0.322883564323424,0.415634558040177
"89","HI-GEST_360",3,3,20,329,2.11,1.77,0.75,4.62,0.327584206149449,0.452241957389016,0.591447976496996,0.196270057757174,0.413644536584072,0.486696429755134,0.200610273379193,0.401805478882551,0.48641533255638,0.311378959183522,0.410185024682519,0.590267174134228,0.106051898736111,0.448800987362172,0.375098911884273,0.165901223098696,0.213051784816491,0.37751908790272,0.153789580559961,0.304010005749024,0.433272418137561,0.167792708660774,0.310673740625087,0.478109926127552,0.179803314038693,0.337961111111111,0.496732788671024,0.183196274810403,0.309772331840225,0.498826490948802,0.229483220391268,0.37346009110715,0.503760444936916,0.21640533641276,0.35172879506461,0.510334310483231,0.182409238495331,0.293255240574373,0.436476090706115,0.229010254513108,0.334755618712838,0.424732724197965,0.213310001619909,0.403973553385318,0.437105508870215,0.13839763294998,0.314234299780518,0.3873311748942,0.201087637920494,0.310647870228051,0.46568242638538,0.157211678337907,0.309801453621096,0.388238255654685,0.227438210296656,0.399335164041046,0.420786561963033,0.214509554703351,0.382267054072328,0.404940792719697,0.189596114530563,0.292390666683795,0.343689648823058,0.0730509154835364,0.249284226965122,0.396923380955135,0.0904555430257564,0.281239364645885,0.312959744699779,0.235472352079943,0.205800541830959,0.413883211287251,0.223410644618044,0.395903972942889,0.542122613237435,0.177418715107943,0.170397735309732,0.41851542278321,0.102424935791129,0.297994829772705,0.395243390888694
"90","SW3407",3,3,19,330,2.17,1.94,0.83,4.94,0.349868065463884,0.460161324452957,0.596260390626588,0.216938398721564,0.415059029020668,0.468373072690875,0.228563702405454,0.410366226353143,0.473118227969591,0.328669012707914,0.451639095099923,0.577229277361169,0.114537253462631,0.437790176471722,0.364765609151007,0.164431163048622,0.22626195093422,0.369465570843722,0.140169042153499,0.314056649168063,0.40428745949453,0.172613823604354,0.329929189844218,0.456521493680619,0.184105961061101,0.362075808393533,0.479313832989336,0.200064459554769,0.351307189542484,0.489779543731345,0.259821209934787,0.440565967574,0.501770043135505,0.240656372141726,0.369301393724327,0.513860994277971,0.206641837936268,0.312951440695004,0.439453244870533,0.243428417931764,0.365499503467418,0.424852390627792,0.232852248617355,0.430497841936881,0.440123795059679,0.146805939583988,0.33520268713546,0.379889167788327,0.21832342909385,0.349417174069359,0.456875718774669,0.177845763573249,0.353962838194504,0.393201078767288,0.244756145051568,0.429472558884324,0.437495555142614,0.223057562817837,0.40813608357158,0.415732217953879,0.20670970609516,0.310794376715526,0.381752159260734,0.102574990809331,0.262266676582137,0.380591457822067,0.0943085692156887,0.293018170418879,0.330721885166623,0.240911254010645,0.230724229500282,0.413066307234248,0.227076778892779,0.399946247300473,0.525501374737183,0.179198465439797,0.183071158571795,0.414049970883079,0.10795993774033,0.301984403887518,0.387502248055881
"91","SW4602Z",3,3,18,331,2.08,2.03,0.7,4.8,0.346893177453961,0.445024710220789,0.587570735364853,0.215122148184731,0.413673436200746,0.468479335988842,0.217770593536412,0.419392562377749,0.476943745868177,0.322022794035998,0.464016426934794,0.573996720819692,0.105950745290366,0.439030293818255,0.361657615829982,0.153941347647814,0.222225844629937,0.38077163529849,0.118650442883945,0.312452543380591,0.371755389245414,0.140067594331175,0.323603386213164,0.434068754951261,0.170826045978304,0.37361862745098,0.487635620915033,0.173804374177874,0.315130739520478,0.464669109934723,0.242284705982955,0.429392601157307,0.497545674016262,0.236929131200829,0.379096917716923,0.493185516119247,0.188323367636235,0.287304106747934,0.423747394262616,0.23392759783694,0.340804590537211,0.409825943515783,0.218323329502745,0.417818154288743,0.427832033714387,0.127442273129314,0.315455677220383,0.347113525544898,0.209809449737507,0.370212438457496,0.450097742360374,0.167795359721974,0.355709226421846,0.384139981983983,0.228337124321509,0.429666182607359,0.418307077130607,0.20159475738046,0.390802871860287,0.38893199927362,0.198832491948958,0.287780104398169,0.341977655879998,0.077308728831095,0.24134565330557,0.384521468371026,0.0707003031640946,0.270160958384784,0.297769443775431,0.23202137695095,0.233511239969782,0.402934710850671,0.221246250793735,0.40596464689709,0.520562310319567,0.191885650967367,0.200088477366255,0.416500363108206,0.115690702221689,0.280803515746448,0.407078463619289
"92","PERSIST_III",3,3,17,332,2.33,2.18,0.83,5.34,0.336935434199929,0.442327806543493,0.593112025955163,0.198078997889826,0.378253059168224,0.462804591072399,0.216967636792298,0.402200418722437,0.486071016141733,0.314849750609198,0.420262024092148,0.595021291027622,0.104349164066568,0.457436800779566,0.358832672053443,0.158780806371676,0.236709479778533,0.370151235522079,0.11593190329354,0.307005953866878,0.407294903938573,0.142093254814116,0.332300896776259,0.468671116790743,0.162439851254634,0.334314705882353,0.485203159041394,0.16492366140495,0.297676805235368,0.47323963213604,0.227581884130654,0.376495640025052,0.499634607869902,0.212042575381123,0.337886359926568,0.502064536614053,0.189762096759613,0.298680994254151,0.445798546077902,0.215567416066607,0.321515442371057,0.415166057946807,0.212470182402287,0.395521756213798,0.438094731105112,0.111419444024953,0.304694677871148,0.391843624406284,0.192941330781791,0.321064571979292,0.457620960519919,0.157718095624017,0.324212150747238,0.38796869625043,0.2270798606546,0.43121740278603,0.43276226315442,0.192566180883629,0.370811356673513,0.393860409260561,0.18817236087512,0.31733918128655,0.362248452012384,0.0838695673693017,0.263381671252572,0.404809499020847,0.075163476745357,0.283093953770499,0.295369658879344,0.227537746249644,0.238139042810323,0.423741003325778,0.215964235607671,0.421868072799231,0.542734704265015,0.195309028187508,0.226625793979564,0.447930160483599,0.109913240246382,0.307599746366208,0.422820700419471
"93","SW315_LH",3,3,16,333,1.81,1.72,0.63,4.16,0.336275531507786,0.422721142328985,0.576701539201539,0.226372780763726,0.413300173010381,0.483179712047091,0.238793380791978,0.451351245737768,0.499995924224184,0.313079394829422,0.441118438406753,0.610730677921393,0.12394756525087,0.440062260821963,0.356728047296419,0.17324883182589,0.227837227198572,0.393133499553668,0.0800791584330589,0.351609666561747,0.345209350115592,0.0939807655547429,0.341201485309934,0.381627708914293,0.136207770915411,0.295074389404885,0.449772424320605,0.153718249804723,0.297163183857614,0.458716938102675,0.219763949956118,0.377808401361437,0.492408632350754,0.217137146593367,0.363273474516959,0.498716736095738,0.210376218480625,0.297617006867507,0.452787213104346,0.233307883239958,0.364384770872246,0.44094832365308,0.220202826100703,0.451438116317009,0.454501387200349,0.0475397396696342,0.294477164778955,0.301173547679942,0.170564061405117,0.278764730070564,0.419874793025879,0.139702883465816,0.299601700690066,0.352548635704894,0.21160230891535,0.39565677212736,0.400249141425612,0.168091089898763,0.326024686640693,0.361581728155826,0.190936551856164,0.30093653250774,0.345216718266254,0.0785576746319263,0.239701544334548,0.382460427632213,0.0383305234394705,0.280499326525957,0.27054490867641,0.200618626725301,0.187232586713556,0.315478850253937,0.186936190279118,0.384616262807889,0.480124344740322,0.190332887061034,0.177089324618736,0.384271625395072,0.0930852665529606,0.335161540956098,0.354745168616986
"94","N-R-GEE",3,3,15,334,1.93,1.92,0.61,4.46,0.333964558606797,0.437613766045139,0.587650902111686,0.209358937521949,0.400203941015531,0.478703629194496,0.213655050007756,0.381841103168651,0.488815416877133,0.29699550060776,0.356222488995598,0.607376950780312,0.119964542337471,0.445731573942796,0.366653066636747,0.16824852287954,0.226778836395205,0.364307917146792,0.120125919348707,0.284520935011559,0.410555208983157,0.1365957185448,0.327848926981925,0.45318213985785,0.154008501560436,0.308677668845316,0.478223965141612,0.162696299461955,0.299954342970668,0.480735448364368,0.219223409481954,0.347080770610182,0.498033862739745,0.202827817683589,0.320740373036228,0.491125911217745,0.19759518280469,0.260282213263071,0.429418113710676,0.199321577281112,0.308282329672704,0.381617906751597,0.198300832472642,0.393748304751765,0.416143072613661,0.0805036231284834,0.252856899281452,0.346558031908416,0.165685848641819,0.276812961362632,0.411243999674559,0.121573805604827,0.254696133960192,0.323624921334172,0.184735039146598,0.338780950545656,0.360532419355949,0.143611813877984,0.278108839062186,0.320035908119072,0.164630807539501,0.302003605547919,0.340850600996022,0.0544753541455534,0.249981904266131,0.341114003123373,0.0704389352669839,0.282834886082853,0.274269086330834,0.210694614251457,0.225705263014612,0.395413629526785,0.204063893157242,0.385596417120948,0.523268140346871,0.193806292426337,0.22009731460951,0.432203913839495,0.10321367130221,0.349145065914162,0.411112956679243
"95","NY2003",3,3,14,335,1.62,1.45,0.52,3.6,0.335835993286344,0.403312419243792,0.559486791349536,0.220212265674489,0.395090084715428,0.462157707910751,0.244252845343452,0.470455457442808,0.489187555017721,0.314566860390227,0.422774109643858,0.608831532613045,0.122445014817467,0.452372015218433,0.375705246551542,0.16917037929567,0.220779511804722,0.385929633391818,0.0629834063716879,0.324727443910038,0.351425824436472,0.0727355954546305,0.346320743238968,0.37368276076874,0.139489153290719,0.291817864923747,0.441809259259259,0.170581559144729,0.341514085810536,0.460211009513938,0.225660156508534,0.388357708910508,0.471851899576917,0.21706054878683,0.346276880007334,0.490662963782845,0.216335051490923,0.315421203559675,0.450313746653545,0.236177986714007,0.364970561227246,0.411468863875281,0.235141258922342,0.452472022195206,0.441030476843626,0.02229425242763,0.289789307027159,0.371199610278894,0.152683439851145,0.278928330331796,0.372938229906743,0.122499258079864,0.237428138166671,0.283405315136334,0.198837324963252,0.317653023535376,0.353227023815259,0.174821887470489,0.316743656051912,0.352317073448101,0.162129892292008,0.276917213707933,0.324099362391823,0.0520355738561738,0.24504887500723,0.354348140436115,0.0406067875340741,0.300048296435621,0.275562768163092,0.191029874576581,0.164249751884338,0.29789182157131,0.166735990811833,0.343200521353617,0.440999039111035,0.19763979222502,0.186036981858107,0.383913497943445,0.0977185935166103,0.349023509901473,0.368445761389133
"96","LIGHTNING_BOLT",3,3,13,336,2.22,2.26,1,5.48,0.342123166468823,0.462261857604995,0.596888351300116,0.209043852752536,0.403256985320264,0.487554562682765,0.226353232267022,0.412393424523094,0.490997226141065,0.308445867476765,0.370442778008064,0.612594741932648,0.0975633645323142,0.455668969416177,0.372948783357694,0.164586149820461,0.215902244955953,0.369693687954557,0.191314344170702,0.331354201069074,0.475409098137071,0.187563275651888,0.333420664954034,0.512460784556583,0.192072071329129,0.344443046955624,0.507553857069143,0.202099582106836,0.381840311345777,0.499561240425374,0.2399128012724,0.38998933574097,0.498050992168639,0.216487614157413,0.350030745563136,0.508215885282155,0.205779114507543,0.291227262626583,0.435851771901421,0.221022251729612,0.324194225263744,0.40315661759512,0.221315987611381,0.422041395743818,0.437509157509157,0.147389174232745,0.32951881089136,0.415395316375709,0.215228769204795,0.335466677177907,0.477825224349289,0.178445648256132,0.358772421249201,0.389803430143987,0.256731401210973,0.427709757121522,0.453174947292594,0.218452774035625,0.381477527490125,0.421962296715419,0.212159809153222,0.381073014486424,0.390785298613877,0.0868081985751241,0.262776331771647,0.379508688431125,0.110191192658055,0.284672826692255,0.340657060900658,0.245580333134804,0.250787472209772,0.452581327559378,0.245634933450639,0.418784665734319,0.560088977366784,0.233115201424802,0.252580195771579,0.463721623860812,0.147916632073108,0.286705520946083,0.439659961170058
"97","PLUSS_III",3,3,12,337,1.95,2.04,0.9,4.89,0.344310078962342,0.435176932725952,0.594943600335757,0.20352959687845,0.363249654179926,0.481584507260671,0.225325144705788,0.43255558642521,0.49302241978801,0.31433690922207,0.398973006242856,0.611710944467473,0.0937788393533932,0.453307393217068,0.392250219906086,0.161939061679862,0.225887154861945,0.388217810201003,0.196973868244316,0.321676199848289,0.471721363371599,0.187438329192597,0.329557083692251,0.504440843103188,0.202106537303069,0.352052614379085,0.512840631808279,0.208203492884919,0.404056914801319,0.499620733249052,0.252550912161493,0.417102635139488,0.499137512617314,0.233326834304213,0.345868839800336,0.503353465155401,0.218921034094589,0.317387278710729,0.438605652730601,0.237584111346685,0.354902376292751,0.40391367396715,0.239909307254931,0.448501615802654,0.436529609193969,0.168392441220562,0.355164611299065,0.419500163701844,0.233540191522078,0.374459448464818,0.490070739521557,0.203698839441955,0.387001526014224,0.418303532866891,0.259460103277632,0.440995388054212,0.455439077988098,0.204972442515611,0.365799882184633,0.407462398020338,0.221870017364027,0.385752923976608,0.375173718610251,0.100025782820779,0.239330884762951,0.378991458923786,0.108554984298029,0.302355821122236,0.344017167535111,0.250404747280403,0.278288205450835,0.464648749942868,0.258204027152103,0.425258536214097,0.570163089495866,0.230755015716788,0.272065843621399,0.462320866618252,0.152107155681314,0.267999613039121,0.442406288235963
"98","NY1517",3,3,11,338,2,1.65,0.78,4.43,0.333377362963762,0.418727456838476,0.567166636180721,0.204662831283737,0.381213606184855,0.47378669362926,0.217422404458531,0.45035363293736,0.480754053446196,0.306972823977979,0.362471015311954,0.59529160543141,0.105759887042941,0.456720153959814,0.38022645358065,0.155247518501526,0.215947837328912,0.359410421916816,0.0883837942572984,0.317774549644803,0.366687996861764,0.0862315106101564,0.323490603107898,0.392585457973722,0.140038408019363,0.263989651416122,0.468113180827887,0.182322869356188,0.351611912508518,0.489878878619485,0.218536324958805,0.368941561882738,0.483772970831794,0.217824344909241,0.345407507283903,0.499658556546122,0.229652080640892,0.303143142160951,0.458131231363827,0.226446520962221,0.355282774266731,0.414856416685857,0.231774418881365,0.437732740154886,0.443993054235269,0.059619443695412,0.274071325499897,0.333640365237004,0.183599793268981,0.272272614327777,0.452981416857424,0.167822992883153,0.31833166746875,0.384969212354545,0.235878777899327,0.427382156793921,0.445387327740269,0.191545748166551,0.343384940102941,0.411697837701372,0.219449133801635,0.367947626418989,0.377759287925697,0.0913747808456843,0.258153739371855,0.414903943878436,0.0313394575828885,0.320734972353795,0.307959864260255,0.187396244545556,0.196234006598535,0.342137818191572,0.198881152942525,0.371977956636318,0.492336315894626,0.206629511573248,0.227989842450206,0.427757274484698,0.117437887714638,0.270694204152249,0.410807141484045
"99","NY1614",3,3,10,339,1.91,1.8,0.69,4.4,0.322356091670229,0.385973766611022,0.560708508992823,0.19297910335681,0.378251400410815,0.488323230294892,0.203076369130284,0.413552479815456,0.487788413776846,0.298453819918404,0.341305096029443,0.595921669116077,0.10128649914251,0.457098466250875,0.373557776668546,0.1491702497106,0.211655000461723,0.361337765875581,0.100468747820465,0.333493485960717,0.399402321971903,0.0976769673244982,0.312447792718477,0.434621834834703,0.139118208697615,0.2753130374957,0.475084601823185,0.175470153873783,0.309536889645726,0.475085822875406,0.210450443376478,0.346041683072158,0.489874093323184,0.204539932344164,0.328289272146309,0.50224386709867,0.212703555826102,0.27933557664836,0.4497724939949,0.215141668756052,0.372903448304518,0.407638291595511,0.214001198392071,0.394332221494851,0.442011388551181,0.0706069518779042,0.256968726884693,0.358833472783053,0.160061254323039,0.27741898598623,0.435834614209034,0.145740971523777,0.2714131467565,0.352154655303139,0.216554934314523,0.363960752196046,0.413411884000119,0.188256043233437,0.328846341923848,0.389100486500133,0.200803874720557,0.343881148950808,0.362463020295838,0.0649949817553282,0.25781463027689,0.37135123075779,0.0486483489233712,0.31336371293822,0.311724819907816,0.183168145178836,0.198344256828035,0.366860090790915,0.197943118378789,0.350253184728525,0.512228025611021,0.186363981252621,0.215186847356912,0.432140549920977,0.11848380075796,0.279734749269429,0.427746068483558
"100","NY0465",3,3,9,340,2.06,1.87,0.97,4.9,0.341392462712057,0.423129521168737,0.581596898018467,0.203509605337414,0.392948041179986,0.483966147884863,0.205491006979576,0.403433502354713,0.491222815160127,0.319577296673327,0.357715642310736,0.611867115614381,0.10773556414493,0.452706122620136,0.354775027171726,0.159734030061815,0.206387678817346,0.351097995496972,0.0980290686021199,0.360526096901643,0.382620209655915,0.103111299764976,0.311423679060665,0.415911323433483,0.136789396392159,0.273861002178649,0.474443790849673,0.177492632637891,0.298265784189782,0.485338489378052,0.212101930896472,0.350086128909658,0.49608774549951,0.216584813808835,0.349693997795264,0.515312632066169,0.206108041084959,0.274544723447933,0.44674772229453,0.234182114553068,0.402581969426889,0.439329120077783,0.218145544640699,0.415333916371979,0.443611797660241,0.0893824889606913,0.265539398368043,0.36384703446596,0.181873444162841,0.294549633685575,0.448872485053177,0.16264656393739,0.308678067718315,0.376976264189887,0.230138556586185,0.435038552685612,0.449090954973308,0.186519643043015,0.350295561908791,0.399889007917284,0.198296650536837,0.372948113510528,0.390879505329103,0.0811467102593112,0.265778818902192,0.404518287157538,0.0552279259007195,0.300848054826012,0.290906762393006,0.180089333954983,0.20262405798738,0.37079982685519,0.213620197899299,0.400774593618738,0.5184993168188,0.193744308037218,0.225307803246494,0.443899229801467,0.119464259951965,0.296145662783064,0.429398196737968
"101","ALGONQUIN",3,3,8,341,1.88,1.89,0.73,4.5,0.337460795832039,0.386338171632289,0.577120292561469,0.206734409971119,0.397930993129088,0.492635862317088,0.205512402400664,0.417194621944957,0.492010961533604,0.316132916671006,0.351855742296919,0.606127951180472,0.106363340611428,0.457387413474532,0.370762090584007,0.157220231914085,0.206380890817866,0.354523347800659,0.0794857089540634,0.369440394399964,0.377496988093472,0.082472824157736,0.31224592294103,0.404643491549015,0.121364976947086,0.260715729274166,0.469489164086687,0.16625649209749,0.273150888674054,0.485939862670732,0.202056959061325,0.3242425037842,0.495413462127377,0.207557104694148,0.32394216008016,0.51591471093829,0.20399498130345,0.300802620022645,0.452318444917093,0.244685320527386,0.43409620682348,0.464624027190872,0.219406779974205,0.429196670719162,0.457960555711421,0.0816308126454159,0.275375106564365,0.357035142559439,0.168845201815716,0.28961732051798,0.450870005959095,0.149749659491253,0.283119307439079,0.357544652711794,0.213108072098203,0.379645650233886,0.4176092058445,0.179694999712231,0.323126846019715,0.387048948435999,0.183571293463869,0.304970260652853,0.338024399539244,0.0641684557500054,0.246937854787933,0.37989340869091,0.0412338759478073,0.31388375978194,0.307661420322987,0.162551253765326,0.173663840964879,0.317395810648406,0.168176185217589,0.370278919428033,0.460491884769434,0.174485536081731,0.183946744129751,0.39678044057129,0.0948999139343124,0.303410033167496,0.373892059311287
"102","FSG_415BR",3,3,7,342,2.05,2.12,1.01,5.19,0.35425836811473,0.401224311273331,0.595511487423252,0.210130037484662,0.38563301915603,0.490891451950953,0.207837092185641,0.405848190857852,0.492512625488151,0.339742767812873,0.37528281267664,0.615113489341925,0.100665835091776,0.467056420857459,0.379297694454928,0.150221127588312,0.197970577305616,0.335828422784945,0.0977060219302865,0.327048526193847,0.385731447940226,0.10984752057366,0.308460238612525,0.423624806260288,0.13907187077828,0.274037037037037,0.480383006535948,0.18963630743828,0.318436802033589,0.502782117252187,0.225888604854092,0.35583840525017,0.501833812422048,0.227476448073726,0.347737014751162,0.519129553976911,0.204921867937067,0.280421785551781,0.444735616858724,0.241962518481361,0.408974982237014,0.446915057610245,0.223382398310592,0.407783819410117,0.437262760307743,0.123201983210322,0.292702959444647,0.38824016563147,0.198507987406548,0.300404382903773,0.48108723808016,0.17760536880214,0.325371241007416,0.393959451622058,0.240032840663041,0.443002386139641,0.450891737166247,0.198587114669646,0.353326009675416,0.41547156851373,0.206086614026759,0.370021282153394,0.405212628838388,0.0922917012332207,0.27474261090867,0.40392012262132,0.0853827741330092,0.289421540180303,0.295320444189282,0.196767460788168,0.205683347966052,0.396806528234341,0.216463218023353,0.413604903387847,0.526973627879099,0.185051498189081,0.224717480134054,0.45643575815136,0.118653565461526,0.291363532101021,0.419546878546001
"103","LANDER",3,3,6,343,1.57,1.81,0.88,4.26,0.338732779600144,0.353704764734177,0.588235294117647,0.185044062073325,0.334904690126604,0.480489544758112,0.190777281462543,0.378429267799864,0.492186413423248,0.329770351100694,0.340428332768085,0.616827825300524,0.107579657433634,0.459528478193096,0.368124321755115,0.152736290585201,0.202002893465078,0.357653461384554,0.0888336648249994,0.318115818810457,0.369198959490309,0.0870416687086525,0.323431396882407,0.399387869319979,0.115116748993155,0.255871895424837,0.471949346405229,0.167305692001273,0.288280951146979,0.495130492725725,0.209722678461346,0.327107574683762,0.493027511113975,0.217175257579815,0.32203864325979,0.515532211287982,0.216941860476789,0.289155370728972,0.473564860374803,0.253850287432663,0.466158773209153,0.475977193835342,0.236679930652406,0.436528050541891,0.466023982459969,0.116237470775292,0.266949701619778,0.362799658994032,0.191272314155196,0.28748040205204,0.473224310471076,0.181006887948425,0.320600712139971,0.394715575902412,0.23338551009857,0.435068376244847,0.44737403560933,0.19762435822362,0.361183703269035,0.413650661517362,0.202380166528184,0.356280959752322,0.370182318541452,0.0909925021849461,0.25949728563992,0.384828338415012,0.0724601645163213,0.28986807044908,0.295857338191012,0.188315637463037,0.207506102304123,0.376430621496204,0.214511970229405,0.410390444387362,0.526010598319871,0.179107904513845,0.219334003236846,0.447340501423392,0.118549179524583,0.284612768370451,0.411886148321618
"104","ONEIDA_VR",3,3,5,344,1.71,1.76,0.89,4.37,0.347819362295637,0.36050290486565,0.578812518273303,0.190922242840857,0.323778578211741,0.478637449432515,0.186543802953421,0.34446915019049,0.479137701309234,0.329438599101537,0.283332202836291,0.614892414364849,0.100411093865983,0.465496749251411,0.377818815556574,0.140840082778839,0.222312782415084,0.357483800655156,0.0922663962048878,0.317085733856862,0.374971682996343,0.0805649305743778,0.339976850806215,0.398344876358728,0.110950329120957,0.238183802029584,0.450513523391813,0.166810964250115,0.274852383431249,0.490546590317543,0.204641532606174,0.317569857439139,0.492137453357497,0.216587111657288,0.334241103848947,0.532733974977708,0.228993900214923,0.27432250828016,0.467775626170598,0.249327192508569,0.397859300533097,0.461029879211697,0.231536195457387,0.401560515608959,0.440985588805658,0.0949785534718898,0.237163471449186,0.354146992130185,0.182814946863554,0.267584210364959,0.468269630836476,0.180664095135664,0.287248513440464,0.394314708339476,0.231493853297651,0.442568771980537,0.464294546647488,0.204491439062081,0.37672623393401,0.423967011697383,0.215631386727285,0.359270725834193,0.400808823529412,0.108343417263808,0.25082711550697,0.415267896735882,0.0465471120200741,0.291519069446197,0.294250430398974,0.19122785861604,0.206093759912899,0.359904849808274,0.207989989964848,0.397094856865599,0.514077142259136,0.186650082064517,0.23473117889131,0.457357540547083,0.130068248510063,0.267283435762365,0.430961003804507
"105","WL_358LH",3,3,4,345,1.94,1.7,0.7,4.34,0.380750480155316,0.385704123732293,0.598578637601007,0.223055387243515,0.382887850911745,0.504326710542912,0.219875750513194,0.418314095926048,0.494713880399734,0.363397946358417,0.394808255140621,0.627075152931128,0.103812566150546,0.45146864329444,0.375133377513304,0.134044823538132,0.286082186720842,0.383208175577923,0.144003044154721,0.293527604896552,0.402382165304868,0.110199997660568,0.294878503399374,0.423454367599609,0.143145359862156,0.300916666666667,0.467655010893246,0.191400774984891,0.34351996452465,0.514487053425107,0.234229024745015,0.386107853875395,0.492361316925456,0.252462611633059,0.357789360469926,0.526941386658438,0.256387875737571,0.361371067585156,0.469499910055765,0.268649311302726,0.437720686918548,0.456207903801487,0.248394595928936,0.433672599935576,0.43088001496306,0.157994743442061,0.35514229934398,0.40415487407084,0.21210011710452,0.353947845819947,0.464698625889741,0.203744141662113,0.339151862409183,0.377116025068863,0.230616531062765,0.415549086137321,0.415329309446957,0.207559076159056,0.378413404568416,0.393095291706753,0.205590277460972,0.309941950464396,0.327612229102167,0.0990622667000187,0.228506482238913,0.335487965097543,0.121948648434392,0.26380672760428,0.326779927542603,0.236061121821857,0.238514234708006,0.398516170488489,0.230961777128342,0.422450314429508,0.522272288342799,0.188881254286858,0.227650188713983,0.438058240510602,0.128345381914537,0.293344195939352,0.400831720727914
"106","FSG_421LH",3,3,3,346,2.28,1.96,0.76,5,0.399662294971886,0.415189240679437,0.600134750870045,0.248423786952238,0.416678928030139,0.514244230645965,0.2291006719598,0.417895308975172,0.482969732905328,0.392847135489637,0.451441132506814,0.62953159739232,0.0817511043477851,0.459656495040585,0.371835328130315,0.0944222747817317,0.456921765361663,0.402070768106574,0.137201387910771,0.268240431543797,0.379072449940675,0.10477250546799,0.302224722037246,0.390313864404787,0.133260875104744,0.295310130718954,0.441125381263617,0.195948655716292,0.376813632942164,0.521189057120646,0.24743676281133,0.41516875163934,0.503040366569778,0.283561691370976,0.422899742631686,0.537907378711548,0.281910554832297,0.381945546702221,0.492671132133371,0.292998234141475,0.432174480302823,0.460805089147335,0.290143602654869,0.460500652749788,0.450033841590935,0.138209917144726,0.328245574324006,0.357481443755954,0.220828352517095,0.387329335681789,0.447153817229482,0.217467091267744,0.352837522674268,0.35928084008934,0.257618038220009,0.415623555819634,0.424067943675787,0.236172764913902,0.405980659051279,0.410190028824597,0.233995297654786,0.346597210624805,0.330546527412013,0.125608223401999,0.232175564424393,0.358495286020013,0.0617140870371443,0.289313872036109,0.281450982940781,0.228697608520956,0.209302727931118,0.363701617445884,0.222281385793624,0.413519041774886,0.490062410213964,0.209979245338869,0.203799834789792,0.429518986008569,0.129555986470753,0.295632270346932,0.382083833005694
"107","AMERISTAND_427_TQ",3,3,2,347,2.28,2.05,0.9,5.22,0.4035876792472,0.397931226362599,0.62767815880561,0.235606995544159,0.397526575383727,0.537837991607994,0.217851422898075,0.389106491888297,0.502379797775701,0.386291995054046,0.400907362945178,0.644959983993597,0.0406437840477139,0.483979164754162,0.399986513303663,0.071862239476817,0.478121833348724,0.421281620340444,0.189200665489289,0.302358150960735,0.43993432295115,0.167758076959213,0.336184330272193,0.465947371750885,0.158778075401978,0.311336751805986,0.478207666838665,0.206215555135935,0.363200434358766,0.538318587346833,0.2401945386009,0.348425729060031,0.50972539395053,0.258242890269483,0.32530956123659,0.530609102525211,0.280591189879963,0.331313820725268,0.491396569421077,0.279314724140761,0.400694314598058,0.449198276471004,0.280816320342054,0.395498612799651,0.446802685037979,0.190726250374112,0.360084397395322,0.433941334109401,0.242086638996315,0.364242788065097,0.48427084638947,0.231665083091184,0.35705997523826,0.407786991448562,0.259560347402736,0.419684007919302,0.440428358075417,0.244000805989119,0.410400049127643,0.429883708500219,0.212577226095335,0.326471230553807,0.339515434913865,0.122779271245777,0.236728886244763,0.365945316179569,0.0815109988681689,0.315225610618589,0.303120790787232,0.255075660726589,0.257375911141965,0.432246428595735,0.244538806587558,0.40982330583859,0.523302865542141,0.208187176048403,0.225678472916636,0.450633668101387,0.125740391914696,0.30872268559165,0.384228367964101
"108","WL_349HQ",3,3,1,348,2.17,1.94,1.02,5.13,0.410259836462208,0.418912042931651,0.635340213526488,0.221149439037083,0.366658215010142,0.531658082435138,0.208964516884153,0.365423712063901,0.497504804841645,0.412916545966871,0.485171568627451,0.664398994892075,0.0233944784228573,0.49470550188276,0.438346397089346,0.0736536497524573,0.479117622131487,0.430422443576973,0.224795554521448,0.328150341099241,0.45101765870462,0.213175762258347,0.356673996111363,0.483214794501119,0.161509391952048,0.313462091503268,0.477066339869281,0.21714467546891,0.382213008551438,0.547511198311924,0.247086041012704,0.360888803241744,0.512188552188552,0.265837027292096,0.333847622753058,0.527861293907459,0.305963265548881,0.383390843131804,0.504405632144434,0.299195797612568,0.426678692355585,0.455983846344105,0.295616822976583,0.432153329800389,0.453161228455346,0.206869359657328,0.3655605272412,0.439049316696375,0.248751996890955,0.385666066359257,0.48718618545321,0.231193039803342,0.365473907624724,0.417386690358963,0.27376659644198,0.439740580917051,0.454740454740455,0.263631015183008,0.426934230367707,0.44055350477971,0.231130963352895,0.363063688021616,0.374033203584994,0.150839515331355,0.255514736868199,0.377926179321286,0.0772880211149446,0.32325632664192,0.3036031179873,0.260703970900724,0.281310989512084,0.460361712400418,0.260784301254449,0.416903559094671,0.529846424256262,0.20858310112224,0.234065973181135,0.461837061585197,0.127724068863734,0.312037221255834,0.390331940639228
"109","SW5606",4,4,36,413,1.83,1.59,0.54,3.96,0.405422673062559,0.459088079676315,0.64915082194494,0.210057294759268,0.392578368399422,0.482143058372774,0.250621323435989,0.386041977117167,0.519584606706573,0.371118663050412,0.520460684273709,0.625849839935974,0.0969774522174397,0.365533376604718,0.356124632945651,0.110980804707654,0.406233016283436,0.403547634438391,0.178884489774693,0.327062055525205,0.381837389608651,0.184879639473945,0.320682002643263,0.428540925647179,0.249700293241296,0.344366615067079,0.550973297213622,0.172622059006655,0.342690562950844,0.534336778959371,0.189418941652167,0.300377810966046,0.478231600584542,0.226396738221239,0.383054387224156,0.555391430149435,0.233504483821906,0.306174407161677,0.512244584827995,0.217764672453634,0.324227282978191,0.424836187508664,0.311221646060959,0.369744842307431,0.54225941640963,0.15716329188631,0.319525514553648,0.403274631591767,0.223826761136237,0.428579470366144,0.496576048833798,0.205955210785373,0.408251829366108,0.413453275583361,0.198163255952517,0.327868739633446,0.406233123880183,0.172407355464325,0.26267511748318,0.353941278341018,0.153654668259191,0.235673374613003,0.279498624011008,0.0820575958830979,0.209834659527528,0.323115936640143,0.105113103668249,0.275623170565425,0.30156447319293,0.189096765996861,0.238013889224962,0.410774903681478,0.202054401344762,0.341482337719173,0.525043763259792,0.188159502682391,0.201072621641249,0.431440934398451,0.109641347706659,0.359826114525412,0.326503999609794
"110","PLUSS_III",4,4,35,414,1.58,1.43,0.54,3.55,0.395350387877108,0.449646912637109,0.659406978279527,0.191970141114886,0.379555360007424,0.486609758846067,0.233160193039184,0.348133438290158,0.517243332856257,0.364470227734157,0.476514105642257,0.641240496198479,0.100426311444823,0.325737489955811,0.385241587531493,0.111036446375128,0.407804040233708,0.374843002975995,0.179736679240369,0.326572602840263,0.380483774295744,0.179298724738982,0.301037380948905,0.419804846237328,0.236702945327057,0.3141151416122,0.545445860566449,0.16442787582224,0.309389454897003,0.548546144121365,0.168309561371449,0.284580150668032,0.488307697019013,0.216424141221374,0.367546995990779,0.558879206831552,0.204307998253069,0.284066191612288,0.485895835637505,0.228771036146523,0.354371100833662,0.428159784598266,0.280207709416794,0.341626668685492,0.530245034950917,0.153197221008596,0.289491657532578,0.39663329679698,0.226124397973313,0.423732592734301,0.501257127276166,0.203860286437122,0.408669968232031,0.428731296728187,0.203163065501207,0.338891718303483,0.426270171368211,0.182532818377007,0.274277357387683,0.377901203399815,0.161219690851205,0.219319745442036,0.29922213622291,0.093356832939202,0.232949108847079,0.350105847648794,0.103777376192971,0.289421041699321,0.322222477084679,0.194382774425683,0.224950462839736,0.426152125460084,0.219626524168396,0.349813649380179,0.55466958738857,0.189455601999879,0.196156443902317,0.451611350639378,0.117606207642578,0.337034894014701,0.363183836230368
"111","WL_349HQ",4,4,34,415,1.73,1.51,0.61,3.84,0.396488378056491,0.446216836903111,0.659904247894444,0.202312844763355,0.395083705506827,0.494310188165553,0.230868471302028,0.340120257348682,0.511868044054605,0.357538113124441,0.469697403625127,0.632697993995805,0.105935717685429,0.281865043251243,0.387581929161726,0.120161227043524,0.3758025662885,0.378719978515375,0.16633243983727,0.336138027806432,0.384737342405141,0.166850228530231,0.315883472276972,0.430792927744441,0.219847372347109,0.306035620915033,0.513110348583878,0.153579788658523,0.300267772307161,0.528023297424697,0.16468368964657,0.286412602280781,0.488774778257415,0.213112386142095,0.36312429331789,0.552898890451633,0.201968469346865,0.310499137593516,0.474858470101478,0.235987004855545,0.304566473629654,0.433343471397211,0.25171345086468,0.325673726504176,0.509350672395655,0.150559160870176,0.309660564562525,0.414361165341558,0.218910962840364,0.425468426688832,0.488687613657104,0.192981199574401,0.407685682202396,0.415727736028332,0.184042378847078,0.335105770399888,0.40442627501451,0.165980430449336,0.277131644829414,0.354534656360214,0.148842763949026,0.210284804028622,0.288675924617499,0.0841854245138697,0.238630535793472,0.349647656506064,0.104086871252564,0.284654094301658,0.327102455982068,0.197239098079531,0.238420074728954,0.442583933955394,0.210502369818248,0.359983493640057,0.543748275632427,0.17774152413844,0.20924662797882,0.428923298497126,0.1138348681423,0.325635669690762,0.373351502292459
"112","SW4602Z",4,4,33,416,1.55,1.5,0.51,3.56,0.399046194933781,0.443551056786351,0.65562581935131,0.208486067921792,0.387291940102613,0.47737292685837,0.233974762162742,0.363610234132296,0.500904200237416,0.365219626003396,0.523982866689277,0.62557234553014,0.12788292501933,0.287544185930542,0.390070164821029,0.138663693316231,0.288878135869733,0.394810970542063,0.103801142839922,0.352008488985114,0.330780766455054,0.110898810458779,0.295429855659968,0.362625466347455,0.185093409417795,0.288184554523564,0.475146091331269,0.133783328132118,0.260566393958464,0.506448500104888,0.160909636957127,0.296381943440767,0.471081348728408,0.233883119527591,0.414779783506515,0.564035070066343,0.219489738273167,0.311685343322434,0.492101308953155,0.218539734711654,0.304039294307994,0.408911978846619,0.271391322860794,0.394128038072675,0.527174579423714,0.107681360740052,0.295952562843319,0.345283810493895,0.209050625152135,0.419806680769248,0.454392165622112,0.185704938052125,0.412523888697779,0.395850533195734,0.180716547994167,0.331370943135649,0.380498604028016,0.161300413588438,0.281131573381005,0.345549740601495,0.148829911051265,0.192164142354911,0.281217750257998,0.0739429635167921,0.217679779876552,0.323035621328177,0.0634513458903039,0.288373302138169,0.284188970317444,0.172932880783645,0.216260561680212,0.377037230760977,0.168684319678837,0.32720802294717,0.48793537308179,0.187459810892754,0.225957352742165,0.417572536650274,0.110988779945555,0.315042069066433,0.361683006535948
"113","EZRA",4,4,32,417,1.82,1.56,0.63,4.02,0.378432904786411,0.412755354667119,0.631411925039376,0.197534838341592,0.378634129446234,0.495332199817046,0.212956184859129,0.301753341239172,0.500668247834414,0.343665068464428,0.472079383058948,0.622467040100134,0.119020220094904,0.279709298066587,0.384259891798823,0.131443892697299,0.300655218609183,0.370188209062889,0.0714006686706,0.395829037070268,0.352186963720847,0.0798392799546169,0.326283756490931,0.361891872162119,0.161194891759906,0.261597276688453,0.474748910675381,0.122640897480176,0.230180213678392,0.510623930988324,0.1381918177415,0.302128557804202,0.471552003219851,0.202479695776296,0.361073657425109,0.559928804455982,0.212086179716237,0.305506312113887,0.498681750433184,0.242652489414938,0.348058767666611,0.455722109462124,0.239281106365388,0.358043525102349,0.490136760586588,0.0807928518234386,0.269543938787636,0.347092048940788,0.188677979337299,0.352616614662014,0.465040339338606,0.175106944289769,0.385623712039882,0.408238996038944,0.190685381458469,0.347721594780418,0.426511767688238,0.184295209564468,0.340510063206352,0.406195086780797,0.163091445530574,0.237428620571035,0.336108961128311,0.0742662175061122,0.248532303776968,0.3750496462105,0.0519389855327165,0.306806739073091,0.288716729299115,0.171215634982272,0.238992130514622,0.401473344033898,0.184032600370935,0.30986469066035,0.499111058785474,0.184714194790462,0.22676397966594,0.429412732994432,0.0999499097173814,0.380724724183899,0.365305428343181
"114","LANDER",4,4,31,418,1.75,1.54,0.65,3.94,0.374759216581919,0.410297182846202,0.657974940818078,0.179568955441358,0.365351486011641,0.486260679032215,0.198411169495919,0.286568837925896,0.503621515587772,0.343792242512889,0.481316903442992,0.639079524186356,0.119499057363103,0.290811758686503,0.372867024535784,0.128862641687926,0.293593868316557,0.389276941545849,0.0904738534729009,0.378452289212628,0.330334544298069,0.104371514097886,0.301105536717895,0.358957538278013,0.158990980325912,0.232750217864924,0.48952908496732,0.127714259091819,0.225577947993357,0.533270370094941,0.1333067636663,0.283185431420725,0.478801796448855,0.2019130716854,0.389148580200951,0.572446521974941,0.201277707786207,0.288783424864819,0.48589145318138,0.222138606570674,0.305306873756072,0.439819420033324,0.220635090832962,0.372756320334175,0.474379916248428,0.0991315511112181,0.268143136042296,0.347055185710648,0.192673586038447,0.376816699540644,0.471133129712578,0.17218348454384,0.381530429107522,0.406728858944459,0.180018151863095,0.345885088041951,0.398301879674429,0.175113698284461,0.336857164370153,0.361849967002839,0.167195847688935,0.239717062263502,0.315906002751978,0.0670309694905761,0.23425943828859,0.368532758236038,0.0599182715613629,0.313340647885852,0.286583403101931,0.172259338202412,0.223956728083155,0.393774170420351,0.185151839662428,0.303768991827687,0.474833628259649,0.183122876084557,0.230682500230139,0.429120500782473,0.0746297791923703,0.42303738659643,0.3348769632231
"115","N-R-GEE",4,4,30,419,1.93,1.62,0.55,4.09,0.366847759768682,0.367616273995727,0.625870254204968,0.189517493474154,0.367862493205531,0.487832183245171,0.194990192169548,0.29816957748491,0.498501221982418,0.32439961974842,0.438699677180289,0.614982854128198,0.109509135226305,0.311836313777734,0.381744927111567,0.119522200883001,0.279063794971723,0.4237919738687,0.109730510390074,0.348319461541204,0.343638403985504,0.141624117186615,0.31335688805182,0.412943317808632,0.177010057120785,0.256047149122807,0.480990282077743,0.138844459969249,0.256391504227731,0.51780829806225,0.162759971455681,0.301164443871744,0.477828962910465,0.206717669933947,0.376686589791579,0.539088455544152,0.205740253980332,0.3030268880353,0.474737309926669,0.234965553650353,0.316697370553267,0.449413214611638,0.220855332981784,0.384352763729926,0.439332294003574,0.0885067133749247,0.254747046644745,0.359437340153453,0.180471393121611,0.326738747534452,0.431606514984597,0.166478757725923,0.334037685558805,0.35860412887622,0.178202225780694,0.291209161797397,0.370494405788523,0.184884737546896,0.321914340495507,0.368727070923486,0.164906782178334,0.231324389404885,0.309935500515996,0.0669853779882871,0.236283667842752,0.348116336013265,0.0666979155945132,0.31886300760637,0.305646350305899,0.193840398941603,0.248405353933639,0.412990933719589,0.195352668174749,0.31484549666543,0.491159345834404,0.207969660808337,0.260922519596515,0.444635536360636,0.106657624633031,0.399103229527105,0.383930699730873
"116","ONEIDA_VR",4,4,29,420,1.71,1.72,0.73,4.16,0.372525889156376,0.355424223561479,0.63525521319639,0.18479618237895,0.356141617043534,0.489859613476033,0.195319579638279,0.319904954588714,0.50449272347962,0.333670261607195,0.435166066426571,0.629264705882353,0.115534198464655,0.305942449647463,0.377512685805687,0.134345570736799,0.253216979099332,0.449352541016407,0.101971263921634,0.356620185191981,0.328316759018018,0.134387228389253,0.303196055602751,0.399785119527263,0.167913123170301,0.243605991285403,0.484762962962963,0.135666433829456,0.24307358185565,0.524718715680105,0.136613636587221,0.293496982821602,0.472853027319258,0.19053436562403,0.375292194651837,0.555424970763765,0.195547790874994,0.282192323449374,0.478451992392363,0.213087149782104,0.329480739106408,0.457720354511798,0.215967275384622,0.380992757463346,0.455417874622027,0.0876277216241952,0.253132045088567,0.346035332007199,0.202753879856641,0.355773955773956,0.488038208359064,0.184631419292345,0.38729216832932,0.429590929939227,0.20471640668174,0.359347735818324,0.440120946003299,0.217557110285679,0.391117080569413,0.439101931546151,0.199571237904571,0.296979390139983,0.381922159560483,0.0857912213970899,0.261097642596862,0.414270345306264,0.031001389461482,0.333129953092565,0.298681341646947,0.190776495644432,0.240422375128462,0.397019689514126,0.187680205742954,0.323052297095452,0.49590111881725,0.21256530911782,0.263284084266868,0.469379592191644,0.113237306441842,0.382577634026273,0.392006702454464
"117","PERSIST_III",4,4,28,421,1.85,1.67,0.84,4.36,0.395526567628404,0.401100760169388,0.642783224400871,0.196880790833248,0.37508368797147,0.495898046507312,0.208459809130665,0.337153622833469,0.507200427226142,0.353048586206318,0.505575360188919,0.623507806710128,0.0946722469237657,0.334079181640866,0.390242998534597,0.123974032694267,0.253842219161912,0.442356938316018,0.113775019957327,0.339308425258288,0.334825719450705,0.14127211597342,0.309649550562345,0.414399914346478,0.174078335196704,0.262216339869281,0.488414596949891,0.142009499006803,0.290956595027392,0.531096403163035,0.150450752379485,0.28927302794064,0.477305800743079,0.207907445511063,0.393988031218113,0.551067721978618,0.202539718962105,0.320207824090241,0.489098758769563,0.197837740384094,0.301597214431439,0.430948314905534,0.221867309588386,0.365229603153479,0.450776582126063,0.0994968833271016,0.282455242966752,0.377893557422969,0.22928051124125,0.421699232215271,0.499097756595541,0.216894871199814,0.447561791236318,0.441709300460272,0.229370941447554,0.398255092372739,0.456615668380374,0.232195145412452,0.414955273374864,0.44387189512158,0.211684976673096,0.337535381044753,0.384579217142197,0.0876254050536048,0.295738619931749,0.423169838240114,0.0348940123875905,0.324234998477197,0.287251907326913,0.204373440012443,0.251092640539007,0.424155851837513,0.198978271126552,0.351355590756438,0.51549897251477,0.213546046503201,0.258408297278223,0.464127282211789,0.123011977869946,0.385651643742074,0.405026582772412
"118","NY0465",4,4,27,422,1.75,1.66,0.87,4.27,0.402061386921405,0.402751369908233,0.643794386441445,0.181159861371918,0.347121879515836,0.474485443264527,0.2012943101551,0.324446545359813,0.49028213192488,0.348172370024299,0.473733529286154,0.611447664267501,0.107772700977577,0.323482491661482,0.398140309242014,0.13804157761803,0.228003940037553,0.447735524979222,0.106842375379598,0.354638152854139,0.342726097003353,0.122656775493824,0.31211835523181,0.400169514658647,0.158948974813092,0.255834838321293,0.481805448056416,0.133499576663421,0.302070350263999,0.524937904365286,0.143299106604773,0.296554522436875,0.47102910397028,0.206468624612588,0.39218727290209,0.558023250353853,0.205671016734148,0.320260203379787,0.492191782271462,0.219476601017144,0.327785049175424,0.440765117235705,0.214622727615403,0.395651880253956,0.457257603624386,0.0716686229119533,0.250076726342711,0.330706125928632,0.211942416775104,0.388682556122146,0.49314967884653,0.204265699649581,0.434495599512443,0.450380063919841,0.223788943699888,0.405974347150818,0.459739342092283,0.240054637151474,0.434399612594339,0.457529740694041,0.202774530319855,0.346267915333856,0.402863455930527,0.0882515135801859,0.280320269700801,0.418753129570412,0.0192350590859676,0.332744601057424,0.294111148066167,0.196916489054521,0.220224066590849,0.389093490131552,0.198980398869649,0.33105264910428,0.497928856161582,0.191205611613887,0.237573046119856,0.443257909110436,0.109038065711119,0.3820762608526,0.410546044288362
"119","ALGONQUIN",4,4,26,423,1.95,1.67,0.84,4.46,0.4074339734092,0.424003928170595,0.637885625630724,0.195197760894444,0.403396628973757,0.499204641959195,0.216466565919942,0.366112065264062,0.504763438222004,0.339140964974857,0.431175088869629,0.599428219718381,0.0958402362770771,0.361951278237844,0.411145504858377,0.13149759438597,0.220833894198412,0.432871055872133,0.104120839804824,0.345763130887388,0.387566102152775,0.0863885954014508,0.333627643214148,0.432542195309496,0.167487978849727,0.266698366013072,0.491764270152505,0.140473633212757,0.320157455052506,0.527272547785634,0.144136844623323,0.298690185578917,0.472608735595979,0.199875033978836,0.380502170077747,0.546940089754684,0.211929028539262,0.322576669668673,0.493658392715131,0.216386571933832,0.327532835554226,0.451874981821506,0.212644360938055,0.426717365679303,0.453310518777647,0.0739379812439368,0.265688335940437,0.355666630288479,0.195648808207292,0.378440827940462,0.473103809203394,0.21062371020123,0.409915733302621,0.425311681206991,0.227362908988561,0.382554301181752,0.450498448537664,0.240781475041219,0.412680653919576,0.442318748145294,0.194016633281067,0.314329635362917,0.362422600619195,0.078187159929944,0.287853548499046,0.407819340125431,0.0344408011049569,0.317407585561262,0.311131756844125,0.213872622655179,0.214842749317707,0.367770722311833,0.191080300853301,0.335832462021035,0.481073529110273,0.194887846670173,0.209929761507954,0.426809341622828,0.111365755584322,0.37202856939468,0.374953774602589
"120","NY1615",4,4,25,424,2.18,1.96,0.95,5.09,0.42942606396059,0.407838185779362,0.660136259891162,0.209989332398501,0.373806832867071,0.489903294440206,0.230955275069667,0.341639515402554,0.493250322026621,0.34037201470978,0.435034354548994,0.596784866412933,0.0860161143181314,0.39001339595759,0.405545778796908,0.122816547586502,0.215331465919701,0.417884048356185,0.107927537902381,0.344659790233825,0.36075995316018,0.100656808747166,0.345116982114504,0.403781682605416,0.181147508221287,0.252881729446164,0.491189155486756,0.153694956815615,0.333109737286985,0.523368254790903,0.172262907017468,0.309447843565491,0.480539362892304,0.215888807645502,0.385250179442287,0.55513339102319,0.218141874022227,0.324512978423965,0.489259071140599,0.203494224027405,0.315378382758062,0.432930344821704,0.199383859858786,0.398033500628656,0.432077579309413,0.0912710096315716,0.237684407096172,0.35991075217966,0.21029120850224,0.355857607729265,0.484947903664481,0.220055615040791,0.442555408128164,0.454742247776304,0.230495215509019,0.393813217342629,0.448261401202578,0.246848612526118,0.424031150564854,0.442414896593134,0.222594863892871,0.354300825593395,0.402368851049192,0.0902628359761744,0.266649796595138,0.415768214857231,0.0435350896922041,0.312002747417288,0.307199991844401,0.236096836882461,0.262262144255787,0.421407016979158,0.209807577409839,0.325598058243191,0.507650008086689,0.206907796240943,0.239815170314089,0.464148466294484,0.136218510210724,0.333943151887621,0.42558994244464
"121","LIGHTNING_BOLT",4,4,24,425,1.87,1.8,0.84,4.52,0.427731353538824,0.43001466579898,0.666686118892001,0.19960528775278,0.372789367144095,0.495463543637428,0.229827258721388,0.34247607802245,0.503181077783912,0.341300710524164,0.467859895211052,0.608096575480627,0.0921721666514913,0.391025787360326,0.397068108137576,0.127329618818911,0.220723216822961,0.399789862550665,0.145115595741257,0.313616136410896,0.390671168030531,0.132368024986463,0.326554441086437,0.445842446186715,0.196377261184898,0.281116230936819,0.507131917211329,0.144141146940608,0.314927741007908,0.522734191021541,0.17357133941556,0.304862873955716,0.487556643687048,0.212583136258595,0.392633499719625,0.55087191932563,0.192847780005174,0.305882882024909,0.485581410113965,0.213257322480904,0.294406840930905,0.441227578125974,0.175841766329347,0.370809536484277,0.412200210400902,0.130182043330162,0.273349097214643,0.392012805122049,0.234201883366934,0.407532648587079,0.509894517412213,0.236032351346079,0.466213661186452,0.456868023763593,0.232122671299155,0.426744391450274,0.457034115857645,0.229687284552223,0.413735270236154,0.436263478828488,0.200763467857068,0.315347437220502,0.368924148606811,0.0822335208857938,0.256913809771696,0.385479289060757,0.0848003329960026,0.28074539622829,0.32853121491659,0.235302720545766,0.284260222668527,0.439220929013317,0.211807467672987,0.341219163550913,0.513596578854735,0.183623393419724,0.214118874466845,0.427774525146522,0.124056224603086,0.360244976099893,0.396464491269144
"122","VERNAL",4,4,23,426,1.62,1.4,0.65,3.68,0.410884630049147,0.427385668071943,0.659350625772194,0.167813543799182,0.341108280308069,0.46776465568092,0.201200011917675,0.305641232877866,0.493792421219239,0.318934079758638,0.457986194477791,0.605029511804722,0.0958012611143921,0.394553951444619,0.388572548100347,0.129247802865494,0.267518674136321,0.383513071895425,0.0457499696909752,0.391000700667745,0.315089561256571,0.0505442719908563,0.384629246184342,0.344829924340119,0.136454813529181,0.252283660130719,0.445561437908497,0.11373075537345,0.251378498301976,0.520650950645745,0.120362076898767,0.281111176536013,0.463470878285693,0.181407369733059,0.363972460919594,0.550579917221764,0.198078123985496,0.304469829833626,0.493662079389908,0.211798916436871,0.281137163490105,0.444661755356943,0.186137227398646,0.40383220590833,0.452067811756393,0.0561907355790312,0.294455290533722,0.285445019758745,0.190286330691473,0.365442523314137,0.476116780681096,0.19422709710991,0.417103369982354,0.434556694924666,0.202712580891373,0.38718642248054,0.442366430601725,0.210872607103516,0.41126069265428,0.431717352292964,0.157229771747476,0.276612754732817,0.360726076846987,0.0650275837619289,0.247313320608479,0.400927853934101,0.0152374739852085,0.306045592344951,0.275541996872838,0.179154986195005,0.204875117078805,0.31354348509748,0.16356349192521,0.278127764934212,0.44246154065702,0.154101226674559,0.177121762285161,0.389582425562818,0.0692141990526175,0.401098579500687,0.32238221878257
"123","HI-GEST_360",4,4,22,427,1.6,1.54,0.8,3.94,0.427690899604003,0.427596834721938,0.668639406253325,0.186711048403095,0.34905608178102,0.484136194180298,0.220950868456391,0.322255617575497,0.497203905893258,0.332174212136188,0.456637154861945,0.606928271308523,0.0911703121000939,0.395896530972368,0.376474328243522,0.133628548387284,0.290207420369623,0.415640034300015,0.154301698928605,0.29363423972209,0.389103519136912,0.142127276185872,0.289947001883404,0.421853328077322,0.198834584691125,0.282629966460268,0.491748366013072,0.148389107041705,0.304515658441546,0.521321969806033,0.159988907247308,0.302759916672036,0.475101045894809,0.206360013599099,0.365687057124138,0.54631310387081,0.221884718690036,0.321101975598658,0.488862787424738,0.217335350014513,0.304028354295734,0.436521529569658,0.201524700083778,0.389643712688695,0.445899844100536,0.120551364680615,0.269910607721349,0.369960784313725,0.224823459603895,0.408974265942779,0.498451734624544,0.214961597187495,0.435220696207999,0.439338535218297,0.228423824820561,0.394648735825206,0.453464006405183,0.225903547872806,0.409347075269996,0.435137419366628,0.18601448098364,0.304226884027251,0.344692950340215,0.0907163423415019,0.242094147393471,0.398807168885253,0.0614595789342619,0.294077251359373,0.309828515795738,0.225293538835906,0.270013814007135,0.399301118532228,0.205904189916529,0.343640056701963,0.500843156282406,0.187188068163934,0.224339909287471,0.434205248883851,0.124954903518027,0.347357146289889,0.384632232795079
"124","SW4412Y",4,4,21,428,1.58,1.5,0.71,3.79,0.439952026553455,0.439719322072263,0.665391190146092,0.189867741336405,0.349748867330162,0.465203796901735,0.213153877565333,0.309723351770936,0.488713072176058,0.328511077410748,0.456137970883421,0.601413874967027,0.100313524287283,0.395714403905022,0.363203645714687,0.141469962714865,0.276453388372893,0.408573271413829,0.157194846090577,0.299046440644035,0.405446274702759,0.147318894310564,0.303695759559242,0.442013406715209,0.189517325381411,0.290307734204793,0.492960893246187,0.157557864698996,0.31688396944681,0.526474907143474,0.176183499070458,0.312576533753004,0.478144882850765,0.218460880163185,0.389006554332938,0.552848790711784,0.217643608467561,0.314891590743151,0.486512597483678,0.206503843460717,0.303154540052936,0.454577033186659,0.196473199294034,0.373767365981899,0.43732711950705,0.123605741912046,0.256553891121666,0.381895506028498,0.237412574402429,0.411823831609928,0.50237466440675,0.226734122450005,0.460400511081626,0.463667993513195,0.229593114248381,0.387855680992936,0.446689584924879,0.218276056318407,0.385272193358934,0.420819215420526,0.18847791250584,0.316477610917702,0.367067901631061,0.0896387790196726,0.257285460890354,0.383268263057435,0.0712646436643112,0.27131306412212,0.295307727302268,0.228542788099028,0.267604930205334,0.40492190211732,0.218621606434935,0.356242924146854,0.509529330897813,0.195499420182288,0.231110588578206,0.448033918917181,0.138934977225617,0.335363866939811,0.406338284069847
"125","FSG_415BR",4,4,20,429,1.67,1.51,0.74,3.91,0.438978844372122,0.443940926538966,0.668610238708278,0.205772375911704,0.391570384982001,0.501370088476179,0.208939672193129,0.319987289319621,0.501376110054727,0.327910109091846,0.447094999434752,0.614144276544699,0.0882416899175985,0.402245909803581,0.374567783034324,0.121744313853019,0.30762851288494,0.410914185150287,0.138646388434717,0.297595449558379,0.403746268748199,0.125069496117818,0.294893200765042,0.448180787331065,0.180585947850755,0.291671568627451,0.500256862745098,0.154451740108346,0.295894995166208,0.526537269775167,0.153771366275066,0.286399847757041,0.472803632831982,0.202594717289569,0.372577640932071,0.552306588047467,0.220347034066738,0.310271602597526,0.474705197684768,0.211791721003781,0.283058704125408,0.464912707144624,0.215296670220572,0.418382954991952,0.466183505076239,0.100443160685316,0.269951528437462,0.339270247229326,0.22016437870827,0.385226674203204,0.497560902500332,0.215870963116196,0.443164128108414,0.443835958269749,0.226729386978573,0.406105570811453,0.455369961252314,0.218491040473897,0.379045695531431,0.419507313422991,0.176572862903398,0.299017887856897,0.354591073271414,0.081890807171072,0.284729183708882,0.401176966361766,0.0559964415661268,0.258725789659466,0.299808470863487,0.235999076434409,0.260044415407737,0.415436370626682,0.218111517742284,0.364795668388656,0.51626554309254,0.201088093543412,0.213371459694989,0.460447470346163,0.136163348670457,0.34280852068385,0.41024533684762
"126","REBOUND_6XT",4,4,19,430,1.82,1.86,0.85,4.53,0.457938713102714,0.471902380480812,0.68773354459629,0.212495968263416,0.395360945179506,0.49800770418892,0.228921707952708,0.341059446535162,0.499355441618468,0.343811925272542,0.494430669128638,0.622778259285777,0.0876120227883913,0.393185381540609,0.383585721351589,0.136210879407849,0.307620521892968,0.420581601061477,0.212876224870073,0.323999618913929,0.455697538256338,0.198520392477078,0.326731975953204,0.492201111413874,0.214558056579571,0.325102554179567,0.519561403508772,0.181823609328008,0.357906844153591,0.538808656205845,0.20138255339212,0.330611467082055,0.49243018419489,0.232984528258791,0.405891967917284,0.554865513316742,0.203025364410352,0.306138429467848,0.45738230532364,0.241782426950559,0.356554853346297,0.48495236195771,0.191724053752899,0.353859222544344,0.415668090235564,0.170234283048865,0.325011326269638,0.425505784922665,0.259452093678667,0.449478524167321,0.524630415135663,0.246135839880963,0.465219462234233,0.461581707572897,0.247734349562737,0.412909471733001,0.451855828326417,0.218705193958477,0.379038872247658,0.413239899834194,0.199326878628352,0.31514920880633,0.356109391124871,0.105049690416631,0.2649304953053,0.377195519309002,0.120097629891397,0.275136638134815,0.375558053207635,0.272314122241699,0.316809699335651,0.471119230634802,0.256084128364939,0.398662961060213,0.548848479226722,0.21300569230439,0.250860597134002,0.456792782840836,0.162609980704687,0.286095380938445,0.429378475270705
"127","NY1517",4,4,18,431,1.85,1.76,0.78,4.39,0.430877460284398,0.417982344452933,0.649436357034396,0.206923466143472,0.357577027824144,0.474133125834076,0.248334376093103,0.374810788062183,0.494455434241823,0.324787776129604,0.457044378289432,0.58990641996709,0.0977943204982772,0.376872075600048,0.381648442311758,0.134327304654768,0.326633114471316,0.382675251641465,0.0623258676161321,0.377118393208812,0.365097182977995,0.0555726067365813,0.361336778940914,0.387662875524993,0.145159821700606,0.269494008714597,0.459861111111111,0.144639416591497,0.291118712971914,0.507818348578369,0.176774208922731,0.289489548608377,0.464529578007017,0.198791693515616,0.376528042065396,0.534692001507588,0.227940022875031,0.310639585275311,0.499164336293316,0.23874468814533,0.337116537651297,0.488740136868479,0.217346020191852,0.406936638908957,0.445210844518803,0.0504156645467557,0.294889646679928,0.305430046414701,0.200473344338831,0.343027088597018,0.466426103916951,0.204421818600687,0.408695401802424,0.415752497768564,0.232426088682674,0.411237975943858,0.455923302982127,0.201067862488905,0.349121047328571,0.397462193321825,0.209073293635817,0.321539387684898,0.365946422428621,0.109216605512781,0.262281549788057,0.395740313824645,0.0155970422885569,0.259015823135649,0.286560210618335,0.219965044847692,0.247188846662069,0.367623967097189,0.197959328385209,0.334525644318863,0.485821893046399,0.217501488062776,0.242564101622036,0.451731247447294,0.158716273137021,0.286626182811433,0.437077236367184
"128","NY2003",4,4,17,432,1.54,1.41,0.57,3.51,0.433846159676601,0.429831814880834,0.647627653755105,0.192090649470787,0.351548136706966,0.453533402393964,0.231704713827325,0.360166329305445,0.483486934919953,0.324463198881034,0.48442200198465,0.600170830664104,0.121841172498997,0.344539644653885,0.334090288331968,0.154238120876309,0.272010589132678,0.438438576549359,0.0793190698625421,0.360321537928821,0.332141525516423,0.0715766003562258,0.335093123871539,0.361081667713002,0.151308567951469,0.259643246187364,0.452804357298475,0.156576969238698,0.304286084477844,0.509743210059354,0.191390524814036,0.33168953890428,0.455933251723471,0.2357576218774,0.412311194291835,0.539946200854615,0.207296148351231,0.319641023210251,0.479481548192739,0.270107301908648,0.378164200624094,0.540635478603393,0.212209600375621,0.435160875160875,0.432846796376208,0.0360040657089709,0.300165642014382,0.307470867134733,0.183216516992189,0.328551543977465,0.414803624713315,0.189558132398779,0.370249879687558,0.375519441256679,0.191059247744582,0.319176357411652,0.368098822020391,0.162906158542838,0.258080240483892,0.319540229885057,0.17411708629464,0.278251095153065,0.294965079283515,0.0815291548616481,0.239920855264426,0.340972101721711,0.0344331550481095,0.219145395208841,0.26863293052322,0.208515701004459,0.218776186261098,0.334633325286339,0.170851456931483,0.314722888184871,0.448106406560683,0.195256869598807,0.199274373251377,0.418297061181051,0.155082346559122,0.319820975835023,0.409013511384012
"129","WL_358LH",4,4,16,433,1.59,1.69,0.68,3.97,0.425158087100458,0.424810311329919,0.653311358213319,0.191850734708863,0.337460925950049,0.470375098473429,0.215785777033351,0.337104707061012,0.493771373727679,0.318804716235523,0.46484393757503,0.600229591836735,0.101705375622471,0.349931716516443,0.341709138426771,0.144045701412286,0.296941373040444,0.420457270627549,0.162399020284126,0.307126955585728,0.393563049674018,0.14413743838247,0.301734538101698,0.444284805998002,0.19330601273559,0.28047213622291,0.500301105091159,0.157323663011287,0.302617751946594,0.519623391206703,0.189453169475419,0.351723916429799,0.4750832115538,0.222968187041227,0.384142444753018,0.525145845771311,0.204286298394762,0.307676475879073,0.489834714241876,0.296233011301308,0.399765237733152,0.560937636338706,0.187594631293236,0.400166486610614,0.435686065749164,0.121694917592842,0.308149926637322,0.372833254513927,0.231769620620305,0.416453157094868,0.484154742978272,0.221743151273836,0.436718839582617,0.421315885028475,0.212671287228452,0.361825385354797,0.411858305975953,0.16753145845177,0.274004438007414,0.349859817430473,0.183805008314996,0.291996283116872,0.332465775128571,0.0847439602415285,0.24024392057708,0.363390595176124,0.0647160225095474,0.212035752105482,0.317343390205891,0.237918803838378,0.283644349668732,0.408637107373729,0.196047056256345,0.348062167613285,0.511708693666695,0.190349834531546,0.200542005420054,0.432356201904265,0.152618435291592,0.331470954053263,0.401564969271291
"130","SEEDWAY_9558",4,4,15,434,1.52,1.64,0.85,4.01,0.414180312402762,0.409777380862716,0.661144765204417,0.164459450496602,0.323771215334864,0.473218957734577,0.187258737552398,0.280899050617814,0.492934412207705,0.303080314888141,0.377312623809745,0.617165008973782,0.112110415325891,0.359754545624905,0.349957608807374,0.141069160115006,0.291077633697771,0.414863049211548,0.126617233786653,0.31890970792647,0.373934918699628,0.129885114712984,0.318214902739453,0.4240369088812,0.172466478970434,0.239966339869281,0.500434640522876,0.15350682386713,0.270538589083618,0.534014402221065,0.161338922061711,0.30201240692618,0.478156197775853,0.20391542400864,0.383856852633224,0.549316988867746,0.20956031192965,0.312175803942732,0.486307312995355,0.279819592287845,0.360315653011966,0.535821627476567,0.217920002428596,0.421167890579655,0.447674565321624,0.0870388415549947,0.245700704524234,0.331481441061273,0.218053841654152,0.359619761328329,0.508057092972885,0.21501120494891,0.437485655054973,0.454114685521786,0.223491510666086,0.380546780546781,0.452007699066523,0.175510670292814,0.269549731503784,0.376711222709708,0.188171421672896,0.323051255589955,0.375958462332301,0.103051822806972,0.264577477008503,0.404569544632012,0.0219403726494975,0.217193531081114,0.272552715113471,0.224211000748927,0.24517560285778,0.398265221267855,0.203688889923999,0.328304720723806,0.524036256909363,0.198988483674148,0.198560741354445,0.45886685691491,0.158565575075792,0.323098928296809,0.43316753171857
"131","AMERISTAND_427_TQ",4,4,14,435,1.76,1.81,0.88,4.45,0.422114272699152,0.418172268907563,0.661594587329882,0.177240348196207,0.33821819437466,0.490680578041614,0.204232663119502,0.291134459795082,0.501237508313759,0.317194332822907,0.406663400786324,0.610287523080981,0.0917952371037795,0.371359113311402,0.377546126330865,0.142942682526098,0.286435451373532,0.416536930561698,0.164316243945467,0.292948637970472,0.419673406480496,0.165832718293972,0.309494035172592,0.467762537649011,0.201928673302251,0.299872004357298,0.516908169934641,0.173081557358193,0.314287201606306,0.530595176123547,0.203689231886128,0.344683935272171,0.50054418054418,0.219259669961868,0.395763596806039,0.537872943680836,0.208885825956832,0.323704792150543,0.486732710811964,0.243403757820221,0.327304305913932,0.509036892994112,0.194626868090736,0.370639381650984,0.412199971817314,0.140783898445483,0.285731747244352,0.392582730061722,0.249255639769347,0.440115927496938,0.512899572748242,0.242061700025533,0.450500993348881,0.452068757018226,0.242067099601381,0.407440289793231,0.458527129115364,0.190288287975155,0.294807708491122,0.38234543556432,0.199236727102692,0.305056759545924,0.357200722394221,0.108926236481161,0.273382883143425,0.386953168681435,0.065387986285256,0.237109885222692,0.328257874931346,0.253069130495484,0.312708264438368,0.449020145559938,0.237246989242868,0.354443279009809,0.547902336577523,0.198258690792026,0.225802816901408,0.449565436190126,0.172808920895939,0.297148718922204,0.441481232701601
"132","SW315_LH",4,4,13,436,1.71,1.63,0.82,4.16,0.429785922125113,0.442614284771148,0.65727159550689,0.200094208653545,0.35103144027789,0.483909196373488,0.222059542367907,0.340183407910827,0.485999499982142,0.343336649158982,0.472130735702353,0.612103352551783,0.114074835328986,0.384650771278678,0.357707259554045,0.145086904977886,0.295527412592293,0.414438038118883,0.0664427251420842,0.349464979692373,0.33377713399287,0.0696488332463556,0.337102866959641,0.353057879394001,0.130496763548674,0.25015286377709,0.452291236670107,0.145753713745836,0.255705524500549,0.512242747319192,0.184028951128957,0.322810171165947,0.476911281489595,0.238850300174576,0.441797419161529,0.558922586026086,0.213645162737612,0.328866808461107,0.503413119160238,0.169051549272784,0.379292306030274,0.441918568656537,0.230244498228649,0.475130592777652,0.473030004794711,0.0669745215700222,0.266719712039405,0.299642417353415,0.221999031262238,0.410235571182606,0.488477835902781,0.222019995748816,0.450009995187502,0.437532546058071,0.23579327972755,0.405660052718876,0.448228365875425,0.198602265671764,0.312296694573897,0.388961291511153,0.206329167265822,0.355644134846921,0.35359348125215,0.108973059479357,0.290229295257926,0.412746337473042,0.00385089587252151,0.218345306996447,0.285423164253831,0.20836105116799,0.213089000959634,0.338533325166235,0.188523035106986,0.351785850196459,0.472222697909829,0.188590623753438,0.181785453772541,0.426531696689516,0.142574164881938,0.354719661496439,0.407442078821578
"133","ALFABAR",4,4,12,437,1.87,1.78,0.99,4.64,0.421032030857633,0.408401592960417,0.664594002584199,0.187269135489764,0.335591168516088,0.495704487001021,0.210858438972736,0.303448568541313,0.504450873245473,0.335244756547331,0.424339852532941,0.611197950032031,0.0890629817804741,0.396164791562541,0.356745104839231,0.124690071355827,0.325581232492997,0.371126836699592,0.0770311038696537,0.339072327621005,0.356724890829694,0.0858411657365565,0.330717173292067,0.378816107681151,0.126657345144123,0.258366448801743,0.472133333333333,0.149671405706507,0.256548575377287,0.516859289971495,0.173446894334752,0.295813896685356,0.491681877956388,0.225784197226855,0.421398104483237,0.558260481876764,0.214513855878845,0.325005555379194,0.51000338613589,-0.175870254304844,0.401201670918447,0.543531397997629,0.223352214027349,0.436830595959438,0.460101666431811,0.105042805271088,0.246511752527098,0.369099987821215,0.23147586178936,0.40286606489815,0.498818799353559,0.235071233316701,0.473183981194817,0.452948343079922,0.252892075663196,0.441499495421064,0.482361429420253,0.217267696202196,0.370728943954096,0.430732507355225,0.224773061011874,0.392061371392846,0.416603077133889,0.123360601178558,0.314298590626024,0.414967609462664,0.0343450657664239,0.235387907031273,0.313700386244054,0.233467971163172,0.287104423164615,0.420628470266356,0.222657570750437,0.348284194803589,0.52488761880298,0.199783762956066,0.219146871140324,0.457441715638818,0.171443452138307,0.322641327675349,0.44607928494781
"134","REGEN",4,4,11,438,1.66,1.82,0.99,4.47,0.416405521269324,0.398826500297089,0.65473030963227,0.167847788752584,0.291628385634173,0.461697341208289,0.199769635688143,0.279526734798352,0.492376853595111,0.32421473721831,0.397729961939933,0.609796133700117,0.0894129976596496,0.404053488917676,0.360435926292371,0.120999744075715,0.335818588813608,0.394451424098752,0.0766189682626793,0.337615727759829,0.359729091218257,0.0967891844792008,0.32847843331922,0.379244983672297,0.105520702864747,0.259882026143791,0.473376252723312,0.14805856233203,0.245368235789891,0.519947943779282,0.171436621421184,0.282907888237442,0.491810235594786,0.223099189867334,0.400219132013622,0.55506183771262,0.206685276477077,0.299436992094716,0.485636188399614,-0.172009100572219,0.416400076966526,0.531203512321886,0.223317716881872,0.425820778761955,0.460842859666389,0.0926534255643537,0.226879064669346,0.347351601510169,0.226353975304969,0.356965516060104,0.494015304309101,0.236862041449804,0.448776021421785,0.465831513222029,0.244524415589471,0.420297914415561,0.478764937588467,0.202171229706331,0.352598803243909,0.412558852318881,0.218936191774727,0.369848712579594,0.413647555549846,0.107122170471261,0.291109789048363,0.407067747452964,0.0220665295026882,0.224424106420368,0.305303687732323,0.231862694166961,0.28251519722108,0.404055728969224,0.225819458956194,0.341185508652758,0.523781526196116,0.201429684557547,0.22423198011599,0.465034827702599,0.164599028915817,0.287828072551514,0.456623206579308
"135","ONEIDA_ULTRA",4,4,10,439,1.37,1.42,0.8,3.58,0.383790518863579,0.375985343632402,0.617345136707882,0.156393142698564,0.302795324696226,0.469061821034844,0.173440491461115,0.287414550519661,0.488846702508283,0.294042918180909,0.387578031212485,0.588474889955982,0.0738435708466194,0.39896107104769,0.368530097432881,0.106460691911743,0.303225219912526,0.417284141726866,0.0698556205232204,0.336798754512746,0.354694052675775,0.0827198865682391,0.338830465427024,0.387483406749209,0.0894409951699601,0.257727683178535,0.453180792053664,0.136556485914969,0.253939168587789,0.506028110359188,0.149421181779513,0.276809643868467,0.466808412690766,0.199109572550221,0.367693233069257,0.527461042576456,0.209024869199819,0.306606139487635,0.471089277589071,-0.179252054512323,0.464716434215345,0.570715892139276,0.218628543680782,0.412890969536604,0.443689426795472,0.0858094692326378,0.237241748873462,0.332820850079162,0.20880781392313,0.353762696061939,0.479420010686791,0.218665953942871,0.429400727496089,0.435450558098913,0.228538439675998,0.397572821102233,0.461421849657144,0.172964736493233,0.321742685890759,0.376213840615463,0.197422631264647,0.300476172124233,0.3720308826741,0.105224764427049,0.264188694160063,0.392375209670889,0.0211689850499722,0.224330317036154,0.301393333052985,0.213551718750492,0.260987943867663,0.378161844009078,0.197082944210397,0.325409923794845,0.502220152981134,0.162020113703726,0.185014887436456,0.425276688453159,0.129959948091963,0.280582991903229,0.399367500731636
"136","SW4107",4,4,9,440,1.58,1.68,0.82,4.08,0.415204507656794,0.413174815380698,0.660103957407879,0.183973190305538,0.327477992549285,0.472938955839266,0.194758058791927,0.279394470683651,0.493500940522194,0.333512021561076,0.420996898759504,0.613681972789116,0.0637332524346424,0.414559514906197,0.369925251805956,0.0976777125184841,0.265313361551079,0.395161479287876,0.121719589560246,0.307443479267591,0.394733052825042,0.140959335791235,0.300891580161476,0.437789407920031,0.132356646446434,0.292731808278867,0.502049128540305,0.167914703603804,0.307011192142055,0.518391885388517,0.1928894453853,0.323025872553394,0.484871512192561,0.236999393911138,0.407291282347127,0.542514517495902,0.22708327911274,0.328703850671407,0.487116811106526,-0.162516978122018,0.431543273579737,0.504092717875541,0.227736182454791,0.423087793676029,0.442243924596866,0.150135707988468,0.279168152109329,0.417005590114834,0.23872313190566,0.397904421385017,0.497226491807893,0.236680933300046,0.438825544902249,0.448531091340109,0.234680488426977,0.378686708098473,0.441450617921206,0.171480544042569,0.314864068815091,0.350654011749695,0.208424419966777,0.296952184382525,0.366455108359133,0.120156885325187,0.274097816117597,0.384342480354974,0.0671488879587503,0.252093631369491,0.329637827705333,0.2319262470393,0.286250771170301,0.424872186904858,0.235782486961243,0.361113181357173,0.536844872643688,0.171869798089083,0.210183390679278,0.44313468306032,0.155929943934906,0.356605575065847,0.441988708418691
"137","NY1614",4,4,8,441,2,1.84,0.91,4.76,0.406776075751624,0.400232410505816,0.646454006271736,0.188672539529836,0.324604097893383,0.494007278367737,0.195727669848015,0.304518475488091,0.500157940376666,0.323672503774504,0.391581565361571,0.614668827172124,0.0795319683233738,0.408325157641163,0.382257251032901,0.105673470266284,0.218570568578309,0.398468966533982,0.0708460829791217,0.367369746348629,0.368605743545958,0.0883701864631144,0.343069109037754,0.405566006530929,0.119709055151576,0.252488067595459,0.475477833677331,0.132673833949751,0.259901336942021,0.508582150432371,0.158190809056552,0.298244340597282,0.472957021192315,0.200923316756376,0.371815449105099,0.535799711351958,0.215847920599105,0.312561554302086,0.476825737905512,-0.124594544768593,0.435002803485011,0.48469214424189,0.240703439285653,0.440927001623114,0.463418351104083,0.0905666087898434,0.258100142413868,0.348649426100407,0.189350184387682,0.326180434201825,0.462656190463677,0.204948806964163,0.400725834193326,0.421822693989877,0.22997254585304,0.368876133582016,0.449661732014673,0.176419005432135,0.323373158566292,0.367714950497076,0.201185924312352,0.320971792225662,0.35359993120055,0.13459274969451,0.280506873349143,0.394273333718935,0.0218145336102253,0.234586746897368,0.320098198504722,0.222576070419117,0.251594780182935,0.404098334272149,0.212842992671096,0.317473908534787,0.518385801676323,0.183458958446082,0.212459960405886,0.441593415105651,0.166188891187395,0.355786555786556,0.452786030640702
"138","SEEDWAY_9558_SBR",4,4,7,442,2.14,1.96,0.97,5.07,0.420333281578173,0.408006889624537,0.653876769563044,0.185125735913134,0.268038846865696,0.472981210267965,0.197517308434364,0.290420304374791,0.489955836349138,0.346015711804197,0.432675945609053,0.628404218453406,0.0819991941228938,0.425785316008879,0.360147963150043,0.118544041575303,0.235098313416391,0.40090673187658,0.0975641505667944,0.324982202487982,0.376564285102687,0.121371172510293,0.313561969836334,0.409766740153495,0.150077316337188,0.262771677559913,0.496782135076253,0.148987934643404,0.279723358369897,0.516385315188022,0.177238318688497,0.294437643622619,0.48260764985074,0.214757647441469,0.395162548997247,0.535471435694816,0.224020006136116,0.334961853062866,0.484641228320794,-0.10230094690886,0.426367242053517,0.48930599780273,0.231408934804494,0.421603956898075,0.443366896308073,0.114526035327103,0.23922635720955,0.353273915626857,0.209062528166764,0.36404884259412,0.473982500929047,0.220017911858144,0.412848751835536,0.444461720077164,0.242206886583207,0.389216157843609,0.453519791755086,0.198423687293642,0.370665793286344,0.395028555442592,0.213601985544432,0.34468739250086,0.392389060887513,0.141585758136715,0.296160729778637,0.408599687662676,0.0389231817717529,0.240745243310816,0.31499062743314,0.244889663842941,0.288996536582138,0.425826850936596,0.247202363876092,0.359634457858835,0.526931410604028,0.203601627449097,0.243245340111353,0.451357661583152,0.191226397676626,0.392939469320066,0.461823358696713
"139","GUARDSMAN_II",4,4,6,443,1.79,1.98,0.99,4.76,0.395435250386513,0.373583642211093,0.624411599656698,0.176715378156067,0.275275258852696,0.46982816622254,0.182645530413829,0.287769723604341,0.495382348731678,0.336496859187477,0.429914961500295,0.626454133222796,0.0838361346934323,0.42610922410696,0.359833898301243,0.121962471009821,0.258963585434174,0.411972209936606,0.0966612571297113,0.317527185546708,0.375311652430208,0.105785259512001,0.302077161712613,0.410789680880155,0.16096872994057,0.247528758169935,0.499319607843137,0.150366126345552,0.276378870132124,0.516207828264049,0.177592883778028,0.290287019045189,0.476223282105635,0.21882526743673,0.402447123221509,0.529473479436249,0.229679959061802,0.322214638688719,0.472772822026814,-0.0557447919450395,0.407786628107484,0.48219629449576,0.246201354856245,0.460780138512685,0.452650477279014,0.11347932123046,0.232721452217251,0.346974668655341,0.214985597464889,0.383065613819824,0.482646717989652,0.237963449540335,0.439528622021496,0.433973765717741,0.251963227831777,0.405731170437053,0.454650984062749,0.197484973874312,0.367607860853851,0.374183818546619,0.219912169535602,0.353229363376711,0.364335050464825,0.138956721502412,0.288285367244243,0.384300339604868,0.0418728406839928,0.25728326815226,0.335059389324067,0.24709223812443,0.300324780947618,0.43545059323606,0.257813323222592,0.370286649351638,0.538922543787044,0.227736485878447,0.256859431096382,0.464631746908466,0.21909752829285,0.424608330894547,0.474128377719247
"140","FSG_421LH",4,4,5,444,1.6,1.9,0.86,4.37,0.422533752200668,0.411101797621405,0.643204571390846,0.197284793813865,0.266135816501703,0.468414960033261,0.199776926891855,0.309870286314039,0.499799116726983,0.381083370854846,0.531650148848777,0.65348205649973,0.110119109378453,0.40557272559333,0.325442029305798,0.146080399873593,0.310021287945638,0.455915007752402,0.106024504812272,0.307882524188715,0.342514403141169,0.115845133080814,0.286019301242463,0.369749414782046,0.17433519761347,0.282641146370829,0.489667075163399,0.174151349003904,0.329664976122608,0.531951776305236,0.210782773660375,0.361168309602045,0.481966368146382,0.277653081352926,0.440100934888723,0.545959387036577,0.235849189669521,0.353583711217498,0.48176359987992,-0.0489096692599548,0.39408191333325,0.476621833306325,0.258285080280986,0.46663184192596,0.449220985691574,0.149475503646638,0.263596638655462,0.367450493240775,0.247195363755464,0.457019968467369,0.487067003542473,0.25930404871576,0.454782470991333,0.436287946407148,0.261355519791897,0.435388635388635,0.442359089417913,0.189883573527097,0.353868117610511,0.354093342835736,0.247442957251171,0.382372210731858,0.377570237529386,0.159842171386528,0.26058042686101,0.374152640407195,0.0503383799375191,0.213447052961693,0.279579018193357,0.242473775078112,0.284811101809693,0.418162538878793,0.269282690490028,0.411871616671899,0.53118572271218,0.224226919365116,0.237880165651095,0.455300106364022,0.215888126530689,0.448548379540478,0.457293208654051
"141","NY0651",4,4,4,445,1.59,1.67,0.87,4.12,0.415217535753828,0.407942166765696,0.638320883909119,0.201883964959596,0.308967539010195,0.512011129671612,0.172607066718458,0.28514072352857,0.508337500736662,0.360149167512523,0.413976590636254,0.650985894357743,0.104168553667413,0.417709392293996,0.357297492721151,0.130433021454465,0.259297385620915,0.441804756990516,0.119594430255467,0.30586016311931,0.387986743993372,0.125163133465159,0.308651513319044,0.431051199741211,0.173503333329526,0.258546405228758,0.511780936819172,0.174606299212598,0.268751095151717,0.545418872394773,0.181221994814526,0.293609545374251,0.487736078324314,0.238031600269605,0.399797414689447,0.547096165413366,0.251630400388581,0.330172587113637,0.510289091351597,-0.0685606765757048,0.422135796467347,0.501428157169784,0.27605200403667,0.476938733971097,0.480837338928118,0.127656560443348,0.242205334307636,0.37287346242845,0.21320296634702,0.369600178691088,0.472249887223149,0.236175379829542,0.411498353727456,0.41734139269743,0.245814102949578,0.361561102737573,0.447887918476154,0.196851790804553,0.343856656454485,0.381312390401004,0.21694269810366,0.346187839625914,0.378038701831464,0.145352604772219,0.256820604347934,0.366476785404427,0.0623209762074275,0.236102923654677,0.316274242198342,0.251510023493163,0.286288994393927,0.453389662294466,0.267445520762863,0.364518937123612,0.542448340325941,0.21773212541781,0.220776391364627,0.456806708887053,0.198013624445383,0.367265266803239,0.463366378889864
"142","SW5210",4,4,3,446,1.96,2.03,1.09,5.08,0.446541745401891,0.443843075950919,0.655929745635628,0.232748954777979,0.287225321162948,0.513868091185088,0.196170140639534,0.292029926325761,0.510277760739332,0.397536603612269,0.479781912765106,0.660195078031212,0.0637763540241297,0.438780762481173,0.387799909721934,0.098714548826538,0.344409172262854,0.410241147056331,0.149941897987638,0.300229973827605,0.418682676571723,0.169283995445217,0.314704665683598,0.45481679393028,0.198080361528252,0.307075163398693,0.511873420479303,0.217351254555834,0.349304677623262,0.553760194343224,0.217129739719884,0.358598008592103,0.495227314486705,0.269833625352129,0.440347570206096,0.562306163199685,0.259248494913847,0.318348623853211,0.496918616340222,-0.0910145398176878,0.430633775018802,0.51964731643876,0.285824587124017,0.468707194589548,0.446475887652358,0.174370821160036,0.249556218622715,0.414360140191342,0.258993437798185,0.431847008294473,0.49027743877634,0.27711637175927,0.431823155106389,0.436976572322517,0.281513358176541,0.398608399588792,0.468210112327759,0.225854721833028,0.378109540997701,0.408283921386673,0.257860048210535,0.39859993120055,0.391811145510836,0.183732885741421,0.278000462721962,0.381743208591204,0.0815242960276711,0.238094546325712,0.315011398723394,0.284264988235748,0.302479681026394,0.473193069905873,0.300757165672341,0.418783595437205,0.542929736183653,0.230860720652213,0.221967657798644,0.457235263432447,0.214342041627503,0.429066798361135,0.455111696419861
"143","SW3407",4,4,2,447,2.11,2.04,1.21,5.35,0.453100281087724,0.446388723839704,0.668037046468419,0.23280012541301,0.292568600627666,0.527084674499075,0.215439384666741,0.321964657052173,0.532688017242105,0.420269540853501,0.516884852595747,0.663716823052091,0.0542750518998792,0.447053712735927,0.358567819377744,0.0935126307229679,0.426141948007273,0.424098112929382,0.183564445088346,0.298500739861724,0.430586498699363,0.186083390896968,0.30910526860302,0.468016275350091,0.212555143608035,0.31875720244238,0.523107047643619,0.229082553571477,0.365720730770184,0.553356634689274,0.23218995810612,0.377606911724559,0.503530696471873,0.273305702620244,0.422304036476288,0.553111239807691,0.266177240627391,0.369785593528306,0.490375145491987,-0.097183889226739,0.393963908937171,0.443198750150622,0.295489084801617,0.470157666473563,0.454744346500911,0.191954942782843,0.264800876872488,0.419780294726586,0.273336420845244,0.451077584785176,0.493947450012864,0.29288482278928,0.439470378459754,0.441939313170202,0.292497809005176,0.405085605085605,0.489346795229148,0.245411572410538,0.400742373274562,0.435149918916645,0.267953480412578,0.432723598211214,0.397853887168903,0.19382076376895,0.269466795567785,0.367919982152153,0.0777352371943937,0.243094820302853,0.316841693459082,0.289819972437552,0.339855501049531,0.497948895315006,0.303433761035065,0.417905713959528,0.545593348935887,0.237857442814033,0.239015741507871,0.458640400135015,0.202137673556263,0.416971276672769,0.445122680592391
"144","55V50",4,4,1,448,1.99,2.14,1.33,5.47,0.435864972723814,0.403501938547506,0.641433628509022,0.214086788774733,0.283300686738522,0.515857959140384,0.192201545311558,0.295161337040899,0.518545410865076,0.421661249937818,0.505855723455301,0.66888997751567,0.0304756154982961,0.460091392201063,0.376975149345329,0.0829918099682632,0.463060622242208,0.421667993841907,0.15359099288095,0.299782882585349,0.393415532151725,0.15500545213325,0.289987589972698,0.421148049192375,0.186808551554618,0.280042156862745,0.50797037037037,0.219472660767523,0.335853845963164,0.553469175280732,0.224526261396553,0.342140457253852,0.496948578628238,0.267750847155259,0.408243388585905,0.550158199897589,0.282874906322397,0.321413605917272,0.49164365152429,-0.0848306534227836,0.372053318042623,0.360923924560288,0.302914373820742,0.48022054070497,0.456620150322572,0.166114279387828,0.239182072829132,0.385899403239557,0.264413743644533,0.419177292987398,0.491920477959043,0.28997713795879,0.418942251398846,0.447978750971754,0.289627852844859,0.403064944241415,0.487864334923158,0.256040010616002,0.405117462830162,0.454381571675184,0.260468430041778,0.427822497420021,0.395254557963536,0.200631331713098,0.296679487921029,0.35370707771801,0.0710157515355954,0.224371835254809,0.30815153019794,0.273423026272579,0.335346813893527,0.475793737212422,0.291430437394919,0.401349525739456,0.534327520430783,0.229220899469516,0.233051716673678,0.460667539868138,0.19219702893066,0.398817920202907,0.452180031216467
