"Germplasm","Rep","Plot","Row","Range","GNDVI_125","GNDVI_136","GNDVI_144","GNDVI_150","GNDVI_152","GNDVI_156","GNDVI_164","GNDVI_166","GNDVI_172","GNDVI_177","GNDVI_179","GNDVI_186","GNDVI_192","GNDVI_195","GNDVI_198","GNDVI_213","GNDVI_223","GNDVI_228","GNDVI_244","GNDVI_248","GNDVI_251","GNDVI_255","GNDVI_263","GNDVI_274","GNDVI_278","GNDVI_300","GNDVI_305"
"SW5606",1,2121010,1,51,0.300511589498404,0.178648150012699,0.205376188577633,0.362339751467188,0.0377777596153933,0.052748828905809,0.193131788472087,0.20214284590944,0.2174017300356,-0.0790489802544668,-0.0339431844976943,0.143379015096872,0.217510026635807,0.299700740261349,0.226563953936192,0.19881232372101,0.207825781233843,0.166723729289029,0.131537115864425,0.132085955581297,0.149727438572179,0.140452615793585,0.167407468194189,0.216706235932187,0.0760560887340236,0.122847970391954,0.0644232885533422
"VERNAL",1,2121020,1,50,0.251434026977444,0.155109482841926,0.180501549582308,0.342451598613631,0.0251983839427086,0.033419114445209,0.0733503362581286,0.0750202985814606,0.125997429796335,-0.091085759742765,-0.0823833187725729,0.0875790289530623,0.145699294266399,0.252536317815508,0.177273304432307,0.19101090494405,0.187502586629932,0.140464921296784,0.103300293353666,0.120055876631149,0.123879407603732,0.107574473827774,0.140945667556185,0.193232954551185,0.0464167772589497,0.0901053517568417,0.030951701207882
"SEEDWAY_9558_SBR",1,2121030,1,49,0.26989650786035,0.186633181403613,0.202712575966761,0.3445959100506,0.0302731229033952,0.0578096047868781,0.0838898473759725,0.116015980687513,0.175515849035283,-0.0708070074496157,-0.0751563346264672,0.0969760410075781,0.163224974602588,0.264065228781915,0.187934289421841,0.192942447500506,0.190588954180466,0.137776123222015,0.0837639825397239,0.112190958407351,0.122377231825918,0.111610343470445,0.146963514424589,0.198416449917935,0.0563861813807587,0.133677095718171,0.0648726121987414
"REGEN",1,2121040,1,48,0.252169159398765,0.186603875613158,0.195749936884138,0.330228534026109,0.0308043587823759,0.0729596076934772,0.0805640569087846,0.122443765754233,0.164582610777039,-0.0602880971302175,-0.0695556037106407,0.102706085184828,0.160759281569213,0.262459972842232,0.188100286285722,0.195728692237952,0.198438772405997,0.142930856553148,0.0899703874150986,0.112403362495376,0.123158468133482,0.0988342825817096,0.131888390411685,0.191668422818684,0.0437460951602687,0.114521903666382,0.0393877437370226
"WL_349HQ",1,2121050,1,47,0.2586206770195,0.178791100923302,0.181798403212021,0.318658584787262,0.0287962803427226,0.0826113310617712,0.147728179550806,0.188808283206404,0.220515176608424,-0.0619811693889062,-0.0611152503169273,0.119573300682539,0.179279025757932,0.273163585806724,0.202604419904299,0.19159255232995,0.192353404852697,0.139085080611478,0.142674083379139,0.127012593223097,0.128313798930993,0.109578449794208,0.141129000491075,0.184725336889723,0.042261681575403,0.12020614204247,0.0345557675111913
"GUARDSMAN_II",1,2121060,1,46,0.257279228397602,0.187745564500495,0.193694272213841,0.315198285469026,0.0264662243853801,0.0719501210096598,0.110817406986265,0.147330466074018,0.190530425849125,-0.0674284674069538,-0.0582000631076182,0.116810103924353,0.162166618662824,0.265490854759573,0.192552222640393,0.187209083215043,0.188895312189252,0.148874186854131,0.153212317753028,0.126996409485206,0.14521844933932,0.115399090250964,0.145986524780326,0.180858310029286,0.0465185365335927,0.116643531590066,0.0238948164302185
"WL_349HQ",1,2121070,1,45,0.264622789379447,0.194415657351358,0.189183023322428,0.320596587993292,0.0319513167032891,0.0744514542552882,0.157449303812701,0.19180990896126,0.222058299376372,-0.080142128659144,-0.0636552572075004,0.112253371976368,0.17054730712507,0.267923673277248,0.207422172448333,0.187370130424963,0.184444752506998,0.15483230202612,0.162063726078611,0.132462641736488,0.157651790280859,0.127894025008616,0.146651143792201,0.158943654157159,0.0502188827763463,0.116321030906667,0.0201759936180626
"SW5606",1,2121080,1,44,0.294374236309909,0.218206018608106,0.226722720284307,0.35243148288859,0.0382580072102893,0.0831583771046563,0.178353704963301,0.214278433542602,0.231295117885125,-0.0784646284581798,-0.035039325240507,0.136853320192853,0.194080247701033,0.288176116928608,0.230423287908382,0.196437253751362,0.208062159734688,0.176937108909368,0.160563877553374,0.131932123112206,0.166532419783694,0.139273086967385,0.149830469948667,0.157536604338163,0.0498627384042615,0.109428669429195,0.0119036460309975
"VERNAL",1,2121090,1,43,0.231267548352302,0.181182281924027,0.193821749782364,0.319963685678539,0.0521617369220158,0.0644256044139937,0.0595518450842924,0.0846785665103525,0.144393129918779,-0.100268272730845,-0.0726132806431802,0.0555619338380471,0.129485725932814,0.254195950994069,0.182327175985473,0.169086759105439,0.168053030424919,0.156523046298925,0.148817865573063,0.128883248091918,0.139453905130211,0.122969086524201,0.140194956199965,0.153989967935238,0.0514396490352467,0.101668525649898,0.0156745583462957
"REGEN",1,2121100,1,42,0.238381051279609,0.204960082524657,0.206425465673534,0.334690954084554,0.0596078137113986,0.0771481938234372,0.105061344586457,0.130145347068871,0.175105184810203,-0.0937434632521417,-0.0801518784566797,0.0582511706649916,0.149605377413519,0.254459449404907,0.20177332209604,0.179670941761826,0.182942298715269,0.175778717878693,0.15909976290352,0.143078273791955,0.154310985019391,0.154236586966597,0.179783803797519,0.1644215589739,0.0423346874957992,0.0965291859024371,0.0110189895419949
"GUARDSMAN_II",1,2121110,1,41,0.237823781834307,0.188477943225459,0.191913336100238,0.334220422439018,0.0498725992406744,0.073783695640268,0.131881229833095,0.144531219299276,0.187430344199181,-0.0878818578149208,-0.0748980474933457,0.0756640281656534,0.160106891649707,0.261343659155933,0.211547874603698,0.183719319654677,0.184343923221502,0.181223045250974,0.172313939374146,0.148169606126956,0.16377841213585,0.166907794192562,0.195932663700142,0.183407250346026,0.044009564806686,0.129962990909417,0.0375482833624514
"SEEDWAY_9558_SBR",1,2121120,1,40,0.212560757012557,0.185970396000861,0.206718084897579,0.334544054173238,0.0591749724075724,0.0557418002208797,0.105891825656376,0.120849717662165,0.170192478144447,-0.0699362839005334,-0.102412363543619,0.079336327307897,0.180134147647284,0.237187788852977,0.216919619018999,0.117686531016125,0.141817002099259,0.138937279099023,0.182991878638477,0.159098004486214,0.162825739550734,0.178488953770065,0.165912898066843,0.179613799777229,0.0524276708123751,0.116919485243997,0.0382580336643133
"BORDER",1,2121121,1,39,0.251612206425261,0.203587623694699,0.207051209196795,0.352957541401766,0.0420074011863782,0.0760801296461345,0.175082169919188,0.187125541589301,0.214787881933938,0.163038084082923,0.16285065808784,0.250371859174271,0.259462300094354,0.278610411987046,0.258602202472952,0.118024013625674,0.241714917403472,0.218822968963011,0.251992633323489,0.214136958571822,0.187960686883321,0.197847515095445,0.0798766982387257,0.23246940328457,0.2189290481881,0.185101930280808,0.117273201246231
"BORDER",1,2121122,1,38,0.25654991331413,0.199870405411668,0.199482602809769,0.350477116028139,0.0464909586442048,0.093753254745488,0.186461534645158,0.192605105383981,0.216283550558221,0.191579987621174,0.194354624280165,0.276315931253704,0.260001099626127,0.287811099024082,0.248111850096745,0.13884519833992,0.266656077746207,0.227739196287995,0.255534578058812,0.212449809375192,0.194388649768851,0.200391609927233,0.0748805373906189,0.229375445723506,0.224799287075201,0.184486062131245,0.110666036030503
"BORDER",1,2121123,1,37,0.258385190461342,0.19570941584157,0.197337421105563,0.352713524027658,0.0358156864722002,0.0813844207201092,0.154672258414693,0.163204656396916,0.206209364793504,0.178761395737387,0.187134131273977,0.269846438037181,0.264329213587595,0.280490176436468,0.249717954721815,0.135264312196331,0.259908125602377,0.208433152918675,0.256317556184583,0.207674503804813,0.161579254908407,0.190246181192168,0.0473864915216165,0.203786150145405,0.20772656680335,0.155203856880751,0.0620784210561316
"SW4412Y",1,2121130,1,36,0.22474540713312,0.179327230675162,0.197250189717417,0.345251991602462,0.0360286057763347,0.0634109112766034,0.132747436512947,0.139081742740588,0.185369550464465,0.172900432243267,0.184179797492431,0.258701956106475,0.266555580467657,0.27190954573806,0.245267769446071,0.13200035254935,0.264112661756949,0.209973508091252,0.259026674921267,0.213406418505137,0.174142619471057,0.200807947965779,0.0359218635581645,0.191960878143333,0.201630677020522,0.155114000685059,0.0435828749957455
"AMERISTAND_427_TQ",1,2121140,1,35,0.205036273554287,0.167212647711649,0.177443216736161,0.329350129161466,0.0434518487424748,0.0872543624923315,0.143765608066437,0.154670856531102,0.204008372097005,0.171051949622514,0.182759282440018,0.243225937493453,0.247572118062301,0.260698043395455,0.239827289722108,0.154064757653627,0.27227394687772,0.226793226551311,0.271424624279523,0.224177151258712,0.182461703819181,0.198906244589258,0.0814499308876968,0.235214002627259,0.238835344806005,0.182223763546607,0.0623654856439255
"VERNAL",1,2121150,1,34,0.10523312489928,0.108608593073825,0.15755785624138,0.301954266875841,0.0392357452768913,0.0658483203228242,0.0366035301888506,0.0279332703036786,0.0979352197414483,0.126664414387895,0.131828775826549,0.218361932936591,0.251663834172752,0.254367305920777,0.237797709376085,0.0376541772419421,0.183092043619882,0.179281610596804,0.250206158685523,0.220923341138912,0.178526624977134,0.179580911472694,-0.0493866658354076,0.145330917946086,0.142850685981647,0.141850503353836,0.00537955297426601
"HI-GEST_360",1,2121160,1,33,0.203225118211458,0.165005625526473,0.188495442788149,0.348267829335488,0.0591393999421062,0.0974482475837244,0.167136896030997,0.165665119337311,0.202100445406543,0.181454015659184,0.18274503704368,0.253569848843572,0.25623218844724,0.267998768550446,0.259402793560401,0.146702995622765,0.235328538526191,0.228714849699291,0.277428594086442,0.240831534511592,0.209121591694276,0.228484070302399,0.0441037595003295,0.228639117664579,0.221470502099663,0.192080411940185,0.0647634428547662
"55V50",1,2121170,1,32,0.236110479273763,0.188667559609422,0.206113494398347,0.353649910017996,0.0399747484458261,0.069742597607006,0.124272689042424,0.139324316778609,0.19825623185017,0.192713716970496,0.193133350822223,0.261821780553495,0.26923456704388,0.282429420457699,0.267957133018252,0.127304483089102,0.207503163597538,0.235768301523264,0.282374363160264,0.244822875092785,0.224556572609288,0.239414077273406,0.0221017332100772,0.206540192473001,0.226302487722466,0.184156387859458,0.0600900494415054
"PLUSS_III",1,2121180,1,31,0.230405329202341,0.162486860199059,0.183005866004803,0.335856373161319,0.0434660694762588,0.0660245631305755,0.131690301394667,0.146079306502468,0.195843383195458,0.182121688556208,0.185182856582146,0.253509788305785,0.237072862322189,0.268351802825686,0.243815222508955,0.149591767941562,0.196502933899143,0.229885023829385,0.254382197170346,0.202795799086167,0.184027501254877,0.205181557909229,0.0528468560234834,0.227215921906493,0.216953303584332,0.185409893017416,0.0642182419404088
"WL_358LH",1,2121190,1,30,0.215638444097539,0.171958006726612,0.199525848384482,0.332639863299037,0.056982873937,0.0834973158999307,0.113056380012881,0.119983695989152,0.181127220497586,0.1740739655324,0.172203208512389,0.256078723637417,0.246896625832796,0.267757665543396,0.258919962527282,0.146170537115134,0.188863819631672,0.222361309701327,0.256134877857207,0.218617661306705,0.184329090028041,0.204685531422469,0.053623785664735,0.219370142562305,0.210189315356043,0.179318458514417,0.0569909680477201
"NY1614",1,2121200,1,29,0.213723242185314,0.166661633464588,0.190579330260246,0.313377270061524,0.0659769110122644,0.068321205783627,0.0662034091066415,0.0793531526244734,0.155381239032072,0.161875255572882,0.161234577013267,0.237887295107799,0.24294848316782,0.27575164716816,0.246734032246102,0.0885226448439724,0.144634972479284,0.189053828589287,0.256733402969634,0.231096349859338,0.190330463767321,0.186709489824953,-0.0165104084598942,0.197283398044653,0.189430779791819,0.183323413860158,0.0620501111414503
"LANDER",1,2121210,1,28,0.202886337647618,0.153530585385833,0.174126436651667,0.295234944794609,0.0506159113370042,0.0754213801319338,0.0872530621915763,0.0948803822727282,0.148599938164301,0.158731943046312,0.145266032991151,0.222590360625313,0.247669333305383,0.269233830619485,0.256566564649264,0.0931800694794881,0.165199050014316,0.205274824880441,0.266804477405983,0.236541285138418,0.191501117592086,0.168865514904332,-0.00389365422105013,0.17793011455763,0.178046192722699,0.153382705244374,0.0240426394508909
"LIGHTNING_BOLT",1,2121220,1,27,0.252488175251102,0.205716766560247,0.206151234413485,0.319546825857232,0.0444638241724491,0.0608192798174763,0.121174474387994,0.139773582115617,0.187001006757894,0.188488705527565,0.178386154727191,0.245452890057731,0.239390660208061,0.259366980833117,0.23903769327846,0.130900558935487,0.181593343210768,0.219138333285707,0.271682519867705,0.236050356697724,0.204916081091654,0.135429083798649,0.0429139731626049,0.20207679932507,0.226165459673021,0.185870787995821,0.0711369654529397
"N-R-GEE",1,2121230,1,26,0.263214890786127,0.222961313523493,0.205944081815655,0.314819885235069,0.0555557523840482,0.0690083886943766,0.101268788439575,0.108679669356176,0.169588611829035,0.169444541042162,0.154319906780462,0.232669204353234,0.244172275773157,0.253164024866367,0.248586073436782,0.0891834896980231,0.132353142099834,0.171896835095876,0.227546558784644,0.212667460908832,0.16090671227735,0.0791084677388817,0.00821945443583232,0.176316801921493,0.203372915085488,0.170225346640074,0.0660089075884226
"SW4602Z",1,2121240,1,25,0.279981289436686,0.231423209895544,0.230179077643392,0.351765309357673,0.0538648503493633,0.071928012315038,0.0970119668532126,0.108795190963286,0.182052486462961,0.188988166347148,0.188585706184056,0.260514879943968,0.247132508778034,0.266847285400542,0.249305006918808,0.127821431485248,0.184808809858611,0.215431586551104,0.275879449772582,0.256451989758263,0.179138914675583,0.102617152131259,0.00342093964507884,0.181248165939451,0.218597521535787,0.183077018150999,0.0862465636485444
"ONEIDA_VR",1,2121250,1,24,0.250927339094786,0.199731998194737,0.209190804748614,0.334681321703393,0.0520248422848767,0.0654604316870752,0.0632716837443384,0.0785878936688869,0.156158089207784,0.160180365750988,0.156421786275555,0.220784339721688,0.244527020408833,0.237501666941384,0.226751108598833,0.0861865407319952,0.146931060916403,0.189949524802211,0.259772335000958,0.249605046482908,0.163090654271398,0.100050967967661,-0.0157459995147714,0.165929472341876,0.223054498037803,0.166707318523722,0.079702726825238
"REGEN",1,2121260,1,23,0.27119308050085,0.210769736501433,0.209947225647349,0.338746563927823,0.0751708359175155,0.0949331804315224,0.103279337643196,0.101399293813571,0.153191126303995,0.158613675352258,0.156917505141893,0.220393453348575,0.237914571053659,0.229862751097535,0.210422074650745,0.0668258781929086,0.137364738108509,0.192250883136929,0.229759487019733,0.211780444670674,0.154054833349837,0.0817459045234654,-0.0210412421629189,0.16117803314348,0.213512283712169,0.171539583700011,0.0866952425727644
"NY2003",1,2121270,1,22,0.256524401497116,0.213978150796658,0.224378422716268,0.35078572831703,0.0782205050701311,0.0951468460542962,0.0798560624922606,0.0735559417248327,0.153954345549488,0.17413280553869,0.163495179096332,0.229067159601407,0.256723992895526,0.220285457989142,0.221111872891399,-0.000491260621139001,0.0761273352778539,0.149225040501003,0.201213783321948,0.204001939644209,0.12396686024617,0.062968138994573,-0.0477635342907686,0.119421793161501,0.144261506614465,0.138293243810656,0.046949472816117
"NY0651",1,2121280,1,21,0.274007698792086,0.223551279845508,0.204177696761093,0.351721689465383,0.078552081759606,0.0851630872562658,0.140793193931354,0.138453818160094,0.171511307127089,0.174838757980081,0.16227341003697,0.237239826442411,0.262574202979394,0.223300417838032,0.232821524158332,0.0751390891741269,0.121025805064526,0.173213136519679,0.23808225459638,0.236968316575005,0.146591980179355,0.0861776425396224,-0.00335017355356616,0.163289671163451,0.200847219792332,0.164147643734156,0.0803224654890069
"NY1517",1,2121290,1,20,0.275923170676553,0.234582828845131,0.235261357101998,0.359371375917493,0.0823818876876547,0.0758259273537828,0.0495391806294527,0.0596324863874408,0.147161476089005,0.169705959414475,0.171972534332085,0.240776365920605,0.278515310831469,0.236033617635754,0.243186935837982,0.0655953277756893,0.138186123878201,0.186311297626733,0.267981684827451,0.263092509710723,0.171444225290379,0.10926223138691,-0.0399829948829261,0.156742403848824,0.175536571191483,0.164726982291604,0.0718063483496022
"SEEDWAY_9558",1,2121300,1,19,0.270318713456622,0.210724736720853,0.204189540972104,0.350879232772076,0.0802922266734139,0.0783208726681473,0.0755340600461136,0.0840627265593098,0.153161058707602,0.171188829798293,0.171111972360641,0.237268974311578,0.257882633685588,0.241911664509096,0.245331574554428,0.0794184905638641,0.144504387412664,0.189375846938662,0.266652373874331,0.25598392800822,0.173029101041815,0.140724002510172,-0.00698511919287859,0.178783219930498,0.174344668519751,0.174825916766433,0.0911703443728099
"ALFABAR",1,2121310,1,18,0.271898450833389,0.209938061011667,0.191745132351578,0.345099440580683,0.0667035300541465,0.0821804168629244,0.0835413332802056,0.0961833263018082,0.153309154822333,0.174078373092419,0.149078674548815,0.232334362226972,0.256184084953576,0.223819066655529,0.231708878153703,0.0676092520345466,0.130223639709779,0.169742846488311,0.231560496876612,0.217406985954558,0.141262028553757,0.154601720788232,0.00224773927128072,0.168279904946824,0.158028181984967,0.145767476512323,0.050036397103172
"SW4107",1,2121320,1,17,0.285533718753643,0.217069476236698,0.190409817630479,0.357878252063837,0.0294327141758823,0.0702982797049576,0.123988299158607,0.147246586948521,0.180290857225561,0.208083611590098,0.177669323474449,0.240220742708203,0.258296617368657,0.220788980316589,0.221101075421493,0.0844477305953722,0.143650538980433,0.164713718450381,0.219194749120725,0.205764843561453,0.130315362953134,0.174552771693645,0.00207001961704638,0.1719028433141,0.154797236263572,0.134605153795594,0.0483070737859167
"GUARDSMAN_II",1,2121330,1,16,0.276056042826972,0.202551084423514,0.191106548216559,0.353098861153166,0.0397754300203195,0.0866836560124812,0.0904162122729314,0.107542472540359,0.162778261399701,0.195700090093984,0.161513489974069,0.21989756966096,0.259229759290668,0.22602276315196,0.228526531679929,0.0575051959576331,0.154669514756062,0.15850682277686,0.205431660041373,0.197476746496212,0.132912811018256,0.184696148694456,0.0166934064840261,0.167913573307402,0.172856897871534,0.14801734053068,0.0624481737262175
"SW315_LH",1,2121340,1,15,0.293791014639071,0.240860422462729,0.229570917742438,0.377481607626403,0.046140245502632,0.0994837629672216,0.0261708405789628,0.0394206016744702,0.145425841778226,0.199071729850713,0.169049051920168,0.237464627321999,0.275010382132877,0.241317028758776,0.247384728530668,0.0178993930137261,0.146786173409892,0.157174946097213,0.212554369952649,0.196752446834247,0.134825237295508,0.1952310458446,-0.00713685812276221,0.150817162650378,0.130160460147631,0.135443238081574,0.0393874080693319
"SEEDWAY_9558_SBR",1,2121350,1,14,0.308790031271846,0.231896771781495,0.222459026539286,0.374646780517067,0.0257680729802889,0.0778746881056783,0.0673309846183702,0.0904837615129679,0.172182471935831,0.204809799771195,0.171658920871921,0.225250215672935,0.26407749686794,0.216810824638914,0.217874636626857,0.0596093400296118,0.167622844959361,0.164693753016205,0.221874131823661,0.214267327179261,0.134826229890522,0.190395127141678,0.00198249934755204,0.185027689770001,0.181588845171185,0.151210430006363,0.0592211066838626
"FSG_415BR",1,2121360,1,13,0.32005319798896,0.22234460091152,0.208640345585528,0.38949083503055,0.0306142332065038,0.0855061337768898,0.0983810364438222,0.120293301024481,0.17794685892655,0.203625183286933,0.165491876273722,0.228429081494109,0.260994641062012,0.232561069598125,0.254868639515578,0.0871997990469291,0.185084752213358,0.189643822343392,0.235826733573644,0.222900368105923,0.15061570199598,0.186486521419402,0.0250253689053639,0.198391083770485,0.203842728788304,0.170309854725672,0.0607069286275375
"NY1615",1,2121370,1,12,0.313816855140258,0.221490852556147,0.210821606172291,0.384211705464898,0.0223112126796695,0.0697658812760399,0.0943297865528489,0.117083491126158,0.184429573421539,0.203664819635091,0.174030458228825,0.234651988280295,0.27525132865301,0.237403202965744,0.236917591075209,0.0865456888728051,0.174645586747443,0.183949107120897,0.224937112112703,0.214701182953556,0.145621173902673,0.153067273921911,-0.0112285626165079,0.187542954950011,0.193561142762633,0.202950277086683,0.0660644979515217
"REBOUND_6XT",1,2121380,1,11,0.322917388212688,0.225807892726188,0.213367493204567,0.402877491871505,0.0339935082605822,0.0906029984239183,0.182215014984921,0.185561460656223,0.220069812064343,0.236105696671615,0.19617063561192,0.248073997543177,0.240634286549423,0.210142095789113,0.223309421075311,0.14624379678487,0.213574246527907,0.222567206282813,0.241530362763268,0.229690671653776,0.148226976456933,0.157052716415824,0.0320415372958451,0.205346954475693,0.219497815107574,0.208358370585642,0.0673869342155224
"NY0465",1,2121390,1,10,0.30931038360604,0.22294616634449,0.210837762796961,0.388880007089199,0.0217542997963154,0.0457220648248,0.0909620746891306,0.093681888229672,0.173008082899241,0.193938087043065,0.159636159770647,0.230619052197314,0.271038802031512,0.241111874635691,0.25719809103677,0.0787380774612129,0.18280582496542,0.204406181879346,0.247467325783391,0.233654622498163,0.158634148824916,0.161001509551819,-0.0219296926731647,0.185596203520368,0.195960686739917,0.212311626928244,0.0633729489301243
"WL_349HQ",1,2121400,1,9,0.32215839034472,0.223772561551214,0.210445697162491,0.397559787810881,0.00636951891770346,0.0294129916198167,0.157459543436937,0.163969696513818,0.21016036668263,0.226430254711085,0.191464485314044,0.244349879505966,0.245619355562846,0.216803447132913,0.233108994307474,0.145816393299307,0.210018741800209,0.221403733022923,0.23895089693183,0.211893384851011,0.143479095119737,0.155050164518043,0.0240787858421402,0.198570796523784,0.209602421052399,0.19599862347842,0.0627746929130662
"FSG_421LH",1,2121410,1,8,0.329364564019884,0.248115045207165,0.238861010656005,0.418818909966877,0.0544911502323464,0.0554256023587285,0.0830272152249939,0.104050673018267,0.183122811342719,0.215573635958639,0.192264652775521,0.266256245938739,0.286068086233057,0.273753390493681,0.285943366820917,0.121521290803292,0.212263277512307,0.217416274007464,0.249399417797284,0.213843616041748,0.162691709544723,0.148399468645354,0.00410477482959309,0.176336807200464,0.185709466024626,0.192954505222163,0.0611015382452793
"SW3407",1,2121420,1,7,0.343540074870328,0.242573577084347,0.235864066507353,0.413471772371917,0.0280228641961074,0.0428402360309636,0.132483729442632,0.173444122340476,0.209930735430671,0.234710509005002,0.207982112502163,0.260602166454522,0.268288437222336,0.247445408448474,0.26346531570317,0.153113878715834,0.219328573593603,0.226074315199407,0.255939125387437,0.212396684674701,0.163262870346405,0.157059005748907,0.0301058043722243,0.197761933561036,0.196706838273393,0.18671015202643,0.0610620986183062
"SW5606",1,2121430,1,6,0.348383217838935,0.250166805932976,0.243765294218122,0.415629565029357,0.0287454760678841,0.0498344793894056,0.147889093265545,0.184783935839119,0.214385058501711,0.232545443996505,0.210413810224137,0.25868412274926,0.281812084830755,0.247974642129245,0.268141096738968,0.162372327300591,0.229932857375061,0.230662994630817,0.246307876453593,0.209407433381726,0.158904072088514,0.140678383068182,0.0230705535251026,0.182982628737269,0.195339927374329,0.178816493294533,0.0528767907990229
"EZRA",1,2121440,1,5,0.341437108506954,0.252537547953747,0.221822927329037,0.398359428017565,0.0256509354915581,0.0396043253272544,0.0920418522209367,0.125988281866425,0.16682245446833,0.200859723310021,0.170283928911509,0.243803371813588,0.276981973861876,0.260891664510128,0.281359334181809,0.0925855978802436,0.187948703462163,0.205536899762164,0.26283550311596,0.239008157482285,0.172110048785156,0.154980173276499,-0.0117161321678196,0.178435596457205,0.161771875216412,0.184873191341743,0.0596924225215626
"SW5210",1,2121450,1,4,0.370663115347325,0.274706523075647,0.247531490174878,0.423733440778425,0.0154280247498204,0.0274179013078298,0.179920087675403,0.206659740980875,0.217290690519383,0.240505996625164,0.213915901710454,0.266006976591687,0.295531425346318,0.261938986273777,0.275537237853818,0.145638398150548,0.23398866503064,0.242406251951333,0.281980156344771,0.253510139698894,0.211276206337228,0.168079041862204,0.0345424591542933,0.214290056995955,0.2157691999037,0.214335983739216,0.0998484560803921
"PERSIST_III",1,2121460,1,3,0.362478715409091,0.247656632748,0.228659893314981,0.416135506973238,0.0331059043999719,0.0255722050740476,0.157671197853321,0.186426913746392,0.183978367276493,0.21194820358809,0.177421784090617,0.238994015183976,0.269800469760003,0.24304077137974,0.267051395297454,0.108927056739701,0.215491948725709,0.225595108305272,0.263807647974985,0.219353561632215,0.207484270745172,0.16018198462285,0.0480377806839636,0.21576129208978,0.221821334726948,0.234634856715061,0.116156029616571
"ALGONQUIN",1,2121470,1,2,0.355977222697255,0.244327572709749,0.224689565645319,0.404264043773855,0.0473689500046736,0.033823664663143,0.135563822243458,0.160277085291433,0.155296054773587,0.186203225828859,0.143791188389382,0.215786319206629,0.261069090716349,0.23377585113942,0.249626354708713,0.0673932742395173,0.174704207011508,0.177389044232645,0.230390565808194,0.186870089514755,0.178519095515126,0.125415780414244,0.0461096386862167,0.191329849528597,0.180348164442638,0.203913201002837,0.0793138491902919
"ONEIDA_ULTRA",1,2121480,1,1,0.390715966985119,0.243532393354205,0.214178416216479,0.406975241400956,0.0459646951735822,0.016080226056816,0.12390332236593,0.151377920936119,0.154949486708302,0.204688534003732,0.149148452100719,0.232043631530256,0.265126625285397,0.244993781224743,0.25194884052663,0.0911448172434306,0.219156117670733,0.19212489907418,0.247265479930256,0.184141351856999,0.180012525722466,0.11767372838694,0.0230671358110019,0.178849949043865,0.171266975641427,0.174028243234676,0.0519290718892341
"SW5606",2,2122010,2,51,0.308307695553224,0.178979579390403,0.21024641341739,0.384593991261691,0.0884695196648846,0.121338778475134,0.169854697032003,0.174486825664408,0.228746636504095,0.215769495900248,0.193888814058529,-0.0793977548121117,0.0777261260276682,0.303670902248168,0.189728529428116,0.204980202290428,0.240661575348548,0.180000522013656,0.114598541284924,0.162007377256311,0.186030250872278,0.131451528279542,0.192762796342376,0.227760239687972,0.0657645998263736,0.140209740358714,0.030582356622763
"WL_349HQ",2,2122020,2,50,0.279387163770193,0.171781909394384,0.187960584050371,0.376254563669908,0.103610866073281,0.135927173708648,0.212637184881769,0.179329838723682,0.222876635536785,0.211364459699125,0.188767210685836,-0.135806196079561,0.0429116592362862,0.284250115635134,0.151712350337546,0.194866893885761,0.200785440431103,0.14411338152278,0.122326776711488,0.162441790268323,0.164961858128712,0.138385956488828,0.193254226002287,0.205650870044434,0.0494139759480067,0.148339002552564,0.0449011333176537
"VERNAL",2,2122030,2,49,0.253031419725494,0.164324686096943,0.174415507994954,0.357213438503028,0.0953198418464022,0.117725207544485,0.114369934212714,0.0374193359955986,0.136530623105855,0.169662342210775,0.145991698337474,-0.152787296667254,-0.0146903847660841,0.271320619675482,0.108156236620658,0.198725128801491,0.184494159432525,0.16052878194716,0.127621702167876,0.152126288298165,0.128550215307745,0.117393791025911,0.167109845812205,0.18415482824181,0.0264707811723945,0.1103515484744,0.00882548964031564
"REGEN",2,2122040,2,48,0.27177327664086,0.192667940696405,0.199212077260558,0.369713433324775,0.108531120614012,0.130364913785761,0.17955123814347,0.0931880979954464,0.177658442970129,0.196231307498313,0.176067264888895,-0.13414973145802,0.0406516590430286,0.273229508818636,0.150356365701338,0.211596895048843,0.203065016626872,0.193635196548389,0.135863068204038,0.15546733688117,0.139184552832966,0.142779009535769,0.188680009866181,0.197825202957554,0.0347742433827291,0.144702279491415,0.0462379141544158
"GUARDSMAN_II",2,2122050,2,47,0.26738530847728,0.175160321095848,0.188313982759369,0.365357662278377,0.0944605305365484,0.126195315490712,0.20037921301373,0.0941524367614106,0.175359670240294,0.189360720744071,0.179603185439612,-0.130608978087585,0.0300143633594782,0.262777547237906,0.145987420352804,0.191600827846435,0.192764989486797,0.187049980101853,0.134761513424232,0.134047782367224,0.143765733070855,0.13174684147708,0.183823070111298,0.189895375010439,0.0334527307366313,0.113481234265231,0.0186300646210484
"SEEDWAY_9558_SBR",2,2122060,2,46,0.254800680447526,0.177049755384337,0.195355818663926,0.35806048794605,0.0975870407485295,0.12703100618195,0.16309736322586,0.0740664059316199,0.171556362807976,0.190957224699771,0.17236857438952,-0.140565373253577,0.0227392913802221,0.277261754806118,0.136435871794114,0.201500200262756,0.183609310015241,0.174233585437603,0.111068228142752,0.105089868992549,0.123336070795225,0.120292873990047,0.176239731163038,0.193401895305081,0.0400803687992273,0.118801938916493,0.0300029002337514
"GUARDSMAN_II",2,2122070,2,45,0.269145079550576,0.195496751740101,0.200451403190435,0.363379607651695,0.109339439329853,0.137866195776025,0.181247860153647,0.105967456672826,0.186528031324157,0.198732787966399,0.17701359469058,-0.120266438743652,0.0474297903619841,0.255021679419439,0.156877876220626,0.202271048346672,0.182304716873199,0.178204443049829,0.144698952177005,0.134898502843326,0.144635766969071,0.125523909185208,0.183398218260688,0.181307043389153,0.0298032911440525,0.124708932745807,0.0354830248963645
"WL_349HQ",2,2122080,2,44,0.281953433882877,0.192368386506685,0.186648065460136,0.35847104254917,0.0987290291728074,0.139722974085621,0.210390039844638,0.17040738173976,0.221021002855484,0.222630574655911,0.200703343519785,-0.151223242201899,0.0727835028394165,0.253570822107124,0.171969513670457,0.212747108038461,0.174718968211713,0.159544427002043,0.134313709748637,0.131878928803096,0.146937774116986,0.129410717474997,0.188126585399882,0.179576580413065,0.029000430897232,0.124389158222183,0.0323357380486935
"SEEDWAY_9558_SBR",2,2122090,2,43,0.300907898380712,0.198528595382498,0.20919426106784,0.360510394976612,0.0932962462553774,0.123846051447333,0.103866979652841,0.0943175617819774,0.181342364932166,0.184865242118579,0.194730847551225,-0.177569649964873,0.0402239159184661,0.240540184763344,0.151881464919807,0.199921991265808,0.188210512139023,0.167799812605022,0.1402217368088,0.113710827809206,0.139151725549134,0.117008568749501,0.176170154903322,0.184870644305664,0.011499752818178,0.13432717212802,0.0379429331681494
"VERNAL",2,2122100,2,42,0.259720623499898,0.168336038076944,0.180307607348212,0.339307826761074,0.110372845212875,0.141656063060622,0.0699476525893202,0.0586050987988241,0.112444923103503,0.164802306151907,0.150170919921765,-0.171743965515195,0.00976609446358459,0.243740277867372,0.111954271565238,0.185854230664024,0.173112788458101,0.146872355207787,0.134163236472471,0.110137104566984,0.122676327545455,0.103755534904062,0.1738546857469,0.157810708615367,0.01977787219995,0.0700871811596911,-0.00205948598073946
"SW5606",2,2122110,2,41,0.312838679291233,0.215779405452618,0.216393489387919,0.371499802096713,0.109964013954243,0.158467293088726,0.199667485545547,0.204154191198989,0.208145730968235,0.228864995372845,0.228341860649465,-0.149181163137565,0.0754250944890196,0.253202623602035,0.189304738126028,0.23623772840302,0.217124597870474,0.173825619833862,0.153304345220939,0.129393729093369,0.167404519269912,0.124669741874699,0.223660723084358,0.19713749232088,0.0338759836263655,0.0896049615471914,0.0202097656063338
"REGEN",2,2122120,2,40,0.283828935578686,0.199281036478485,0.195713443135163,0.348713446538344,0.124809389614335,0.157428045703937,0.149034980387159,0.147120681357217,0.157360584288334,0.193583871643703,0.176131745116515,-0.164187718399744,0.106353961861997,0.226052615037721,0.17575808657399,0.224485391491855,0.207661586363297,0.180302116322324,0.18390934522492,0.179712576449969,0.166871743343675,0.102007308809063,0.188339853061367,0.183767843314987,0.0503050668499167,0.0919012876820274,0.000727734936663767
"BORDER",1,2122121,2,39,0.292417561898539,0.215427363124345,0.210909296212089,0.367707771359017,0.0922696202950154,0.143068385925851,0.175630647379306,0.181836285291225,0.187451595014008,0.21987502949147,0.210638584404492,0.194808916348838,0.254829851324051,0.251745073486501,0.288330696514436,0.144188098840141,0.206525221693206,0.209422844291237,0.249011760090543,0.231137672071633,0.202292630873052,0.117316235123071,0.0910166048754509,0.234620420665308,0.232531823504342,0.186020312133764,0.0741155242056181
"BORDER",1,2122122,2,38,0.301737730952701,0.213082437630088,0.213853727867544,0.364055421393431,0.118158760536529,0.154954355532772,0.199933223527495,0.202808954572255,0.203710970575809,0.226502167846161,0.22662324820203,0.264515274669681,0.224086729773671,0.259327973435802,0.275078513410332,0.174865149756705,0.219714376383126,0.222504318028063,0.263505439385539,0.241129560857902,0.211710354220488,0.106781200127396,0.093705095990772,0.225110576030828,0.24562302097483,0.20885045052376,0.0977105481058311
"BORDER",1,2122123,2,37,0.30425964292456,0.199638575173026,0.21599610116525,0.369178545361897,0.116107211561078,0.156822775293635,0.196315397614301,0.199630691938023,0.201093461905368,0.199799125236247,0.231663084628656,0.263355504593496,0.207127653470548,0.256348298076819,0.266438924502857,0.168537718676556,0.22379791076206,0.220477369839153,0.273266523789655,0.240295142484458,0.216897810859681,0.108512847592104,0.0860799863795201,0.221295067434283,0.228233836686677,0.211827940276581,0.116513585564706
"EZRA",2,2122130,2,36,0.266446587868529,0.181235834123514,0.197694749891155,0.345930517388052,0.137542599680972,0.156434825986818,0.120076320032202,0.128186364413517,0.153364976684937,0.163673534530586,0.196858684484578,0.236618360783635,0.219034189388751,0.240852093457595,0.28025731918739,0.118069463382762,0.204872144293829,0.194281352410797,0.276502296212243,0.244036547435888,0.222546561238306,0.0992582464376463,0.0504463490146879,0.1953793486485,0.220073899508856,0.211322668924967,0.116256872631108
"NY0465",2,2122140,2,35,0.249086275093087,0.177363702270163,0.172156103136902,0.339317162735783,0.14413431472654,0.163986694120516,0.109683418804101,0.121177511911982,0.145077154936267,0.160590623044186,0.187193075185731,0.236166945864101,0.209871171100118,0.231357506192105,0.270688591456728,0.104412820740609,0.202305274101557,0.180278790841072,0.262980392910357,0.230890405015802,0.213463906520027,0.0841409531082823,0.0441343590746174,0.179144596410783,0.216681159635645,0.202826321456907,0.0990526557156516
"SW3407",2,2122150,2,34,0.282043318350905,0.202749665803579,0.17846043090485,0.362501120210786,0.128080412403209,0.156524106943505,0.176864253934754,0.184972098334691,0.197473116937242,0.194454211631712,0.226912553449018,0.264382521588392,0.201009046216663,0.230365927797492,0.252786705955391,0.185887363737955,0.239825448305764,0.213881006729535,0.261395682018081,0.226474838790933,0.23532103347173,0.0935874027809176,0.131571597402716,0.203604617462193,0.245792584388397,0.184138793488635,0.097539338674226
"PLUSS_III",2,2122160,2,33,0.27091637133086,0.182418670610131,0.14936658188738,0.35156007666439,0.136027400290212,0.159408304785436,0.183855805284382,0.180412122920682,0.190081333537466,0.177418651636026,0.21707187466832,0.261283939760361,0.203372941522943,0.246621031304631,0.263951379699064,0.169212115279175,0.235455620087867,0.22181804672244,0.263043299959708,0.231238873025501,0.225317154005255,0.0987082154134086,0.126146076062215,0.21716699984243,0.234629089221149,0.200699293630812,0.113075401135786
"NY1517",2,2122170,2,32,0.267502578252687,0.199867476717738,0.163025003983289,0.347627270545362,0.145603772925101,0.161001275198741,0.107428694980264,0.114763307057303,0.157950075179155,0.161642432465363,0.203677809657489,0.250707597678958,0.208690673086543,0.247124834489879,0.263261938407226,0.107855639028543,0.191509577154392,0.203119200580608,0.257322067908658,0.237932758874364,0.236914610583392,0.108914338888478,0.0629461422754041,0.187999104841305,0.224339690181477,0.194647259956324,0.106304757696336
"NY1614",2,2122180,2,31,0.26348220268364,0.171473005976845,0.169185796126368,0.335684776768184,0.124689727075766,0.147217660166863,0.117770835466081,0.130811600561725,0.152516467645986,0.160868673633063,0.202189416757214,0.237753307507272,0.17538575745728,0.231395370603394,0.22113274808651,0.0947948743924547,0.1689861122206,0.182969519996402,0.231770422230136,0.215342855097648,0.213649694379925,0.105521941736736,0.0437278826980428,0.173783858270105,0.191160736383193,0.18789758045572,0.115911542327879
"NY2003",2,2122190,2,30,0.221472664368002,0.160594956771638,0.187338880579204,0.332198108416697,0.149224903656821,0.16436990622371,0.084050881178593,0.0954177565423832,0.143165145817719,0.157562684972309,0.203757943947707,0.237684296041772,0.208943963734427,0.263419069964249,0.263375020013164,0.0668272740256443,0.17503323548238,0.189287863151142,0.238714365878566,0.222541831972388,0.189751320145245,0.107066214942499,0.0231192037543595,0.154959254182234,0.17546843013818,0.198283561797083,0.11016694107378
"ONEIDA_VR",2,2122200,2,29,0.224300608639172,0.141980255136791,0.155146920057758,0.316223205397832,0.133973562958325,0.155547124361172,0.13261212872744,0.149316378471517,0.161635490512399,0.159493578887861,0.186802362886478,0.204855174654148,0.185421122082177,0.260155689963201,0.23481855364261,0.130017785720402,0.208807560699499,0.193678371353033,0.267081571667714,0.240645252730454,0.237057861571683,0.121054906574016,0.0371435310194275,0.195286510954639,0.221959083463239,0.195154590521066,0.125525335439114
"WL_349HQ",2,2122210,2,28,0.227500291218684,0.148820264604997,0.160855427133523,0.331879413754696,0.121632952322074,0.150206833884204,0.192040682315247,0.197230394689934,0.198911638976753,0.189038020936621,0.221360208881384,0.204665816749027,0.211521425882908,0.262810581553485,0.258722273672154,0.190056600437608,0.239423798555397,0.236391266906438,0.279218693641433,0.246488978586704,0.235444463321747,0.111354549126573,0.130073716760208,0.234589390543893,0.254280723623677,0.182672017367588,0.114597044008371
"FSG_421LH",2,2122220,2,27,0.277805673486954,0.19713973540845,0.197527572490397,0.359564305629849,0.125541584812508,0.144313081108122,0.144528955009316,0.141649643343351,0.185050258163657,0.183067285023394,0.239414496972788,0.232503943718967,0.22309270724435,0.25890054703614,0.273730878213764,0.132984579698019,0.216747971062641,0.229076432165328,0.283553547759829,0.255765141829668,0.262530932361237,0.131447076583148,0.0752895481258658,0.211404429104639,0.229657403215678,0.198019014158117,0.127663328556753
"SEEDWAY_9558_SBR",2,2122230,2,26,0.278504711396855,0.184348937269542,0.200867041053876,0.345173766763062,0.142606571800627,0.15535799698248,0.102168609223526,0.0862290528475137,0.155069027063158,0.160230725652778,0.206295393387224,0.188780925504075,0.19009349818207,0.252410631864824,0.23857833600915,0.116595726010167,0.190883914481372,0.207838988677508,0.266863957093467,0.23912402487244,0.232846280225045,0.118725709248366,0.0665835691412471,0.204003735231807,0.223828359579579,0.174852068642399,0.11193154975416
"ALGONQUIN",2,2122240,2,25,0.268954056669815,0.187182612443274,0.183931513462583,0.342108456480228,0.123867868749783,0.140702835497297,0.0788146277514881,0.0535684959753936,0.137851714906469,0.151430348258706,0.188189031718976,0.189456419130151,0.172793676450431,0.298767400602525,0.236058937369695,0.0923058333552585,0.172240875428356,0.203110582687583,0.265400549309674,0.236394197704352,0.213779985981587,0.114895352277134,0.0341163867441429,0.184316734625897,0.190610177900254,0.172263153223946,0.0939242827904305
"AMERISTAND_427_TQ",2,2122250,2,24,0.328045342524255,0.211249942169025,0.176750214259204,0.354964815239093,0.11435063007457,0.1412724377466,0.192937969184112,0.168852089844186,0.204894488274068,0.187713521031228,0.228009597656695,0.210007386590683,0.194357635963821,0.264282480073458,0.242845516240856,0.184445053458312,0.212574406579537,0.235141388232496,0.278879160118837,0.230971971128449,0.225007298559751,0.130430398467304,0.119103740228569,0.23227162170869,0.246408656731346,0.179922240732372,0.109768256146842
"REBOUND_6XT",2,2122260,2,23,0.332359662870646,0.202150637933433,0.191781021686985,0.364246453590757,0.124611429963936,0.15761613043753,0.225085532883475,0.195219052467576,0.21143242600663,0.193275640419368,0.231027792653415,0.234923871139889,0.202359568749156,0.24185977700967,0.240354223588234,0.178130557566917,0.201928956779383,0.236965223255904,0.272455654770397,0.220721884619679,0.218667827556582,0.124952327590672,0.132925346737178,0.227717452710862,0.238817290068232,0.172860613558505,0.0956610934361931
"SW4602Z",2,2122270,2,22,0.323912822703147,0.20423777790578,0.195123210026121,0.367127246144567,0.14871416163144,0.159864948037777,0.159909743895813,0.127749424211941,0.1790749132202,0.165428599145128,0.218286540291904,0.247628489359999,0.205480390157959,0.253506646008601,0.250889497460889,0.118113738310652,0.17187090480212,0.219880036028231,0.264552176442192,0.209768788126896,0.23638069441003,0.140650770476991,0.0575971544886456,0.195348000677912,0.199159930501556,0.188698175130305,0.114130244433051
"NY1615",2,2122280,2,21,0.282503865564944,0.171503268733909,0.177818274057555,0.32820439940457,0.14004111003798,0.143572922462681,0.114400922562584,0.0916994128173079,0.14278572659045,0.146053707545508,0.202007982270538,0.207159567799776,0.193741989849971,0.224088984637957,0.240431111317661,0.0602303606195022,0.114478641347964,0.173153633801944,0.257772781611439,0.215843935644059,0.222670527634062,0.135516773166603,0.0279911131361308,0.170612509165112,0.191266180109885,0.184142362760252,0.100321204304965
"GUARDSMAN_II",2,2122290,2,20,0.308688004947792,0.202097043149492,0.182754440904241,0.341375278891731,0.125891160390044,0.139093808547219,0.142912593237708,0.116565215330732,0.164971701294098,0.154706102437191,0.202538885579564,0.205373746163556,0.191686097976128,0.265538664313189,0.246042329127774,0.0944675749624879,0.155835992109026,0.199634155920318,0.291005247000856,0.26222172136511,0.234633908130219,0.158618790382375,0.0645638166909164,0.210162731124891,0.236389907680882,0.224917878516819,0.145747959262297
"SW4412Y",2,2122300,2,19,0.329397145970126,0.208305855139577,0.200701312098211,0.35720147601476,0.108780542954789,0.129065111527087,0.183925005647502,0.147514890462827,0.183385329337635,0.171046724638613,0.237308192481455,0.221117526589021,0.199513299832496,0.26303729412225,0.241548358945487,0.131749258700907,0.202518137350622,0.221789423185843,0.296943602502261,0.26981207986705,0.246525453099835,0.177036674412979,0.0715093361561205,0.216863640589794,0.244805502472647,0.230765704445592,0.147197149026399
"FSG_415BR",2,2122310,2,18,0.316123003134516,0.181789594520523,0.191082286199728,0.352154767573622,0.100323701230282,0.12516754372359,0.139227104419861,0.102822809399827,0.158334308456828,0.14876371915353,0.197123967694233,0.197368206172425,0.171313711365389,0.254384841776983,0.228484491973323,0.0971416102787567,0.201629627989333,0.199921708518609,0.27471909894449,0.250898847969367,0.206484337788266,0.156813006787586,0.0587293663471778,0.19757507974014,0.22614602473221,0.23152703651604,0.14588261138954
"LANDER",2,2122320,2,17,0.282261076672869,0.154665534151522,0.149821622680566,0.323557266451098,0.0996210075688545,0.131362283335968,0.116485504844298,0.0819775825918641,0.12465485448145,0.131564021759214,0.160269640716115,0.185983125647629,0.176764208632312,0.262436423141196,0.243893715944712,0.0855054246359724,0.180091148424031,0.16477744075873,0.249599002288262,0.234232895520104,0.177948606909674,0.142078436450668,0.067438974282274,0.16747569440582,0.185998727196773,0.193241904953885,0.0907553184426258
"SW5606",2,2122330,2,16,0.333622037332966,0.203684080026924,0.194796555709514,0.366175740812254,0.107685527915917,0.148454467799076,0.224229702591223,0.193093624299927,0.208016454508683,0.192469327131363,0.220644588096749,0.211922036886975,0.174004921314606,0.273430074869113,0.229623286856664,0.176409510491505,0.246866413043015,0.213833970732455,0.262027466624004,0.22729521096557,0.213999975745018,0.15445726639881,0.103566007206663,0.203342149765067,0.247233637828795,0.20305357557427,0.123024885332803
"VERNAL",2,2122340,2,15,0.262518469359237,0.155822295934603,0.170078232020946,0.325933529033664,0.11049352414273,0.131237478353085,0.0671223946370614,0.0346740668349763,0.105822491244286,0.123418825306777,0.149401814046138,0.165952432826596,0.181352272977736,0.271234691991833,0.246877574580794,0.0418994267983486,0.154665460802161,0.147647506609447,0.24822994576707,0.251729243417901,0.180256322906946,0.144505617334976,0.0288490579090254,0.155127380111252,0.156099049193678,0.181352032090018,0.064880389638763
"SW5210",2,2122350,2,14,0.342234926575442,0.216374136001111,0.213079623871118,0.367184978547293,0.0957875854923857,0.124795041714962,0.173477743182395,0.139671168129138,0.192424156860301,0.186492742260503,0.222599567652381,0.20993888401339,0.192939202668003,0.276176876610817,0.260130484814476,0.152315468118084,0.239871957710309,0.227267470958443,0.297654939337207,0.278782505118891,0.246529330217088,0.176467458096685,0.0904076957061733,0.232026694344608,0.259320473776208,0.236168038125146,0.14392890652424
"55V50",2,2122360,2,13,0.327023685872168,0.187586320165351,0.198231756844266,0.361650760402922,0.1108727080387,0.130823251381759,0.157227145279617,0.131479064870196,0.175172167304635,0.173423023058346,0.210432521993082,0.19452426387646,0.195909813856073,0.285499969214372,0.260578303681406,0.118939770670785,0.225778525870126,0.218185099011004,0.287448878545894,0.254079614785294,0.219744769816183,0.159686243886812,0.0779696565991206,0.22040578916531,0.244398589434216,0.237589502491053,0.1350003948286
"N-R-GEE",2,2122370,2,12,0.298180165961212,0.164738445691185,0.171435937657338,0.335715396490912,0.110186759660622,0.124218175253214,0.13682560409518,0.111129643683691,0.155315426693026,0.155141372776313,0.18684181852096,0.179701004572511,0.184735028616054,0.160465130345892,0.237934397306231,0.1269718358432,0.212573249488603,0.19436858676922,0.246979457866357,0.213381723592494,0.181009896645866,0.106835374052946,0.0542816008882637,0.203690327961018,0.225416918593381,0.229154306509809,0.12913594856951
"WL_358LH",2,2122380,2,11,0.305334914138058,0.16573205722843,0.177373291062136,0.351072967204889,0.11908018606528,0.140288951355295,0.171668099844009,0.134550560629934,0.172181949763642,0.1817287156618,0.210342530503944,0.206461648414016,0.221031920757642,0.182618808708809,0.248654101416733,0.142966985843068,0.202384256072313,0.206271755317153,0.255845045321767,0.204635286532151,0.187965801717849,0.117346574497777,0.0989914422517213,0.218405521860769,0.227214391134719,0.2119496104836,0.10854108382665
"HI-GEST_360",2,2122390,2,10,0.30626121106719,0.154748768740291,0.163281876015459,0.351955216885071,0.0983904157851539,0.120362721267518,0.176008028584154,0.136975601411864,0.171301293078924,0.183684904989397,0.19381716701608,0.204718684295023,0.228590212958217,0.119127304817162,0.259937975357879,0.121147682445759,0.118954359271672,0.173665206491318,0.227973460485989,0.186309707736527,0.177545902377478,0.114870916900512,0.0818824710158566,0.19571043526067,0.217840802910665,0.208943895325795,0.111908879930343
"NY0651",2,2122400,2,9,0.322379486269645,0.165087173719245,0.160333829146311,0.346219132877786,0.116291675229532,0.133177581986881,0.145829094423312,0.117800077906331,0.15045969715324,0.170554880144108,0.18871604215692,0.200197921820881,0.238297348802416,0.15673777504595,0.260587243754236,0.092819383217408,0.0741164648095458,0.156745699656886,0.240393870602645,0.217650575018923,0.1846915502303,0.129237929613505,0.0692534661613988,0.188844304555987,0.212706466506969,0.218056689365835,0.119174759912016
"REGEN",2,2122410,2,8,0.339021275762261,0.173333163611579,0.170406659900736,0.344217535830292,0.080826522962977,0.115168945298188,0.124114700836439,0.101893154342448,0.146541410636364,0.179803225806452,0.198490443268466,0.206641353722077,0.251861714735629,0.167846520792285,0.267652745400614,0.0956992502693728,0.112302779745795,0.177687660044211,0.256324818292574,0.217646029735386,0.201213247644245,0.130348088095942,0.0494636734176949,0.194316082127072,0.223282676947322,0.223245179121482,0.123511317316463
"SW4107",2,2122420,2,7,0.354076566360556,0.166617933819803,0.169394938721153,0.3556104627993,0.0735718730628939,0.116712954376707,0.163567797353071,0.141149692879598,0.16769141633263,0.206289585455985,0.231063658193417,0.232878798077258,0.241642012114303,0.159228032981747,0.252516647902135,0.13003463387588,0.164948595754949,0.197595204553839,0.263043694700348,0.238587272666926,0.212580842945529,0.128807769230636,0.0737332866489215,0.19605861122143,0.237297056045112,0.223398546947657,0.12492580177328
"PERSIST_III",2,2122430,2,6,0.363515196868465,0.154976973880933,0.167678782753394,0.359095064556535,0.0713886088093406,0.0982764416141377,0.146424425684386,0.117787307777773,0.15950106940304,0.195365717500046,0.212771196193986,0.221709243688567,0.273219375568054,0.130091853522828,0.279818401643955,0.091161731677369,0.185531722721089,0.210113290889137,0.270234618545583,0.250685843017734,0.223122938890907,0.136133458569853,0.0629092505715503,0.187041666744834,0.240536062071441,0.227439779282202,0.124171003288774
"LIGHTNING_BOLT",2,2122440,2,5,0.34631713498317,0.131902330191327,0.146515281593285,0.348432019932302,0.0771747978149867,0.095847117241748,0.156625026437338,0.124337277013821,0.146033443460307,0.192894564562426,0.212892466166069,0.227339670149357,0.268438070507145,0.136852204136415,0.266087575154027,0.100438317531222,0.200774795934148,0.21905660735596,0.25361511788869,0.241905840774797,0.225779238560371,0.135110396988497,0.0532957328099389,0.148905142840401,0.227939078783554,0.218703773509872,0.111544049203853
"SEEDWAY_9558",2,2122450,2,4,0.344635692243186,0.151103082206178,0.149799237427872,0.354539718231216,0.079381573545441,0.0798623183176579,0.124478109324146,0.0883245117580242,0.128632294852192,0.17530873037895,0.189747371974171,0.216890322746517,0.275958157251301,0.130231762110146,0.295313287418109,0.0556399199434369,0.183178457901485,0.191913115484018,0.237810511028021,0.23881253123674,0.220109399545856,0.124556304270896,0.0207700884939491,0.0984232879641946,0.200820215332384,0.211525812188298,0.098148569852622
"ONEIDA_ULTRA",2,2122460,2,3,0.383167528363753,0.172992572022378,0.17111261516446,0.385974418113742,0.0782879091703113,0.0670649699892615,0.113887788805417,0.0770224695869357,0.11499520298849,0.172179516225059,0.199668028848487,0.235623663978669,0.282761433305161,0.109707992713548,0.298240235452817,0.0644446396823721,0.196773187488507,0.19168865753492,0.247557548700333,0.251275047407803,0.228725405083954,0.135706823339429,0.0262775790738145,0.0700568427449924,0.200864248048914,0.195576702273043,0.0816688026806895
"SW315_LH",2,2122470,2,2,0.422483215906095,0.208918548984883,0.212043225175847,0.423733590255921,0.072645295274084,0.0583292221766153,0.10781560433596,0.068013472023321,0.122316147910497,0.179492231739365,0.206049351081031,0.251879527870622,0.286701276146894,0.168633171106962,0.309934307468935,0.05309390486418,0.203204948182447,0.190912555719423,0.246956393077268,0.2530686786391,0.239372641653754,0.145240070765738,0.0165315771147272,0.0460081870297186,0.186783691899191,0.216130519222181,0.0984038305087692
"ALFABAR",2,2122480,2,1,0.439098118956997,0.207579142772329,0.199120173973328,0.428264580115116,0.0288837250456878,0.0245312127613144,0.1426228078883,0.11252782717916,0.133927757709985,0.187321021022203,0.194605537829603,0.268087409582406,0.296018280406248,0.207371151582797,0.32577672242815,0.0980977325871259,0.229998471344465,0.200329064303516,0.274909869946751,0.277570877632534,0.252425561550349,0.166390585268865,0.0212745747954368,0.0422736735022649,0.217047660381984,0.216585263102463,0.1085015947072
"GUARDSMAN_II",3,2123010,3,51,0.333179236828811,0.216687684318792,0.238135604519262,0.390811400215724,0.0344368197081115,0.102760733867008,0.155903951597276,0.0676306428114428,0.220664057750929,0.151801483817272,0.196486376719465,0.23052078376635,-0.213233571911997,-0.0203002675460119,0.0121550006359436,0.174185038664537,0.273226964274993,0.235472992729187,0.150003576116183,0.164877572898694,0.134283044306371,0.0873156406088615,0.147000497181379,0.203528443323239,0.0592088626832748,0.105446826989441,-0.00182767643984636
"SW5606",3,2123020,3,50,0.328975860212013,0.235623140838597,0.255225343685994,0.392355860769971,0.0418790196906679,0.124094477864552,0.212424895836354,0.120613996671148,0.244842254586106,0.157381535782127,0.242982936380854,0.232055329086132,-0.217773954842271,-0.0302097591956463,0.0345016683469655,0.19467874404825,0.263917675066648,0.240423520200484,0.143192094963306,0.141818116800038,0.119277514202233,0.101706927684386,0.138740228313497,0.20676414551733,0.0672074301566041,0.115218820676056,0.00825768041724811
"VERNAL",3,2123030,3,49,0.29389297590833,0.193399844591306,0.212105091098851,0.368872684921927,0.0441187391201059,0.121715763450519,0.122443699302771,0.033117391436953,0.184154333868565,0.112064848671748,0.178907884508854,0.181319243610786,-0.22675921399392,-0.0733846128862883,-0.0495285580919327,0.18134099669041,0.239932192250341,0.218356683879585,0.154970499432558,0.1417545344887,0.105134499711662,0.103213289254648,0.127796059388332,0.180336827100767,0.0349278886362691,0.0971459038426868,0.00203705578209089
"SEEDWAY_9558_SBR",3,2123040,3,48,0.284550349933579,0.205383079382204,0.210596920663753,0.375707236686334,0.045111521316814,0.115638825632472,0.126044271754804,0.0733506521910177,0.204962057539975,0.12582466184393,0.210200752711977,0.182431481391408,-0.225730638637408,-0.07106188001441,-0.0418617959845487,0.187532357267938,0.204759287170848,0.197701501407823,0.126662176266072,0.106543644612017,0.0985752698041979,0.102471974613704,0.112325064609815,0.204523061080157,0.0420611793057098,0.119904324931087,0.0283641876235121
"REGEN",3,2123050,3,47,0.279558478659232,0.203326868660769,0.194464092313817,0.377115260735901,0.0586379119736387,0.118250301409559,0.102766999218521,0.0733045123562449,0.196201638343803,0.114754792829008,0.181135956573654,0.179717690326319,-0.234736554796768,-0.0577990851943351,-0.0767958190198831,0.172056454141725,0.199642874593015,0.174448089288448,0.146395984828049,0.1330882181201,0.123654071702981,0.112218289909875,0.127931307544234,0.199742536293685,0.0491595375255767,0.108327499126768,0.0130134084178551
"VERNAL",3,2123060,3,46,0.246476422678597,0.185230009081082,0.171754270758187,0.365022748935659,0.0572227356797548,0.102739005927322,0.0226310721675828,0.0296762608000711,0.164789766487641,0.103918241730476,0.134270259575333,0.159764906377679,-0.2587786705725,-0.0646281032948235,-0.111181993360165,0.170294706024515,0.187823270532429,0.145847077342296,0.149962389890324,0.135692326646428,0.128510539444992,0.11295879157281,0.124977140355447,0.157846519000337,0.043894759897766,0.0816203474524448,-0.00923680089569595
"GUARDSMAN_II",3,2123070,3,45,0.271390988878281,0.20397966533605,0.188574774349365,0.366445017631644,0.0852609859577103,0.115224178784078,0.0567168850106153,0.0993549788928096,0.218993239232234,0.133321041976167,0.167023359314025,0.169934784693152,-0.279801777383204,-0.0516561314143544,-0.0773799602339406,0.190301920504193,0.208697635248969,0.16193533159284,0.174275609555606,0.145766804287097,0.154428997513751,0.130200429724299,0.153296263148219,0.170170746888616,0.0623872721957623,0.1096180651222,0.0316523793973928
"WL_349HQ",3,2123080,3,44,0.271871173089375,0.218132888146911,0.180478527377129,0.354397801784487,0.0869936039565281,0.114985805721976,0.112129006702384,0.159993467237889,0.240129583444435,0.143098501639584,0.184901646852207,0.17573163045905,-0.289178122959271,-0.016904138104296,-0.0365495369613862,0.20289682482559,0.204653713323918,0.15528467301308,0.154164187393391,0.13851798558434,0.14100261271008,0.125098534565451,0.153782585408763,0.168789371632278,0.031363510112426,0.0861608125055696,0.0185223228447591
"REGEN",3,2123090,3,43,0.287123321806727,0.232298427659324,0.18899577529781,0.336917895866482,0.107519674934756,0.102798808207766,0.0348511102734755,0.0752605802905071,0.209159971221659,0.126600013530017,0.159400619655083,0.173629026363129,-0.303882406895529,-0.0867575689529762,-0.0691254606637103,0.197708523758096,0.213675812438141,0.177586075834277,0.169318329052566,0.170805636994339,0.136709738893936,0.122471873437771,0.155562237729345,0.172717863136819,0.0325629308020436,0.098821194910904,0.0352892190512374
"WL_349HQ",3,2123100,3,42,0.273027150198352,0.211232477188089,0.187320462900515,0.320928576902255,0.106684189708846,0.107084069324259,0.117167275294459,0.144394803759277,0.231172958935817,0.143505581536769,0.17973986899886,0.178645381619553,-0.294922470745488,-0.038705846680037,0.0153826232150093,0.218725399897505,0.204357109833695,0.174504822787733,0.145397306984924,0.157228447634598,0.138599710349106,0.127414344973376,0.180816453689138,0.171125199606216,0.0312281799512885,0.0928841629394963,0.0411428640937152
"SEEDWAY_9558_SBR",3,2123110,3,41,0.276229347685524,0.219486443523702,0.206011117712349,0.314113928399643,0.112463831372518,0.103480325574525,0.0475772017679362,0.0653735100156614,0.197289898696377,0.135538885074879,0.149073275648081,0.157976460639544,-0.293192030398913,-0.121291458225775,-0.0456813572762318,0.203270415038029,0.181236771959654,0.179289584239852,0.130928955942096,0.140682889197907,0.122257891920813,0.090230110247961,0.154727292237466,0.174458155064548,0.0228633057964652,0.0852449338147479,0.0270980191811445
"SW5606",3,2123120,3,40,0.289321850220401,0.231539581066064,0.204471775706967,0.322499488120754,0.118790240806708,0.123171236479898,0.169203226717625,0.176638268789457,0.242026612709606,0.17379679383164,0.197559040712233,0.185899594876779,-0.132735696234913,-0.018274650175372,0.110267166797213,0.234178294531896,0.196902672110066,0.196110971053584,0.132642421445788,0.154567878046817,0.145379247916117,0.0878318775621342,0.161835485574503,0.187785953497237,0.0462406849058404,0.0995589149519283,0.0298618574292551
"BORDER",1,2123121,3,39,0.294051320798582,0.228700508080809,0.20408386812677,0.322183538003603,0.10648595773914,0.117747447617138,0.174813827762228,0.178261176651354,0.224702830696939,0.173992544661635,0.215360832828898,0.176850961238468,0.164807763324806,0.225230118941863,0.253584231184162,0.141384145026632,0.174733739471677,0.19977654063623,0.189444546328187,0.214007558273311,0.167589388491131,0.0967291379653938,0.061362421407309,0.204358340702803,0.176223399984562,0.160181307741553,0.085200649463398
"BORDER",1,2123122,3,38,0.298931972325167,0.239546034824281,0.209055616964655,0.323882142918909,0.0998711592878068,0.116879954340795,0.182496294033655,0.17817311060734,0.213470335507015,0.181089611516847,0.23652173417349,0.190852611720639,0.207416931791392,0.272713163532093,0.293558589342191,0.131966376392287,0.190518316729589,0.2096289630284,0.217968630893257,0.235187428684125,0.17759506573202,0.103235486802342,0.0369686717415461,0.214356784098255,0.191230501672512,0.178632025473942,0.0979277841138173
"BORDER",1,2123123,3,37,0.299864747865638,0.237378903588133,0.209041551672467,0.325249430767849,0.103027976045845,0.116567145578637,0.183498357877181,0.182968597488865,0.2066379231558,0.186974263996806,0.247287567258454,0.211707688027969,0.229708113787213,0.306348473460659,0.332387093504947,0.129713388922073,0.19916610657057,0.208675549561467,0.241868327741035,0.230168011128093,0.188863450915214,0.0971482216239196,0.0517739385203038,0.230635099049441,0.205950514462021,0.197822036655553,0.10984479482911
"55V50",3,2123130,3,36,0.289205342231373,0.233774847919013,0.21385976871021,0.315181517346758,0.106355274616238,0.10688674121036,0.157076701163928,0.164227179652265,0.18833112356683,0.184405040626502,0.25325521177348,0.216039870279303,0.225686149513734,0.295310357213931,0.336879718980902,0.119111983097716,0.203015729157708,0.198536640397105,0.262699358608437,0.235015340474247,0.209501293463573,0.0861704215580669,0.0562501876980432,0.237137559157541,0.221512124705651,0.184641851069914,0.0982681487171602
"SW4107",3,2123140,3,35,0.305365669491564,0.230160834911081,0.205177967279974,0.314567890248998,0.107145187629879,0.116652617555884,0.204243159062127,0.213892373340642,0.1973843484092,0.185903984530015,0.257239232562183,0.218978291651227,0.217189179640628,0.28303079345451,0.341748208684813,0.149799113387235,0.217185656035786,0.199901124471456,0.257616908425367,0.217483026736565,0.21200252171776,0.0734751825242778,0.0920367523081608,0.256264749238136,0.238348483407492,0.18528194644964,0.106137798711669
"ONEIDA_ULTRA",3,2123150,3,34,0.302961072171753,0.228935408105362,0.181668922130194,0.292516004838157,0.123723046492106,0.119885432143427,0.141474501951819,0.150603324770095,0.141830112878799,0.157998155856164,0.23029132502057,0.205028580803693,0.208752608547928,0.272484452521212,0.330514253239178,0.0997261562462435,0.200292687181174,0.174427332683542,0.238306968864673,0.204878766845946,0.194948492712689,0.0493686932183726,0.0620063860862112,0.230921336254668,0.217106186200306,0.173978918300556,0.103454879318654
"SW5606",3,2123160,3,33,0.324066497311692,0.248795733789289,0.211748493868687,0.321490670914656,0.127145351431678,0.139640272304457,0.180962237723994,0.199839156527975,0.174912519636185,0.197790912675185,0.264459660294763,0.233156442033169,0.185202117809503,0.261159549205531,0.285225787646303,0.164685423622451,0.22801855745399,0.184857438473373,0.245029854698324,0.181708178433527,0.202257522405092,0.0662143934478091,0.107079928807673,0.22802012309393,0.221532638203281,0.146519903741803,0.0818486826233284
"REBOUND_6XT",3,2123170,3,32,0.307841109799718,0.229263909206846,0.198396055952324,0.310586797112936,0.10748500172076,0.152124124710196,0.21739216507992,0.22003881105015,0.181479573061474,0.197150042912304,0.260433623925259,0.233245934474877,0.170946895043771,0.251082186189561,0.252174538030559,0.176978565539984,0.229465773090157,0.188932345040774,0.247074591661279,0.190512972217444,0.182836161506768,0.0469127144289723,0.122859867230969,0.238905778328584,0.230580383701301,0.151574070119796,0.0811464823682549
"NY1615",3,2123180,3,31,0.311979921599643,0.2276964626052,0.202395267298487,0.301090907379917,0.0964030330049464,0.136257716229616,0.126946229309796,0.141323839905469,0.136761625666207,0.166964128742547,0.241621205814894,0.219636332617751,0.192860485472572,0.258343516484072,0.244610015383556,0.108521531267148,0.190970422769336,0.15789617487583,0.234607658692014,0.179542174867061,0.202695553703822,0.0568681039587892,0.0243991231984971,0.200266017096214,0.196634454325974,0.167529298508543,0.097128859719343
"SEEDWAY_9558_SBR",3,2123190,3,30,0.302488024535547,0.214847590799442,0.194473801432007,0.294549054035966,0.113733694040184,0.150996914262552,0.0994202594851007,0.12507235454915,0.132262530064778,0.159621123105404,0.236530830239977,0.20159011747112,0.192325854324406,0.251012793884417,0.221710103184703,0.114701645863548,0.192567629951066,0.150853753618648,0.222523216622646,0.165635158706203,0.183781608681489,0.0423826175169059,0.0389329570496193,0.204533441793776,0.207030273857925,0.167043260144172,0.0953265289871425
"ALFABAR",3,2123200,3,29,0.299482608873612,0.206729183591927,0.184112412482075,0.297800524372574,0.117937044638469,0.153900364301186,0.0756213828639466,0.1122236460273,0.13022489926065,0.161393946856981,0.218837841990618,0.206171499322077,0.205951678983038,0.253776926146131,0.230429338649245,0.105402932406743,0.195808732887822,0.156969077102547,0.243321148162219,0.187838939121649,0.189593307252605,0.0632434600512901,0.0441922405333936,0.195923281010765,0.198061912525388,0.162359845394671,0.0892861427977383
"SW4412Y",3,2123210,3,28,0.315585436805527,0.230298051853553,0.198437967784725,0.30910869156819,0.108037551261933,0.152719968608556,0.106902328872609,0.148716063060789,0.168716722301443,0.186178733914705,0.246924869061946,0.221302377987053,0.181412480405737,0.243960402154404,0.208849683991239,0.158605993449921,0.210783565384596,0.177462979274233,0.248184064625618,0.182223092799438,0.207071372954847,0.0743813617251297,0.0810313142909196,0.214040394628784,0.21812850348858,0.154848762843719,0.0951264225617815
"GUARDSMAN_II",3,2123220,3,27,0.316901953875366,0.23550510501873,0.200840410841013,0.305744632033804,0.104114508406045,0.146734089285117,0.0812574112238015,0.11739218212134,0.153983712324635,0.168767278329469,0.228322800612593,0.203117664125762,0.184663183530949,0.258748778381905,0.218766408282804,0.107112740901087,0.186874129612416,0.163560742645869,0.240634527686131,0.197597777864129,0.198824409587116,0.0677650055928604,0.0672918292529881,0.213676982712716,0.202588448062841,0.178912006257458,0.112717845839974
"NY0651",3,2123230,3,26,0.316791426634514,0.231160113245016,0.199975378916942,0.304131213157039,0.113781044666322,0.155020676062314,0.100074043790433,0.128632674936478,0.152747219089351,0.164217914519674,0.225523565546736,0.200492452701906,0.16338260227158,0.23847841411707,0.192470492083706,0.118498306522001,0.185115508942427,0.155976059459436,0.229561415311318,0.191343891311032,0.183567444716506,0.0508453112894738,0.0920551914963875,0.231869436937959,0.217728824241596,0.177649250043713,0.112615585020205
"VERNAL",3,2123240,3,25,0.300193263610369,0.218192080667769,0.1807197365705,0.286460058853349,0.0965533915888869,0.139624803726631,0.0196929797533167,0.0562509853143841,0.0941470246698968,0.132222408170759,0.179550632469075,0.18699591288638,0.1822300307588,0.252484861321036,0.204576973170341,0.0528353159472705,0.1449363852351,0.124914484626545,0.20627437577902,0.193787801641326,0.152621578083777,0.0478527189706183,0.0330210626363295,0.178007292798729,0.159743727863327,0.148456561903745,0.0688210182772385
"SW5210",3,2123250,3,24,0.333365559191386,0.25322888831343,0.219766629884936,0.317137293731246,0.0965682324960149,0.155579863703639,0.155096893843602,0.192509391719346,0.187713929414237,0.196025228993679,0.263146494669202,0.231675204924774,0.194865092816896,0.269409611712285,0.220299242631868,0.146494237226609,0.208740394024328,0.181542454933897,0.262698706686006,0.236200336322001,0.227287969106418,0.104257772021466,0.102649737396885,0.248873476515606,0.246197897937908,0.188609004319671,0.123300358786554
"EZRA",3,2123260,3,23,0.319979293713622,0.195688359111072,0.214411153909367,0.306805509940654,0.110785618304476,0.161035903275434,0.0954373195263253,0.137429525167226,0.145304036714077,0.157307920134531,0.228843719522873,0.210190348076701,0.177488825988556,0.254528366028756,0.211858892015999,0.0953933451595426,0.185801402490969,0.167048090171507,0.248452506018267,0.215164229515493,0.203681866313972,0.0906884965986735,0.076940201885278,0.222256347091212,0.213517349644064,0.180553996763344,0.0984465404955599
"SEEDWAY_9558",3,2123270,3,22,0.291295250607947,0.171863913831538,0.191233357259571,0.29155724975293,0.118482796603959,0.164364904948825,0.0905895908386501,0.119473594494647,0.130957630000527,0.142380530672026,0.205867128291844,0.192968702386136,0.17677740846825,0.226560539386942,0.200278392866601,0.0707649066833786,0.168201918773835,0.148767580722755,0.23463780052006,0.209678696778582,0.193561698644172,0.0724909687925084,0.0548128167390826,0.202045734229667,0.191915238826135,0.167734287386026,0.0899490133500251
"REGEN",3,2123280,3,21,0.318543512851357,0.191447207342003,0.191713281737474,0.295609048267277,0.121208078227131,0.165144901301053,0.0862888500873035,0.117348096271454,0.139709468992388,0.157306627165583,0.214835530691949,0.202658772943277,0.18954379820493,0.22901965406782,0.213285744350792,0.0765434774374172,0.174611242064999,0.149494519142277,0.228078889427423,0.210176492422843,0.189425832757766,0.0750638903241203,0.0355037001004938,0.206338295818097,0.20320368289707,0.171235110412631,0.0902745699557966
"HI-GEST_360",3,2123290,3,20,0.327584206149449,0.196270057757174,0.200610273379193,0.311378959183522,0.106051898736111,0.165901223098696,0.153789580559961,0.167792708660774,0.179803314038693,0.183196274810403,0.229483220391268,0.21640533641276,0.182409238495331,0.229010254513108,0.213310001619909,0.13839763294998,0.201087637920494,0.157211678337907,0.227438210296656,0.214509554703351,0.189596114530563,0.0730509154835364,0.0904555430257564,0.235472352079943,0.223410644618044,0.177418715107943,0.102424935791129
"SW3407",3,2123300,3,19,0.349868065463884,0.216938398721564,0.228563702405454,0.328669012707914,0.114537253462631,0.164431163048622,0.140169042153499,0.172613823604354,0.184105961061101,0.200064459554769,0.259821209934787,0.240656372141726,0.206641837936268,0.243428417931764,0.232852248617355,0.146805939583988,0.21832342909385,0.177845763573249,0.244756145051568,0.223057562817837,0.20670970609516,0.102574990809331,0.0943085692156887,0.240911254010645,0.227076778892779,0.179198465439797,0.10795993774033
"SW4602Z",3,2123310,3,18,0.346893177453961,0.215122148184731,0.217770593536412,0.322022794035998,0.105950745290366,0.153941347647814,0.118650442883945,0.140067594331175,0.170826045978304,0.173804374177874,0.242284705982955,0.236929131200829,0.188323367636235,0.23392759783694,0.218323329502745,0.127442273129314,0.209809449737507,0.167795359721974,0.228337124321509,0.20159475738046,0.198832491948958,0.077308728831095,0.0707003031640946,0.23202137695095,0.221246250793735,0.191885650967367,0.115690702221689
"PERSIST_III",3,2123320,3,17,0.336935434199929,0.198078997889826,0.216967636792298,0.314849750609198,0.104349164066568,0.158780806371676,0.11593190329354,0.142093254814116,0.162439851254634,0.16492366140495,0.227581884130654,0.212042575381123,0.189762096759613,0.215567416066607,0.212470182402287,0.111419444024953,0.192941330781791,0.157718095624017,0.2270798606546,0.192566180883629,0.18817236087512,0.0838695673693017,0.075163476745357,0.227537746249644,0.215964235607671,0.195309028187508,0.109913240246382
"SW315_LH",3,2123330,3,16,0.336275531507786,0.226372780763726,0.238793380791978,0.313079394829422,0.12394756525087,0.17324883182589,0.0800791584330589,0.0939807655547429,0.136207770915411,0.153718249804723,0.219763949956118,0.217137146593367,0.210376218480625,0.233307883239958,0.220202826100703,0.0475397396696342,0.170564061405117,0.139702883465816,0.21160230891535,0.168091089898763,0.190936551856164,0.0785576746319263,0.0383305234394705,0.200618626725301,0.186936190279118,0.190332887061034,0.0930852665529606
"N-R-GEE",3,2123340,3,15,0.333964558606797,0.209358937521949,0.213655050007756,0.29699550060776,0.119964542337471,0.16824852287954,0.120125919348707,0.1365957185448,0.154008501560436,0.162696299461955,0.219223409481954,0.202827817683589,0.19759518280469,0.199321577281112,0.198300832472642,0.0805036231284834,0.165685848641819,0.121573805604827,0.184735039146598,0.143611813877984,0.164630807539501,0.0544753541455534,0.0704389352669839,0.210694614251457,0.204063893157242,0.193806292426337,0.10321367130221
"NY2003",3,2123350,3,14,0.335835993286344,0.220212265674489,0.244252845343452,0.314566860390227,0.122445014817467,0.16917037929567,0.0629834063716879,0.0727355954546305,0.139489153290719,0.170581559144729,0.225660156508534,0.21706054878683,0.216335051490923,0.236177986714007,0.235141258922342,0.02229425242763,0.152683439851145,0.122499258079864,0.198837324963252,0.174821887470489,0.162129892292008,0.0520355738561738,0.0406067875340741,0.191029874576581,0.166735990811833,0.19763979222502,0.0977185935166103
"LIGHTNING_BOLT",3,2123360,3,13,0.342123166468823,0.209043852752536,0.226353232267022,0.308445867476765,0.0975633645323142,0.164586149820461,0.191314344170702,0.187563275651888,0.192072071329129,0.202099582106836,0.2399128012724,0.216487614157413,0.205779114507543,0.221022251729612,0.221315987611381,0.147389174232745,0.215228769204795,0.178445648256132,0.256731401210973,0.218452774035625,0.212159809153222,0.0868081985751241,0.110191192658055,0.245580333134804,0.245634933450639,0.233115201424802,0.147916632073108
"PLUSS_III",3,2123370,3,12,0.344310078962342,0.20352959687845,0.225325144705788,0.31433690922207,0.0937788393533932,0.161939061679862,0.196973868244316,0.187438329192597,0.202106537303069,0.208203492884919,0.252550912161493,0.233326834304213,0.218921034094589,0.237584111346685,0.239909307254931,0.168392441220562,0.233540191522078,0.203698839441955,0.259460103277632,0.204972442515611,0.221870017364027,0.100025782820779,0.108554984298029,0.250404747280403,0.258204027152103,0.230755015716788,0.152107155681314
"NY1517",3,2123380,3,11,0.333377362963762,0.204662831283737,0.217422404458531,0.306972823977979,0.105759887042941,0.155247518501526,0.0883837942572984,0.0862315106101564,0.140038408019363,0.182322869356188,0.218536324958805,0.217824344909241,0.229652080640892,0.226446520962221,0.231774418881365,0.059619443695412,0.183599793268981,0.167822992883153,0.235878777899327,0.191545748166551,0.219449133801635,0.0913747808456843,0.0313394575828885,0.187396244545556,0.198881152942525,0.206629511573248,0.117437887714638
"NY1614",3,2123390,3,10,0.322356091670229,0.19297910335681,0.203076369130284,0.298453819918404,0.10128649914251,0.1491702497106,0.100468747820465,0.0976769673244982,0.139118208697615,0.175470153873783,0.210450443376478,0.204539932344164,0.212703555826102,0.215141668756052,0.214001198392071,0.0706069518779042,0.160061254323039,0.145740971523777,0.216554934314523,0.188256043233437,0.200803874720557,0.0649949817553282,0.0486483489233712,0.183168145178836,0.197943118378789,0.186363981252621,0.11848380075796
"NY0465",3,2123400,3,9,0.341392462712057,0.203509605337414,0.205491006979576,0.319577296673327,0.10773556414493,0.159734030061815,0.0980290686021199,0.103111299764976,0.136789396392159,0.177492632637891,0.212101930896472,0.216584813808835,0.206108041084959,0.234182114553068,0.218145544640699,0.0893824889606913,0.181873444162841,0.16264656393739,0.230138556586185,0.186519643043015,0.198296650536837,0.0811467102593112,0.0552279259007195,0.180089333954983,0.213620197899299,0.193744308037218,0.119464259951965
"ALGONQUIN",3,2123410,3,8,0.337460795832039,0.206734409971119,0.205512402400664,0.316132916671006,0.106363340611428,0.157220231914085,0.0794857089540634,0.082472824157736,0.121364976947086,0.16625649209749,0.202056959061325,0.207557104694148,0.20399498130345,0.244685320527386,0.219406779974205,0.0816308126454159,0.168845201815716,0.149749659491253,0.213108072098203,0.179694999712231,0.183571293463869,0.0641684557500054,0.0412338759478073,0.162551253765326,0.168176185217589,0.174485536081731,0.0948999139343124
"FSG_415BR",3,2123420,3,7,0.35425836811473,0.210130037484662,0.207837092185641,0.339742767812873,0.100665835091776,0.150221127588312,0.0977060219302865,0.10984752057366,0.13907187077828,0.18963630743828,0.225888604854092,0.227476448073726,0.204921867937067,0.241962518481361,0.223382398310592,0.123201983210322,0.198507987406548,0.17760536880214,0.240032840663041,0.198587114669646,0.206086614026759,0.0922917012332207,0.0853827741330092,0.196767460788168,0.216463218023353,0.185051498189081,0.118653565461526
"LANDER",3,2123430,3,6,0.338732779600144,0.185044062073325,0.190777281462543,0.329770351100694,0.107579657433634,0.152736290585201,0.0888336648249994,0.0870416687086525,0.115116748993155,0.167305692001273,0.209722678461346,0.217175257579815,0.216941860476789,0.253850287432663,0.236679930652406,0.116237470775292,0.191272314155196,0.181006887948425,0.23338551009857,0.19762435822362,0.202380166528184,0.0909925021849461,0.0724601645163213,0.188315637463037,0.214511970229405,0.179107904513845,0.118549179524583
"ONEIDA_VR",3,2123440,3,5,0.347819362295637,0.190922242840857,0.186543802953421,0.329438599101537,0.100411093865983,0.140840082778839,0.0922663962048878,0.0805649305743778,0.110950329120957,0.166810964250115,0.204641532606174,0.216587111657288,0.228993900214923,0.249327192508569,0.231536195457387,0.0949785534718898,0.182814946863554,0.180664095135664,0.231493853297651,0.204491439062081,0.215631386727285,0.108343417263808,0.0465471120200741,0.19122785861604,0.207989989964848,0.186650082064517,0.130068248510063
"WL_358LH",3,2123450,3,4,0.380750480155316,0.223055387243515,0.219875750513194,0.363397946358417,0.103812566150546,0.134044823538132,0.144003044154721,0.110199997660568,0.143145359862156,0.191400774984891,0.234229024745015,0.252462611633059,0.256387875737571,0.268649311302726,0.248394595928936,0.157994743442061,0.21210011710452,0.203744141662113,0.230616531062765,0.207559076159056,0.205590277460972,0.0990622667000187,0.121948648434392,0.236061121821857,0.230961777128342,0.188881254286858,0.128345381914537
"FSG_421LH",3,2123460,3,3,0.399662294971886,0.248423786952238,0.2291006719598,0.392847135489637,0.0817511043477851,0.0944222747817317,0.137201387910771,0.10477250546799,0.133260875104744,0.195948655716292,0.24743676281133,0.283561691370976,0.281910554832297,0.292998234141475,0.290143602654869,0.138209917144726,0.220828352517095,0.217467091267744,0.257618038220009,0.236172764913902,0.233995297654786,0.125608223401999,0.0617140870371443,0.228697608520956,0.222281385793624,0.209979245338869,0.129555986470753
"AMERISTAND_427_TQ",3,2123470,3,2,0.4035876792472,0.235606995544159,0.217851422898075,0.386291995054046,0.0406437840477139,0.071862239476817,0.189200665489289,0.167758076959213,0.158778075401978,0.206215555135935,0.2401945386009,0.258242890269483,0.280591189879963,0.279314724140761,0.280816320342054,0.190726250374112,0.242086638996315,0.231665083091184,0.259560347402736,0.244000805989119,0.212577226095335,0.122779271245777,0.0815109988681689,0.255075660726589,0.244538806587558,0.208187176048403,0.125740391914696
"WL_349HQ",3,2123480,3,1,0.410259836462208,0.221149439037083,0.208964516884153,0.412916545966871,0.0233944784228573,0.0736536497524573,0.224795554521448,0.213175762258347,0.161509391952048,0.21714467546891,0.247086041012704,0.265837027292096,0.305963265548881,0.299195797612568,0.295616822976583,0.206869359657328,0.248751996890955,0.231193039803342,0.27376659644198,0.263631015183008,0.231130963352895,0.150839515331355,0.0772880211149446,0.260703970900724,0.260784301254449,0.20858310112224,0.127724068863734
"VERNAL",4,2124010,4,51,0.413262185921529,0.199304246992318,0.209949763793766,0.388598514943037,0.0680750156548256,0.0797897365454868,0.0677317393397326,0.0884746630581811,0.178063329462059,0.152742427160378,0.141509432284859,0.201920957780227,0.207009545053776,0.293091638039153,-0.10623743631539,0.172455972655763,0.217851040638671,0.155254742321625,0.152732907914214,0.150250294464075,0.132300733439433,0.0768587824817482,0.157580906468566,0.163723504284985,0.103462852796545,0.131016544097302,0.0400685795685048
"WL_349HQ",4,2124020,4,50,0.423042061470706,0.229029982027432,0.235664734639336,0.399629430386505,0.068021355292602,0.0825065269599783,0.154730086714242,0.168606401802423,0.261382046724675,0.167631322858637,0.180621897442266,0.247641283141971,0.207892101483811,0.285868933303931,-0.108731677785863,0.226491748676049,0.238340529621649,0.183511199363523,0.166553665979315,0.160854399992101,0.142198238798064,0.100294121407424,0.199690338783885,0.181918334255693,0.12012946615068,0.15470688365406,0.0719823282402889
"SEEDWAY_9558_SBR",4,2124030,4,49,0.4241196929638,0.218313696529215,0.253700620922654,0.403729530492871,0.0870866849937409,0.0800020172385224,0.0667129113776066,0.0922213378287155,0.237189610041833,0.141478961745891,0.173801892768339,0.238222511137398,0.22510805588751,0.257205829127269,-0.140140429828752,0.191648406068377,0.224200970882881,0.187591512968863,0.181307031237427,0.168823418465303,0.135230944400668,0.0899806410921681,0.179424683473332,0.175261355453192,0.114057781659535,0.158069246215213,0.0660587022308973
"REGEN",4,2124040,4,48,0.408129855783323,0.207465150006927,0.25145642284113,0.401632635380953,0.108589757734328,0.0896005943643196,0.0583230368122877,0.0835652716324685,0.242666872814259,0.135560301129711,0.176297123008144,0.253938084859561,0.216015417210657,0.244698385158096,-0.135825354758472,0.196825673288717,0.22731920290565,0.197922220945933,0.200435540359487,0.187656182659293,0.157784599904035,0.122515197418212,0.193225794762024,0.178845378116108,0.108761984020082,0.148469269846541,0.0747206832127075
"VERNAL",4,2124050,4,47,0.375424943703647,0.168175409617655,0.224987611341965,0.385697826980125,0.120131433439892,0.111017977025058,0.0515942511944705,0.0755189889321947,0.201168126825198,0.115252006795527,0.138292767753033,0.231046045154561,0.208449486554254,0.232699395573488,-0.126043277630182,0.156974442111869,0.18857838963576,0.165256696624866,0.170151443152001,0.158398561059982,0.137977664026593,0.117721636524671,0.176327705269925,0.141889695547183,0.0912771237496347,0.0951115468397587,0.0350225693970359
"REGEN",4,2124060,4,46,0.374357190513099,0.187248832746641,0.234364355372695,0.368743893439343,0.117100281186046,0.121384317294512,0.0848405076811243,0.115339756688375,0.218125412354755,0.143836858153347,0.169438199913817,0.235721953683114,0.204058743672963,0.223707632246696,-0.119585005943304,0.165139762320577,0.203643749015197,0.177095126746472,0.178167517526075,0.159241272391057,0.131063610610353,0.121713335634983,0.151331078954824,0.136088572780499,0.0909074664595971,0.122849988518693,0.0387475000227386
"WL_349HQ",4,2124070,4,45,0.398116422979298,0.186728442884264,0.229947455194414,0.387143143440492,0.0864990198801111,0.107197893391906,0.158069187155619,0.176526331508706,0.274429718826596,0.165365201823966,0.177399417339676,0.232034731731874,0.219304013319154,0.218413771432642,-0.112930717283388,0.208945118786466,0.212182706121978,0.177693662826086,0.157959426176947,0.111573778493198,0.114075899870753,0.11476127302816,0.183677723653164,0.161760527403541,0.0665669188586634,0.102957029185471,0.00514294597844464
"SW5606",4,2124080,4,44,0.404394999157446,0.219752367219912,0.253394279836555,0.394092479359003,0.122061611844415,0.128464329188298,0.129627119817844,0.160515536764655,0.279629887913712,0.156299432729023,0.194183793817835,0.233309339773474,0.217573205514489,0.224158885695931,-0.0952916238029417,0.225159063515194,0.221143409938181,0.179335531926773,0.165477005040349,0.134576308963866,0.114735837946666,0.110629481871312,0.203402118498092,0.172485602451004,0.0954012732408595,0.111234037968834,0.00456377156804475
"GUARDSMAN_II",4,2124090,4,43,0.403951099114622,0.211134238485851,0.236994865703038,0.389741509701628,0.107277185691729,0.109026375988873,0.0913863966034768,0.117172753496865,0.254191359080314,0.138097623255402,0.173389934672745,0.218695648884544,0.220622608335919,0.2164592620769,-0.121518507551081,0.212951016296471,0.23609165633817,0.190400330674811,0.197372608424456,0.16568593335184,0.140991231491222,0.112955519866728,0.19795831646377,0.174291726686139,0.0785305901565648,0.115147050442536,0.00660232524457195
"SEEDWAY_9558_SBR",4,2124100,4,42,0.400730531668794,0.212182895503177,0.235632267209304,0.376688202495796,0.117985978817365,0.105342511301402,0.0789031551774063,0.117274387236654,0.257247772256556,0.144686883634871,0.192322823270018,0.215506470992617,0.229770475164727,0.219067006664238,-0.145245718748928,0.20967942764943,0.216527405507118,0.18493360668071,0.17758304587823,0.136070996665042,0.109324256079559,0.0788795115732845,0.162639170975978,0.177633327675916,0.0905121301582176,0.121807454267476,0.00788011408015814
"SW5606",4,2124110,4,41,0.409765778802372,0.217785184330146,0.241872725794069,0.385480741466076,0.110819225923603,0.0871981205576901,0.149508074115429,0.173705945538175,0.270879542780582,0.146021059280367,0.19752462058183,0.224989648281338,0.213720108898574,0.220856692357866,-0.144485031509149,0.223333098672703,0.218567813017194,0.18940540020042,0.155555878575441,0.108880405373414,0.0989288993597995,0.0746094151101121,0.181424145795039,0.176805592417172,0.0737024488521449,0.087422341688094,-0.0185105427534397
"GUARDSMAN_II",4,2124120,4,40,0.359925047373362,0.201451299219861,0.225054721439053,0.353628484653942,0.127805311983734,0.0877245746935621,0.120766482717935,0.141963374947377,0.216937947787331,0.129668113560524,0.161812857306273,0.191868985997288,0.20154605374454,0.236286393801066,-0.138874130264293,0.181327372456079,0.199533806650079,0.17975903239137,0.184148205109992,0.160698500927523,0.124813150760032,0.0697430097748817,0.150737958588997,0.164464500030412,0.121412351836209,0.126440701925243,0.00928059288574105
"BORDER",1,2124121,4,39,0.386792317356841,0.200397330187497,0.23915684560745,0.380793877746093,0.139920806904879,0.104866405807892,0.159800898556429,0.17212076855765,0.227419320684615,0.157751685346338,0.177862174944733,0.214190468336863,0.217842517718003,0.247408825093036,0.217100817631607,0.1216081385112,0.200876098773129,0.178651920484499,0.193080297727609,0.166701038609547,0.141302647706493,0.0581088985956148,0.0792394344736012,0.177150491685828,0.207788830542535,0.169576750484511,0.0799543995763375
"BORDER",1,2124122,4,38,0.393301937150781,0.204603199989511,0.244721252573756,0.377727430057844,0.138682173180047,0.118414529374994,0.170481864431537,0.175305882967021,0.229642956223907,0.16057663556383,0.169363572813557,0.211533520449577,0.222532116109987,0.223631856064346,0.266661827109002,0.114019521882546,0.199127106742198,0.180185403727011,0.204999741648168,0.18331866737088,0.15001384399015,0.067503113291431,0.0694548281328609,0.175401464861649,0.19309648141827,0.190931394443851,0.111627742847009
"BORDER",1,2124123,4,37,0.410428507271598,0.212315134476557,0.24668274379118,0.37285022459258,0.0683538021256586,0.0851167031531772,0.188230216457748,0.197903231214583,0.23977833592473,0.166808985017199,0.179807155713077,0.221407528050855,0.226986506746627,0.234004217857704,0.297761666827275,0.132840494471328,0.211445324901401,0.197651981394593,0.197886475738921,0.172417529597102,0.154648281162413,0.0834858719345723,0.0808459516262164,0.178398887409507,0.193035083999991,0.188546246320952,0.113337161501604
"SW5606",4,2124130,4,36,0.405422673062559,0.210057294759268,0.250621323435989,0.371118663050412,0.0969774522174397,0.110980804707654,0.178884489774693,0.184879639473945,0.249700293241296,0.172622059006655,0.189418941652167,0.226396738221239,0.233504483821906,0.217764672453634,0.311221646060959,0.15716329188631,0.223826761136237,0.205955210785373,0.198163255952517,0.172407355464325,0.153654668259191,0.0820575958830979,0.105113103668249,0.189096765996861,0.202054401344762,0.188159502682391,0.109641347706659
"PLUSS_III",4,2124140,4,35,0.395350387877108,0.191970141114886,0.233160193039184,0.364470227734157,0.100426311444823,0.111036446375128,0.179736679240369,0.179298724738982,0.236702945327057,0.16442787582224,0.168309561371449,0.216424141221374,0.204307998253069,0.228771036146523,0.280207709416794,0.153197221008596,0.226124397973313,0.203860286437122,0.203163065501207,0.182532818377007,0.161219690851205,0.093356832939202,0.103777376192971,0.194382774425683,0.219626524168396,0.189455601999879,0.117606207642578
"WL_349HQ",4,2124150,4,34,0.396488378056491,0.202312844763355,0.230868471302028,0.357538113124441,0.105935717685429,0.120161227043524,0.16633243983727,0.166850228530231,0.219847372347109,0.153579788658523,0.16468368964657,0.213112386142095,0.201968469346865,0.235987004855545,0.25171345086468,0.150559160870176,0.218910962840364,0.192981199574401,0.184042378847078,0.165980430449336,0.148842763949026,0.0841854245138697,0.104086871252564,0.197239098079531,0.210502369818248,0.17774152413844,0.1138348681423
"SW4602Z",4,2124160,4,33,0.399046194933781,0.208486067921792,0.233974762162742,0.365219626003396,0.12788292501933,0.138663693316231,0.103801142839922,0.110898810458779,0.185093409417795,0.133783328132118,0.160909636957127,0.233883119527591,0.219489738273167,0.218539734711654,0.271391322860794,0.107681360740052,0.209050625152135,0.185704938052125,0.180716547994167,0.161300413588438,0.148829911051265,0.0739429635167921,0.0634513458903039,0.172932880783645,0.168684319678837,0.187459810892754,0.110988779945555
"EZRA",4,2124170,4,32,0.378432904786411,0.197534838341592,0.212956184859129,0.343665068464428,0.119020220094904,0.131443892697299,0.0714006686706,0.0798392799546169,0.161194891759906,0.122640897480176,0.1381918177415,0.202479695776296,0.212086179716237,0.242652489414938,0.239281106365388,0.0807928518234386,0.188677979337299,0.175106944289769,0.190685381458469,0.184295209564468,0.163091445530574,0.0742662175061122,0.0519389855327165,0.171215634982272,0.184032600370935,0.184714194790462,0.0999499097173814
"LANDER",4,2124180,4,31,0.374759216581919,0.179568955441358,0.198411169495919,0.343792242512889,0.119499057363103,0.128862641687926,0.0904738534729009,0.104371514097886,0.158990980325912,0.127714259091819,0.1333067636663,0.2019130716854,0.201277707786207,0.222138606570674,0.220635090832962,0.0991315511112181,0.192673586038447,0.17218348454384,0.180018151863095,0.175113698284461,0.167195847688935,0.0670309694905761,0.0599182715613629,0.172259338202412,0.185151839662428,0.183122876084557,0.0746297791923703
"N-R-GEE",4,2124190,4,30,0.366847759768682,0.189517493474154,0.194990192169548,0.32439961974842,0.109509135226305,0.119522200883001,0.109730510390074,0.141624117186615,0.177010057120785,0.138844459969249,0.162759971455681,0.206717669933947,0.205740253980332,0.234965553650353,0.220855332981784,0.0885067133749247,0.180471393121611,0.166478757725923,0.178202225780694,0.184884737546896,0.164906782178334,0.0669853779882871,0.0666979155945132,0.193840398941603,0.195352668174749,0.207969660808337,0.106657624633031
"ONEIDA_VR",4,2124200,4,29,0.372525889156376,0.18479618237895,0.195319579638279,0.333670261607195,0.115534198464655,0.134345570736799,0.101971263921634,0.134387228389253,0.167913123170301,0.135666433829456,0.136613636587221,0.19053436562403,0.195547790874994,0.213087149782104,0.215967275384622,0.0876277216241952,0.202753879856641,0.184631419292345,0.20471640668174,0.217557110285679,0.199571237904571,0.0857912213970899,0.031001389461482,0.190776495644432,0.187680205742954,0.21256530911782,0.113237306441842
"PERSIST_III",4,2124210,4,28,0.395526567628404,0.196880790833248,0.208459809130665,0.353048586206318,0.0946722469237657,0.123974032694267,0.113775019957327,0.14127211597342,0.174078335196704,0.142009499006803,0.150450752379485,0.207907445511063,0.202539718962105,0.197837740384094,0.221867309588386,0.0994968833271016,0.22928051124125,0.216894871199814,0.229370941447554,0.232195145412452,0.211684976673096,0.0876254050536048,0.0348940123875905,0.204373440012443,0.198978271126552,0.213546046503201,0.123011977869946
"NY0465",4,2124220,4,27,0.402061386921405,0.181159861371918,0.2012943101551,0.348172370024299,0.107772700977577,0.13804157761803,0.106842375379598,0.122656775493824,0.158948974813092,0.133499576663421,0.143299106604773,0.206468624612588,0.205671016734148,0.219476601017144,0.214622727615403,0.0716686229119533,0.211942416775104,0.204265699649581,0.223788943699888,0.240054637151474,0.202774530319855,0.0882515135801859,0.0192350590859676,0.196916489054521,0.198980398869649,0.191205611613887,0.109038065711119
"ALGONQUIN",4,2124230,4,26,0.4074339734092,0.195197760894444,0.216466565919942,0.339140964974857,0.0958402362770771,0.13149759438597,0.104120839804824,0.0863885954014508,0.167487978849727,0.140473633212757,0.144136844623323,0.199875033978836,0.211929028539262,0.216386571933832,0.212644360938055,0.0739379812439368,0.195648808207292,0.21062371020123,0.227362908988561,0.240781475041219,0.194016633281067,0.078187159929944,0.0344408011049569,0.213872622655179,0.191080300853301,0.194887846670173,0.111365755584322
"NY1615",4,2124240,4,25,0.42942606396059,0.209989332398501,0.230955275069667,0.34037201470978,0.0860161143181314,0.122816547586502,0.107927537902381,0.100656808747166,0.181147508221287,0.153694956815615,0.172262907017468,0.215888807645502,0.218141874022227,0.203494224027405,0.199383859858786,0.0912710096315716,0.21029120850224,0.220055615040791,0.230495215509019,0.246848612526118,0.222594863892871,0.0902628359761744,0.0435350896922041,0.236096836882461,0.209807577409839,0.206907796240943,0.136218510210724
"LIGHTNING_BOLT",4,2124250,4,24,0.427731353538824,0.19960528775278,0.229827258721388,0.341300710524164,0.0921721666514913,0.127329618818911,0.145115595741257,0.132368024986463,0.196377261184898,0.144141146940608,0.17357133941556,0.212583136258595,0.192847780005174,0.213257322480904,0.175841766329347,0.130182043330162,0.234201883366934,0.236032351346079,0.232122671299155,0.229687284552223,0.200763467857068,0.0822335208857938,0.0848003329960026,0.235302720545766,0.211807467672987,0.183623393419724,0.124056224603086
"VERNAL",4,2124260,4,23,0.410884630049147,0.167813543799182,0.201200011917675,0.318934079758638,0.0958012611143921,0.129247802865494,0.0457499696909752,0.0505442719908563,0.136454813529181,0.11373075537345,0.120362076898767,0.181407369733059,0.198078123985496,0.211798916436871,0.186137227398646,0.0561907355790312,0.190286330691473,0.19422709710991,0.202712580891373,0.210872607103516,0.157229771747476,0.0650275837619289,0.0152374739852085,0.179154986195005,0.16356349192521,0.154101226674559,0.0692141990526175
"HI-GEST_360",4,2124270,4,22,0.427690899604003,0.186711048403095,0.220950868456391,0.332174212136188,0.0911703121000939,0.133628548387284,0.154301698928605,0.142127276185872,0.198834584691125,0.148389107041705,0.159988907247308,0.206360013599099,0.221884718690036,0.217335350014513,0.201524700083778,0.120551364680615,0.224823459603895,0.214961597187495,0.228423824820561,0.225903547872806,0.18601448098364,0.0907163423415019,0.0614595789342619,0.225293538835906,0.205904189916529,0.187188068163934,0.124954903518027
"SW4412Y",4,2124280,4,21,0.439952026553455,0.189867741336405,0.213153877565333,0.328511077410748,0.100313524287283,0.141469962714865,0.157194846090577,0.147318894310564,0.189517325381411,0.157557864698996,0.176183499070458,0.218460880163185,0.217643608467561,0.206503843460717,0.196473199294034,0.123605741912046,0.237412574402429,0.226734122450005,0.229593114248381,0.218276056318407,0.18847791250584,0.0896387790196726,0.0712646436643112,0.228542788099028,0.218621606434935,0.195499420182288,0.138934977225617
"FSG_415BR",4,2124290,4,20,0.438978844372122,0.205772375911704,0.208939672193129,0.327910109091846,0.0882416899175985,0.121744313853019,0.138646388434717,0.125069496117818,0.180585947850755,0.154451740108346,0.153771366275066,0.202594717289569,0.220347034066738,0.211791721003781,0.215296670220572,0.100443160685316,0.22016437870827,0.215870963116196,0.226729386978573,0.218491040473897,0.176572862903398,0.081890807171072,0.0559964415661268,0.235999076434409,0.218111517742284,0.201088093543412,0.136163348670457
"REBOUND_6XT",4,2124300,4,19,0.457938713102714,0.212495968263416,0.228921707952708,0.343811925272542,0.0876120227883913,0.136210879407849,0.212876224870073,0.198520392477078,0.214558056579571,0.181823609328008,0.20138255339212,0.232984528258791,0.203025364410352,0.241782426950559,0.191724053752899,0.170234283048865,0.259452093678667,0.246135839880963,0.247734349562737,0.218705193958477,0.199326878628352,0.105049690416631,0.120097629891397,0.272314122241699,0.256084128364939,0.21300569230439,0.162609980704687
"NY1517",4,2124310,4,18,0.430877460284398,0.206923466143472,0.248334376093103,0.324787776129604,0.0977943204982772,0.134327304654768,0.0623258676161321,0.0555726067365813,0.145159821700606,0.144639416591497,0.176774208922731,0.198791693515616,0.227940022875031,0.23874468814533,0.217346020191852,0.0504156645467557,0.200473344338831,0.204421818600687,0.232426088682674,0.201067862488905,0.209073293635817,0.109216605512781,0.0155970422885569,0.219965044847692,0.197959328385209,0.217501488062776,0.158716273137021
"NY2003",4,2124320,4,17,0.433846159676601,0.192090649470787,0.231704713827325,0.324463198881034,0.121841172498997,0.154238120876309,0.0793190698625421,0.0715766003562258,0.151308567951469,0.156576969238698,0.191390524814036,0.2357576218774,0.207296148351231,0.270107301908648,0.212209600375621,0.0360040657089709,0.183216516992189,0.189558132398779,0.191059247744582,0.162906158542838,0.17411708629464,0.0815291548616481,0.0344331550481095,0.208515701004459,0.170851456931483,0.195256869598807,0.155082346559122
"WL_358LH",4,2124330,4,16,0.425158087100458,0.191850734708863,0.215785777033351,0.318804716235523,0.101705375622471,0.144045701412286,0.162399020284126,0.14413743838247,0.19330601273559,0.157323663011287,0.189453169475419,0.222968187041227,0.204286298394762,0.296233011301308,0.187594631293236,0.121694917592842,0.231769620620305,0.221743151273836,0.212671287228452,0.16753145845177,0.183805008314996,0.0847439602415285,0.0647160225095474,0.237918803838378,0.196047056256345,0.190349834531546,0.152618435291592
"SEEDWAY_9558",4,2124340,4,15,0.414180312402762,0.164459450496602,0.187258737552398,0.303080314888141,0.112110415325891,0.141069160115006,0.126617233786653,0.129885114712984,0.172466478970434,0.15350682386713,0.161338922061711,0.20391542400864,0.20956031192965,0.279819592287845,0.217920002428596,0.0870388415549947,0.218053841654152,0.21501120494891,0.223491510666086,0.175510670292814,0.188171421672896,0.103051822806972,0.0219403726494975,0.224211000748927,0.203688889923999,0.198988483674148,0.158565575075792
"AMERISTAND_427_TQ",4,2124350,4,14,0.422114272699152,0.177240348196207,0.204232663119502,0.317194332822907,0.0917952371037795,0.142942682526098,0.164316243945467,0.165832718293972,0.201928673302251,0.173081557358193,0.203689231886128,0.219259669961868,0.208885825956832,0.243403757820221,0.194626868090736,0.140783898445483,0.249255639769347,0.242061700025533,0.242067099601381,0.190288287975155,0.199236727102692,0.108926236481161,0.065387986285256,0.253069130495484,0.237246989242868,0.198258690792026,0.172808920895939
"SW315_LH",4,2124360,4,13,0.429785922125113,0.200094208653545,0.222059542367907,0.343336649158982,0.114074835328986,0.145086904977886,0.0664427251420842,0.0696488332463556,0.130496763548674,0.145753713745836,0.184028951128957,0.238850300174576,0.213645162737612,0.169051549272784,0.230244498228649,0.0669745215700222,0.221999031262238,0.222019995748816,0.23579327972755,0.198602265671764,0.206329167265822,0.108973059479357,0.00385089587252151,0.20836105116799,0.188523035106986,0.188590623753438,0.142574164881938
"ALFABAR",4,2124370,4,12,0.421032030857633,0.187269135489764,0.210858438972736,0.335244756547331,0.0890629817804741,0.124690071355827,0.0770311038696537,0.0858411657365565,0.126657345144123,0.149671405706507,0.173446894334752,0.225784197226855,0.214513855878845,-0.175870254304844,0.223352214027349,0.105042805271088,0.23147586178936,0.235071233316701,0.252892075663196,0.217267696202196,0.224773061011874,0.123360601178558,0.0343450657664239,0.233467971163172,0.222657570750437,0.199783762956066,0.171443452138307
"REGEN",4,2124380,4,11,0.416405521269324,0.167847788752584,0.199769635688143,0.32421473721831,0.0894129976596496,0.120999744075715,0.0766189682626793,0.0967891844792008,0.105520702864747,0.14805856233203,0.171436621421184,0.223099189867334,0.206685276477077,-0.172009100572219,0.223317716881872,0.0926534255643537,0.226353975304969,0.236862041449804,0.244524415589471,0.202171229706331,0.218936191774727,0.107122170471261,0.0220665295026882,0.231862694166961,0.225819458956194,0.201429684557547,0.164599028915817
"ONEIDA_ULTRA",4,2124390,4,10,0.383790518863579,0.156393142698564,0.173440491461115,0.294042918180909,0.0738435708466194,0.106460691911743,0.0698556205232204,0.0827198865682391,0.0894409951699601,0.136556485914969,0.149421181779513,0.199109572550221,0.209024869199819,-0.179252054512323,0.218628543680782,0.0858094692326378,0.20880781392313,0.218665953942871,0.228538439675998,0.172964736493233,0.197422631264647,0.105224764427049,0.0211689850499722,0.213551718750492,0.197082944210397,0.162020113703726,0.129959948091963
"SW4107",4,2124400,4,9,0.415204507656794,0.183973190305538,0.194758058791927,0.333512021561076,0.0637332524346424,0.0976777125184841,0.121719589560246,0.140959335791235,0.132356646446434,0.167914703603804,0.1928894453853,0.236999393911138,0.22708327911274,-0.162516978122018,0.227736182454791,0.150135707988468,0.23872313190566,0.236680933300046,0.234680488426977,0.171480544042569,0.208424419966777,0.120156885325187,0.0671488879587503,0.2319262470393,0.235782486961243,0.171869798089083,0.155929943934906
"NY1614",4,2124410,4,8,0.406776075751624,0.188672539529836,0.195727669848015,0.323672503774504,0.0795319683233738,0.105673470266284,0.0708460829791217,0.0883701864631144,0.119709055151576,0.132673833949751,0.158190809056552,0.200923316756376,0.215847920599105,-0.124594544768593,0.240703439285653,0.0905666087898434,0.189350184387682,0.204948806964163,0.22997254585304,0.176419005432135,0.201185924312352,0.13459274969451,0.0218145336102253,0.222576070419117,0.212842992671096,0.183458958446082,0.166188891187395
"SEEDWAY_9558_SBR",4,2124420,4,7,0.420333281578173,0.185125735913134,0.197517308434364,0.346015711804197,0.0819991941228938,0.118544041575303,0.0975641505667944,0.121371172510293,0.150077316337188,0.148987934643404,0.177238318688497,0.214757647441469,0.224020006136116,-0.10230094690886,0.231408934804494,0.114526035327103,0.209062528166764,0.220017911858144,0.242206886583207,0.198423687293642,0.213601985544432,0.141585758136715,0.0389231817717529,0.244889663842941,0.247202363876092,0.203601627449097,0.191226397676626
"GUARDSMAN_II",4,2124430,4,6,0.395435250386513,0.176715378156067,0.182645530413829,0.336496859187477,0.0838361346934323,0.121962471009821,0.0966612571297113,0.105785259512001,0.16096872994057,0.150366126345552,0.177592883778028,0.21882526743673,0.229679959061802,-0.0557447919450395,0.246201354856245,0.11347932123046,0.214985597464889,0.237963449540335,0.251963227831777,0.197484973874312,0.219912169535602,0.138956721502412,0.0418728406839928,0.24709223812443,0.257813323222592,0.227736485878447,0.21909752829285
"FSG_421LH",4,2124440,4,5,0.422533752200668,0.197284793813865,0.199776926891855,0.381083370854846,0.110119109378453,0.146080399873593,0.106024504812272,0.115845133080814,0.17433519761347,0.174151349003904,0.210782773660375,0.277653081352926,0.235849189669521,-0.0489096692599548,0.258285080280986,0.149475503646638,0.247195363755464,0.25930404871576,0.261355519791897,0.189883573527097,0.247442957251171,0.159842171386528,0.0503383799375191,0.242473775078112,0.269282690490028,0.224226919365116,0.215888126530689
"NY0651",4,2124450,4,4,0.415217535753828,0.201883964959596,0.172607066718458,0.360149167512523,0.104168553667413,0.130433021454465,0.119594430255467,0.125163133465159,0.173503333329526,0.174606299212598,0.181221994814526,0.238031600269605,0.251630400388581,-0.0685606765757048,0.27605200403667,0.127656560443348,0.21320296634702,0.236175379829542,0.245814102949578,0.196851790804553,0.21694269810366,0.145352604772219,0.0623209762074275,0.251510023493163,0.267445520762863,0.21773212541781,0.198013624445383
"SW5210",4,2124460,4,3,0.446541745401891,0.232748954777979,0.196170140639534,0.397536603612269,0.0637763540241297,0.098714548826538,0.149941897987638,0.169283995445217,0.198080361528252,0.217351254555834,0.217129739719884,0.269833625352129,0.259248494913847,-0.0910145398176878,0.285824587124017,0.174370821160036,0.258993437798185,0.27711637175927,0.281513358176541,0.225854721833028,0.257860048210535,0.183732885741421,0.0815242960276711,0.284264988235748,0.300757165672341,0.230860720652213,0.214342041627503
"SW3407",4,2124470,4,2,0.453100281087724,0.23280012541301,0.215439384666741,0.420269540853501,0.0542750518998792,0.0935126307229679,0.183564445088346,0.186083390896968,0.212555143608035,0.229082553571477,0.23218995810612,0.273305702620244,0.266177240627391,-0.097183889226739,0.295489084801617,0.191954942782843,0.273336420845244,0.29288482278928,0.292497809005176,0.245411572410538,0.267953480412578,0.19382076376895,0.0777352371943937,0.289819972437552,0.303433761035065,0.237857442814033,0.202137673556263
"55V50",4,2124480,4,1,0.435864972723814,0.214086788774733,0.192201545311558,0.421661249937818,0.0304756154982961,0.0829918099682632,0.15359099288095,0.15500545213325,0.186808551554618,0.219472660767523,0.224526261396553,0.267750847155259,0.282874906322397,-0.0848306534227836,0.302914373820742,0.166114279387828,0.264413743644533,0.28997713795879,0.289627852844859,0.256040010616002,0.260468430041778,0.200631331713098,0.0710157515355954,0.273423026272579,0.291430437394919,0.229220899469516,0.19219702893066
