"Germplasm","Rep","Plot","Row","Range","NDVI_125","NDVI_136","NDVI_144","NDVI_150","NDVI_152","NDVI_156","NDVI_164","NDVI_166","NDVI_172","NDVI_177","NDVI_179","NDVI_186","NDVI_192","NDVI_195","NDVI_198","NDVI_213","NDVI_223","NDVI_228","NDVI_244","NDVI_248","NDVI_251","NDVI_255","NDVI_263","NDVI_274","NDVI_278","NDVI_300","NDVI_305"
"SW5606",1,2121010,1,51,0.57137375152081,0.45830184676981,0.50405710946179,0.615806358417807,0.350404178584753,0.405663864834009,0.462274287905703,0.496235268860449,0.538598801742919,0.234807268039959,0.239533865416218,0.467355814489098,0.533163746293575,0.568451275403147,0.504608286753615,0.485318231640482,0.501871947612734,0.460819344869617,0.384210031268855,0.302659488572137,0.26468739250086,0.204311246622543,0.375837892185535,0.277375027894059,0.301379256214859,0.266044125318359,0.334639265455771
"VERNAL",1,2121020,1,50,0.507266526139075,0.428119467691317,0.48894678352234,0.622074329731893,0.371686431240804,0.432627524694088,0.360352561155753,0.39563186505677,0.457449152906777,0.247056840435289,0.310805531494168,0.39651232269748,0.474101351279854,0.53915003594148,0.477472281970552,0.480379490926806,0.490181565504973,0.464142943521021,0.358845782375194,0.319633089287217,0.291611627106983,0.234140686756512,0.382166381857871,0.273870739542381,0.356828257746573,0.262888888888889,0.378619524924398
"SEEDWAY_9558_SBR",1,2121030,1,49,0.544115053428779,0.454005753755187,0.499840605341893,0.607003301320528,0.352319755844204,0.415952498466969,0.393454364339991,0.432513494386831,0.504421568627451,0.236520193980676,0.310520788167847,0.433379619381109,0.487395109149974,0.528700884442511,0.484443261467483,0.464368191721133,0.49494321740311,0.446419084202882,0.29414829905026,0.289612759492774,0.256498336395052,0.19689397883047,0.365438357054657,0.26762694133741,0.313715025068737,0.27217555146102,0.330573255770797
"REGEN",1,2121040,1,48,0.538402369056884,0.437351184557664,0.486558314180116,0.626924419992212,0.359496730892808,0.416950710108605,0.397880689393661,0.451062639004472,0.499217102396514,0.239170577677963,0.289102076756223,0.441972277564236,0.490737492955818,0.521959205381665,0.47879453848312,0.458248203629278,0.495591368766863,0.445931958686558,0.265943560061207,0.299799444474901,0.254108911527048,0.205775348487478,0.35564845292117,0.271638770419248,0.328033578788138,0.274466082613677,0.338306512527966
"WL_349HQ",1,2121050,1,47,0.566302851106773,0.447419094176658,0.494972039910855,0.62551709156361,0.369078291972242,0.423684833709736,0.480072454592268,0.518021933933969,0.529233316133471,0.215141419399618,0.259801631697057,0.467612126894827,0.512153582425955,0.528057622710029,0.499707720192149,0.449334157905586,0.490774165092986,0.425631760290998,0.299273911038617,0.290359382356353,0.264626663069683,0.209201060955356,0.356141739206894,0.276180321483219,0.324178844269391,0.285074195110143,0.345249000097551
"GUARDSMAN_II",1,2121060,1,46,0.560940403097266,0.431550448103515,0.492290893171352,0.635635276532137,0.37295038725618,0.426102019755271,0.405915623891478,0.463479090320665,0.511874074074074,0.240701023772341,0.253483667289479,0.467657680018067,0.499043320414071,0.525881189517553,0.492850462919667,0.447935780372755,0.486878775284926,0.429681511371068,0.304838987191928,0.300359587054866,0.274005417956656,0.230487593267395,0.366422126139076,0.271586372105403,0.305729657219511,0.272343551505109,0.334502733975956
"WL_349HQ",1,2121070,1,45,0.575459544086995,0.448312478206057,0.503875053671103,0.634966524726483,0.372887467709723,0.419650967429942,0.478028458446544,0.515485042638522,0.532161437908497,0.207075605572626,0.251843287137405,0.463633700714862,0.508538338784345,0.523130108156846,0.499070940593432,0.46581250682091,0.489899135888441,0.426118946603983,0.304779352818568,0.292183473551815,0.31015866873065,0.24318980689621,0.354838342617448,0.273853441411275,0.302489867853983,0.272736090470041,0.323056601546505
"SW5606",1,2121080,1,44,0.593152698789954,0.451655861803816,0.504169592267994,0.641546118447379,0.372737521130134,0.4106193179026,0.457978300490502,0.508460426612939,0.532441950464396,0.219847234047804,0.233696660279462,0.470618111285771,0.505118885114758,0.525249682300062,0.494406517243888,0.455797942072452,0.500798430844806,0.447563765594343,0.295437683672978,0.279600225000775,0.279858961128311,0.241202980700638,0.338892648110131,0.270716316622408,0.31446185461084,0.264068711988368,0.342015413130426
"VERNAL",1,2121090,1,43,0.530952027275557,0.414323237746755,0.493287260259295,0.614174669867947,0.376041053956985,0.411169690352622,0.355998711624447,0.397372126932965,0.48620174291939,0.231752311544087,0.270309667956727,0.391808487564258,0.469617366644445,0.506194399777287,0.480232201477876,0.433331871879186,0.46613232710377,0.450237539949901,0.323776947306359,0.297230597737697,0.299869823448051,0.300687637887013,0.369554895461792,0.257776057084016,0.323547983680833,0.282750621375311,0.329626175104665
"REGEN",1,2121100,1,42,0.530951555706458,0.435976687186503,0.498526880161686,0.625120649156524,0.367281501352636,0.408839623568726,0.422646263745673,0.454898164775963,0.486436618507052,0.217660444708857,0.287327742341917,0.410467354920073,0.485979575821733,0.507358238909041,0.491376497604871,0.440987455851906,0.482882443097234,0.470023075309419,0.334844699550582,0.304308903702996,0.310760547940513,0.341574122274278,0.41308833405332,0.257841465918727,0.335804649370665,0.294687900825432,0.337762088420561
"GUARDSMAN_II",1,2121110,1,41,0.541295545106647,0.431525673149584,0.488078996018565,0.619736971021592,0.381010844890525,0.410657807491163,0.431949846178708,0.468540653646581,0.49636394335512,0.223154626510418,0.249481138892904,0.415701926796491,0.490871718358147,0.513639895458077,0.50411498536066,0.440948970892705,0.475961669009797,0.454237377212093,0.335201664613429,0.3119826215668,0.301697433723435,0.350085025160507,0.451029835473541,0.294058635766208,0.302524236283548,0.303282710917039,0.31706350922722
"SEEDWAY_9558_SBR",1,2121120,1,40,0.49768306312424,0.414907644937623,0.482943130321881,0.601511348934193,0.373174012864435,0.419819401444788,0.40949267234246,0.430330788061067,0.464279411764706,0.223878379545651,0.325195756287181,0.404527821442689,0.486776081182608,0.48074658555942,0.470742541849808,0.37497990500548,0.420010247005609,0.38597761571589,0.355631006611399,0.312394040089067,0.324333935328517,0.369384497161697,0.408744458334448,0.303690888119954,0.275066358421098,0.285998555618355,0.28852034312965
"BORDER",1,2121121,1,39,0.536915843778589,0.445426105581981,0.490280929890204,0.613656182599656,0.369778726618672,0.415207669642991,0.492625863925741,0.504121149066528,0.513915011179911,0.520661857663419,0.497874781099182,0.54803396099003,0.496124778141179,0.462530630619153,0.454944040964802,0.414137170019523,0.557212594581401,0.510384094900809,0.461828826534709,0.391570443402118,0.350686274509804,0.376598800778915,0.333303004700938,0.448144441647514,0.53931700773468,0.461453619319402,0.413267160589373
"BORDER",1,2121122,1,38,0.536472097256411,0.432115012829976,0.48904528578284,0.620340405220384,0.376905346401064,0.427524202663522,0.477992734211589,0.500722409589301,0.511363507625272,0.568621501698024,0.514489401456092,0.581379145340426,0.487925251050231,0.464004700751251,0.439160094350406,0.45932603344368,0.582940714695657,0.530378706548699,0.471495789142848,0.397185168000619,0.345340127278982,0.367230361171017,0.320176313847824,0.466568802208941,0.562882214991771,0.475976065543588,0.42792617793386
"BORDER",1,2121123,1,37,0.54229526827566,0.42906010366596,0.484177077156897,0.611007903161265,0.360847780531784,0.416339370734309,0.459234282310009,0.484201962387174,0.502551416122004,0.556063130097854,0.508779153485036,0.574164621310315,0.478881622805625,0.46214260738589,0.44099370064768,0.447858658614961,0.561706675075659,0.509960153652104,0.470800670800671,0.387919603521724,0.317953230648014,0.361882796383057,0.311249246562861,0.437708584301475,0.551611867454405,0.444932587472042,0.393764453992724
"SW4412Y",1,2121130,1,36,0.495098275000236,0.404657498557791,0.477897187213228,0.617500596651216,0.351491979949023,0.408974519632414,0.417659440143672,0.440369867480375,0.486480478156175,0.563270524068658,0.497511615087802,0.567185204564207,0.475972184916585,0.448094147440553,0.435186570653699,0.423139437593219,0.563480199750642,0.516856328434458,0.463721475486181,0.395119054145423,0.326323925508181,0.361671748345356,0.320514134034715,0.416027332957807,0.529947626794531,0.434170957661975,0.347568869605744
"AMERISTAND_427_TQ",1,2121140,1,35,0.488780545888389,0.410882632078456,0.478544337443006,0.607993870193817,0.352639753228176,0.40857201258332,0.442176580331376,0.462105508060689,0.526392592592593,0.569227162230531,0.503169051404346,0.557416388838578,0.475783837550131,0.450128794791104,0.456779345222252,0.451149671990008,0.582946431909087,0.541950035031144,0.471866187552462,0.412163640540313,0.336902483203371,0.378101201149093,0.341983365127425,0.461216705560473,0.569401870403669,0.464335696093774,0.382081870061457
"VERNAL",1,2121150,1,34,0.407133072084052,0.339482757899405,0.456745690977121,0.583847458265818,0.367305867613665,0.417926618905889,0.39772590504927,0.399466295968708,0.437220806100218,0.532680895366996,0.462181325710737,0.54439112729011,0.483515338137414,0.452810797266708,0.450547858783153,0.339058918253292,0.509482438259592,0.503766567811657,0.442007630242924,0.403916253648512,0.36047557619539,0.379953397288119,0.329484910231071,0.334689776129636,0.467260681565203,0.393355240861777,0.339686306148115
"HI-GEST_360",1,2121160,1,33,0.492318139376963,0.410558584711961,0.488795157393142,0.614670836944643,0.344216029833405,0.40640375448425,0.458726440247872,0.469999853999679,0.523548976608187,0.567673568935932,0.495613609120578,0.554874904688754,0.49308485145334,0.468042546764406,0.475025442703033,0.440327852880283,0.58107118590399,0.554988092153161,0.47093097681333,0.412854156858196,0.348015995872033,0.41019627123219,0.329923018794832,0.45622676055202,0.538407255187373,0.458163674859615,0.343269980121191
"55V50",1,2121170,1,32,0.511843575814164,0.418685077321026,0.493020200781042,0.61781462360729,0.349780529517165,0.392758857929137,0.391161456279418,0.429124561216892,0.51323082788671,0.578359061686349,0.496738877915348,0.551633092511723,0.486914701120599,0.468030780865005,0.460258409670174,0.396341980270369,0.564452298676898,0.550737682987425,0.476461641167523,0.416920833987231,0.384406219356054,0.419995538038224,0.275876172151794,0.442750194469032,0.558830664725861,0.458063978847215,0.356148058725978
"PLUSS_III",1,2121180,1,31,0.517845943091041,0.394098068499856,0.481484774244606,0.611028411364546,0.350713151568933,0.39687097646076,0.421384047068609,0.450142934314456,0.522567102396514,0.5718155456015,0.501362240405472,0.54817158931083,0.456686031131287,0.453578150904354,0.448435599951985,0.441197905249056,0.555612874285073,0.53774207480349,0.438118816550189,0.363799499296457,0.327541761408647,0.389902084727696,0.31148868984131,0.473951854952325,0.545386186983284,0.457692177634789,0.36006393372504
"WL_358LH",1,2121190,1,30,0.470897938299899,0.369376035134079,0.480655911999836,0.600242008568133,0.330088592861571,0.395071865512032,0.360124528315539,0.393216110789729,0.498352898176815,0.568749411268932,0.483047099386969,0.543557406997467,0.473825135748632,0.464271260527945,0.472118000353294,0.413778602350031,0.544659977989886,0.526261841006594,0.441526782703253,0.387016655635691,0.327699771762822,0.379779050263173,0.302596283850513,0.439686457333516,0.532773567942461,0.433896222651815,0.351259600249943
"NY1614",1,2121200,1,29,0.482561374718238,0.391089245597962,0.483979322944292,0.602971448669154,0.352581446015099,0.399755270529264,0.368090467628099,0.39221175886587,0.483156862745098,0.567930889169827,0.486156605029745,0.551712248361541,0.483392590711406,0.477148205954848,0.463888584446288,0.369261711418574,0.515441533796428,0.512178087093868,0.452797793974265,0.407839151020697,0.351327399380805,0.396694677871148,0.294849612035625,0.4262886854634,0.521899943868863,0.456588542146123,0.389994878548434
"LANDER",1,2121210,1,28,0.48007938865782,0.378233329818271,0.479894975021639,0.601174712037281,0.372212047957415,0.402965355987297,0.37589473823849,0.409201488814704,0.493588126361656,0.560423499796394,0.488068817480582,0.537577103039997,0.49297800069839,0.485572300545563,0.476377722260075,0.377190391308038,0.540883907728828,0.538840155945419,0.479638997286056,0.424925000739189,0.374347265221878,0.406209150326797,0.288631350375986,0.394806469783536,0.512166542987889,0.411064977851205,0.334012705215515
"LIGHTNING_BOLT",1,2121220,1,27,0.550665383998717,0.441442829583589,0.482426523206964,0.607808971122081,0.400155822414691,0.414709076613101,0.436003938693381,0.462424968001596,0.52358735380117,0.573267192339491,0.499553770638108,0.547439621304104,0.471179156594144,0.46595739376488,0.454653535622394,0.438704451477561,0.537849492157522,0.531155616431595,0.470261552614494,0.411454473913449,0.365663054695562,0.375644629533229,0.313786529754555,0.443520425954239,0.538581832538935,0.442001480645973,0.372635173161951
"N-R-GEE",1,2121230,1,26,0.551590828392817,0.433120339449049,0.484156491983557,0.609045986107447,0.374283590090565,0.404754347669949,0.383163735491423,0.413628985840912,0.496848801742919,0.571400890739777,0.482253376371023,0.53592222155141,0.470678179528692,0.455274671852212,0.450705831882302,0.361726464498843,0.473388350517958,0.474161891873734,0.406318082788671,0.36874166255505,0.316426653649012,0.32953949524746,0.29369470281126,0.392482261665756,0.518218084946015,0.429495964896131,0.37849024413687
"SW4602Z",1,2121240,1,25,0.558479637646304,0.424459756857442,0.48511640121601,0.604274786147643,0.365639637740536,0.400796503216671,0.381937421256712,0.407196355831983,0.498973920708634,0.565219999504226,0.484423532911603,0.546337253113128,0.47209929843497,0.464354777723762,0.464900551649992,0.396876872488126,0.514100187568579,0.510896728735547,0.471023659258953,0.447922651255143,0.31795237422333,0.371495500855209,0.296611348770352,0.378752255049833,0.523641792961726,0.42180870845991,0.379124799142358
"ONEIDA_VR",1,2121250,1,24,0.552876689396297,0.413866516856912,0.492018677537803,0.616440076030412,0.363396426138804,0.40819063857427,0.353859400947168,0.390607236478777,0.492333333333333,0.577522427473192,0.48703120232532,0.547852605646103,0.491278907480263,0.467016109262099,0.460115073056249,0.367942028985507,0.522787931344081,0.53224687535833,0.481298563651505,0.464087769310893,0.350060592046384,0.410023232498506,0.302584815039943,0.373422386738553,0.527596659721628,0.436567733770029,0.393899160185376
"REGEN",1,2121260,1,23,0.562514972318894,0.40481847321692,0.48686024500875,0.611961161146073,0.318826431206732,0.395410348754887,0.369147711601052,0.39554115019053,0.497035403050109,0.574790903145399,0.483972037884157,0.545056001645726,0.489720961239326,0.455489599058414,0.436713690000887,0.361301032490291,0.509981594970611,0.5309833536939,0.439133556780616,0.403127422190923,0.325839353285174,0.392287251183659,0.284071478724719,0.389697749283677,0.542557748475421,0.449588535954652,0.401925299970735
"NY2003",1,2121270,1,22,0.513333498382518,0.393650320168635,0.482142090412807,0.605023249078054,0.331340123874277,0.41274687801542,0.330444435600675,0.359855820254233,0.463158217234262,0.571391884187303,0.450785644031831,0.534790337619824,0.490775425118779,0.428124104059933,0.434195876548818,0.32074745049535,0.380853769767352,0.420558002936858,0.367660250013191,0.36167861878541,0.291899294805642,0.370926118726743,0.314166657109325,0.272234724137838,0.434941514208789,0.357935008745282,0.30781338507414
"NY0651",1,2121280,1,21,0.579306369012251,0.45868857460905,0.488239587805925,0.627581615605884,0.354216830524384,0.405781389478868,0.415804802270253,0.441700125073609,0.512936710239651,0.577819092238665,0.486814423469278,0.552800989125139,0.501267689455583,0.435906161574611,0.450710569029315,0.362237016018529,0.489028447534672,0.509673613938968,0.455648454668063,0.431287030529646,0.311842965256278,0.375146377134925,0.278987354999191,0.404982628336447,0.543865889393118,0.453164851125635,0.394906110270465
"NY1517",1,2121290,1,20,0.574960270303408,0.452189559055536,0.486364728373101,0.614627626835488,0.360926887372486,0.394716406071905,0.338272015860899,0.372649854115393,0.466278104575163,0.567233554214637,0.474141521200345,0.547405633481583,0.511048326508153,0.463529162459644,0.463069119539708,0.304276862260056,0.513675123835552,0.531653480105493,0.497333544392368,0.465621794478144,0.368020674091869,0.420202771374036,0.324795956367248,0.345265953166492,0.506688762355986,0.43018435818161,0.382321602770461
"SEEDWAY_9558",1,2121300,1,19,0.579347266008409,0.43130924445505,0.480123927630305,0.616076170378465,0.355754342659554,0.382462523470927,0.374510416858209,0.413760432939619,0.487698120915033,0.563298398164944,0.487052786308633,0.547967326969561,0.497390559029872,0.46822316127129,0.464119264953786,0.359898141074612,0.509961364830781,0.53784967731586,0.489736795619149,0.450335782029494,0.340962364417267,0.392464862051015,0.29902158302718,0.378626243931225,0.528445524255311,0.451035992923761,0.389909046656452
"ALFABAR",1,2121310,1,18,0.575613747182375,0.439042340602452,0.487413529888841,0.613853041216487,0.354634581105169,0.383850681855797,0.34907351463865,0.386678964979437,0.491897930283224,0.575077678648552,0.4763169586699,0.559719809161358,0.499464905489459,0.453511330587041,0.447507507507508,0.316622810740458,0.498825112640099,0.534933728753371,0.459106623812506,0.403339135518676,0.314478715705544,0.38896110656652,0.279875040937282,0.363548604446985,0.507278733909867,0.419822319051077,0.337088800828924
"SW4107",1,2121320,1,17,0.58781783757274,0.448991021357833,0.484368163323724,0.624120148059224,0.38912105141515,0.393405843942928,0.407183593038667,0.443454232742169,0.507706318082789,0.56678317344637,0.484041260511849,0.571185929041476,0.492618752843825,0.439138817213684,0.43532048113363,0.387446596029716,0.505802751738803,0.515184321403549,0.431961538824284,0.389452567942848,0.278234004127967,0.379652283725683,0.276798723648815,0.397192311725184,0.516498867863497,0.420929025131179,0.321669349331772
"GUARDSMAN_II",1,2121330,1,16,0.558281696516991,0.440502492410081,0.488570117613383,0.6285151549409,0.380937989606918,0.390195339674331,0.350183329349245,0.387120630332053,0.492074303405573,0.562349470761756,0.479841588576528,0.571172960003935,0.502464472027343,0.461531813403471,0.451100408366844,0.324425283156741,0.518890332851768,0.520525672824196,0.413711496064437,0.380914365514214,0.293555641554868,0.371614982276096,0.232526821087829,0.378710313139379,0.504203056768559,0.424132682807082,0.355116310340191
"SW315_LH",1,2121340,1,15,0.533170524101897,0.455206573053298,0.481024964730418,0.627382145683385,0.362562857638287,0.395662853770271,0.319900290517831,0.350306559245859,0.432495860566449,0.55037253667987,0.455502775502776,0.57287903440795,0.511215918008353,0.470106245507315,0.472088926068165,0.28449299719888,0.473767447564239,0.473625444329779,0.397595762301645,0.363243425197477,0.282467702084109,0.380806196618274,0.257473395545259,0.291546644343263,0.42002954020036,0.345235835156926,0.309856976582174
"SEEDWAY_9558_SBR",1,2121350,1,14,0.575163516585085,0.475383804637474,0.499660209296256,0.641715340844858,0.402731679343028,0.386320558992828,0.336804153976001,0.371664354994914,0.479859150326797,0.55502412418712,0.483499774499066,0.572802139443986,0.50307609282245,0.443750545354823,0.436833546349117,0.294355864084764,0.505350212306522,0.504434654919236,0.414579132226191,0.386164409845951,0.316280633240411,0.373773084455021,0.267466425057057,0.365600037552641,0.475126295059509,0.411086596969758,0.357621207687055
"FSG_415BR",1,2121360,1,13,0.599840138075432,0.47125303438749,0.506649679336455,0.671408547592078,0.39173630070875,0.390742374987899,0.373939742573947,0.408666327637349,0.49297084623323,0.573379936045215,0.493897601305009,0.579196322159837,0.51275356337894,0.470152505446623,0.484866091232873,0.36267059012157,0.539659314260756,0.544851381570739,0.435988777165248,0.392280436005439,0.324244526375739,0.393860739969537,0.252934422615475,0.413971688247369,0.520831668426711,0.430989597717021,0.355387182955225
"NY1615",1,2121370,1,12,0.585130954738798,0.474394132230309,0.50165281741722,0.666615146058423,0.406550787942389,0.394275248560963,0.372620087336245,0.412227137566369,0.496458061002179,0.575890533204432,0.492319223417735,0.579791419615197,0.517292084709253,0.459682575150985,0.445968806176419,0.334130258163872,0.531031055463567,0.526648650649687,0.424563091229758,0.383958004962802,0.318068885448916,0.376090329937285,0.293400718966991,0.405011789440855,0.511494634243799,0.456596102638586,0.385063918514314
"REBOUND_6XT",1,2121380,1,11,0.597180946642421,0.477223779978523,0.500045748226298,0.673177270908363,0.402168793608555,0.423030019142551,0.487549700980091,0.491349360968594,0.511268300653595,0.579996256946244,0.500242702595644,0.581555792575897,0.479202247547697,0.418269204906823,0.424285841033246,0.439899596202117,0.561263451103023,0.548864809081527,0.444345797286974,0.402607404172665,0.317865927072583,0.369973971889641,0.308694505292856,0.444213674525898,0.545936914309635,0.466892498856449,0.353753003652441
"NY0465",1,2121390,1,10,0.565029378754869,0.479879747726724,0.505763476708846,0.65588976397734,0.405694559673909,0.419612398805676,0.370792264504055,0.397613284082558,0.485440316477468,0.580736682338133,0.491057913571497,0.579673046091512,0.522035279303303,0.476591210505517,0.469380279933913,0.32155795651594,0.544714106344568,0.552002862819136,0.465933007109478,0.426992455722574,0.368796869625043,0.402841884049588,0.314881291439043,0.38281097930321,0.508163631779738,0.460258861984568,0.372967983854727
"WL_349HQ",1,2121400,1,9,0.591739052523366,0.483281629081653,0.496415518241298,0.660582080365779,0.4180944998079,0.422355751665215,0.466551002932686,0.474222209431718,0.512088126361656,0.589155449790536,0.503603710662534,0.570938175703626,0.482994949255555,0.41962439507828,0.434067708531376,0.434546827426623,0.565281561766795,0.56060004030981,0.445419445419445,0.384215960382289,0.317886429522672,0.367410326962643,0.295790819089708,0.43204953447168,0.54389990943176,0.459853079259873,0.360344906262378
"FSG_421LH",1,2121410,1,8,0.584414287600562,0.480421820519959,0.499747175844515,0.663633417492558,0.330415368210106,0.40218659771601,0.348041539760009,0.383423804865704,0.480660259717922,0.585234376936615,0.484819889580107,0.584337166652878,0.520561252023745,0.478565573944544,0.477790766545092,0.369250734110069,0.545951663159376,0.541927713816804,0.443357490416314,0.373078302927225,0.292958048036861,0.365279464784931,0.291677976188201,0.350653998058842,0.475974089296077,0.422186032437666,0.32571992976295
"SW3407",1,2121420,1,7,0.616870384517443,0.48938676872938,0.498552924509209,0.674350027006318,0.363467486295137,0.411104678214653,0.430153917769826,0.467314513806216,0.50625,0.588719011833808,0.499901184607067,0.587214317817445,0.505387130567284,0.45578408519585,0.453189855127571,0.420873949579832,0.541678820288446,0.541812865497076,0.449466655349008,0.376586627195146,0.321696234728877,0.356995116630723,0.281429184704744,0.402337151452042,0.521961307570093,0.439679107644432,0.326764124832606
"SW5606",1,2121430,1,6,0.615699714229126,0.480813662517069,0.502103058302502,0.67541671377071,0.335516323590457,0.405700249330501,0.415252805717473,0.45524564554042,0.505247930283224,0.59685336689742,0.500619805424908,0.58784175090951,0.530838332288775,0.460141522173608,0.468773444725002,0.435586895627816,0.570802630797749,0.555928380162638,0.450060908884438,0.397575914718051,0.31015694874441,0.359951414193996,0.273349924879291,0.387017113274859,0.517811527813454,0.429266455653183,0.315410838676862
"EZRA",1,2121440,1,5,0.619553023229494,0.50963485086237,0.495285802885631,0.664955099686934,0.353890307607303,0.423408997935852,0.375136063405004,0.418853818621258,0.483417505159959,0.583290944696463,0.496104165167346,0.593658016418007,0.54350285176132,0.485546954530912,0.484730217879007,0.351870202626505,0.527303247134189,0.542361291065619,0.477829854300443,0.434478052907742,0.3524935500516,0.408476735827074,0.29682364919712,0.367931765824654,0.510105269667304,0.447373517308158,0.373374914642474
"SW5210",1,2121450,1,4,0.629189874840248,0.51945969056994,0.514388486180217,0.675831229352728,0.371029864637795,0.431639855942377,0.456784582828765,0.485247154210406,0.518703376906318,0.592456668016272,0.51342160084187,0.588958876970791,0.536551749679904,0.461837627613029,0.462377775699575,0.402709932457832,0.55581297675513,0.557119411641309,0.488079064549653,0.44704563184745,0.371453818369453,0.409364817706827,0.2772637202018,0.405616586412434,0.541485548610517,0.464429715548191,0.3861401060363
"PERSIST_III",1,2121460,1,3,0.632290458270851,0.529089276007901,0.517277580131809,0.680997349612491,0.362595258450309,0.420160197858408,0.437647082942901,0.468884831546629,0.517155773420479,0.597276373104308,0.515216606981313,0.596199177584137,0.544481311192218,0.464108862335713,0.477346413678594,0.367741372643333,0.547306713616874,0.56023439590261,0.490502598345736,0.412529177019803,0.387447383408485,0.41891871792965,0.26671916833283,0.417526622139964,0.549719582156006,0.4926051592368,0.420593376519628
"ALGONQUIN",1,2121470,1,2,0.618660696601873,0.540936821034844,0.527013697707507,0.673485824823203,0.337151768400557,0.416003078154339,0.389720807360143,0.427696942266606,0.508317315961472,0.59052011994225,0.502524695732822,0.586558101909306,0.54246055680772,0.468678143009694,0.467090620031797,0.297219008815647,0.494929491365908,0.515561643159466,0.462910733498969,0.392198892604572,0.331277485879698,0.367785875412112,0.238800260469431,0.332364034819065,0.460688462672794,0.413019240709341,0.350292898253829
"ONEIDA_ULTRA",1,2121480,1,1,0.638702147525677,0.538408055920137,0.517162570624357,0.668465915514188,0.35440286340723,0.418082165487604,0.401410259657095,0.424696488617989,0.489002287581699,0.576059428176557,0.500722968958263,0.58236747544268,0.52717479868364,0.465583436171671,0.452309788780377,0.347367068039337,0.550175804312978,0.536185732246888,0.492710892710893,0.398514343679706,0.365206890793006,0.372886641382217,0.259959578814303,0.344793326359271,0.475387923243048,0.416253091533953,0.355611814962122
"SW5606",2,2122010,2,51,0.595864339001594,0.525276728428374,0.50818211712909,0.645241596638656,0.369453199463705,0.405038394399008,0.37753391312857,0.440587894626702,0.568152178649237,0.555315136333535,0.50823207267573,0.294448581120212,0.404997195856216,0.483295988016395,0.498641330406036,0.461001370245068,0.500254415997643,0.405051682934554,0.295088059793942,0.29983833605726,0.247830033957239,0.313418454894249,0.335604412688582,0.293803680158794,0.30802925003092,0.269106294895391,0.339814254133026
"WL_349HQ",2,2122020,2,50,0.569592870818361,0.517689562703682,0.498225022941766,0.658588888470186,0.369878767066621,0.402135007849294,0.425066780510101,0.464762468191716,0.559238476092191,0.539143869001345,0.507920540861717,0.325957640440142,0.387552776102346,0.472336534064929,0.469726575751408,0.454208350006669,0.470877614250814,0.300265797949136,0.302066772655008,0.319829413592091,0.290003382877501,0.328035001611264,0.353883530405728,0.29247578795489,0.289182507063961,0.283123268982181,0.33577654104432
"VERNAL",2,2122030,2,49,0.538447618104481,0.504435305283138,0.497846766443804,0.632334225169889,0.381142593283496,0.39150757738993,0.345470582105928,0.377264051314246,0.510041830065359,0.506013732926799,0.48651446745588,0.359753498845085,0.341752118521327,0.470170712581751,0.428036944507533,0.448597553499514,0.436195504626834,0.340961964815295,0.318752888360732,0.32077166790623,0.307056673546612,0.301398769930785,0.325515554892913,0.278988178296137,0.304951907982989,0.273127742489797,0.365347044890504
"REGEN",2,2122040,2,48,0.53729074121231,0.497729393982627,0.484254203184065,0.635211214530655,0.372422726222175,0.39397863760889,0.373610151361116,0.399968622788113,0.520467320261438,0.515239086785157,0.501641962818433,0.373650046174246,0.361771583970879,0.479216620588023,0.454624831034357,0.455397674221204,0.457208740096441,0.368975379625534,0.2884906296671,0.302729086066627,0.304229446164431,0.300436280706973,0.331999765526539,0.270856555977663,0.29854451484621,0.292223311546841,0.344999878060677
"GUARDSMAN_II",2,2122050,2,47,0.542340538909166,0.476366420261298,0.476589601777451,0.622765698207534,0.37536165962229,0.398956371846397,0.377273127591648,0.400383007509283,0.515769801341589,0.490848110169178,0.488909864055151,0.352569335282167,0.365248722262785,0.465435202254374,0.44007722007722,0.448279137742053,0.436974098824233,0.365346520399643,0.281115951704187,0.284427219443629,0.306477898176815,0.304825322459367,0.348883511291044,0.266750923903057,0.311429702885521,0.286209723888306,0.33696748007547
"SEEDWAY_9558_SBR",2,2122060,2,46,0.511927986682889,0.447008868294761,0.481120652640618,0.619762595621208,0.379355607915671,0.376484501492905,0.365447967333758,0.372696191360192,0.489679956427015,0.501048630906107,0.492117389720876,0.375141485491448,0.336642913947744,0.482104248262563,0.432986268768886,0.441872609913531,0.444724001521658,0.380866496378287,0.316194422076775,0.290594701851827,0.419419429706803,0.270030490072135,0.326796366171087,0.257648802338993,0.287434355110312,0.266587306981754,0.299225652342421
"GUARDSMAN_II",2,2122070,2,45,0.552364093785662,0.456635499943523,0.491862097637108,0.632846741637832,0.392188709481828,0.3836099791087,0.384420143603293,0.406321035239611,0.509155882352941,0.509025557125505,0.495025234628353,0.328571907723062,0.365755055395067,0.44724958464973,0.447611477023242,0.43375130921934,0.416027987958669,0.359506396782893,0.287028077224156,0.276989565630539,0.347401393402961,0.323792171735951,0.36526645232734,0.291903706477894,0.330258131879632,0.285931977729363,0.342794849282997
"WL_349HQ",2,2122080,2,44,0.552553945180291,0.462907617966516,0.483677922865153,0.632657798545427,0.386742643611594,0.402987164096408,0.427335086811648,0.460150600902751,0.525745076539388,0.524644764493801,0.501334703687645,0.350923397957401,0.388716632051764,0.454749469187972,0.466369704655884,0.453027848820688,0.421548042938417,0.341226595901518,0.279158608570373,0.291149973502915,0.372689473255998,0.322159079954499,0.367035707504552,0.292359581978959,0.320444458715073,0.313711129522231,0.353560081241742
"SEEDWAY_9558_SBR",2,2122090,2,43,0.568967688085335,0.452052940969702,0.494181881998542,0.595607139716873,0.378385432194251,0.378000493396913,0.37954194901406,0.403351499423299,0.512571459694989,0.501165118029591,0.503256161902512,0.409253184681331,0.364627935514791,0.441158133544849,0.444617054028819,0.432982405083245,0.447616911517326,0.364536005297861,0.318396777220307,0.294824084372178,0.422370571035432,0.285911603579485,0.360325816165161,0.276972452455674,0.328924673996544,0.303633951003967,0.342110287500981
"VERNAL",2,2122100,2,42,0.522137339784399,0.426647004438643,0.481708887934736,0.587785105073419,0.372780254619731,0.387211007479915,0.360056880520261,0.369938493864686,0.457610401616787,0.498888683226595,0.489935496994321,0.409127519179641,0.334597843454705,0.435463229580877,0.401258826660821,0.413633574641978,0.418655267422658,0.337792845968539,0.288596159184394,0.260844131179905,0.389621173030616,0.294270441706673,0.386633483574752,0.27082154208438,0.336931672232212,0.28072378495621,0.366779704419081
"SW5606",2,2122110,2,41,0.551343618255383,0.459373450529637,0.491654228601416,0.594696210322694,0.366655366134406,0.418533112241552,0.451499320436705,0.490378578832873,0.511032244008714,0.502288490617486,0.500838433949703,0.385932619141852,0.391401331174672,0.43772442649448,0.464907260201378,0.461540252464622,0.441376445751919,0.351360209281951,0.277110418286889,0.258242425047724,0.316357929136567,0.301151681911703,0.438465626063254,0.300216162153878,0.293062453025849,0.267763601215134,0.299584503798727
"REGEN",2,2122120,2,40,0.525411208254346,0.445814243444926,0.489350306030527,0.5927959704061,0.369881487072605,0.38974777603349,0.398400670311793,0.439958830766571,0.483261764705882,0.505271559951414,0.48563901592224,0.446870834597318,0.381155825209482,0.418151070557488,0.459414843925326,0.426098196854499,0.454949699334726,0.383011313687268,0.337281781399428,0.315307548928239,0.352144701514587,0.350961594077159,0.415633517981183,0.32230583718473,0.267523261123955,0.253842707662095,0.254607967865211
"BORDER",1,2122121,2,39,0.539530458648106,0.464791633137523,0.493162595943052,0.605920368147259,0.395249257696515,0.399458512501991,0.445806827060963,0.480186880411137,0.495229725662195,0.494545095571268,0.489051607499517,0.510747530851775,0.521483444970001,0.430820338306969,0.474594594594595,0.374403713176092,0.471580391717077,0.438118436802034,0.43027458321576,0.396138476269756,0.359579752407624,0.370177239037208,0.351174220677456,0.440339887430154,0.550585571443522,0.449009101053577,0.352595722368549
"BORDER",1,2122122,2,38,0.553218812777636,0.467046328335256,0.489675135456518,0.60312024809924,0.39417442718374,0.400588789361899,0.460041833327217,0.503067535320006,0.513939760348584,0.51197719616481,0.497307360836773,0.579448547579598,0.48263705914098,0.43736667373031,0.452493906798812,0.431241018146389,0.497508394408565,0.467249239392282,0.445113409819292,0.41328097874751,0.370113776019252,0.377102974916614,0.325556970042192,0.457658995198627,0.576586418167461,0.483038520676688,0.411140944415747
"BORDER",1,2122123,2,37,0.563058087084599,0.450754908666613,0.496591544936129,0.606861969266736,0.398644390421464,0.402501459892764,0.437313994421189,0.480720170917709,0.512237581699346,0.495563171187846,0.496229143152129,0.590761424119578,0.482409294633782,0.464895222986976,0.44648244883539,0.442489830714895,0.494842853593159,0.46205061760387,0.459102035572624,0.426770926442727,0.362730048159615,0.374529634862795,0.323341832996278,0.455131718345063,0.55717693676209,0.482022400196385,0.421063624177811
"EZRA",2,2122130,2,36,0.520652132907035,0.432790355831312,0.481775525596502,0.594989637110449,0.380196129539307,0.414627266291132,0.383670813303487,0.416934757256466,0.469927330581355,0.492619419449196,0.488503690856632,0.583758292916893,0.501297313312805,0.430998591426399,0.465024242329351,0.41366410912191,0.490531562189316,0.462030825975614,0.480396515690633,0.450164099974754,0.410672084623323,0.391009642795171,0.320717004550569,0.423367424578497,0.561797290483394,0.48061413701283,0.441605087308555
"NY0465",2,2122140,2,35,0.487632628809099,0.434181150485887,0.464163686118042,0.587809724786776,0.395017289038036,0.409365173048038,0.392775162835907,0.434234578173215,0.46148082788671,0.481245878882527,0.477776687362744,0.568813489587875,0.496135572415691,0.44737128587396,0.46972619678502,0.393126293995859,0.480140763028464,0.432145559978377,0.459549274255157,0.43172569120845,0.410616185070519,0.418738311450441,0.331214406864975,0.397685129173018,0.548676399235094,0.472006873484918,0.416623498625255
"SW3407",2,2122150,2,34,0.52666263475087,0.464489200262868,0.477069404404097,0.599864340354976,0.395556635687561,0.39933110367893,0.411385514904652,0.468093187138345,0.513168409586057,0.503850244943792,0.491330455511887,0.562762564003567,0.45118170694319,0.430018822532192,0.43909147369355,0.44416763338332,0.512569293726238,0.453823193496684,0.440945911534147,0.413411391699703,0.407904371619799,0.356427455938127,0.350448876502573,0.443375325833214,0.585586665525016,0.452400293679822,0.397792376018891
"PLUSS_III",2,2122160,2,33,0.544878288015543,0.464066787972796,0.463583798482897,0.606927685872555,0.398155949276422,0.397651983870471,0.443046083677336,0.479543660710339,0.512912689198486,0.492913782252989,0.495484575484576,0.552017244347847,0.456362760970551,0.42108497563043,0.470730072633187,0.464984054227752,0.510849731840701,0.462668591665741,0.451408933761875,0.429324050216545,0.379528880781402,0.375223648948272,0.376262875332755,0.463545237520453,0.562568499015327,0.466510396669832,0.410857843137255
"NY1517",2,2122170,2,32,0.516266893962972,0.458553159262353,0.450072498585809,0.585394657863145,0.382986963501552,0.380075383553644,0.370924614922555,0.416009032553205,0.480474945533769,0.483133288713716,0.486801891662511,0.543200534860997,0.44747732876205,0.438051497240915,0.472087405097786,0.369829386299975,0.486666324096793,0.449622335473592,0.460248177895237,0.442428543160682,0.423623151014792,0.418466076696165,0.301080999111804,0.38293501961322,0.552737225409329,0.448596102638586,0.424860654535808
"NY1614",2,2122180,2,31,0.518866064944496,0.446772316997935,0.465802456663215,0.596881335493839,0.383970393741209,0.397141872133469,0.394004165415474,0.439885973463427,0.476068409586057,0.473099824000397,0.487097578862285,0.531710377540608,0.402563818973735,0.440359581001292,0.42909068237788,0.395177707446615,0.45095805577089,0.425755565384048,0.425613747182375,0.390254543199706,0.364051427588579,0.405373840785085,0.330735265445621,0.404487230650532,0.526446328167366,0.449820000613704,0.43814278247992
"NY2003",2,2122190,2,30,0.429277626543575,0.371601771202058,0.445492819999046,0.580481591739835,0.373446815663333,0.4265576197034,0.350645970178464,0.403408231498109,0.444618270553836,0.458306700066223,0.44596568090544,0.494716011618469,0.444793286985598,0.447971695565278,0.481066707225877,0.337736207526489,0.437750320493791,0.382662462929371,0.407027348203819,0.400090522231396,0.321295149638803,0.392044817927171,0.328584098876439,0.33800917357367,0.500314667351657,0.415213790459815,0.408840349865436
"ONEIDA_VR",2,2122200,2,29,0.46945623367192,0.416413353987286,0.470629404187609,0.575286832221678,0.377870508259563,0.410908609597685,0.393707747838557,0.44831031771127,0.483816775599129,0.489166944310764,0.479402278095089,0.50659743883869,0.432146069436949,0.426561376828756,0.466530544385216,0.393872785829308,0.504082750067617,0.448198521699429,0.468255115313939,0.451221936402446,0.438041956245263,0.426419014016619,0.31084376039361,0.417156488419734,0.566353069612124,0.448627475133931,0.446407926126978
"WL_349HQ",2,2122210,2,28,0.460451503833857,0.404064998210237,0.464684754680461,0.597742330907567,0.394816235262384,0.415641431600511,0.459840250510685,0.498086130456154,0.512417647058824,0.504422299893409,0.485754354315658,0.477717566163831,0.43028603329594,0.443708994511134,0.464553531819968,0.431262939958592,0.517637383539263,0.460920599272504,0.447000094058918,0.4341456060523,0.408495732864013,0.374525668674549,0.397691710726014,0.473288649067196,0.590048853117181,0.431594218908221,0.422206078571311
"FSG_421LH",2,2122220,2,27,0.502618623206859,0.444964469898845,0.471560966164053,0.595839268442803,0.386558637095668,0.404343152645674,0.400937519973855,0.444939453152511,0.485822905916753,0.484846186262115,0.493210215563157,0.483675783005642,0.444647788959081,0.461058942933415,0.473263401810115,0.388705395201559,0.481925046096169,0.436746768882992,0.455307102365926,0.449339164966532,0.42452329261034,0.413419418898336,0.32954747896429,0.407218444761697,0.553259054713588,0.420215532848507,0.42047629499561
"SEEDWAY_9558_SBR",2,2122230,2,26,0.516232940987843,0.43711994715807,0.475496074342146,0.57968637454982,0.400750150910374,0.382094693967086,0.385063355559334,0.407865916955017,0.47617211328976,0.483414652204494,0.481744406821185,0.476316972221663,0.426406040019894,0.441634776394135,0.461426923710661,0.379673323875005,0.485377347081033,0.454156709183918,0.468298295749276,0.44334542491042,0.435229188166495,0.405617114102278,0.311012020212992,0.420976648903227,0.562103643351676,0.414795371215744,0.434391817359333
"ALGONQUIN",2,2122240,2,25,0.501324637599147,0.440681054369009,0.452066611101289,0.577765106042417,0.414061269328027,0.393885080347929,0.404241153791933,0.412941594185793,0.448552954076367,0.482866767852515,0.472975435328376,0.481819869012721,0.400497174427117,0.474283456128046,0.459978490601328,0.351678610838275,0.46936475162006,0.436123827896308,0.443591490650314,0.419321265218766,0.415119539043688,0.392701717855284,0.348219084865375,0.36590099514498,0.519694061515921,0.395287651302362,0.388682854530089
"AMERISTAND_427_TQ",2,2122250,2,24,0.575359689330278,0.474707092099856,0.487347931873479,0.5879082036402,0.399175799370691,0.379718495585369,0.466634587902447,0.487776755775529,0.516786383442266,0.505217520636573,0.487652213130597,0.466652877747442,0.425002380876798,0.438508090795673,0.455973230921328,0.437858537354336,0.496874478116208,0.46640703858636,0.44867158984806,0.412596236731556,0.429449604403165,0.381387491082962,0.377292647090681,0.451446861481464,0.577933089781279,0.409826014913007,0.406224880499463
"REBOUND_6XT",2,2122260,2,23,0.577309863339275,0.450305031383278,0.470494784431591,0.593550137543807,0.375687607438662,0.402064597768932,0.476377869925263,0.494935203143161,0.507918409586057,0.498627203093627,0.482701219738257,0.489235922445156,0.411570099265728,0.448748776708109,0.451196005694276,0.439260956908016,0.479734766365782,0.44455863241983,0.432575126692774,0.381226815050344,0.377351849234999,0.367883790684415,0.384776428281067,0.454444628632513,0.565139471606207,0.401365892035827,0.384520713054515
"SW4602Z",2,2122270,2,22,0.555203950978599,0.432844794442456,0.479094236358782,0.598033940033412,0.375644159750485,0.424150476361407,0.397719478582569,0.414232111310645,0.475691326969384,0.478487998234046,0.480876017438739,0.51397369074212,0.441121170466575,0.433781379131683,0.46562784389774,0.390951650225307,0.447050907387739,0.436059181381804,0.42110452698688,0.372458042490863,0.374286277079078,0.404416102724276,0.312994544669106,0.380872964780988,0.532457354606083,0.405610288836187,0.400767576200102
"NY1615",2,2122280,2,21,0.530607899725547,0.428207984630241,0.45976423527731,0.554612302320031,0.393138784905327,0.382724212492014,0.387801059288344,0.419160402152885,0.462346187363834,0.465332000641666,0.471861380096674,0.511955452598292,0.440539453773954,0.417802440169906,0.466805906252273,0.356744367312142,0.422436984213894,0.408750587851391,0.435675145479067,0.40113385644639,0.403241139216114,0.409527279938524,0.321734160616869,0.380911175994174,0.52746085090999,0.426026302591865,0.433491732513901
"GUARDSMAN_II",2,2122290,2,20,0.557583774250441,0.476230876055628,0.483167000862276,0.583299864063272,0.374980735147892,0.412490589930353,0.411956816677098,0.432977189883151,0.485981154684096,0.492144964180362,0.477326736138454,0.51381001254419,0.420322106176523,0.459357329509835,0.459685412626589,0.321941785409816,0.449726123487412,0.4384219943484,0.452676205617382,0.433719758637709,0.415803663570691,0.418792777681377,0.313959071638014,0.409870195164313,0.574314415237225,0.450389615105301,0.449659857737118
"SW4412Y",2,2122300,2,19,0.579889346310915,0.449964536186347,0.475180248034068,0.581497599039616,0.363145386742261,0.402457983193277,0.444012452142429,0.467423314045577,0.476608509631923,0.479594457251927,0.479066660243131,0.511195186251031,0.435111363911667,0.452834806310742,0.454952357201492,0.383932773109244,0.464415947303648,0.448139548216948,0.474877780760134,0.451731863143123,0.423567251461988,0.429857960883468,0.356175890776145,0.415097340183845,0.554722745478589,0.445136702568351,0.430575750329921
"FSG_415BR",2,2122310,2,18,0.581201958898037,0.434659913897159,0.490705535401775,0.595117760108528,0.377989322780214,0.401803991365171,0.40676174522949,0.434331196861966,0.475023747276689,0.483369276914306,0.478129292770209,0.512478512267542,0.424200819021618,0.432047750229568,0.458390052853721,0.363113573931988,0.477038195220013,0.458232345569807,0.466144066144066,0.44307129649215,0.406834795321637,0.427262035591031,0.335669020321458,0.408910336566175,0.557951237263464,0.467743471723588,0.455906009169837
"LANDER",2,2122320,2,17,0.556661149308208,0.415953661721619,0.472591274952804,0.588431246938237,0.35787832733232,0.43441991594502,0.400473744082786,0.42467249694616,0.45871220043573,0.467857698145337,0.459935571161652,0.5076930989068,0.426643598615917,0.459319482468934,0.478071012188659,0.358580765639589,0.465130495396544,0.423516455040166,0.446084561770836,0.4289652945043,0.361593206839407,0.400224089635854,0.323305642527369,0.369495587564711,0.523454847732397,0.421358777419965,0.411807417601974
"SW5606",2,2122330,2,16,0.578595124918654,0.44686170106988,0.493067293040016,0.602291140671515,0.343879023200518,0.443040321391715,0.465624468620095,0.487652678550179,0.511643661850705,0.496054492281494,0.479795303324715,0.508122865978413,0.409105033364407,0.447611865258924,0.450617670544396,0.437179962894249,0.503068164576585,0.451350584286578,0.452193522781758,0.423525408348457,0.364041296798256,0.411402295431447,0.323968157484609,0.421675250127411,0.570789094385935,0.432158022114981,0.42320341547734
"VERNAL",2,2122340,2,15,0.497514498757249,0.403213516938923,0.456861126445712,0.564392860283127,0.379850299180172,0.422187074677316,0.385617686899705,0.401708203758048,0.413444226579521,0.464918927256252,0.453109824920597,0.493551841739978,0.436033247621769,0.430613415105394,0.471099502864209,0.326732389925667,0.416909248958374,0.384320923670496,0.442205383381854,0.452869986876551,0.376296869625043,0.431666088264214,0.369608926302698,0.317113459167893,0.470760315285746,0.388779895056614,0.373781598423683
"SW5210",2,2122350,2,14,0.579840067340067,0.449293623805168,0.475461992439741,0.584017284043662,0.384371988535922,0.415496830311072,0.432888933911716,0.449694023612566,0.479337037037037,0.492082992489031,0.472633060868355,0.501661602033903,0.418324815085235,0.438655996410007,0.466753302332378,0.380035165581384,0.481666644768249,0.453332350484053,0.47411154469978,0.465443024443277,0.410281217750258,0.432629334919809,0.361704367195634,0.419972818415725,0.548752747095927,0.444890239037712,0.427049660587852
"55V50",2,2122360,2,13,0.58729769685652,0.425846610874172,0.469744917431693,0.59499449779912,0.347835168833801,0.422304856343758,0.414668085574841,0.434770463161686,0.474861971104231,0.476307950492972,0.468779932564483,0.488557954827501,0.424762261345662,0.476727372449298,0.473449920508744,0.393186037700104,0.473047076854741,0.449294578330598,0.471344836050718,0.449600724177851,0.393252923976608,0.405670754043997,0.337219730941704,0.421671941251336,0.53404638905538,0.451842311203861,0.428630237585461
"N-R-GEE",2,2122370,2,12,0.549887177093059,0.410760864521603,0.475289992338713,0.581193051211516,0.351165465897358,0.409276254361394,0.402926401244382,0.423741183659175,0.475691176470588,0.482835671713619,0.474635201650452,0.483870181921808,0.422078664169391,0.419344727886805,0.456656593965774,0.379053464864207,0.472840377599958,0.444447241451647,0.450218808061945,0.420164623093176,0.353075635145956,0.382741131850971,0.32477849266697,0.426508274992624,0.541832443797509,0.463533306267762,0.449801482782168
"WL_358LH",2,2122380,2,11,0.543361250223995,0.388656551193838,0.46803613172763,0.583081705380649,0.348099112484714,0.417344565591301,0.433009430846574,0.443833968434731,0.47690522875817,0.487328028556555,0.466823443506647,0.497685474007142,0.446190597123901,0.450473887372283,0.463601080071668,0.383684325904275,0.449235322703714,0.429503901413723,0.433398256927669,0.397027685847479,0.351348654770928,0.38504733260069,0.348524282657757,0.411423659001514,0.518696901370932,0.428925097425512,0.394128172881465
"HI-GEST_360",2,2122390,2,10,0.54937222363693,0.417273963278882,0.476697227624412,0.593939028526209,0.363094165473831,0.41452442380461,0.454238075081192,0.468076309767882,0.482127515479876,0.498347091048809,0.47199884376355,0.511408057349978,0.465482190727486,0.379048402577814,0.46846253007458,0.397663134819145,0.397038020032672,0.41171507199371,0.402575379045967,0.377925312335815,0.33737993996463,0.39053667484693,0.331147632901214,0.390730155611631,0.51123371959167,0.423004115226337,0.397099618697512
"NY0651",2,2122400,2,9,0.550657485216309,0.419439970038049,0.461625842551132,0.589403976837372,0.363986396203475,0.409305000922311,0.433509163552253,0.447772106881969,0.475197821350762,0.488172855045102,0.477690063084582,0.511515387315834,0.481548204818895,0.422905733600921,0.470778509602039,0.359806468041762,0.376477185020021,0.400399738945994,0.428280992986875,0.421717147594451,0.378246044031648,0.426660979042551,0.296623582168293,0.400895630482015,0.518795261508257,0.455215602995828,0.439344088381621
"REGEN",2,2122410,2,8,0.566292107965679,0.434385647430034,0.472770355029088,0.583309844117019,0.363523170602514,0.406444911297852,0.409418139246946,0.429052772487528,0.470590707774338,0.498985056577697,0.48295696766285,0.510675381263617,0.475614530755637,0.436494106012823,0.475806207497638,0.331363589206726,0.396733711988777,0.435411687925293,0.454893243128537,0.424795358347492,0.407578259373925,0.414088396420515,0.320088768593809,0.393344867358708,0.53037848084406,0.462707745101101,0.444826833754169
"SW4107",2,2122420,2,7,0.587728475228475,0.443979171696038,0.471365529180042,0.605357643057223,0.370872679344842,0.403665938788432,0.451383065065623,0.46271687131045,0.481819281045752,0.496334746287896,0.490603053926938,0.509882630210255,0.453373044087364,0.424867589489036,0.448670351023292,0.377403810008852,0.450564597972843,0.432672663779168,0.448201435456337,0.442666903207171,0.391845545235638,0.40654269574103,0.34716280741191,0.414908045812348,0.535491528003729,0.45758992979908,0.437723939918848
"PERSIST_III",2,2122430,2,6,0.590504484622132,0.431303278579857,0.478053612170502,0.640834333733493,0.3467914696079,0.408602142611431,0.429120276931733,0.440586957862736,0.484830283224401,0.514409657668377,0.491994608988073,0.515032232530371,0.507061151497836,0.378819041920646,0.48112595051329,0.32566044599658,0.485332439877894,0.454465753162864,0.467097961215608,0.45803930465108,0.441092540969216,0.45237946506036,0.326708438623386,0.403706616336374,0.547920055940863,0.470332811684924,0.441421690566774
"LIGHTNING_BOLT",2,2122440,2,5,0.55044256759943,0.403289711917599,0.447813697427969,0.643831631307231,0.353536064446008,0.424772164141527,0.42842668919511,0.439408504032042,0.472388738390093,0.500652772122065,0.490668556579258,0.522641864997288,0.507275959493349,0.41192716968118,0.462303984656926,0.369240287419316,0.500581616520108,0.45807969002579,0.45451792510616,0.465910646824557,0.42202852750622,0.427718202325178,0.328198237116384,0.370610286460992,0.539854772573755,0.471412939180232,0.432365505236445
"SEEDWAY_9558",2,2122450,2,4,0.526727003932886,0.432902961725596,0.458116865518306,0.644478778058308,0.366879847135664,0.4146851196619,0.4115956600981,0.422761495789576,0.452324618736383,0.509309344883328,0.482457216574864,0.520385761785613,0.51295181516066,0.416520615451097,0.486410204220096,0.320039946413348,0.498993990329114,0.439148983137063,0.458150893445011,0.458489574767465,0.420054040397552,0.426940540227891,0.317893893113234,0.295882621174325,0.513817178982219,0.460020458047718,0.420355602445155
"ONEIDA_ULTRA",2,2122460,2,3,0.582902083392279,0.461394573042199,0.472528440641587,0.656632064590542,0.376273220117269,0.416663176839513,0.393905034798223,0.396542712393967,0.438254901960784,0.51344537815126,0.476767199517022,0.526211095682429,0.50931222641962,0.381369432706331,0.479940444646327,0.328705124561902,0.489703518505081,0.422581226323128,0.457618198794669,0.459117840385197,0.415268317853457,0.410820753079993,0.316643665329913,0.266916704978989,0.492001550741597,0.44313197704747,0.394911350112184
"SW315_LH",2,2122470,2,2,0.61275016740703,0.491618719991417,0.493959658223088,0.672529173104219,0.363919274449042,0.437685758513932,0.359819700806087,0.366576372182305,0.43015200378397,0.523141716863737,0.478330737154267,0.538258275649688,0.503703057045808,0.467935760646146,0.478861941369574,0.284220679576178,0.487737762069313,0.402285192829568,0.451007921596157,0.456247512344458,0.396459838321293,0.397705670272042,0.311456194878029,0.228061802600872,0.450313002445034,0.430276350915953,0.375551860363098
"ALFABAR",2,2122480,2,1,0.646110889938562,0.506340717031303,0.49836006047835,0.669431272509004,0.420103110893511,0.459095584722183,0.397823226713651,0.406150312197353,0.471160348583878,0.53464019236013,0.493929968238969,0.554547995501086,0.505710659230117,0.493848397591713,0.483825747493568,0.319609304591402,0.527483390050235,0.428727701606959,0.477223288987995,0.469068917440541,0.418151874785002,0.411810812820704,0.320890033671079,0.257089123871131,0.492879551141175,0.470386572156249,0.410282411472052
"GUARDSMAN_II",3,2123010,3,51,0.622651467994605,0.539750957854406,0.511592846003003,0.651796862242655,0.323054051184029,0.395713869071656,0.371139724725612,0.378421706813469,0.543426688453159,0.525119357477504,0.511806565924213,0.582275350555321,0.456793435129044,0.296201950232451,0.387541731624777,0.574174156619169,0.578854830318382,0.439159786721706,0.351393104334281,0.376920470078763,0.263176384588923,0.276479264272081,0.353501746444987,0.254751131221719,0.290626694637098,0.273961766240142,0.367962072966463
"SW5606",3,2123020,3,50,0.603012147619991,0.545589408814141,0.501283449198816,0.641760560726533,0.29017745242845,0.412607867708487,0.430019211079474,0.433473980309423,0.562667376160991,0.505673136511242,0.514304275927238,0.572763667117105,0.490145815476757,0.32675807476098,0.425486559223583,0.57411910851297,0.566435119522745,0.449635292198132,0.336661183720007,0.319301022810238,0.238414172686618,0.247732579757567,0.304794217680573,0.249189811261804,0.254876511497369,0.263247155652384,0.319345429714174
"VERNAL",3,2123030,3,49,0.596656339303398,0.523844857415583,0.506323780271064,0.639106153672231,0.284126770727044,0.382258715843317,0.353331009259599,0.343840133591151,0.538728322440087,0.477159392391318,0.49956501956502,0.562466710940278,0.516111822112675,0.333647406414291,0.334737188993244,0.528658236241357,0.54860357061968,0.420908945075828,0.375074272133096,0.344094961033415,0.242610125509037,0.25651136560819,0.307524559183523,0.224026984254714,0.250431805424741,0.249470721113779,0.308443960946156
"SEEDWAY_9558_SBR",3,2123040,3,48,0.561267665410167,0.50592137970807,0.493947556950563,0.627505746693296,0.259202743579369,0.398034670008354,0.360315736613011,0.371237742056366,0.543973965141612,0.479038898966341,0.498844361402831,0.548748599679352,0.524897093213972,0.343944782724739,0.335075386805491,0.497080501765924,0.512746527342573,0.419333352528481,0.346278134513429,0.299155050026042,0.327042894030292,0.216898936565777,0.271010160091852,0.250401679139508,0.256155992236778,0.269516267204549,0.319138329172931
"REGEN",3,2123050,3,47,0.559171311622292,0.474217932727126,0.48419471194804,0.626379051620648,0.296492552283615,0.389940697865721,0.340713490636429,0.371736126390907,0.550207258341933,0.463645918544409,0.488541918825143,0.549648382559775,0.535466069860216,0.351662125227848,0.328068747861135,0.473980137509549,0.502102686059905,0.396448474126493,0.362847186376598,0.334528443250553,0.310908709410823,0.239665394181271,0.300423963697392,0.259225059400652,0.274308706985948,0.248839385136771,0.320254731245732
"VERNAL",3,2123060,3,46,0.525774316460591,0.465620732742049,0.471265206812652,0.624389255702281,0.318298968925808,0.406207921765197,0.306446987430189,0.34955289834971,0.53677037037037,0.45728167373144,0.456473380151623,0.556428505944515,0.561166147898859,0.35311402447052,0.299052859087461,0.470664386966908,0.483484949435645,0.37858109469926,0.369808463926111,0.354595140457296,0.319473254213966,0.263021739669319,0.309276228851195,0.222691648989227,0.254011354663166,0.253743655834791,0.326703525298784
"GUARDSMAN_II",3,2123070,3,45,0.558359623310604,0.46947146334594,0.483863825335487,0.608093353933502,0.357121351248368,0.385549373576026,0.326512451807857,0.386301272719943,0.56472091503268,0.462012611211886,0.460528549940315,0.547328266464528,0.547762504894025,0.347918510485355,0.309698467622343,0.472028326482108,0.498339149498534,0.375929614136403,0.3812801214762,0.352989394342588,0.323565961472308,0.267173250814583,0.338956170703576,0.24263974246415,0.282814477076614,0.25777813701915,0.313065588043639
"WL_349HQ",3,2123080,3,44,0.54872487715625,0.481028102586538,0.479103376859546,0.610358870005401,0.380590561336115,0.417073689124773,0.359935553039101,0.449635923865699,0.570764533883729,0.470321696960723,0.467957669457788,0.540549534394161,0.5091467995725,0.327073698731453,0.367469372486673,0.485708626885097,0.500795352345267,0.38440394268329,0.358968747204041,0.336384131244547,0.304443154454764,0.266700875040282,0.352056676313211,0.252625600171669,0.283136755429974,0.262725775207841,0.378018851819335
"REGEN",3,2123090,3,43,0.547306043629573,0.475115754550637,0.48425732823543,0.598424545233551,0.385206907455196,0.390440241695458,0.343269237826135,0.387581731322666,0.546049019607843,0.462000941969708,0.452420120655415,0.56306820595726,0.558153081270112,0.37451894510718,0.311578387010913,0.474952624528072,0.500584653174014,0.403759398496241,0.381719534660711,0.377842978044947,0.301798920048474,0.2738735612239,0.342762352227562,0.252941310899788,0.256418828063854,0.270975850747185,0.338168762400545
"WL_349HQ",3,2123100,3,42,0.547231417819653,0.474017847563102,0.473366419990066,0.582296416324377,0.373312207953524,0.413671924910315,0.3798103976199,0.445173862049163,0.554122914516684,0.462827892218834,0.454318581515605,0.552822666299956,0.536297260404432,0.329867161952723,0.429999896089861,0.486110826939471,0.49614022125616,0.403726737880664,0.347841347841348,0.35217276099629,0.287415695695181,0.286352346248234,0.398992783569527,0.257447576323784,0.259470464556516,0.282375648224861,0.35199056691594
"SEEDWAY_9558_SBR",3,2123110,3,41,0.529142771064892,0.45354737567779,0.474412344013031,0.572582180854404,0.365518144139917,0.401016287521874,0.326500560837026,0.365082311752514,0.517539869281046,0.458900310001632,0.43192968369439,0.551554383870095,0.556221688007981,0.442198227703435,0.298994385084351,0.445658263305322,0.463048110351015,0.411158084379126,0.337491196314726,0.350833691555731,0.327019770563827,0.267342405988944,0.351306488670727,0.25617955526944,0.249059446680176,0.259426197636233,0.324768478469819
"SW5606",3,2123120,3,40,0.539672518839186,0.467303855281125,0.470945453320873,0.581105442176871,0.363071564169703,0.436146985109833,0.419275960584123,0.472123380004769,0.540587145969499,0.467362134281025,0.459907222472779,0.560387192851824,0.390684299505459,0.333493719589976,0.450988185417251,0.458567774936061,0.465947177345762,0.418429740961485,0.289287364777561,0.314408728344603,0.300818283453732,0.291412651589643,0.358035622125629,0.272924680131971,0.227524474127351,0.225736682946152,0.263391858124079
"BORDER",1,2123121,3,39,0.551780880702449,0.466150904616292,0.481814867066048,0.59199256384168,0.388527891776866,0.419477348529038,0.421912345724316,0.476872614834038,0.530826990884073,0.478558786346397,0.479919789070116,0.553632113125784,0.482969852808906,0.442186987106773,0.488898690697999,0.378078167293854,0.438341501443106,0.427459334611037,0.394730865319101,0.427831444301235,0.357254901960784,0.348759326739545,0.303610636429785,0.403546097839338,0.512850343922139,0.437461720212342,0.372432687972635
"BORDER",1,2123122,3,38,0.550548906431259,0.48242693460075,0.478522213522592,0.592524651116052,0.376012320419494,0.41953498943437,0.422478164995465,0.486163354892714,0.530492592592593,0.481148707270519,0.49061271825269,0.55420543402673,0.52833666656085,0.50296506820571,0.48998046489396,0.407892126547589,0.463803222309446,0.454833818010807,0.422349316466963,0.453182493273379,0.354361885104919,0.375310891318179,0.305098013729441,0.419268947123618,0.532838142535034,0.466041670502317,0.394287508535753
"BORDER",1,2123123,3,37,0.556550684246763,0.461428324749873,0.476410527714736,0.595280551682556,0.380685464174688,0.414680456469392,0.422795493743349,0.470554138076247,0.523504030501089,0.489173854563852,0.492441318323671,0.538709173308329,0.552388701921811,0.523900876307293,0.505759154340469,0.417688044914936,0.461817590106582,0.438261084169351,0.425520707873649,0.433135062039727,0.343508943214761,0.366884311246623,0.316046140299234,0.429884503610538,0.525900595560883,0.473269398915023,0.394065261317237
"55V50",3,2123130,3,36,0.537970272283998,0.468821341924194,0.467557733269349,0.58846239841228,0.366993634052662,0.420649171949482,0.412772533824404,0.466793492279016,0.516072626418989,0.476303508187416,0.498964704132434,0.528918046862946,0.541597621239537,0.503837985825039,0.484818728763365,0.39664787126972,0.463418849652679,0.421006689508892,0.458371587783352,0.443560753381506,0.383703522902937,0.374183970540035,0.314282746958535,0.432529438588021,0.543384731379209,0.447215338463545,0.379125285885602
"SW4107",3,2123140,3,35,0.570190348866819,0.481932926990945,0.494507060731835,0.603848123264077,0.38503025873676,0.408267899074199,0.476663663277127,0.512021212160953,0.535172222222222,0.491560853416256,0.494352748470396,0.526225853552734,0.550878808080167,0.490893717096926,0.506672750548183,0.434498647944026,0.473445082866611,0.43339429163736,0.457345160286337,0.428100158982512,0.378973061161569,0.366450509407303,0.336890066353441,0.466527721895872,0.573075367944364,0.464995427905121,0.407613647449029
"ONEIDA_ULTRA",3,2123150,3,34,0.559799559554461,0.476701687857085,0.474899443687615,0.589673369347739,0.384233004923839,0.396284829721362,0.415866687409326,0.45712614853467,0.50562788671024,0.474405691480132,0.495906387671094,0.514262338784553,0.534448289119569,0.493075136390644,0.506410275822041,0.369973477313631,0.469716586068964,0.431389271108053,0.445420363067422,0.415869198368301,0.369112917096663,0.394152833208013,0.309254183248655,0.415792012104567,0.541255553652805,0.428421205519245,0.400449507385416
"SW5606",3,2123160,3,33,0.573969306032272,0.468513105039176,0.476521556442142,0.590499199679872,0.379410543794105,0.404568037741412,0.4485348084741,0.493139055572589,0.50187424750602,0.487276110050707,0.504698095213096,0.517759755287678,0.451519528480577,0.45026530213696,0.461951285704593,0.422458653026428,0.474020762280464,0.399819565613813,0.427531733414086,0.373610267677422,0.368204764361885,0.347650281351479,0.313162499028337,0.412968788228304,0.524700078964143,0.388285740587315,0.337554762641268
"REBOUND_6XT",3,2123170,3,32,0.569743890822322,0.481009127789047,0.482508729053248,0.589132155104194,0.376865555770889,0.426282760752407,0.47255819358311,0.507851637273602,0.520728976034858,0.492264218462716,0.496620684855979,0.51166475485165,0.40457710337238,0.43349995221653,0.432768062179827,0.443973693825356,0.486762671873729,0.417933587531929,0.428263557675322,0.386448111397401,0.336585606070338,0.32005273102358,0.351142023678371,0.444384941391057,0.554603585733177,0.410118482295014,0.360449346405229
"NY1615",3,2123180,3,31,0.57019011308227,0.468404901290201,0.480210511719956,0.58466392835161,0.378683539770454,0.365733451275247,0.387745928956845,0.438389324456514,0.490454139433551,0.487054874813362,0.493974185512102,0.510090731088497,0.439748003809245,0.456043121902959,0.461603699238546,0.385674339300938,0.45847609874947,0.403657155471097,0.436584330701978,0.393345933664035,0.374948721572053,0.39730497508738,0.339662205299355,0.395879698634053,0.512754492869443,0.429948939418093,0.409838297810203
"SEEDWAY_9558_SBR",3,2123190,3,30,0.548995439926812,0.460852092696443,0.470155799546096,0.572012912788434,0.365518824141413,0.380401255340682,0.374785390138588,0.433584885315319,0.491425116099071,0.477877097741752,0.492792138543773,0.491554249707638,0.426117160301789,0.453854048506455,0.433520579402932,0.385212994288625,0.452801026597818,0.391451176962013,0.426069461363579,0.390293386692981,0.374270433222426,0.388483180882973,0.331188156031893,0.392962900229336,0.530728468000495,0.421813495351192,0.405959805959806
"ALFABAR",3,2123200,3,29,0.559298399494478,0.461830003889381,0.468352907500484,0.586092374169399,0.358404957002768,0.389981817288319,0.374958183039499,0.424238973325741,0.476771786492375,0.485280979648497,0.491885187810064,0.501130318702917,0.451736981894755,0.456581030377822,0.450952209470426,0.392898169368758,0.459544338089615,0.392431833232559,0.442787631022925,0.401841640202501,0.376633556931545,0.403666107544296,0.324633093635192,0.386122725192084,0.533531576143315,0.431930774187609,0.390472758755243
"SW4412Y",3,2123210,3,28,0.55774540455913,0.48406539593525,0.471795749930142,0.575326130452181,0.365953710975543,0.377768056116421,0.422756130898749,0.472712462824561,0.495452941176471,0.478668789101544,0.5006968465792,0.501019001130691,0.408409305167138,0.441937266536197,0.415262825851061,0.420445511537949,0.480063856876159,0.417554510791101,0.443761255525961,0.392738206522604,0.407850447196422,0.379371359163134,0.325026473837732,0.402562297148682,0.552562053448259,0.417419894787183,0.392262120971515
"GUARDSMAN_II",3,2123220,3,27,0.572646516519066,0.475305668244309,0.462222615108731,0.576190476190476,0.388011895655769,0.369051550444739,0.377953206007171,0.445298059655731,0.48547235122119,0.487135329902886,0.492201485681287,0.484049649053372,0.432980963567294,0.456231172273953,0.438544520816045,0.36283022299829,0.465426471137967,0.396788651828818,0.430122253651665,0.412586229248688,0.384201066391469,0.403767327973471,0.325048774302728,0.38564389367238,0.526148547725738,0.434726475456364,0.401192520946691
"NY0651",3,2123230,3,26,0.573357674269025,0.485406775569325,0.478026624275014,0.578394132646464,0.388719001848471,0.369669705117275,0.402015216566976,0.466393941138099,0.502058387799564,0.484941292151079,0.500392799216329,0.495592539672957,0.417228024507158,0.442633999668743,0.411328134857547,0.390610157106321,0.461953620073519,0.391832031058037,0.432983900630959,0.401158593584749,0.365701476047943,0.388345355841452,0.32018192082188,0.420241995834621,0.550365589374934,0.434027555310074,0.411619088811995
"VERNAL",3,2123240,3,25,0.571213771703968,0.471138255843243,0.47142735668763,0.576705229176873,0.391644708285025,0.351181703450611,0.347793258394446,0.367353160176952,0.44078345373237,0.478484420316799,0.483739970776352,0.507270487166243,0.446394823444758,0.47634251759161,0.451516907002354,0.324614785044453,0.410135300054753,0.353701784188957,0.405626558567735,0.400435374522596,0.372108817320333,0.407712514701062,0.297785117816542,0.321352734155502,0.471146692544072,0.38285986068919,0.349302892410882
"SW5210",3,2123250,3,24,0.581003664091899,0.490913806360949,0.47662887539444,0.564984738289935,0.384154378472966,0.38007625792792,0.449777074943763,0.499699779339515,0.510784204793028,0.488035637162354,0.503289599760188,0.504817848377044,0.429247748748717,0.458346419711707,0.432120019178843,0.406104006820119,0.475035787557145,0.410041091326398,0.450595438830733,0.443668106379543,0.417403406000968,0.41727473290201,0.319075308033137,0.429242911939057,0.561547078802409,0.427563898188002,0.398248576123905
"EZRA",3,2123260,3,23,0.579402215431627,0.445689744776159,0.469447713821467,0.575625981334238,0.359411948946833,0.3935797088066,0.39696807439379,0.442760282072621,0.483232352941176,0.489305642962031,0.495750918110946,0.504969153815021,0.433632265642361,0.462484404968065,0.433714843403425,0.353331912475135,0.459908040820904,0.411398078565739,0.461900403076874,0.444651580984777,0.393939628482972,0.419023174658261,0.301430415540493,0.409257270419449,0.535563475754203,0.431434885562232,0.410088771827139
"SEEDWAY_9558",3,2123270,3,22,0.551811179017061,0.455903813519999,0.478279474806954,0.577725188730201,0.374645239948915,0.378427687686,0.398867442173376,0.441205759224099,0.487328108875129,0.465594308519868,0.492566858797796,0.497200700328027,0.445229251981419,0.439652657517581,0.424406591465415,0.333170359052712,0.450024745211911,0.399677134011499,0.45199806376277,0.438257697232704,0.377120313037496,0.420815547457921,0.284413249279695,0.379840862712835,0.521641526576667,0.420007241707325,0.397493028924109
"REGEN",3,2123280,3,21,0.57257472012374,0.470825453984603,0.474901960784314,0.583360344137655,0.369845637000782,0.360211900144673,0.386856877308818,0.425987473172441,0.467834640522876,0.480104112441437,0.499631252281855,0.50673358888797,0.460659482030232,0.446056984630543,0.453560673670586,0.351914341494173,0.454157403681446,0.390547349630014,0.44974959680842,0.428085545783097,0.406129170966632,0.427930393396297,0.288302195512637,0.38450050583501,0.540479588244808,0.431122609537642,0.415634558040177
"HI-GEST_360",3,2123290,3,20,0.591447976496996,0.486696429755134,0.48641533255638,0.590267174134228,0.375098911884273,0.37751908790272,0.433272418137561,0.478109926127552,0.496732788671024,0.498826490948802,0.503760444936916,0.510334310483231,0.436476090706115,0.424732724197965,0.437105508870215,0.3873311748942,0.46568242638538,0.388238255654685,0.420786561963033,0.404940792719697,0.343689648823058,0.396923380955135,0.312959744699779,0.413883211287251,0.542122613237435,0.41851542278321,0.395243390888694
"SW3407",3,2123300,3,19,0.596260390626588,0.468373072690875,0.473118227969591,0.577229277361169,0.364765609151007,0.369465570843722,0.40428745949453,0.456521493680619,0.479313832989336,0.489779543731345,0.501770043135505,0.513860994277971,0.439453244870533,0.424852390627792,0.440123795059679,0.379889167788327,0.456875718774669,0.393201078767288,0.437495555142614,0.415732217953879,0.381752159260734,0.380591457822067,0.330721885166623,0.413066307234248,0.525501374737183,0.414049970883079,0.387502248055881
"SW4602Z",3,2123310,3,18,0.587570735364853,0.468479335988842,0.476943745868177,0.573996720819692,0.361657615829982,0.38077163529849,0.371755389245414,0.434068754951261,0.487635620915033,0.464669109934723,0.497545674016262,0.493185516119247,0.423747394262616,0.409825943515783,0.427832033714387,0.347113525544898,0.450097742360374,0.384139981983983,0.418307077130607,0.38893199927362,0.341977655879998,0.384521468371026,0.297769443775431,0.402934710850671,0.520562310319567,0.416500363108206,0.407078463619289
"PERSIST_III",3,2123320,3,17,0.593112025955163,0.462804591072399,0.486071016141733,0.595021291027622,0.358832672053443,0.370151235522079,0.407294903938573,0.468671116790743,0.485203159041394,0.47323963213604,0.499634607869902,0.502064536614053,0.445798546077902,0.415166057946807,0.438094731105112,0.391843624406284,0.457620960519919,0.38796869625043,0.43276226315442,0.393860409260561,0.362248452012384,0.404809499020847,0.295369658879344,0.423741003325778,0.542734704265015,0.447930160483599,0.422820700419471
"SW315_LH",3,2123330,3,16,0.576701539201539,0.483179712047091,0.499995924224184,0.610730677921393,0.356728047296419,0.393133499553668,0.345209350115592,0.381627708914293,0.449772424320605,0.458716938102675,0.492408632350754,0.498716736095738,0.452787213104346,0.44094832365308,0.454501387200349,0.301173547679942,0.419874793025879,0.352548635704894,0.400249141425612,0.361581728155826,0.345216718266254,0.382460427632213,0.27054490867641,0.315478850253937,0.480124344740322,0.384271625395072,0.354745168616986
"N-R-GEE",3,2123340,3,15,0.587650902111686,0.478703629194496,0.488815416877133,0.607376950780312,0.366653066636747,0.364307917146792,0.410555208983157,0.45318213985785,0.478223965141612,0.480735448364368,0.498033862739745,0.491125911217745,0.429418113710676,0.381617906751597,0.416143072613661,0.346558031908416,0.411243999674559,0.323624921334172,0.360532419355949,0.320035908119072,0.340850600996022,0.341114003123373,0.274269086330834,0.395413629526785,0.523268140346871,0.432203913839495,0.411112956679243
"NY2003",3,2123350,3,14,0.559486791349536,0.462157707910751,0.489187555017721,0.608831532613045,0.375705246551542,0.385929633391818,0.351425824436472,0.37368276076874,0.441809259259259,0.460211009513938,0.471851899576917,0.490662963782845,0.450313746653545,0.411468863875281,0.441030476843626,0.371199610278894,0.372938229906743,0.283405315136334,0.353227023815259,0.352317073448101,0.324099362391823,0.354348140436115,0.275562768163092,0.29789182157131,0.440999039111035,0.383913497943445,0.368445761389133
"LIGHTNING_BOLT",3,2123360,3,13,0.596888351300116,0.487554562682765,0.490997226141065,0.612594741932648,0.372948783357694,0.369693687954557,0.475409098137071,0.512460784556583,0.507553857069143,0.499561240425374,0.498050992168639,0.508215885282155,0.435851771901421,0.40315661759512,0.437509157509157,0.415395316375709,0.477825224349289,0.389803430143987,0.453174947292594,0.421962296715419,0.390785298613877,0.379508688431125,0.340657060900658,0.452581327559378,0.560088977366784,0.463721623860812,0.439659961170058
"PLUSS_III",3,2123370,3,12,0.594943600335757,0.481584507260671,0.49302241978801,0.611710944467473,0.392250219906086,0.388217810201003,0.471721363371599,0.504440843103188,0.512840631808279,0.499620733249052,0.499137512617314,0.503353465155401,0.438605652730601,0.40391367396715,0.436529609193969,0.419500163701844,0.490070739521557,0.418303532866891,0.455439077988098,0.407462398020338,0.375173718610251,0.378991458923786,0.344017167535111,0.464648749942868,0.570163089495866,0.462320866618252,0.442406288235963
"NY1517",3,2123380,3,11,0.567166636180721,0.47378669362926,0.480754053446196,0.59529160543141,0.38022645358065,0.359410421916816,0.366687996861764,0.392585457973722,0.468113180827887,0.489878878619485,0.483772970831794,0.499658556546122,0.458131231363827,0.414856416685857,0.443993054235269,0.333640365237004,0.452981416857424,0.384969212354545,0.445387327740269,0.411697837701372,0.377759287925697,0.414903943878436,0.307959864260255,0.342137818191572,0.492336315894626,0.427757274484698,0.410807141484045
"NY1614",3,2123390,3,10,0.560708508992823,0.488323230294892,0.487788413776846,0.595921669116077,0.373557776668546,0.361337765875581,0.399402321971903,0.434621834834703,0.475084601823185,0.475085822875406,0.489874093323184,0.50224386709867,0.4497724939949,0.407638291595511,0.442011388551181,0.358833472783053,0.435834614209034,0.352154655303139,0.413411884000119,0.389100486500133,0.362463020295838,0.37135123075779,0.311724819907816,0.366860090790915,0.512228025611021,0.432140549920977,0.427746068483558
"NY0465",3,2123400,3,9,0.581596898018467,0.483966147884863,0.491222815160127,0.611867115614381,0.354775027171726,0.351097995496972,0.382620209655915,0.415911323433483,0.474443790849673,0.485338489378052,0.49608774549951,0.515312632066169,0.44674772229453,0.439329120077783,0.443611797660241,0.36384703446596,0.448872485053177,0.376976264189887,0.449090954973308,0.399889007917284,0.390879505329103,0.404518287157538,0.290906762393006,0.37079982685519,0.5184993168188,0.443899229801467,0.429398196737968
"ALGONQUIN",3,2123410,3,8,0.577120292561469,0.492635862317088,0.492010961533604,0.606127951180472,0.370762090584007,0.354523347800659,0.377496988093472,0.404643491549015,0.469489164086687,0.485939862670732,0.495413462127377,0.51591471093829,0.452318444917093,0.464624027190872,0.457960555711421,0.357035142559439,0.450870005959095,0.357544652711794,0.4176092058445,0.387048948435999,0.338024399539244,0.37989340869091,0.307661420322987,0.317395810648406,0.460491884769434,0.39678044057129,0.373892059311287
"FSG_415BR",3,2123420,3,7,0.595511487423252,0.490891451950953,0.492512625488151,0.615113489341925,0.379297694454928,0.335828422784945,0.385731447940226,0.423624806260288,0.480383006535948,0.502782117252187,0.501833812422048,0.519129553976911,0.444735616858724,0.446915057610245,0.437262760307743,0.38824016563147,0.48108723808016,0.393959451622058,0.450891737166247,0.41547156851373,0.405212628838388,0.40392012262132,0.295320444189282,0.396806528234341,0.526973627879099,0.45643575815136,0.419546878546001
"LANDER",3,2123430,3,6,0.588235294117647,0.480489544758112,0.492186413423248,0.616827825300524,0.368124321755115,0.357653461384554,0.369198959490309,0.399387869319979,0.471949346405229,0.495130492725725,0.493027511113975,0.515532211287982,0.473564860374803,0.475977193835342,0.466023982459969,0.362799658994032,0.473224310471076,0.394715575902412,0.44737403560933,0.413650661517362,0.370182318541452,0.384828338415012,0.295857338191012,0.376430621496204,0.526010598319871,0.447340501423392,0.411886148321618
"ONEIDA_VR",3,2123440,3,5,0.578812518273303,0.478637449432515,0.479137701309234,0.614892414364849,0.377818815556574,0.357483800655156,0.374971682996343,0.398344876358728,0.450513523391813,0.490546590317543,0.492137453357497,0.532733974977708,0.467775626170598,0.461029879211697,0.440985588805658,0.354146992130185,0.468269630836476,0.394314708339476,0.464294546647488,0.423967011697383,0.400808823529412,0.415267896735882,0.294250430398974,0.359904849808274,0.514077142259136,0.457357540547083,0.430961003804507
"WL_358LH",3,2123450,3,4,0.598578637601007,0.504326710542912,0.494713880399734,0.627075152931128,0.375133377513304,0.383208175577923,0.402382165304868,0.423454367599609,0.467655010893246,0.514487053425107,0.492361316925456,0.526941386658438,0.469499910055765,0.456207903801487,0.43088001496306,0.40415487407084,0.464698625889741,0.377116025068863,0.415329309446957,0.393095291706753,0.327612229102167,0.335487965097543,0.326779927542603,0.398516170488489,0.522272288342799,0.438058240510602,0.400831720727914
"FSG_421LH",3,2123460,3,3,0.600134750870045,0.514244230645965,0.482969732905328,0.62953159739232,0.371835328130315,0.402070768106574,0.379072449940675,0.390313864404787,0.441125381263617,0.521189057120646,0.503040366569778,0.537907378711548,0.492671132133371,0.460805089147335,0.450033841590935,0.357481443755954,0.447153817229482,0.35928084008934,0.424067943675787,0.410190028824597,0.330546527412013,0.358495286020013,0.281450982940781,0.363701617445884,0.490062410213964,0.429518986008569,0.382083833005694
"AMERISTAND_427_TQ",3,2123470,3,2,0.62767815880561,0.537837991607994,0.502379797775701,0.644959983993597,0.399986513303663,0.421281620340444,0.43993432295115,0.465947371750885,0.478207666838665,0.538318587346833,0.50972539395053,0.530609102525211,0.491396569421077,0.449198276471004,0.446802685037979,0.433941334109401,0.48427084638947,0.407786991448562,0.440428358075417,0.429883708500219,0.339515434913865,0.365945316179569,0.303120790787232,0.432246428595735,0.523302865542141,0.450633668101387,0.384228367964101
"WL_349HQ",3,2123480,3,1,0.635340213526488,0.531658082435138,0.497504804841645,0.664398994892075,0.438346397089346,0.430422443576973,0.45101765870462,0.483214794501119,0.477066339869281,0.547511198311924,0.512188552188552,0.527861293907459,0.504405632144434,0.455983846344105,0.453161228455346,0.439049316696375,0.48718618545321,0.417386690358963,0.454740454740455,0.44055350477971,0.374033203584994,0.377926179321286,0.3036031179873,0.460361712400418,0.529846424256262,0.461837061585197,0.390331940639228
"VERNAL",4,2124010,4,51,0.658549547765234,0.506127368121014,0.504060943112038,0.645018904422756,0.373315607961004,0.40303645203901,0.321383952230999,0.370650528764497,0.507234749455338,0.534735538855777,0.490674140411915,0.563175535923116,0.539201401013724,0.462253967066801,0.351352865470513,0.539740744782762,0.550428681060851,0.468888313034465,0.44989389695272,0.430261378598626,0.297150246864415,0.220604347933864,0.326966104567518,0.228523242402296,0.275415750968024,0.258633320290422,0.400511101499423
"WL_349HQ",4,2124020,4,50,0.667497925095964,0.536858168369947,0.507316192256207,0.65724485309819,0.38240518795808,0.406447994582448,0.356112803199883,0.421946562568152,0.574240411076711,0.547619294413801,0.498490576137635,0.56194304257099,0.526118510794057,0.457451662700748,0.361410073744696,0.590087671432209,0.560166778348597,0.461268298742499,0.457506704565528,0.440677233658804,0.27659348517743,0.232901459502188,0.393653797386895,0.233427391088334,0.285997421773173,0.282262436844448,0.372761969776895
"SEEDWAY_9558_SBR",4,2124030,4,49,0.658755623461506,0.508225450423577,0.507845948598417,0.640298229552966,0.372809375100757,0.397350021390942,0.337398171028052,0.389898140442576,0.554977015250545,0.525667187228874,0.484615805269006,0.5564392389411,0.554175865508839,0.448354378835662,0.540875160875161,0.537978288958681,0.54619838290817,0.479728032182036,0.477421743108018,0.45411955757828,0.2834326625387,0.243105029622468,0.363248961116909,0.233716725412227,0.304323524654889,0.302068673478781,0.328053872742196
"REGEN",4,2124040,4,48,0.648937672712183,0.514668429914224,0.526976822502294,0.65108943577431,0.372007616218024,0.389182503770739,0.332732743752523,0.384616229012847,0.556583442265795,0.533904464440644,0.476639420168832,0.576180350119293,0.563776282234426,0.472874778222372,0.538086291210655,0.54443013569064,0.537496784067446,0.485319551217452,0.493485387603035,0.463037134584724,0.298258083935328,0.275643472728324,0.395845996811671,0.264461355637826,0.290416797480758,0.278859235052045,0.320358989366891
"VERNAL",4,2124050,4,47,0.629722410849862,0.487933112711569,0.517989162878266,0.638336913240633,0.374541320481391,0.39154604985807,0.305001519823882,0.362092476603449,0.539565380976952,0.51318155456015,0.45237441745592,0.574475791254148,0.550139303639801,0.434704511175099,0.492599994952936,0.498510778224333,0.485835603726744,0.44942805315959,0.450349509173039,0.426388822551408,0.251046181630547,0.276592548523834,0.380752022652175,0.236076661834467,0.306771650921407,0.278865646380347,0.355340455603845
"REGEN",4,2124060,4,46,0.624483867621123,0.504895249174721,0.523200786582714,0.633515971410986,0.392400189947085,0.406496013790131,0.336396340195467,0.38684459391525,0.571905664488017,0.530924616542652,0.468004169747089,0.555364597657971,0.520009417690444,0.433682775928765,0.473837594659903,0.529451223967848,0.523379626588183,0.463812445055995,0.482124905654317,0.450073840788584,0.287360884515413,0.315942589425151,0.388547118333913,0.247581878168504,0.275437156910314,0.256973395522914,0.295122285113505
"WL_349HQ",4,2124070,4,45,0.650432075186977,0.494584372736783,0.529776658690191,0.642072577910088,0.405863426232871,0.407734714844689,0.363290316434096,0.435818356133717,0.589218082788671,0.523975112168761,0.473961944032816,0.557630601562098,0.521612541400802,0.438777729447586,0.354591061649885,0.528557788332724,0.505164669056091,0.450883155024124,0.431242867517377,0.370478835310948,0.24175926758561,0.271284728247248,0.407801849536851,0.247836915791262,0.298467572375869,0.277247155652384,0.318535142912887
"SW5606",4,2124080,4,44,0.643024755783662,0.499289812273794,0.523346422036081,0.635537802564972,0.386553620510558,0.406829808846616,0.335506929248724,0.391231283565967,0.587833354833161,0.531785624771049,0.474811924223689,0.54924069018137,0.533599827252953,0.443205398285612,0.361108414619508,0.528951406649616,0.500101810377622,0.424257867611068,0.439317545199898,0.375920088445443,0.245718518899152,0.237981210183188,0.389969633138236,0.237645284358087,0.267238681013405,0.242652796956028,0.297816328439166
"GUARDSMAN_II",4,2124090,4,43,0.659597610087806,0.492044173991436,0.523057532015239,0.643007624574493,0.39633374390041,0.36501491120417,0.322479254325508,0.379819588619762,0.581652287581699,0.526623477584867,0.47694044150458,0.566005022147986,0.549876194406527,0.426502374630717,0.421201705907588,0.52590684758752,0.523906088172625,0.433602065397867,0.48459475518299,0.427384567096761,0.265242518059855,0.318231727302524,0.415858688962034,0.264903838416351,0.288066579113348,0.277162352402314,0.28458077260755
"SEEDWAY_9558_SBR",4,2124100,4,42,0.634945863867433,0.484800317185698,0.514976889854267,0.630832833133253,0.385529753620003,0.374680087419583,0.32404411915452,0.367097059042101,0.572558909528724,0.527070669677563,0.477273209037915,0.549480232279934,0.543656815127562,0.425803073931416,0.549890661614659,0.515072938266216,0.489396348219878,0.405558504103396,0.449093249093249,0.375259682808282,0.26296568627451,0.299563719293027,0.362609001487122,0.265445957626369,0.28173490405381,0.272975329575043,0.26995927226612
"SW5606",4,2124110,4,41,0.658515948466929,0.474436639091066,0.509489903017168,0.627369624320316,0.379251200610569,0.407529361800462,0.345729575673064,0.401845930727714,0.57166339869281,0.515178106640886,0.469545776689646,0.54955402163146,0.516152902203052,0.436144663417391,0.424728594140359,0.515322250112166,0.482390762742239,0.395022698261879,0.395554454377984,0.323617108917206,0.222424320605435,0.264008907397767,0.374742365913676,0.263359573913207,0.298156591603162,0.265061094234251,0.278066315116359
"GUARDSMAN_II",4,2124120,4,40,0.615898009035264,0.483017639104323,0.516481701310838,0.620266043637186,0.375046665102663,0.404425770308123,0.357683044925947,0.388642809299895,0.545034640522876,0.521071862373268,0.462370213350606,0.53522195563645,0.525574320391945,0.45155481070201,0.402858976968482,0.472046758097178,0.469451829178458,0.395401720159429,0.434253364645522,0.397167882348392,0.273244864663489,0.332351701742644,0.37082385563571,0.277169351217794,0.295918957102492,0.274759826935469,0.24459296653985
"BORDER",1,2124121,4,39,0.649308443916287,0.48038251723398,0.518136402979683,0.624031854894424,0.413607135306068,0.384375056600121,0.388695216077697,0.418676555755089,0.547797772617819,0.533615172941423,0.473254085862165,0.556460257726081,0.526541180831521,0.458978514058728,0.458919928331693,0.357199488491049,0.455718202947883,0.402039484418339,0.412656659715483,0.394108510132851,0.279925405410035,0.341818497310429,0.296156273113308,0.393909522156659,0.51185175671433,0.432886613625495,0.3346536923227
"BORDER",1,2124122,4,38,0.652376000905413,0.495648805499211,0.529693211763022,0.627520317544058,0.397523321217973,0.394827961954012,0.380939304807353,0.419864009415106,0.562004466230937,0.533654660101926,0.480352437999497,0.55644728868854,0.51659003649808,0.417777612258368,0.512205712734921,0.355176714163926,0.464266600095477,0.403972676790014,0.441134488193312,0.42649481089269,0.298448586685165,0.345567536749213,0.295780369728967,0.409000160939889,0.520243123935649,0.469358160177971,0.369229065629417
"BORDER",1,2124123,4,37,0.667760215481839,0.488884669804994,0.521312880383297,0.628239816105814,0.402211042834696,0.399700089623363,0.397856683154662,0.451953435630892,0.557768845315904,0.546115545529913,0.482896947266189,0.559230762159529,0.504685036453869,0.438961613979769,0.540700027758851,0.371202046035806,0.479516462623486,0.42864587832196,0.419546360722831,0.38286036604643,0.303917268661851,0.350847841594848,0.287077453975026,0.418338992000098,0.521749983350934,0.454259535426064,0.365322952710496
"SW5606",4,2124130,4,36,0.64915082194494,0.482143058372774,0.519584606706573,0.625849839935974,0.356124632945651,0.403547634438391,0.381837389608651,0.428540925647179,0.550973297213622,0.534336778959371,0.478231600584542,0.555391430149435,0.512244584827995,0.424836187508664,0.54225941640963,0.403274631591767,0.496576048833798,0.413453275583361,0.406233123880183,0.353941278341018,0.279498624011008,0.323115936640143,0.30156447319293,0.410774903681478,0.525043763259792,0.431440934398451,0.326503999609794
"PLUSS_III",4,2124140,4,35,0.659406978279527,0.486609758846067,0.517243332856257,0.641240496198479,0.385241587531493,0.374843002975995,0.380483774295744,0.419804846237328,0.545445860566449,0.548546144121365,0.488307697019013,0.558879206831552,0.485895835637505,0.428159784598266,0.530245034950917,0.39663329679698,0.501257127276166,0.428731296728187,0.426270171368211,0.377901203399815,0.29922213622291,0.350105847648794,0.322222477084679,0.426152125460084,0.55466958738857,0.451611350639378,0.363183836230368
"WL_349HQ",4,2124150,4,34,0.659904247894444,0.494310188165553,0.511868044054605,0.632697993995805,0.387581929161726,0.378719978515375,0.384737342405141,0.430792927744441,0.513110348583878,0.528023297424697,0.488774778257415,0.552898890451633,0.474858470101478,0.433343471397211,0.509350672395655,0.414361165341558,0.488687613657104,0.415727736028332,0.40442627501451,0.354534656360214,0.288675924617499,0.349647656506064,0.327102455982068,0.442583933955394,0.543748275632427,0.428923298497126,0.373351502292459
"SW4602Z",4,2124160,4,33,0.65562581935131,0.47737292685837,0.500904200237416,0.62557234553014,0.390070164821029,0.394810970542063,0.330780766455054,0.362625466347455,0.475146091331269,0.506448500104888,0.471081348728408,0.564035070066343,0.492101308953155,0.408911978846619,0.527174579423714,0.345283810493895,0.454392165622112,0.395850533195734,0.380498604028016,0.345549740601495,0.281217750257998,0.323035621328177,0.284188970317444,0.377037230760977,0.48793537308179,0.417572536650274,0.361683006535948
"EZRA",4,2124170,4,32,0.631411925039376,0.495332199817046,0.500668247834414,0.622467040100134,0.384259891798823,0.370188209062889,0.352186963720847,0.361891872162119,0.474748910675381,0.510623930988324,0.471552003219851,0.559928804455982,0.498681750433184,0.455722109462124,0.490136760586588,0.347092048940788,0.465040339338606,0.408238996038944,0.426511767688238,0.406195086780797,0.336108961128311,0.3750496462105,0.288716729299115,0.401473344033898,0.499111058785474,0.429412732994432,0.365305428343181
"LANDER",4,2124180,4,31,0.657974940818078,0.486260679032215,0.503621515587772,0.639079524186356,0.372867024535784,0.389276941545849,0.330334544298069,0.358957538278013,0.48952908496732,0.533270370094941,0.478801796448855,0.572446521974941,0.48589145318138,0.439819420033324,0.474379916248428,0.347055185710648,0.471133129712578,0.406728858944459,0.398301879674429,0.361849967002839,0.315906002751978,0.368532758236038,0.286583403101931,0.393774170420351,0.474833628259649,0.429120500782473,0.3348769632231
"N-R-GEE",4,2124190,4,30,0.625870254204968,0.487832183245171,0.498501221982418,0.614982854128198,0.381744927111567,0.4237919738687,0.343638403985504,0.412943317808632,0.480990282077743,0.51780829806225,0.477828962910465,0.539088455544152,0.474737309926669,0.449413214611638,0.439332294003574,0.359437340153453,0.431606514984597,0.35860412887622,0.370494405788523,0.368727070923486,0.309935500515996,0.348116336013265,0.305646350305899,0.412990933719589,0.491159345834404,0.444635536360636,0.383930699730873
"ONEIDA_VR",4,2124200,4,29,0.63525521319639,0.489859613476033,0.50449272347962,0.629264705882353,0.377512685805687,0.449352541016407,0.328316759018018,0.399785119527263,0.484762962962963,0.524718715680105,0.472853027319258,0.555424970763765,0.478451992392363,0.457720354511798,0.455417874622027,0.346035332007199,0.488038208359064,0.429590929939227,0.440120946003299,0.439101931546151,0.381922159560483,0.414270345306264,0.298681341646947,0.397019689514126,0.49590111881725,0.469379592191644,0.392006702454464
"PERSIST_III",4,2124210,4,28,0.642783224400871,0.495898046507312,0.507200427226142,0.623507806710128,0.390242998534597,0.442356938316018,0.334825719450705,0.414399914346478,0.488414596949891,0.531096403163035,0.477305800743079,0.551067721978618,0.489098758769563,0.430948314905534,0.450776582126063,0.377893557422969,0.499097756595541,0.441709300460272,0.456615668380374,0.44387189512158,0.384579217142197,0.423169838240114,0.287251907326913,0.424155851837513,0.51549897251477,0.464127282211789,0.405026582772412
"NY0465",4,2124220,4,27,0.643794386441445,0.474485443264527,0.49028213192488,0.611447664267501,0.398140309242014,0.447735524979222,0.342726097003353,0.400169514658647,0.481805448056416,0.524937904365286,0.47102910397028,0.558023250353853,0.492191782271462,0.440765117235705,0.457257603624386,0.330706125928632,0.49314967884653,0.450380063919841,0.459739342092283,0.457529740694041,0.402863455930527,0.418753129570412,0.294111148066167,0.389093490131552,0.497928856161582,0.443257909110436,0.410546044288362
"ALGONQUIN",4,2124230,4,26,0.637885625630724,0.499204641959195,0.504763438222004,0.599428219718381,0.411145504858377,0.432871055872133,0.387566102152775,0.432542195309496,0.491764270152505,0.527272547785634,0.472608735595979,0.546940089754684,0.493658392715131,0.451874981821506,0.453310518777647,0.355666630288479,0.473103809203394,0.425311681206991,0.450498448537664,0.442318748145294,0.362422600619195,0.407819340125431,0.311131756844125,0.367770722311833,0.481073529110273,0.426809341622828,0.374953774602589
"NY1615",4,2124240,4,25,0.660136259891162,0.489903294440206,0.493250322026621,0.596784866412933,0.405545778796908,0.417884048356185,0.36075995316018,0.403781682605416,0.491189155486756,0.523368254790903,0.480539362892304,0.55513339102319,0.489259071140599,0.432930344821704,0.432077579309413,0.35991075217966,0.484947903664481,0.454742247776304,0.448261401202578,0.442414896593134,0.402368851049192,0.415768214857231,0.307199991844401,0.421407016979158,0.507650008086689,0.464148466294484,0.42558994244464
"LIGHTNING_BOLT",4,2124250,4,24,0.666686118892001,0.495463543637428,0.503181077783912,0.608096575480627,0.397068108137576,0.399789862550665,0.390671168030531,0.445842446186715,0.507131917211329,0.522734191021541,0.487556643687048,0.55087191932563,0.485581410113965,0.441227578125974,0.412200210400902,0.392012805122049,0.509894517412213,0.456868023763593,0.457034115857645,0.436263478828488,0.368924148606811,0.385479289060757,0.32853121491659,0.439220929013317,0.513596578854735,0.427774525146522,0.396464491269144
"VERNAL",4,2124260,4,23,0.659350625772194,0.46776465568092,0.493792421219239,0.605029511804722,0.388572548100347,0.383513071895425,0.315089561256571,0.344829924340119,0.445561437908497,0.520650950645745,0.463470878285693,0.550579917221764,0.493662079389908,0.444661755356943,0.452067811756393,0.285445019758745,0.476116780681096,0.434556694924666,0.442366430601725,0.431717352292964,0.360726076846987,0.400927853934101,0.275541996872838,0.31354348509748,0.44246154065702,0.389582425562818,0.32238221878257
"HI-GEST_360",4,2124270,4,22,0.668639406253325,0.484136194180298,0.497203905893258,0.606928271308523,0.376474328243522,0.415640034300015,0.389103519136912,0.421853328077322,0.491748366013072,0.521321969806033,0.475101045894809,0.54631310387081,0.488862787424738,0.436521529569658,0.445899844100536,0.369960784313725,0.498451734624544,0.439338535218297,0.453464006405183,0.435137419366628,0.344692950340215,0.398807168885253,0.309828515795738,0.399301118532228,0.500843156282406,0.434205248883851,0.384632232795079
"SW4412Y",4,2124280,4,21,0.665391190146092,0.465203796901735,0.488713072176058,0.601413874967027,0.363203645714687,0.408573271413829,0.405446274702759,0.442013406715209,0.492960893246187,0.526474907143474,0.478144882850765,0.552848790711784,0.486512597483678,0.454577033186659,0.43732711950705,0.381895506028498,0.50237466440675,0.463667993513195,0.446689584924879,0.420819215420526,0.367067901631061,0.383268263057435,0.295307727302268,0.40492190211732,0.509529330897813,0.448033918917181,0.406338284069847
"FSG_415BR",4,2124290,4,20,0.668610238708278,0.501370088476179,0.501376110054727,0.614144276544699,0.374567783034324,0.410914185150287,0.403746268748199,0.448180787331065,0.500256862745098,0.526537269775167,0.472803632831982,0.552306588047467,0.474705197684768,0.464912707144624,0.466183505076239,0.339270247229326,0.497560902500332,0.443835958269749,0.455369961252314,0.419507313422991,0.354591073271414,0.401176966361766,0.299808470863487,0.415436370626682,0.51626554309254,0.460447470346163,0.41024533684762
"REBOUND_6XT",4,2124300,4,19,0.68773354459629,0.49800770418892,0.499355441618468,0.622778259285777,0.383585721351589,0.420581601061477,0.455697538256338,0.492201111413874,0.519561403508772,0.538808656205845,0.49243018419489,0.554865513316742,0.45738230532364,0.48495236195771,0.415668090235564,0.425505784922665,0.524630415135663,0.461581707572897,0.451855828326417,0.413239899834194,0.356109391124871,0.377195519309002,0.375558053207635,0.471119230634802,0.548848479226722,0.456792782840836,0.429378475270705
"NY1517",4,2124310,4,18,0.649436357034396,0.474133125834076,0.494455434241823,0.58990641996709,0.381648442311758,0.382675251641465,0.365097182977995,0.387662875524993,0.459861111111111,0.507818348578369,0.464529578007017,0.534692001507588,0.499164336293316,0.488740136868479,0.445210844518803,0.305430046414701,0.466426103916951,0.415752497768564,0.455923302982127,0.397462193321825,0.365946422428621,0.395740313824645,0.286560210618335,0.367623967097189,0.485821893046399,0.451731247447294,0.437077236367184
"NY2003",4,2124320,4,17,0.647627653755105,0.453533402393964,0.483486934919953,0.600170830664104,0.334090288331968,0.438438576549359,0.332141525516423,0.361081667713002,0.452804357298475,0.509743210059354,0.455933251723471,0.539946200854615,0.479481548192739,0.540635478603393,0.432846796376208,0.307470867134733,0.414803624713315,0.375519441256679,0.368098822020391,0.319540229885057,0.294965079283515,0.340972101721711,0.26863293052322,0.334633325286339,0.448106406560683,0.418297061181051,0.409013511384012
"WL_358LH",4,2124330,4,16,0.653311358213319,0.470375098473429,0.493771373727679,0.600229591836735,0.341709138426771,0.420457270627549,0.393563049674018,0.444284805998002,0.500301105091159,0.519623391206703,0.4750832115538,0.525145845771311,0.489834714241876,0.560937636338706,0.435686065749164,0.372833254513927,0.484154742978272,0.421315885028475,0.411858305975953,0.349859817430473,0.332465775128571,0.363390595176124,0.317343390205891,0.408637107373729,0.511708693666695,0.432356201904265,0.401564969271291
"SEEDWAY_9558",4,2124340,4,15,0.661144765204417,0.473218957734577,0.492934412207705,0.617165008973782,0.349957608807374,0.414863049211548,0.373934918699628,0.4240369088812,0.500434640522876,0.534014402221065,0.478156197775853,0.549316988867746,0.486307312995355,0.535821627476567,0.447674565321624,0.331481441061273,0.508057092972885,0.454114685521786,0.452007699066523,0.376711222709708,0.375958462332301,0.404569544632012,0.272552715113471,0.398265221267855,0.524036256909363,0.45886685691491,0.43316753171857
"AMERISTAND_427_TQ",4,2124350,4,14,0.661594587329882,0.490680578041614,0.501237508313759,0.610287523080981,0.377546126330865,0.416536930561698,0.419673406480496,0.467762537649011,0.516908169934641,0.530595176123547,0.50054418054418,0.537872943680836,0.486732710811964,0.509036892994112,0.412199971817314,0.392582730061722,0.512899572748242,0.452068757018226,0.458527129115364,0.38234543556432,0.357200722394221,0.386953168681435,0.328257874931346,0.449020145559938,0.547902336577523,0.449565436190126,0.441481232701601
"SW315_LH",4,2124360,4,13,0.65727159550689,0.483909196373488,0.485999499982142,0.612103352551783,0.357707259554045,0.414438038118883,0.33377713399287,0.353057879394001,0.452291236670107,0.512242747319192,0.476911281489595,0.558922586026086,0.503413119160238,0.441918568656537,0.473030004794711,0.299642417353415,0.488477835902781,0.437532546058071,0.448228365875425,0.388961291511153,0.35359348125215,0.412746337473042,0.285423164253831,0.338533325166235,0.472222697909829,0.426531696689516,0.407442078821578
"ALFABAR",4,2124370,4,12,0.664594002584199,0.495704487001021,0.504450873245473,0.611197950032031,0.356745104839231,0.371126836699592,0.356724890829694,0.378816107681151,0.472133333333333,0.516859289971495,0.491681877956388,0.558260481876764,0.51000338613589,0.543531397997629,0.460101666431811,0.369099987821215,0.498818799353559,0.452948343079922,0.482361429420253,0.430732507355225,0.416603077133889,0.414967609462664,0.313700386244054,0.420628470266356,0.52488761880298,0.457441715638818,0.44607928494781
"REGEN",4,2124380,4,11,0.65473030963227,0.461697341208289,0.492376853595111,0.609796133700117,0.360435926292371,0.394451424098752,0.359729091218257,0.379244983672297,0.473376252723312,0.519947943779282,0.491810235594786,0.55506183771262,0.485636188399614,0.531203512321886,0.460842859666389,0.347351601510169,0.494015304309101,0.465831513222029,0.478764937588467,0.412558852318881,0.413647555549846,0.407067747452964,0.305303687732323,0.404055728969224,0.523781526196116,0.465034827702599,0.456623206579308
"ONEIDA_ULTRA",4,2124390,4,10,0.617345136707882,0.469061821034844,0.488846702508283,0.588474889955982,0.368530097432881,0.417284141726866,0.354694052675775,0.387483406749209,0.453180792053664,0.506028110359188,0.466808412690766,0.527461042576456,0.471089277589071,0.570715892139276,0.443689426795472,0.332820850079162,0.479420010686791,0.435450558098913,0.461421849657144,0.376213840615463,0.3720308826741,0.392375209670889,0.301393333052985,0.378161844009078,0.502220152981134,0.425276688453159,0.399367500731636
"SW4107",4,2124400,4,9,0.660103957407879,0.472938955839266,0.493500940522194,0.613681972789116,0.369925251805956,0.395161479287876,0.394733052825042,0.437789407920031,0.502049128540305,0.518391885388517,0.484871512192561,0.542514517495902,0.487116811106526,0.504092717875541,0.442243924596866,0.417005590114834,0.497226491807893,0.448531091340109,0.441450617921206,0.350654011749695,0.366455108359133,0.384342480354974,0.329637827705333,0.424872186904858,0.536844872643688,0.44313468306032,0.441988708418691
"NY1614",4,2124410,4,8,0.646454006271736,0.494007278367737,0.500157940376666,0.614668827172124,0.382257251032901,0.398468966533982,0.368605743545958,0.405566006530929,0.475477833677331,0.508582150432371,0.472957021192315,0.535799711351958,0.476825737905512,0.48469214424189,0.463418351104083,0.348649426100407,0.462656190463677,0.421822693989877,0.449661732014673,0.367714950497076,0.35359993120055,0.394273333718935,0.320098198504722,0.404098334272149,0.518385801676323,0.441593415105651,0.452786030640702
"SEEDWAY_9558_SBR",4,2124420,4,7,0.653876769563044,0.472981210267965,0.489955836349138,0.628404218453406,0.360147963150043,0.40090673187658,0.376564285102687,0.409766740153495,0.496782135076253,0.516385315188022,0.48260764985074,0.535471435694816,0.484641228320794,0.48930599780273,0.443366896308073,0.353273915626857,0.473982500929047,0.444461720077164,0.453519791755086,0.395028555442592,0.392389060887513,0.408599687662676,0.31499062743314,0.425826850936596,0.526931410604028,0.451357661583152,0.461823358696713
"GUARDSMAN_II",4,2124430,4,6,0.624411599656698,0.46982816622254,0.495382348731678,0.626454133222796,0.359833898301243,0.411972209936606,0.375311652430208,0.410789680880155,0.499319607843137,0.516207828264049,0.476223282105635,0.529473479436249,0.472772822026814,0.48219629449576,0.452650477279014,0.346974668655341,0.482646717989652,0.433973765717741,0.454650984062749,0.374183818546619,0.364335050464825,0.384300339604868,0.335059389324067,0.43545059323606,0.538922543787044,0.464631746908466,0.474128377719247
"FSG_421LH",4,2124440,4,5,0.643204571390846,0.468414960033261,0.499799116726983,0.65348205649973,0.325442029305798,0.455915007752402,0.342514403141169,0.369749414782046,0.489667075163399,0.531951776305236,0.481966368146382,0.545959387036577,0.48176359987992,0.476621833306325,0.449220985691574,0.367450493240775,0.487067003542473,0.436287946407148,0.442359089417913,0.354093342835736,0.377570237529386,0.374152640407195,0.279579018193357,0.418162538878793,0.53118572271218,0.455300106364022,0.457293208654051
"NY0651",4,2124450,4,4,0.638320883909119,0.512011129671612,0.508337500736662,0.650985894357743,0.357297492721151,0.441804756990516,0.387986743993372,0.431051199741211,0.511780936819172,0.545418872394773,0.487736078324314,0.547096165413366,0.510289091351597,0.501428157169784,0.480837338928118,0.37287346242845,0.472249887223149,0.41734139269743,0.447887918476154,0.381312390401004,0.378038701831464,0.366476785404427,0.316274242198342,0.453389662294466,0.542448340325941,0.456806708887053,0.463366378889864
"SW5210",4,2124460,4,3,0.655929745635628,0.513868091185088,0.510277760739332,0.660195078031212,0.387799909721934,0.410241147056331,0.418682676571723,0.45481679393028,0.511873420479303,0.553760194343224,0.495227314486705,0.562306163199685,0.496918616340222,0.51964731643876,0.446475887652358,0.414360140191342,0.49027743877634,0.436976572322517,0.468210112327759,0.408283921386673,0.391811145510836,0.381743208591204,0.315011398723394,0.473193069905873,0.542929736183653,0.457235263432447,0.455111696419861
"SW3407",4,2124470,4,2,0.668037046468419,0.527084674499075,0.532688017242105,0.663716823052091,0.358567819377744,0.424098112929382,0.430586498699363,0.468016275350091,0.523107047643619,0.553356634689274,0.503530696471873,0.553111239807691,0.490375145491987,0.443198750150622,0.454744346500911,0.419780294726586,0.493947450012864,0.441939313170202,0.489346795229148,0.435149918916645,0.397853887168903,0.367919982152153,0.316841693459082,0.497948895315006,0.545593348935887,0.458640400135015,0.445122680592391
"55V50",4,2124480,4,1,0.641433628509022,0.515857959140384,0.518545410865076,0.66888997751567,0.376975149345329,0.421667993841907,0.393415532151725,0.421148049192375,0.50797037037037,0.553469175280732,0.496948578628238,0.550158199897589,0.49164365152429,0.360923924560288,0.456620150322572,0.385899403239557,0.491920477959043,0.447978750971754,0.487864334923158,0.454381571675184,0.395254557963536,0.35370707771801,0.30815153019794,0.475793737212422,0.534327520430783,0.460667539868138,0.452180031216467
