"","Germplasm","Rep","Plot","Row","Range","GNDVI_125","NDRE_125","NDVI_125","GNDVI_136","NDRE_136","NDVI_136","GNDVI_144","NDRE_144","NDVI_144","GNDVI_150","NDRE_150","NDVI_150","GNDVI_152","NDRE_152","NDVI_152","GNDVI_156","NDRE_156","NDVI_156","GNDVI_164","NDRE_164","NDVI_164","GNDVI_166","NDRE_166","NDVI_166","GNDVI_172","NDRE_172","NDVI_172","GNDVI_177","NDRE_177","NDVI_177","GNDVI_179","NDRE_179","NDVI_179","GNDVI_186","NDRE_186","NDVI_186","GNDVI_192","NDRE_192","NDVI_192","GNDVI_195","NDRE_195","NDVI_195","GNDVI_198","NDRE_198","NDVI_198","GNDVI_213","NDRE_213","NDVI_213","GNDVI_223","NDRE_223","NDVI_223","GNDVI_228","NDRE_228","NDVI_228","GNDVI_244","NDRE_244","NDVI_244","GNDVI_248","NDRE_248","NDVI_248","GNDVI_251","NDRE_251","NDVI_251","GNDVI_255","NDRE_255","NDVI_255","GNDVI_263","NDRE_263","NDVI_263","GNDVI_274","NDRE_274","NDVI_274","GNDVI_278","NDRE_278","NDVI_278","GNDVI_300","NDRE_300","NDVI_300","GNDVI_305","NDRE_305","NDVI_305"
"1","SW5606",1,2121010,1,51,0.300511589498404,0.379777348649898,0.57137375152081,0.178648150012699,0.312751726789431,0.45830184676981,0.205376188577633,0.465171457877555,0.50405710946179,0.362339751467188,0.4687653716195,0.615806358417807,0.0377777596153933,0.461860930766352,0.350404178584753,0.052748828905809,0.482477203950484,0.405663864834009,0.193131788472087,0.355232878562582,0.462274287905703,0.20214284590944,0.31479386968937,0.496235268860449,0.2174017300356,0.335225163398693,0.538598801742919,-0.0790489802544668,0.348775191492526,0.234807268039959,-0.0339431844976943,0.398395828984064,0.239533865416218,0.143379015096872,0.234291476882691,0.467355814489098,0.217510026635807,0.404572003391741,0.533163746293575,0.299700740261349,0.46379633438457,0.568451275403147,0.226563953936192,0.345873227118902,0.504608286753615,0.19881232372101,0.375860674704664,0.485318231640482,0.207825781233843,0.292873053673639,0.501871947612734,0.166723729289029,0.254325146602939,0.460819344869617,0.131537115864425,0.193957746898923,0.384210031268855,0.132085955581297,0.247604686231296,0.302659488572137,0.149727438572179,0.214326195390437,0.26468739250086,0.140452615793585,0.102038124984507,0.204311246622543,0.167407468194189,0.1422354240975,0.375837892185535,0.216706235932187,0.156913559335705,0.277375027894059,0.0760560887340236,0.248820532579844,0.301379256214859,0.122847970391954,0.14127208567308,0.266044125318359,0.0644232885533422,0.349523873843452,0.334639265455771
"2","VERNAL",1,2121020,1,50,0.251434026977444,0.298840765262334,0.507266526139075,0.155109482841926,0.263135628738499,0.428119467691317,0.180501549582308,0.426842371126209,0.48894678352234,0.342451598613631,0.419460284113645,0.622074329731893,0.0251983839427086,0.46115371052125,0.371686431240804,0.033419114445209,0.48780542041378,0.432627524694088,0.0733503362581286,0.29967636945369,0.360352561155753,0.0750202985814606,0.326668905338258,0.39563186505677,0.125997429796335,0.253223791709666,0.457449152906777,-0.091085759742765,0.379764507572941,0.247056840435289,-0.0823833187725729,0.424399996500162,0.310805531494168,0.0875790289530623,0.256932149324803,0.39651232269748,0.145699294266399,0.320045395384274,0.474101351279854,0.252536317815508,0.407661975576414,0.53915003594148,0.177273304432307,0.271263131643754,0.477472281970552,0.19101090494405,0.385602728047741,0.480379490926806,0.187502586629932,0.287312403934322,0.490181565504973,0.140464921296784,0.255051024815212,0.464142943521021,0.103300293353666,0.184157266510208,0.358845782375194,0.120055876631149,0.23839006893791,0.319633089287217,0.123879407603732,0.247540849673203,0.291611627106983,0.107574473827774,0.200525382227621,0.234140686756512,0.140945667556185,0.184048668534808,0.382166381857871,0.193232954551185,0.161284486657621,0.273870739542381,0.0464167772589497,0.281206534044962,0.356828257746573,0.0901053517568417,0.157346768336964,0.262888888888889,0.030951701207882,0.373329309335675,0.378619524924398
"3","SEEDWAY_9558_SBR",1,2121030,1,49,0.26989650786035,0.331122499504852,0.544115053428779,0.186633181403613,0.309810964615731,0.454005753755187,0.202712575966761,0.432156658283751,0.499840605341893,0.3445959100506,0.418373849539816,0.607003301320528,0.0302731229033952,0.465675243374424,0.352319755844204,0.0578096047868781,0.467108752985049,0.415952498466969,0.0838898473759725,0.288609988555358,0.393454364339991,0.116015980687513,0.294755294175933,0.432513494386831,0.175515849035283,0.275036492374728,0.504421568627451,-0.0708070074496157,0.365392465356187,0.236520193980676,-0.0751563346264672,0.405198995787231,0.310520788167847,0.0969760410075781,0.262815756933404,0.433379619381109,0.163224974602588,0.327751499952382,0.487395109149974,0.264065228781915,0.404034149544985,0.528700884442511,0.187934289421841,0.302443438914027,0.484443261467483,0.192942447500506,0.390541820592971,0.464368191721133,0.190588954180466,0.282407249252169,0.49494321740311,0.137776123222015,0.278429939227153,0.446419084202882,0.0837639825397239,0.192546850389988,0.29414829905026,0.112190958407351,0.215213241384198,0.289612759492774,0.122377231825918,0.243136398477277,0.256498336395052,0.111610343470445,0.222937953942639,0.19689397883047,0.146963514424589,0.137844908548979,0.365438357054657,0.198416449917935,0.154779244118988,0.26762694133741,0.0563861813807587,0.259016182892371,0.313715025068737,0.133677095718171,0.163054882488269,0.27217555146102,0.0648726121987414,0.344340666728726,0.330573255770797
"4","REGEN",1,2121040,1,48,0.252169159398765,0.327768871099443,0.538402369056884,0.186603875613158,0.300285699134285,0.437351184557664,0.195749936884138,0.397554955000463,0.486558314180116,0.330228534026109,0.412092298802929,0.626924419992212,0.0308043587823759,0.457341352817643,0.359496730892808,0.0729596076934772,0.441041328812227,0.416950710108605,0.0805640569087846,0.282412510855871,0.397880689393661,0.122443765754233,0.289246297675188,0.451062639004472,0.164582610777039,0.268843464052288,0.499217102396514,-0.0602880971302175,0.371949651128195,0.239170577677963,-0.0695556037106407,0.430188991259154,0.289102076756223,0.102706085184828,0.236253379216894,0.441972277564236,0.160759281569213,0.349594202440579,0.490737492955818,0.262459972842232,0.419703410077742,0.521959205381665,0.188100286285722,0.30274062990326,0.47879453848312,0.195728692237952,0.41907538667641,0.458248203629278,0.198438772405997,0.331375847411971,0.495591368766863,0.142930856553148,0.274205259196189,0.445931958686558,0.0899703874150986,0.17025077025077,0.265943560061207,0.112403362495376,0.211708056941323,0.299799444474901,0.123158468133482,0.234276256910277,0.254108911527048,0.0988342825817096,0.28066593402356,0.205775348487478,0.131888390411685,0.148923779559266,0.35564845292117,0.191668422818684,0.165994340280572,0.271638770419248,0.0437460951602687,0.258645146559352,0.328033578788138,0.114521903666382,0.182314669723484,0.274466082613677,0.0393877437370226,0.364835730060644,0.338306512527966
"5","WL_349HQ",1,2121050,1,47,0.2586206770195,0.347236251402918,0.566302851106773,0.178791100923302,0.311172497384727,0.447419094176658,0.181798403212021,0.376370487367696,0.494972039910855,0.318658584787262,0.416680890240559,0.62551709156361,0.0287962803427226,0.465928865043503,0.369078291972242,0.0826113310617712,0.43541339495371,0.423684833709736,0.147728179550806,0.360957008426102,0.480072454592268,0.188808283206404,0.304954248042203,0.518021933933969,0.220515176608424,0.311936704506364,0.529233316133471,-0.0619811693889062,0.347562529436553,0.215141419399618,-0.0611152503169273,0.433325046179077,0.259801631697057,0.119573300682539,0.253398508958201,0.467612126894827,0.179279025757932,0.383537030570458,0.512153582425955,0.273163585806724,0.447666712372595,0.528057622710029,0.202604419904299,0.351191046554368,0.499707720192149,0.19159255232995,0.426560927401264,0.449334157905586,0.192353404852697,0.337482710926694,0.490774165092986,0.139085080611478,0.285926117877401,0.425631760290998,0.142674083379139,0.245649316237552,0.299273911038617,0.127012593223097,0.248200586347519,0.290359382356353,0.128313798930993,0.238167850673792,0.264626663069683,0.109578449794208,0.276180064946333,0.209201060955356,0.141129000491075,0.154703932655144,0.356141739206894,0.184725336889723,0.149905484233842,0.276180321483219,0.042261681575403,0.271531167051974,0.324178844269391,0.12020614204247,0.18043427741467,0.285074195110143,0.0345557675111913,0.381287679250805,0.345249000097551
"6","GUARDSMAN_II",1,2121060,1,46,0.257279228397602,0.344923204972225,0.560940403097266,0.187745564500495,0.310580562515743,0.431550448103515,0.193694272213841,0.391217471101794,0.492290893171352,0.315198285469026,0.406724196405019,0.635635276532137,0.0264662243853801,0.471651280338948,0.37295038725618,0.0719501210096598,0.453000024571232,0.426102019755271,0.110817406986265,0.290773671914181,0.405915623891478,0.147330466074018,0.293767538288584,0.463479090320665,0.190530425849125,0.277712745098039,0.511874074074074,-0.0674284674069538,0.346591804863538,0.240701023772341,-0.0582000631076182,0.439000064428838,0.253483667289479,0.116810103924353,0.23873717351007,0.467657680018067,0.162166618662824,0.371731889864648,0.499043320414071,0.265490854759573,0.441275361596217,0.525881189517553,0.192552222640393,0.32420378856365,0.492850462919667,0.187209083215043,0.423972740611396,0.447935780372755,0.188895312189252,0.341334793421686,0.486878775284926,0.148874186854131,0.293397993558657,0.429681511371068,0.153212317753028,0.264354193765958,0.304838987191928,0.126996409485206,0.249316420687287,0.300359587054866,0.14521844933932,0.252427330581355,0.274005417956656,0.115399090250964,0.280970077313128,0.230487593267395,0.145986524780326,0.154177641681226,0.366422126139076,0.180858310029286,0.150895567331553,0.271586372105403,0.0465185365335927,0.260110977918581,0.305729657219511,0.116643531590066,0.166884163368008,0.272343551505109,0.0238948164302185,0.371815497539817,0.334502733975956
"7","WL_349HQ",1,2121070,1,45,0.264622789379447,0.34687903781041,0.575459544086995,0.194415657351358,0.322235941230117,0.448312478206057,0.189183023322428,0.376402604837555,0.503875053671103,0.320596587993292,0.418836592933137,0.634966524726483,0.0319513167032891,0.465474602479643,0.372887467709723,0.0744514542552882,0.439640448093807,0.419650967429942,0.157449303812701,0.347481515516595,0.478028458446544,0.19180990896126,0.350610519914572,0.515485042638522,0.222058299376372,0.311111982570806,0.532161437908497,-0.080142128659144,0.365171830846876,0.207075605572626,-0.0636552572075004,0.422751093339329,0.251843287137405,0.112253371976368,0.23471945512154,0.463633700714862,0.17054730712507,0.367425595002976,0.508538338784345,0.267923673277248,0.448344822141614,0.523130108156846,0.207422172448333,0.343617628046694,0.499070940593432,0.187370130424963,0.404555034134866,0.46581250682091,0.184444752506998,0.322344269403093,0.489899135888441,0.15483230202612,0.300752971754004,0.426118946603983,0.162063726078611,0.265908383555442,0.304779352818568,0.132462641736488,0.242194277084456,0.292183473551815,0.157651790280859,0.257774767801858,0.31015866873065,0.127894025008616,0.238327260107583,0.24318980689621,0.146651143792201,0.152040177717091,0.354838342617448,0.158943654157159,0.139371813980712,0.273853441411275,0.0502188827763463,0.252938560188753,0.302489867853983,0.116321030906667,0.16577772797386,0.272736090470041,0.0201759936180626,0.376445399272441,0.323056601546505
"8","SW5606",1,2121080,1,44,0.294374236309909,0.39756010148167,0.593152698789954,0.218206018608106,0.344618117700089,0.451655861803816,0.226722720284307,0.455934971670076,0.504169592267994,0.35243148288859,0.488758003201281,0.641546118447379,0.0382580072102893,0.464308382502637,0.372737521130134,0.0831583771046563,0.422672735760971,0.4106193179026,0.178353704963301,0.345650679485768,0.457978300490502,0.214278433542602,0.374437193095158,0.508460426612939,0.231295117885125,0.330362809597523,0.532441950464396,-0.0784646284581798,0.368247880650057,0.219847234047804,-0.035039325240507,0.423116649604956,0.233696660279462,0.136853320192853,0.238016509932618,0.470618111285771,0.194080247701033,0.399785192004487,0.505118885114758,0.288176116928608,0.466415491816561,0.525249682300062,0.230423287908382,0.372773985057722,0.494406517243888,0.196437253751362,0.407100415923945,0.455797942072452,0.208062159734688,0.338808224871198,0.500798430844806,0.176937108909368,0.287109663248559,0.447563765594343,0.160563877553374,0.272680472680473,0.295437683672978,0.131932123112206,0.242035282601859,0.279600225000775,0.166532419783694,0.248658410732714,0.279858961128311,0.139273086967385,0.190509861761814,0.241202980700638,0.149830469948667,0.132188108882339,0.338892648110131,0.157536604338163,0.125660390010998,0.270716316622408,0.0498627384042615,0.268140941480911,0.31446185461084,0.109428669429195,0.150227526339435,0.264068711988368,0.0119036460309975,0.367295507755341,0.342015413130426
"9","VERNAL",1,2121090,1,43,0.231267548352302,0.308135863773119,0.530952027275557,0.181182281924027,0.276469842500895,0.414323237746755,0.193821749782364,0.407364208585681,0.493287260259295,0.319963685678539,0.4215556222489,0.614174669867947,0.0521617369220158,0.454331326195584,0.376041053956985,0.0644256044139937,0.42483049410967,0.411169690352622,0.0595518450842924,0.271240279019118,0.355998711624447,0.0846785665103525,0.317221902459614,0.397372126932965,0.144393129918779,0.244672440087146,0.48620174291939,-0.100268272730845,0.379392677424952,0.231752311544087,-0.0726132806431802,0.430574531751002,0.270309667956727,0.0555619338380471,0.344602979748177,0.391808487564258,0.129485725932814,0.304380813307514,0.469617366644445,0.254195950994069,0.406644395414449,0.506194399777287,0.182327175985473,0.295093096061954,0.480232201477876,0.169086759105439,0.427925952989892,0.433331871879186,0.168053030424919,0.300352488197253,0.46613232710377,0.156523046298925,0.274517481980555,0.450237539949901,0.148817865573063,0.296666873137461,0.323776947306359,0.128883248091918,0.239905067339144,0.297230597737697,0.139453905130211,0.239840876293737,0.299869823448051,0.122969086524201,0.245128281401056,0.300687637887013,0.140194956199965,0.190813737596163,0.369554895461792,0.153989967935238,0.138189722618788,0.257776057084016,0.0514396490352467,0.27543743495307,0.323547983680833,0.101668525649898,0.174610574120102,0.282750621375311,0.0156745583462957,0.390389984771021,0.329626175104665
"10","REGEN",1,2121100,1,42,0.238381051279609,0.347272444331268,0.530951555706458,0.204960082524657,0.298006692417049,0.435976687186503,0.206425465673534,0.407037730339109,0.498526880161686,0.334690954084554,0.42182864177061,0.625120649156524,0.0596078137113986,0.465215770141361,0.367281501352636,0.0771481938234372,0.418629416678952,0.408839623568726,0.105061344586457,0.277436057392389,0.422646263745673,0.130145347068871,0.301928372242419,0.454898164775963,0.175105184810203,0.256025004299966,0.486436618507052,-0.0937434632521417,0.361500210703751,0.217660444708857,-0.0801518784566797,0.425810431267554,0.287327742341917,0.0582511706649916,0.370905082297487,0.410467354920073,0.149605377413519,0.333503447040917,0.485979575821733,0.254459449404907,0.429541818846632,0.507358238909041,0.20177332209604,0.31093238567287,0.491376497604871,0.179670941761826,0.429246133235903,0.440987455851906,0.182942298715269,0.316691404609393,0.482882443097234,0.175778717878693,0.293999185577315,0.470023075309419,0.15909976290352,0.295514307279013,0.334844699550582,0.143078273791955,0.253711070323037,0.304308903702996,0.154310985019391,0.247819756861032,0.310760547940513,0.154236586966597,0.18546281836235,0.341574122274278,0.179783803797519,0.210216798749135,0.41308833405332,0.1644215589739,0.135235109247401,0.257841465918727,0.0423346874957992,0.296704555184519,0.335804649370665,0.0965291859024371,0.186488569762803,0.294687900825432,0.0110189895419949,0.391556830011615,0.337762088420561
"11","GUARDSMAN_II",1,2121110,1,41,0.237823781834307,0.332543807108844,0.541295545106647,0.188477943225459,0.290426510360737,0.431525673149584,0.191913336100238,0.383079582774215,0.488078996018565,0.334220422439018,0.419106404893796,0.619736971021592,0.0498725992406744,0.457774287103432,0.381010844890525,0.073783695640268,0.413067283867526,0.410657807491163,0.131881229833095,0.292310864932725,0.431949846178708,0.144531219299276,0.325273955602702,0.468540653646581,0.187430344199181,0.282282897603486,0.49636394335512,-0.0878818578149208,0.349254748399605,0.223154626510418,-0.0748980474933457,0.415044777397719,0.249481138892904,0.0756640281656534,0.349724855160447,0.415701926796491,0.160106891649707,0.331583653428992,0.490871718358147,0.261343659155933,0.442024938816383,0.513639895458077,0.211547874603698,0.337067822604155,0.50411498536066,0.183719319654677,0.418309584703447,0.440948970892705,0.184343923221502,0.318864172874868,0.475961669009797,0.181223045250974,0.273673221725337,0.454237377212093,0.172313939374146,0.290752631929103,0.335201664613429,0.148169606126956,0.266576667945836,0.3119826215668,0.16377841213585,0.264933691318851,0.301697433723435,0.166907794192562,0.217476512728985,0.350085025160507,0.195932663700142,0.252322880149655,0.451029835473541,0.183407250346026,0.150606877497921,0.294058635766208,0.044009564806686,0.315295616063019,0.302524236283548,0.129962990909417,0.176912822528843,0.303282710917039,0.0375482833624514,0.361961144752018,0.31706350922722
"12","SEEDWAY_9558_SBR",1,2121120,1,40,0.212560757012557,0.308103679182111,0.49768306312424,0.185970396000861,0.262143953254053,0.414907644937623,0.206718084897579,0.404740421401605,0.482943130321881,0.334544054173238,0.445739407870772,0.601511348934193,0.0591749724075724,0.462136232175398,0.373174012864435,0.0557418002208797,0.423827092240405,0.419819401444788,0.105891825656376,0.298945381215944,0.40949267234246,0.120849717662165,0.323500601034656,0.430330788061067,0.170192478144447,0.279414161220044,0.464279411764706,-0.0699362839005334,0.330431520625871,0.223878379545651,-0.102412363543619,0.400026415823723,0.325195756287181,0.079336327307897,0.336167875495252,0.404527821442689,0.180134147647284,0.367069828471054,0.486776081182608,0.237187788852977,0.384978954497671,0.48074658555942,0.216919619018999,0.326696592786558,0.470742541849808,0.117686531016125,0.371566922421142,0.37497990500548,0.141817002099259,0.257005015755321,0.420010247005609,0.138937279099023,0.218292427103,0.38597761571589,0.182991878638477,0.27785370040272,0.355631006611399,0.159098004486214,0.26693413939059,0.312394040089067,0.162825739550734,0.253235724114207,0.324333935328517,0.178488953770065,0.222750551548053,0.369384497161697,0.165912898066843,0.272753801592126,0.408744458334448,0.179613799777229,0.174041334728146,0.303690888119954,0.0524276708123751,0.325855524160174,0.275066358421098,0.116919485243997,0.160936481022564,0.285998555618355,0.0382580336643133,0.382498294877575,0.28852034312965
"13","BORDER",1,2121121,1,39,0.251612206425261,0.333611794886305,0.536915843778589,0.203587623694699,0.295658998397738,0.445426105581981,0.207051209196795,0.397450111431434,0.490280929890204,0.352957541401766,0.467155957608578,0.613656182599656,0.0420074011863782,0.467557817113221,0.369778726618672,0.0760801296461345,0.400282551362778,0.415207669642991,0.175082169919188,0.321232282814104,0.492625863925741,0.187125541589301,0.351872019832729,0.504121149066528,0.214787881933938,0.314150541795666,0.513915011179911,0.163038084082923,0.350652190079572,0.520661857663419,0.16285065808784,0.362811395273269,0.497874781099182,0.250371859174271,0.381571444862584,0.54803396099003,0.259462300094354,0.397361394195067,0.496124778141179,0.278610411987046,0.388323204525475,0.462530630619153,0.258602202472952,0.381697656438141,0.454944040964802,0.118024013625674,0.332011053579681,0.414137170019523,0.241714917403472,0.416337585481889,0.557212594581401,0.218822968963011,0.31771040281017,0.510384094900809,0.251992633323489,0.40696724226136,0.461828826534709,0.214136958571822,0.347223587876533,0.391570443402118,0.187960686883321,0.297823787409701,0.350686274509804,0.197847515095445,0.229378024562824,0.376598800778915,0.0798766982387257,0.304414982344403,0.333303004700938,0.23246940328457,0.240636663112519,0.448144441647514,0.2189290481881,0.358200497569236,0.53931700773468,0.185101930280808,0.21633839639142,0.461453619319402,0.117273201246231,0.329316971459202,0.413267160589373
"14","BORDER",1,2121122,1,38,0.25654991331413,0.342176314970433,0.536472097256411,0.199870405411668,0.275034168470721,0.432115012829976,0.199482602809769,0.400087641754856,0.48904528578284,0.350477116028139,0.441863561568125,0.620340405220384,0.0464909586442048,0.468612856825663,0.376905346401064,0.093753254745488,0.375488721804511,0.427524202663522,0.186461534645158,0.307173804019424,0.477992734211589,0.192605105383981,0.360508470451968,0.500722409589301,0.216283550558221,0.313159694989107,0.511363507625272,0.191579987621174,0.358458144319675,0.568621501698024,0.194354624280165,0.386867899405107,0.514489401456092,0.276315931253704,0.416267645158189,0.581379145340426,0.260001099626127,0.404805667544946,0.487925251050231,0.287811099024082,0.404307228853344,0.464004700751251,0.248111850096745,0.354430208755468,0.439160094350406,0.13884519833992,0.325277747462621,0.45932603344368,0.266656077746207,0.461681256555555,0.582940714695657,0.227739196287995,0.341288021816656,0.530378706548699,0.255534578058812,0.418978336625395,0.471495789142848,0.212449809375192,0.348479203768272,0.397185168000619,0.194388649768851,0.28750687994496,0.345340127278982,0.200391609927233,0.221691579286582,0.367230361171017,0.0748805373906189,0.311365973568215,0.320176313847824,0.229375445723506,0.255647505128474,0.466568802208941,0.224799287075201,0.376511021681841,0.562882214991771,0.184486062131245,0.233449323391328,0.475976065543588,0.110666036030503,0.312614866842259,0.42792617793386
"15","BORDER",1,2121123,1,37,0.258385190461342,0.337878198417414,0.54229526827566,0.19570941584157,0.272006760459678,0.42906010366596,0.197337421105563,0.381857463179919,0.484177077156897,0.352713524027658,0.441313025210084,0.611007903161265,0.0358156864722002,0.464832815965528,0.360847780531784,0.0813844207201092,0.377572002612385,0.416339370734309,0.154672258414693,0.321239518625582,0.459234282310009,0.163204656396916,0.337668828585709,0.484201962387174,0.206209364793504,0.309143355119826,0.502551416122004,0.178761395737387,0.378974074211182,0.556063130097854,0.187134131273977,0.377506062211945,0.508779153485036,0.269846438037181,0.41523951352693,0.574164621310315,0.264329213587595,0.4024089182354,0.478881622805625,0.280490176436468,0.425330676746799,0.46214260738589,0.249717954721815,0.370312686160437,0.44099370064768,0.135264312196331,0.34273830744419,0.447858658614961,0.259908125602377,0.457908613523587,0.561706675075659,0.208433152918675,0.31517362305546,0.509960153652104,0.256317556184583,0.431339972516443,0.470800670800671,0.207674503804813,0.343726104291618,0.387919603521724,0.161579254908407,0.22674828393904,0.317953230648014,0.190246181192168,0.210457034337826,0.361882796383057,0.0473864915216165,0.317532880442747,0.311249246562861,0.203786150145405,0.239115230958749,0.437708584301475,0.20772656680335,0.361284974931263,0.551611867454405,0.155203856880751,0.237398253216044,0.444932587472042,0.0620784210561316,0.340308242327558,0.393764453992724
"16","SW4412Y",1,2121130,1,36,0.22474540713312,0.303444812268342,0.495098275000236,0.179327230675162,0.237173063045739,0.404657498557791,0.197250189717417,0.388550417161283,0.477897187213228,0.345251991602462,0.458820514752986,0.617500596651216,0.0360286057763347,0.454606726801466,0.351491979949023,0.0634109112766034,0.38656666175242,0.408974519632414,0.132747436512947,0.296521339389147,0.417659440143672,0.139081742740588,0.302905406391894,0.440369867480375,0.185369550464465,0.280503095975232,0.486480478156175,0.172900432243267,0.35582571354533,0.563270524068658,0.184179797492431,0.370243719977951,0.497511615087802,0.258701956106475,0.417004644257064,0.567185204564207,0.266555580467657,0.379113726575451,0.475972184916585,0.27190954573806,0.386428649754721,0.448094147440553,0.245267769446071,0.380095493417293,0.435186570653699,0.13200035254935,0.275254829204409,0.423139437593219,0.264112661756949,0.44002884993854,0.563480199750642,0.209973508091252,0.293872333074199,0.516856328434458,0.259026674921267,0.433841939724293,0.463721475486181,0.213406418505137,0.363342196151527,0.395119054145423,0.174142619471057,0.241958386324611,0.326323925508181,0.200807947965779,0.212189583798121,0.361671748345356,0.0359218635581645,0.328361858813845,0.320514134034715,0.191960878143333,0.224046699391111,0.416027332957807,0.201630677020522,0.346773173121747,0.529947626794531,0.155114000685059,0.242116356239257,0.434170957661975,0.0435828749957455,0.357556962649149,0.347568869605744
"17","AMERISTAND_427_TQ",1,2121140,1,35,0.205036273554287,0.301297993945053,0.488780545888389,0.167212647711649,0.275922362617936,0.410882632078456,0.177443216736161,0.340240037620888,0.478544337443006,0.329350129161466,0.391043448769642,0.607993870193817,0.0434518487424748,0.453684796922621,0.352639753228176,0.0872543624923315,0.364175927172293,0.40857201258332,0.143765608066437,0.305383805530331,0.442176580331376,0.154670856531102,0.317297732340725,0.462105508060689,0.204008372097005,0.303002178649237,0.526392592592593,0.171051949622514,0.355745258455805,0.569227162230531,0.182759282440018,0.350853313206254,0.503169051404346,0.243225937493453,0.393986838662937,0.557416388838578,0.247572118062301,0.376337259134631,0.475783837550131,0.260698043395455,0.387930738402779,0.450128794791104,0.239827289722108,0.364871668124263,0.456779345222252,0.154064757653627,0.329721706864564,0.451149671990008,0.27227394687772,0.463411813082304,0.582946431909087,0.226793226551311,0.30577677963011,0.541950035031144,0.271424624279523,0.443266464835092,0.471866187552462,0.224177151258712,0.37101150633087,0.412163640540313,0.182461703819181,0.255462062527566,0.336902483203371,0.198906244589258,0.219191875373552,0.378101201149093,0.0814499308876968,0.297601361984971,0.341983365127425,0.235214002627259,0.245362114750141,0.461216705560473,0.238835344806005,0.367283276726508,0.569401870403669,0.182223763546607,0.238352081990856,0.464335696093774,0.0623654856439255,0.33519595649205,0.382081870061457
"18","VERNAL",1,2121150,1,34,0.10523312489928,0.334734954587896,0.407133072084052,0.108608593073825,0.274137476624958,0.339482757899405,0.15755785624138,0.343288811875115,0.456745690977121,0.301954266875841,0.419857054929595,0.583847458265818,0.0392357452768913,0.45602571543064,0.367305867613665,0.0658483203228242,0.388588888390342,0.417926618905889,0.0366035301888506,0.337490668818115,0.39772590504927,0.0279332703036786,0.316304347298135,0.399466295968708,0.0979352197414483,0.255355991285403,0.437220806100218,0.126664414387895,0.278153739371855,0.532680895366996,0.131828775826549,0.287968824439413,0.462181325710737,0.218361932936591,0.369916255297243,0.54439112729011,0.251663834172752,0.394756780208036,0.483515338137414,0.254367305920777,0.405424964007695,0.452810797266708,0.237797709376085,0.359160168571933,0.450547858783153,0.0376541772419421,0.308212560386473,0.339058918253292,0.183092043619882,0.354796632121504,0.509482438259592,0.179281610596804,0.269505149098308,0.503766567811657,0.250206158685523,0.417817970759147,0.442007630242924,0.220923341138912,0.375923145404536,0.403916253648512,0.178526624977134,0.295145338837289,0.36047557619539,0.179580911472694,0.256423985523413,0.379953397288119,-0.0493866658354076,0.395283515368843,0.329484910231071,0.145330917946086,0.200821205913392,0.334689776129636,0.142850685981647,0.335142730066311,0.467260681565203,0.141850503353836,0.228329218106996,0.393355240861777,0.00537955297426601,0.391465322281828,0.339686306148115
"19","HI-GEST_360",1,2121160,1,33,0.203225118211458,0.297200911948219,0.492318139376963,0.165005625526473,0.273248682368656,0.410558584711961,0.188495442788149,0.364684245531618,0.488795157393142,0.348267829335488,0.436841642486591,0.614670836944643,0.0591393999421062,0.453003471364508,0.344216029833405,0.0974482475837244,0.343763207037201,0.40640375448425,0.167136896030997,0.319328956965718,0.458726440247872,0.165665119337311,0.330219341149217,0.469999853999679,0.202100445406543,0.282366271069831,0.523548976608187,0.181454015659184,0.37502217209401,0.567673568935932,0.18274503704368,0.365047116570859,0.495613609120578,0.253569848843572,0.390969972206011,0.554874904688754,0.25623218844724,0.370993242851801,0.49308485145334,0.267998768550446,0.384337725804683,0.468042546764406,0.259402793560401,0.404070310583643,0.475025442703033,0.146702995622765,0.321411764705882,0.440327852880283,0.235328538526191,0.410840276449259,0.58107118590399,0.228714849699291,0.321825787583756,0.554988092153161,0.277428594086442,0.426299332181685,0.47093097681333,0.240831534511592,0.380583663693989,0.412854156858196,0.209121591694276,0.315012899896801,0.348015995872033,0.228484070302399,0.24376964158328,0.41019627123219,0.0441037595003295,0.340628261443006,0.329923018794832,0.228639117664579,0.256088567334242,0.45622676055202,0.221470502099663,0.37011528289142,0.538407255187373,0.192080411940185,0.230907361379607,0.458163674859615,0.0647634428547662,0.327589460634443,0.343269980121191
"20","55V50",1,2121170,1,32,0.236110479273763,0.31573378509653,0.511843575814164,0.188667559609422,0.280069970411448,0.418685077321026,0.206113494398347,0.406887876805223,0.493020200781042,0.353649910017996,0.478342942558189,0.61781462360729,0.0399747484458261,0.460216512476327,0.349780529517165,0.069742597607006,0.397940628069178,0.392758857929137,0.124272689042424,0.294371382847991,0.391161456279418,0.139324316778609,0.305963953120697,0.429124561216892,0.19825623185017,0.292015468409586,0.51323082788671,0.192713716970496,0.39058922247313,0.578359061686349,0.193133350822223,0.387239431945314,0.496738877915348,0.261821780553495,0.402791473528629,0.551633092511723,0.26923456704388,0.3932621186629,0.486914701120599,0.282429420457699,0.419215603172822,0.468030780865005,0.267957133018252,0.398350114820703,0.460258409670174,0.127304483089102,0.303747655583973,0.396341980270369,0.207503163597538,0.374346003757768,0.564452298676898,0.235768301523264,0.341687688720712,0.550737682987425,0.282374363160264,0.470255129078658,0.476461641167523,0.244822875092785,0.404399653377184,0.416920833987231,0.224556572609288,0.366733039579667,0.384406219356054,0.239414077273406,0.27411516819117,0.419995538038224,0.0221017332100772,0.347886118309102,0.275876172151794,0.206540192473001,0.231816206646817,0.442750194469032,0.226302487722466,0.378542088839417,0.558830664725861,0.184156387859458,0.227216085522307,0.458063978847215,0.0600900494415054,0.366159033265047,0.356148058725978
"21","PLUSS_III",1,2121180,1,31,0.230405329202341,0.302338629054315,0.517845943091041,0.162486860199059,0.268716893200634,0.394098068499856,0.183005866004803,0.355565546098216,0.481484774244606,0.335856373161319,0.433396858743497,0.611028411364546,0.0434660694762588,0.468322356975852,0.350713151568933,0.0660245631305755,0.400218929677134,0.39687097646076,0.131690301394667,0.294573654789427,0.421384047068609,0.146079306502468,0.30907829997226,0.450142934314456,0.195843383195458,0.290764379084967,0.522567102396514,0.182121688556208,0.345533878749738,0.5718155456015,0.185182856582146,0.345764877692589,0.501362240405472,0.253509788305785,0.382492209260638,0.54817158931083,0.237072862322189,0.322473889717787,0.456686031131287,0.268351802825686,0.377161578765857,0.453578150904354,0.243815222508955,0.362402208687574,0.448435599951985,0.149591767941562,0.346012909511631,0.441197905249056,0.196502933899143,0.346112624706718,0.555612874285073,0.229885023829385,0.33963104184405,0.53774207480349,0.254382197170346,0.428196531137708,0.438118816550189,0.202795799086167,0.337027392504066,0.363799499296457,0.184027501254877,0.257651512231886,0.327541761408647,0.205181557909229,0.211905505565058,0.389902084727696,0.0528468560234834,0.327713998447888,0.31148868984131,0.227215921906493,0.275331822420048,0.473951854952325,0.216953303584332,0.361442784294698,0.545386186983284,0.185409893017416,0.241267891734176,0.457692177634789,0.0642182419404088,0.348822233457879,0.36006393372504
"22","WL_358LH",1,2121190,1,30,0.215638444097539,0.296324826226787,0.470897938299899,0.171958006726612,0.259541677263545,0.369376035134079,0.199525848384482,0.402892702093003,0.480655911999836,0.332639863299037,0.460300296589224,0.600242008568133,0.056982873937,0.465891578294806,0.330088592861571,0.0834973158999307,0.392191885653321,0.395071865512032,0.113056380012881,0.287857222967913,0.360124528315539,0.119983695989152,0.289605254274417,0.393216110789729,0.181127220497586,0.271498000515996,0.498352898176815,0.1740739655324,0.325149599662874,0.568749411268932,0.172203208512389,0.343632739493306,0.483047099386969,0.256078723637417,0.403200221815263,0.543557406997467,0.246896625832796,0.3707562423304,0.473825135748632,0.267757665543396,0.416779892715722,0.464271260527945,0.258919962527282,0.407017437605673,0.472118000353294,0.146170537115134,0.325388822195545,0.413778602350031,0.188863819631672,0.343900757507633,0.544659977989886,0.222361309701327,0.342788383096753,0.526261841006594,0.256134877857207,0.427820333702687,0.441526782703253,0.218617661306705,0.36078431372549,0.387016655635691,0.184329090028041,0.277895250696916,0.327699771762822,0.204685531422469,0.228919640619276,0.379779050263173,0.053623785664735,0.316188226119069,0.302596283850513,0.219370142562305,0.248973229769078,0.439686457333516,0.210189315356043,0.354979378942261,0.532773567942461,0.179318458514417,0.213920648071435,0.433896222651815,0.0569909680477201,0.354156452663915,0.351259600249943
"23","NY1614",1,2121200,1,29,0.213723242185314,0.305505569231059,0.482561374718238,0.166661633464588,0.27057961738141,0.391089245597962,0.190579330260246,0.365029340203235,0.483979322944292,0.313377270061524,0.384250920098981,0.602971448669154,0.0659769110122644,0.459157811585992,0.352581446015099,0.068321205783627,0.415142021720969,0.399755270529264,0.0662034091066415,0.315668782796962,0.368090467628099,0.0793531526244734,0.286971515337334,0.39221175886587,0.155381239032072,0.255092919389978,0.483156862745098,0.161875255572882,0.2881083760938,0.567930889169827,0.161234577013267,0.33252926143075,0.486156605029745,0.237887295107799,0.391244110827134,0.551712248361541,0.24294848316782,0.343360528237199,0.483392590711406,0.27575164716816,0.426452677634777,0.477148205954848,0.246734032246102,0.362863569702568,0.463888584446288,0.0885226448439724,0.268495411632667,0.369261711418574,0.144634972479284,0.281730644483879,0.515441533796428,0.189053828589287,0.279957057712953,0.512178087093868,0.256733402969634,0.42020982020982,0.452797793974265,0.231096349859338,0.35501047493766,0.407839151020697,0.190330463767321,0.316168300653595,0.351327399380805,0.186709489824953,0.26531370070152,0.396694677871148,-0.0165104084598942,0.370723949552525,0.294849612035625,0.197283398044653,0.234699121968657,0.4262886854634,0.189430779791819,0.313496922301186,0.521899943868863,0.183323413860158,0.214120470097272,0.456588542146123,0.0620501111414503,0.328415276558385,0.389994878548434
"24","LANDER",1,2121210,1,28,0.202886337647618,0.310988974714465,0.48007938865782,0.153530585385833,0.274675135898502,0.378233329818271,0.174126436651667,0.359392102339719,0.479894975021639,0.295234944794609,0.361317405886121,0.601174712037281,0.0506159113370042,0.462000057922326,0.372212047957415,0.0754213801319338,0.412836706002004,0.402965355987297,0.0872530621915763,0.300384583380065,0.37589473823849,0.0948803822727282,0.279294974448944,0.409201488814704,0.148599938164301,0.251875490196078,0.493588126361656,0.158731943046312,0.272843445748343,0.560423499796394,0.145266032991151,0.311496095025507,0.488068817480582,0.222590360625313,0.36346763740658,0.537577103039997,0.247669333305383,0.369030083701047,0.49297800069839,0.269233830619485,0.440692818767685,0.485572300545563,0.256566564649264,0.38024882024882,0.476377722260075,0.0931800694794881,0.274834782397808,0.377190391308038,0.165199050014316,0.308413810018088,0.540883907728828,0.205274824880441,0.300915414898903,0.538840155945419,0.266804477405983,0.441752982929454,0.479638997286056,0.236541285138418,0.375602211653714,0.424925000739189,0.191501117592086,0.339612143102855,0.374347265221878,0.168865514904332,0.2702879480209,0.406209150326797,-0.00389365422105013,0.369797779383411,0.288631350375986,0.17793011455763,0.195832461575601,0.394806469783536,0.178046192722699,0.339166571529145,0.512166542987889,0.153382705244374,0.18208761454816,0.411064977851205,0.0240426394508909,0.407637488234503,0.334012705215515
"25","LIGHTNING_BOLT",1,2121220,1,27,0.252488175251102,0.338224094351545,0.550665383998717,0.205716766560247,0.296551062479194,0.441442829583589,0.206151234413485,0.384591804948686,0.482426523206964,0.319546825857232,0.396916004069789,0.607808971122081,0.0444638241724491,0.472836757281035,0.400155822414691,0.0608192798174763,0.421702663521549,0.414709076613101,0.121174474387994,0.305035656183871,0.436003938693381,0.139773582115617,0.299049732576078,0.462424968001596,0.187001006757894,0.295625,0.52358735380117,0.188488705527565,0.332545564481299,0.573267192339491,0.178386154727191,0.345749227848212,0.499553770638108,0.245452890057731,0.37192203372397,0.547439621304104,0.239390660208061,0.332011923759566,0.471179156594144,0.259366980833117,0.396668868861382,0.46595739376488,0.23903769327846,0.344579269024618,0.454653535622394,0.130900558935487,0.299370172311349,0.438704451477561,0.181593343210768,0.358718640534603,0.537849492157522,0.219138333285707,0.317354853835807,0.531155616431595,0.271682519867705,0.44278120748709,0.470261552614494,0.236050356697724,0.375101382624735,0.411454473913449,0.204916081091654,0.346597007223942,0.365663054695562,0.135429083798649,0.24306784660767,0.375644629533229,0.0429139731626049,0.338704304754332,0.313786529754555,0.20207679932507,0.226890909578606,0.443520425954239,0.226165459673021,0.370824889878319,0.538581832538935,0.185870787995821,0.19739276491959,0.442001480645973,0.0711369654529397,0.304318568585469,0.372635173161951
"26","N-R-GEE",1,2121230,1,26,0.263214890786127,0.328015627932778,0.551590828392817,0.222961313523493,0.310474839730694,0.433120339449049,0.205944081815655,0.393761171742528,0.484156491983557,0.314819885235069,0.368563138259788,0.609045986107447,0.0555557523840482,0.469892707097289,0.374283590090565,0.0690083886943766,0.432408932357781,0.404754347669949,0.101268788439575,0.299744077370215,0.383163735491423,0.108679669356176,0.304913760024558,0.413628985840912,0.169588611829035,0.259374945533769,0.496848801742919,0.169444541042162,0.281349412921511,0.571400890739777,0.154319906780462,0.320499108734403,0.482253376371023,0.232669204353234,0.380222664958331,0.53592222155141,0.244172275773157,0.359224735209625,0.470678179528692,0.253164024866367,0.388880163211714,0.455274671852212,0.248586073436782,0.361801801801802,0.450705831882302,0.0891834896980231,0.328435513335769,0.361726464498843,0.132353142099834,0.315179421549937,0.473388350517958,0.171896835095876,0.264547522386341,0.474161891873734,0.227546558784644,0.364152731799791,0.406318082788671,0.212667460908832,0.325460957915319,0.36874166255505,0.16090671227735,0.257886600807609,0.316426653649012,0.0791084677388817,0.240168122312839,0.32953949524746,0.00821945443583232,0.362308646081426,0.29369470281126,0.176316801921493,0.193087626450225,0.392482261665756,0.203372915085488,0.333182949051445,0.518218084946015,0.170225346640074,0.188484580686735,0.429495964896131,0.0660089075884226,0.333055795847751,0.37849024413687
"27","SW4602Z",1,2121240,1,25,0.279981289436686,0.364111823180451,0.558479637646304,0.231423209895544,0.33357014543478,0.424459756857442,0.230179077643392,0.445502129277726,0.48511640121601,0.351765309357673,0.467995126301642,0.604274786147643,0.0538648503493633,0.452295855050881,0.365639637740536,0.071928012315038,0.399762243358882,0.400796503216671,0.0970119668532126,0.303656746541411,0.381937421256712,0.108795190963286,0.310526331157929,0.407196355831983,0.182052486462961,0.304766404368765,0.498973920708634,0.188988166347148,0.353655090354726,0.565219999504226,0.188585706184056,0.357703799949252,0.484423532911603,0.260514879943968,0.422878276638515,0.546337253113128,0.247132508778034,0.351763965165127,0.47209929843497,0.266847285400542,0.427036718480569,0.464354777723762,0.249305006918808,0.351440187467055,0.464900551649992,0.127821431485248,0.28327950310559,0.396876872488126,0.184808809858611,0.410648090120875,0.514100187568579,0.215431586551104,0.349914979207542,0.510896728735547,0.275879449772582,0.430587959999725,0.471023659258953,0.256451989758263,0.409197786526744,0.447922651255143,0.179138914675583,0.286492898098309,0.31795237422333,0.102617152131259,0.236868694380407,0.371495500855209,0.00342093964507884,0.34225568566284,0.296611348770352,0.181248165939451,0.175078842725902,0.378752255049833,0.218597521535787,0.398788661510213,0.523641792961726,0.183077018150999,0.184650403510387,0.42180870845991,0.0862465636485444,0.283960289052475,0.379124799142358
"28","ONEIDA_VR",1,2121250,1,24,0.250927339094786,0.301481198540022,0.552876689396297,0.199731998194737,0.287383499714964,0.413866516856912,0.209190804748614,0.399109747116819,0.492018677537803,0.334681321703393,0.369552821128451,0.616440076030412,0.0520248422848767,0.456627577914005,0.363396426138804,0.0654604316870752,0.434026025125769,0.40819063857427,0.0632716837443384,0.335349230411151,0.353859400947168,0.0785878936688869,0.347418107176979,0.390607236478777,0.156158089207784,0.24347559912854,0.492333333333333,0.160180365750988,0.272310369081553,0.577522427473192,0.156421786275555,0.283581977699625,0.48703120232532,0.220784339721688,0.378553174668836,0.547852605646103,0.244527020408833,0.335467391361594,0.491278907480263,0.237501666941384,0.386696666375811,0.467016109262099,0.226751108598833,0.310439346909935,0.460115073056249,0.0861865407319952,0.354350018268177,0.367942028985507,0.146931060916403,0.304959553622655,0.522787931344081,0.189949524802211,0.30323214080954,0.53224687535833,0.259772335000958,0.443557537675185,0.481298563651505,0.249605046482908,0.394311806735742,0.464087769310893,0.163090654271398,0.246297033773107,0.350060592046384,0.100050967967661,0.261680355524707,0.410023232498506,-0.0157459995147714,0.3783732639088,0.302584815039943,0.165929472341876,0.179655588637644,0.373422386738553,0.223054498037803,0.348314400966597,0.527596659721628,0.166707318523722,0.201880594563521,0.436567733770029,0.079702726825238,0.31315356688491,0.393899160185376
"29","REGEN",1,2121260,1,23,0.27119308050085,0.338461883069726,0.562514972318894,0.210769736501433,0.291502122394786,0.40481847321692,0.209947225647349,0.404124433015465,0.48686024500875,0.338746563927823,0.375101933149942,0.611961161146073,0.0751708359175155,0.443186193904388,0.318826431206732,0.0949331804315224,0.377274848400899,0.395410348754887,0.103279337643196,0.278440689185959,0.369147711601052,0.101399293813571,0.312861070961023,0.39554115019053,0.153191126303995,0.259816230936819,0.497035403050109,0.158613675352258,0.279314404175767,0.574790903145399,0.156917505141893,0.278566458346756,0.483972037884157,0.220393453348575,0.361962260100756,0.545056001645726,0.237914571053659,0.335363956699787,0.489720961239326,0.229862751097535,0.373907666589907,0.455489599058414,0.210422074650745,0.294066500701958,0.436713690000887,0.0668258781929086,0.387931704082599,0.361301032490291,0.137364738108509,0.302669718779067,0.509981594970611,0.192250883136929,0.323515838053283,0.5309833536939,0.229759487019733,0.414785603020897,0.439133556780616,0.211780444670674,0.341180899737351,0.403127422190923,0.154054833349837,0.231910044719642,0.325839353285174,0.0817459045234654,0.251491534666964,0.392287251183659,-0.0210412421629189,0.369261039048751,0.284071478724719,0.16117803314348,0.19016463510083,0.389697749283677,0.213512283712169,0.380352674791411,0.542557748475421,0.171539583700011,0.214906639086727,0.449588535954652,0.0866952425727644,0.303235050239001,0.401925299970735
"30","NY2003",1,2121270,1,22,0.256524401497116,0.357584363711815,0.513333498382518,0.213978150796658,0.312530492250991,0.393650320168635,0.224378422716268,0.490422860141624,0.482142090412807,0.35078572831703,0.434472770907361,0.605023249078054,0.0782205050701311,0.445342846223606,0.331340123874277,0.0951468460542962,0.366820244262699,0.41274687801542,0.0798560624922606,0.301759146367201,0.330444435600675,0.0735559417248327,0.305579752275455,0.359855820254233,0.153954345549488,0.255297557619539,0.463158217234262,0.17413280553869,0.300039661882452,0.571391884187303,0.163495179096332,0.300911805051239,0.450785644031831,0.229067159601407,0.383383979660971,0.534790337619824,0.256723992895526,0.370817857634149,0.490775425118779,0.220285457989142,0.365844790978481,0.428124104059933,0.221111872891399,0.327275847275847,0.434195876548818,-0.000491260621139001,0.423887373131071,0.32074745049535,0.0761273352778539,0.28929083754052,0.380853769767352,0.149225040501003,0.249563310395132,0.420558002936858,0.201213783321948,0.32452574805516,0.367660250013191,0.204001939644209,0.325320523755262,0.36167861878541,0.12396686024617,0.206826625386997,0.291899294805642,0.062968138994573,0.296646229780014,0.370926118726743,-0.0477635342907686,0.377566751663296,0.314166657109325,0.119421793161501,0.133618592096101,0.272234724137838,0.144261506614465,0.32996451370456,0.434941514208789,0.138293243810656,0.174148577740956,0.357935008745282,0.046949472816117,0.374976894906658,0.30781338507414
"31","NY0651",1,2121280,1,21,0.274007698792086,0.367618646785313,0.579306369012251,0.223551279845508,0.325328334138033,0.45868857460905,0.204177696761093,0.4272189528452,0.488239587805925,0.351721689465383,0.391808167213074,0.627581615605884,0.078552081759606,0.438125837957182,0.354216830524384,0.0851630872562658,0.391808785052483,0.405781389478868,0.140793193931354,0.271142832678923,0.415804802270253,0.138453818160094,0.274065573610929,0.441700125073609,0.171511307127089,0.273158061002179,0.512936710239651,0.174838757980081,0.284480305396495,0.577819092238665,0.16227341003697,0.289717801688036,0.486814423469278,0.237239826442411,0.387286616475001,0.552800989125139,0.262574202979394,0.363838460444613,0.501267689455583,0.223300417838032,0.361872945830165,0.435906161574611,0.232821524158332,0.372984807444404,0.450710569029315,0.0751390891741269,0.378071713533898,0.362237016018529,0.121025805064526,0.263582449913912,0.489028447534672,0.173213136519679,0.293629487037106,0.509673613938968,0.23808225459638,0.390902488941705,0.455648454668063,0.236968316575005,0.3689194875259,0.431287030529646,0.146591980179355,0.216418558651531,0.311842965256278,0.0861776425396224,0.289105872437471,0.375146377134925,-0.00335017355356616,0.35659259089351,0.278987354999191,0.163289671163451,0.178233472702305,0.404982628336447,0.200847219792332,0.339017205620725,0.543865889393118,0.164147643734156,0.207874122488502,0.453164851125635,0.0803224654890069,0.336254401223673,0.394906110270465
"32","NY1517",1,2121290,1,20,0.275923170676553,0.385474021258335,0.574960270303408,0.234582828845131,0.353728174839916,0.452189559055536,0.235261357101998,0.479699373666742,0.486364728373101,0.359371375917493,0.414953209983545,0.614627626835488,0.0823818876876547,0.436461680215696,0.360926887372486,0.0758259273537828,0.393029987914898,0.394716406071905,0.0495391806294527,0.326548312910255,0.338272015860899,0.0596324863874408,0.291828470594064,0.372649854115393,0.147161476089005,0.250664596949891,0.466278104575163,0.169705959414475,0.287381631066524,0.567233554214637,0.171972534332085,0.310877722642429,0.474141521200345,0.240776365920605,0.391914475905541,0.547405633481583,0.278515310831469,0.378774218807868,0.511048326508153,0.236033617635754,0.384059849835251,0.463529162459644,0.243186935837982,0.427365685012744,0.463069119539708,0.0655953277756893,0.39056010282901,0.304276862260056,0.138186123878201,0.294361157462762,0.513675123835552,0.186311297626733,0.301903929213011,0.531653480105493,0.267981684827451,0.431302348949408,0.497333544392368,0.263092509710723,0.398452479240159,0.465621794478144,0.171444225290379,0.271519597137829,0.368020674091869,0.10926223138691,0.248324037579634,0.420202771374036,-0.0399829948829261,0.377920358330618,0.324795956367248,0.156742403848824,0.162123467718141,0.345265953166492,0.175536571191483,0.341211790393013,0.506688762355986,0.164726982291604,0.196396237518148,0.43018435818161,0.0718063483496022,0.316594966344747,0.382321602770461
"33","SEEDWAY_9558",1,2121300,1,19,0.270318713456622,0.388480377212772,0.579347266008409,0.210724736720853,0.324543196250779,0.43130924445505,0.204189540972104,0.431688682342838,0.480123927630305,0.350879232772076,0.377008704827222,0.616076170378465,0.0802922266734139,0.438098670483742,0.355754342659554,0.0783208726681473,0.385744451626805,0.382462523470927,0.0755340600461136,0.295456791031511,0.374510416858209,0.0840627265593098,0.281735457151339,0.413760432939619,0.153161058707602,0.25843524251806,0.487698120915033,0.171188829798293,0.285917480061041,0.563298398164944,0.171111972360641,0.301798041840565,0.487052786308633,0.237268974311578,0.383081666923811,0.547967326969561,0.257882633685588,0.354516258743109,0.497390559029872,0.241911664509096,0.374704677378474,0.46822316127129,0.245331574554428,0.421287844389819,0.464119264953786,0.0794184905638641,0.352660821904519,0.359898141074612,0.144504387412664,0.361212664947105,0.509961364830781,0.189375846938662,0.338400523204877,0.53784967731586,0.266652373874331,0.434459975636446,0.489736795619149,0.25598392800822,0.392192496756391,0.450335782029494,0.173029101041815,0.270999747354718,0.340962364417267,0.140724002510172,0.243338731756223,0.392464862051015,-0.00698511919287859,0.377260406989858,0.29902158302718,0.178783219930498,0.192465464982162,0.378626243931225,0.174344668519751,0.333367226075292,0.528445524255311,0.174825916766433,0.221385475585569,0.451035992923761,0.0911703443728099,0.317275620043786,0.389909046656452
"34","ALFABAR",1,2121310,1,18,0.271898450833389,0.385241301907969,0.575613747182375,0.209938061011667,0.318533904669939,0.439042340602452,0.191745132351578,0.413252502947651,0.487413529888841,0.345099440580683,0.372626550620248,0.613853041216487,0.0667035300541465,0.453234695334559,0.354634581105169,0.0821804168629244,0.412406996243313,0.383850681855797,0.0835413332802056,0.277936081253339,0.34907351463865,0.0961833263018082,0.270138268589905,0.386678964979437,0.153309154822333,0.24794302832244,0.491897930283224,0.174078373092419,0.291386122731031,0.575077678648552,0.149078674548815,0.292815168109286,0.4763169586699,0.232334362226972,0.399614369892354,0.559719809161358,0.256184084953576,0.360033812074387,0.499464905489459,0.223819066655529,0.351643937261725,0.453511330587041,0.231708878153703,0.381522194463371,0.447507507507508,0.0676092520345466,0.391003876297994,0.316622810740458,0.130223639709779,0.337024894066632,0.498825112640099,0.169742846488311,0.31673960822704,0.534933728753371,0.231560496876612,0.415548627313333,0.459106623812506,0.217406985954558,0.353122771584351,0.403339135518676,0.141262028553757,0.252527523348278,0.314478715705544,0.154601720788232,0.229755831536154,0.38896110656652,0.00224773927128072,0.369163681590138,0.279875040937282,0.168279904946824,0.181508190919547,0.363548604446985,0.158028181984967,0.313802075900714,0.507278733909867,0.145767476512323,0.216910675381264,0.419822319051077,0.050036397103172,0.377053950012686,0.337088800828924
"35","SW4107",1,2121320,1,17,0.285533718753643,0.404510794216677,0.58781783757274,0.217069476236698,0.332340097972928,0.448991021357833,0.190409817630479,0.402473471140281,0.484368163323724,0.357878252063837,0.403143757503001,0.624120148059224,0.0294327141758823,0.473129321814741,0.38912105141515,0.0702982797049576,0.404327902844527,0.393405843942928,0.123988299158607,0.308717826265754,0.407183593038667,0.147246586948521,0.297586334689936,0.443454232742169,0.180290857225561,0.270183660130719,0.507706318082789,0.208083611590098,0.367199127438586,0.56678317344637,0.177669323474449,0.312445707739825,0.484041260511849,0.240220742708203,0.406707228449596,0.571185929041476,0.258296617368657,0.368217411087479,0.492618752843825,0.220788980316589,0.326853063751459,0.439138817213684,0.221101075421493,0.374012193112539,0.43532048113363,0.0844477305953722,0.342980392156863,0.387446596029716,0.143650538980433,0.364864205186392,0.505802751738803,0.164713718450381,0.306990392828693,0.515184321403549,0.219194749120725,0.387433626649313,0.431961538824284,0.205764843561453,0.336571208926675,0.389452567942848,0.130315362953134,0.210870313037496,0.278234004127967,0.174552771693645,0.215419727379644,0.379652283725683,0.00207001961704638,0.378417355113879,0.276798723648815,0.1719028433141,0.208523214578578,0.397192311725184,0.154797236263572,0.334377348707557,0.516498867863497,0.134605153795594,0.218090398600755,0.420929025131179,0.0483070737859167,0.370557506584723,0.321669349331772
"36","GUARDSMAN_II",1,2121330,1,16,0.276056042826972,0.367075517075517,0.558281696516991,0.202551084423514,0.302943247955031,0.440502492410081,0.191106548216559,0.384612010540584,0.488570117613383,0.353098861153166,0.396313574757257,0.6285151549409,0.0397754300203195,0.478743698817533,0.380937989606918,0.0866836560124812,0.393552497922246,0.390195339674331,0.0904162122729314,0.267285119737173,0.350183329349245,0.107542472540359,0.278883486877004,0.387120630332053,0.162778261399701,0.264325657894737,0.492074303405573,0.195700090093984,0.361680176495377,0.562349470761756,0.161513489974069,0.296786929854494,0.479841588576528,0.21989756966096,0.371609435198415,0.571172960003935,0.259229759290668,0.37333725817266,0.502464472027343,0.22602276315196,0.368040753067491,0.461531813403471,0.228526531679929,0.401008447894261,0.451100408366844,0.0575051959576331,0.395856290342224,0.324425283156741,0.154669514756062,0.339819292077042,0.518890332851768,0.15850682277686,0.29087180246548,0.520525672824196,0.205431660041373,0.373766738472621,0.413711496064437,0.197476746496212,0.345580672821269,0.380914365514214,0.132912811018256,0.204780701754386,0.293555641554868,0.184696148694456,0.219906298802707,0.371614982276096,0.0166934064840261,0.370027920182176,0.232526821087829,0.167913573307402,0.204444229357724,0.378710313139379,0.172856897871534,0.318905133620649,0.504203056768559,0.14801734053068,0.202357973549357,0.424132682807082,0.0624481737262175,0.36455754734947,0.355116310340191
"37","SW315_LH",1,2121340,1,15,0.293791014639071,0.383420102047553,0.533170524101897,0.240860422462729,0.348800830181594,0.455206573053298,0.229570917742438,0.435241554042542,0.481024964730418,0.377481607626403,0.475917649571039,0.627382145683385,0.046140245502632,0.478111318511567,0.362562857638287,0.0994837629672216,0.364736485452598,0.395662853770271,0.0261708405789628,0.302314133107576,0.319900290517831,0.0394206016744702,0.288898538433927,0.350306559245859,0.145425841778226,0.243954248366013,0.432495860566449,0.199071729850713,0.381204111600587,0.55037253667987,0.169049051920168,0.315299470593588,0.455502775502776,0.237464627321999,0.41630263919914,0.57287903440795,0.275010382132877,0.406990462045683,0.511215918008353,0.241317028758776,0.399704573501365,0.470106245507315,0.247384728530668,0.423616614066441,0.472088926068165,0.0178993930137261,0.442331993667032,0.28449299719888,0.146786173409892,0.325594870514657,0.473767447564239,0.157174946097213,0.301207812559722,0.473625444329779,0.212554369952649,0.360504889916655,0.397595762301645,0.196752446834247,0.325000739189075,0.363243425197477,0.134825237295508,0.201809625357022,0.282467702084109,0.1952310458446,0.239008425395724,0.380806196618274,-0.00713685812276221,0.37871554418869,0.257473395545259,0.150817162650378,0.182953222941381,0.291546644343263,0.130160460147631,0.322016725176242,0.42002954020036,0.135443238081574,0.169689723635204,0.345235835156926,0.0393874080693319,0.388626148942216,0.309856976582174
"38","SEEDWAY_9558_SBR",1,2121350,1,14,0.308790031271846,0.388920719803073,0.575163516585085,0.231896771781495,0.337674501849421,0.475383804637474,0.222459026539286,0.411901009437695,0.499660209296256,0.374646780517067,0.453643843187499,0.641715340844858,0.0257680729802889,0.499387431985684,0.402731679343028,0.0778746881056783,0.388632006648813,0.386320558992828,0.0673309846183702,0.281482759042482,0.336804153976001,0.0904837615129679,0.256906447860852,0.371664354994914,0.172182471935831,0.245689106753813,0.479859150326797,0.204809799771195,0.375359518256642,0.55502412418712,0.171658920871921,0.306208577626012,0.483499774499066,0.225250215672935,0.367689655403728,0.572802139443986,0.26407749686794,0.354890320942192,0.50307609282245,0.216810824638914,0.341825494766671,0.443750545354823,0.217874636626857,0.368815008780407,0.436833546349117,0.0596093400296118,0.42082474729022,0.294355864084764,0.167622844959361,0.306290034237313,0.505350212306522,0.164693753016205,0.318776391613914,0.504434654919236,0.221874131823661,0.372825231648761,0.414579132226191,0.214267327179261,0.350774811322479,0.386164409845951,0.134826229890522,0.22783423043819,0.316280633240411,0.190395127141678,0.235775513745321,0.373773084455021,0.00198249934755204,0.384980955402893,0.267466425057057,0.185027689770001,0.213194925028835,0.365600037552641,0.181588845171185,0.318421240403003,0.475126295059509,0.151210430006363,0.187823554517838,0.411086596969758,0.0592211066838626,0.365694566383767,0.357621207687055
"39","FSG_415BR",1,2121360,1,13,0.32005319798896,0.413828292259665,0.599840138075432,0.22234460091152,0.33420467195086,0.47125303438749,0.208640345585528,0.395816891233379,0.506649679336455,0.38949083503055,0.48126781179367,0.671408547592078,0.0306142332065038,0.491094426518849,0.39173630070875,0.0855061337768898,0.353641175533759,0.390742374987899,0.0983810364438222,0.267598277394481,0.373939742573947,0.120293301024481,0.257378331946616,0.408666327637349,0.17794685892655,0.247980843653251,0.49297084623323,0.203625183286933,0.390146996851838,0.573379936045215,0.165491876273722,0.288375739573997,0.493897601305009,0.228429081494109,0.370590694939169,0.579196322159837,0.260994641062012,0.375992825624583,0.51275356337894,0.232561069598125,0.371725974340353,0.470152505446623,0.254868639515578,0.404305867143237,0.484866091232873,0.0871997990469291,0.387214347018269,0.36267059012157,0.185084752213358,0.351266866213618,0.539659314260756,0.189643822343392,0.328141525822272,0.544851381570739,0.235826733573644,0.412761271584801,0.435988777165248,0.222900368105923,0.361276835107208,0.392280436005439,0.15061570199598,0.238672713024935,0.324244526375739,0.186486521419402,0.244689783484682,0.393860739969537,0.0250253689053639,0.360660195708881,0.252934422615475,0.198391083770485,0.231713910906185,0.413971688247369,0.203842728788304,0.369406270514028,0.520831668426711,0.170309854725672,0.202439964405167,0.430989597717021,0.0607069286275375,0.34829277849471,0.355387182955225
"40","NY1615",1,2121370,1,12,0.313816855140258,0.3805581491856,0.585130954738798,0.221490852556147,0.32053031658911,0.474394132230309,0.210821606172291,0.395447259195649,0.50165281741722,0.384211705464898,0.450678271308523,0.666615146058423,0.0223112126796695,0.495709261723166,0.406550787942389,0.0697658812760399,0.405219072244282,0.394275248560963,0.0943297865528489,0.260804985749758,0.372620087336245,0.117083491126158,0.253160955620769,0.412227137566369,0.184429573421539,0.257954466230937,0.496458061002179,0.203664819635091,0.398276691207456,0.575890533204432,0.174030458228825,0.304973262032086,0.492319223417735,0.234651988280295,0.377150381953062,0.579791419615197,0.27525132865301,0.358652362368531,0.517292084709253,0.237403202965744,0.355896111742154,0.459682575150985,0.236917591075209,0.40255411120463,0.445968806176419,0.0865456888728051,0.397821674124195,0.334130258163872,0.174645586747443,0.31891276191984,0.531031055463567,0.183949107120897,0.316409136341761,0.526648650649687,0.224937112112703,0.386875288836073,0.424563091229758,0.214701182953556,0.34564663123108,0.383958004962802,0.145621173902673,0.224865841073271,0.318068885448916,0.153067273921911,0.21958156714013,0.376090329937285,-0.0112285626165079,0.38889322155066,0.293400718966991,0.187542954950011,0.210899653979239,0.405011789440855,0.193561142762633,0.344478931795911,0.511494634243799,0.202950277086683,0.239593076736868,0.456596102638586,0.0660644979515217,0.345901773996594,0.385063918514314
"41","REBOUND_6XT",1,2121380,1,11,0.322917388212688,0.418998841534053,0.597180946642421,0.225807892726188,0.326120838802052,0.477223779978523,0.213367493204567,0.391100308736633,0.500045748226298,0.402877491871505,0.485674769907963,0.673177270908363,0.0339935082605822,0.490993816507749,0.402168793608555,0.0906029984239183,0.391804864643739,0.423030019142551,0.182215014984921,0.359715946160739,0.487549700980091,0.185561460656223,0.338644436446332,0.491349360968594,0.220069812064343,0.314853376906318,0.511268300653595,0.236105696671615,0.449110304914918,0.579996256946244,0.19617063561192,0.329408552937965,0.500242702595644,0.248073997543177,0.383045890268526,0.581555792575897,0.240634286549423,0.341903960720824,0.479202247547697,0.210142095789113,0.318674106764158,0.418269204906823,0.223309421075311,0.355824429319239,0.424285841033246,0.14624379678487,0.264181793929693,0.439899596202117,0.213574246527907,0.429261979529359,0.561263451103023,0.222567206282813,0.382431296105187,0.548864809081527,0.241530362763268,0.414780097133038,0.444345797286974,0.229690671653776,0.376884079231971,0.402607404172665,0.148226976456933,0.219987100103199,0.317865927072583,0.157052716415824,0.23349049354255,0.369973971889641,0.0320415372958451,0.356082101391931,0.308694505292856,0.205346954475693,0.237026769668196,0.444213674525898,0.219497815107574,0.38906417977186,0.545936914309635,0.208358370585642,0.251376945644127,0.466892498856449,0.0673869342155224,0.361912365436371,0.353753003652441
"42","NY0465",1,2121390,1,10,0.30931038360604,0.392154151222779,0.565029378754869,0.22294616634449,0.337169570290496,0.479879747726724,0.210837762796961,0.399157931957669,0.505763476708846,0.388880007089199,0.450109658213061,0.65588976397734,0.0217542997963154,0.496501434713304,0.405694559673909,0.0457220648248,0.464936867054514,0.419612398805676,0.0909620746891306,0.259123579562829,0.370792264504055,0.093681888229672,0.265540128188282,0.397613284082558,0.173008082899241,0.25296138630891,0.485440316477468,0.193938087043065,0.370620071817273,0.580736682338133,0.159636159770647,0.286010053285036,0.491057913571497,0.230619052197314,0.384285104165968,0.579673046091512,0.271038802031512,0.394510227188555,0.522035279303303,0.241111874635691,0.407039954316643,0.476591210505517,0.25719809103677,0.434673254569448,0.469380279933913,0.0787380774612129,0.394744564492464,0.32155795651594,0.18280582496542,0.363425666330231,0.544714106344568,0.204406181879346,0.34001258653241,0.552002862819136,0.247467325783391,0.436790342672696,0.465933007109478,0.233654622498163,0.388898972186021,0.426992455722574,0.158634148824916,0.26031604747162,0.368796869625043,0.161001509551819,0.259734031272293,0.402841884049588,-0.0219296926731647,0.381390835400905,0.314881291439043,0.185596203520368,0.182968876547495,0.38281097930321,0.195960686739917,0.364079639619069,0.508163631779738,0.212311626928244,0.237155518651669,0.460258861984568,0.0633729489301243,0.370535241123476,0.372967983854727
"43","WL_349HQ",1,2121400,1,9,0.32215839034472,0.404780178064492,0.591739052523366,0.223772561551214,0.337373556589641,0.483281629081653,0.210445697162491,0.395123550330879,0.496415518241298,0.397559787810881,0.477239577445328,0.660582080365779,0.00636951891770346,0.499973819942404,0.4180944998079,0.0294129916198167,0.467980351560914,0.422355751665215,0.157459543436937,0.324496479024315,0.466551002932686,0.163969696513818,0.314342024481025,0.474222209431718,0.21016036668263,0.300018845315904,0.512088126361656,0.226430254711085,0.418502268163903,0.589155449790536,0.191464485314044,0.308645758057523,0.503603710662534,0.244349879505966,0.383291407565421,0.570938175703626,0.245619355562846,0.347731905010191,0.482994949255555,0.216803447132913,0.33075743751125,0.41962439507828,0.233108994307474,0.380173644118281,0.434067708531376,0.145816393299307,0.27191279990257,0.434546827426623,0.210018741800209,0.404550901890419,0.565281561766795,0.221403733022923,0.371642528768727,0.56060004030981,0.23895089693183,0.427639557051322,0.445419445419445,0.211893384851011,0.365341355554337,0.384215960382289,0.143479095119737,0.226885740100801,0.317886429522672,0.155050164518043,0.222593887112367,0.367410326962643,0.0240787858421402,0.369481622505374,0.295790819089708,0.198570796523784,0.225244728358915,0.43204953447168,0.209602421052399,0.38138249826039,0.54389990943176,0.19599862347842,0.238551044831078,0.459853079259873,0.0627746929130662,0.376239141822987,0.360344906262378
"44","FSG_421LH",1,2121410,1,8,0.329364564019884,0.408137514264965,0.584414287600562,0.248115045207165,0.366401682376805,0.480421820519959,0.238861010656005,0.453977473985415,0.499747175844515,0.418818909966877,0.55054904473,0.663633417492558,0.0544911502323464,0.473286841694015,0.330415368210106,0.0554256023587285,0.476747375873426,0.40218659771601,0.0830272152249939,0.274207307377099,0.348041539760009,0.104050673018267,0.256292370509882,0.383423804865704,0.183122811342719,0.276394801341589,0.480660259717922,0.215573635958639,0.412412186113383,0.585234376936615,0.192264652775521,0.325607878135636,0.484819889580107,0.266256245938739,0.428566044326779,0.584337166652878,0.286068086233057,0.429238754325259,0.520561252023745,0.273753390493681,0.445932975746071,0.478565573944544,0.285943366820917,0.475492793831894,0.477790766545092,0.121521290803292,0.312116131476745,0.369250734110069,0.212263277512307,0.431528672924816,0.545951663159376,0.217416274007464,0.367542047656067,0.541927713816804,0.249399417797284,0.422982034746741,0.443357490416314,0.213843616041748,0.359430765755591,0.373078302927225,0.162691709544723,0.243511084276471,0.292958048036861,0.148399468645354,0.219904756396167,0.365279464784931,0.00410477482959309,0.371117329755064,0.291677976188201,0.176336807200464,0.16318347166098,0.350653998058842,0.185709466024626,0.368550984197658,0.475974089296077,0.192954505222163,0.209305131929315,0.422186032437666,0.0611015382452793,0.349895254121549,0.32571992976295
"45","SW3407",1,2121420,1,7,0.343540074870328,0.416318884456139,0.616870384517443,0.242573577084347,0.345702485850701,0.48938676872938,0.235864066507353,0.429986104945925,0.498552924509209,0.413471772371917,0.541865822562209,0.674350027006318,0.0280228641961074,0.474129343084555,0.363467486295137,0.0428402360309636,0.466846038303839,0.411104678214653,0.132483729442632,0.322601418942631,0.430153917769826,0.173444122340476,0.318136562757581,0.467314513806216,0.209930735430671,0.298787145969499,0.50625,0.234710509005002,0.433010279001468,0.588719011833808,0.207982112502163,0.323665697783345,0.499901184607067,0.260602166454522,0.408042144899926,0.587214317817445,0.268288437222336,0.361843010274806,0.505387130567284,0.247445408448474,0.352074425871217,0.45578408519585,0.26346531570317,0.398812629124048,0.453189855127571,0.153113878715834,0.268519303373523,0.420873949579832,0.219328573593603,0.409351938228944,0.541678820288446,0.226074315199407,0.370716278714215,0.541812865497076,0.255939125387437,0.422108574069358,0.449466655349008,0.212396684674701,0.359032308170239,0.376586627195146,0.163262870346405,0.24260627159796,0.321696234728877,0.157059005748907,0.217767036017947,0.356995116630723,0.0301058043722243,0.374212143311558,0.281429184704744,0.197761933561036,0.203383084577114,0.402337151452042,0.196706838273393,0.394587983179686,0.521961307570093,0.18671015202643,0.212297444507924,0.439679107644432,0.0610620986183062,0.372004475604124,0.326764124832606
"46","SW5606",1,2121430,1,6,0.348383217838935,0.416765578285186,0.615699714229126,0.250166805932976,0.363083081440825,0.480813662517069,0.243765294218122,0.450554494593294,0.502103058302502,0.415629565029357,0.570362889550439,0.67541671377071,0.0287454760678841,0.482537951900619,0.335516323590457,0.0498344793894056,0.475282913165266,0.405700249330501,0.147889093265545,0.320753544306125,0.415252805717473,0.184783935839119,0.329108473371975,0.45524564554042,0.214385058501711,0.305456644880174,0.505247930283224,0.232545443996505,0.434147509223954,0.59685336689742,0.210413810224137,0.326569164357967,0.500619805424908,0.25868412274926,0.398151241338136,0.58784175090951,0.281812084830755,0.390763395437046,0.530838332288775,0.247974642129245,0.364811421495914,0.460141522173608,0.268141096738968,0.419851512412066,0.468773444725002,0.162372327300591,0.253454146876142,0.435586895627816,0.229932857375061,0.419281961971735,0.570802630797749,0.230662994630817,0.379491849603277,0.555928380162638,0.246307876453593,0.423272929155282,0.450060908884438,0.209407433381726,0.360631927054548,0.397575914718051,0.158904072088514,0.230671654626763,0.31015694874441,0.140678383068182,0.21558650008676,0.359951414193996,0.0230705535251026,0.373207711628227,0.273349924879291,0.182982628737269,0.205024409216491,0.387017113274859,0.195339927374329,0.396676013928133,0.517811527813454,0.178816493294533,0.210339293270164,0.429266455653183,0.0528767907990229,0.394660791675717,0.315410838676862
"47","EZRA",1,2121440,1,5,0.341437108506954,0.398516561506758,0.619553023229494,0.252537547953747,0.359138871006679,0.50963485086237,0.221822927329037,0.385046549033239,0.495285802885631,0.398359428017565,0.539986509309606,0.664955099686934,0.0256509354915581,0.488239098819463,0.353890307607303,0.0396043253272544,0.484049602003566,0.423408997935852,0.0920418522209367,0.272541301408933,0.375136063405004,0.125988281866425,0.277794211147265,0.418853818621258,0.16682245446833,0.240824733402133,0.483417505159959,0.200859723310021,0.34056319873082,0.583290944696463,0.170283928911509,0.282093858564447,0.496104165167346,0.243803371813588,0.358755504076924,0.593658016418007,0.276981973861876,0.392648381532861,0.54350285176132,0.260891664510128,0.391502852465419,0.485546954530912,0.281359334181809,0.408510336261201,0.484730217879007,0.0925855978802436,0.421525216147065,0.351870202626505,0.187948703462163,0.331077082503672,0.527303247134189,0.205536899762164,0.358856161162458,0.542361291065619,0.26283550311596,0.434018586959763,0.477829854300443,0.239008157482285,0.389158256969416,0.434478052907742,0.172110048785156,0.242383470932233,0.3524935500516,0.154980173276499,0.265019211224313,0.408476735827074,-0.0117161321678196,0.413447944980293,0.29682364919712,0.178435596457205,0.18717955539729,0.367931765824654,0.161771875216412,0.349136389150517,0.510105269667304,0.184873191341743,0.21140135560397,0.447373517308158,0.0596924225215626,0.392767900692615,0.373374914642474
"48","SW5210",1,2121450,1,4,0.370663115347325,0.443795990440564,0.629189874840248,0.274706523075647,0.385956744090469,0.51945969056994,0.247531490174878,0.441640778252048,0.514388486180217,0.423733440778425,0.569747396716534,0.675831229352728,0.0154280247498204,0.492965787780547,0.371029864637795,0.0274179013078298,0.487657586111368,0.431639855942377,0.179920087675403,0.299448705246291,0.456784582828765,0.206659740980875,0.331161335221604,0.485247154210406,0.217290690519383,0.307005119825708,0.518703376906318,0.240505996625164,0.414668768195577,0.592456668016272,0.213915901710454,0.331927281317785,0.51342160084187,0.266006976591687,0.37588116783947,0.588958876970791,0.295531425346318,0.387516798408516,0.536551749679904,0.261938986273777,0.361738736605047,0.461837627613029,0.275537237853818,0.395014911104877,0.462377775699575,0.145638398150548,0.28623473631877,0.402709932457832,0.23398866503064,0.414636066381246,0.55581297675513,0.242406251951333,0.387661743111341,0.557119411641309,0.281980156344771,0.45776364599894,0.488079064549653,0.253510139698894,0.413878559195398,0.44704563184745,0.211276206337228,0.297197282421741,0.371453818369453,0.168079041862204,0.270167929512021,0.409364817706827,0.0345424591542933,0.373696537820951,0.2772637202018,0.214290056995955,0.215221821623206,0.405616586412434,0.2157691999037,0.414480406427491,0.541485548610517,0.214335983739216,0.242431249808218,0.464429715548191,0.0998484560803921,0.313864809712561,0.3861401060363
"49","PERSIST_III",1,2121460,1,3,0.362478715409091,0.436465495289025,0.632290458270851,0.247656632748,0.343886552254438,0.529089276007901,0.228659893314981,0.394498797085744,0.517277580131809,0.416135506973238,0.551484091394405,0.680997349612491,0.0331059043999719,0.481004384876313,0.362595258450309,0.0255722050740476,0.48467015791824,0.420160197858408,0.157671197853321,0.273053958652161,0.437647082942901,0.186426913746392,0.288557469112146,0.468884831546629,0.183978367276493,0.254773311546841,0.517155773420479,0.21194820358809,0.353382445489209,0.597276373104308,0.177421784090617,0.274607441666265,0.515216606981313,0.238994015183976,0.355338659582889,0.596199177584137,0.269800469760003,0.347953105496832,0.544481311192218,0.24304077137974,0.353401734769593,0.464108862335713,0.267051395297454,0.370571251124884,0.477346413678594,0.108927056739701,0.394726914334757,0.367741372643333,0.215491948725709,0.374173882195273,0.547306713616874,0.225595108305272,0.387378645415281,0.56023439590261,0.263807647974985,0.450830433183374,0.490502598345736,0.219353561632215,0.36782931830966,0.412529177019803,0.207484270745172,0.304575448873587,0.387447383408485,0.16018198462285,0.273950571378994,0.41891871792965,0.0480377806839636,0.353670592822818,0.26671916833283,0.21576129208978,0.221822376009227,0.417526622139964,0.221821334726948,0.408096797671033,0.549719582156006,0.234634856715061,0.270085868893637,0.4926051592368,0.116156029616571,0.298837717977314,0.420593376519628
"50","ALGONQUIN",1,2121470,1,2,0.355977222697255,0.411489663205349,0.618660696601873,0.244327572709749,0.351505290898849,0.540936821034844,0.224689565645319,0.384443378038205,0.527013697707507,0.404264043773855,0.567664769943852,0.673485824823203,0.0473689500046736,0.480451996994393,0.337151768400557,0.033823664663143,0.48261261427648,0.416003078154339,0.135563822243458,0.275164175079222,0.389720807360143,0.160277085291433,0.273602947259817,0.427696942266606,0.155296054773587,0.235822045923633,0.508317315961472,0.186203225828859,0.266293512999914,0.59052011994225,0.143791188389382,0.255766202063155,0.502524695732822,0.215786319206629,0.335266080177969,0.586558101909306,0.261069090716349,0.342880649291557,0.54246055680772,0.23377585113942,0.364738292011019,0.468678143009694,0.249626354708713,0.337914211789644,0.467090620031797,0.0673932742395173,0.430320976875599,0.297219008815647,0.174704207011508,0.267470594832079,0.494929491365908,0.177389044232645,0.350014684287812,0.515561643159466,0.230390565808194,0.389535601300307,0.462910733498969,0.186870089514755,0.322644043637958,0.392198892604572,0.178519095515126,0.247291342831083,0.331277485879698,0.125415780414244,0.253751903908073,0.367785875412112,0.0461096386862167,0.350498064956794,0.238800260469431,0.191329849528597,0.165060878915954,0.332364034819065,0.180348164442638,0.331168003348841,0.460688462672794,0.203913201002837,0.223711408682714,0.413019240709341,0.0793138491902919,0.365958808896693,0.350292898253829
"51","ONEIDA_ULTRA",1,2121480,1,1,0.390715966985119,0.41816425223288,0.638702147525677,0.243532393354205,0.340709723713691,0.538408055920137,0.214178416216479,0.32446184069735,0.517162570624357,0.406975241400956,0.554389720013566,0.668465915514188,0.0459646951735822,0.466345935982201,0.35440286340723,0.016080226056816,0.482406534950619,0.418082165487604,0.12390332236593,0.302967526884055,0.401410259657095,0.151377920936119,0.296461029357122,0.424696488617989,0.154949486708302,0.247347930283224,0.489002287581699,0.204688534003732,0.275226495884697,0.576059428176557,0.149148452100719,0.267981992687875,0.500722968958263,0.232043631530256,0.340684094369873,0.58236747544268,0.265126625285397,0.3319661809678,0.52717479868364,0.244993781224743,0.376548288312994,0.465583436171671,0.25194884052663,0.326344159285336,0.452309788780377,0.0911448172434306,0.444608388810069,0.347367068039337,0.219156117670733,0.335907398733857,0.550175804312978,0.19212489907418,0.365166565892142,0.536185732246888,0.247265479930256,0.423896470955294,0.492710892710893,0.184141351856999,0.317120301316211,0.398514343679706,0.180012525722466,0.238969464177897,0.365206890793006,0.11767372838694,0.24018244465928,0.372886641382217,0.0230671358110019,0.363031818303457,0.259959578814303,0.178849949043865,0.168852900941498,0.344793326359271,0.171266975641427,0.325328462292243,0.475387923243048,0.174028243234676,0.20339304673356,0.416253091533953,0.0519290718892341,0.422901147923097,0.355611814962122
"52","SW5606",2,2122010,2,51,0.308307695553224,0.382073182808477,0.595864339001594,0.178979579390403,0.289301929355524,0.525276728428374,0.21024641341739,0.372896433512578,0.50818211712909,0.384593991261691,0.520866846738696,0.645241596638656,0.0884695196648846,0.45298503656708,0.369453199463705,0.121338778475134,0.401217503723898,0.405038394399008,0.169854697032003,0.315110148863039,0.37753391312857,0.174486825664408,0.289946807216309,0.440587894626702,0.228746636504095,0.367109259259259,0.568152178649237,0.215769495900248,0.354914917508854,0.555315136333535,0.193888814058529,0.35409166076069,0.50823207267573,-0.0793977548121117,0.350858975132989,0.294448581120212,0.0777261260276682,0.26704072886575,0.404997195856216,0.303670902248168,0.408799425647646,0.483295988016395,0.189728529428116,0.350234940823176,0.498641330406036,0.204980202290428,0.350382577273334,0.461001370245068,0.240661575348548,0.332126561513918,0.500254415997643,0.180000522013656,0.246711391360264,0.405051682934554,0.114598541284924,0.202448743625214,0.295088059793942,0.162007377256311,0.249586538930006,0.29983833605726,0.186030250872278,0.234396156366019,0.247830033957239,0.131451528279542,0.171762392272543,0.313418454894249,0.192762796342376,0.196495896077285,0.335604412688582,0.227760239687972,0.169250422467209,0.293803680158794,0.0657645998263736,0.227809292081704,0.30802925003092,0.140209740358714,0.141249655812066,0.269106294895391,0.030582356622763,0.278837226066897,0.339814254133026
"53","WL_349HQ",2,2122020,2,50,0.279387163770193,0.342702586084939,0.569592870818361,0.171781909394384,0.289522040520924,0.517689562703682,0.187960584050371,0.319589068774783,0.498225022941766,0.376254563669908,0.489029907927297,0.658588888470186,0.103610866073281,0.437468082429781,0.369878767066621,0.135927173708648,0.401306984332194,0.402135007849294,0.212637184881769,0.333888681864283,0.425066780510101,0.179329838723682,0.294274144545975,0.464762468191716,0.222876635536785,0.357003461472308,0.559238476092191,0.211364459699125,0.330835276842014,0.539143869001345,0.188767210685836,0.341633398103986,0.507920540861717,-0.135806196079561,0.414958679205391,0.325957640440142,0.0429116592362862,0.303958604488746,0.387552776102346,0.284250115635134,0.386904931857728,0.472336534064929,0.151712350337546,0.334687146085477,0.469726575751408,0.194866893885761,0.333777632265027,0.454208350006669,0.200785440431103,0.283016577720019,0.470877614250814,0.14411338152278,0.278452103308284,0.300265797949136,0.122326776711488,0.236623330740978,0.302066772655008,0.162441790268323,0.296483654039435,0.319829413592091,0.164961858128712,0.264235276989153,0.290003382877501,0.138385956488828,0.226220470489081,0.328035001611264,0.193254226002287,0.240905551796334,0.353883530405728,0.205650870044434,0.163402957850964,0.29247578795489,0.0494139759480067,0.210007991551788,0.289182507063961,0.148339002552564,0.168619368049521,0.283123268982181,0.0449011333176537,0.277552070879551,0.33577654104432
"54","VERNAL",2,2122030,2,49,0.253031419725494,0.319618571334258,0.538447618104481,0.164324686096943,0.276386516222011,0.504435305283138,0.174415507994954,0.3243112208387,0.497846766443804,0.357213438503028,0.434455037620429,0.632334225169889,0.0953198418464022,0.444912992211214,0.381142593283496,0.117725207544485,0.403401191022674,0.39150757738993,0.114369934212714,0.399224880324121,0.345470582105928,0.0374193359955986,0.334794601881457,0.377264051314246,0.136530623105855,0.264432244008715,0.510041830065359,0.169662342210775,0.218821546317642,0.506013732926799,0.145991698337474,0.295946093743164,0.48651446745588,-0.152787296667254,0.38082684322446,0.359753498845085,-0.0146903847660841,0.386025922590363,0.341752118521327,0.271320619675482,0.37141438405055,0.470170712581751,0.108156236620658,0.267737653620007,0.428036944507533,0.198725128801491,0.368976883682766,0.448597553499514,0.184494159432525,0.30809492611196,0.436195504626834,0.16052878194716,0.311399038323112,0.340961964815295,0.127621702167876,0.270701411877882,0.318752888360732,0.152126288298165,0.296541277455188,0.32077166790623,0.128550215307745,0.248559511523908,0.307056673546612,0.117393791025911,0.221204715907995,0.301398769930785,0.167109845812205,0.231150818681928,0.325515554892913,0.18415482824181,0.150104451488535,0.278988178296137,0.0264707811723945,0.231942303850215,0.304951907982989,0.1103515484744,0.181738132498696,0.273127742489797,0.00882548964031564,0.282432645382601,0.365347044890504
"55","REGEN",2,2122040,2,48,0.27177327664086,0.351204859047996,0.53729074121231,0.192667940696405,0.298340683948366,0.497729393982627,0.199212077260558,0.346501485952904,0.484254203184065,0.369713433324775,0.44715077062215,0.635211214530655,0.108531120614012,0.447262233110105,0.372422726222175,0.130364913785761,0.392770154215532,0.39397863760889,0.17955123814347,0.379091640346402,0.373610151361116,0.0931880979954464,0.290973320141304,0.399968622788113,0.177658442970129,0.295401960784314,0.520467320261438,0.196231307498313,0.26709551077068,0.515239086785157,0.176067264888895,0.305453046629517,0.501641962818433,-0.13414973145802,0.387227286854986,0.373650046174246,0.0406516590430286,0.353843793318731,0.361771583970879,0.273229508818636,0.380981199063988,0.479216620588023,0.150356365701338,0.296534051469936,0.454624831034357,0.211596895048843,0.379622879454812,0.455397674221204,0.203065016626872,0.294251227406308,0.457208740096441,0.193635196548389,0.331134208069193,0.368975379625534,0.135863068204038,0.243063843063843,0.2884906296671,0.15546733688117,0.276582717531973,0.302729086066627,0.139184552832966,0.259149896800826,0.304229446164431,0.142779009535769,0.218897895441362,0.300436280706973,0.188680009866181,0.216535603648101,0.331999765526539,0.197825202957554,0.146376057621732,0.270856555977663,0.0347742433827291,0.208093348935887,0.29854451484621,0.144702279491415,0.17262962962963,0.292223311546841,0.0462379141544158,0.281105501902253,0.344999878060677
"56","GUARDSMAN_II",2,2122050,2,47,0.26738530847728,0.342789119014609,0.542340538909166,0.175160321095848,0.280990725285207,0.476366420261298,0.188313982759369,0.335530440886817,0.476589601777451,0.365357662278377,0.432989913454171,0.622765698207534,0.0944605305365484,0.454070037178183,0.37536165962229,0.126195315490712,0.293010939046745,0.398956371846397,0.20037921301373,0.372365662422174,0.377273127591648,0.0941524367614106,0.275843565522511,0.400383007509283,0.175359670240294,0.308674213106295,0.515769801341589,0.189360720744071,0.276652969557867,0.490848110169178,0.179603185439612,0.303202113265898,0.488909864055151,-0.130608978087585,0.37404925401947,0.352569335282167,0.0300143633594782,0.341745764684719,0.365248722262785,0.262777547237906,0.362992342658283,0.465435202254374,0.145987420352804,0.288587074469427,0.44007722007722,0.191600827846435,0.387781269029351,0.448279137742053,0.192764989486797,0.276856939927479,0.436974098824233,0.187049980101853,0.326401005825727,0.365346520399643,0.134761513424232,0.2356240120946,0.281115951704187,0.134047782367224,0.244138003188748,0.284427219443629,0.143765733070855,0.262611799105607,0.306477898176815,0.13174684147708,0.204950160988683,0.304825322459367,0.183823070111298,0.229913716315148,0.348883511291044,0.189895375010439,0.136368363381451,0.266750923903057,0.0334527307366313,0.234934854582299,0.311429702885521,0.113481234265231,0.185393164167388,0.286209723888306,0.0186300646210484,0.358166851933314,0.33696748007547
"57","SEEDWAY_9558_SBR",2,2122060,2,46,0.254800680447526,0.328454715219421,0.511927986682889,0.177049755384337,0.289750947515988,0.447008868294761,0.195355818663926,0.345210264440684,0.481120652640618,0.35806048794605,0.447725063119418,0.619762595621208,0.0975870407485295,0.464051720913786,0.379355607915671,0.12703100618195,0.257377535629636,0.376484501492905,0.16309736322586,0.41932539157371,0.365447967333758,0.0740664059316199,0.318308894565282,0.372696191360192,0.171556362807976,0.267983660130719,0.489679956427015,0.190957224699771,0.283377632991523,0.501048630906107,0.17236857438952,0.284186365014252,0.492117389720876,-0.140565373253577,0.385105283988382,0.375141485491448,0.0227392913802221,0.360869107245369,0.336642913947744,0.277261754806118,0.387073761656187,0.482104248262563,0.136435871794114,0.28301993142213,0.432986268768886,0.201500200262756,0.387969309462916,0.441872609913531,0.183609310015241,0.277080790822553,0.444724001521658,0.174233585437603,0.323549402139711,0.380866496378287,0.111068228142752,0.24789663613193,0.316194422076775,0.105089868992549,0.23186639914606,0.290594701851827,0.123336070795225,0.307787041438108,0.419419429706803,0.120292873990047,0.168495575221239,0.270030490072135,0.176239731163038,0.210413170272333,0.326796366171087,0.193401895305081,0.145777742013358,0.257648802338993,0.0400803687992273,0.226124168735908,0.287434355110312,0.118801938916493,0.169816621567586,0.266587306981754,0.0300029002337514,0.400715512568015,0.299225652342421
"58","GUARDSMAN_II",2,2122070,2,45,0.269145079550576,0.344600651708495,0.552364093785662,0.195496751740101,0.30007906725737,0.456635499943523,0.200451403190435,0.354887648490053,0.491862097637108,0.363379607651695,0.471851828966881,0.632846741637832,0.109339439329853,0.458105787832733,0.392188709481828,0.137866195776025,0.269841894394324,0.3836099791087,0.181247860153647,0.377000110087703,0.384420143603293,0.105967456672826,0.297389027589194,0.406321035239611,0.186528031324157,0.292215795206972,0.509155882352941,0.198732787966399,0.300390669542153,0.509025557125505,0.17701359469058,0.284146854798875,0.495025234628353,-0.120266438743652,0.396323501461253,0.328571907723062,0.0474297903619841,0.329718633270901,0.365755055395067,0.255021679419439,0.343418017201605,0.44724958464973,0.156877876220626,0.326432482903071,0.447611477023242,0.202271048346672,0.374357325538911,0.43375130921934,0.182304716873199,0.290012687815959,0.416027987958669,0.178204443049829,0.329634428416496,0.359506396782893,0.144698952177005,0.260361787812768,0.287028077224156,0.134898502843326,0.263093214918773,0.276989565630539,0.144635766969071,0.302894287219146,0.347401393402961,0.125523909185208,0.20290077092784,0.323792171735951,0.183398218260688,0.255262973454801,0.36526645232734,0.181307043389153,0.154949235721843,0.291903706477894,0.0298032911440525,0.262073664982733,0.330258131879632,0.124708932745807,0.186025901718712,0.285931977729363,0.0354830248963645,0.427175885279485,0.342794849282997
"59","WL_349HQ",2,2122080,2,44,0.281953433882877,0.352887138636931,0.552553945180291,0.192368386506685,0.31096868906795,0.462907617966516,0.186648065460136,0.333085814832588,0.483677922865153,0.35847104254917,0.487139716873296,0.632657798545427,0.0987290291728074,0.454862317641543,0.386742643611594,0.139722974085621,0.278789546587866,0.402987164096408,0.210390039844638,0.32525985607971,0.427335086811648,0.17040738173976,0.298257593309562,0.460150600902751,0.221021002855484,0.339046697626419,0.525745076539388,0.222630574655911,0.362901266701371,0.524644764493801,0.200703343519785,0.327628377040142,0.501334703687645,-0.151223242201899,0.425979243080261,0.350923397957401,0.0727835028394165,0.298514012221514,0.388716632051764,0.253570822107124,0.348617395676219,0.454749469187972,0.171969513670457,0.352146320332764,0.466369704655884,0.212747108038461,0.358977455716586,0.453027848820688,0.174718968211713,0.306766611044686,0.421548042938417,0.159544427002043,0.320055530984324,0.341226595901518,0.134313709748637,0.241890630125924,0.279158608570373,0.131878928803096,0.263851834667285,0.291149973502915,0.146937774116986,0.286134056155766,0.372689473255998,0.129410717474997,0.227182987255866,0.322159079954499,0.188126585399882,0.240587228587412,0.367035707504552,0.179576580413065,0.152058783200652,0.292359581978959,0.029000430897232,0.282179671965827,0.320444458715073,0.124389158222183,0.201376906318083,0.313711129522231,0.0323357380486935,0.434777004846209,0.353560081241742
"60","SEEDWAY_9558_SBR",2,2122090,2,43,0.300907898380712,0.365451668883041,0.568967688085335,0.198528595382498,0.31146898578054,0.452052940969702,0.20919426106784,0.376941956831394,0.494181881998542,0.360510394976612,0.472854253809147,0.595607139716873,0.0932962462553774,0.455221782883271,0.378385432194251,0.123846051447333,0.306902123168108,0.378000493396913,0.103866979652841,0.380893960388756,0.37954194901406,0.0943175617819774,0.326686274509804,0.403351499423299,0.181342364932166,0.290515904139434,0.512571459694989,0.184865242118579,0.306891743481534,0.501165118029591,0.194730847551225,0.321081274991032,0.503256161902512,-0.177569649964873,0.410869842292031,0.409253184681331,0.0402239159184661,0.333542420459992,0.364627935514791,0.240540184763344,0.333661694342809,0.441158133544849,0.151881464919807,0.305751633986928,0.444617054028819,0.199921991265808,0.377861690130598,0.432982405083245,0.188210512139023,0.286589836113878,0.447616911517326,0.167799812605022,0.316113366540938,0.364536005297861,0.1402217368088,0.261582438053026,0.318396777220307,0.113710827809206,0.230403642723764,0.294824084372178,0.139151725549134,0.309985380116959,0.422370571035432,0.117008568749501,0.242095138940532,0.285911603579485,0.176170154903322,0.214937488610834,0.360325816165161,0.184870644305664,0.151017810681044,0.276972452455674,0.011499752818178,0.269833781350661,0.328924673996544,0.13432717212802,0.214801193579459,0.303633951003967,0.0379429331681494,0.422890682943361,0.342110287500981
"61","VERNAL",2,2122100,2,42,0.259720623499898,0.33471844966943,0.522137339784399,0.168336038076944,0.273041997682367,0.426647004438643,0.180307607348212,0.326001229173507,0.481708887934736,0.339307826761074,0.440944090640741,0.587785105073419,0.110372845212875,0.444425061286932,0.372780254619731,0.141656063060622,0.276861636962477,0.387211007479915,0.0699476525893202,0.403762205100859,0.360056880520261,0.0586050987988241,0.340919138593533,0.369938493864686,0.112444923103503,0.254100984692122,0.457610401616787,0.164802306151907,0.262532854551512,0.498888683226595,0.150170919921765,0.282220188102541,0.489935496994321,-0.171743965515195,0.413021360899246,0.409127519179641,0.00976609446358459,0.356629419171878,0.334597843454705,0.243740277867372,0.358980591600912,0.435463229580877,0.111954271565238,0.263262302525482,0.401258826660821,0.185854230664024,0.362137097263148,0.413633574641978,0.173112788458101,0.324584677428222,0.418655267422658,0.146872355207787,0.295909514074842,0.337792845968539,0.134163236472471,0.250477062241768,0.288596159184394,0.110137104566984,0.220429821389175,0.260844131179905,0.122676327545455,0.319900670794634,0.389621173030616,0.103755534904062,0.278024080822103,0.294270441706673,0.1738546857469,0.199660140913453,0.386633483574752,0.157810708615367,0.176188414970292,0.27082154208438,0.01977787219995,0.263693975892152,0.336931672232212,0.0700871811596911,0.186576187508756,0.28072378495621,-0.00205948598073946,0.475395327285143,0.366779704419081
"62","SW5606",2,2122110,2,41,0.312838679291233,0.408213554782182,0.551343618255383,0.215779405452618,0.33182417246135,0.459373450529637,0.216393489387919,0.388164840145304,0.491654228601416,0.371499802096713,0.487084950572157,0.594696210322694,0.109964013954243,0.450085776150653,0.366655366134406,0.158467293088726,0.26806254274285,0.418533112241552,0.199667485545547,0.328601112626612,0.451499320436705,0.204154191198989,0.34537534249242,0.490378578832873,0.208145730968235,0.376209694989107,0.511032244008714,0.228864995372845,0.404189782107533,0.502288490617486,0.228341860649465,0.378195992526255,0.500838433949703,-0.149181163137565,0.421109568242852,0.385932619141852,0.0754250944890196,0.282667216913749,0.391401331174672,0.253202623602035,0.352696857509692,0.43772442649448,0.189304738126028,0.379858682211623,0.464907260201378,0.23623772840302,0.413503583251482,0.461540252464622,0.217124597870474,0.365977673008491,0.441376445751919,0.173825619833862,0.307776749466306,0.351360209281951,0.153304345220939,0.241454288513112,0.277110418286889,0.129393729093369,0.204488056799408,0.258242425047724,0.167404519269912,0.236261609907121,0.316357929136567,0.124669741874699,0.211144988969039,0.301151681911703,0.223660723084358,0.201564728055387,0.438465626063254,0.19713749232088,0.172897460094692,0.300216162153878,0.0338759836263655,0.250595917648962,0.293062453025849,0.0896049615471914,0.174638559022983,0.267763601215134,0.0202097656063338,0.458553751969029,0.299584503798727
"63","REGEN",2,2122120,2,40,0.283828935578686,0.359582519876638,0.525411208254346,0.199281036478485,0.295261241478559,0.445814243444926,0.195713443135163,0.340337349194723,0.489350306030527,0.348713446538344,0.420621773373026,0.5927959704061,0.124809389614335,0.441908832199431,0.369881487072605,0.157428045703937,0.272638778588358,0.38974777603349,0.149034980387159,0.333518525314056,0.398400670311793,0.147120681357217,0.291270092222774,0.439958830766571,0.157360584288334,0.283745533769063,0.483261764705882,0.193583871643703,0.316487940308867,0.505271559951414,0.176131745116515,0.288057556467142,0.48563901592224,-0.164187718399744,0.393504040153333,0.446870834597318,0.106353961861997,0.355279054947254,0.381155825209482,0.226052615037721,0.32731386260798,0.418151070557488,0.17575808657399,0.332151748109411,0.459414843925326,0.224485391491855,0.416581177925716,0.426098196854499,0.207661586363297,0.354711444551017,0.454949699334726,0.180302116322324,0.310646237052326,0.383011313687268,0.18390934522492,0.293871016420036,0.337281781399428,0.179712576449969,0.284113626811396,0.315307548928239,0.166871743343675,0.271912696067726,0.352144701514587,0.102007308809063,0.25765081843947,0.350961594077159,0.188339853061367,0.207205598818458,0.415633517981183,0.183767843314987,0.214520907773503,0.32230583718473,0.0503050668499167,0.241925797490272,0.267523261123955,0.0919012876820274,0.167945134861456,0.253842707662095,0.000727734936663767,0.429629156407032,0.254607967865211
"64","BORDER",1,2122121,2,39,0.292417561898539,0.365903785756727,0.539530458648106,0.215427363124345,0.319081100292374,0.464791633137523,0.210909296212089,0.37735225237636,0.493162595943052,0.367707771359017,0.468112745098039,0.605920368147259,0.0922696202950154,0.460623672816525,0.395249257696515,0.143068385925851,0.29166065534352,0.399458512501991,0.175630647379306,0.321332102970938,0.445806827060963,0.181836285291225,0.319487538872586,0.480186880411137,0.187451595014008,0.319826496388029,0.495229725662195,0.21987502949147,0.372268167178766,0.494545095571268,0.210638584404492,0.339510985116938,0.489051607499517,0.194808916348838,0.38298462274635,0.510747530851775,0.254829851324051,0.353467085700983,0.521483444970001,0.251745073486501,0.365197844342229,0.430820338306969,0.288330696514436,0.482090998561587,0.474594594594595,0.144188098840141,0.300871459694989,0.374403713176092,0.206525221693206,0.385242552779775,0.471580391717077,0.209422844291237,0.371376744530411,0.438118436802034,0.249011760090543,0.394506500388853,0.43027458321576,0.231137672071633,0.380245228818821,0.396138476269756,0.202292630873052,0.258051034346912,0.359579752407624,0.117316235123071,0.25547804962693,0.370177239037208,0.0910166048754509,0.256493190787262,0.351174220677456,0.234620420665308,0.249491802274537,0.440339887430154,0.232531823504342,0.378246211148215,0.550585571443522,0.186020312133764,0.198477119352299,0.449009101053577,0.0741155242056181,0.3158140669203,0.352595722368549
"65","BORDER",1,2122122,2,38,0.301737730952701,0.380566519537108,0.553218812777636,0.213082437630088,0.333828500974426,0.467046328335256,0.213853727867544,0.392788734051426,0.489675135456518,0.364055421393431,0.460405162064826,0.60312024809924,0.118158760536529,0.447385564248241,0.39417442718374,0.154954355532772,0.254671837965956,0.400588789361899,0.199933223527495,0.333160495639304,0.460041833327217,0.202808954572255,0.316188455614602,0.503067535320006,0.203710970575809,0.341519934640523,0.513939760348584,0.226502167846161,0.411639334147756,0.51197719616481,0.22662324820203,0.361004641004641,0.497307360836773,0.264515274669681,0.402922505528611,0.579448547579598,0.224086729773671,0.323686549633345,0.48263705914098,0.259327973435802,0.370466906830543,0.43736667373031,0.275078513410332,0.467669239641558,0.452493906798812,0.174865149756705,0.358527828522713,0.431241018146389,0.219714376383126,0.431361994164044,0.497508394408565,0.222504318028063,0.390870307986141,0.467249239392282,0.263505439385539,0.429392264686382,0.445113409819292,0.241129560857902,0.409892549750562,0.41328097874751,0.211710354220488,0.253006692958904,0.370113776019252,0.106781200127396,0.260790097750014,0.377102974916614,0.093705095990772,0.252638017577864,0.325556970042192,0.225110576030828,0.261108339368579,0.457658995198627,0.24562302097483,0.418514237330061,0.576586418167461,0.20885045052376,0.233859887292102,0.483038520676688,0.0977105481058311,0.268458125174543,0.411140944415747
"66","BORDER",1,2122123,2,37,0.30425964292456,0.379573937983217,0.563058087084599,0.199638575173026,0.312996985729997,0.450754908666613,0.21599610116525,0.428825264167598,0.496591544936129,0.369178545361897,0.486860521048303,0.606861969266736,0.116107211561078,0.428052009705965,0.398644390421464,0.156822775293635,0.260964497281633,0.402501459892764,0.196315397614301,0.320726861382354,0.437313994421189,0.199630691938023,0.313390760126339,0.480720170917709,0.201093461905368,0.338840740740741,0.512237581699346,0.199799125236247,0.386759885861916,0.495563171187846,0.231663084628656,0.370789694726619,0.496229143152129,0.263355504593496,0.387168491400311,0.590761424119578,0.207127653470548,0.328909323600512,0.482409294633782,0.256348298076819,0.370557957850387,0.464895222986976,0.266438924502857,0.454639008756656,0.44648244883539,0.168537718676556,0.365013274875167,0.442489830714895,0.22379791076206,0.446995494396031,0.494842853593159,0.220477369839153,0.394384432186972,0.46205061760387,0.273266523789655,0.447878283172401,0.459102035572624,0.240295142484458,0.418672598374694,0.426770926442727,0.216897810859681,0.26077528379773,0.362730048159615,0.108512847592104,0.261579534468655,0.374529634862795,0.0860799863795201,0.267674902546968,0.323341832996278,0.221295067434283,0.247351887211413,0.455131718345063,0.228233836686677,0.411071272274072,0.55717693676209,0.211827940276581,0.256816471815643,0.482022400196385,0.116513585564706,0.282601965819959,0.421063624177811
"67","EZRA",2,2122130,2,36,0.266446587868529,0.320038739401484,0.520652132907035,0.181235834123514,0.269087651964099,0.432790355831312,0.197694749891155,0.382277938497804,0.481775525596502,0.345930517388052,0.433072314127445,0.594989637110449,0.137542599680972,0.421629900186203,0.380196129539307,0.156434825986818,0.260623387816665,0.414627266291132,0.120076320032202,0.354315560285249,0.383670813303487,0.128186364413517,0.285679119922635,0.416934757256466,0.153364976684937,0.265801191090471,0.469927330581355,0.163673534530586,0.3453974864282,0.492619419449196,0.196858684484578,0.308085197496962,0.488503690856632,0.236618360783635,0.382235549026316,0.583758292916893,0.219034189388751,0.321761743013449,0.501297313312805,0.240852093457595,0.354151968055711,0.430998591426399,0.28025731918739,0.490865156283434,0.465024242329351,0.118069463382762,0.284751674582877,0.41366410912191,0.204872144293829,0.386966937769077,0.490531562189316,0.194281352410797,0.352863777089783,0.462030825975614,0.276502296212243,0.460651484180896,0.480396515690633,0.244036547435888,0.437298307622123,0.450164099974754,0.222546561238306,0.282437650498796,0.410672084623323,0.0992582464376463,0.277121538881039,0.391009642795171,0.0504463490146879,0.29378275779019,0.320717004550569,0.1953793486485,0.243102168880716,0.423367424578497,0.220073899508856,0.384544790745022,0.561797290483394,0.211322668924967,0.258344710723796,0.48061413701283,0.116256872631108,0.259931226221832,0.441605087308555
"68","NY0465",2,2122140,2,35,0.249086275093087,0.330811735468598,0.487632628809099,0.177363702270163,0.293553954712379,0.434181150485887,0.172156103136902,0.329986955316431,0.464163686118042,0.339317162735783,0.407037218474834,0.587809724786776,0.14413431472654,0.403870908515999,0.395017289038036,0.163986694120516,0.266091952946173,0.409365173048038,0.109683418804101,0.350725329802257,0.392775162835907,0.121177511911982,0.28934170512318,0.434234578173215,0.145077154936267,0.276089651416122,0.46148082788671,0.160590623044186,0.330012146451501,0.481245878882527,0.187193075185731,0.293208240920659,0.477776687362744,0.236166945864101,0.397149047781959,0.568813489587875,0.209871171100118,0.339261716559263,0.496135572415691,0.231357506192105,0.367375939568453,0.44737128587396,0.270688591456728,0.492376410023469,0.46972619678502,0.104412820740609,0.289985629034222,0.393126293995859,0.202305274101557,0.383337494032681,0.480140763028464,0.180278790841072,0.362858617131063,0.432145559978377,0.262980392910357,0.432488281507889,0.459549274255157,0.230890405015802,0.409019059627579,0.43172569120845,0.213463906520027,0.292294891640867,0.410616185070519,0.0841409531082823,0.296808182466694,0.418738311450441,0.0441343590746174,0.286492417204745,0.331214406864975,0.179144596410783,0.20079165355982,0.397685129173018,0.216681159635645,0.381892475573441,0.548676399235094,0.202826321456907,0.217296265611096,0.472006873484918,0.0990526557156516,0.27528518590854,0.416623498625255
"69","SW3407",2,2122150,2,34,0.282043318350905,0.380813621744994,0.52666263475087,0.202749665803579,0.352541760548269,0.464489200262868,0.17846043090485,0.356064067962952,0.477069404404097,0.362501120210786,0.480505457788497,0.599864340354976,0.128080412403209,0.43341032146567,0.395556635687561,0.156524106943505,0.248430466947091,0.39933110367893,0.176864253934754,0.319533105818747,0.411385514904652,0.184972098334691,0.295375683159836,0.468093187138345,0.197473116937242,0.361601198257081,0.513168409586057,0.194454211631712,0.427660262342823,0.503850244943792,0.226912553449018,0.361659042587462,0.491330455511887,0.264382521588392,0.42141097414118,0.562762564003567,0.201009046216663,0.323370150606251,0.45118170694319,0.230365927797492,0.336629146254815,0.430018822532192,0.252786705955391,0.464631608299428,0.43909147369355,0.185887363737955,0.384104348810231,0.44416763338332,0.239825448305764,0.470861781967469,0.512569293726238,0.213881006729535,0.434217749752862,0.453823193496684,0.261395682018081,0.434981199687082,0.440945911534147,0.226474838790933,0.399222145649815,0.413411391699703,0.23532103347173,0.302206149985655,0.407904371619799,0.0935874027809176,0.276244515505317,0.356427455938127,0.131571597402716,0.284115952223484,0.350448876502573,0.203604617462193,0.208784667633107,0.443375325833214,0.245792584388397,0.417575348916859,0.585586665525016,0.184138793488635,0.20420630823767,0.452400293679822,0.097539338674226,0.293655240977453,0.397792376018891
"70","PLUSS_III",2,2122160,2,33,0.27091637133086,0.353520263324185,0.544878288015543,0.182418670610131,0.318845454003102,0.464066787972796,0.14936658188738,0.318333459618283,0.463583798482897,0.35156007666439,0.425551745361822,0.606927685872555,0.136027400290212,0.429339797880889,0.398155949276422,0.159408304785436,0.268338350724905,0.397651983870471,0.183855805284382,0.318206387050792,0.443046083677336,0.180412122920682,0.292947947342627,0.479543660710339,0.190081333537466,0.33765479876161,0.512912689198486,0.177418651636026,0.394332111699305,0.492913782252989,0.21707187466832,0.331119140530905,0.495484575484576,0.261283939760361,0.393027577093102,0.552017244347847,0.203372941522943,0.368385659714506,0.456362760970551,0.246621031304631,0.333737207533999,0.42108497563043,0.263951379699064,0.494508868730322,0.470730072633187,0.169212115279175,0.389609904567888,0.464984054227752,0.235455620087867,0.432192749254014,0.510849731840701,0.22181804672244,0.43023828033416,0.462668591665741,0.263043299959708,0.418229535876595,0.451408933761875,0.231238873025501,0.408892056356559,0.429324050216545,0.225317154005255,0.277909381704199,0.379528880781402,0.0987082154134086,0.290698324560896,0.375223648948272,0.126146076062215,0.311062304950576,0.376262875332755,0.21716699984243,0.245517689976127,0.463545237520453,0.234629089221149,0.402475002616282,0.562568499015327,0.200699293630812,0.236582610309044,0.466510396669832,0.113075401135786,0.290946249146425,0.410857843137255
"71","NY1517",2,2122170,2,32,0.267502578252687,0.359354752001811,0.516266893962972,0.199867476717738,0.341052181521696,0.458553159262353,0.163025003983289,0.352989139694807,0.450072498585809,0.347627270545362,0.433177270908363,0.585394657863145,0.145603772925101,0.426314112774769,0.382986963501552,0.161001275198741,0.255239219433593,0.380075383553644,0.107428694980264,0.355879472138965,0.370924614922555,0.114763307057303,0.273989264109714,0.416009032553205,0.157950075179155,0.28412440087146,0.480474945533769,0.161642432465363,0.37183857613842,0.483133288713716,0.203677809657489,0.322695356589758,0.486801891662511,0.250707597678958,0.41081036360262,0.543200534860997,0.208690673086543,0.352338550098939,0.44747732876205,0.247124834489879,0.365624440293734,0.438051497240915,0.263261938407226,0.503202910123325,0.472087405097786,0.107855639028543,0.299000084882438,0.369829386299975,0.191509577154392,0.370111634957543,0.486666324096793,0.203119200580608,0.409822156958721,0.449622335473592,0.257322067908658,0.434738940621294,0.460248177895237,0.237932758874364,0.418432418785865,0.442428543160682,0.236914610583392,0.329712762297902,0.423623151014792,0.108914338888478,0.296641134329838,0.418466076696165,0.0629461422754041,0.282605000146546,0.301080999111804,0.187999104841305,0.226307794473884,0.38293501961322,0.224339690181477,0.393777649342124,0.552737225409329,0.194647259956324,0.213201404018397,0.448596102638586,0.106304757696336,0.312817714046862,0.424860654535808
"72","NY1614",2,2122180,2,31,0.26348220268364,0.323999566156429,0.518866064944496,0.171473005976845,0.290034635605268,0.446772316997935,0.169185796126368,0.327058402579581,0.465802456663215,0.335684776768184,0.400129630327467,0.596881335493839,0.124689727075766,0.423881034356457,0.383970393741209,0.147217660166863,0.280097885307969,0.397141872133469,0.117770835466081,0.342414035544718,0.394004165415474,0.130811600561725,0.279123711215022,0.439885973463427,0.152516467645986,0.27340871459695,0.476068409586057,0.160868673633063,0.358284623583947,0.473099824000397,0.202189416757214,0.324770545947017,0.487097578862285,0.237753307507272,0.380059843909434,0.531710377540608,0.17538575745728,0.254911967472995,0.402563818973735,0.231395370603394,0.349400629079773,0.440359581001292,0.22113274808651,0.424829327597494,0.42909068237788,0.0947948743924547,0.29254562431033,0.395177707446615,0.1689861122206,0.326204960429559,0.45095805577089,0.182969519996402,0.361294412501843,0.425755565384048,0.231770422230136,0.387410048194362,0.425613747182375,0.215342855097648,0.380200817620927,0.390254543199706,0.213649694379925,0.287853887168903,0.364051427588579,0.105521941736736,0.256109375903754,0.405373840785085,0.0437278826980428,0.303010817636992,0.330735265445621,0.173783858270105,0.247866658753402,0.404487230650532,0.191160736383193,0.352853174263398,0.526446328167366,0.18789758045572,0.234667034889073,0.449820000613704,0.115911542327879,0.29408978100813,0.43814278247992
"73","NY2003",2,2122190,2,30,0.221472664368002,0.299799868731103,0.429277626543575,0.160594956771638,0.236976577311114,0.371601771202058,0.187338880579204,0.353755103014442,0.445492819999046,0.332198108416697,0.416183190765095,0.580481591739835,0.149224903656821,0.394659788674368,0.373446815663333,0.16436990622371,0.264873824669221,0.4265576197034,0.084050881178593,0.336085036634741,0.350645970178464,0.0954177565423832,0.285821422140462,0.403408231498109,0.143165145817719,0.272198142414861,0.444618270553836,0.157562684972309,0.356597852062998,0.458306700066223,0.203757943947707,0.341710370895346,0.44596568090544,0.237684296041772,0.345178536690078,0.494716011618469,0.208943963734427,0.324897622297705,0.444793286985598,0.263419069964249,0.388594708915565,0.447971695565278,0.263375020013164,0.521315639377923,0.481066707225877,0.0668272740256443,0.288625989526245,0.337736207526489,0.17503323548238,0.361950185479597,0.437750320493791,0.189287863151142,0.351310068814604,0.382662462929371,0.238714365878566,0.355839567604273,0.407027348203819,0.222541831972388,0.379004300943205,0.400090522231396,0.189751320145245,0.259077657378741,0.321295149638803,0.107066214942499,0.275624798592003,0.392044817927171,0.0231192037543595,0.298804312782499,0.328584098876439,0.154959254182234,0.211417746305088,0.33800917357367,0.17546843013818,0.365155763906727,0.500314667351657,0.198283561797083,0.20737959341633,0.415213790459815,0.11016694107378,0.297759034986544,0.408840349865436
"74","ONEIDA_VR",2,2122200,2,29,0.224300608639172,0.327036117477294,0.46945623367192,0.141980255136791,0.279645546659156,0.416413353987286,0.155146920057758,0.28939324291331,0.470629404187609,0.316223205397832,0.33713783271156,0.575286832221678,0.133973562958325,0.418739256133771,0.377870508259563,0.155547124361172,0.268574999230461,0.410908609597685,0.13261212872744,0.28499435278164,0.393707747838557,0.149316378471517,0.26242617733759,0.44831031771127,0.161635490512399,0.271792265795207,0.483816775599129,0.159493578887861,0.35888201976826,0.489166944310764,0.186802362886478,0.307078102067209,0.479402278095089,0.204855174654148,0.332948734289017,0.50659743883869,0.185421122082177,0.301759203411532,0.432146069436949,0.260155689963201,0.34455496968866,0.426561376828756,0.23481855364261,0.487302181073807,0.466530544385216,0.130017785720402,0.279417921758075,0.393872785829308,0.208807560699499,0.388679037836958,0.504082750067617,0.193678371353033,0.377411369834277,0.448198521699429,0.267081571667714,0.449981073510485,0.468255115313939,0.240645252730454,0.422232532962147,0.451221936402446,0.237057861571683,0.345967738482159,0.438041956245263,0.121054906574016,0.310048778606821,0.426419014016619,0.0371435310194275,0.289288768084084,0.31084376039361,0.195286510954639,0.216062369411492,0.417156488419734,0.221959083463239,0.391223920426977,0.566353069612124,0.195154590521066,0.21991133235753,0.448627475133931,0.125525335439114,0.298330166460105,0.446407926126978
"75","WL_349HQ",2,2122210,2,28,0.227500291218684,0.31832069528148,0.460451503833857,0.148820264604997,0.286127020111628,0.404064998210237,0.160855427133523,0.30151224723466,0.464684754680461,0.331879413754696,0.394411428512318,0.597742330907567,0.121632952322074,0.426016517236338,0.394816235262384,0.150206833884204,0.275381679985261,0.415641431600511,0.192040682315247,0.349980673492104,0.459840250510685,0.197230394689934,0.301991152380535,0.498086130456154,0.198911638976753,0.34288137254902,0.512417647058824,0.189038020936621,0.442567115341712,0.504422299893409,0.221360208881384,0.341657754010695,0.485754354315658,0.204665816749027,0.296728808729305,0.477717566163831,0.211521425882908,0.356212837001575,0.43028603329594,0.262810581553485,0.357742376458954,0.443708994511134,0.258722273672154,0.512792121373436,0.464553531819968,0.190056600437608,0.374690537084399,0.431262939958592,0.239423798555397,0.457596087666871,0.517637383539263,0.236391266906438,0.435800389661494,0.460920599272504,0.279218693641433,0.424993519111166,0.447000094058918,0.246488978586704,0.423000383750891,0.4341456060523,0.235444463321747,0.329065340921256,0.408495732864013,0.111354549126573,0.300614263404477,0.374525668674549,0.130073716760208,0.303402796096017,0.397691710726014,0.234589390543893,0.255609461664825,0.473288649067196,0.254280723623677,0.41775278039406,0.590048853117181,0.182672017367588,0.216201049433858,0.431594218908221,0.114597044008371,0.321533460251634,0.422206078571311
"76","FSG_421LH",2,2122220,2,27,0.277805673486954,0.395207679031208,0.502618623206859,0.19713973540845,0.357193768311922,0.444964469898845,0.197527572490397,0.369987624074963,0.471560966164053,0.359564305629849,0.488215950057153,0.595839268442803,0.125541584812508,0.423679012093827,0.386558637095668,0.144313081108122,0.279235632714624,0.404343152645674,0.144528955009316,0.329702764924163,0.400937519973855,0.141649643343351,0.281120389893429,0.444939453152511,0.185050258163657,0.335169526143791,0.485822905916753,0.183067285023394,0.450304157061055,0.484846186262115,0.239414496972788,0.401549785079197,0.493210215563157,0.232503943718967,0.371847797164253,0.483675783005642,0.22309270724435,0.41090177031417,0.444647788959081,0.25890054703614,0.358133971291866,0.461058942933415,0.273730878213764,0.52856126022216,0.473263401810115,0.132984579698019,0.338478626233102,0.388705395201559,0.216747971062641,0.463452416928353,0.481925046096169,0.229076432165328,0.445551132733795,0.436746768882992,0.283553547759829,0.462050897345015,0.455307102365926,0.255765141829668,0.459378034939762,0.449339164966532,0.262530932361237,0.378014721940316,0.42452329261034,0.131447076583148,0.307917847571674,0.413419418898336,0.0752895481258658,0.266368605023084,0.32954747896429,0.211404429104639,0.206134542120701,0.407218444761697,0.229657403215678,0.396531761661482,0.553259054713588,0.198019014158117,0.197567891006168,0.420215532848507,0.127663328556753,0.318218588430397,0.42047629499561
"77","SEEDWAY_9558_SBR",2,2122230,2,26,0.278504711396855,0.346298182572692,0.516232940987843,0.184348937269542,0.322881209597382,0.43711994715807,0.200867041053876,0.362507667300497,0.475496074342146,0.345173766763062,0.417435974389756,0.57968637454982,0.142606571800627,0.416048345834902,0.400750150910374,0.15535799698248,0.272647357951571,0.382094693967086,0.102168609223526,0.304231381955575,0.385063355559334,0.0862290528475137,0.332847750865052,0.407865916955017,0.155069027063158,0.279779847494553,0.47617211328976,0.160230725652778,0.390973728698528,0.483414652204494,0.206295393387224,0.312397739104566,0.481744406821185,0.188780925504075,0.290361545462067,0.476316972221663,0.19009349818207,0.315648709564776,0.426406040019894,0.252410631864824,0.344466050883163,0.441634776394135,0.23857833600915,0.485669670583165,0.461426923710661,0.116595726010167,0.271602459165484,0.379673323875005,0.190883914481372,0.415314655636843,0.485377347081033,0.207838988677508,0.398229727524882,0.454156709183918,0.266863957093467,0.445804921295117,0.468298295749276,0.23912402487244,0.412578783489904,0.44334542491042,0.232846280225045,0.29671740626075,0.435229188166495,0.118725709248366,0.288284375697182,0.405617114102278,0.0665835691412471,0.262566786144687,0.311012020212992,0.204003735231807,0.226252322518733,0.420976648903227,0.223828359579579,0.357440404047713,0.562103643351676,0.174852068642399,0.214003859735567,0.414795371215744,0.11193154975416,0.288406445210659,0.434391817359333
"78","ALGONQUIN",2,2122240,2,25,0.268954056669815,0.348918220486848,0.501324637599147,0.187182612443274,0.308283949144228,0.440681054369009,0.183931513462583,0.35555022352436,0.452066611101289,0.342108456480228,0.403059223689476,0.577765106042417,0.123867868749783,0.432077043508185,0.414061269328027,0.140702835497297,0.2950049142464,0.393885080347929,0.0788146277514881,0.320975795132057,0.404241153791933,0.0535684959753936,0.358057216297304,0.412941594185793,0.137851714906469,0.26671815875473,0.448552954076367,0.151430348258706,0.373654660101926,0.482866767852515,0.188189031718976,0.296410421116304,0.472975435328376,0.189456419130151,0.290643733830629,0.481819869012721,0.172793676450431,0.295847224197227,0.400497174427117,0.298767400602525,0.430360397825903,0.474283456128046,0.236058937369695,0.489959163315565,0.459978490601328,0.0923058333552585,0.270339893533171,0.351678610838275,0.172240875428356,0.384540654884809,0.46936475162006,0.203110582687583,0.362418780532281,0.436123827896308,0.265400549309674,0.424313083136613,0.443591490650314,0.236394197704352,0.404888655380955,0.419321265218766,0.213779985981587,0.289742002063983,0.415119539043688,0.114895352277134,0.302739644530378,0.392701717855284,0.0341163867441429,0.305536632018116,0.348219084865375,0.184316734625897,0.179305276146026,0.36590099514498,0.190610177900254,0.335482014251601,0.519694061515921,0.172263153223946,0.17047305352921,0.395287651302362,0.0939242827904305,0.307256185746089,0.388682854530089
"79","AMERISTAND_427_TQ",2,2122250,2,24,0.328045342524255,0.414413155834724,0.575359689330278,0.211249942169025,0.364340638216071,0.474707092099856,0.176750214259204,0.367880570719772,0.487347931873479,0.354964815239093,0.427185690419666,0.5879082036402,0.11435063007457,0.434187006205071,0.399175799370691,0.1412724377466,0.254667519181586,0.379718495585369,0.192937969184112,0.37504308322751,0.466634587902447,0.168852089844186,0.277735729685272,0.487776755775529,0.204894488274068,0.361444989106754,0.516786383442266,0.187713521031228,0.457278203316725,0.505217520636573,0.228009597656695,0.346585056804759,0.487652213130597,0.210007386590683,0.304531958118456,0.466652877747442,0.194357635963821,0.342819804662286,0.425002380876798,0.264282480073458,0.363023377547706,0.438508090795673,0.242845516240856,0.48780156406454,0.455973230921328,0.184445053458312,0.346819940097251,0.437858537354336,0.212574406579537,0.439368986292923,0.496874478116208,0.235141388232496,0.410075149002332,0.46640703858636,0.278879160118837,0.44625037566214,0.44867158984806,0.230971971128449,0.401561167327388,0.412596236731556,0.225007298559751,0.286129600963192,0.429449604403165,0.130430398467304,0.294335993984615,0.381387491082962,0.119103740228569,0.292491879444961,0.377292647090681,0.23227162170869,0.235639869549904,0.451446861481464,0.246408656731346,0.372139333656801,0.577933089781279,0.179922240732372,0.192560679984044,0.409826014913007,0.109768256146842,0.307733269924885,0.406224880499463
"80","REBOUND_6XT",2,2122260,2,23,0.332359662870646,0.429029675843401,0.577309863339275,0.202150637933433,0.352593646897884,0.450305031383278,0.191781021686985,0.3909007484488,0.470494784431591,0.364246453590757,0.464138372837924,0.593550137543807,0.124611429963936,0.424363181747148,0.375687607438662,0.15761613043753,0.263107892279719,0.402064597768932,0.225085532883475,0.405341210720096,0.476377869925263,0.195219052467576,0.295798707900015,0.494935203143161,0.21143242600663,0.374031481481481,0.507918409586057,0.193275640419368,0.460583029672046,0.498627203093627,0.231027792653415,0.364476895195849,0.482701219738257,0.234923871139889,0.35958355973248,0.489235922445156,0.202359568749156,0.367847934280746,0.411570099265728,0.24185977700967,0.307421683456542,0.448748776708109,0.240354223588234,0.4870512380893,0.451196005694276,0.178130557566917,0.37118854275717,0.439260956908016,0.201928956779383,0.425789766431478,0.479734766365782,0.236965223255904,0.414884092038375,0.44455863241983,0.272455654770397,0.431930937813291,0.432575126692774,0.220721884619679,0.380849460007675,0.381226815050344,0.218667827556582,0.282379490341671,0.377351849234999,0.124952327590672,0.25629210976426,0.367883790684415,0.132925346737178,0.289045119575093,0.384776428281067,0.227717452710862,0.241295510654598,0.454444628632513,0.238817290068232,0.376648138634396,0.565139471606207,0.172860613558505,0.203293149358509,0.401365892035827,0.0956610934361931,0.297937364662562,0.384520713054515
"81","SW4602Z",2,2122270,2,22,0.323912822703147,0.421627088735622,0.555203950978599,0.20423777790578,0.336559628922563,0.432844794442456,0.195123210026121,0.415224863473015,0.479094236358782,0.367127246144567,0.501926115737775,0.598033940033412,0.14871416163144,0.397501901170849,0.375644159750485,0.159864948037777,0.255196103358709,0.424150476361407,0.159909743895813,0.328696389949945,0.397719478582569,0.127749424211941,0.275588843628789,0.414232111310645,0.1790749132202,0.343927911076711,0.475691326969384,0.165428599145128,0.428824393193401,0.478487998234046,0.218286540291904,0.364571655606383,0.480876017438739,0.247628489359999,0.390456577202668,0.51397369074212,0.205480390157959,0.357019165442164,0.441121170466575,0.253506646008601,0.329188378838648,0.433781379131683,0.250889497460889,0.510937044501058,0.46562784389774,0.118113738310652,0.320363902082572,0.390951650225307,0.17187090480212,0.379152401119694,0.447050907387739,0.219880036028231,0.42690951270376,0.436059181381804,0.264552176442192,0.422261681085211,0.42110452698688,0.209768788126896,0.361918343488654,0.372458042490863,0.23638069441003,0.307665429132998,0.374286277079078,0.140650770476991,0.282798311064839,0.404416102724276,0.0575971544886456,0.261725011054659,0.312994544669106,0.195348000677912,0.197944663501516,0.380872964780988,0.199159930501556,0.355888893645765,0.532457354606083,0.188698175130305,0.193118731518715,0.405610288836187,0.114130244433051,0.310602191225029,0.400767576200102
"82","NY1615",2,2122280,2,21,0.282503865564944,0.34403252883645,0.530607899725547,0.171503268733909,0.284532754620316,0.428207984630241,0.177818274057555,0.350012080263371,0.45976423527731,0.32820439940457,0.391408222481818,0.554612302320031,0.14004111003798,0.410018688707782,0.393138784905327,0.143572922462681,0.238398692810458,0.382724212492014,0.114400922562584,0.288044108473084,0.387801059288344,0.0916994128173079,0.333030052666116,0.419160402152885,0.14278572659045,0.286137254901961,0.462346187363834,0.146053707545508,0.374792383913918,0.465332000641666,0.202007982270538,0.318338017161547,0.471861380096674,0.207159567799776,0.325384021400403,0.511955452598292,0.193741989849971,0.311593282752928,0.440539453773954,0.224088984637957,0.265959484986355,0.417802440169906,0.240431111317661,0.487560917318703,0.466805906252273,0.0602303606195022,0.274062111801242,0.356744367312142,0.114478641347964,0.284755490174089,0.422436984213894,0.173153633801944,0.304130795734838,0.408750587851391,0.257772781611439,0.407499363381716,0.435675145479067,0.215843935644059,0.35386952421622,0.40113385644639,0.222670527634062,0.293956639218256,0.403241139216114,0.135516773166603,0.290846533303587,0.409527279938524,0.0279911131361308,0.278805638067276,0.321734160616869,0.170612509165112,0.191677454043054,0.380911175994174,0.191266180109885,0.337130033964095,0.52746085090999,0.184142362760252,0.211393135999598,0.426026302591865,0.100321204304965,0.277578894741976,0.433491732513901
"83","GUARDSMAN_II",2,2122290,2,20,0.308688004947792,0.380057460694716,0.557583774250441,0.202097043149492,0.332518742791234,0.476230876055628,0.182754440904241,0.382651931446531,0.483167000862276,0.341375278891731,0.411475325424287,0.583299864063272,0.125891160390044,0.439731422123716,0.374980735147892,0.139093808547219,0.343033183270766,0.412490589930353,0.142912593237708,0.303788550293111,0.411956816677098,0.116565215330732,0.320536891847829,0.432977189883151,0.164971701294098,0.315194662309368,0.485981154684096,0.154706102437191,0.393306065789148,0.492144964180362,0.202538885579564,0.326896693527924,0.477326736138454,0.205373746163556,0.31610240173159,0.51381001254419,0.191686097976128,0.364633926965282,0.420322106176523,0.265538664313189,0.349380026358966,0.459357329509835,0.246042329127774,0.488309061181033,0.459685412626589,0.0944675749624879,0.251029107295092,0.321941785409816,0.155835992109026,0.279494774247032,0.449726123487412,0.199634155920318,0.370451264206123,0.4384219943484,0.291005247000856,0.428325498913734,0.452676205617382,0.26222172136511,0.425054643130887,0.433719758637709,0.234633908130219,0.319101737186103,0.415803663570691,0.158618790382375,0.342536680355525,0.418792777681377,0.0645638166909164,0.248837890911222,0.313959071638014,0.210162731124891,0.182937439338823,0.409870195164313,0.236389907680882,0.35754143239052,0.574314415237225,0.224917878516819,0.218151174049867,0.450389615105301,0.145747959262297,0.32801189113744,0.449659857737118
"84","SW4412Y",2,2122300,2,19,0.329397145970126,0.403878420054891,0.579889346310915,0.208305855139577,0.31655662941309,0.449964536186347,0.200701312098211,0.400344886266947,0.475180248034068,0.35720147601476,0.443209283713485,0.581497599039616,0.108780542954789,0.437159216549431,0.363145386742261,0.129065111527087,0.406900461939162,0.402457983193277,0.183925005647502,0.341469059239416,0.444012452142429,0.147514890462827,0.289782054663377,0.467423314045577,0.183385329337635,0.331241185070519,0.476608509631923,0.171046724638613,0.424581443196748,0.479594457251927,0.237308192481455,0.379950003479415,0.479066660243131,0.221117526589021,0.334276942616481,0.511195186251031,0.199513299832496,0.319007441816372,0.435111363911667,0.26303729412225,0.346243595976216,0.452834806310742,0.241548358945487,0.488231657262799,0.454952357201492,0.131749258700907,0.306539033004506,0.383932773109244,0.202518137350622,0.352632408782141,0.464415947303648,0.221789423185843,0.418801838474181,0.448139548216948,0.296943602502261,0.472567601979367,0.474877780760134,0.26981207986705,0.456991250275774,0.451731863143123,0.246525453099835,0.333504901960784,0.423567251461988,0.177036674412979,0.336683770853474,0.429857960883468,0.0715093361561205,0.277983834074346,0.356175890776145,0.216863640589794,0.225186789373641,0.415097340183845,0.244805502472647,0.370130029207219,0.554722745478589,0.230765704445592,0.259390837399122,0.445136702568351,0.147197149026399,0.333529977603727,0.430575750329921
"85","FSG_415BR",2,2122310,2,18,0.316123003134516,0.38827254807647,0.581201958898037,0.181789594520523,0.290975463372764,0.434659913897159,0.191082286199728,0.370173849746334,0.490705535401775,0.352154767573622,0.446323246787504,0.595117760108528,0.100323701230282,0.452209329582747,0.377989322780214,0.12516754372359,0.420414990303266,0.401803991365171,0.139227104419861,0.305687227224982,0.40676174522949,0.102822809399827,0.312627081112912,0.434331196861966,0.158334308456828,0.30267908496732,0.475023747276689,0.14876371915353,0.390929327483206,0.483369276914306,0.197123967694233,0.31887134595025,0.478129292770209,0.197368206172425,0.311997738617247,0.512478512267542,0.171313711365389,0.281311704390337,0.424200819021618,0.254384841776983,0.351092163926389,0.432047750229568,0.228484491973323,0.477904102817598,0.458390052853721,0.0971416102787567,0.276513213981245,0.363113573931988,0.201629627989333,0.318807236989055,0.477038195220013,0.199921708518609,0.412115583075335,0.458232345569807,0.27471909894449,0.471865601277366,0.466144066144066,0.250898847969367,0.442772436662868,0.44307129649215,0.206484337788266,0.301395338837289,0.406834795321637,0.156813006787586,0.323339984961536,0.427262035591031,0.0587293663471778,0.27254226575273,0.335669020321458,0.19757507974014,0.213846167489714,0.408910336566175,0.22614602473221,0.362365856094985,0.557951237263464,0.23152703651604,0.267500076713001,0.467743471723588,0.14588261138954,0.31027460735538,0.455906009169837
"86","LANDER",2,2122320,2,17,0.282261076672869,0.343296173688331,0.556661149308208,0.154665534151522,0.277307633668748,0.415953661721619,0.149821622680566,0.280284473886878,0.472591274952804,0.323557266451098,0.369885066134077,0.588431246938237,0.0996210075688545,0.444989238976326,0.35787832733232,0.131362283335968,0.435445177308147,0.43441991594502,0.116485504844298,0.299099482587795,0.400473744082786,0.0819775825918641,0.324074382296974,0.42467249694616,0.12465485448145,0.280238453159041,0.45871220043573,0.131564021759214,0.344072360221622,0.467857698145337,0.160269640716115,0.28066576466293,0.459935571161652,0.185983125647629,0.289391103687455,0.5076930989068,0.176764208632312,0.332665100578818,0.426643598615917,0.262436423141196,0.382147822156266,0.459319482468934,0.243893715944712,0.510314684432332,0.478071012188659,0.0855054246359724,0.271390980634678,0.358580765639589,0.180091148424031,0.285515879560302,0.465130495396544,0.16477744075873,0.366485272523106,0.423516455040166,0.249599002288262,0.429486744192627,0.446084561770836,0.234232895520104,0.396985018343261,0.4289652945043,0.177948606909674,0.315994159183656,0.361593206839407,0.142078436450668,0.309116779455145,0.400224089635854,0.067438974282274,0.246918266884319,0.323305642527369,0.16747569440582,0.189928784099139,0.369495587564711,0.185998727196773,0.331692567856837,0.523454847732397,0.193241904953885,0.206249207780923,0.421358777419965,0.0907553184426258,0.272242432207314,0.411807417601974
"87","SW5606",2,2122330,2,16,0.333622037332966,0.426830277565572,0.578595124918654,0.203684080026924,0.317083697914595,0.44686170106988,0.194796555709514,0.357351636231994,0.493067293040016,0.366175740812254,0.477679717626961,0.602291140671515,0.107685527915917,0.434212688601248,0.343879023200518,0.148454467799076,0.427226645043983,0.443040321391715,0.224229702591223,0.395237750675644,0.465624468620095,0.193093624299927,0.293007787474275,0.487652678550179,0.208016454508683,0.388714955280358,0.511643661850705,0.192469327131363,0.449454213403423,0.496054492281494,0.220644588096749,0.385239357004063,0.479795303324715,0.211922036886975,0.331264995449657,0.508122865978413,0.174004921314606,0.298234609449474,0.409105033364407,0.273430074869113,0.383130357461908,0.447611865258924,0.229623286856664,0.483271487993654,0.450617670544396,0.176409510491505,0.343046794475366,0.437179962894249,0.246866413043015,0.400668034400033,0.503068164576585,0.213833970732455,0.464661212502622,0.451350584286578,0.262027466624004,0.463615028320911,0.452193522781758,0.22729521096557,0.376397192270738,0.423525408348457,0.213999975745018,0.303182045912927,0.364041296798256,0.15445726639881,0.291992265932922,0.411402295431447,0.103566007206663,0.252817440747664,0.323968157484609,0.203342149765067,0.235011802258523,0.421675250127411,0.247233637828795,0.376056621095794,0.570789094385935,0.20305357557427,0.231326898830486,0.432158022114981,0.123024885332803,0.282089978139144,0.42320341547734
"88","VERNAL",2,2122340,2,15,0.262518469359237,0.315087076230407,0.497514498757249,0.155822295934603,0.259907107507846,0.403213516938923,0.170078232020946,0.324534594859842,0.456861126445712,0.325933529033664,0.370010174473377,0.564392860283127,0.11049352414273,0.444709334977873,0.379850299180172,0.131237478353085,0.326051684340148,0.422187074677316,0.0671223946370614,0.297532807433696,0.385617686899705,0.0346740668349763,0.369081122645136,0.401708203758048,0.105822491244286,0.235721459694989,0.413444226579521,0.123418825306777,0.328601037268398,0.464918927256252,0.149401814046138,0.289129721500381,0.453109824920597,0.165952432826596,0.28378147320813,0.493551841739978,0.181352272977736,0.341394453086145,0.436033247621769,0.271234691991833,0.376732774058977,0.430613415105394,0.246877574580794,0.507128977717213,0.471099502864209,0.0418994267983486,0.283585434173669,0.326732389925667,0.154665460802161,0.268356392567947,0.416909248958374,0.147647506609447,0.302480492931387,0.384320923670496,0.24822994576707,0.42097697391815,0.442205383381854,0.251729243417901,0.381300563375797,0.452869986876551,0.180256322906946,0.320995872033024,0.376296869625043,0.144505617334976,0.320758864017583,0.431666088264214,0.0288490579090254,0.284808158656977,0.369608926302698,0.155127380111252,0.168521304078811,0.317113459167893,0.156099049193678,0.321945015269572,0.470760315285746,0.181352032090018,0.176119917763663,0.388779895056614,0.064880389638763,0.31294622260669,0.373781598423683
"89","SW5210",2,2122350,2,14,0.342234926575442,0.407715577813617,0.579840067340067,0.216374136001111,0.322022199684471,0.449293623805168,0.213079623871118,0.380891655932446,0.475461992439741,0.367184978547293,0.459899762595621,0.584017284043662,0.0957875854923857,0.447522656431451,0.384371988535922,0.124795041714962,0.261524030664898,0.415496830311072,0.173477743182395,0.34468680393001,0.432888933911716,0.139671168129138,0.287830936085202,0.449694023612566,0.192424156860301,0.343723202614379,0.479337037037037,0.186492742260503,0.431580278128951,0.492082992489031,0.222599567652381,0.395663470957589,0.472633060868355,0.20993888401339,0.311733177704883,0.501661602033903,0.192939202668003,0.302820016295779,0.418324815085235,0.276176876610817,0.387143753453914,0.438655996410007,0.260130484814476,0.516502006711655,0.466753302332378,0.152315468118084,0.31404076782228,0.380035165581384,0.239871957710309,0.374987627394045,0.481666644768249,0.227267470958443,0.438415646960539,0.453332350484053,0.297654939337207,0.477275136098666,0.47411154469978,0.278782505118891,0.40754609696796,0.465443024443277,0.246529330217088,0.334151616787066,0.410281217750258,0.176467458096685,0.334466671624402,0.432629334919809,0.0904076957061733,0.276763807492192,0.361704367195634,0.232026694344608,0.224729057947051,0.419972818415725,0.259320473776208,0.390244241801524,0.548752747095927,0.236168038125146,0.253408205222621,0.444890239037712,0.14392890652424,0.280397815252951,0.427049660587852
"90","55V50",2,2122360,2,13,0.327023685872168,0.396441657471069,0.58729769685652,0.187586320165351,0.290350061023041,0.425846610874172,0.198231756844266,0.358090535484267,0.469744917431693,0.361650760402922,0.443520908363345,0.59499449779912,0.1108727080387,0.438965233732676,0.347835168833801,0.130823251381759,0.269834931175623,0.422304856343758,0.157227145279617,0.324035325920761,0.414668085574841,0.131479064870196,0.288124431207082,0.434770463161686,0.175172167304635,0.329269865841073,0.474861971104231,0.173423023058346,0.415308184947988,0.476307950492972,0.210432521993082,0.383862938384554,0.468779932564483,0.19452426387646,0.296856797229098,0.488557954827501,0.195909813856073,0.318873396875008,0.424762261345662,0.285499969214372,0.424815410376908,0.476727372449298,0.260578303681406,0.51080576374694,0.473449920508744,0.118939770670785,0.313186037700104,0.393186037700104,0.225778525870126,0.360636105961954,0.473047076854741,0.218185099011004,0.431599051759715,0.449294578330598,0.287448878545894,0.47276443747032,0.471344836050718,0.254079614785294,0.369581800937519,0.449600724177851,0.219744769816183,0.334293515651875,0.393252923976608,0.159686243886812,0.323773304798812,0.405670754043997,0.0779696565991206,0.272212179517019,0.337219730941704,0.22040578916531,0.249804602160198,0.421671941251336,0.244398589434216,0.394365361379875,0.53404638905538,0.237589502491053,0.281890159365052,0.451842311203861,0.1350003948286,0.263432622870726,0.428630237585461
"91","N-R-GEE",2,2122370,2,12,0.298180165961212,0.33075774080676,0.549887177093059,0.164738445691185,0.277146389319758,0.410760864521603,0.171435937657338,0.299610789786073,0.475289992338713,0.335715396490912,0.365740915200161,0.581193051211516,0.110186759660622,0.431226008697219,0.351165465897358,0.124218175253214,0.278793306796403,0.409276254361394,0.13682560409518,0.285393434965135,0.402926401244382,0.111129643683691,0.334117860773579,0.423741183659175,0.155315426693026,0.283527559912854,0.475691176470588,0.155141372776313,0.356685546465282,0.482835671713619,0.18684181852096,0.330381143670904,0.474635201650452,0.179701004572511,0.288617706810807,0.483870181921808,0.184735028616054,0.31703490894469,0.422078664169391,0.160465130345892,0.296889099267371,0.419344727886805,0.237934397306231,0.48947950753365,0.456656593965774,0.1269718358432,0.274795274631592,0.379053464864207,0.212573249488603,0.313582120074676,0.472840377599958,0.19436858676922,0.405352484606177,0.444447241451647,0.246979457866357,0.443470182685869,0.450218808061945,0.213381723592494,0.323766179711648,0.420164623093176,0.181009896645866,0.31370151030493,0.353075635145956,0.106835374052946,0.274976822587442,0.382741131850971,0.0542816008882637,0.275832412642707,0.32477849266697,0.203690327961018,0.248081462407124,0.426508274992624,0.225416918593381,0.360950209778234,0.541832443797509,0.229154306509809,0.290152846998079,0.463533306267762,0.12913594856951,0.269484684421032,0.449801482782168
"92","WL_358LH",2,2122380,2,11,0.305334914138058,0.369215969215969,0.543361250223995,0.16573205722843,0.259197142345782,0.388656551193838,0.177373291062136,0.327980790856489,0.46803613172763,0.351072967204889,0.437842464867772,0.583081705380649,0.11908018606528,0.439192679557228,0.348099112484714,0.140288951355295,0.272783087300519,0.417344565591301,0.171668099844009,0.342399178011816,0.433009430846574,0.134550560629934,0.29626667445335,0.443833968434731,0.172181949763642,0.325163725490196,0.47690522875817,0.1817287156618,0.399131404774299,0.487328028556555,0.210342530503944,0.36289156626506,0.466823443506647,0.206461648414016,0.325654321484552,0.497685474007142,0.221031920757642,0.373267515316974,0.446190597123901,0.182618808708809,0.340052935774861,0.450473887372283,0.248654101416733,0.506033260150907,0.463601080071668,0.142966985843068,0.332160272804774,0.383684325904275,0.202384256072313,0.345277471760264,0.449235322703714,0.206271755317153,0.445128271572946,0.429503901413723,0.255845045321767,0.445531398472575,0.433398256927669,0.204635286532151,0.323687324294509,0.397027685847479,0.187965801717849,0.310820497668384,0.351348654770928,0.117346574497777,0.277414348236837,0.38504733260069,0.0989914422517213,0.276232801562817,0.348524282657757,0.218405521860769,0.236761412366949,0.411423659001514,0.227214391134719,0.388490381596598,0.518696901370932,0.2119496104836,0.269799380158949,0.428925097425512,0.10854108382665,0.295562301005672,0.394128172881465
"93","HI-GEST_360",2,2122390,2,10,0.30626121106719,0.339564765300059,0.54937222363693,0.154748768740291,0.283088654408412,0.417273963278882,0.163281876015459,0.291690534522096,0.476697227624412,0.351955216885071,0.401412367637638,0.593939028526209,0.0983904157851539,0.439160719486916,0.363094165473831,0.120362721267518,0.295052705292643,0.41452442380461,0.176008028584154,0.329552501239133,0.454238075081192,0.136975601411864,0.298827531706284,0.468076309767882,0.171301293078924,0.318510276917785,0.482127515479876,0.183684904989397,0.374753724498649,0.498347091048809,0.19381716701608,0.324770331829155,0.47199884376355,0.204718684295023,0.326828242986099,0.511408057349978,0.228590212958217,0.421376920362558,0.465482190727486,0.119127304817162,0.259197487004974,0.379048402577814,0.259937975357879,0.485720250304008,0.46846253007458,0.121147682445759,0.304442820606503,0.397663134819145,0.118954359271672,0.394949786928397,0.397038020032672,0.173665206491318,0.363958916900093,0.41171507199371,0.227973460485989,0.38637246872541,0.402575379045967,0.186309707736527,0.296893358897903,0.377925312335815,0.177545902377478,0.280283819140235,0.33737993996463,0.114870916900512,0.281305371706205,0.39053667484693,0.0818824710158566,0.292060015011399,0.331147632901214,0.19571043526067,0.21693070367346,0.390730155611631,0.217840802910665,0.350778819533636,0.51123371959167,0.208943895325795,0.249507625272331,0.423004115226337,0.111908879930343,0.308752677848376,0.397099618697512
"94","NY0651",2,2122400,2,9,0.322379486269645,0.346524182063398,0.550657485216309,0.165087173719245,0.283944421243819,0.419439970038049,0.160333829146311,0.283552192166404,0.461625842551132,0.346219132877786,0.352304078582105,0.589403976837372,0.116291675229532,0.439306090532596,0.363986396203475,0.133177581986881,0.274209304876286,0.409305000922311,0.145829094423312,0.307564437916135,0.433509163552253,0.117800077906331,0.327930603613995,0.447772106881969,0.15045969715324,0.297027668845316,0.475197821350762,0.170554880144108,0.34160391910068,0.488172855045102,0.18871604215692,0.308697097759229,0.477690063084582,0.200197921820881,0.310211328230688,0.511515387315834,0.238297348802416,0.407237336380856,0.481548204818895,0.15673777504595,0.283660961735828,0.422905733600921,0.260587243754236,0.493839049133167,0.470778509602039,0.092819383217408,0.279576557895886,0.359806468041762,0.0741164648095458,0.44497731805518,0.376477185020021,0.156745699656886,0.343309051471788,0.400399738945994,0.240393870602645,0.408764914647268,0.428280992986875,0.217650575018923,0.328208592333813,0.421717147594451,0.1846915502303,0.323062435500516,0.378246044031648,0.129237929613505,0.305121753716236,0.426660979042551,0.0692534661613988,0.273245558703107,0.296623582168293,0.188844304555987,0.19942665164561,0.400895630482015,0.212706466506969,0.352931649318809,0.518795261508257,0.218056689365835,0.260873654605342,0.455215602995828,0.119174759912016,0.272839844893181,0.439344088381621
"95","REGEN",2,2122410,2,8,0.339021275762261,0.369782091240252,0.566292107965679,0.173333163611579,0.285543938670803,0.434385647430034,0.170406659900736,0.299415974204194,0.472770355029088,0.344217535830292,0.364899825401012,0.583309844117019,0.080826522962977,0.447523225874799,0.363523170602514,0.115168945298188,0.309241363211951,0.406444911297852,0.124114700836439,0.284693623620126,0.409418139246946,0.101893154342448,0.340541349190968,0.429052772487528,0.146541410636364,0.285849350705194,0.470590707774338,0.179803225806452,0.340676916875414,0.498985056577697,0.198490443268466,0.319879451644158,0.48295696766285,0.206641353722077,0.323380491437081,0.510675381263617,0.251861714735629,0.421446409108706,0.475614530755637,0.167846520792285,0.28127718983334,0.436494106012823,0.267652745400614,0.504460692980945,0.475806207497638,0.0956992502693728,0.285706269039602,0.331363589206726,0.112302779745795,0.414386268132912,0.396733711988777,0.177687660044211,0.376809862466768,0.435411687925293,0.256324818292574,0.439395545277898,0.454893243128537,0.217646029735386,0.320509653809326,0.424795358347492,0.201213247644245,0.353493722050224,0.407578259373925,0.130348088095942,0.311633821670261,0.414088396420515,0.0494636734176949,0.307130924118526,0.320088768593809,0.194316082127072,0.195767951503447,0.393344867358708,0.223282676947322,0.361179372282635,0.53037848084406,0.223245179121482,0.269995731967563,0.462707745101101,0.123511317316463,0.271414920376858,0.444826833754169
"96","SW4107",2,2122420,2,7,0.354076566360556,0.374284629676786,0.587728475228475,0.166617933819803,0.295007510528151,0.443979171696038,0.169394938721153,0.299094577003551,0.471365529180042,0.3556104627993,0.4175,0.605357643057223,0.0735718730628939,0.442832992329835,0.370872679344842,0.116712954376707,0.307853108189627,0.403665938788432,0.163567797353071,0.32894626083412,0.451383065065623,0.141149692879598,0.303162561624302,0.46271687131045,0.16769141633263,0.314399673202614,0.481819281045752,0.206289585455985,0.38496368458888,0.496334746287896,0.231063658193417,0.36139509911303,0.490603053926938,0.232878798077258,0.320459551137139,0.509882630210255,0.241642012114303,0.386661610655543,0.453373044087364,0.159228032981747,0.279440336378135,0.424867589489036,0.252516647902135,0.463557170615994,0.448670351023292,0.13003463387588,0.310324372173112,0.377403810008852,0.164948595754949,0.36888138089916,0.450564597972843,0.197595204553839,0.379955823739187,0.432672663779168,0.263043694700348,0.427649982551943,0.448201435456337,0.238587272666926,0.340087019612392,0.442666903207171,0.212580842945529,0.365281217750258,0.391845545235638,0.128807769230636,0.301605066805483,0.40654269574103,0.0737332866489215,0.286487957111746,0.34716280741191,0.19605861122143,0.228100413877411,0.414908045812348,0.237297056045112,0.395751990752633,0.535491528003729,0.223398546947657,0.2750367949649,0.45758992979908,0.12492580177328,0.294042080170263,0.437723939918848
"97","PERSIST_III",2,2122430,2,6,0.363515196868465,0.371469008478812,0.590504484622132,0.154976973880933,0.273325163398693,0.431303278579857,0.167678782753394,0.306085924279544,0.478053612170502,0.359095064556535,0.472071828731493,0.640834333733493,0.0713886088093406,0.438068070416422,0.3467914696079,0.0982764416141377,0.343945034154013,0.408602142611431,0.146424425684386,0.310453683656869,0.429120276931733,0.117787307777773,0.301116611027973,0.440586957862736,0.15950106940304,0.305209477124183,0.484830283224401,0.195365717500046,0.351044842715847,0.514409657668377,0.212771196193986,0.315850709096896,0.491994608988073,0.221709243688567,0.33484758026828,0.515032232530371,0.273219375568054,0.448606393447827,0.507061151497836,0.130091853522828,0.235937324707378,0.378819041920646,0.279818401643955,0.508862411081015,0.48112595051329,0.091161731677369,0.264486400620854,0.32566044599658,0.185531722721089,0.36747165249839,0.485332439877894,0.210113290889137,0.377166227114628,0.454465753162864,0.270234618545583,0.454035242270536,0.467097961215608,0.250685843017734,0.362683712323405,0.45803930465108,0.223122938890907,0.391106029657987,0.441092540969216,0.136133458569853,0.341750080563199,0.45237946506036,0.0629092505715503,0.280311492895072,0.326708438623386,0.187041666744834,0.206589584963287,0.403706616336374,0.240536062071441,0.384203722731208,0.547920055940863,0.227439779282202,0.268313848230998,0.470332811684924,0.124171003288774,0.307231123792801,0.441421690566774
"98","LIGHTNING_BOLT",2,2122440,2,5,0.34631713498317,0.320057130596346,0.55044256759943,0.131902330191327,0.274261269145141,0.403289711917599,0.146515281593285,0.279241605567546,0.447813697427969,0.348432019932302,0.43532778133675,0.643831631307231,0.0771747978149867,0.44745435773292,0.353536064446008,0.095847117241748,0.402494478594896,0.424772164141527,0.156625026437338,0.325399067075901,0.42842668919511,0.124337277013821,0.298176845322393,0.439408504032042,0.146033443460307,0.298318928448572,0.472388738390093,0.192894564562426,0.316192944138008,0.500652772122065,0.212892466166069,0.32166226402938,0.490668556579258,0.227339670149357,0.329193899782135,0.522641864997288,0.268438070507145,0.437404632657164,0.507275959493349,0.136852204136415,0.278523615422011,0.41192716968118,0.266087575154027,0.482024377318495,0.462303984656926,0.100438317531222,0.301484350261844,0.369240287419316,0.200774795934148,0.407832582399339,0.500581616520108,0.21905660735596,0.375997235898765,0.45807969002579,0.25361511788869,0.43570476511653,0.45451792510616,0.241905840774797,0.347248283375524,0.465910646824557,0.225779238560371,0.373674789854793,0.42202852750622,0.135110396988497,0.30190327458417,0.427718202325178,0.0532957328099389,0.297049584765342,0.328198237116384,0.148905142840401,0.238626293974723,0.370610286460992,0.227939078783554,0.381702557296572,0.539854772573755,0.218703773509872,0.275792907962973,0.471412939180232,0.111544049203853,0.310009935646459,0.432365505236445
"99","SEEDWAY_9558",2,2122450,2,4,0.344635692243186,0.294837968857577,0.526727003932886,0.151103082206178,0.288269763618767,0.432902961725596,0.149799237427872,0.283619961217102,0.458116865518306,0.354539718231216,0.435191619248596,0.644478778058308,0.079381573545441,0.442778100778488,0.366879847135664,0.0798623183176579,0.440670917489803,0.4146851196619,0.124478109324146,0.311323254192507,0.4115956600981,0.0883245117580242,0.341227276414294,0.422761495789576,0.128632294852192,0.273677777777778,0.452324618736383,0.17530873037895,0.251263218943965,0.509309344883328,0.189747371974171,0.278900290664997,0.482457216574864,0.216890322746517,0.309069605718898,0.520385761785613,0.275958157251301,0.456457210872531,0.51295181516066,0.130231762110146,0.274067702944708,0.416520615451097,0.295313287418109,0.499924846169503,0.486410204220096,0.0556399199434369,0.324178297405919,0.320039946413348,0.183178457901485,0.388352277100141,0.498993990329114,0.191913115484018,0.321655485493267,0.439148983137063,0.237810511028021,0.434845387786564,0.458150893445011,0.23881253123674,0.362800833287649,0.458489574767465,0.220109399545856,0.36810503192323,0.420054040397552,0.124556304270896,0.311017602714636,0.426940540227891,0.0207700884939491,0.321983416099916,0.317893893113234,0.0984232879641946,0.287308012124138,0.295882621174325,0.200820215332384,0.346017305515122,0.513817178982219,0.211525812188298,0.249670666492761,0.460020458047718,0.098148569852622,0.335004687945864,0.420355602445155
"100","ONEIDA_ULTRA",2,2122460,2,3,0.383167528363753,0.347775019098549,0.582902083392279,0.172992572022378,0.281347028331278,0.461394573042199,0.17111261516446,0.305048989844875,0.472528440641587,0.385974418113742,0.461797032186655,0.656632064590542,0.0782879091703113,0.446287084248781,0.376273220117269,0.0670649699892615,0.460042226908562,0.416663176839513,0.113887788805417,0.308717826265754,0.393905034798223,0.0770224695869357,0.339577961738182,0.396542712393967,0.11499520298849,0.26822788671024,0.438254901960784,0.172179516225059,0.236639647009246,0.51344537815126,0.199668028848487,0.294643716478113,0.476767199517022,0.235623663978669,0.330201087163113,0.526211095682429,0.282761433305161,0.450309898771852,0.50931222641962,0.109707992713548,0.234975838184394,0.381369432706331,0.298240235452817,0.499555858379388,0.479940444646327,0.0644446396823721,0.308518518518519,0.328705124561902,0.196773187488507,0.411056650988308,0.489703518505081,0.19168865753492,0.33107121262602,0.422581226323128,0.247557548700333,0.449598223127635,0.457618198794669,0.251275047407803,0.405770678530083,0.459117840385197,0.228725405083954,0.396626676986584,0.415268317853457,0.135706823339429,0.318208274460227,0.410820753079993,0.0262775790738145,0.319430204004654,0.316643665329913,0.0700568427449924,0.344248043382991,0.266916704978989,0.200864248048914,0.349256738114945,0.492001550741597,0.195576702273043,0.239664917610237,0.44313197704747,0.0816688026806895,0.350216320358989,0.394911350112184
"101","SW315_LH",2,2122470,2,2,0.422483215906095,0.416548420715087,0.61275016740703,0.208918548984883,0.308254036908881,0.491618719991417,0.212043225175847,0.391907189962667,0.493959658223088,0.423733590255921,0.540210774892917,0.672529173104219,0.072645295274084,0.44311851532585,0.363919274449042,0.0583292221766153,0.460226055334414,0.437685758513932,0.10781560433596,0.29407813780534,0.359819700806087,0.068013472023321,0.343768247718716,0.366576372182305,0.122316147910497,0.272334128826969,0.43015200378397,0.179492231739365,0.238474009072656,0.523141716863737,0.206049351081031,0.325540513775808,0.478330737154267,0.251879527870622,0.36387808756883,0.538258275649688,0.286701276146894,0.425535697279451,0.503703057045808,0.168633171106962,0.320820646657967,0.467935760646146,0.309934307468935,0.488932554656145,0.478861941369574,0.05309390486418,0.391592741444404,0.284220679576178,0.203204948182447,0.409773701752311,0.487737762069313,0.190912555719423,0.332530673087949,0.402285192829568,0.246956393077268,0.429366111719053,0.451007921596157,0.2530686786391,0.422038296817393,0.456247512344458,0.239372641653754,0.384210096319229,0.396459838321293,0.145240070765738,0.288814660574161,0.397705670272042,0.0165315771147272,0.312622063188049,0.311456194878029,0.0460081870297186,0.371876664940756,0.228061802600872,0.186783691899191,0.3506505028018,0.450313002445034,0.216130519222181,0.219695234588358,0.430276350915953,0.0984038305087692,0.324250826094549,0.375551860363098
"102","ALFABAR",2,2122480,2,1,0.439098118956997,0.432547154585266,0.646110889938562,0.207579142772329,0.304768863993979,0.506340717031303,0.199120173973328,0.346805158007344,0.49836006047835,0.428264580115116,0.494451280512205,0.669431272509004,0.0288837250456878,0.471766224552361,0.420103110893511,0.0245312127613144,0.48129919526339,0.459095584722183,0.1426228078883,0.301184622935834,0.397823226713651,0.11252782717916,0.325030489733744,0.406150312197353,0.133927757709985,0.279238562091503,0.471160348583878,0.187321021022203,0.226915049205523,0.53464019236013,0.194605537829603,0.296708402236397,0.493929968238969,0.268087409582406,0.359527658708597,0.554547995501086,0.296018280406248,0.426882179140794,0.505710659230117,0.207371151582797,0.348668918722395,0.493848397591713,0.32577672242815,0.479147749597577,0.483825747493568,0.0980977325871259,0.323194738765071,0.319609304591402,0.229998471344465,0.432103080231423,0.527483390050235,0.200329064303516,0.346063688633348,0.428727701606959,0.274909869946751,0.451010674540086,0.477223288987995,0.277570877632534,0.436235730807809,0.469068917440541,0.252425561550349,0.379705022359821,0.418151874785002,0.166390585268865,0.306209067697876,0.411810812820704,0.0212745747954368,0.338634459323165,0.320890033671079,0.0422736735022649,0.386919904393953,0.257089123871131,0.217047660381984,0.365456517395896,0.492879551141175,0.216585263102463,0.265205928380742,0.470386572156249,0.1085015947072,0.280490683835723,0.410282411472052
"103","GUARDSMAN_II",3,2123010,3,51,0.333179236828811,0.407171151288798,0.622651467994605,0.216687684318792,0.371412934680295,0.539750957854406,0.238135604519262,0.441011923895241,0.511592846003003,0.390811400215724,0.491992815063245,0.651796862242655,0.0344368197081115,0.319225158278435,0.323054051184029,0.102760733867008,0.462674678312718,0.395713869071656,0.155903951597276,0.315197616041312,0.371139724725612,0.0676306428114428,0.329399136106671,0.378421706813469,0.220664057750929,0.328050980392157,0.543426688453159,0.151801483817272,0.241016831511366,0.525119357477504,0.196486376719465,0.324914433149727,0.511806565924213,0.23052078376635,0.420737491027886,0.582275350555321,-0.213233571911997,0.404585039628372,0.456793435129044,-0.0203002675460119,0.363827801881542,0.296201950232451,0.0121550006359436,0.386906979986565,0.387541731624777,0.174185038664537,0.397106320789185,0.574174156619169,0.273226964274993,0.441453658453377,0.578854830318382,0.235472992729187,0.381372071245652,0.439159786721706,0.150003576116183,0.263019933608169,0.351393104334281,0.164877572898694,0.227576073928005,0.376920470078763,0.134283044306371,0.254907980736154,0.263176384588923,0.0873156406088615,0.14183440337787,0.276479264272081,0.147000497181379,0.149731311254599,0.353501746444987,0.203528443323239,0.138346870353791,0.254751131221719,0.0592088626832748,0.31469470369419,0.290626694637098,0.105446826989441,0.199868544600939,0.273961766240142,-0.00182767643984636,0.322909240029521,0.367962072966463
"104","SW5606",3,2123020,3,50,0.328975860212013,0.437062383876109,0.603012147619991,0.235623140838597,0.403320810198224,0.545589408814141,0.255225343685994,0.470904801221892,0.501283449198816,0.392355860769971,0.53080755172024,0.641760560726533,0.0418790196906679,0.245251874099578,0.29017745242845,0.124094477864552,0.393680033416876,0.412607867708487,0.212424895836354,0.356598637979086,0.430019211079474,0.120613996671148,0.308539266786387,0.433473980309423,0.244842254586106,0.408483294633643,0.562667376160991,0.157381535782127,0.291371061699016,0.505673136511242,0.242982936380854,0.425926800885459,0.514304275927238,0.232055329086132,0.434589503874686,0.572763667117105,-0.217773954842271,0.422432092102896,0.490145815476757,-0.0302097591956463,0.365883966755427,0.32675807476098,0.0345016683469655,0.308617267786818,0.425486559223583,0.19467874404825,0.414851297040555,0.57411910851297,0.263917675066648,0.462030886146092,0.566435119522745,0.240423520200484,0.386521167448869,0.449635292198132,0.143192094963306,0.27693331222743,0.336661183720007,0.141818116800038,0.220802372683211,0.319301022810238,0.119277514202233,0.246153250773994,0.238414172686618,0.101706927684386,0.131194566322104,0.247732579757567,0.138740228313497,0.142688696977459,0.304794217680573,0.20676414551733,0.142385017187476,0.249189811261804,0.0672074301566041,0.288921949177536,0.254876511497369,0.115218820676056,0.161014040183975,0.263247155652384,0.00825768041724811,0.280498853770364,0.319345429714174
"105","VERNAL",3,2123030,3,49,0.29389297590833,0.438844089824482,0.596656339303398,0.193399844591306,0.354378703814183,0.523844857415583,0.212105091098851,0.416591493913898,0.506323780271064,0.368872684921927,0.477974149300976,0.639106153672231,0.0441187391201059,0.237034509068513,0.284126770727044,0.121715763450519,0.422931903501294,0.382258715843317,0.122443699302771,0.332003596198305,0.353331009259599,0.033117391436953,0.370095962782547,0.343840133591151,0.184154333868565,0.321565468409586,0.538728322440087,0.112064848671748,0.248768123989684,0.477159392391318,0.178907884508854,0.30277143453614,0.49956501956502,0.181319243610786,0.391663592110353,0.562466710940278,-0.22675921399392,0.397183907137929,0.516111822112675,-0.0733846128862883,0.409494607170715,0.333647406414291,-0.0495285580919327,0.397143617628047,0.334737188993244,0.18134099669041,0.407799090650753,0.528658236241357,0.239932192250341,0.450060360580253,0.54860357061968,0.218356683879585,0.35649304655783,0.420908945075828,0.154970499432558,0.299679804581765,0.375074272133096,0.1417545344887,0.227379808547739,0.344094961033415,0.105134499711662,0.240134201747963,0.242610125509037,0.103213289254648,0.153066497001947,0.25651136560819,0.127796059388332,0.141452741491735,0.307524559183523,0.180336827100767,0.146193235160001,0.224026984254714,0.0349278886362691,0.332846467068147,0.250431805424741,0.0971459038426868,0.152604877558906,0.249470721113779,0.00203705578209089,0.344389706110514,0.308443960946156
"106","SEEDWAY_9558_SBR",3,2123040,3,48,0.284550349933579,0.403806798007295,0.561267665410167,0.205383079382204,0.341516608333665,0.50592137970807,0.210596920663753,0.392438301367906,0.493947556950563,0.375707236686334,0.494708520179372,0.627505746693296,0.045111521316814,0.229742585433688,0.259202743579369,0.115638825632472,0.415909258440218,0.398034670008354,0.126044271754804,0.359539810623297,0.360315736613011,0.0733506521910177,0.351904671523611,0.371237742056366,0.204962057539975,0.326544226579521,0.543973965141612,0.12582466184393,0.262141410651387,0.479038898966341,0.210200752711977,0.359407898975581,0.498844361402831,0.182431481391408,0.381719023565636,0.548748599679352,-0.225730638637408,0.40416018539094,0.524897093213972,-0.07106188001441,0.403572322671814,0.343944782724739,-0.0418617959845487,0.386392967361825,0.335075386805491,0.187532357267938,0.370900012178785,0.497080501765924,0.204759287170848,0.35528787269085,0.512746527342573,0.197701501407823,0.332976303590452,0.419333352528481,0.126662176266072,0.273419179301532,0.346278134513429,0.106543644612017,0.259545432835006,0.299155050026042,0.0985752698041979,0.191280740293497,0.327042894030292,0.102471974613704,0.126726655263875,0.216898936565777,0.112325064609815,0.137730220443282,0.271010160091852,0.204523061080157,0.152579598186744,0.250401679139508,0.0420611793057098,0.338080933489359,0.256155992236778,0.119904324931087,0.147549739111159,0.269516267204549,0.0283641876235121,0.353606720907759,0.319138329172931
"107","REGEN",3,2123050,3,47,0.279558478659232,0.409148322628715,0.559171311622292,0.203326868660769,0.339135551621469,0.474217932727126,0.194464092313817,0.35390197441507,0.48419471194804,0.377115260735901,0.476637154861945,0.626379051620648,0.0586379119736387,0.25154796673886,0.296492552283615,0.118250301409559,0.447708056016711,0.389940697865721,0.102766999218521,0.441819138135604,0.340713490636429,0.0733045123562449,0.36642745185468,0.371736126390907,0.196201638343803,0.312725533195734,0.550207258341933,0.114754792829008,0.252038372871272,0.463645918544409,0.181135956573654,0.347087610486303,0.488541918825143,0.179717690326319,0.378124339280954,0.549648382559775,-0.234736554796768,0.42707638910934,0.535466069860216,-0.0577990851943351,0.389196134294173,0.351662125227848,-0.0767958190198831,0.402069026705705,0.328068747861135,0.172056454141725,0.360523360859495,0.473980137509549,0.199642874593015,0.344424881858037,0.502102686059905,0.174448089288448,0.317905548184186,0.396448474126493,0.146395984828049,0.280672727731551,0.362847186376598,0.1330882181201,0.218641156369351,0.334528443250553,0.123654071702981,0.218234994369008,0.310908709410823,0.112218289909875,0.145209381687778,0.239665394181271,0.127931307544234,0.146824222637648,0.300423963697392,0.199742536293685,0.136798524858226,0.259225059400652,0.0491595375255767,0.351788228634491,0.274308706985948,0.108327499126768,0.139040910191237,0.248839385136771,0.0130134084178551,0.402640717978734,0.320254731245732
"108","VERNAL",3,2123060,3,46,0.246476422678597,0.392316017316017,0.525774316460591,0.185230009081082,0.350470641265296,0.465620732742049,0.171754270758187,0.341778344656884,0.471265206812652,0.365022748935659,0.512162865146058,0.624389255702281,0.0572227356797548,0.281910460033879,0.318298968925808,0.102739005927322,0.44797520762691,0.406207921765197,0.0226310721675828,0.49974819376056,0.306446987430189,0.0296762608000711,0.410045503433441,0.34955289834971,0.164789766487641,0.308093899782135,0.53677037037037,0.103918241730476,0.253066111400312,0.45728167373144,0.134270259575333,0.376721645942057,0.456473380151623,0.159764906377679,0.390762020397166,0.556428505944515,-0.2587786705725,0.395680270496595,0.561166147898859,-0.0646281032948235,0.391545736769908,0.35311402447052,-0.111181993360165,0.407349044546276,0.299052859087461,0.170294706024515,0.35718044793675,0.470664386966908,0.187823270532429,0.347035734782867,0.483484949435645,0.145847077342296,0.299438062057912,0.37858109469926,0.149962389890324,0.286568157156392,0.369808463926111,0.135692326646428,0.228051884249814,0.354595140457296,0.128510539444992,0.248065445476436,0.319473254213966,0.11295879157281,0.171735455244045,0.263021739669319,0.124977140355447,0.140905169502649,0.309276228851195,0.157846519000337,0.127582183291526,0.222691648989227,0.043894759897766,0.35558171837391,0.254011354663166,0.0816203474524448,0.140567798950566,0.253743655834791,-0.00923680089569595,0.396713631305378,0.326703525298784
"109","GUARDSMAN_II",3,2123070,3,45,0.271390988878281,0.444697794942893,0.558359623310604,0.20397966533605,0.366909166197259,0.46947146334594,0.188574774349365,0.359389290996204,0.483863825335487,0.366445017631644,0.479128763613068,0.608093353933502,0.0852609859577103,0.314406361461437,0.357121351248368,0.115224178784078,0.434844303854265,0.385549373576026,0.0567168850106153,0.491483245376925,0.326512451807857,0.0993549788928096,0.343403766916859,0.386301272719943,0.218993239232234,0.330782352941176,0.56472091503268,0.133321041976167,0.248783425264379,0.462012611211886,0.167023359314025,0.451594268064856,0.460528549940315,0.169934784693152,0.366908382693937,0.547328266464528,-0.279801777383204,0.382091573812472,0.547762504894025,-0.0516561314143544,0.386886553731474,0.347918510485355,-0.0773799602339406,0.406258286119878,0.309698467622343,0.190301920504193,0.382123758594347,0.472028326482108,0.208697635248969,0.365122799147695,0.498339149498534,0.16193533159284,0.318814891595405,0.375929614136403,0.174275609555606,0.307791736223109,0.3812801214762,0.145766804287097,0.234555838342761,0.352989394342588,0.154428997513751,0.281834795321637,0.323565961472308,0.130200429724299,0.170222395742958,0.267173250814583,0.153296263148219,0.148934395704998,0.338956170703576,0.170170746888616,0.125353533291137,0.24263974246415,0.0623872721957623,0.338903278438984,0.282814477076614,0.1096180651222,0.148287735193387,0.25777813701915,0.0316523793973928,0.372957640560801,0.313065588043639
"110","WL_349HQ",3,2123080,3,44,0.271871173089375,0.435346343924775,0.54872487715625,0.218132888146911,0.387188283021119,0.481028102586538,0.180478527377129,0.351426767357866,0.479103376859546,0.354397801784487,0.489709211038676,0.610358870005401,0.0869936039565281,0.380246376210808,0.380590561336115,0.114985805721976,0.411856602290039,0.417073689124773,0.112129006702384,0.456519164649684,0.359935553039101,0.159993467237889,0.287905236058186,0.449635923865699,0.240129583444435,0.385258535431717,0.570764533883729,0.143098501639584,0.280903268796505,0.470321696960723,0.184901646852207,0.462749035357115,0.467957669457788,0.17573163045905,0.333420663155089,0.540549534394161,-0.289178122959271,0.397610128778981,0.5091467995725,-0.016904138104296,0.379212112901953,0.327073698731453,-0.0365495369613862,0.360124484345938,0.367469372486673,0.20289682482559,0.413534033141876,0.485708626885097,0.204653713323918,0.367836276598786,0.500795352345267,0.15528467301308,0.311106792202931,0.38440394268329,0.154164187393391,0.28270944741533,0.358968747204041,0.13851798558434,0.23116482192606,0.336384131244547,0.14100261271008,0.251279669762642,0.304443154454764,0.125098534565451,0.169375573238145,0.266700875040282,0.153782585408763,0.157238157497353,0.352056676313211,0.168789371632278,0.136078431372549,0.252625600171669,0.031363510112426,0.367461897422725,0.283136755429974,0.0861608125055696,0.15383171746156,0.262725775207841,0.0185223228447591,0.398996317432446,0.378018851819335
"111","REGEN",3,2123090,3,43,0.287123321806727,0.427346409944449,0.547306043629573,0.232298427659324,0.385235784645163,0.475115754550637,0.18899577529781,0.362126346889121,0.48425732823543,0.336917895866482,0.442473660527255,0.598424545233551,0.107519674934756,0.384815566594246,0.385206907455196,0.102798808207766,0.442660021038672,0.390440241695458,0.0348511102734755,0.50679290056634,0.343269237826135,0.0752605802905071,0.374097885729634,0.387581731322666,0.209159971221659,0.321769825708061,0.546049019607843,0.126600013530017,0.242858630177735,0.462000941969708,0.159400619655083,0.417604342310225,0.452420120655415,0.173629026363129,0.352587881999647,0.56306820595726,-0.303882406895529,0.393444038910219,0.558153081270112,-0.0867575689529762,0.379760168530222,0.37451894510718,-0.0691254606637103,0.430312432665374,0.311578387010913,0.197708523758096,0.398380708805261,0.474952624528072,0.213675812438141,0.367457718189494,0.500584653174014,0.177586075834277,0.344597277507494,0.403759398496241,0.169318329052566,0.315283656460127,0.381719534660711,0.170805636994339,0.293986640010371,0.377842978044947,0.136709738893936,0.254367123569236,0.301798920048474,0.122471873437771,0.172875816993464,0.2738735612239,0.155562237729345,0.142109394612463,0.342762352227562,0.172717863136819,0.148334153351454,0.252941310899788,0.0325629308020436,0.35750709411017,0.256418828063854,0.098821194910904,0.165657369050907,0.270975850747185,0.0352892190512374,0.391732422636725,0.338168762400545
"112","WL_349HQ",3,2123100,3,42,0.273027150198352,0.426603806505767,0.547231417819653,0.211232477188089,0.383122015906226,0.474017847563102,0.187320462900515,0.360024836040041,0.473366419990066,0.320928576902255,0.463242516737637,0.582296416324377,0.106684189708846,0.395430389946858,0.373312207953524,0.107084069324259,0.393308393532852,0.413671924910315,0.117167275294459,0.432744700069584,0.3798103976199,0.144394803759277,0.300627704047616,0.445173862049163,0.231172958935817,0.387320691434469,0.554122914516684,0.143505581536769,0.27593465704866,0.462827892218834,0.17973986899886,0.446333919556221,0.454318581515605,0.178645381619553,0.332633899722507,0.552822666299956,-0.294922470745488,0.386532702665524,0.536297260404432,-0.038705846680037,0.401524084946545,0.329867161952723,0.0153826232150093,0.317798767625757,0.429999896089861,0.218725399897505,0.448376080867129,0.486110826939471,0.204357109833695,0.376401102102835,0.49614022125616,0.174504822787733,0.341172151680055,0.403726737880664,0.145397306984924,0.300974771563007,0.347841347841348,0.157228447634598,0.304050856129964,0.35217276099629,0.138599710349106,0.209740546142021,0.287415695695181,0.127414344973376,0.155070523784735,0.286352346248234,0.180816453689138,0.163551355422262,0.398992783569527,0.171125199606216,0.134050438879236,0.257447576323784,0.0312281799512885,0.352994929170115,0.259470464556516,0.0928841629394963,0.172595047408635,0.282375648224861,0.0411428640937152,0.390291419264202,0.35199056691594
"113","SEEDWAY_9558_SBR",3,2123110,3,41,0.276229347685524,0.41097063665415,0.529142771064892,0.219486443523702,0.367725443794827,0.45354737567779,0.206011117712349,0.374980150210936,0.474412344013031,0.314113928399643,0.419304367486905,0.572582180854404,0.112463831372518,0.391272407465963,0.365518144139917,0.103480325574525,0.385819336633713,0.401016287521874,0.0475772017679362,0.474026932435994,0.326500560837026,0.0653735100156614,0.373141009481649,0.365082311752514,0.197289898696377,0.285370043572985,0.517539869281046,0.135538885074879,0.248497019953356,0.458900310001632,0.149073275648081,0.399812860989332,0.43192968369439,0.157976460639544,0.316477162195703,0.551554383870095,-0.293192030398913,0.41132697727409,0.556221688007981,-0.121291458225775,0.398231541420396,0.442198227703435,-0.0456813572762318,0.424318288401333,0.298994385084351,0.203270415038029,0.3889436122275,0.445658263305322,0.181236771959654,0.315136762342034,0.463048110351015,0.179289584239852,0.339421266303878,0.411158084379126,0.130928955942096,0.275676134499664,0.337491196314726,0.140682889197907,0.279827416409088,0.350833691555731,0.122257891920813,0.188705471269093,0.327019770563827,0.090230110247961,0.185419300463548,0.267342405988944,0.154727292237466,0.160408391601263,0.351306488670727,0.174458155064548,0.125944046565275,0.25617955526944,0.0228633057964652,0.369864595522828,0.249059446680176,0.0852449338147479,0.162973073430365,0.259426197636233,0.0270980191811445,0.408248750480584,0.324768478469819
"114","SW5606",3,2123120,3,40,0.289321850220401,0.445901239283592,0.539672518839186,0.231539581066064,0.406941544366225,0.467303855281125,0.204471775706967,0.385603431583024,0.470945453320873,0.322499488120754,0.462393957583033,0.581105442176871,0.118790240806708,0.385930666975586,0.363071564169703,0.123171236479898,0.403565531475748,0.436146985109833,0.169203226717625,0.351396451316857,0.419275960584123,0.176638268789457,0.304209481260859,0.472123380004769,0.242026612709606,0.382833877995643,0.540587145969499,0.17379679383164,0.309857229235306,0.467362134281025,0.197559040712233,0.470173313575156,0.459907222472779,0.185899594876779,0.348441392496989,0.560387192851824,-0.132735696234913,0.421305820206138,0.390684299505459,-0.018274650175372,0.397965670692943,0.333493719589976,0.110267166797213,0.31140102039756,0.450988185417251,0.234178294531896,0.42757276823773,0.458567774936061,0.196902672110066,0.348272851812027,0.465947177345762,0.196110971053584,0.350522108011095,0.418429740961485,0.132642421445788,0.24678531345198,0.289287364777561,0.154567878046817,0.281876221083492,0.314408728344603,0.145379247916117,0.214027777777778,0.300818283453732,0.0878318775621342,0.18738889852893,0.291412651589643,0.161835485574503,0.159278968622609,0.358035622125629,0.187785953497237,0.147936750623642,0.272924680131971,0.0462406849058404,0.302492008448212,0.227524474127351,0.0995589149519283,0.126161906004087,0.225736682946152,0.0298618574292551,0.377020486414692,0.263391858124079
"115","BORDER",1,2123121,3,39,0.294051320798582,0.447259122504221,0.551780880702449,0.228700508080809,0.403923748021781,0.466150904616292,0.20408386812677,0.38160572014694,0.481814867066048,0.322183538003603,0.451587845900692,0.59199256384168,0.10648595773914,0.396949200163974,0.388527891776866,0.117747447617138,0.410473968382166,0.419477348529038,0.174813827762228,0.347412938974717,0.421912345724316,0.178261176651354,0.284657466246426,0.476872614834038,0.224702830696939,0.330732929136567,0.530826990884073,0.173992544661635,0.287121786767804,0.478558786346397,0.215360832828898,0.446042992883951,0.479919789070116,0.176850961238468,0.335243359517373,0.553632113125784,0.164807763324806,0.347569389331556,0.482969852808906,0.225230118941863,0.362794959051644,0.442186987106773,0.253584231184162,0.386430916257906,0.488898690697999,0.141384145026632,0.282282677380717,0.378078167293854,0.174733739471677,0.306880482816312,0.438341501443106,0.19977654063623,0.358171900339083,0.427459334611037,0.189444546328187,0.357630816454346,0.394730865319101,0.214007558273311,0.367461698933018,0.427831444301235,0.167589388491131,0.27110079119367,0.357254901960784,0.0967291379653938,0.246535286681044,0.348759326739545,0.061362421407309,0.27334737625472,0.303610636429785,0.204358340702803,0.226119641747385,0.403546097839338,0.176223399984562,0.287548163370152,0.512850343922139,0.160181307741553,0.193845653441345,0.437461720212342,0.085200649463398,0.302959459763674,0.372432687972635
"116","BORDER",1,2123122,3,38,0.298931972325167,0.443923950051401,0.550548906431259,0.239546034824281,0.421057882246881,0.48242693460075,0.209055616964655,0.389582249387518,0.478522213522592,0.323882142918909,0.464365979575687,0.592524651116052,0.0998711592878068,0.41606106603202,0.376012320419494,0.116879954340795,0.426962504299966,0.41953498943437,0.182496294033655,0.331495887410963,0.422478164995465,0.17817311060734,0.291709907095129,0.486163354892714,0.213470335507015,0.34372265795207,0.530492592592593,0.181089611516847,0.290686894226717,0.481148707270519,0.23652173417349,0.427633958293065,0.49061271825269,0.190852611720639,0.32342811910943,0.55420543402673,0.207416931791392,0.313177888532639,0.52833666656085,0.272713163532093,0.400259277264625,0.50296506820571,0.293558589342191,0.418847740474038,0.48998046489396,0.131966376392287,0.299288200128536,0.407892126547589,0.190518316729589,0.320121732667498,0.463803222309446,0.2096289630284,0.396937414221685,0.454833818010807,0.217968630893257,0.409270538682303,0.422349316466963,0.235187428684125,0.400927056822033,0.453182493273379,0.17759506573202,0.305074819401445,0.354361885104919,0.103235486802342,0.276191991054042,0.375310891318179,0.0369686717415461,0.32340847952881,0.305098013729441,0.214356784098255,0.241480011722226,0.419268947123618,0.191230501672512,0.309037826678464,0.532838142535034,0.178632025473942,0.211606492988432,0.466041670502317,0.0979277841138173,0.294404570285826,0.394287508535753
"117","BORDER",1,2123123,3,37,0.299864747865638,0.446243008988107,0.556550684246763,0.237378903588133,0.391931211609131,0.461428324749873,0.209041551672467,0.390012318796132,0.476410527714736,0.325249430767849,0.449249475574983,0.595280551682556,0.103027976045845,0.397663288192567,0.380685464174688,0.116567145578637,0.418227865771277,0.414680456469392,0.183498357877181,0.326009687717882,0.422795493743349,0.182968597488865,0.302346928020384,0.470554138076247,0.2066379231558,0.337756100217865,0.523504030501089,0.186974263996806,0.296830414985377,0.489173854563852,0.247287567258454,0.420476305182188,0.492441318323671,0.211707688027969,0.327867865383378,0.538709173308329,0.229708113787213,0.325923643698683,0.552388701921811,0.306348473460659,0.413779506292875,0.523900876307293,0.332387093504947,0.443729419369558,0.505759154340469,0.129713388922073,0.312007469654528,0.417688044914936,0.19916610657057,0.32441492016791,0.461817590106582,0.208675549561467,0.398846974913313,0.438261084169351,0.241868327741035,0.422261222261222,0.425520707873649,0.230168011128093,0.379322679677649,0.433135062039727,0.188863450915214,0.289451845381088,0.343508943214761,0.0971482216239196,0.272115713542054,0.366884311246623,0.0517739385203038,0.307988026561765,0.316046140299234,0.230635099049441,0.262882305299767,0.429884503610538,0.205950514462021,0.336168312545785,0.525900595560883,0.197822036655553,0.215015409958021,0.473269398915023,0.10984479482911,0.298684515541408,0.394065261317237
"118","55V50",3,2123130,3,36,0.289205342231373,0.423485673730772,0.537970272283998,0.233774847919013,0.412396260059128,0.468821341924194,0.21385976871021,0.389384066206989,0.467557733269349,0.315181517346758,0.460745374382937,0.58846239841228,0.106355274616238,0.383204416383049,0.366993634052662,0.10688674121036,0.423964445427294,0.420649171949482,0.157076701163928,0.314592943395453,0.412772533824404,0.164227179652265,0.315362932465118,0.466793492279016,0.18833112356683,0.346644414344685,0.516072626418989,0.184405040626502,0.293354557682104,0.476303508187416,0.25325521177348,0.431618412648415,0.498964704132434,0.216039870279303,0.32180341175129,0.528918046862946,0.225686149513734,0.31737616795234,0.541597621239537,0.295310357213931,0.404193639178159,0.503837985825039,0.336879718980902,0.433686108253582,0.484818728763365,0.119111983097716,0.297392654031309,0.39664787126972,0.203015729157708,0.333385228039853,0.463418849652679,0.198536640397105,0.385158311978732,0.421006689508892,0.262699358608437,0.45825779943427,0.458371587783352,0.235015340474247,0.40237404786761,0.443560753381506,0.209501293463573,0.320493814472721,0.383703522902937,0.0861704215580669,0.271768658299111,0.374183970540035,0.0562501876980432,0.29892741134928,0.314282746958535,0.237137559157541,0.273434993696521,0.432529438588021,0.221512124705651,0.357170039291796,0.543384731379209,0.184641851069914,0.202985050864292,0.447215338463545,0.0982681487171602,0.296262724533137,0.379125285885602
"119","SW4107",3,2123140,3,35,0.305365669491564,0.45013215724,0.570190348866819,0.230160834911081,0.404138411618873,0.481932926990945,0.205177967279974,0.385406997348818,0.494507060731835,0.314567890248998,0.42950538168314,0.603848123264077,0.107145187629879,0.374275332073807,0.38503025873676,0.116652617555884,0.393344401070878,0.408267899074199,0.204243159062127,0.293682707218555,0.476663663277127,0.213892373340642,0.312651670690818,0.512021212160953,0.1973843484092,0.350199019607843,0.535172222222222,0.185903984530015,0.299311195843976,0.491560853416256,0.257239232562183,0.421999325528737,0.494352748470396,0.218978291651227,0.332925479463082,0.526225853552734,0.217189179640628,0.293899664560913,0.550878808080167,0.28303079345451,0.416081007524858,0.490893717096926,0.341748208684813,0.453291253152845,0.506672750548183,0.149799113387235,0.325294723950186,0.434498647944026,0.217185656035786,0.342158072155631,0.473445082866611,0.199901124471456,0.379652759782327,0.43339429163736,0.257616908425367,0.458285940638882,0.457345160286337,0.217483026736565,0.365503535990351,0.428100158982512,0.21200252171776,0.310535308248654,0.378973061161569,0.0734751825242778,0.257696140403064,0.366450509407303,0.0920367523081608,0.293917452598769,0.336890066353441,0.256264749238136,0.282911268474558,0.466527721895872,0.238348483407492,0.385222645584192,0.573075367944364,0.18528194644964,0.198883058700789,0.464995427905121,0.106137798711669,0.286123548922056,0.407613647449029
"120","ONEIDA_ULTRA",3,2123150,3,34,0.302961072171753,0.440456974035405,0.559799559554461,0.228935408105362,0.396449766637161,0.476701687857085,0.181668922130194,0.346657703761529,0.474899443687615,0.292516004838157,0.357103841536615,0.589673369347739,0.123723046492106,0.380283224400871,0.384233004923839,0.119885432143427,0.408069477473166,0.396284829721362,0.141474501951819,0.280515286254732,0.415866687409326,0.150603324770095,0.291537138524562,0.45712614853467,0.141830112878799,0.292844662309368,0.50562788671024,0.157998155856164,0.244594829082075,0.474405691480132,0.23029132502057,0.379814895109013,0.495906387671094,0.205028580803693,0.297116277359514,0.514262338784553,0.208752608547928,0.317479578455073,0.534448289119569,0.272484452521212,0.442501111485069,0.493075136390644,0.330514253239178,0.488811164105282,0.506410275822041,0.0997261562462435,0.314372927915127,0.369973477313631,0.200292687181174,0.291312932306459,0.469716586068964,0.174427332683542,0.352583323777854,0.431389271108053,0.238306968864673,0.44377456142162,0.445420363067422,0.204878766845946,0.366928429379432,0.415869198368301,0.194948492712689,0.336932404540764,0.369112917096663,0.0493686932183726,0.278917230609058,0.394152833208013,0.0620063860862112,0.283042471554164,0.309254183248655,0.230921336254668,0.257334334770682,0.415792012104567,0.217106186200306,0.367806295249784,0.541255553652805,0.173978918300556,0.192768942144759,0.428421205519245,0.103454879318654,0.317676750161386,0.400449507385416
"121","SW5606",3,2123160,3,33,0.324066497311692,0.467698526273506,0.573969306032272,0.248795733789289,0.415130205226107,0.468513105039176,0.211748493868687,0.409544038337504,0.476521556442142,0.321490670914656,0.439021608643457,0.590499199679872,0.127145351431678,0.357467635900258,0.379410543794105,0.139640272304457,0.387246056317264,0.404568037741412,0.180962237723994,0.359200997577209,0.4485348084741,0.199839156527975,0.311415667781136,0.493139055572589,0.174912519636185,0.344544311145511,0.50187424750602,0.197790912675185,0.325449707906761,0.487276110050707,0.264459660294763,0.448142679651066,0.504698095213096,0.233156442033169,0.355441964675025,0.517759755287678,0.185202117809503,0.271122609864237,0.451519528480577,0.261159549205531,0.395974969771761,0.45026530213696,0.285225787646303,0.453309639000663,0.461951285704593,0.164685423622451,0.345426866398733,0.422458653026428,0.22801855745399,0.36952769220282,0.474020762280464,0.184857438473373,0.375757968385592,0.399819565613813,0.245029854698324,0.446867493926317,0.427531733414086,0.181708178433527,0.336597137405014,0.373610267677422,0.202257522405092,0.323665290677675,0.368204764361885,0.0662143934478091,0.254875684787189,0.347650281351479,0.107079928807673,0.276809937596927,0.313162499028337,0.22802012309393,0.250951086591225,0.412968788228304,0.221532638203281,0.382307394088154,0.524700078964143,0.146519903741803,0.195837982141213,0.388285740587315,0.0818486826233284,0.352154057171358,0.337554762641268
"122","REBOUND_6XT",3,2123170,3,32,0.307841109799718,0.446118278961416,0.569743890822322,0.229263909206846,0.409109311405428,0.481009127789047,0.198396055952324,0.398719171943216,0.482508729053248,0.310586797112936,0.427520317544058,0.589132155104194,0.10748500172076,0.396279145147453,0.376865555770889,0.152124124710196,0.322950599003904,0.426282760752407,0.21739216507992,0.387171846904701,0.47255819358311,0.22003881105015,0.337368170781404,0.507851637273602,0.181479573061474,0.355840740740741,0.520728976034858,0.197150042912304,0.339669048236034,0.492264218462716,0.260433623925259,0.432478896008308,0.496620684855979,0.233245934474877,0.332191163613353,0.51166475485165,0.170946895043771,0.298183655545327,0.40457710337238,0.251082186189561,0.390169901399848,0.43349995221653,0.252174538030559,0.430837055542938,0.432768062179827,0.176978565539984,0.354726099135306,0.443973693825356,0.229465773090157,0.375990782092808,0.486762671873729,0.188932345040774,0.378146324609139,0.417933587531929,0.247074591661279,0.432331949979009,0.428263557675322,0.190512972217444,0.353677155857683,0.386448111397401,0.182836161506768,0.265899738362259,0.336585606070338,0.0469127144289723,0.251193437060173,0.32005273102358,0.122859867230969,0.29208639140172,0.351142023678371,0.238905778328584,0.251078833722271,0.444384941391057,0.230580383701301,0.384223344844973,0.554603585733177,0.151574070119796,0.19089690527846,0.410118482295014,0.0811464823682549,0.3479905618964,0.360449346405229
"123","NY1615",3,2123180,3,31,0.311979921599643,0.42705014665799,0.57019011308227,0.2276964626052,0.38374725061023,0.468404901290201,0.202395267298487,0.410447347909484,0.480210511719956,0.301090907379917,0.373964904347389,0.58466392835161,0.0964030330049464,0.406717848112599,0.378683539770454,0.136257716229616,0.316792594230675,0.365733451275247,0.126946229309796,0.305540679612061,0.387745928956845,0.141323839905469,0.295737374622224,0.438389324456514,0.136761625666207,0.266629302832244,0.490454139433551,0.166964128742547,0.293377262799393,0.487054874813362,0.241621205814894,0.405624637587784,0.493974185512102,0.219636332617751,0.345341183824678,0.510090731088497,0.192860485472572,0.286276137686291,0.439748003809245,0.258343516484072,0.42767273068427,0.456043121902959,0.244610015383556,0.441666536191267,0.461603699238546,0.108521531267148,0.29804457435148,0.385674339300938,0.190970422769336,0.278773085997885,0.45847609874947,0.15789617487583,0.327498488382137,0.403657155471097,0.234607658692014,0.438815795678541,0.436584330701978,0.179542174867061,0.341009072692991,0.393345933664035,0.202695553703822,0.32550090138698,0.374948721572053,0.0568681039587892,0.252757244490717,0.39730497508738,0.0243991231984971,0.336577222687346,0.339662205299355,0.200266017096214,0.231322865834984,0.395879698634053,0.196634454325974,0.34362209949482,0.512754492869443,0.167529298508543,0.19799115014323,0.429948939418093,0.097128859719343,0.32920015308075,0.409838297810203
"124","SEEDWAY_9558_SBR",3,2123190,3,30,0.302488024535547,0.411303157626687,0.548995439926812,0.214847590799442,0.370478363759297,0.460852092696443,0.194473801432007,0.398517399660594,0.470155799546096,0.294549054035966,0.383098315559408,0.572012912788434,0.113733694040184,0.379243634335996,0.365518824141413,0.150996914262552,0.234145964513443,0.380401255340682,0.0994202594851007,0.31078394676648,0.374785390138588,0.12507235454915,0.319631983190363,0.433584885315319,0.132262530064778,0.276960569315445,0.491425116099071,0.159621123105404,0.276979251877742,0.477877097741752,0.236530830239977,0.391036134173389,0.492792138543773,0.20159011747112,0.326737012515121,0.491554249707638,0.192325854324406,0.262860967376697,0.426117160301789,0.251012793884417,0.410790754106262,0.453854048506455,0.221710103184703,0.404465137406314,0.433520579402932,0.114701645863548,0.284496343992142,0.385212994288625,0.192567629951066,0.268058092122263,0.452801026597818,0.150853753618648,0.313271413828689,0.391451176962013,0.222523216622646,0.438418709006944,0.426069461363579,0.165635158706203,0.337315205672204,0.390293386692981,0.183781608681489,0.313615439624201,0.374270433222426,0.0423826175169059,0.277511216876131,0.388483180882973,0.0389329570496193,0.328321845408079,0.331188156031893,0.204533441793776,0.216920065708993,0.392962900229336,0.207030273857925,0.36543760881354,0.530728468000495,0.167043260144172,0.207973119764338,0.421813495351192,0.0953265289871425,0.347171322061577,0.405959805959806
"125","ALFABAR",3,2123200,3,29,0.299482608873612,0.429155466900565,0.559298399494478,0.206729183591927,0.375641496338618,0.461830003889381,0.184112412482075,0.365980181681947,0.468352907500484,0.297800524372574,0.395952820590119,0.586092374169399,0.117937044638469,0.357659356906963,0.358404957002768,0.153900364301186,0.240371025603224,0.389981817288319,0.0756213828639466,0.331280051229545,0.374958183039499,0.1122236460273,0.342321794441281,0.424238973325741,0.13022489926065,0.27954651416122,0.476771786492375,0.161393946856981,0.256515207853053,0.485280979648497,0.218837841990618,0.364925799454502,0.491885187810064,0.206171499322077,0.319582128666269,0.501130318702917,0.205951678983038,0.300171423129424,0.451736981894755,0.253776926146131,0.436166269856109,0.456581030377822,0.230429338649245,0.420360947147025,0.450952209470426,0.105402932406743,0.298876250837035,0.392898169368758,0.195808732887822,0.282136566637421,0.459544338089615,0.156969077102547,0.330210762719185,0.392431833232559,0.243321148162219,0.45048945048945,0.442787631022925,0.187838939121649,0.3762610894821,0.401841640202501,0.189593307252605,0.316425008599931,0.376633556931545,0.0632434600512901,0.268549848651358,0.403666107544296,0.0441922405333936,0.31945518052545,0.324633093635192,0.195923281010765,0.199246466147256,0.386122725192084,0.198061912525388,0.36611915023166,0.533531576143315,0.162359845394671,0.216152075853816,0.431930774187609,0.0892861427977383,0.328770119988294,0.390472758755243
"126","SW4412Y",3,2123210,3,28,0.315585436805527,0.439217100981807,0.55774540455913,0.230298051853553,0.413991054501584,0.48406539593525,0.198437967784725,0.39720041301192,0.471795749930142,0.30910869156819,0.43344037615046,0.575326130452181,0.108037551261933,0.364413431392424,0.365953710975543,0.152719968608556,0.242201856588046,0.377768056116421,0.106902328872609,0.341028262508504,0.422756130898749,0.148716063060789,0.331721729787806,0.472712462824561,0.168716722301443,0.336056753812636,0.495452941176471,0.186178733914705,0.313878502943027,0.478668789101544,0.246924869061946,0.423145284321755,0.5006968465792,0.221302377987053,0.358365737293511,0.501019001130691,0.181412480405737,0.276651235299384,0.408409305167138,0.243960402154404,0.412441153617624,0.441937266536197,0.208849683991239,0.371224670048199,0.415262825851061,0.158605993449921,0.335085791892515,0.420445511537949,0.210783565384596,0.35475177398536,0.480063856876159,0.177462979274233,0.370834783252508,0.417554510791101,0.248184064625618,0.445636469165881,0.443761255525961,0.182223092799438,0.369644575148236,0.392738206522604,0.207071372954847,0.327154282765738,0.407850447196422,0.0743813617251297,0.269228328499541,0.379371359163134,0.0810313142909196,0.30127762549746,0.325026473837732,0.214040394628784,0.212883640460288,0.402562297148682,0.21812850348858,0.384757779870803,0.552562053448259,0.154848762843719,0.231821684081368,0.417419894787183,0.0951264225617815,0.345402740486147,0.392262120971515
"127","GUARDSMAN_II",3,2123220,3,27,0.316901953875366,0.442698459855323,0.572646516519066,0.23550510501873,0.402895603812857,0.475305668244309,0.200840410841013,0.402207460914808,0.462222615108731,0.305744632033804,0.388466886754702,0.576190476190476,0.104114508406045,0.384451830487473,0.388011895655769,0.146734089285117,0.274257825937393,0.369051550444739,0.0812574112238015,0.326779497086983,0.377953206007171,0.11739218212134,0.300483553063817,0.445298059655731,0.153983712324635,0.303758492432061,0.48547235122119,0.168767278329469,0.272283221658708,0.487135329902886,0.228322800612593,0.375340140518501,0.492201485681287,0.203117664125762,0.30887283411483,0.484049649053372,0.184663183530949,0.288365977799647,0.432980963567294,0.258748778381905,0.428724929259689,0.456231172273953,0.218766408282804,0.40140548101061,0.438544520816045,0.107112740901087,0.310648865606849,0.36283022299829,0.186874129612416,0.28758990867851,0.465426471137967,0.163560742645869,0.324969527703397,0.396788651828818,0.240634527686131,0.434693517046458,0.430122253651665,0.197597777864129,0.372397087822485,0.412586229248688,0.198824409587116,0.3274978500172,0.384201066391469,0.0677650055928604,0.258602290473712,0.403767327973471,0.0672918292529881,0.290208056966856,0.325048774302728,0.213676982712716,0.200697674418605,0.38564389367238,0.202588448062841,0.348955865703875,0.526148547725738,0.178912006257458,0.214606468426664,0.434726475456364,0.112717845839974,0.342175511095616,0.401192520946691
"128","NY0651",3,2123230,3,26,0.316791426634514,0.437666043796947,0.573357674269025,0.231160113245016,0.422202328263727,0.485406775569325,0.199975378916942,0.416783039249763,0.478026624275014,0.304131213157039,0.403800538944145,0.578394132646464,0.113781044666322,0.381491719281782,0.388719001848471,0.155020676062314,0.25365835074275,0.369669705117275,0.100074043790433,0.317689136790087,0.402015216566976,0.128632674936478,0.283215532788458,0.466393941138099,0.152747219089351,0.307084749455338,0.502058387799564,0.164217914519674,0.272887385042513,0.484941292151079,0.225523565546736,0.366115206115206,0.500392799216329,0.200492452701906,0.319279368720918,0.495592539672957,0.16338260227158,0.279278964688952,0.417228024507158,0.23847841411707,0.398500851499361,0.442633999668743,0.192470492083706,0.363276049158402,0.411328134857547,0.118498306522001,0.301130191206918,0.390610157106321,0.185115508942427,0.287984119267542,0.461953620073519,0.155976059459436,0.309880092387832,0.391832031058037,0.229561415311318,0.426633279574456,0.432983900630959,0.191343891311032,0.35862451696837,0.401158593584749,0.183567444716506,0.308925658055316,0.365701476047943,0.0508453112894738,0.254140452641234,0.388345355841452,0.0920551914963875,0.277766308967208,0.32018192082188,0.231869436937959,0.212974753273261,0.420241995834621,0.217728824241596,0.365037644309215,0.550365589374934,0.177649250043713,0.225588634201725,0.434027555310074,0.112615585020205,0.345024870242215,0.411619088811995
"129","VERNAL",3,2123240,3,25,0.300193263610369,0.422717251883919,0.571213771703968,0.218192080667769,0.394611903246762,0.471138255843243,0.1807197365705,0.413009033583378,0.47142735668763,0.286460058853349,0.364359196593436,0.576705229176873,0.0965533915888869,0.401776617241891,0.391644708285025,0.139624803726631,0.252444854865023,0.351181703450611,0.0196929797533167,0.41488828510062,0.347793258394446,0.0562509853143841,0.376819821003606,0.367353160176952,0.0941470246698968,0.258001805985552,0.44078345373237,0.132222408170759,0.235982747081133,0.478484420316799,0.179550632469075,0.292163862421363,0.483739970776352,0.18699591288638,0.286309839251016,0.507270487166243,0.1822300307588,0.295499613768875,0.446394823444758,0.252484861321036,0.448091664649399,0.47634251759161,0.204576973170341,0.419521729373144,0.451516907002354,0.0528353159472705,0.314972597734746,0.324614785044453,0.1449363852351,0.259709257707793,0.410135300054753,0.124914484626545,0.264494255852121,0.353701784188957,0.20627437577902,0.394846030140148,0.405626558567735,0.193787801641326,0.352872649525794,0.400435374522596,0.152621578083777,0.317459501817761,0.372108817320333,0.0478527189706183,0.28012753774076,0.407712514701062,0.0330210626363295,0.296738142842761,0.297785117816542,0.178007292798729,0.177265199237518,0.321352734155502,0.159743727863327,0.318056269086965,0.471146692544072,0.148456561903745,0.165828837951456,0.38285986068919,0.0688210182772385,0.332625121913972,0.349302892410882
"130","SW5210",3,2123250,3,24,0.333365559191386,0.455206712314555,0.581003664091899,0.25322888831343,0.447709932519323,0.490913806360949,0.219766629884936,0.469995297389029,0.47662887539444,0.317137293731246,0.446443833138637,0.564984738289935,0.0965682324960149,0.416037721949655,0.384154378472966,0.155579863703639,0.211844898494515,0.38007625792792,0.155096893843602,0.299272321620114,0.449777074943763,0.192509391719346,0.287208734716359,0.499699779339515,0.187713929414237,0.365197494553377,0.510784204793028,0.196025228993679,0.344961314922445,0.488035637162354,0.263146494669202,0.430860807331396,0.503289599760188,0.231675204924774,0.369055826737634,0.504817848377044,0.194865092816896,0.273052707321461,0.429247748748717,0.269409611712285,0.438854026363104,0.458346419711707,0.220299242631868,0.414219093042622,0.432120019178843,0.146494237226609,0.333297771282426,0.406104006820119,0.208740394024328,0.345770911257853,0.475035787557145,0.181542454933897,0.364999568109182,0.410041091326398,0.262698706686006,0.464354652589947,0.450595438830733,0.236200336322001,0.42080692153906,0.443668106379543,0.227287969106418,0.341976371242972,0.417403406000968,0.104257772021466,0.302833841501202,0.41727473290201,0.102649737396885,0.283958447224994,0.319075308033137,0.248873476515606,0.232520586894128,0.429242911939057,0.246197897937908,0.416321079620592,0.561547078802409,0.188609004319671,0.185379621175891,0.427563898188002,0.123300358786554,0.253894037212738,0.398248576123905
"131","EZRA",3,2123260,3,23,0.319979293713622,0.415557418253497,0.579402215431627,0.195688359111072,0.357061069982028,0.445689744776159,0.214411153909367,0.4387311730188,0.469447713821467,0.306805509940654,0.390161661076987,0.575625981334238,0.110785618304476,0.431705449386708,0.359411948946833,0.161035903275434,0.227858651152769,0.3935797088066,0.0954373195263253,0.343888814520826,0.39696807439379,0.137429525167226,0.293863509166387,0.442760282072621,0.145304036714077,0.280916013071895,0.483232352941176,0.157307920134531,0.285392465356187,0.489305642962031,0.228843719522873,0.36780576852866,0.495750918110946,0.210190348076701,0.328794170194021,0.504969153815021,0.177488825988556,0.278783213231326,0.433632265642361,0.254528366028756,0.414200324004246,0.462484404968065,0.211858892015999,0.406657898719775,0.433714843403425,0.0953933451595426,0.324053234820498,0.353331912475135,0.185801402490969,0.289282203853842,0.459908040820904,0.167048090171507,0.328278291247972,0.411398078565739,0.248452506018267,0.463694863694864,0.461900403076874,0.215164229515493,0.402511327548865,0.444651580984777,0.203681866313972,0.327294891640867,0.393939628482972,0.0906884965986735,0.275848805598936,0.419023174658261,0.076940201885278,0.296264735828692,0.301430415540493,0.222256347091212,0.228319823590665,0.409257270419449,0.213517349644064,0.388826930578151,0.535563475754203,0.180553996763344,0.199426724251426,0.431434885562232,0.0984465404955599,0.294492244659058,0.410088771827139
"132","SEEDWAY_9558",3,2123270,3,22,0.291295250607947,0.398214875175659,0.551811179017061,0.171863913831538,0.338097747550677,0.455903813519999,0.191233357259571,0.416507612777471,0.478279474806954,0.29155724975293,0.377867380135911,0.577725188730201,0.118482796603959,0.440169473911955,0.374645239948915,0.164364904948825,0.196313388231547,0.378427687686,0.0905895908386501,0.352079189754504,0.398867442173376,0.119473594494647,0.305033128215739,0.441205759224099,0.130957630000527,0.27718513501892,0.487328108875129,0.142380530672026,0.26627302248333,0.465594308519868,0.205867128291844,0.332020255549667,0.492566858797796,0.192968702386136,0.305699444791031,0.497200700328027,0.17677740846825,0.300681459847836,0.445229251981419,0.226560539386942,0.378321509040463,0.439652657517581,0.200278392866601,0.387968304438893,0.424406591465415,0.0707649066833786,0.316780287872725,0.333170359052712,0.168201918773835,0.275463698993111,0.450024745211911,0.148767580722755,0.303614428227431,0.399677134011499,0.23463780052006,0.442337065866478,0.45199806376277,0.209678696778582,0.3968271730453,0.438257697232704,0.193561698644172,0.30171138630891,0.377120313037496,0.0724909687925084,0.252492005651818,0.420815547457921,0.0548128167390826,0.292332080684357,0.284413249279695,0.202045734229667,0.219446662526247,0.379840862712835,0.191915238826135,0.377034040205116,0.521641526576667,0.167734287386026,0.187118352818436,0.420007241707325,0.0899490133500251,0.305248613238078,0.397493028924109
"133","REGEN",3,2123280,3,21,0.318543512851357,0.438161965122749,0.57257472012374,0.191447207342003,0.394743049408546,0.470825453984603,0.191713281737474,0.413557952163261,0.474901960784314,0.295609048267277,0.353688975590236,0.583360344137655,0.121208078227131,0.451494310835053,0.369845637000782,0.165144901301053,0.20853953889248,0.360211900144673,0.0862888500873035,0.362738752850047,0.386856877308818,0.117348096271454,0.322333182466335,0.425987473172441,0.139709468992388,0.271052069716776,0.467834640522876,0.157306627165583,0.268216454723482,0.480104112441437,0.214835530691949,0.342796855872689,0.499631252281855,0.202658772943277,0.315623305112012,0.50673358888797,0.18954379820493,0.283245842123338,0.460659482030232,0.22901965406782,0.366906190676401,0.446056984630543,0.213285744350792,0.426085685804798,0.453560673670586,0.0765434774374172,0.318324178156111,0.351914341494173,0.174611242064999,0.286613144753247,0.454157403681446,0.149494519142277,0.295120113635273,0.390547349630014,0.228078889427423,0.446524535740222,0.44974959680842,0.210176492422843,0.386827878117956,0.428085545783097,0.189425832757766,0.301017371861025,0.406129170966632,0.0750638903241203,0.258948464341489,0.427930393396297,0.0355037001004938,0.319876850460728,0.288302195512637,0.206338295818097,0.204837733722721,0.38450050583501,0.20320368289707,0.393322059537061,0.540479588244808,0.171235110412631,0.183391067538126,0.431122609537642,0.0902745699557966,0.322883564323424,0.415634558040177
"134","HI-GEST_360",3,2123290,3,20,0.327584206149449,0.452241957389016,0.591447976496996,0.196270057757174,0.413644536584072,0.486696429755134,0.200610273379193,0.401805478882551,0.48641533255638,0.311378959183522,0.410185024682519,0.590267174134228,0.106051898736111,0.448800987362172,0.375098911884273,0.165901223098696,0.213051784816491,0.37751908790272,0.153789580559961,0.304010005749024,0.433272418137561,0.167792708660774,0.310673740625087,0.478109926127552,0.179803314038693,0.337961111111111,0.496732788671024,0.183196274810403,0.309772331840225,0.498826490948802,0.229483220391268,0.37346009110715,0.503760444936916,0.21640533641276,0.35172879506461,0.510334310483231,0.182409238495331,0.293255240574373,0.436476090706115,0.229010254513108,0.334755618712838,0.424732724197965,0.213310001619909,0.403973553385318,0.437105508870215,0.13839763294998,0.314234299780518,0.3873311748942,0.201087637920494,0.310647870228051,0.46568242638538,0.157211678337907,0.309801453621096,0.388238255654685,0.227438210296656,0.399335164041046,0.420786561963033,0.214509554703351,0.382267054072328,0.404940792719697,0.189596114530563,0.292390666683795,0.343689648823058,0.0730509154835364,0.249284226965122,0.396923380955135,0.0904555430257564,0.281239364645885,0.312959744699779,0.235472352079943,0.205800541830959,0.413883211287251,0.223410644618044,0.395903972942889,0.542122613237435,0.177418715107943,0.170397735309732,0.41851542278321,0.102424935791129,0.297994829772705,0.395243390888694
"135","SW3407",3,2123300,3,19,0.349868065463884,0.460161324452957,0.596260390626588,0.216938398721564,0.415059029020668,0.468373072690875,0.228563702405454,0.410366226353143,0.473118227969591,0.328669012707914,0.451639095099923,0.577229277361169,0.114537253462631,0.437790176471722,0.364765609151007,0.164431163048622,0.22626195093422,0.369465570843722,0.140169042153499,0.314056649168063,0.40428745949453,0.172613823604354,0.329929189844218,0.456521493680619,0.184105961061101,0.362075808393533,0.479313832989336,0.200064459554769,0.351307189542484,0.489779543731345,0.259821209934787,0.440565967574,0.501770043135505,0.240656372141726,0.369301393724327,0.513860994277971,0.206641837936268,0.312951440695004,0.439453244870533,0.243428417931764,0.365499503467418,0.424852390627792,0.232852248617355,0.430497841936881,0.440123795059679,0.146805939583988,0.33520268713546,0.379889167788327,0.21832342909385,0.349417174069359,0.456875718774669,0.177845763573249,0.353962838194504,0.393201078767288,0.244756145051568,0.429472558884324,0.437495555142614,0.223057562817837,0.40813608357158,0.415732217953879,0.20670970609516,0.310794376715526,0.381752159260734,0.102574990809331,0.262266676582137,0.380591457822067,0.0943085692156887,0.293018170418879,0.330721885166623,0.240911254010645,0.230724229500282,0.413066307234248,0.227076778892779,0.399946247300473,0.525501374737183,0.179198465439797,0.183071158571795,0.414049970883079,0.10795993774033,0.301984403887518,0.387502248055881
"136","SW4602Z",3,2123310,3,18,0.346893177453961,0.445024710220789,0.587570735364853,0.215122148184731,0.413673436200746,0.468479335988842,0.217770593536412,0.419392562377749,0.476943745868177,0.322022794035998,0.464016426934794,0.573996720819692,0.105950745290366,0.439030293818255,0.361657615829982,0.153941347647814,0.222225844629937,0.38077163529849,0.118650442883945,0.312452543380591,0.371755389245414,0.140067594331175,0.323603386213164,0.434068754951261,0.170826045978304,0.37361862745098,0.487635620915033,0.173804374177874,0.315130739520478,0.464669109934723,0.242284705982955,0.429392601157307,0.497545674016262,0.236929131200829,0.379096917716923,0.493185516119247,0.188323367636235,0.287304106747934,0.423747394262616,0.23392759783694,0.340804590537211,0.409825943515783,0.218323329502745,0.417818154288743,0.427832033714387,0.127442273129314,0.315455677220383,0.347113525544898,0.209809449737507,0.370212438457496,0.450097742360374,0.167795359721974,0.355709226421846,0.384139981983983,0.228337124321509,0.429666182607359,0.418307077130607,0.20159475738046,0.390802871860287,0.38893199927362,0.198832491948958,0.287780104398169,0.341977655879998,0.077308728831095,0.24134565330557,0.384521468371026,0.0707003031640946,0.270160958384784,0.297769443775431,0.23202137695095,0.233511239969782,0.402934710850671,0.221246250793735,0.40596464689709,0.520562310319567,0.191885650967367,0.200088477366255,0.416500363108206,0.115690702221689,0.280803515746448,0.407078463619289
"137","PERSIST_III",3,2123320,3,17,0.336935434199929,0.442327806543493,0.593112025955163,0.198078997889826,0.378253059168224,0.462804591072399,0.216967636792298,0.402200418722437,0.486071016141733,0.314849750609198,0.420262024092148,0.595021291027622,0.104349164066568,0.457436800779566,0.358832672053443,0.158780806371676,0.236709479778533,0.370151235522079,0.11593190329354,0.307005953866878,0.407294903938573,0.142093254814116,0.332300896776259,0.468671116790743,0.162439851254634,0.334314705882353,0.485203159041394,0.16492366140495,0.297676805235368,0.47323963213604,0.227581884130654,0.376495640025052,0.499634607869902,0.212042575381123,0.337886359926568,0.502064536614053,0.189762096759613,0.298680994254151,0.445798546077902,0.215567416066607,0.321515442371057,0.415166057946807,0.212470182402287,0.395521756213798,0.438094731105112,0.111419444024953,0.304694677871148,0.391843624406284,0.192941330781791,0.321064571979292,0.457620960519919,0.157718095624017,0.324212150747238,0.38796869625043,0.2270798606546,0.43121740278603,0.43276226315442,0.192566180883629,0.370811356673513,0.393860409260561,0.18817236087512,0.31733918128655,0.362248452012384,0.0838695673693017,0.263381671252572,0.404809499020847,0.075163476745357,0.283093953770499,0.295369658879344,0.227537746249644,0.238139042810323,0.423741003325778,0.215964235607671,0.421868072799231,0.542734704265015,0.195309028187508,0.226625793979564,0.447930160483599,0.109913240246382,0.307599746366208,0.422820700419471
"138","SW315_LH",3,2123330,3,16,0.336275531507786,0.422721142328985,0.576701539201539,0.226372780763726,0.413300173010381,0.483179712047091,0.238793380791978,0.451351245737768,0.499995924224184,0.313079394829422,0.441118438406753,0.610730677921393,0.12394756525087,0.440062260821963,0.356728047296419,0.17324883182589,0.227837227198572,0.393133499553668,0.0800791584330589,0.351609666561747,0.345209350115592,0.0939807655547429,0.341201485309934,0.381627708914293,0.136207770915411,0.295074389404885,0.449772424320605,0.153718249804723,0.297163183857614,0.458716938102675,0.219763949956118,0.377808401361437,0.492408632350754,0.217137146593367,0.363273474516959,0.498716736095738,0.210376218480625,0.297617006867507,0.452787213104346,0.233307883239958,0.364384770872246,0.44094832365308,0.220202826100703,0.451438116317009,0.454501387200349,0.0475397396696342,0.294477164778955,0.301173547679942,0.170564061405117,0.278764730070564,0.419874793025879,0.139702883465816,0.299601700690066,0.352548635704894,0.21160230891535,0.39565677212736,0.400249141425612,0.168091089898763,0.326024686640693,0.361581728155826,0.190936551856164,0.30093653250774,0.345216718266254,0.0785576746319263,0.239701544334548,0.382460427632213,0.0383305234394705,0.280499326525957,0.27054490867641,0.200618626725301,0.187232586713556,0.315478850253937,0.186936190279118,0.384616262807889,0.480124344740322,0.190332887061034,0.177089324618736,0.384271625395072,0.0930852665529606,0.335161540956098,0.354745168616986
"139","N-R-GEE",3,2123340,3,15,0.333964558606797,0.437613766045139,0.587650902111686,0.209358937521949,0.400203941015531,0.478703629194496,0.213655050007756,0.381841103168651,0.488815416877133,0.29699550060776,0.356222488995598,0.607376950780312,0.119964542337471,0.445731573942796,0.366653066636747,0.16824852287954,0.226778836395205,0.364307917146792,0.120125919348707,0.284520935011559,0.410555208983157,0.1365957185448,0.327848926981925,0.45318213985785,0.154008501560436,0.308677668845316,0.478223965141612,0.162696299461955,0.299954342970668,0.480735448364368,0.219223409481954,0.347080770610182,0.498033862739745,0.202827817683589,0.320740373036228,0.491125911217745,0.19759518280469,0.260282213263071,0.429418113710676,0.199321577281112,0.308282329672704,0.381617906751597,0.198300832472642,0.393748304751765,0.416143072613661,0.0805036231284834,0.252856899281452,0.346558031908416,0.165685848641819,0.276812961362632,0.411243999674559,0.121573805604827,0.254696133960192,0.323624921334172,0.184735039146598,0.338780950545656,0.360532419355949,0.143611813877984,0.278108839062186,0.320035908119072,0.164630807539501,0.302003605547919,0.340850600996022,0.0544753541455534,0.249981904266131,0.341114003123373,0.0704389352669839,0.282834886082853,0.274269086330834,0.210694614251457,0.225705263014612,0.395413629526785,0.204063893157242,0.385596417120948,0.523268140346871,0.193806292426337,0.22009731460951,0.432203913839495,0.10321367130221,0.349145065914162,0.411112956679243
"140","NY2003",3,2123350,3,14,0.335835993286344,0.403312419243792,0.559486791349536,0.220212265674489,0.395090084715428,0.462157707910751,0.244252845343452,0.470455457442808,0.489187555017721,0.314566860390227,0.422774109643858,0.608831532613045,0.122445014817467,0.452372015218433,0.375705246551542,0.16917037929567,0.220779511804722,0.385929633391818,0.0629834063716879,0.324727443910038,0.351425824436472,0.0727355954546305,0.346320743238968,0.37368276076874,0.139489153290719,0.291817864923747,0.441809259259259,0.170581559144729,0.341514085810536,0.460211009513938,0.225660156508534,0.388357708910508,0.471851899576917,0.21706054878683,0.346276880007334,0.490662963782845,0.216335051490923,0.315421203559675,0.450313746653545,0.236177986714007,0.364970561227246,0.411468863875281,0.235141258922342,0.452472022195206,0.441030476843626,0.02229425242763,0.289789307027159,0.371199610278894,0.152683439851145,0.278928330331796,0.372938229906743,0.122499258079864,0.237428138166671,0.283405315136334,0.198837324963252,0.317653023535376,0.353227023815259,0.174821887470489,0.316743656051912,0.352317073448101,0.162129892292008,0.276917213707933,0.324099362391823,0.0520355738561738,0.24504887500723,0.354348140436115,0.0406067875340741,0.300048296435621,0.275562768163092,0.191029874576581,0.164249751884338,0.29789182157131,0.166735990811833,0.343200521353617,0.440999039111035,0.19763979222502,0.186036981858107,0.383913497943445,0.0977185935166103,0.349023509901473,0.368445761389133
"141","LIGHTNING_BOLT",3,2123360,3,13,0.342123166468823,0.462261857604995,0.596888351300116,0.209043852752536,0.403256985320264,0.487554562682765,0.226353232267022,0.412393424523094,0.490997226141065,0.308445867476765,0.370442778008064,0.612594741932648,0.0975633645323142,0.455668969416177,0.372948783357694,0.164586149820461,0.215902244955953,0.369693687954557,0.191314344170702,0.331354201069074,0.475409098137071,0.187563275651888,0.333420664954034,0.512460784556583,0.192072071329129,0.344443046955624,0.507553857069143,0.202099582106836,0.381840311345777,0.499561240425374,0.2399128012724,0.38998933574097,0.498050992168639,0.216487614157413,0.350030745563136,0.508215885282155,0.205779114507543,0.291227262626583,0.435851771901421,0.221022251729612,0.324194225263744,0.40315661759512,0.221315987611381,0.422041395743818,0.437509157509157,0.147389174232745,0.32951881089136,0.415395316375709,0.215228769204795,0.335466677177907,0.477825224349289,0.178445648256132,0.358772421249201,0.389803430143987,0.256731401210973,0.427709757121522,0.453174947292594,0.218452774035625,0.381477527490125,0.421962296715419,0.212159809153222,0.381073014486424,0.390785298613877,0.0868081985751241,0.262776331771647,0.379508688431125,0.110191192658055,0.284672826692255,0.340657060900658,0.245580333134804,0.250787472209772,0.452581327559378,0.245634933450639,0.418784665734319,0.560088977366784,0.233115201424802,0.252580195771579,0.463721623860812,0.147916632073108,0.286705520946083,0.439659961170058
"142","PLUSS_III",3,2123370,3,12,0.344310078962342,0.435176932725952,0.594943600335757,0.20352959687845,0.363249654179926,0.481584507260671,0.225325144705788,0.43255558642521,0.49302241978801,0.31433690922207,0.398973006242856,0.611710944467473,0.0937788393533932,0.453307393217068,0.392250219906086,0.161939061679862,0.225887154861945,0.388217810201003,0.196973868244316,0.321676199848289,0.471721363371599,0.187438329192597,0.329557083692251,0.504440843103188,0.202106537303069,0.352052614379085,0.512840631808279,0.208203492884919,0.404056914801319,0.499620733249052,0.252550912161493,0.417102635139488,0.499137512617314,0.233326834304213,0.345868839800336,0.503353465155401,0.218921034094589,0.317387278710729,0.438605652730601,0.237584111346685,0.354902376292751,0.40391367396715,0.239909307254931,0.448501615802654,0.436529609193969,0.168392441220562,0.355164611299065,0.419500163701844,0.233540191522078,0.374459448464818,0.490070739521557,0.203698839441955,0.387001526014224,0.418303532866891,0.259460103277632,0.440995388054212,0.455439077988098,0.204972442515611,0.365799882184633,0.407462398020338,0.221870017364027,0.385752923976608,0.375173718610251,0.100025782820779,0.239330884762951,0.378991458923786,0.108554984298029,0.302355821122236,0.344017167535111,0.250404747280403,0.278288205450835,0.464648749942868,0.258204027152103,0.425258536214097,0.570163089495866,0.230755015716788,0.272065843621399,0.462320866618252,0.152107155681314,0.267999613039121,0.442406288235963
"143","NY1517",3,2123380,3,11,0.333377362963762,0.418727456838476,0.567166636180721,0.204662831283737,0.381213606184855,0.47378669362926,0.217422404458531,0.45035363293736,0.480754053446196,0.306972823977979,0.362471015311954,0.59529160543141,0.105759887042941,0.456720153959814,0.38022645358065,0.155247518501526,0.215947837328912,0.359410421916816,0.0883837942572984,0.317774549644803,0.366687996861764,0.0862315106101564,0.323490603107898,0.392585457973722,0.140038408019363,0.263989651416122,0.468113180827887,0.182322869356188,0.351611912508518,0.489878878619485,0.218536324958805,0.368941561882738,0.483772970831794,0.217824344909241,0.345407507283903,0.499658556546122,0.229652080640892,0.303143142160951,0.458131231363827,0.226446520962221,0.355282774266731,0.414856416685857,0.231774418881365,0.437732740154886,0.443993054235269,0.059619443695412,0.274071325499897,0.333640365237004,0.183599793268981,0.272272614327777,0.452981416857424,0.167822992883153,0.31833166746875,0.384969212354545,0.235878777899327,0.427382156793921,0.445387327740269,0.191545748166551,0.343384940102941,0.411697837701372,0.219449133801635,0.367947626418989,0.377759287925697,0.0913747808456843,0.258153739371855,0.414903943878436,0.0313394575828885,0.320734972353795,0.307959864260255,0.187396244545556,0.196234006598535,0.342137818191572,0.198881152942525,0.371977956636318,0.492336315894626,0.206629511573248,0.227989842450206,0.427757274484698,0.117437887714638,0.270694204152249,0.410807141484045
"144","NY1614",3,2123390,3,10,0.322356091670229,0.385973766611022,0.560708508992823,0.19297910335681,0.378251400410815,0.488323230294892,0.203076369130284,0.413552479815456,0.487788413776846,0.298453819918404,0.341305096029443,0.595921669116077,0.10128649914251,0.457098466250875,0.373557776668546,0.1491702497106,0.211655000461723,0.361337765875581,0.100468747820465,0.333493485960717,0.399402321971903,0.0976769673244982,0.312447792718477,0.434621834834703,0.139118208697615,0.2753130374957,0.475084601823185,0.175470153873783,0.309536889645726,0.475085822875406,0.210450443376478,0.346041683072158,0.489874093323184,0.204539932344164,0.328289272146309,0.50224386709867,0.212703555826102,0.27933557664836,0.4497724939949,0.215141668756052,0.372903448304518,0.407638291595511,0.214001198392071,0.394332221494851,0.442011388551181,0.0706069518779042,0.256968726884693,0.358833472783053,0.160061254323039,0.27741898598623,0.435834614209034,0.145740971523777,0.2714131467565,0.352154655303139,0.216554934314523,0.363960752196046,0.413411884000119,0.188256043233437,0.328846341923848,0.389100486500133,0.200803874720557,0.343881148950808,0.362463020295838,0.0649949817553282,0.25781463027689,0.37135123075779,0.0486483489233712,0.31336371293822,0.311724819907816,0.183168145178836,0.198344256828035,0.366860090790915,0.197943118378789,0.350253184728525,0.512228025611021,0.186363981252621,0.215186847356912,0.432140549920977,0.11848380075796,0.279734749269429,0.427746068483558
"145","NY0465",3,2123400,3,9,0.341392462712057,0.423129521168737,0.581596898018467,0.203509605337414,0.392948041179986,0.483966147884863,0.205491006979576,0.403433502354713,0.491222815160127,0.319577296673327,0.357715642310736,0.611867115614381,0.10773556414493,0.452706122620136,0.354775027171726,0.159734030061815,0.206387678817346,0.351097995496972,0.0980290686021199,0.360526096901643,0.382620209655915,0.103111299764976,0.311423679060665,0.415911323433483,0.136789396392159,0.273861002178649,0.474443790849673,0.177492632637891,0.298265784189782,0.485338489378052,0.212101930896472,0.350086128909658,0.49608774549951,0.216584813808835,0.349693997795264,0.515312632066169,0.206108041084959,0.274544723447933,0.44674772229453,0.234182114553068,0.402581969426889,0.439329120077783,0.218145544640699,0.415333916371979,0.443611797660241,0.0893824889606913,0.265539398368043,0.36384703446596,0.181873444162841,0.294549633685575,0.448872485053177,0.16264656393739,0.308678067718315,0.376976264189887,0.230138556586185,0.435038552685612,0.449090954973308,0.186519643043015,0.350295561908791,0.399889007917284,0.198296650536837,0.372948113510528,0.390879505329103,0.0811467102593112,0.265778818902192,0.404518287157538,0.0552279259007195,0.300848054826012,0.290906762393006,0.180089333954983,0.20262405798738,0.37079982685519,0.213620197899299,0.400774593618738,0.5184993168188,0.193744308037218,0.225307803246494,0.443899229801467,0.119464259951965,0.296145662783064,0.429398196737968
"146","ALGONQUIN",3,2123410,3,8,0.337460795832039,0.386338171632289,0.577120292561469,0.206734409971119,0.397930993129088,0.492635862317088,0.205512402400664,0.417194621944957,0.492010961533604,0.316132916671006,0.351855742296919,0.606127951180472,0.106363340611428,0.457387413474532,0.370762090584007,0.157220231914085,0.206380890817866,0.354523347800659,0.0794857089540634,0.369440394399964,0.377496988093472,0.082472824157736,0.31224592294103,0.404643491549015,0.121364976947086,0.260715729274166,0.469489164086687,0.16625649209749,0.273150888674054,0.485939862670732,0.202056959061325,0.3242425037842,0.495413462127377,0.207557104694148,0.32394216008016,0.51591471093829,0.20399498130345,0.300802620022645,0.452318444917093,0.244685320527386,0.43409620682348,0.464624027190872,0.219406779974205,0.429196670719162,0.457960555711421,0.0816308126454159,0.275375106564365,0.357035142559439,0.168845201815716,0.28961732051798,0.450870005959095,0.149749659491253,0.283119307439079,0.357544652711794,0.213108072098203,0.379645650233886,0.4176092058445,0.179694999712231,0.323126846019715,0.387048948435999,0.183571293463869,0.304970260652853,0.338024399539244,0.0641684557500054,0.246937854787933,0.37989340869091,0.0412338759478073,0.31388375978194,0.307661420322987,0.162551253765326,0.173663840964879,0.317395810648406,0.168176185217589,0.370278919428033,0.460491884769434,0.174485536081731,0.183946744129751,0.39678044057129,0.0948999139343124,0.303410033167496,0.373892059311287
"147","FSG_415BR",3,2123420,3,7,0.35425836811473,0.401224311273331,0.595511487423252,0.210130037484662,0.38563301915603,0.490891451950953,0.207837092185641,0.405848190857852,0.492512625488151,0.339742767812873,0.37528281267664,0.615113489341925,0.100665835091776,0.467056420857459,0.379297694454928,0.150221127588312,0.197970577305616,0.335828422784945,0.0977060219302865,0.327048526193847,0.385731447940226,0.10984752057366,0.308460238612525,0.423624806260288,0.13907187077828,0.274037037037037,0.480383006535948,0.18963630743828,0.318436802033589,0.502782117252187,0.225888604854092,0.35583840525017,0.501833812422048,0.227476448073726,0.347737014751162,0.519129553976911,0.204921867937067,0.280421785551781,0.444735616858724,0.241962518481361,0.408974982237014,0.446915057610245,0.223382398310592,0.407783819410117,0.437262760307743,0.123201983210322,0.292702959444647,0.38824016563147,0.198507987406548,0.300404382903773,0.48108723808016,0.17760536880214,0.325371241007416,0.393959451622058,0.240032840663041,0.443002386139641,0.450891737166247,0.198587114669646,0.353326009675416,0.41547156851373,0.206086614026759,0.370021282153394,0.405212628838388,0.0922917012332207,0.27474261090867,0.40392012262132,0.0853827741330092,0.289421540180303,0.295320444189282,0.196767460788168,0.205683347966052,0.396806528234341,0.216463218023353,0.413604903387847,0.526973627879099,0.185051498189081,0.224717480134054,0.45643575815136,0.118653565461526,0.291363532101021,0.419546878546001
"148","LANDER",3,2123430,3,6,0.338732779600144,0.353704764734177,0.588235294117647,0.185044062073325,0.334904690126604,0.480489544758112,0.190777281462543,0.378429267799864,0.492186413423248,0.329770351100694,0.340428332768085,0.616827825300524,0.107579657433634,0.459528478193096,0.368124321755115,0.152736290585201,0.202002893465078,0.357653461384554,0.0888336648249994,0.318115818810457,0.369198959490309,0.0870416687086525,0.323431396882407,0.399387869319979,0.115116748993155,0.255871895424837,0.471949346405229,0.167305692001273,0.288280951146979,0.495130492725725,0.209722678461346,0.327107574683762,0.493027511113975,0.217175257579815,0.32203864325979,0.515532211287982,0.216941860476789,0.289155370728972,0.473564860374803,0.253850287432663,0.466158773209153,0.475977193835342,0.236679930652406,0.436528050541891,0.466023982459969,0.116237470775292,0.266949701619778,0.362799658994032,0.191272314155196,0.28748040205204,0.473224310471076,0.181006887948425,0.320600712139971,0.394715575902412,0.23338551009857,0.435068376244847,0.44737403560933,0.19762435822362,0.361183703269035,0.413650661517362,0.202380166528184,0.356280959752322,0.370182318541452,0.0909925021849461,0.25949728563992,0.384828338415012,0.0724601645163213,0.28986807044908,0.295857338191012,0.188315637463037,0.207506102304123,0.376430621496204,0.214511970229405,0.410390444387362,0.526010598319871,0.179107904513845,0.219334003236846,0.447340501423392,0.118549179524583,0.284612768370451,0.411886148321618
"149","ONEIDA_VR",3,2123440,3,5,0.347819362295637,0.36050290486565,0.578812518273303,0.190922242840857,0.323778578211741,0.478637449432515,0.186543802953421,0.34446915019049,0.479137701309234,0.329438599101537,0.283332202836291,0.614892414364849,0.100411093865983,0.465496749251411,0.377818815556574,0.140840082778839,0.222312782415084,0.357483800655156,0.0922663962048878,0.317085733856862,0.374971682996343,0.0805649305743778,0.339976850806215,0.398344876358728,0.110950329120957,0.238183802029584,0.450513523391813,0.166810964250115,0.274852383431249,0.490546590317543,0.204641532606174,0.317569857439139,0.492137453357497,0.216587111657288,0.334241103848947,0.532733974977708,0.228993900214923,0.27432250828016,0.467775626170598,0.249327192508569,0.397859300533097,0.461029879211697,0.231536195457387,0.401560515608959,0.440985588805658,0.0949785534718898,0.237163471449186,0.354146992130185,0.182814946863554,0.267584210364959,0.468269630836476,0.180664095135664,0.287248513440464,0.394314708339476,0.231493853297651,0.442568771980537,0.464294546647488,0.204491439062081,0.37672623393401,0.423967011697383,0.215631386727285,0.359270725834193,0.400808823529412,0.108343417263808,0.25082711550697,0.415267896735882,0.0465471120200741,0.291519069446197,0.294250430398974,0.19122785861604,0.206093759912899,0.359904849808274,0.207989989964848,0.397094856865599,0.514077142259136,0.186650082064517,0.23473117889131,0.457357540547083,0.130068248510063,0.267283435762365,0.430961003804507
"150","WL_358LH",3,2123450,3,4,0.380750480155316,0.385704123732293,0.598578637601007,0.223055387243515,0.382887850911745,0.504326710542912,0.219875750513194,0.418314095926048,0.494713880399734,0.363397946358417,0.394808255140621,0.627075152931128,0.103812566150546,0.45146864329444,0.375133377513304,0.134044823538132,0.286082186720842,0.383208175577923,0.144003044154721,0.293527604896552,0.402382165304868,0.110199997660568,0.294878503399374,0.423454367599609,0.143145359862156,0.300916666666667,0.467655010893246,0.191400774984891,0.34351996452465,0.514487053425107,0.234229024745015,0.386107853875395,0.492361316925456,0.252462611633059,0.357789360469926,0.526941386658438,0.256387875737571,0.361371067585156,0.469499910055765,0.268649311302726,0.437720686918548,0.456207903801487,0.248394595928936,0.433672599935576,0.43088001496306,0.157994743442061,0.35514229934398,0.40415487407084,0.21210011710452,0.353947845819947,0.464698625889741,0.203744141662113,0.339151862409183,0.377116025068863,0.230616531062765,0.415549086137321,0.415329309446957,0.207559076159056,0.378413404568416,0.393095291706753,0.205590277460972,0.309941950464396,0.327612229102167,0.0990622667000187,0.228506482238913,0.335487965097543,0.121948648434392,0.26380672760428,0.326779927542603,0.236061121821857,0.238514234708006,0.398516170488489,0.230961777128342,0.422450314429508,0.522272288342799,0.188881254286858,0.227650188713983,0.438058240510602,0.128345381914537,0.293344195939352,0.400831720727914
"151","FSG_421LH",3,2123460,3,3,0.399662294971886,0.415189240679437,0.600134750870045,0.248423786952238,0.416678928030139,0.514244230645965,0.2291006719598,0.417895308975172,0.482969732905328,0.392847135489637,0.451441132506814,0.62953159739232,0.0817511043477851,0.459656495040585,0.371835328130315,0.0944222747817317,0.456921765361663,0.402070768106574,0.137201387910771,0.268240431543797,0.379072449940675,0.10477250546799,0.302224722037246,0.390313864404787,0.133260875104744,0.295310130718954,0.441125381263617,0.195948655716292,0.376813632942164,0.521189057120646,0.24743676281133,0.41516875163934,0.503040366569778,0.283561691370976,0.422899742631686,0.537907378711548,0.281910554832297,0.381945546702221,0.492671132133371,0.292998234141475,0.432174480302823,0.460805089147335,0.290143602654869,0.460500652749788,0.450033841590935,0.138209917144726,0.328245574324006,0.357481443755954,0.220828352517095,0.387329335681789,0.447153817229482,0.217467091267744,0.352837522674268,0.35928084008934,0.257618038220009,0.415623555819634,0.424067943675787,0.236172764913902,0.405980659051279,0.410190028824597,0.233995297654786,0.346597210624805,0.330546527412013,0.125608223401999,0.232175564424393,0.358495286020013,0.0617140870371443,0.289313872036109,0.281450982940781,0.228697608520956,0.209302727931118,0.363701617445884,0.222281385793624,0.413519041774886,0.490062410213964,0.209979245338869,0.203799834789792,0.429518986008569,0.129555986470753,0.295632270346932,0.382083833005694
"152","AMERISTAND_427_TQ",3,2123470,3,2,0.4035876792472,0.397931226362599,0.62767815880561,0.235606995544159,0.397526575383727,0.537837991607994,0.217851422898075,0.389106491888297,0.502379797775701,0.386291995054046,0.400907362945178,0.644959983993597,0.0406437840477139,0.483979164754162,0.399986513303663,0.071862239476817,0.478121833348724,0.421281620340444,0.189200665489289,0.302358150960735,0.43993432295115,0.167758076959213,0.336184330272193,0.465947371750885,0.158778075401978,0.311336751805986,0.478207666838665,0.206215555135935,0.363200434358766,0.538318587346833,0.2401945386009,0.348425729060031,0.50972539395053,0.258242890269483,0.32530956123659,0.530609102525211,0.280591189879963,0.331313820725268,0.491396569421077,0.279314724140761,0.400694314598058,0.449198276471004,0.280816320342054,0.395498612799651,0.446802685037979,0.190726250374112,0.360084397395322,0.433941334109401,0.242086638996315,0.364242788065097,0.48427084638947,0.231665083091184,0.35705997523826,0.407786991448562,0.259560347402736,0.419684007919302,0.440428358075417,0.244000805989119,0.410400049127643,0.429883708500219,0.212577226095335,0.326471230553807,0.339515434913865,0.122779271245777,0.236728886244763,0.365945316179569,0.0815109988681689,0.315225610618589,0.303120790787232,0.255075660726589,0.257375911141965,0.432246428595735,0.244538806587558,0.40982330583859,0.523302865542141,0.208187176048403,0.225678472916636,0.450633668101387,0.125740391914696,0.30872268559165,0.384228367964101
"153","WL_349HQ",3,2123480,3,1,0.410259836462208,0.418912042931651,0.635340213526488,0.221149439037083,0.366658215010142,0.531658082435138,0.208964516884153,0.365423712063901,0.497504804841645,0.412916545966871,0.485171568627451,0.664398994892075,0.0233944784228573,0.49470550188276,0.438346397089346,0.0736536497524573,0.479117622131487,0.430422443576973,0.224795554521448,0.328150341099241,0.45101765870462,0.213175762258347,0.356673996111363,0.483214794501119,0.161509391952048,0.313462091503268,0.477066339869281,0.21714467546891,0.382213008551438,0.547511198311924,0.247086041012704,0.360888803241744,0.512188552188552,0.265837027292096,0.333847622753058,0.527861293907459,0.305963265548881,0.383390843131804,0.504405632144434,0.299195797612568,0.426678692355585,0.455983846344105,0.295616822976583,0.432153329800389,0.453161228455346,0.206869359657328,0.3655605272412,0.439049316696375,0.248751996890955,0.385666066359257,0.48718618545321,0.231193039803342,0.365473907624724,0.417386690358963,0.27376659644198,0.439740580917051,0.454740454740455,0.263631015183008,0.426934230367707,0.44055350477971,0.231130963352895,0.363063688021616,0.374033203584994,0.150839515331355,0.255514736868199,0.377926179321286,0.0772880211149446,0.32325632664192,0.3036031179873,0.260703970900724,0.281310989512084,0.460361712400418,0.260784301254449,0.416903559094671,0.529846424256262,0.20858310112224,0.234065973181135,0.461837061585197,0.127724068863734,0.312037221255834,0.390331940639228
"154","VERNAL",4,2124010,4,51,0.413262185921529,0.4482553122259,0.658549547765234,0.199304246992318,0.37936122048549,0.506127368121014,0.209949763793766,0.299899132402353,0.504060943112038,0.388598514943037,0.527380387132432,0.645018904422756,0.0680750156548256,0.433744167570502,0.373315607961004,0.0797897365454868,0.467341433786447,0.40303645203901,0.0677317393397326,0.411514282416514,0.321383952230999,0.0884746630581811,0.31156497744295,0.370650528764497,0.178063329462059,0.255643899782135,0.507234749455338,0.152742427160378,0.240276218172046,0.534735538855777,0.141509432284859,0.28750273822563,0.490674140411915,0.201920957780227,0.354828842245075,0.563175535923116,0.207009545053776,0.285720030051956,0.539201401013724,0.293091638039153,0.4120692735666,0.462253967066801,-0.10623743631539,0.334661215837686,0.351352865470513,0.172455972655763,0.348431736330896,0.539740744782762,0.217851040638671,0.391888593499528,0.550428681060851,0.155254742321625,0.331719295647775,0.468888313034465,0.152732907914214,0.237941073235191,0.44989389695272,0.150250294464075,0.232925429700011,0.430261378598626,0.132300733439433,0.245371238689842,0.297150246864415,0.0768587824817482,0.24909794006098,0.220604347933864,0.157580906468566,0.144135296283978,0.326966104567518,0.163723504284985,0.111150586089429,0.228523242402296,0.103462852796545,0.253382971335065,0.275415750968024,0.131016544097302,0.154247158336111,0.258633320290422,0.0400685795685048,0.368117430795848,0.400511101499423
"155","WL_349HQ",4,2124020,4,50,0.423042061470706,0.465558715068519,0.667497925095964,0.229029982027432,0.416585693785038,0.536858168369947,0.235664734639336,0.358975576490794,0.507316192256207,0.399629430386505,0.522636319101632,0.65724485309819,0.068021355292602,0.431237568722651,0.38240518795808,0.0825065269599783,0.458440360759689,0.406447994582448,0.154730086714242,0.34038408376451,0.356112803199883,0.168606401802423,0.330744761924191,0.421946562568152,0.261382046724675,0.335699066907465,0.574240411076711,0.167631322858637,0.27028220980022,0.547619294413801,0.180621897442266,0.296712113182701,0.498490576137635,0.247641283141971,0.405746302271495,0.56194304257099,0.207892101483811,0.28137175901787,0.526118510794057,0.285868933303931,0.403948434528226,0.457451662700748,-0.108731677785863,0.442259938311231,0.361410073744696,0.226491748676049,0.407582184388907,0.590087671432209,0.238340529621649,0.380650120222313,0.560166778348597,0.183511199363523,0.327773477812177,0.461268298742499,0.166553665979315,0.233557927675575,0.457506704565528,0.160854399992101,0.235338696434379,0.440677233658804,0.142198238798064,0.251405607012405,0.27659348517743,0.100294121407424,0.207015057743845,0.232901459502188,0.199690338783885,0.165582991499063,0.393653797386895,0.181918334255693,0.118371344372529,0.233427391088334,0.12012946615068,0.255862017296001,0.285997421773173,0.15470688365406,0.17555489014256,0.282262436844448,0.0719823282402889,0.336449828635957,0.372761969776895
"156","SEEDWAY_9558_SBR",4,2124030,4,49,0.4241196929638,0.469283875166228,0.658755623461506,0.218313696529215,0.398774758382055,0.508225450423577,0.253700620922654,0.389475011415759,0.507845948598417,0.403729530492871,0.5151985352305,0.640298229552966,0.0870866849937409,0.376365110291239,0.372809375100757,0.0800020172385224,0.466302677146667,0.397350021390942,0.0667129113776066,0.419433339483773,0.337398171028052,0.0922213378287155,0.319153490137678,0.389898140442576,0.237189610041833,0.300555773420479,0.554977015250545,0.141478961745891,0.263170471728514,0.525667187228874,0.173801892768339,0.292461129922741,0.484615805269006,0.238222511137398,0.403867903644523,0.5564392389411,0.22510805588751,0.293537097908388,0.554175865508839,0.257205829127269,0.380151577477781,0.448354378835662,-0.140140429828752,0.509785247432306,0.540875160875161,0.191648406068377,0.347575663261938,0.537978288958681,0.224200970882881,0.366428522738018,0.54619838290817,0.187591512968863,0.353205246856452,0.479728032182036,0.181307031237427,0.252022088296598,0.477421743108018,0.168823418465303,0.227415954202119,0.45411955757828,0.135230944400668,0.245855263157895,0.2834326625387,0.0899806410921681,0.217263825884336,0.243105029622468,0.179424683473332,0.190074381608106,0.363248961116909,0.175261355453192,0.109919933968377,0.233716725412227,0.114057781659535,0.27099720771375,0.304323524654889,0.158069246215213,0.180230139003958,0.302068673478781,0.0660587022308973,0.319726791017397,0.328053872742196
"157","REGEN",4,2124040,4,48,0.408129855783323,0.455612969093361,0.648937672712183,0.207465150006927,0.394012581367909,0.514668429914224,0.25145642284113,0.386321656185016,0.526976822502294,0.401632635380953,0.538233793517407,0.65108943577431,0.108589757734328,0.315228631346541,0.372007616218024,0.0896005943643196,0.455992612429587,0.389182503770739,0.0583230368122877,0.427538928235049,0.332732743752523,0.0835652716324685,0.320606133904923,0.384616229012847,0.242666872814259,0.280383986928105,0.556583442265795,0.135560301129711,0.259523065863514,0.533904464440644,0.176297123008144,0.301338557809146,0.476639420168832,0.253938084859561,0.415858896871555,0.576180350119293,0.216015417210657,0.295902775573262,0.563776282234426,0.244698385158096,0.385866480518887,0.472874778222372,-0.135825354758472,0.511888396561712,0.538086291210655,0.196825673288717,0.357865812991863,0.54443013569064,0.22731920290565,0.390108341194502,0.537496784067446,0.197922220945933,0.38231407100285,0.485319551217452,0.200435540359487,0.303612550671374,0.493485387603035,0.187656182659293,0.238893172394813,0.463037134584724,0.157784599904035,0.229778981768146,0.298258083935328,0.122515197418212,0.172596255808125,0.275643472728324,0.193225794762024,0.203587571377417,0.395845996811671,0.178845378116108,0.114724299153365,0.264461355637826,0.108761984020082,0.281855847627746,0.290416797480758,0.148469269846541,0.169245461147422,0.278859235052045,0.0747206832127075,0.326464003511853,0.320358989366891
"158","VERNAL",4,2124050,4,47,0.375424943703647,0.425001414707297,0.629722410849862,0.168175409617655,0.356848076097744,0.487933112711569,0.224987611341965,0.33255924106133,0.517989162878266,0.385697826980125,0.531808418434638,0.638336913240633,0.120131433439892,0.294927083173621,0.374541320481391,0.111017977025058,0.364732987955494,0.39154604985807,0.0515942511944705,0.430863846139436,0.305001519823882,0.0755189889321947,0.306528355695716,0.362092476603449,0.201168126825198,0.254427782077743,0.539565380976952,0.115252006795527,0.253061365515369,0.51318155456015,0.138292767753033,0.340258359641776,0.45237441745592,0.231046045154561,0.421938170486197,0.574475791254148,0.208449486554254,0.277386463583553,0.550139303639801,0.232699395573488,0.370729092654226,0.434704511175099,-0.126043277630182,0.416160193807253,0.492599994952936,0.156974442111869,0.320535379369139,0.498510778224333,0.18857838963576,0.372319011713691,0.485835603726744,0.165256696624866,0.34035168252323,0.44942805315959,0.170151443152001,0.241890171301936,0.450349509173039,0.158398561059982,0.223637674533913,0.426388822551408,0.137977664026593,0.217295751633987,0.251046181630547,0.117721636524671,0.16612131578295,0.276592548523834,0.176327705269925,0.17661089001793,0.380752022652175,0.141889695547183,0.106358903158625,0.236076661834467,0.0912771237496347,0.303336235027733,0.306771650921407,0.0951115468397587,0.169544373759622,0.278865646380347,0.0350225693970359,0.329704905824309,0.355340455603845
"159","REGEN",4,2124060,4,46,0.374357190513099,0.425845051825444,0.624483867621123,0.187248832746641,0.393698875763963,0.504895249174721,0.234364355372695,0.351405155226132,0.523200786582714,0.368743893439343,0.534144276544699,0.633515971410986,0.117100281186046,0.299658752582589,0.392400189947085,0.121384317294512,0.290012004801921,0.406496013790131,0.0848405076811243,0.386322703753991,0.336396340195467,0.115339756688375,0.320558339514061,0.38684459391525,0.218125412354755,0.288381045751634,0.571905664488017,0.143836858153347,0.308958896333864,0.530924616542652,0.169438199913817,0.301712387769033,0.468004169747089,0.235721953683114,0.384661206254654,0.555364597657971,0.204058743672963,0.292849962435055,0.520009417690444,0.223707632246696,0.346152599628535,0.433682775928765,-0.119585005943304,0.427790216432594,0.473837594659903,0.165139762320577,0.364777006454756,0.529451223967848,0.203643749015197,0.398317325590053,0.523379626588183,0.177095126746472,0.381468581584681,0.463812445055995,0.178167517526075,0.282666776784424,0.482124905654317,0.159241272391057,0.282503291697804,0.450073840788584,0.131063610610353,0.247401821615303,0.287360884515413,0.121713335634983,0.212523239384249,0.315942589425151,0.151331078954824,0.207653647018046,0.388547118333913,0.136088572780499,0.112626538987688,0.247581878168504,0.0909074664595971,0.273532146968443,0.275437156910314,0.122849988518693,0.174636742676834,0.256973395522914,0.0387475000227386,0.307024252590539,0.295122285113505
"160","WL_349HQ",4,2124070,4,45,0.398116422979298,0.424055329202388,0.650432075186977,0.186728442884264,0.378639756176068,0.494584372736783,0.229947455194414,0.345621782410596,0.529776658690191,0.387143143440492,0.521583700744872,0.642072577910088,0.0864990198801111,0.334274568737385,0.405863426232871,0.107197893391906,0.32600345377839,0.407734714844689,0.158069187155619,0.336471745965131,0.363290316434096,0.176526331508706,0.329184588206094,0.435818356133717,0.274429718826596,0.322120806100218,0.589218082788671,0.165365201823966,0.351230262016311,0.523975112168761,0.177399417339676,0.293859287417048,0.473961944032816,0.232034731731874,0.389596148643059,0.557630601562098,0.219304013319154,0.283934372453785,0.521612541400802,0.218413771432642,0.337827188291585,0.438777729447586,-0.112930717283388,0.441577712165947,0.354591061649885,0.208945118786466,0.390572646449884,0.528557788332724,0.212182706121978,0.371236976992151,0.505164669056091,0.177693662826086,0.361261121188564,0.450883155024124,0.157959426176947,0.244396815965443,0.431242867517377,0.111573778493198,0.284878920829438,0.370478835310948,0.114075899870753,0.247754668585058,0.24175926758561,0.11476127302816,0.148799332909172,0.271284728247248,0.183677723653164,0.187750290861779,0.407801849536851,0.161760527403541,0.104900971626169,0.247836915791262,0.0665669188586634,0.272996998411203,0.298467572375869,0.102957029185471,0.188516218833212,0.277247155652384,0.00514294597844464,0.285152546093064,0.318535142912887
"161","SW5606",4,2124080,4,44,0.404394999157446,0.45600029170866,0.643024755783662,0.219752367219912,0.422372860570868,0.499289812273794,0.253394279836555,0.398137916690302,0.523346422036081,0.394092479359003,0.54088254135735,0.635537802564972,0.122061611844415,0.264989244643005,0.386553620510558,0.128464329188298,0.277444393141872,0.406829808846616,0.129627119817844,0.367067159467726,0.335506929248724,0.160515536764655,0.323453203025618,0.391231283565967,0.279629887913712,0.321397811317509,0.587833354833161,0.156299432729023,0.363882622862321,0.531785624771049,0.194183793817835,0.274281340163693,0.474811924223689,0.233309339773474,0.380433983251059,0.54924069018137,0.217573205514489,0.296112664781196,0.533599827252953,0.224158885695931,0.356748064769455,0.443205398285612,-0.0952916238029417,0.378899518284823,0.361108414619508,0.225159063515194,0.419683622241167,0.528951406649616,0.221143409938181,0.400238363821473,0.500101810377622,0.179335531926773,0.356102617258357,0.424257867611068,0.165477005040349,0.224585624585625,0.439317545199898,0.134576308963866,0.240762110995377,0.375920088445443,0.114735837946666,0.245807587066274,0.245718518899152,0.110629481871312,0.142733695248011,0.237981210183188,0.203402118498092,0.171272923285126,0.389969633138236,0.172485602451004,0.11022522268197,0.237645284358087,0.0954012732408595,0.24932511820837,0.267238681013405,0.111234037968834,0.168468747123262,0.242652796956028,0.00456377156804475,0.233838936088071,0.297816328439166
"162","GUARDSMAN_II",4,2124090,4,43,0.403951099114622,0.442828612926652,0.659597610087806,0.211134238485851,0.403994982036087,0.492044173991436,0.236994865703038,0.369234275218603,0.523057532015239,0.389741509701628,0.488120988305636,0.643007624574493,0.107277185691729,0.305194780857693,0.39633374390041,0.109026375988873,0.333622251576216,0.36501491120417,0.0913863966034768,0.407213983446875,0.322479254325508,0.117172753496865,0.305002306805075,0.379819588619762,0.254191359080314,0.292025163398693,0.581652287581699,0.138097623255402,0.343608386085712,0.526623477584867,0.173389934672745,0.282410688505657,0.47694044150458,0.218695648884544,0.374820390010263,0.566005022147986,0.220622608335919,0.310430885791985,0.549876194406527,0.2164592620769,0.359297624538266,0.426502374630717,-0.121518507551081,0.401475256769374,0.421201705907588,0.212951016296471,0.390850643287618,0.52590684758752,0.23609165633817,0.417479720384285,0.523906088172625,0.190400330674811,0.374633612622729,0.433602065397867,0.197372608424456,0.254230242465537,0.48459475518299,0.16568593335184,0.222366269324108,0.427384567096761,0.140991231491222,0.182572669418645,0.265242518059855,0.112955519866728,0.208341527368076,0.318231727302524,0.19795831646377,0.189331075251963,0.415858688962034,0.174291726686139,0.121955151417612,0.264903838416351,0.0785305901565648,0.258682310491082,0.288066579113348,0.115147050442536,0.175810727151483,0.277162352402314,0.00660232524457195,0.229713320651644,0.28458077260755
"163","SEEDWAY_9558_SBR",4,2124100,4,42,0.400730531668794,0.423874718237463,0.634945863867433,0.212182895503177,0.397299227488533,0.484800317185698,0.235632267209304,0.387649416142584,0.514976889854267,0.376688202495796,0.471664665866347,0.630832833133253,0.117985978817365,0.287868395932036,0.385529753620003,0.105342511301402,0.330599932280605,0.374680087419583,0.0789031551774063,0.403367064274507,0.32404411915452,0.117274387236654,0.300121380267037,0.367097059042101,0.257247772256556,0.284019285345717,0.572558909528724,0.144686883634871,0.384710077863745,0.527070669677563,0.192322823270018,0.275973727738434,0.477273209037915,0.215506470992617,0.357993734613243,0.549480232279934,0.229770475164727,0.290351629048813,0.543656815127562,0.219067006664238,0.330538623586752,0.425803073931416,-0.145245718748928,0.499628406060321,0.549890661614659,0.20967942764943,0.375168734160331,0.515072938266216,0.216527405507118,0.379391399177495,0.489396348219878,0.18493360668071,0.361584353039461,0.405558504103396,0.17758304587823,0.234670575847046,0.449093249093249,0.136070996665042,0.259390316850554,0.375259682808282,0.109324256079559,0.262438080495356,0.26296568627451,0.0788795115732845,0.186456954463201,0.299563719293027,0.162639170975978,0.216460291792027,0.362609001487122,0.177633327675916,0.136433155698933,0.265445957626369,0.0905121301582176,0.248424641569389,0.28173490405381,0.121807454267476,0.180522465206827,0.272975329575043,0.00788011408015814,0.231161959808799,0.26995927226612
"164","SW5606",4,2124110,4,41,0.409765778802372,0.455618038461176,0.658515948466929,0.217785184330146,0.392458388020523,0.474436639091066,0.241872725794069,0.394760677993825,0.509489903017168,0.385480741466076,0.511799204976108,0.627369624320316,0.110819225923603,0.300184953937554,0.379251200610569,0.0871981205576901,0.384811244453188,0.407529361800462,0.149508074115429,0.33309884652551,0.345729575673064,0.173705945538175,0.320639286739764,0.401845930727714,0.270879542780582,0.312903376906318,0.57166339869281,0.146021059280367,0.391793956520661,0.515178106640886,0.19752462058183,0.301540063999313,0.469545776689646,0.224989648281338,0.369973547635499,0.54955402163146,0.213720108898574,0.289395543336862,0.516152902203052,0.220856692357866,0.335442869667469,0.436144663417391,-0.144485031509149,0.407740177151942,0.424728594140359,0.223333098672703,0.418817223859241,0.515322250112166,0.218567813017194,0.407332106331374,0.482390762742239,0.18940540020042,0.360245409960362,0.395022698261879,0.155555878575441,0.198444127855893,0.395554454377984,0.108880405373414,0.275029343112895,0.323617108917206,0.0989288993597995,0.242423030615755,0.222424320605435,0.0746094151101121,0.152112132955444,0.264008907397767,0.181424145795039,0.176994203153413,0.374742365913676,0.176805592417172,0.13007772696354,0.263359573913207,0.0737024488521449,0.241191216904035,0.298156591603162,0.087422341688094,0.184263033538924,0.265061094234251,-0.0185105427534397,0.23207540626329,0.278066315116359
"165","GUARDSMAN_II",4,2124120,4,40,0.359925047373362,0.403560818266701,0.615898009035264,0.201451299219861,0.386373609619642,0.483017639104323,0.225054721439053,0.344899014135495,0.516481701310838,0.353628484653942,0.474728366682996,0.620266043637186,0.127805311983734,0.314699365671938,0.375046665102663,0.0877245746935621,0.426114199525964,0.404425770308123,0.120766482717935,0.362507401632158,0.357683044925947,0.141963374947377,0.297487151614591,0.388642809299895,0.216937947787331,0.281335076252723,0.545034640522876,0.129668113560524,0.370829677003545,0.521071862373268,0.161812857306273,0.2897481359355,0.462370213350606,0.191868985997288,0.341930724469816,0.53522195563645,0.20154605374454,0.274663238204078,0.525574320391945,0.236286393801066,0.361894770957535,0.45155481070201,-0.138874130264293,0.356281868616491,0.402858976968482,0.181327372456079,0.353698812858477,0.472046758097178,0.199533806650079,0.421746960531437,0.469451829178458,0.17975903239137,0.365923074075445,0.395401720159429,0.184148205109992,0.255794641088759,0.434253364645522,0.160698500927523,0.261435937325864,0.397167882348392,0.124813150760032,0.225336039635334,0.273244864663489,0.0697430097748817,0.228355767085595,0.332351701742644,0.150737958588997,0.222544878092915,0.37082385563571,0.164464500030412,0.150189141884644,0.277169351217794,0.121412351836209,0.232017700335835,0.295918957102492,0.126440701925243,0.154939887692166,0.274759826935469,0.00928059288574105,0.250721027216857,0.24459296653985
"166","BORDER",1,2124121,4,39,0.386792317356841,0.422072970602382,0.649308443916287,0.200397330187497,0.393670452106971,0.48038251723398,0.23915684560745,0.367539035078752,0.518136402979683,0.380793877746093,0.48410094082476,0.624031854894424,0.139920806904879,0.323853221551161,0.413607135306068,0.104866405807892,0.385910083096784,0.384375056600121,0.159800898556429,0.35386163198904,0.388695216077697,0.17212076855765,0.29743146501589,0.418676555755089,0.227419320684615,0.330923632610939,0.547797772617819,0.157751685346338,0.391634645047446,0.533615172941423,0.177862174944733,0.293202328028692,0.473254085862165,0.214190468336863,0.357271940592864,0.556460257726081,0.217842517718003,0.276535457107502,0.526541180831521,0.247408825093036,0.368115544586133,0.458978514058728,0.217100817631607,0.373385822797588,0.458919928331693,0.1216081385112,0.256041962678791,0.357199488491049,0.200876098773129,0.391391195931103,0.455718202947883,0.178651920484499,0.355041605482134,0.402039484418339,0.193080297727609,0.283347212758978,0.412656659715483,0.166701038609547,0.252557425579738,0.394108510132851,0.141302647706493,0.211750574875069,0.279925405410035,0.0581088985956148,0.219363468101105,0.341818497310429,0.0792394344736012,0.321655391251726,0.296156273113308,0.177150491685828,0.210367451388747,0.393909522156659,0.207788830542535,0.328100888584449,0.51185175671433,0.169576750484511,0.196021791323083,0.432886613625495,0.0799543995763375,0.303422592917764,0.3346536923227
"167","BORDER",1,2124122,4,38,0.393301937150781,0.436019037244527,0.652376000905413,0.204603199989511,0.413105867769691,0.495648805499211,0.244721252573756,0.371184721204927,0.529693211763022,0.377727430057844,0.479324716433659,0.627520317544058,0.138682173180047,0.34815419260589,0.397523321217973,0.118414529374994,0.412549512112537,0.394827961954012,0.170481864431537,0.343113979708373,0.380939304807353,0.175305882967021,0.299626436321017,0.419864009415106,0.229642956223907,0.3579348583878,0.562004466230937,0.16057663556383,0.358764051876257,0.533654660101926,0.169363572813557,0.278538431479608,0.480352437999497,0.211533520449577,0.360807568551426,0.55644728868854,0.222532116109987,0.287246738609492,0.51659003649808,0.223631856064346,0.300627111665601,0.417777612258368,0.266661827109002,0.296410360790577,0.512205712734921,0.114019521882546,0.249197418097674,0.355176714163926,0.199127106742198,0.388251060978334,0.464266600095477,0.180185403727011,0.36124527003784,0.403972676790014,0.204999741648168,0.311966359025183,0.441134488193312,0.18331866737088,0.265642719215049,0.42649481089269,0.15001384399015,0.232084666144248,0.298448586685165,0.067503113291431,0.226247738033266,0.345567536749213,0.0694548281328609,0.319299714426617,0.295780369728967,0.175401464861649,0.211022638877713,0.409000160939889,0.19309648141827,0.321761280931587,0.520243123935649,0.190931394443851,0.199097528521418,0.469358160177971,0.111627742847009,0.337977715677452,0.369229065629417
"168","BORDER",1,2124123,4,37,0.410428507271598,0.462836436324423,0.667760215481839,0.212315134476557,0.408764350473432,0.488884669804994,0.24668274379118,0.368993862751913,0.521312880383297,0.37285022459258,0.486963359334765,0.628239816105814,0.0683538021256586,0.419945269080438,0.402211042834696,0.0851167031531772,0.442976370035194,0.399700089623363,0.188230216457748,0.329821574143881,0.397856683154662,0.197903231214583,0.319384559979365,0.451953435630892,0.23977833592473,0.353639324618736,0.557768845315904,0.166808985017199,0.342632598762219,0.546115545529913,0.179807155713077,0.296871582189324,0.482896947266189,0.221407528050855,0.382037174926229,0.559230762159529,0.226986506746627,0.284903124768526,0.504685036453869,0.234004217857704,0.341289437585734,0.438961613979769,0.297761666827275,0.333339894516365,0.540700027758851,0.132840494471328,0.257833637802947,0.371202046035806,0.211445324901401,0.419907163564268,0.479516462623486,0.197651981394593,0.411677367961379,0.42864587832196,0.197886475738921,0.32762831586361,0.419546360722831,0.172417529597102,0.255288613531481,0.38286036604643,0.154648281162413,0.228793859649123,0.303917268661851,0.0834858719345723,0.234824165654462,0.350847841594848,0.0808459516262164,0.293791040820045,0.287077453975026,0.178398887409507,0.230301120204544,0.418338992000098,0.193035083999991,0.325788571129568,0.521749983350934,0.188546246320952,0.202410997575869,0.454259535426064,0.113337161501604,0.338658208381392,0.365322952710496
"169","SW5606",4,2124130,4,36,0.405422673062559,0.459088079676315,0.64915082194494,0.210057294759268,0.392578368399422,0.482143058372774,0.250621323435989,0.386041977117167,0.519584606706573,0.371118663050412,0.520460684273709,0.625849839935974,0.0969774522174397,0.365533376604718,0.356124632945651,0.110980804707654,0.406233016283436,0.403547634438391,0.178884489774693,0.327062055525205,0.381837389608651,0.184879639473945,0.320682002643263,0.428540925647179,0.249700293241296,0.344366615067079,0.550973297213622,0.172622059006655,0.342690562950844,0.534336778959371,0.189418941652167,0.300377810966046,0.478231600584542,0.226396738221239,0.383054387224156,0.555391430149435,0.233504483821906,0.306174407161677,0.512244584827995,0.217764672453634,0.324227282978191,0.424836187508664,0.311221646060959,0.369744842307431,0.54225941640963,0.15716329188631,0.319525514553648,0.403274631591767,0.223826761136237,0.428579470366144,0.496576048833798,0.205955210785373,0.408251829366108,0.413453275583361,0.198163255952517,0.327868739633446,0.406233123880183,0.172407355464325,0.26267511748318,0.353941278341018,0.153654668259191,0.235673374613003,0.279498624011008,0.0820575958830979,0.209834659527528,0.323115936640143,0.105113103668249,0.275623170565425,0.30156447319293,0.189096765996861,0.238013889224962,0.410774903681478,0.202054401344762,0.341482337719173,0.525043763259792,0.188159502682391,0.201072621641249,0.431440934398451,0.109641347706659,0.359826114525412,0.326503999609794
"170","PLUSS_III",4,2124140,4,35,0.395350387877108,0.449646912637109,0.659406978279527,0.191970141114886,0.379555360007424,0.486609758846067,0.233160193039184,0.348133438290158,0.517243332856257,0.364470227734157,0.476514105642257,0.641240496198479,0.100426311444823,0.325737489955811,0.385241587531493,0.111036446375128,0.407804040233708,0.374843002975995,0.179736679240369,0.326572602840263,0.380483774295744,0.179298724738982,0.301037380948905,0.419804846237328,0.236702945327057,0.3141151416122,0.545445860566449,0.16442787582224,0.309389454897003,0.548546144121365,0.168309561371449,0.284580150668032,0.488307697019013,0.216424141221374,0.367546995990779,0.558879206831552,0.204307998253069,0.284066191612288,0.485895835637505,0.228771036146523,0.354371100833662,0.428159784598266,0.280207709416794,0.341626668685492,0.530245034950917,0.153197221008596,0.289491657532578,0.39663329679698,0.226124397973313,0.423732592734301,0.501257127276166,0.203860286437122,0.408669968232031,0.428731296728187,0.203163065501207,0.338891718303483,0.426270171368211,0.182532818377007,0.274277357387683,0.377901203399815,0.161219690851205,0.219319745442036,0.29922213622291,0.093356832939202,0.232949108847079,0.350105847648794,0.103777376192971,0.289421041699321,0.322222477084679,0.194382774425683,0.224950462839736,0.426152125460084,0.219626524168396,0.349813649380179,0.55466958738857,0.189455601999879,0.196156443902317,0.451611350639378,0.117606207642578,0.337034894014701,0.363183836230368
"171","WL_349HQ",4,2124150,4,34,0.396488378056491,0.446216836903111,0.659904247894444,0.202312844763355,0.395083705506827,0.494310188165553,0.230868471302028,0.340120257348682,0.511868044054605,0.357538113124441,0.469697403625127,0.632697993995805,0.105935717685429,0.281865043251243,0.387581929161726,0.120161227043524,0.3758025662885,0.378719978515375,0.16633243983727,0.336138027806432,0.384737342405141,0.166850228530231,0.315883472276972,0.430792927744441,0.219847372347109,0.306035620915033,0.513110348583878,0.153579788658523,0.300267772307161,0.528023297424697,0.16468368964657,0.286412602280781,0.488774778257415,0.213112386142095,0.36312429331789,0.552898890451633,0.201968469346865,0.310499137593516,0.474858470101478,0.235987004855545,0.304566473629654,0.433343471397211,0.25171345086468,0.325673726504176,0.509350672395655,0.150559160870176,0.309660564562525,0.414361165341558,0.218910962840364,0.425468426688832,0.488687613657104,0.192981199574401,0.407685682202396,0.415727736028332,0.184042378847078,0.335105770399888,0.40442627501451,0.165980430449336,0.277131644829414,0.354534656360214,0.148842763949026,0.210284804028622,0.288675924617499,0.0841854245138697,0.238630535793472,0.349647656506064,0.104086871252564,0.284654094301658,0.327102455982068,0.197239098079531,0.238420074728954,0.442583933955394,0.210502369818248,0.359983493640057,0.543748275632427,0.17774152413844,0.20924662797882,0.428923298497126,0.1138348681423,0.325635669690762,0.373351502292459
"172","SW4602Z",4,2124160,4,33,0.399046194933781,0.443551056786351,0.65562581935131,0.208486067921792,0.387291940102613,0.47737292685837,0.233974762162742,0.363610234132296,0.500904200237416,0.365219626003396,0.523982866689277,0.62557234553014,0.12788292501933,0.287544185930542,0.390070164821029,0.138663693316231,0.288878135869733,0.394810970542063,0.103801142839922,0.352008488985114,0.330780766455054,0.110898810458779,0.295429855659968,0.362625466347455,0.185093409417795,0.288184554523564,0.475146091331269,0.133783328132118,0.260566393958464,0.506448500104888,0.160909636957127,0.296381943440767,0.471081348728408,0.233883119527591,0.414779783506515,0.564035070066343,0.219489738273167,0.311685343322434,0.492101308953155,0.218539734711654,0.304039294307994,0.408911978846619,0.271391322860794,0.394128038072675,0.527174579423714,0.107681360740052,0.295952562843319,0.345283810493895,0.209050625152135,0.419806680769248,0.454392165622112,0.185704938052125,0.412523888697779,0.395850533195734,0.180716547994167,0.331370943135649,0.380498604028016,0.161300413588438,0.281131573381005,0.345549740601495,0.148829911051265,0.192164142354911,0.281217750257998,0.0739429635167921,0.217679779876552,0.323035621328177,0.0634513458903039,0.288373302138169,0.284188970317444,0.172932880783645,0.216260561680212,0.377037230760977,0.168684319678837,0.32720802294717,0.48793537308179,0.187459810892754,0.225957352742165,0.417572536650274,0.110988779945555,0.315042069066433,0.361683006535948
"173","EZRA",4,2124170,4,32,0.378432904786411,0.412755354667119,0.631411925039376,0.197534838341592,0.378634129446234,0.495332199817046,0.212956184859129,0.301753341239172,0.500668247834414,0.343665068464428,0.472079383058948,0.622467040100134,0.119020220094904,0.279709298066587,0.384259891798823,0.131443892697299,0.300655218609183,0.370188209062889,0.0714006686706,0.395829037070268,0.352186963720847,0.0798392799546169,0.326283756490931,0.361891872162119,0.161194891759906,0.261597276688453,0.474748910675381,0.122640897480176,0.230180213678392,0.510623930988324,0.1381918177415,0.302128557804202,0.471552003219851,0.202479695776296,0.361073657425109,0.559928804455982,0.212086179716237,0.305506312113887,0.498681750433184,0.242652489414938,0.348058767666611,0.455722109462124,0.239281106365388,0.358043525102349,0.490136760586588,0.0807928518234386,0.269543938787636,0.347092048940788,0.188677979337299,0.352616614662014,0.465040339338606,0.175106944289769,0.385623712039882,0.408238996038944,0.190685381458469,0.347721594780418,0.426511767688238,0.184295209564468,0.340510063206352,0.406195086780797,0.163091445530574,0.237428620571035,0.336108961128311,0.0742662175061122,0.248532303776968,0.3750496462105,0.0519389855327165,0.306806739073091,0.288716729299115,0.171215634982272,0.238992130514622,0.401473344033898,0.184032600370935,0.30986469066035,0.499111058785474,0.184714194790462,0.22676397966594,0.429412732994432,0.0999499097173814,0.380724724183899,0.365305428343181
"174","LANDER",4,2124180,4,31,0.374759216581919,0.410297182846202,0.657974940818078,0.179568955441358,0.365351486011641,0.486260679032215,0.198411169495919,0.286568837925896,0.503621515587772,0.343792242512889,0.481316903442992,0.639079524186356,0.119499057363103,0.290811758686503,0.372867024535784,0.128862641687926,0.293593868316557,0.389276941545849,0.0904738534729009,0.378452289212628,0.330334544298069,0.104371514097886,0.301105536717895,0.358957538278013,0.158990980325912,0.232750217864924,0.48952908496732,0.127714259091819,0.225577947993357,0.533270370094941,0.1333067636663,0.283185431420725,0.478801796448855,0.2019130716854,0.389148580200951,0.572446521974941,0.201277707786207,0.288783424864819,0.48589145318138,0.222138606570674,0.305306873756072,0.439819420033324,0.220635090832962,0.372756320334175,0.474379916248428,0.0991315511112181,0.268143136042296,0.347055185710648,0.192673586038447,0.376816699540644,0.471133129712578,0.17218348454384,0.381530429107522,0.406728858944459,0.180018151863095,0.345885088041951,0.398301879674429,0.175113698284461,0.336857164370153,0.361849967002839,0.167195847688935,0.239717062263502,0.315906002751978,0.0670309694905761,0.23425943828859,0.368532758236038,0.0599182715613629,0.313340647885852,0.286583403101931,0.172259338202412,0.223956728083155,0.393774170420351,0.185151839662428,0.303768991827687,0.474833628259649,0.183122876084557,0.230682500230139,0.429120500782473,0.0746297791923703,0.42303738659643,0.3348769632231
"175","N-R-GEE",4,2124190,4,30,0.366847759768682,0.367616273995727,0.625870254204968,0.189517493474154,0.367862493205531,0.487832183245171,0.194990192169548,0.29816957748491,0.498501221982418,0.32439961974842,0.438699677180289,0.614982854128198,0.109509135226305,0.311836313777734,0.381744927111567,0.119522200883001,0.279063794971723,0.4237919738687,0.109730510390074,0.348319461541204,0.343638403985504,0.141624117186615,0.31335688805182,0.412943317808632,0.177010057120785,0.256047149122807,0.480990282077743,0.138844459969249,0.256391504227731,0.51780829806225,0.162759971455681,0.301164443871744,0.477828962910465,0.206717669933947,0.376686589791579,0.539088455544152,0.205740253980332,0.3030268880353,0.474737309926669,0.234965553650353,0.316697370553267,0.449413214611638,0.220855332981784,0.384352763729926,0.439332294003574,0.0885067133749247,0.254747046644745,0.359437340153453,0.180471393121611,0.326738747534452,0.431606514984597,0.166478757725923,0.334037685558805,0.35860412887622,0.178202225780694,0.291209161797397,0.370494405788523,0.184884737546896,0.321914340495507,0.368727070923486,0.164906782178334,0.231324389404885,0.309935500515996,0.0669853779882871,0.236283667842752,0.348116336013265,0.0666979155945132,0.31886300760637,0.305646350305899,0.193840398941603,0.248405353933639,0.412990933719589,0.195352668174749,0.31484549666543,0.491159345834404,0.207969660808337,0.260922519596515,0.444635536360636,0.106657624633031,0.399103229527105,0.383930699730873
"176","ONEIDA_VR",4,2124200,4,29,0.372525889156376,0.355424223561479,0.63525521319639,0.18479618237895,0.356141617043534,0.489859613476033,0.195319579638279,0.319904954588714,0.50449272347962,0.333670261607195,0.435166066426571,0.629264705882353,0.115534198464655,0.305942449647463,0.377512685805687,0.134345570736799,0.253216979099332,0.449352541016407,0.101971263921634,0.356620185191981,0.328316759018018,0.134387228389253,0.303196055602751,0.399785119527263,0.167913123170301,0.243605991285403,0.484762962962963,0.135666433829456,0.24307358185565,0.524718715680105,0.136613636587221,0.293496982821602,0.472853027319258,0.19053436562403,0.375292194651837,0.555424970763765,0.195547790874994,0.282192323449374,0.478451992392363,0.213087149782104,0.329480739106408,0.457720354511798,0.215967275384622,0.380992757463346,0.455417874622027,0.0876277216241952,0.253132045088567,0.346035332007199,0.202753879856641,0.355773955773956,0.488038208359064,0.184631419292345,0.38729216832932,0.429590929939227,0.20471640668174,0.359347735818324,0.440120946003299,0.217557110285679,0.391117080569413,0.439101931546151,0.199571237904571,0.296979390139983,0.381922159560483,0.0857912213970899,0.261097642596862,0.414270345306264,0.031001389461482,0.333129953092565,0.298681341646947,0.190776495644432,0.240422375128462,0.397019689514126,0.187680205742954,0.323052297095452,0.49590111881725,0.21256530911782,0.263284084266868,0.469379592191644,0.113237306441842,0.382577634026273,0.392006702454464
"177","PERSIST_III",4,2124210,4,28,0.395526567628404,0.401100760169388,0.642783224400871,0.196880790833248,0.37508368797147,0.495898046507312,0.208459809130665,0.337153622833469,0.507200427226142,0.353048586206318,0.505575360188919,0.623507806710128,0.0946722469237657,0.334079181640866,0.390242998534597,0.123974032694267,0.253842219161912,0.442356938316018,0.113775019957327,0.339308425258288,0.334825719450705,0.14127211597342,0.309649550562345,0.414399914346478,0.174078335196704,0.262216339869281,0.488414596949891,0.142009499006803,0.290956595027392,0.531096403163035,0.150450752379485,0.28927302794064,0.477305800743079,0.207907445511063,0.393988031218113,0.551067721978618,0.202539718962105,0.320207824090241,0.489098758769563,0.197837740384094,0.301597214431439,0.430948314905534,0.221867309588386,0.365229603153479,0.450776582126063,0.0994968833271016,0.282455242966752,0.377893557422969,0.22928051124125,0.421699232215271,0.499097756595541,0.216894871199814,0.447561791236318,0.441709300460272,0.229370941447554,0.398255092372739,0.456615668380374,0.232195145412452,0.414955273374864,0.44387189512158,0.211684976673096,0.337535381044753,0.384579217142197,0.0876254050536048,0.295738619931749,0.423169838240114,0.0348940123875905,0.324234998477197,0.287251907326913,0.204373440012443,0.251092640539007,0.424155851837513,0.198978271126552,0.351355590756438,0.51549897251477,0.213546046503201,0.258408297278223,0.464127282211789,0.123011977869946,0.385651643742074,0.405026582772412
"178","NY0465",4,2124220,4,27,0.402061386921405,0.402751369908233,0.643794386441445,0.181159861371918,0.347121879515836,0.474485443264527,0.2012943101551,0.324446545359813,0.49028213192488,0.348172370024299,0.473733529286154,0.611447664267501,0.107772700977577,0.323482491661482,0.398140309242014,0.13804157761803,0.228003940037553,0.447735524979222,0.106842375379598,0.354638152854139,0.342726097003353,0.122656775493824,0.31211835523181,0.400169514658647,0.158948974813092,0.255834838321293,0.481805448056416,0.133499576663421,0.302070350263999,0.524937904365286,0.143299106604773,0.296554522436875,0.47102910397028,0.206468624612588,0.39218727290209,0.558023250353853,0.205671016734148,0.320260203379787,0.492191782271462,0.219476601017144,0.327785049175424,0.440765117235705,0.214622727615403,0.395651880253956,0.457257603624386,0.0716686229119533,0.250076726342711,0.330706125928632,0.211942416775104,0.388682556122146,0.49314967884653,0.204265699649581,0.434495599512443,0.450380063919841,0.223788943699888,0.405974347150818,0.459739342092283,0.240054637151474,0.434399612594339,0.457529740694041,0.202774530319855,0.346267915333856,0.402863455930527,0.0882515135801859,0.280320269700801,0.418753129570412,0.0192350590859676,0.332744601057424,0.294111148066167,0.196916489054521,0.220224066590849,0.389093490131552,0.198980398869649,0.33105264910428,0.497928856161582,0.191205611613887,0.237573046119856,0.443257909110436,0.109038065711119,0.3820762608526,0.410546044288362
"179","ALGONQUIN",4,2124230,4,26,0.4074339734092,0.424003928170595,0.637885625630724,0.195197760894444,0.403396628973757,0.499204641959195,0.216466565919942,0.366112065264062,0.504763438222004,0.339140964974857,0.431175088869629,0.599428219718381,0.0958402362770771,0.361951278237844,0.411145504858377,0.13149759438597,0.220833894198412,0.432871055872133,0.104120839804824,0.345763130887388,0.387566102152775,0.0863885954014508,0.333627643214148,0.432542195309496,0.167487978849727,0.266698366013072,0.491764270152505,0.140473633212757,0.320157455052506,0.527272547785634,0.144136844623323,0.298690185578917,0.472608735595979,0.199875033978836,0.380502170077747,0.546940089754684,0.211929028539262,0.322576669668673,0.493658392715131,0.216386571933832,0.327532835554226,0.451874981821506,0.212644360938055,0.426717365679303,0.453310518777647,0.0739379812439368,0.265688335940437,0.355666630288479,0.195648808207292,0.378440827940462,0.473103809203394,0.21062371020123,0.409915733302621,0.425311681206991,0.227362908988561,0.382554301181752,0.450498448537664,0.240781475041219,0.412680653919576,0.442318748145294,0.194016633281067,0.314329635362917,0.362422600619195,0.078187159929944,0.287853548499046,0.407819340125431,0.0344408011049569,0.317407585561262,0.311131756844125,0.213872622655179,0.214842749317707,0.367770722311833,0.191080300853301,0.335832462021035,0.481073529110273,0.194887846670173,0.209929761507954,0.426809341622828,0.111365755584322,0.37202856939468,0.374953774602589
"180","NY1615",4,2124240,4,25,0.42942606396059,0.407838185779362,0.660136259891162,0.209989332398501,0.373806832867071,0.489903294440206,0.230955275069667,0.341639515402554,0.493250322026621,0.34037201470978,0.435034354548994,0.596784866412933,0.0860161143181314,0.39001339595759,0.405545778796908,0.122816547586502,0.215331465919701,0.417884048356185,0.107927537902381,0.344659790233825,0.36075995316018,0.100656808747166,0.345116982114504,0.403781682605416,0.181147508221287,0.252881729446164,0.491189155486756,0.153694956815615,0.333109737286985,0.523368254790903,0.172262907017468,0.309447843565491,0.480539362892304,0.215888807645502,0.385250179442287,0.55513339102319,0.218141874022227,0.324512978423965,0.489259071140599,0.203494224027405,0.315378382758062,0.432930344821704,0.199383859858786,0.398033500628656,0.432077579309413,0.0912710096315716,0.237684407096172,0.35991075217966,0.21029120850224,0.355857607729265,0.484947903664481,0.220055615040791,0.442555408128164,0.454742247776304,0.230495215509019,0.393813217342629,0.448261401202578,0.246848612526118,0.424031150564854,0.442414896593134,0.222594863892871,0.354300825593395,0.402368851049192,0.0902628359761744,0.266649796595138,0.415768214857231,0.0435350896922041,0.312002747417288,0.307199991844401,0.236096836882461,0.262262144255787,0.421407016979158,0.209807577409839,0.325598058243191,0.507650008086689,0.206907796240943,0.239815170314089,0.464148466294484,0.136218510210724,0.333943151887621,0.42558994244464
"181","LIGHTNING_BOLT",4,2124250,4,24,0.427731353538824,0.43001466579898,0.666686118892001,0.19960528775278,0.372789367144095,0.495463543637428,0.229827258721388,0.34247607802245,0.503181077783912,0.341300710524164,0.467859895211052,0.608096575480627,0.0921721666514913,0.391025787360326,0.397068108137576,0.127329618818911,0.220723216822961,0.399789862550665,0.145115595741257,0.313616136410896,0.390671168030531,0.132368024986463,0.326554441086437,0.445842446186715,0.196377261184898,0.281116230936819,0.507131917211329,0.144141146940608,0.314927741007908,0.522734191021541,0.17357133941556,0.304862873955716,0.487556643687048,0.212583136258595,0.392633499719625,0.55087191932563,0.192847780005174,0.305882882024909,0.485581410113965,0.213257322480904,0.294406840930905,0.441227578125974,0.175841766329347,0.370809536484277,0.412200210400902,0.130182043330162,0.273349097214643,0.392012805122049,0.234201883366934,0.407532648587079,0.509894517412213,0.236032351346079,0.466213661186452,0.456868023763593,0.232122671299155,0.426744391450274,0.457034115857645,0.229687284552223,0.413735270236154,0.436263478828488,0.200763467857068,0.315347437220502,0.368924148606811,0.0822335208857938,0.256913809771696,0.385479289060757,0.0848003329960026,0.28074539622829,0.32853121491659,0.235302720545766,0.284260222668527,0.439220929013317,0.211807467672987,0.341219163550913,0.513596578854735,0.183623393419724,0.214118874466845,0.427774525146522,0.124056224603086,0.360244976099893,0.396464491269144
"182","VERNAL",4,2124260,4,23,0.410884630049147,0.427385668071943,0.659350625772194,0.167813543799182,0.341108280308069,0.46776465568092,0.201200011917675,0.305641232877866,0.493792421219239,0.318934079758638,0.457986194477791,0.605029511804722,0.0958012611143921,0.394553951444619,0.388572548100347,0.129247802865494,0.267518674136321,0.383513071895425,0.0457499696909752,0.391000700667745,0.315089561256571,0.0505442719908563,0.384629246184342,0.344829924340119,0.136454813529181,0.252283660130719,0.445561437908497,0.11373075537345,0.251378498301976,0.520650950645745,0.120362076898767,0.281111176536013,0.463470878285693,0.181407369733059,0.363972460919594,0.550579917221764,0.198078123985496,0.304469829833626,0.493662079389908,0.211798916436871,0.281137163490105,0.444661755356943,0.186137227398646,0.40383220590833,0.452067811756393,0.0561907355790312,0.294455290533722,0.285445019758745,0.190286330691473,0.365442523314137,0.476116780681096,0.19422709710991,0.417103369982354,0.434556694924666,0.202712580891373,0.38718642248054,0.442366430601725,0.210872607103516,0.41126069265428,0.431717352292964,0.157229771747476,0.276612754732817,0.360726076846987,0.0650275837619289,0.247313320608479,0.400927853934101,0.0152374739852085,0.306045592344951,0.275541996872838,0.179154986195005,0.204875117078805,0.31354348509748,0.16356349192521,0.278127764934212,0.44246154065702,0.154101226674559,0.177121762285161,0.389582425562818,0.0692141990526175,0.401098579500687,0.32238221878257
"183","HI-GEST_360",4,2124270,4,22,0.427690899604003,0.427596834721938,0.668639406253325,0.186711048403095,0.34905608178102,0.484136194180298,0.220950868456391,0.322255617575497,0.497203905893258,0.332174212136188,0.456637154861945,0.606928271308523,0.0911703121000939,0.395896530972368,0.376474328243522,0.133628548387284,0.290207420369623,0.415640034300015,0.154301698928605,0.29363423972209,0.389103519136912,0.142127276185872,0.289947001883404,0.421853328077322,0.198834584691125,0.282629966460268,0.491748366013072,0.148389107041705,0.304515658441546,0.521321969806033,0.159988907247308,0.302759916672036,0.475101045894809,0.206360013599099,0.365687057124138,0.54631310387081,0.221884718690036,0.321101975598658,0.488862787424738,0.217335350014513,0.304028354295734,0.436521529569658,0.201524700083778,0.389643712688695,0.445899844100536,0.120551364680615,0.269910607721349,0.369960784313725,0.224823459603895,0.408974265942779,0.498451734624544,0.214961597187495,0.435220696207999,0.439338535218297,0.228423824820561,0.394648735825206,0.453464006405183,0.225903547872806,0.409347075269996,0.435137419366628,0.18601448098364,0.304226884027251,0.344692950340215,0.0907163423415019,0.242094147393471,0.398807168885253,0.0614595789342619,0.294077251359373,0.309828515795738,0.225293538835906,0.270013814007135,0.399301118532228,0.205904189916529,0.343640056701963,0.500843156282406,0.187188068163934,0.224339909287471,0.434205248883851,0.124954903518027,0.347357146289889,0.384632232795079
"184","SW4412Y",4,2124280,4,21,0.439952026553455,0.439719322072263,0.665391190146092,0.189867741336405,0.349748867330162,0.465203796901735,0.213153877565333,0.309723351770936,0.488713072176058,0.328511077410748,0.456137970883421,0.601413874967027,0.100313524287283,0.395714403905022,0.363203645714687,0.141469962714865,0.276453388372893,0.408573271413829,0.157194846090577,0.299046440644035,0.405446274702759,0.147318894310564,0.303695759559242,0.442013406715209,0.189517325381411,0.290307734204793,0.492960893246187,0.157557864698996,0.31688396944681,0.526474907143474,0.176183499070458,0.312576533753004,0.478144882850765,0.218460880163185,0.389006554332938,0.552848790711784,0.217643608467561,0.314891590743151,0.486512597483678,0.206503843460717,0.303154540052936,0.454577033186659,0.196473199294034,0.373767365981899,0.43732711950705,0.123605741912046,0.256553891121666,0.381895506028498,0.237412574402429,0.411823831609928,0.50237466440675,0.226734122450005,0.460400511081626,0.463667993513195,0.229593114248381,0.387855680992936,0.446689584924879,0.218276056318407,0.385272193358934,0.420819215420526,0.18847791250584,0.316477610917702,0.367067901631061,0.0896387790196726,0.257285460890354,0.383268263057435,0.0712646436643112,0.27131306412212,0.295307727302268,0.228542788099028,0.267604930205334,0.40492190211732,0.218621606434935,0.356242924146854,0.509529330897813,0.195499420182288,0.231110588578206,0.448033918917181,0.138934977225617,0.335363866939811,0.406338284069847
"185","FSG_415BR",4,2124290,4,20,0.438978844372122,0.443940926538966,0.668610238708278,0.205772375911704,0.391570384982001,0.501370088476179,0.208939672193129,0.319987289319621,0.501376110054727,0.327910109091846,0.447094999434752,0.614144276544699,0.0882416899175985,0.402245909803581,0.374567783034324,0.121744313853019,0.30762851288494,0.410914185150287,0.138646388434717,0.297595449558379,0.403746268748199,0.125069496117818,0.294893200765042,0.448180787331065,0.180585947850755,0.291671568627451,0.500256862745098,0.154451740108346,0.295894995166208,0.526537269775167,0.153771366275066,0.286399847757041,0.472803632831982,0.202594717289569,0.372577640932071,0.552306588047467,0.220347034066738,0.310271602597526,0.474705197684768,0.211791721003781,0.283058704125408,0.464912707144624,0.215296670220572,0.418382954991952,0.466183505076239,0.100443160685316,0.269951528437462,0.339270247229326,0.22016437870827,0.385226674203204,0.497560902500332,0.215870963116196,0.443164128108414,0.443835958269749,0.226729386978573,0.406105570811453,0.455369961252314,0.218491040473897,0.379045695531431,0.419507313422991,0.176572862903398,0.299017887856897,0.354591073271414,0.081890807171072,0.284729183708882,0.401176966361766,0.0559964415661268,0.258725789659466,0.299808470863487,0.235999076434409,0.260044415407737,0.415436370626682,0.218111517742284,0.364795668388656,0.51626554309254,0.201088093543412,0.213371459694989,0.460447470346163,0.136163348670457,0.34280852068385,0.41024533684762
"186","REBOUND_6XT",4,2124300,4,19,0.457938713102714,0.471902380480812,0.68773354459629,0.212495968263416,0.395360945179506,0.49800770418892,0.228921707952708,0.341059446535162,0.499355441618468,0.343811925272542,0.494430669128638,0.622778259285777,0.0876120227883913,0.393185381540609,0.383585721351589,0.136210879407849,0.307620521892968,0.420581601061477,0.212876224870073,0.323999618913929,0.455697538256338,0.198520392477078,0.326731975953204,0.492201111413874,0.214558056579571,0.325102554179567,0.519561403508772,0.181823609328008,0.357906844153591,0.538808656205845,0.20138255339212,0.330611467082055,0.49243018419489,0.232984528258791,0.405891967917284,0.554865513316742,0.203025364410352,0.306138429467848,0.45738230532364,0.241782426950559,0.356554853346297,0.48495236195771,0.191724053752899,0.353859222544344,0.415668090235564,0.170234283048865,0.325011326269638,0.425505784922665,0.259452093678667,0.449478524167321,0.524630415135663,0.246135839880963,0.465219462234233,0.461581707572897,0.247734349562737,0.412909471733001,0.451855828326417,0.218705193958477,0.379038872247658,0.413239899834194,0.199326878628352,0.31514920880633,0.356109391124871,0.105049690416631,0.2649304953053,0.377195519309002,0.120097629891397,0.275136638134815,0.375558053207635,0.272314122241699,0.316809699335651,0.471119230634802,0.256084128364939,0.398662961060213,0.548848479226722,0.21300569230439,0.250860597134002,0.456792782840836,0.162609980704687,0.286095380938445,0.429378475270705
"187","NY1517",4,2124310,4,18,0.430877460284398,0.417982344452933,0.649436357034396,0.206923466143472,0.357577027824144,0.474133125834076,0.248334376093103,0.374810788062183,0.494455434241823,0.324787776129604,0.457044378289432,0.58990641996709,0.0977943204982772,0.376872075600048,0.381648442311758,0.134327304654768,0.326633114471316,0.382675251641465,0.0623258676161321,0.377118393208812,0.365097182977995,0.0555726067365813,0.361336778940914,0.387662875524993,0.145159821700606,0.269494008714597,0.459861111111111,0.144639416591497,0.291118712971914,0.507818348578369,0.176774208922731,0.289489548608377,0.464529578007017,0.198791693515616,0.376528042065396,0.534692001507588,0.227940022875031,0.310639585275311,0.499164336293316,0.23874468814533,0.337116537651297,0.488740136868479,0.217346020191852,0.406936638908957,0.445210844518803,0.0504156645467557,0.294889646679928,0.305430046414701,0.200473344338831,0.343027088597018,0.466426103916951,0.204421818600687,0.408695401802424,0.415752497768564,0.232426088682674,0.411237975943858,0.455923302982127,0.201067862488905,0.349121047328571,0.397462193321825,0.209073293635817,0.321539387684898,0.365946422428621,0.109216605512781,0.262281549788057,0.395740313824645,0.0155970422885569,0.259015823135649,0.286560210618335,0.219965044847692,0.247188846662069,0.367623967097189,0.197959328385209,0.334525644318863,0.485821893046399,0.217501488062776,0.242564101622036,0.451731247447294,0.158716273137021,0.286626182811433,0.437077236367184
"188","NY2003",4,2124320,4,17,0.433846159676601,0.429831814880834,0.647627653755105,0.192090649470787,0.351548136706966,0.453533402393964,0.231704713827325,0.360166329305445,0.483486934919953,0.324463198881034,0.48442200198465,0.600170830664104,0.121841172498997,0.344539644653885,0.334090288331968,0.154238120876309,0.272010589132678,0.438438576549359,0.0793190698625421,0.360321537928821,0.332141525516423,0.0715766003562258,0.335093123871539,0.361081667713002,0.151308567951469,0.259643246187364,0.452804357298475,0.156576969238698,0.304286084477844,0.509743210059354,0.191390524814036,0.33168953890428,0.455933251723471,0.2357576218774,0.412311194291835,0.539946200854615,0.207296148351231,0.319641023210251,0.479481548192739,0.270107301908648,0.378164200624094,0.540635478603393,0.212209600375621,0.435160875160875,0.432846796376208,0.0360040657089709,0.300165642014382,0.307470867134733,0.183216516992189,0.328551543977465,0.414803624713315,0.189558132398779,0.370249879687558,0.375519441256679,0.191059247744582,0.319176357411652,0.368098822020391,0.162906158542838,0.258080240483892,0.319540229885057,0.17411708629464,0.278251095153065,0.294965079283515,0.0815291548616481,0.239920855264426,0.340972101721711,0.0344331550481095,0.219145395208841,0.26863293052322,0.208515701004459,0.218776186261098,0.334633325286339,0.170851456931483,0.314722888184871,0.448106406560683,0.195256869598807,0.199274373251377,0.418297061181051,0.155082346559122,0.319820975835023,0.409013511384012
"189","WL_358LH",4,2124330,4,16,0.425158087100458,0.424810311329919,0.653311358213319,0.191850734708863,0.337460925950049,0.470375098473429,0.215785777033351,0.337104707061012,0.493771373727679,0.318804716235523,0.46484393757503,0.600229591836735,0.101705375622471,0.349931716516443,0.341709138426771,0.144045701412286,0.296941373040444,0.420457270627549,0.162399020284126,0.307126955585728,0.393563049674018,0.14413743838247,0.301734538101698,0.444284805998002,0.19330601273559,0.28047213622291,0.500301105091159,0.157323663011287,0.302617751946594,0.519623391206703,0.189453169475419,0.351723916429799,0.4750832115538,0.222968187041227,0.384142444753018,0.525145845771311,0.204286298394762,0.307676475879073,0.489834714241876,0.296233011301308,0.399765237733152,0.560937636338706,0.187594631293236,0.400166486610614,0.435686065749164,0.121694917592842,0.308149926637322,0.372833254513927,0.231769620620305,0.416453157094868,0.484154742978272,0.221743151273836,0.436718839582617,0.421315885028475,0.212671287228452,0.361825385354797,0.411858305975953,0.16753145845177,0.274004438007414,0.349859817430473,0.183805008314996,0.291996283116872,0.332465775128571,0.0847439602415285,0.24024392057708,0.363390595176124,0.0647160225095474,0.212035752105482,0.317343390205891,0.237918803838378,0.283644349668732,0.408637107373729,0.196047056256345,0.348062167613285,0.511708693666695,0.190349834531546,0.200542005420054,0.432356201904265,0.152618435291592,0.331470954053263,0.401564969271291
"190","SEEDWAY_9558",4,2124340,4,15,0.414180312402762,0.409777380862716,0.661144765204417,0.164459450496602,0.323771215334864,0.473218957734577,0.187258737552398,0.280899050617814,0.492934412207705,0.303080314888141,0.377312623809745,0.617165008973782,0.112110415325891,0.359754545624905,0.349957608807374,0.141069160115006,0.291077633697771,0.414863049211548,0.126617233786653,0.31890970792647,0.373934918699628,0.129885114712984,0.318214902739453,0.4240369088812,0.172466478970434,0.239966339869281,0.500434640522876,0.15350682386713,0.270538589083618,0.534014402221065,0.161338922061711,0.30201240692618,0.478156197775853,0.20391542400864,0.383856852633224,0.549316988867746,0.20956031192965,0.312175803942732,0.486307312995355,0.279819592287845,0.360315653011966,0.535821627476567,0.217920002428596,0.421167890579655,0.447674565321624,0.0870388415549947,0.245700704524234,0.331481441061273,0.218053841654152,0.359619761328329,0.508057092972885,0.21501120494891,0.437485655054973,0.454114685521786,0.223491510666086,0.380546780546781,0.452007699066523,0.175510670292814,0.269549731503784,0.376711222709708,0.188171421672896,0.323051255589955,0.375958462332301,0.103051822806972,0.264577477008503,0.404569544632012,0.0219403726494975,0.217193531081114,0.272552715113471,0.224211000748927,0.24517560285778,0.398265221267855,0.203688889923999,0.328304720723806,0.524036256909363,0.198988483674148,0.198560741354445,0.45886685691491,0.158565575075792,0.323098928296809,0.43316753171857
"191","AMERISTAND_427_TQ",4,2124350,4,14,0.422114272699152,0.418172268907563,0.661594587329882,0.177240348196207,0.33821819437466,0.490680578041614,0.204232663119502,0.291134459795082,0.501237508313759,0.317194332822907,0.406663400786324,0.610287523080981,0.0917952371037795,0.371359113311402,0.377546126330865,0.142942682526098,0.286435451373532,0.416536930561698,0.164316243945467,0.292948637970472,0.419673406480496,0.165832718293972,0.309494035172592,0.467762537649011,0.201928673302251,0.299872004357298,0.516908169934641,0.173081557358193,0.314287201606306,0.530595176123547,0.203689231886128,0.344683935272171,0.50054418054418,0.219259669961868,0.395763596806039,0.537872943680836,0.208885825956832,0.323704792150543,0.486732710811964,0.243403757820221,0.327304305913932,0.509036892994112,0.194626868090736,0.370639381650984,0.412199971817314,0.140783898445483,0.285731747244352,0.392582730061722,0.249255639769347,0.440115927496938,0.512899572748242,0.242061700025533,0.450500993348881,0.452068757018226,0.242067099601381,0.407440289793231,0.458527129115364,0.190288287975155,0.294807708491122,0.38234543556432,0.199236727102692,0.305056759545924,0.357200722394221,0.108926236481161,0.273382883143425,0.386953168681435,0.065387986285256,0.237109885222692,0.328257874931346,0.253069130495484,0.312708264438368,0.449020145559938,0.237246989242868,0.354443279009809,0.547902336577523,0.198258690792026,0.225802816901408,0.449565436190126,0.172808920895939,0.297148718922204,0.441481232701601
"192","SW315_LH",4,2124360,4,13,0.429785922125113,0.442614284771148,0.65727159550689,0.200094208653545,0.35103144027789,0.483909196373488,0.222059542367907,0.340183407910827,0.485999499982142,0.343336649158982,0.472130735702353,0.612103352551783,0.114074835328986,0.384650771278678,0.357707259554045,0.145086904977886,0.295527412592293,0.414438038118883,0.0664427251420842,0.349464979692373,0.33377713399287,0.0696488332463556,0.337102866959641,0.353057879394001,0.130496763548674,0.25015286377709,0.452291236670107,0.145753713745836,0.255705524500549,0.512242747319192,0.184028951128957,0.322810171165947,0.476911281489595,0.238850300174576,0.441797419161529,0.558922586026086,0.213645162737612,0.328866808461107,0.503413119160238,0.169051549272784,0.379292306030274,0.441918568656537,0.230244498228649,0.475130592777652,0.473030004794711,0.0669745215700222,0.266719712039405,0.299642417353415,0.221999031262238,0.410235571182606,0.488477835902781,0.222019995748816,0.450009995187502,0.437532546058071,0.23579327972755,0.405660052718876,0.448228365875425,0.198602265671764,0.312296694573897,0.388961291511153,0.206329167265822,0.355644134846921,0.35359348125215,0.108973059479357,0.290229295257926,0.412746337473042,0.00385089587252151,0.218345306996447,0.285423164253831,0.20836105116799,0.213089000959634,0.338533325166235,0.188523035106986,0.351785850196459,0.472222697909829,0.188590623753438,0.181785453772541,0.426531696689516,0.142574164881938,0.354719661496439,0.407442078821578
"193","ALFABAR",4,2124370,4,12,0.421032030857633,0.408401592960417,0.664594002584199,0.187269135489764,0.335591168516088,0.495704487001021,0.210858438972736,0.303448568541313,0.504450873245473,0.335244756547331,0.424339852532941,0.611197950032031,0.0890629817804741,0.396164791562541,0.356745104839231,0.124690071355827,0.325581232492997,0.371126836699592,0.0770311038696537,0.339072327621005,0.356724890829694,0.0858411657365565,0.330717173292067,0.378816107681151,0.126657345144123,0.258366448801743,0.472133333333333,0.149671405706507,0.256548575377287,0.516859289971495,0.173446894334752,0.295813896685356,0.491681877956388,0.225784197226855,0.421398104483237,0.558260481876764,0.214513855878845,0.325005555379194,0.51000338613589,-0.175870254304844,0.401201670918447,0.543531397997629,0.223352214027349,0.436830595959438,0.460101666431811,0.105042805271088,0.246511752527098,0.369099987821215,0.23147586178936,0.40286606489815,0.498818799353559,0.235071233316701,0.473183981194817,0.452948343079922,0.252892075663196,0.441499495421064,0.482361429420253,0.217267696202196,0.370728943954096,0.430732507355225,0.224773061011874,0.392061371392846,0.416603077133889,0.123360601178558,0.314298590626024,0.414967609462664,0.0343450657664239,0.235387907031273,0.313700386244054,0.233467971163172,0.287104423164615,0.420628470266356,0.222657570750437,0.348284194803589,0.52488761880298,0.199783762956066,0.219146871140324,0.457441715638818,0.171443452138307,0.322641327675349,0.44607928494781
"194","REGEN",4,2124380,4,11,0.416405521269324,0.398826500297089,0.65473030963227,0.167847788752584,0.291628385634173,0.461697341208289,0.199769635688143,0.279526734798352,0.492376853595111,0.32421473721831,0.397729961939933,0.609796133700117,0.0894129976596496,0.404053488917676,0.360435926292371,0.120999744075715,0.335818588813608,0.394451424098752,0.0766189682626793,0.337615727759829,0.359729091218257,0.0967891844792008,0.32847843331922,0.379244983672297,0.105520702864747,0.259882026143791,0.473376252723312,0.14805856233203,0.245368235789891,0.519947943779282,0.171436621421184,0.282907888237442,0.491810235594786,0.223099189867334,0.400219132013622,0.55506183771262,0.206685276477077,0.299436992094716,0.485636188399614,-0.172009100572219,0.416400076966526,0.531203512321886,0.223317716881872,0.425820778761955,0.460842859666389,0.0926534255643537,0.226879064669346,0.347351601510169,0.226353975304969,0.356965516060104,0.494015304309101,0.236862041449804,0.448776021421785,0.465831513222029,0.244524415589471,0.420297914415561,0.478764937588467,0.202171229706331,0.352598803243909,0.412558852318881,0.218936191774727,0.369848712579594,0.413647555549846,0.107122170471261,0.291109789048363,0.407067747452964,0.0220665295026882,0.224424106420368,0.305303687732323,0.231862694166961,0.28251519722108,0.404055728969224,0.225819458956194,0.341185508652758,0.523781526196116,0.201429684557547,0.22423198011599,0.465034827702599,0.164599028915817,0.287828072551514,0.456623206579308
"195","ONEIDA_ULTRA",4,2124390,4,10,0.383790518863579,0.375985343632402,0.617345136707882,0.156393142698564,0.302795324696226,0.469061821034844,0.173440491461115,0.287414550519661,0.488846702508283,0.294042918180909,0.387578031212485,0.588474889955982,0.0738435708466194,0.39896107104769,0.368530097432881,0.106460691911743,0.303225219912526,0.417284141726866,0.0698556205232204,0.336798754512746,0.354694052675775,0.0827198865682391,0.338830465427024,0.387483406749209,0.0894409951699601,0.257727683178535,0.453180792053664,0.136556485914969,0.253939168587789,0.506028110359188,0.149421181779513,0.276809643868467,0.466808412690766,0.199109572550221,0.367693233069257,0.527461042576456,0.209024869199819,0.306606139487635,0.471089277589071,-0.179252054512323,0.464716434215345,0.570715892139276,0.218628543680782,0.412890969536604,0.443689426795472,0.0858094692326378,0.237241748873462,0.332820850079162,0.20880781392313,0.353762696061939,0.479420010686791,0.218665953942871,0.429400727496089,0.435450558098913,0.228538439675998,0.397572821102233,0.461421849657144,0.172964736493233,0.321742685890759,0.376213840615463,0.197422631264647,0.300476172124233,0.3720308826741,0.105224764427049,0.264188694160063,0.392375209670889,0.0211689850499722,0.224330317036154,0.301393333052985,0.213551718750492,0.260987943867663,0.378161844009078,0.197082944210397,0.325409923794845,0.502220152981134,0.162020113703726,0.185014887436456,0.425276688453159,0.129959948091963,0.280582991903229,0.399367500731636
"196","SW4107",4,2124400,4,9,0.415204507656794,0.413174815380698,0.660103957407879,0.183973190305538,0.327477992549285,0.472938955839266,0.194758058791927,0.279394470683651,0.493500940522194,0.333512021561076,0.420996898759504,0.613681972789116,0.0637332524346424,0.414559514906197,0.369925251805956,0.0976777125184841,0.265313361551079,0.395161479287876,0.121719589560246,0.307443479267591,0.394733052825042,0.140959335791235,0.300891580161476,0.437789407920031,0.132356646446434,0.292731808278867,0.502049128540305,0.167914703603804,0.307011192142055,0.518391885388517,0.1928894453853,0.323025872553394,0.484871512192561,0.236999393911138,0.407291282347127,0.542514517495902,0.22708327911274,0.328703850671407,0.487116811106526,-0.162516978122018,0.431543273579737,0.504092717875541,0.227736182454791,0.423087793676029,0.442243924596866,0.150135707988468,0.279168152109329,0.417005590114834,0.23872313190566,0.397904421385017,0.497226491807893,0.236680933300046,0.438825544902249,0.448531091340109,0.234680488426977,0.378686708098473,0.441450617921206,0.171480544042569,0.314864068815091,0.350654011749695,0.208424419966777,0.296952184382525,0.366455108359133,0.120156885325187,0.274097816117597,0.384342480354974,0.0671488879587503,0.252093631369491,0.329637827705333,0.2319262470393,0.286250771170301,0.424872186904858,0.235782486961243,0.361113181357173,0.536844872643688,0.171869798089083,0.210183390679278,0.44313468306032,0.155929943934906,0.356605575065847,0.441988708418691
"197","NY1614",4,2124410,4,8,0.406776075751624,0.400232410505816,0.646454006271736,0.188672539529836,0.324604097893383,0.494007278367737,0.195727669848015,0.304518475488091,0.500157940376666,0.323672503774504,0.391581565361571,0.614668827172124,0.0795319683233738,0.408325157641163,0.382257251032901,0.105673470266284,0.218570568578309,0.398468966533982,0.0708460829791217,0.367369746348629,0.368605743545958,0.0883701864631144,0.343069109037754,0.405566006530929,0.119709055151576,0.252488067595459,0.475477833677331,0.132673833949751,0.259901336942021,0.508582150432371,0.158190809056552,0.298244340597282,0.472957021192315,0.200923316756376,0.371815449105099,0.535799711351958,0.215847920599105,0.312561554302086,0.476825737905512,-0.124594544768593,0.435002803485011,0.48469214424189,0.240703439285653,0.440927001623114,0.463418351104083,0.0905666087898434,0.258100142413868,0.348649426100407,0.189350184387682,0.326180434201825,0.462656190463677,0.204948806964163,0.400725834193326,0.421822693989877,0.22997254585304,0.368876133582016,0.449661732014673,0.176419005432135,0.323373158566292,0.367714950497076,0.201185924312352,0.320971792225662,0.35359993120055,0.13459274969451,0.280506873349143,0.394273333718935,0.0218145336102253,0.234586746897368,0.320098198504722,0.222576070419117,0.251594780182935,0.404098334272149,0.212842992671096,0.317473908534787,0.518385801676323,0.183458958446082,0.212459960405886,0.441593415105651,0.166188891187395,0.355786555786556,0.452786030640702
"198","SEEDWAY_9558_SBR",4,2124420,4,7,0.420333281578173,0.408006889624537,0.653876769563044,0.185125735913134,0.268038846865696,0.472981210267965,0.197517308434364,0.290420304374791,0.489955836349138,0.346015711804197,0.432675945609053,0.628404218453406,0.0819991941228938,0.425785316008879,0.360147963150043,0.118544041575303,0.235098313416391,0.40090673187658,0.0975641505667944,0.324982202487982,0.376564285102687,0.121371172510293,0.313561969836334,0.409766740153495,0.150077316337188,0.262771677559913,0.496782135076253,0.148987934643404,0.279723358369897,0.516385315188022,0.177238318688497,0.294437643622619,0.48260764985074,0.214757647441469,0.395162548997247,0.535471435694816,0.224020006136116,0.334961853062866,0.484641228320794,-0.10230094690886,0.426367242053517,0.48930599780273,0.231408934804494,0.421603956898075,0.443366896308073,0.114526035327103,0.23922635720955,0.353273915626857,0.209062528166764,0.36404884259412,0.473982500929047,0.220017911858144,0.412848751835536,0.444461720077164,0.242206886583207,0.389216157843609,0.453519791755086,0.198423687293642,0.370665793286344,0.395028555442592,0.213601985544432,0.34468739250086,0.392389060887513,0.141585758136715,0.296160729778637,0.408599687662676,0.0389231817717529,0.240745243310816,0.31499062743314,0.244889663842941,0.288996536582138,0.425826850936596,0.247202363876092,0.359634457858835,0.526931410604028,0.203601627449097,0.243245340111353,0.451357661583152,0.191226397676626,0.392939469320066,0.461823358696713
"199","GUARDSMAN_II",4,2124430,4,6,0.395435250386513,0.373583642211093,0.624411599656698,0.176715378156067,0.275275258852696,0.46982816622254,0.182645530413829,0.287769723604341,0.495382348731678,0.336496859187477,0.429914961500295,0.626454133222796,0.0838361346934323,0.42610922410696,0.359833898301243,0.121962471009821,0.258963585434174,0.411972209936606,0.0966612571297113,0.317527185546708,0.375311652430208,0.105785259512001,0.302077161712613,0.410789680880155,0.16096872994057,0.247528758169935,0.499319607843137,0.150366126345552,0.276378870132124,0.516207828264049,0.177592883778028,0.290287019045189,0.476223282105635,0.21882526743673,0.402447123221509,0.529473479436249,0.229679959061802,0.322214638688719,0.472772822026814,-0.0557447919450395,0.407786628107484,0.48219629449576,0.246201354856245,0.460780138512685,0.452650477279014,0.11347932123046,0.232721452217251,0.346974668655341,0.214985597464889,0.383065613819824,0.482646717989652,0.237963449540335,0.439528622021496,0.433973765717741,0.251963227831777,0.405731170437053,0.454650984062749,0.197484973874312,0.367607860853851,0.374183818546619,0.219912169535602,0.353229363376711,0.364335050464825,0.138956721502412,0.288285367244243,0.384300339604868,0.0418728406839928,0.25728326815226,0.335059389324067,0.24709223812443,0.300324780947618,0.43545059323606,0.257813323222592,0.370286649351638,0.538922543787044,0.227736485878447,0.256859431096382,0.464631746908466,0.21909752829285,0.424608330894547,0.474128377719247
"200","FSG_421LH",4,2124440,4,5,0.422533752200668,0.411101797621405,0.643204571390846,0.197284793813865,0.266135816501703,0.468414960033261,0.199776926891855,0.309870286314039,0.499799116726983,0.381083370854846,0.531650148848777,0.65348205649973,0.110119109378453,0.40557272559333,0.325442029305798,0.146080399873593,0.310021287945638,0.455915007752402,0.106024504812272,0.307882524188715,0.342514403141169,0.115845133080814,0.286019301242463,0.369749414782046,0.17433519761347,0.282641146370829,0.489667075163399,0.174151349003904,0.329664976122608,0.531951776305236,0.210782773660375,0.361168309602045,0.481966368146382,0.277653081352926,0.440100934888723,0.545959387036577,0.235849189669521,0.353583711217498,0.48176359987992,-0.0489096692599548,0.39408191333325,0.476621833306325,0.258285080280986,0.46663184192596,0.449220985691574,0.149475503646638,0.263596638655462,0.367450493240775,0.247195363755464,0.457019968467369,0.487067003542473,0.25930404871576,0.454782470991333,0.436287946407148,0.261355519791897,0.435388635388635,0.442359089417913,0.189883573527097,0.353868117610511,0.354093342835736,0.247442957251171,0.382372210731858,0.377570237529386,0.159842171386528,0.26058042686101,0.374152640407195,0.0503383799375191,0.213447052961693,0.279579018193357,0.242473775078112,0.284811101809693,0.418162538878793,0.269282690490028,0.411871616671899,0.53118572271218,0.224226919365116,0.237880165651095,0.455300106364022,0.215888126530689,0.448548379540478,0.457293208654051
"201","NY0651",4,2124450,4,4,0.415217535753828,0.407942166765696,0.638320883909119,0.201883964959596,0.308967539010195,0.512011129671612,0.172607066718458,0.28514072352857,0.508337500736662,0.360149167512523,0.413976590636254,0.650985894357743,0.104168553667413,0.417709392293996,0.357297492721151,0.130433021454465,0.259297385620915,0.441804756990516,0.119594430255467,0.30586016311931,0.387986743993372,0.125163133465159,0.308651513319044,0.431051199741211,0.173503333329526,0.258546405228758,0.511780936819172,0.174606299212598,0.268751095151717,0.545418872394773,0.181221994814526,0.293609545374251,0.487736078324314,0.238031600269605,0.399797414689447,0.547096165413366,0.251630400388581,0.330172587113637,0.510289091351597,-0.0685606765757048,0.422135796467347,0.501428157169784,0.27605200403667,0.476938733971097,0.480837338928118,0.127656560443348,0.242205334307636,0.37287346242845,0.21320296634702,0.369600178691088,0.472249887223149,0.236175379829542,0.411498353727456,0.41734139269743,0.245814102949578,0.361561102737573,0.447887918476154,0.196851790804553,0.343856656454485,0.381312390401004,0.21694269810366,0.346187839625914,0.378038701831464,0.145352604772219,0.256820604347934,0.366476785404427,0.0623209762074275,0.236102923654677,0.316274242198342,0.251510023493163,0.286288994393927,0.453389662294466,0.267445520762863,0.364518937123612,0.542448340325941,0.21773212541781,0.220776391364627,0.456806708887053,0.198013624445383,0.367265266803239,0.463366378889864
"202","SW5210",4,2124460,4,3,0.446541745401891,0.443843075950919,0.655929745635628,0.232748954777979,0.287225321162948,0.513868091185088,0.196170140639534,0.292029926325761,0.510277760739332,0.397536603612269,0.479781912765106,0.660195078031212,0.0637763540241297,0.438780762481173,0.387799909721934,0.098714548826538,0.344409172262854,0.410241147056331,0.149941897987638,0.300229973827605,0.418682676571723,0.169283995445217,0.314704665683598,0.45481679393028,0.198080361528252,0.307075163398693,0.511873420479303,0.217351254555834,0.349304677623262,0.553760194343224,0.217129739719884,0.358598008592103,0.495227314486705,0.269833625352129,0.440347570206096,0.562306163199685,0.259248494913847,0.318348623853211,0.496918616340222,-0.0910145398176878,0.430633775018802,0.51964731643876,0.285824587124017,0.468707194589548,0.446475887652358,0.174370821160036,0.249556218622715,0.414360140191342,0.258993437798185,0.431847008294473,0.49027743877634,0.27711637175927,0.431823155106389,0.436976572322517,0.281513358176541,0.398608399588792,0.468210112327759,0.225854721833028,0.378109540997701,0.408283921386673,0.257860048210535,0.39859993120055,0.391811145510836,0.183732885741421,0.278000462721962,0.381743208591204,0.0815242960276711,0.238094546325712,0.315011398723394,0.284264988235748,0.302479681026394,0.473193069905873,0.300757165672341,0.418783595437205,0.542929736183653,0.230860720652213,0.221967657798644,0.457235263432447,0.214342041627503,0.429066798361135,0.455111696419861
"203","SW3407",4,2124470,4,2,0.453100281087724,0.446388723839704,0.668037046468419,0.23280012541301,0.292568600627666,0.527084674499075,0.215439384666741,0.321964657052173,0.532688017242105,0.420269540853501,0.516884852595747,0.663716823052091,0.0542750518998792,0.447053712735927,0.358567819377744,0.0935126307229679,0.426141948007273,0.424098112929382,0.183564445088346,0.298500739861724,0.430586498699363,0.186083390896968,0.30910526860302,0.468016275350091,0.212555143608035,0.31875720244238,0.523107047643619,0.229082553571477,0.365720730770184,0.553356634689274,0.23218995810612,0.377606911724559,0.503530696471873,0.273305702620244,0.422304036476288,0.553111239807691,0.266177240627391,0.369785593528306,0.490375145491987,-0.097183889226739,0.393963908937171,0.443198750150622,0.295489084801617,0.470157666473563,0.454744346500911,0.191954942782843,0.264800876872488,0.419780294726586,0.273336420845244,0.451077584785176,0.493947450012864,0.29288482278928,0.439470378459754,0.441939313170202,0.292497809005176,0.405085605085605,0.489346795229148,0.245411572410538,0.400742373274562,0.435149918916645,0.267953480412578,0.432723598211214,0.397853887168903,0.19382076376895,0.269466795567785,0.367919982152153,0.0777352371943937,0.243094820302853,0.316841693459082,0.289819972437552,0.339855501049531,0.497948895315006,0.303433761035065,0.417905713959528,0.545593348935887,0.237857442814033,0.239015741507871,0.458640400135015,0.202137673556263,0.416971276672769,0.445122680592391
"204","55V50",4,2124480,4,1,0.435864972723814,0.403501938547506,0.641433628509022,0.214086788774733,0.283300686738522,0.515857959140384,0.192201545311558,0.295161337040899,0.518545410865076,0.421661249937818,0.505855723455301,0.66888997751567,0.0304756154982961,0.460091392201063,0.376975149345329,0.0829918099682632,0.463060622242208,0.421667993841907,0.15359099288095,0.299782882585349,0.393415532151725,0.15500545213325,0.289987589972698,0.421148049192375,0.186808551554618,0.280042156862745,0.50797037037037,0.219472660767523,0.335853845963164,0.553469175280732,0.224526261396553,0.342140457253852,0.496948578628238,0.267750847155259,0.408243388585905,0.550158199897589,0.282874906322397,0.321413605917272,0.49164365152429,-0.0848306534227836,0.372053318042623,0.360923924560288,0.302914373820742,0.48022054070497,0.456620150322572,0.166114279387828,0.239182072829132,0.385899403239557,0.264413743644533,0.419177292987398,0.491920477959043,0.28997713795879,0.418942251398846,0.447978750971754,0.289627852844859,0.403064944241415,0.487864334923158,0.256040010616002,0.405117462830162,0.454381571675184,0.260468430041778,0.427822497420021,0.395254557963536,0.200631331713098,0.296679487921029,0.35370707771801,0.0710157515355954,0.224371835254809,0.30815153019794,0.273423026272579,0.335346813893527,0.475793737212422,0.291430437394919,0.401349525739456,0.534327520430783,0.229220899469516,0.233051716673678,0.460667539868138,0.19219702893066,0.398817920202907,0.452180031216467
