"Germplasm","Rep","Plot","Row","Range","NDRE_125","NDRE_136","NDRE_144","NDRE_150","NDRE_152","NDRE_156","NDRE_164","NDRE_166","NDRE_172","NDRE_177","NDRE_179","NDRE_186","NDRE_192","NDRE_195","NDRE_198","NDRE_213","NDRE_223","NDRE_228","NDRE_244","NDRE_248","NDRE_251","NDRE_255","NDRE_263","NDRE_274","NDRE_278","NDRE_300","NDRE_305"
"SW5606",1,2121010,1,51,0.379777348649898,0.312751726789431,0.465171457877555,0.4687653716195,0.461860930766352,0.482477203950484,0.355232878562582,0.31479386968937,0.335225163398693,0.348775191492526,0.398395828984064,0.234291476882691,0.404572003391741,0.46379633438457,0.345873227118902,0.375860674704664,0.292873053673639,0.254325146602939,0.193957746898923,0.247604686231296,0.214326195390437,0.102038124984507,0.1422354240975,0.156913559335705,0.248820532579844,0.14127208567308,0.349523873843452
"VERNAL",1,2121020,1,50,0.298840765262334,0.263135628738499,0.426842371126209,0.419460284113645,0.46115371052125,0.48780542041378,0.29967636945369,0.326668905338258,0.253223791709666,0.379764507572941,0.424399996500162,0.256932149324803,0.320045395384274,0.407661975576414,0.271263131643754,0.385602728047741,0.287312403934322,0.255051024815212,0.184157266510208,0.23839006893791,0.247540849673203,0.200525382227621,0.184048668534808,0.161284486657621,0.281206534044962,0.157346768336964,0.373329309335675
"SEEDWAY_9558_SBR",1,2121030,1,49,0.331122499504852,0.309810964615731,0.432156658283751,0.418373849539816,0.465675243374424,0.467108752985049,0.288609988555358,0.294755294175933,0.275036492374728,0.365392465356187,0.405198995787231,0.262815756933404,0.327751499952382,0.404034149544985,0.302443438914027,0.390541820592971,0.282407249252169,0.278429939227153,0.192546850389988,0.215213241384198,0.243136398477277,0.222937953942639,0.137844908548979,0.154779244118988,0.259016182892371,0.163054882488269,0.344340666728726
"REGEN",1,2121040,1,48,0.327768871099443,0.300285699134285,0.397554955000463,0.412092298802929,0.457341352817643,0.441041328812227,0.282412510855871,0.289246297675188,0.268843464052288,0.371949651128195,0.430188991259154,0.236253379216894,0.349594202440579,0.419703410077742,0.30274062990326,0.41907538667641,0.331375847411971,0.274205259196189,0.17025077025077,0.211708056941323,0.234276256910277,0.28066593402356,0.148923779559266,0.165994340280572,0.258645146559352,0.182314669723484,0.364835730060644
"WL_349HQ",1,2121050,1,47,0.347236251402918,0.311172497384727,0.376370487367696,0.416680890240559,0.465928865043503,0.43541339495371,0.360957008426102,0.304954248042203,0.311936704506364,0.347562529436553,0.433325046179077,0.253398508958201,0.383537030570458,0.447666712372595,0.351191046554368,0.426560927401264,0.337482710926694,0.285926117877401,0.245649316237552,0.248200586347519,0.238167850673792,0.276180064946333,0.154703932655144,0.149905484233842,0.271531167051974,0.18043427741467,0.381287679250805
"GUARDSMAN_II",1,2121060,1,46,0.344923204972225,0.310580562515743,0.391217471101794,0.406724196405019,0.471651280338948,0.453000024571232,0.290773671914181,0.293767538288584,0.277712745098039,0.346591804863538,0.439000064428838,0.23873717351007,0.371731889864648,0.441275361596217,0.32420378856365,0.423972740611396,0.341334793421686,0.293397993558657,0.264354193765958,0.249316420687287,0.252427330581355,0.280970077313128,0.154177641681226,0.150895567331553,0.260110977918581,0.166884163368008,0.371815497539817
"WL_349HQ",1,2121070,1,45,0.34687903781041,0.322235941230117,0.376402604837555,0.418836592933137,0.465474602479643,0.439640448093807,0.347481515516595,0.350610519914572,0.311111982570806,0.365171830846876,0.422751093339329,0.23471945512154,0.367425595002976,0.448344822141614,0.343617628046694,0.404555034134866,0.322344269403093,0.300752971754004,0.265908383555442,0.242194277084456,0.257774767801858,0.238327260107583,0.152040177717091,0.139371813980712,0.252938560188753,0.16577772797386,0.376445399272441
"SW5606",1,2121080,1,44,0.39756010148167,0.344618117700089,0.455934971670076,0.488758003201281,0.464308382502637,0.422672735760971,0.345650679485768,0.374437193095158,0.330362809597523,0.368247880650057,0.423116649604956,0.238016509932618,0.399785192004487,0.466415491816561,0.372773985057722,0.407100415923945,0.338808224871198,0.287109663248559,0.272680472680473,0.242035282601859,0.248658410732714,0.190509861761814,0.132188108882339,0.125660390010998,0.268140941480911,0.150227526339435,0.367295507755341
"VERNAL",1,2121090,1,43,0.308135863773119,0.276469842500895,0.407364208585681,0.4215556222489,0.454331326195584,0.42483049410967,0.271240279019118,0.317221902459614,0.244672440087146,0.379392677424952,0.430574531751002,0.344602979748177,0.304380813307514,0.406644395414449,0.295093096061954,0.427925952989892,0.300352488197253,0.274517481980555,0.296666873137461,0.239905067339144,0.239840876293737,0.245128281401056,0.190813737596163,0.138189722618788,0.27543743495307,0.174610574120102,0.390389984771021
"REGEN",1,2121100,1,42,0.347272444331268,0.298006692417049,0.407037730339109,0.42182864177061,0.465215770141361,0.418629416678952,0.277436057392389,0.301928372242419,0.256025004299966,0.361500210703751,0.425810431267554,0.370905082297487,0.333503447040917,0.429541818846632,0.31093238567287,0.429246133235903,0.316691404609393,0.293999185577315,0.295514307279013,0.253711070323037,0.247819756861032,0.18546281836235,0.210216798749135,0.135235109247401,0.296704555184519,0.186488569762803,0.391556830011615
"GUARDSMAN_II",1,2121110,1,41,0.332543807108844,0.290426510360737,0.383079582774215,0.419106404893796,0.457774287103432,0.413067283867526,0.292310864932725,0.325273955602702,0.282282897603486,0.349254748399605,0.415044777397719,0.349724855160447,0.331583653428992,0.442024938816383,0.337067822604155,0.418309584703447,0.318864172874868,0.273673221725337,0.290752631929103,0.266576667945836,0.264933691318851,0.217476512728985,0.252322880149655,0.150606877497921,0.315295616063019,0.176912822528843,0.361961144752018
"SEEDWAY_9558_SBR",1,2121120,1,40,0.308103679182111,0.262143953254053,0.404740421401605,0.445739407870772,0.462136232175398,0.423827092240405,0.298945381215944,0.323500601034656,0.279414161220044,0.330431520625871,0.400026415823723,0.336167875495252,0.367069828471054,0.384978954497671,0.326696592786558,0.371566922421142,0.257005015755321,0.218292427103,0.27785370040272,0.26693413939059,0.253235724114207,0.222750551548053,0.272753801592126,0.174041334728146,0.325855524160174,0.160936481022564,0.382498294877575
"BORDER",1,2121121,1,39,0.333611794886305,0.295658998397738,0.397450111431434,0.467155957608578,0.467557817113221,0.400282551362778,0.321232282814104,0.351872019832729,0.314150541795666,0.350652190079572,0.362811395273269,0.381571444862584,0.397361394195067,0.388323204525475,0.381697656438141,0.332011053579681,0.416337585481889,0.31771040281017,0.40696724226136,0.347223587876533,0.297823787409701,0.229378024562824,0.304414982344403,0.240636663112519,0.358200497569236,0.21633839639142,0.329316971459202
"BORDER",1,2121122,1,38,0.342176314970433,0.275034168470721,0.400087641754856,0.441863561568125,0.468612856825663,0.375488721804511,0.307173804019424,0.360508470451968,0.313159694989107,0.358458144319675,0.386867899405107,0.416267645158189,0.404805667544946,0.404307228853344,0.354430208755468,0.325277747462621,0.461681256555555,0.341288021816656,0.418978336625395,0.348479203768272,0.28750687994496,0.221691579286582,0.311365973568215,0.255647505128474,0.376511021681841,0.233449323391328,0.312614866842259
"BORDER",1,2121123,1,37,0.337878198417414,0.272006760459678,0.381857463179919,0.441313025210084,0.464832815965528,0.377572002612385,0.321239518625582,0.337668828585709,0.309143355119826,0.378974074211182,0.377506062211945,0.41523951352693,0.4024089182354,0.425330676746799,0.370312686160437,0.34273830744419,0.457908613523587,0.31517362305546,0.431339972516443,0.343726104291618,0.22674828393904,0.210457034337826,0.317532880442747,0.239115230958749,0.361284974931263,0.237398253216044,0.340308242327558
"SW4412Y",1,2121130,1,36,0.303444812268342,0.237173063045739,0.388550417161283,0.458820514752986,0.454606726801466,0.38656666175242,0.296521339389147,0.302905406391894,0.280503095975232,0.35582571354533,0.370243719977951,0.417004644257064,0.379113726575451,0.386428649754721,0.380095493417293,0.275254829204409,0.44002884993854,0.293872333074199,0.433841939724293,0.363342196151527,0.241958386324611,0.212189583798121,0.328361858813845,0.224046699391111,0.346773173121747,0.242116356239257,0.357556962649149
"AMERISTAND_427_TQ",1,2121140,1,35,0.301297993945053,0.275922362617936,0.340240037620888,0.391043448769642,0.453684796922621,0.364175927172293,0.305383805530331,0.317297732340725,0.303002178649237,0.355745258455805,0.350853313206254,0.393986838662937,0.376337259134631,0.387930738402779,0.364871668124263,0.329721706864564,0.463411813082304,0.30577677963011,0.443266464835092,0.37101150633087,0.255462062527566,0.219191875373552,0.297601361984971,0.245362114750141,0.367283276726508,0.238352081990856,0.33519595649205
"VERNAL",1,2121150,1,34,0.334734954587896,0.274137476624958,0.343288811875115,0.419857054929595,0.45602571543064,0.388588888390342,0.337490668818115,0.316304347298135,0.255355991285403,0.278153739371855,0.287968824439413,0.369916255297243,0.394756780208036,0.405424964007695,0.359160168571933,0.308212560386473,0.354796632121504,0.269505149098308,0.417817970759147,0.375923145404536,0.295145338837289,0.256423985523413,0.395283515368843,0.200821205913392,0.335142730066311,0.228329218106996,0.391465322281828
"HI-GEST_360",1,2121160,1,33,0.297200911948219,0.273248682368656,0.364684245531618,0.436841642486591,0.453003471364508,0.343763207037201,0.319328956965718,0.330219341149217,0.282366271069831,0.37502217209401,0.365047116570859,0.390969972206011,0.370993242851801,0.384337725804683,0.404070310583643,0.321411764705882,0.410840276449259,0.321825787583756,0.426299332181685,0.380583663693989,0.315012899896801,0.24376964158328,0.340628261443006,0.256088567334242,0.37011528289142,0.230907361379607,0.327589460634443
"55V50",1,2121170,1,32,0.31573378509653,0.280069970411448,0.406887876805223,0.478342942558189,0.460216512476327,0.397940628069178,0.294371382847991,0.305963953120697,0.292015468409586,0.39058922247313,0.387239431945314,0.402791473528629,0.3932621186629,0.419215603172822,0.398350114820703,0.303747655583973,0.374346003757768,0.341687688720712,0.470255129078658,0.404399653377184,0.366733039579667,0.27411516819117,0.347886118309102,0.231816206646817,0.378542088839417,0.227216085522307,0.366159033265047
"PLUSS_III",1,2121180,1,31,0.302338629054315,0.268716893200634,0.355565546098216,0.433396858743497,0.468322356975852,0.400218929677134,0.294573654789427,0.30907829997226,0.290764379084967,0.345533878749738,0.345764877692589,0.382492209260638,0.322473889717787,0.377161578765857,0.362402208687574,0.346012909511631,0.346112624706718,0.33963104184405,0.428196531137708,0.337027392504066,0.257651512231886,0.211905505565058,0.327713998447888,0.275331822420048,0.361442784294698,0.241267891734176,0.348822233457879
"WL_358LH",1,2121190,1,30,0.296324826226787,0.259541677263545,0.402892702093003,0.460300296589224,0.465891578294806,0.392191885653321,0.287857222967913,0.289605254274417,0.271498000515996,0.325149599662874,0.343632739493306,0.403200221815263,0.3707562423304,0.416779892715722,0.407017437605673,0.325388822195545,0.343900757507633,0.342788383096753,0.427820333702687,0.36078431372549,0.277895250696916,0.228919640619276,0.316188226119069,0.248973229769078,0.354979378942261,0.213920648071435,0.354156452663915
"NY1614",1,2121200,1,29,0.305505569231059,0.27057961738141,0.365029340203235,0.384250920098981,0.459157811585992,0.415142021720969,0.315668782796962,0.286971515337334,0.255092919389978,0.2881083760938,0.33252926143075,0.391244110827134,0.343360528237199,0.426452677634777,0.362863569702568,0.268495411632667,0.281730644483879,0.279957057712953,0.42020982020982,0.35501047493766,0.316168300653595,0.26531370070152,0.370723949552525,0.234699121968657,0.313496922301186,0.214120470097272,0.328415276558385
"LANDER",1,2121210,1,28,0.310988974714465,0.274675135898502,0.359392102339719,0.361317405886121,0.462000057922326,0.412836706002004,0.300384583380065,0.279294974448944,0.251875490196078,0.272843445748343,0.311496095025507,0.36346763740658,0.369030083701047,0.440692818767685,0.38024882024882,0.274834782397808,0.308413810018088,0.300915414898903,0.441752982929454,0.375602211653714,0.339612143102855,0.2702879480209,0.369797779383411,0.195832461575601,0.339166571529145,0.18208761454816,0.407637488234503
"LIGHTNING_BOLT",1,2121220,1,27,0.338224094351545,0.296551062479194,0.384591804948686,0.396916004069789,0.472836757281035,0.421702663521549,0.305035656183871,0.299049732576078,0.295625,0.332545564481299,0.345749227848212,0.37192203372397,0.332011923759566,0.396668868861382,0.344579269024618,0.299370172311349,0.358718640534603,0.317354853835807,0.44278120748709,0.375101382624735,0.346597007223942,0.24306784660767,0.338704304754332,0.226890909578606,0.370824889878319,0.19739276491959,0.304318568585469
"N-R-GEE",1,2121230,1,26,0.328015627932778,0.310474839730694,0.393761171742528,0.368563138259788,0.469892707097289,0.432408932357781,0.299744077370215,0.304913760024558,0.259374945533769,0.281349412921511,0.320499108734403,0.380222664958331,0.359224735209625,0.388880163211714,0.361801801801802,0.328435513335769,0.315179421549937,0.264547522386341,0.364152731799791,0.325460957915319,0.257886600807609,0.240168122312839,0.362308646081426,0.193087626450225,0.333182949051445,0.188484580686735,0.333055795847751
"SW4602Z",1,2121240,1,25,0.364111823180451,0.33357014543478,0.445502129277726,0.467995126301642,0.452295855050881,0.399762243358882,0.303656746541411,0.310526331157929,0.304766404368765,0.353655090354726,0.357703799949252,0.422878276638515,0.351763965165127,0.427036718480569,0.351440187467055,0.28327950310559,0.410648090120875,0.349914979207542,0.430587959999725,0.409197786526744,0.286492898098309,0.236868694380407,0.34225568566284,0.175078842725902,0.398788661510213,0.184650403510387,0.283960289052475
"ONEIDA_VR",1,2121250,1,24,0.301481198540022,0.287383499714964,0.399109747116819,0.369552821128451,0.456627577914005,0.434026025125769,0.335349230411151,0.347418107176979,0.24347559912854,0.272310369081553,0.283581977699625,0.378553174668836,0.335467391361594,0.386696666375811,0.310439346909935,0.354350018268177,0.304959553622655,0.30323214080954,0.443557537675185,0.394311806735742,0.246297033773107,0.261680355524707,0.3783732639088,0.179655588637644,0.348314400966597,0.201880594563521,0.31315356688491
"REGEN",1,2121260,1,23,0.338461883069726,0.291502122394786,0.404124433015465,0.375101933149942,0.443186193904388,0.377274848400899,0.278440689185959,0.312861070961023,0.259816230936819,0.279314404175767,0.278566458346756,0.361962260100756,0.335363956699787,0.373907666589907,0.294066500701958,0.387931704082599,0.302669718779067,0.323515838053283,0.414785603020897,0.341180899737351,0.231910044719642,0.251491534666964,0.369261039048751,0.19016463510083,0.380352674791411,0.214906639086727,0.303235050239001
"NY2003",1,2121270,1,22,0.357584363711815,0.312530492250991,0.490422860141624,0.434472770907361,0.445342846223606,0.366820244262699,0.301759146367201,0.305579752275455,0.255297557619539,0.300039661882452,0.300911805051239,0.383383979660971,0.370817857634149,0.365844790978481,0.327275847275847,0.423887373131071,0.28929083754052,0.249563310395132,0.32452574805516,0.325320523755262,0.206826625386997,0.296646229780014,0.377566751663296,0.133618592096101,0.32996451370456,0.174148577740956,0.374976894906658
"NY0651",1,2121280,1,21,0.367618646785313,0.325328334138033,0.4272189528452,0.391808167213074,0.438125837957182,0.391808785052483,0.271142832678923,0.274065573610929,0.273158061002179,0.284480305396495,0.289717801688036,0.387286616475001,0.363838460444613,0.361872945830165,0.372984807444404,0.378071713533898,0.263582449913912,0.293629487037106,0.390902488941705,0.3689194875259,0.216418558651531,0.289105872437471,0.35659259089351,0.178233472702305,0.339017205620725,0.207874122488502,0.336254401223673
"NY1517",1,2121290,1,20,0.385474021258335,0.353728174839916,0.479699373666742,0.414953209983545,0.436461680215696,0.393029987914898,0.326548312910255,0.291828470594064,0.250664596949891,0.287381631066524,0.310877722642429,0.391914475905541,0.378774218807868,0.384059849835251,0.427365685012744,0.39056010282901,0.294361157462762,0.301903929213011,0.431302348949408,0.398452479240159,0.271519597137829,0.248324037579634,0.377920358330618,0.162123467718141,0.341211790393013,0.196396237518148,0.316594966344747
"SEEDWAY_9558",1,2121300,1,19,0.388480377212772,0.324543196250779,0.431688682342838,0.377008704827222,0.438098670483742,0.385744451626805,0.295456791031511,0.281735457151339,0.25843524251806,0.285917480061041,0.301798041840565,0.383081666923811,0.354516258743109,0.374704677378474,0.421287844389819,0.352660821904519,0.361212664947105,0.338400523204877,0.434459975636446,0.392192496756391,0.270999747354718,0.243338731756223,0.377260406989858,0.192465464982162,0.333367226075292,0.221385475585569,0.317275620043786
"ALFABAR",1,2121310,1,18,0.385241301907969,0.318533904669939,0.413252502947651,0.372626550620248,0.453234695334559,0.412406996243313,0.277936081253339,0.270138268589905,0.24794302832244,0.291386122731031,0.292815168109286,0.399614369892354,0.360033812074387,0.351643937261725,0.381522194463371,0.391003876297994,0.337024894066632,0.31673960822704,0.415548627313333,0.353122771584351,0.252527523348278,0.229755831536154,0.369163681590138,0.181508190919547,0.313802075900714,0.216910675381264,0.377053950012686
"SW4107",1,2121320,1,17,0.404510794216677,0.332340097972928,0.402473471140281,0.403143757503001,0.473129321814741,0.404327902844527,0.308717826265754,0.297586334689936,0.270183660130719,0.367199127438586,0.312445707739825,0.406707228449596,0.368217411087479,0.326853063751459,0.374012193112539,0.342980392156863,0.364864205186392,0.306990392828693,0.387433626649313,0.336571208926675,0.210870313037496,0.215419727379644,0.378417355113879,0.208523214578578,0.334377348707557,0.218090398600755,0.370557506584723
"GUARDSMAN_II",1,2121330,1,16,0.367075517075517,0.302943247955031,0.384612010540584,0.396313574757257,0.478743698817533,0.393552497922246,0.267285119737173,0.278883486877004,0.264325657894737,0.361680176495377,0.296786929854494,0.371609435198415,0.37333725817266,0.368040753067491,0.401008447894261,0.395856290342224,0.339819292077042,0.29087180246548,0.373766738472621,0.345580672821269,0.204780701754386,0.219906298802707,0.370027920182176,0.204444229357724,0.318905133620649,0.202357973549357,0.36455754734947
"SW315_LH",1,2121340,1,15,0.383420102047553,0.348800830181594,0.435241554042542,0.475917649571039,0.478111318511567,0.364736485452598,0.302314133107576,0.288898538433927,0.243954248366013,0.381204111600587,0.315299470593588,0.41630263919914,0.406990462045683,0.399704573501365,0.423616614066441,0.442331993667032,0.325594870514657,0.301207812559722,0.360504889916655,0.325000739189075,0.201809625357022,0.239008425395724,0.37871554418869,0.182953222941381,0.322016725176242,0.169689723635204,0.388626148942216
"SEEDWAY_9558_SBR",1,2121350,1,14,0.388920719803073,0.337674501849421,0.411901009437695,0.453643843187499,0.499387431985684,0.388632006648813,0.281482759042482,0.256906447860852,0.245689106753813,0.375359518256642,0.306208577626012,0.367689655403728,0.354890320942192,0.341825494766671,0.368815008780407,0.42082474729022,0.306290034237313,0.318776391613914,0.372825231648761,0.350774811322479,0.22783423043819,0.235775513745321,0.384980955402893,0.213194925028835,0.318421240403003,0.187823554517838,0.365694566383767
"FSG_415BR",1,2121360,1,13,0.413828292259665,0.33420467195086,0.395816891233379,0.48126781179367,0.491094426518849,0.353641175533759,0.267598277394481,0.257378331946616,0.247980843653251,0.390146996851838,0.288375739573997,0.370590694939169,0.375992825624583,0.371725974340353,0.404305867143237,0.387214347018269,0.351266866213618,0.328141525822272,0.412761271584801,0.361276835107208,0.238672713024935,0.244689783484682,0.360660195708881,0.231713910906185,0.369406270514028,0.202439964405167,0.34829277849471
"NY1615",1,2121370,1,12,0.3805581491856,0.32053031658911,0.395447259195649,0.450678271308523,0.495709261723166,0.405219072244282,0.260804985749758,0.253160955620769,0.257954466230937,0.398276691207456,0.304973262032086,0.377150381953062,0.358652362368531,0.355896111742154,0.40255411120463,0.397821674124195,0.31891276191984,0.316409136341761,0.386875288836073,0.34564663123108,0.224865841073271,0.21958156714013,0.38889322155066,0.210899653979239,0.344478931795911,0.239593076736868,0.345901773996594
"REBOUND_6XT",1,2121380,1,11,0.418998841534053,0.326120838802052,0.391100308736633,0.485674769907963,0.490993816507749,0.391804864643739,0.359715946160739,0.338644436446332,0.314853376906318,0.449110304914918,0.329408552937965,0.383045890268526,0.341903960720824,0.318674106764158,0.355824429319239,0.264181793929693,0.429261979529359,0.382431296105187,0.414780097133038,0.376884079231971,0.219987100103199,0.23349049354255,0.356082101391931,0.237026769668196,0.38906417977186,0.251376945644127,0.361912365436371
"NY0465",1,2121390,1,10,0.392154151222779,0.337169570290496,0.399157931957669,0.450109658213061,0.496501434713304,0.464936867054514,0.259123579562829,0.265540128188282,0.25296138630891,0.370620071817273,0.286010053285036,0.384285104165968,0.394510227188555,0.407039954316643,0.434673254569448,0.394744564492464,0.363425666330231,0.34001258653241,0.436790342672696,0.388898972186021,0.26031604747162,0.259734031272293,0.381390835400905,0.182968876547495,0.364079639619069,0.237155518651669,0.370535241123476
"WL_349HQ",1,2121400,1,9,0.404780178064492,0.337373556589641,0.395123550330879,0.477239577445328,0.499973819942404,0.467980351560914,0.324496479024315,0.314342024481025,0.300018845315904,0.418502268163903,0.308645758057523,0.383291407565421,0.347731905010191,0.33075743751125,0.380173644118281,0.27191279990257,0.404550901890419,0.371642528768727,0.427639557051322,0.365341355554337,0.226885740100801,0.222593887112367,0.369481622505374,0.225244728358915,0.38138249826039,0.238551044831078,0.376239141822987
"FSG_421LH",1,2121410,1,8,0.408137514264965,0.366401682376805,0.453977473985415,0.55054904473,0.473286841694015,0.476747375873426,0.274207307377099,0.256292370509882,0.276394801341589,0.412412186113383,0.325607878135636,0.428566044326779,0.429238754325259,0.445932975746071,0.475492793831894,0.312116131476745,0.431528672924816,0.367542047656067,0.422982034746741,0.359430765755591,0.243511084276471,0.219904756396167,0.371117329755064,0.16318347166098,0.368550984197658,0.209305131929315,0.349895254121549
"SW3407",1,2121420,1,7,0.416318884456139,0.345702485850701,0.429986104945925,0.541865822562209,0.474129343084555,0.466846038303839,0.322601418942631,0.318136562757581,0.298787145969499,0.433010279001468,0.323665697783345,0.408042144899926,0.361843010274806,0.352074425871217,0.398812629124048,0.268519303373523,0.409351938228944,0.370716278714215,0.422108574069358,0.359032308170239,0.24260627159796,0.217767036017947,0.374212143311558,0.203383084577114,0.394587983179686,0.212297444507924,0.372004475604124
"SW5606",1,2121430,1,6,0.416765578285186,0.363083081440825,0.450554494593294,0.570362889550439,0.482537951900619,0.475282913165266,0.320753544306125,0.329108473371975,0.305456644880174,0.434147509223954,0.326569164357967,0.398151241338136,0.390763395437046,0.364811421495914,0.419851512412066,0.253454146876142,0.419281961971735,0.379491849603277,0.423272929155282,0.360631927054548,0.230671654626763,0.21558650008676,0.373207711628227,0.205024409216491,0.396676013928133,0.210339293270164,0.394660791675717
"EZRA",1,2121440,1,5,0.398516561506758,0.359138871006679,0.385046549033239,0.539986509309606,0.488239098819463,0.484049602003566,0.272541301408933,0.277794211147265,0.240824733402133,0.34056319873082,0.282093858564447,0.358755504076924,0.392648381532861,0.391502852465419,0.408510336261201,0.421525216147065,0.331077082503672,0.358856161162458,0.434018586959763,0.389158256969416,0.242383470932233,0.265019211224313,0.413447944980293,0.18717955539729,0.349136389150517,0.21140135560397,0.392767900692615
"SW5210",1,2121450,1,4,0.443795990440564,0.385956744090469,0.441640778252048,0.569747396716534,0.492965787780547,0.487657586111368,0.299448705246291,0.331161335221604,0.307005119825708,0.414668768195577,0.331927281317785,0.37588116783947,0.387516798408516,0.361738736605047,0.395014911104877,0.28623473631877,0.414636066381246,0.387661743111341,0.45776364599894,0.413878559195398,0.297197282421741,0.270167929512021,0.373696537820951,0.215221821623206,0.414480406427491,0.242431249808218,0.313864809712561
"PERSIST_III",1,2121460,1,3,0.436465495289025,0.343886552254438,0.394498797085744,0.551484091394405,0.481004384876313,0.48467015791824,0.273053958652161,0.288557469112146,0.254773311546841,0.353382445489209,0.274607441666265,0.355338659582889,0.347953105496832,0.353401734769593,0.370571251124884,0.394726914334757,0.374173882195273,0.387378645415281,0.450830433183374,0.36782931830966,0.304575448873587,0.273950571378994,0.353670592822818,0.221822376009227,0.408096797671033,0.270085868893637,0.298837717977314
"ALGONQUIN",1,2121470,1,2,0.411489663205349,0.351505290898849,0.384443378038205,0.567664769943852,0.480451996994393,0.48261261427648,0.275164175079222,0.273602947259817,0.235822045923633,0.266293512999914,0.255766202063155,0.335266080177969,0.342880649291557,0.364738292011019,0.337914211789644,0.430320976875599,0.267470594832079,0.350014684287812,0.389535601300307,0.322644043637958,0.247291342831083,0.253751903908073,0.350498064956794,0.165060878915954,0.331168003348841,0.223711408682714,0.365958808896693
"ONEIDA_ULTRA",1,2121480,1,1,0.41816425223288,0.340709723713691,0.32446184069735,0.554389720013566,0.466345935982201,0.482406534950619,0.302967526884055,0.296461029357122,0.247347930283224,0.275226495884697,0.267981992687875,0.340684094369873,0.3319661809678,0.376548288312994,0.326344159285336,0.444608388810069,0.335907398733857,0.365166565892142,0.423896470955294,0.317120301316211,0.238969464177897,0.24018244465928,0.363031818303457,0.168852900941498,0.325328462292243,0.20339304673356,0.422901147923097
"SW5606",2,2122010,2,51,0.382073182808477,0.289301929355524,0.372896433512578,0.520866846738696,0.45298503656708,0.401217503723898,0.315110148863039,0.289946807216309,0.367109259259259,0.354914917508854,0.35409166076069,0.350858975132989,0.26704072886575,0.408799425647646,0.350234940823176,0.350382577273334,0.332126561513918,0.246711391360264,0.202448743625214,0.249586538930006,0.234396156366019,0.171762392272543,0.196495896077285,0.169250422467209,0.227809292081704,0.141249655812066,0.278837226066897
"WL_349HQ",2,2122020,2,50,0.342702586084939,0.289522040520924,0.319589068774783,0.489029907927297,0.437468082429781,0.401306984332194,0.333888681864283,0.294274144545975,0.357003461472308,0.330835276842014,0.341633398103986,0.414958679205391,0.303958604488746,0.386904931857728,0.334687146085477,0.333777632265027,0.283016577720019,0.278452103308284,0.236623330740978,0.296483654039435,0.264235276989153,0.226220470489081,0.240905551796334,0.163402957850964,0.210007991551788,0.168619368049521,0.277552070879551
"VERNAL",2,2122030,2,49,0.319618571334258,0.276386516222011,0.3243112208387,0.434455037620429,0.444912992211214,0.403401191022674,0.399224880324121,0.334794601881457,0.264432244008715,0.218821546317642,0.295946093743164,0.38082684322446,0.386025922590363,0.37141438405055,0.267737653620007,0.368976883682766,0.30809492611196,0.311399038323112,0.270701411877882,0.296541277455188,0.248559511523908,0.221204715907995,0.231150818681928,0.150104451488535,0.231942303850215,0.181738132498696,0.282432645382601
"REGEN",2,2122040,2,48,0.351204859047996,0.298340683948366,0.346501485952904,0.44715077062215,0.447262233110105,0.392770154215532,0.379091640346402,0.290973320141304,0.295401960784314,0.26709551077068,0.305453046629517,0.387227286854986,0.353843793318731,0.380981199063988,0.296534051469936,0.379622879454812,0.294251227406308,0.331134208069193,0.243063843063843,0.276582717531973,0.259149896800826,0.218897895441362,0.216535603648101,0.146376057621732,0.208093348935887,0.17262962962963,0.281105501902253
"GUARDSMAN_II",2,2122050,2,47,0.342789119014609,0.280990725285207,0.335530440886817,0.432989913454171,0.454070037178183,0.293010939046745,0.372365662422174,0.275843565522511,0.308674213106295,0.276652969557867,0.303202113265898,0.37404925401947,0.341745764684719,0.362992342658283,0.288587074469427,0.387781269029351,0.276856939927479,0.326401005825727,0.2356240120946,0.244138003188748,0.262611799105607,0.204950160988683,0.229913716315148,0.136368363381451,0.234934854582299,0.185393164167388,0.358166851933314
"SEEDWAY_9558_SBR",2,2122060,2,46,0.328454715219421,0.289750947515988,0.345210264440684,0.447725063119418,0.464051720913786,0.257377535629636,0.41932539157371,0.318308894565282,0.267983660130719,0.283377632991523,0.284186365014252,0.385105283988382,0.360869107245369,0.387073761656187,0.28301993142213,0.387969309462916,0.277080790822553,0.323549402139711,0.24789663613193,0.23186639914606,0.307787041438108,0.168495575221239,0.210413170272333,0.145777742013358,0.226124168735908,0.169816621567586,0.400715512568015
"GUARDSMAN_II",2,2122070,2,45,0.344600651708495,0.30007906725737,0.354887648490053,0.471851828966881,0.458105787832733,0.269841894394324,0.377000110087703,0.297389027589194,0.292215795206972,0.300390669542153,0.284146854798875,0.396323501461253,0.329718633270901,0.343418017201605,0.326432482903071,0.374357325538911,0.290012687815959,0.329634428416496,0.260361787812768,0.263093214918773,0.302894287219146,0.20290077092784,0.255262973454801,0.154949235721843,0.262073664982733,0.186025901718712,0.427175885279485
"WL_349HQ",2,2122080,2,44,0.352887138636931,0.31096868906795,0.333085814832588,0.487139716873296,0.454862317641543,0.278789546587866,0.32525985607971,0.298257593309562,0.339046697626419,0.362901266701371,0.327628377040142,0.425979243080261,0.298514012221514,0.348617395676219,0.352146320332764,0.358977455716586,0.306766611044686,0.320055530984324,0.241890630125924,0.263851834667285,0.286134056155766,0.227182987255866,0.240587228587412,0.152058783200652,0.282179671965827,0.201376906318083,0.434777004846209
"SEEDWAY_9558_SBR",2,2122090,2,43,0.365451668883041,0.31146898578054,0.376941956831394,0.472854253809147,0.455221782883271,0.306902123168108,0.380893960388756,0.326686274509804,0.290515904139434,0.306891743481534,0.321081274991032,0.410869842292031,0.333542420459992,0.333661694342809,0.305751633986928,0.377861690130598,0.286589836113878,0.316113366540938,0.261582438053026,0.230403642723764,0.309985380116959,0.242095138940532,0.214937488610834,0.151017810681044,0.269833781350661,0.214801193579459,0.422890682943361
"VERNAL",2,2122100,2,42,0.33471844966943,0.273041997682367,0.326001229173507,0.440944090640741,0.444425061286932,0.276861636962477,0.403762205100859,0.340919138593533,0.254100984692122,0.262532854551512,0.282220188102541,0.413021360899246,0.356629419171878,0.358980591600912,0.263262302525482,0.362137097263148,0.324584677428222,0.295909514074842,0.250477062241768,0.220429821389175,0.319900670794634,0.278024080822103,0.199660140913453,0.176188414970292,0.263693975892152,0.186576187508756,0.475395327285143
"SW5606",2,2122110,2,41,0.408213554782182,0.33182417246135,0.388164840145304,0.487084950572157,0.450085776150653,0.26806254274285,0.328601112626612,0.34537534249242,0.376209694989107,0.404189782107533,0.378195992526255,0.421109568242852,0.282667216913749,0.352696857509692,0.379858682211623,0.413503583251482,0.365977673008491,0.307776749466306,0.241454288513112,0.204488056799408,0.236261609907121,0.211144988969039,0.201564728055387,0.172897460094692,0.250595917648962,0.174638559022983,0.458553751969029
"REGEN",2,2122120,2,40,0.359582519876638,0.295261241478559,0.340337349194723,0.420621773373026,0.441908832199431,0.272638778588358,0.333518525314056,0.291270092222774,0.283745533769063,0.316487940308867,0.288057556467142,0.393504040153333,0.355279054947254,0.32731386260798,0.332151748109411,0.416581177925716,0.354711444551017,0.310646237052326,0.293871016420036,0.284113626811396,0.271912696067726,0.25765081843947,0.207205598818458,0.214520907773503,0.241925797490272,0.167945134861456,0.429629156407032
"BORDER",1,2122121,2,39,0.365903785756727,0.319081100292374,0.37735225237636,0.468112745098039,0.460623672816525,0.29166065534352,0.321332102970938,0.319487538872586,0.319826496388029,0.372268167178766,0.339510985116938,0.38298462274635,0.353467085700983,0.365197844342229,0.482090998561587,0.300871459694989,0.385242552779775,0.371376744530411,0.394506500388853,0.380245228818821,0.258051034346912,0.25547804962693,0.256493190787262,0.249491802274537,0.378246211148215,0.198477119352299,0.3158140669203
"BORDER",1,2122122,2,38,0.380566519537108,0.333828500974426,0.392788734051426,0.460405162064826,0.447385564248241,0.254671837965956,0.333160495639304,0.316188455614602,0.341519934640523,0.411639334147756,0.361004641004641,0.402922505528611,0.323686549633345,0.370466906830543,0.467669239641558,0.358527828522713,0.431361994164044,0.390870307986141,0.429392264686382,0.409892549750562,0.253006692958904,0.260790097750014,0.252638017577864,0.261108339368579,0.418514237330061,0.233859887292102,0.268458125174543
"BORDER",1,2122123,2,37,0.379573937983217,0.312996985729997,0.428825264167598,0.486860521048303,0.428052009705965,0.260964497281633,0.320726861382354,0.313390760126339,0.338840740740741,0.386759885861916,0.370789694726619,0.387168491400311,0.328909323600512,0.370557957850387,0.454639008756656,0.365013274875167,0.446995494396031,0.394384432186972,0.447878283172401,0.418672598374694,0.26077528379773,0.261579534468655,0.267674902546968,0.247351887211413,0.411071272274072,0.256816471815643,0.282601965819959
"EZRA",2,2122130,2,36,0.320038739401484,0.269087651964099,0.382277938497804,0.433072314127445,0.421629900186203,0.260623387816665,0.354315560285249,0.285679119922635,0.265801191090471,0.3453974864282,0.308085197496962,0.382235549026316,0.321761743013449,0.354151968055711,0.490865156283434,0.284751674582877,0.386966937769077,0.352863777089783,0.460651484180896,0.437298307622123,0.282437650498796,0.277121538881039,0.29378275779019,0.243102168880716,0.384544790745022,0.258344710723796,0.259931226221832
"NY0465",2,2122140,2,35,0.330811735468598,0.293553954712379,0.329986955316431,0.407037218474834,0.403870908515999,0.266091952946173,0.350725329802257,0.28934170512318,0.276089651416122,0.330012146451501,0.293208240920659,0.397149047781959,0.339261716559263,0.367375939568453,0.492376410023469,0.289985629034222,0.383337494032681,0.362858617131063,0.432488281507889,0.409019059627579,0.292294891640867,0.296808182466694,0.286492417204745,0.20079165355982,0.381892475573441,0.217296265611096,0.27528518590854
"SW3407",2,2122150,2,34,0.380813621744994,0.352541760548269,0.356064067962952,0.480505457788497,0.43341032146567,0.248430466947091,0.319533105818747,0.295375683159836,0.361601198257081,0.427660262342823,0.361659042587462,0.42141097414118,0.323370150606251,0.336629146254815,0.464631608299428,0.384104348810231,0.470861781967469,0.434217749752862,0.434981199687082,0.399222145649815,0.302206149985655,0.276244515505317,0.284115952223484,0.208784667633107,0.417575348916859,0.20420630823767,0.293655240977453
"PLUSS_III",2,2122160,2,33,0.353520263324185,0.318845454003102,0.318333459618283,0.425551745361822,0.429339797880889,0.268338350724905,0.318206387050792,0.292947947342627,0.33765479876161,0.394332111699305,0.331119140530905,0.393027577093102,0.368385659714506,0.333737207533999,0.494508868730322,0.389609904567888,0.432192749254014,0.43023828033416,0.418229535876595,0.408892056356559,0.277909381704199,0.290698324560896,0.311062304950576,0.245517689976127,0.402475002616282,0.236582610309044,0.290946249146425
"NY1517",2,2122170,2,32,0.359354752001811,0.341052181521696,0.352989139694807,0.433177270908363,0.426314112774769,0.255239219433593,0.355879472138965,0.273989264109714,0.28412440087146,0.37183857613842,0.322695356589758,0.41081036360262,0.352338550098939,0.365624440293734,0.503202910123325,0.299000084882438,0.370111634957543,0.409822156958721,0.434738940621294,0.418432418785865,0.329712762297902,0.296641134329838,0.282605000146546,0.226307794473884,0.393777649342124,0.213201404018397,0.312817714046862
"NY1614",2,2122180,2,31,0.323999566156429,0.290034635605268,0.327058402579581,0.400129630327467,0.423881034356457,0.280097885307969,0.342414035544718,0.279123711215022,0.27340871459695,0.358284623583947,0.324770545947017,0.380059843909434,0.254911967472995,0.349400629079773,0.424829327597494,0.29254562431033,0.326204960429559,0.361294412501843,0.387410048194362,0.380200817620927,0.287853887168903,0.256109375903754,0.303010817636992,0.247866658753402,0.352853174263398,0.234667034889073,0.29408978100813
"NY2003",2,2122190,2,30,0.299799868731103,0.236976577311114,0.353755103014442,0.416183190765095,0.394659788674368,0.264873824669221,0.336085036634741,0.285821422140462,0.272198142414861,0.356597852062998,0.341710370895346,0.345178536690078,0.324897622297705,0.388594708915565,0.521315639377923,0.288625989526245,0.361950185479597,0.351310068814604,0.355839567604273,0.379004300943205,0.259077657378741,0.275624798592003,0.298804312782499,0.211417746305088,0.365155763906727,0.20737959341633,0.297759034986544
"ONEIDA_VR",2,2122200,2,29,0.327036117477294,0.279645546659156,0.28939324291331,0.33713783271156,0.418739256133771,0.268574999230461,0.28499435278164,0.26242617733759,0.271792265795207,0.35888201976826,0.307078102067209,0.332948734289017,0.301759203411532,0.34455496968866,0.487302181073807,0.279417921758075,0.388679037836958,0.377411369834277,0.449981073510485,0.422232532962147,0.345967738482159,0.310048778606821,0.289288768084084,0.216062369411492,0.391223920426977,0.21991133235753,0.298330166460105
"WL_349HQ",2,2122210,2,28,0.31832069528148,0.286127020111628,0.30151224723466,0.394411428512318,0.426016517236338,0.275381679985261,0.349980673492104,0.301991152380535,0.34288137254902,0.442567115341712,0.341657754010695,0.296728808729305,0.356212837001575,0.357742376458954,0.512792121373436,0.374690537084399,0.457596087666871,0.435800389661494,0.424993519111166,0.423000383750891,0.329065340921256,0.300614263404477,0.303402796096017,0.255609461664825,0.41775278039406,0.216201049433858,0.321533460251634
"FSG_421LH",2,2122220,2,27,0.395207679031208,0.357193768311922,0.369987624074963,0.488215950057153,0.423679012093827,0.279235632714624,0.329702764924163,0.281120389893429,0.335169526143791,0.450304157061055,0.401549785079197,0.371847797164253,0.41090177031417,0.358133971291866,0.52856126022216,0.338478626233102,0.463452416928353,0.445551132733795,0.462050897345015,0.459378034939762,0.378014721940316,0.307917847571674,0.266368605023084,0.206134542120701,0.396531761661482,0.197567891006168,0.318218588430397
"SEEDWAY_9558_SBR",2,2122230,2,26,0.346298182572692,0.322881209597382,0.362507667300497,0.417435974389756,0.416048345834902,0.272647357951571,0.304231381955575,0.332847750865052,0.279779847494553,0.390973728698528,0.312397739104566,0.290361545462067,0.315648709564776,0.344466050883163,0.485669670583165,0.271602459165484,0.415314655636843,0.398229727524882,0.445804921295117,0.412578783489904,0.29671740626075,0.288284375697182,0.262566786144687,0.226252322518733,0.357440404047713,0.214003859735567,0.288406445210659
"ALGONQUIN",2,2122240,2,25,0.348918220486848,0.308283949144228,0.35555022352436,0.403059223689476,0.432077043508185,0.2950049142464,0.320975795132057,0.358057216297304,0.26671815875473,0.373654660101926,0.296410421116304,0.290643733830629,0.295847224197227,0.430360397825903,0.489959163315565,0.270339893533171,0.384540654884809,0.362418780532281,0.424313083136613,0.404888655380955,0.289742002063983,0.302739644530378,0.305536632018116,0.179305276146026,0.335482014251601,0.17047305352921,0.307256185746089
"AMERISTAND_427_TQ",2,2122250,2,24,0.414413155834724,0.364340638216071,0.367880570719772,0.427185690419666,0.434187006205071,0.254667519181586,0.37504308322751,0.277735729685272,0.361444989106754,0.457278203316725,0.346585056804759,0.304531958118456,0.342819804662286,0.363023377547706,0.48780156406454,0.346819940097251,0.439368986292923,0.410075149002332,0.44625037566214,0.401561167327388,0.286129600963192,0.294335993984615,0.292491879444961,0.235639869549904,0.372139333656801,0.192560679984044,0.307733269924885
"REBOUND_6XT",2,2122260,2,23,0.429029675843401,0.352593646897884,0.3909007484488,0.464138372837924,0.424363181747148,0.263107892279719,0.405341210720096,0.295798707900015,0.374031481481481,0.460583029672046,0.364476895195849,0.35958355973248,0.367847934280746,0.307421683456542,0.4870512380893,0.37118854275717,0.425789766431478,0.414884092038375,0.431930937813291,0.380849460007675,0.282379490341671,0.25629210976426,0.289045119575093,0.241295510654598,0.376648138634396,0.203293149358509,0.297937364662562
"SW4602Z",2,2122270,2,22,0.421627088735622,0.336559628922563,0.415224863473015,0.501926115737775,0.397501901170849,0.255196103358709,0.328696389949945,0.275588843628789,0.343927911076711,0.428824393193401,0.364571655606383,0.390456577202668,0.357019165442164,0.329188378838648,0.510937044501058,0.320363902082572,0.379152401119694,0.42690951270376,0.422261681085211,0.361918343488654,0.307665429132998,0.282798311064839,0.261725011054659,0.197944663501516,0.355888893645765,0.193118731518715,0.310602191225029
"NY1615",2,2122280,2,21,0.34403252883645,0.284532754620316,0.350012080263371,0.391408222481818,0.410018688707782,0.238398692810458,0.288044108473084,0.333030052666116,0.286137254901961,0.374792383913918,0.318338017161547,0.325384021400403,0.311593282752928,0.265959484986355,0.487560917318703,0.274062111801242,0.284755490174089,0.304130795734838,0.407499363381716,0.35386952421622,0.293956639218256,0.290846533303587,0.278805638067276,0.191677454043054,0.337130033964095,0.211393135999598,0.277578894741976
"GUARDSMAN_II",2,2122290,2,20,0.380057460694716,0.332518742791234,0.382651931446531,0.411475325424287,0.439731422123716,0.343033183270766,0.303788550293111,0.320536891847829,0.315194662309368,0.393306065789148,0.326896693527924,0.31610240173159,0.364633926965282,0.349380026358966,0.488309061181033,0.251029107295092,0.279494774247032,0.370451264206123,0.428325498913734,0.425054643130887,0.319101737186103,0.342536680355525,0.248837890911222,0.182937439338823,0.35754143239052,0.218151174049867,0.32801189113744
"SW4412Y",2,2122300,2,19,0.403878420054891,0.31655662941309,0.400344886266947,0.443209283713485,0.437159216549431,0.406900461939162,0.341469059239416,0.289782054663377,0.331241185070519,0.424581443196748,0.379950003479415,0.334276942616481,0.319007441816372,0.346243595976216,0.488231657262799,0.306539033004506,0.352632408782141,0.418801838474181,0.472567601979367,0.456991250275774,0.333504901960784,0.336683770853474,0.277983834074346,0.225186789373641,0.370130029207219,0.259390837399122,0.333529977603727
"FSG_415BR",2,2122310,2,18,0.38827254807647,0.290975463372764,0.370173849746334,0.446323246787504,0.452209329582747,0.420414990303266,0.305687227224982,0.312627081112912,0.30267908496732,0.390929327483206,0.31887134595025,0.311997738617247,0.281311704390337,0.351092163926389,0.477904102817598,0.276513213981245,0.318807236989055,0.412115583075335,0.471865601277366,0.442772436662868,0.301395338837289,0.323339984961536,0.27254226575273,0.213846167489714,0.362365856094985,0.267500076713001,0.31027460735538
"LANDER",2,2122320,2,17,0.343296173688331,0.277307633668748,0.280284473886878,0.369885066134077,0.444989238976326,0.435445177308147,0.299099482587795,0.324074382296974,0.280238453159041,0.344072360221622,0.28066576466293,0.289391103687455,0.332665100578818,0.382147822156266,0.510314684432332,0.271390980634678,0.285515879560302,0.366485272523106,0.429486744192627,0.396985018343261,0.315994159183656,0.309116779455145,0.246918266884319,0.189928784099139,0.331692567856837,0.206249207780923,0.272242432207314
"SW5606",2,2122330,2,16,0.426830277565572,0.317083697914595,0.357351636231994,0.477679717626961,0.434212688601248,0.427226645043983,0.395237750675644,0.293007787474275,0.388714955280358,0.449454213403423,0.385239357004063,0.331264995449657,0.298234609449474,0.383130357461908,0.483271487993654,0.343046794475366,0.400668034400033,0.464661212502622,0.463615028320911,0.376397192270738,0.303182045912927,0.291992265932922,0.252817440747664,0.235011802258523,0.376056621095794,0.231326898830486,0.282089978139144
"VERNAL",2,2122340,2,15,0.315087076230407,0.259907107507846,0.324534594859842,0.370010174473377,0.444709334977873,0.326051684340148,0.297532807433696,0.369081122645136,0.235721459694989,0.328601037268398,0.289129721500381,0.28378147320813,0.341394453086145,0.376732774058977,0.507128977717213,0.283585434173669,0.268356392567947,0.302480492931387,0.42097697391815,0.381300563375797,0.320995872033024,0.320758864017583,0.284808158656977,0.168521304078811,0.321945015269572,0.176119917763663,0.31294622260669
"SW5210",2,2122350,2,14,0.407715577813617,0.322022199684471,0.380891655932446,0.459899762595621,0.447522656431451,0.261524030664898,0.34468680393001,0.287830936085202,0.343723202614379,0.431580278128951,0.395663470957589,0.311733177704883,0.302820016295779,0.387143753453914,0.516502006711655,0.31404076782228,0.374987627394045,0.438415646960539,0.477275136098666,0.40754609696796,0.334151616787066,0.334466671624402,0.276763807492192,0.224729057947051,0.390244241801524,0.253408205222621,0.280397815252951
"55V50",2,2122360,2,13,0.396441657471069,0.290350061023041,0.358090535484267,0.443520908363345,0.438965233732676,0.269834931175623,0.324035325920761,0.288124431207082,0.329269865841073,0.415308184947988,0.383862938384554,0.296856797229098,0.318873396875008,0.424815410376908,0.51080576374694,0.313186037700104,0.360636105961954,0.431599051759715,0.47276443747032,0.369581800937519,0.334293515651875,0.323773304798812,0.272212179517019,0.249804602160198,0.394365361379875,0.281890159365052,0.263432622870726
"N-R-GEE",2,2122370,2,12,0.33075774080676,0.277146389319758,0.299610789786073,0.365740915200161,0.431226008697219,0.278793306796403,0.285393434965135,0.334117860773579,0.283527559912854,0.356685546465282,0.330381143670904,0.288617706810807,0.31703490894469,0.296889099267371,0.48947950753365,0.274795274631592,0.313582120074676,0.405352484606177,0.443470182685869,0.323766179711648,0.31370151030493,0.274976822587442,0.275832412642707,0.248081462407124,0.360950209778234,0.290152846998079,0.269484684421032
"WL_358LH",2,2122380,2,11,0.369215969215969,0.259197142345782,0.327980790856489,0.437842464867772,0.439192679557228,0.272783087300519,0.342399178011816,0.29626667445335,0.325163725490196,0.399131404774299,0.36289156626506,0.325654321484552,0.373267515316974,0.340052935774861,0.506033260150907,0.332160272804774,0.345277471760264,0.445128271572946,0.445531398472575,0.323687324294509,0.310820497668384,0.277414348236837,0.276232801562817,0.236761412366949,0.388490381596598,0.269799380158949,0.295562301005672
"HI-GEST_360",2,2122390,2,10,0.339564765300059,0.283088654408412,0.291690534522096,0.401412367637638,0.439160719486916,0.295052705292643,0.329552501239133,0.298827531706284,0.318510276917785,0.374753724498649,0.324770331829155,0.326828242986099,0.421376920362558,0.259197487004974,0.485720250304008,0.304442820606503,0.394949786928397,0.363958916900093,0.38637246872541,0.296893358897903,0.280283819140235,0.281305371706205,0.292060015011399,0.21693070367346,0.350778819533636,0.249507625272331,0.308752677848376
"NY0651",2,2122400,2,9,0.346524182063398,0.283944421243819,0.283552192166404,0.352304078582105,0.439306090532596,0.274209304876286,0.307564437916135,0.327930603613995,0.297027668845316,0.34160391910068,0.308697097759229,0.310211328230688,0.407237336380856,0.283660961735828,0.493839049133167,0.279576557895886,0.44497731805518,0.343309051471788,0.408764914647268,0.328208592333813,0.323062435500516,0.305121753716236,0.273245558703107,0.19942665164561,0.352931649318809,0.260873654605342,0.272839844893181
"REGEN",2,2122410,2,8,0.369782091240252,0.285543938670803,0.299415974204194,0.364899825401012,0.447523225874799,0.309241363211951,0.284693623620126,0.340541349190968,0.285849350705194,0.340676916875414,0.319879451644158,0.323380491437081,0.421446409108706,0.28127718983334,0.504460692980945,0.285706269039602,0.414386268132912,0.376809862466768,0.439395545277898,0.320509653809326,0.353493722050224,0.311633821670261,0.307130924118526,0.195767951503447,0.361179372282635,0.269995731967563,0.271414920376858
"SW4107",2,2122420,2,7,0.374284629676786,0.295007510528151,0.299094577003551,0.4175,0.442832992329835,0.307853108189627,0.32894626083412,0.303162561624302,0.314399673202614,0.38496368458888,0.36139509911303,0.320459551137139,0.386661610655543,0.279440336378135,0.463557170615994,0.310324372173112,0.36888138089916,0.379955823739187,0.427649982551943,0.340087019612392,0.365281217750258,0.301605066805483,0.286487957111746,0.228100413877411,0.395751990752633,0.2750367949649,0.294042080170263
"PERSIST_III",2,2122430,2,6,0.371469008478812,0.273325163398693,0.306085924279544,0.472071828731493,0.438068070416422,0.343945034154013,0.310453683656869,0.301116611027973,0.305209477124183,0.351044842715847,0.315850709096896,0.33484758026828,0.448606393447827,0.235937324707378,0.508862411081015,0.264486400620854,0.36747165249839,0.377166227114628,0.454035242270536,0.362683712323405,0.391106029657987,0.341750080563199,0.280311492895072,0.206589584963287,0.384203722731208,0.268313848230998,0.307231123792801
"LIGHTNING_BOLT",2,2122440,2,5,0.320057130596346,0.274261269145141,0.279241605567546,0.43532778133675,0.44745435773292,0.402494478594896,0.325399067075901,0.298176845322393,0.298318928448572,0.316192944138008,0.32166226402938,0.329193899782135,0.437404632657164,0.278523615422011,0.482024377318495,0.301484350261844,0.407832582399339,0.375997235898765,0.43570476511653,0.347248283375524,0.373674789854793,0.30190327458417,0.297049584765342,0.238626293974723,0.381702557296572,0.275792907962973,0.310009935646459
"SEEDWAY_9558",2,2122450,2,4,0.294837968857577,0.288269763618767,0.283619961217102,0.435191619248596,0.442778100778488,0.440670917489803,0.311323254192507,0.341227276414294,0.273677777777778,0.251263218943965,0.278900290664997,0.309069605718898,0.456457210872531,0.274067702944708,0.499924846169503,0.324178297405919,0.388352277100141,0.321655485493267,0.434845387786564,0.362800833287649,0.36810503192323,0.311017602714636,0.321983416099916,0.287308012124138,0.346017305515122,0.249670666492761,0.335004687945864
"ONEIDA_ULTRA",2,2122460,2,3,0.347775019098549,0.281347028331278,0.305048989844875,0.461797032186655,0.446287084248781,0.460042226908562,0.308717826265754,0.339577961738182,0.26822788671024,0.236639647009246,0.294643716478113,0.330201087163113,0.450309898771852,0.234975838184394,0.499555858379388,0.308518518518519,0.411056650988308,0.33107121262602,0.449598223127635,0.405770678530083,0.396626676986584,0.318208274460227,0.319430204004654,0.344248043382991,0.349256738114945,0.239664917610237,0.350216320358989
"SW315_LH",2,2122470,2,2,0.416548420715087,0.308254036908881,0.391907189962667,0.540210774892917,0.44311851532585,0.460226055334414,0.29407813780534,0.343768247718716,0.272334128826969,0.238474009072656,0.325540513775808,0.36387808756883,0.425535697279451,0.320820646657967,0.488932554656145,0.391592741444404,0.409773701752311,0.332530673087949,0.429366111719053,0.422038296817393,0.384210096319229,0.288814660574161,0.312622063188049,0.371876664940756,0.3506505028018,0.219695234588358,0.324250826094549
"ALFABAR",2,2122480,2,1,0.432547154585266,0.304768863993979,0.346805158007344,0.494451280512205,0.471766224552361,0.48129919526339,0.301184622935834,0.325030489733744,0.279238562091503,0.226915049205523,0.296708402236397,0.359527658708597,0.426882179140794,0.348668918722395,0.479147749597577,0.323194738765071,0.432103080231423,0.346063688633348,0.451010674540086,0.436235730807809,0.379705022359821,0.306209067697876,0.338634459323165,0.386919904393953,0.365456517395896,0.265205928380742,0.280490683835723
"GUARDSMAN_II",3,2123010,3,51,0.407171151288798,0.371412934680295,0.441011923895241,0.491992815063245,0.319225158278435,0.462674678312718,0.315197616041312,0.329399136106671,0.328050980392157,0.241016831511366,0.324914433149727,0.420737491027886,0.404585039628372,0.363827801881542,0.386906979986565,0.397106320789185,0.441453658453377,0.381372071245652,0.263019933608169,0.227576073928005,0.254907980736154,0.14183440337787,0.149731311254599,0.138346870353791,0.31469470369419,0.199868544600939,0.322909240029521
"SW5606",3,2123020,3,50,0.437062383876109,0.403320810198224,0.470904801221892,0.53080755172024,0.245251874099578,0.393680033416876,0.356598637979086,0.308539266786387,0.408483294633643,0.291371061699016,0.425926800885459,0.434589503874686,0.422432092102896,0.365883966755427,0.308617267786818,0.414851297040555,0.462030886146092,0.386521167448869,0.27693331222743,0.220802372683211,0.246153250773994,0.131194566322104,0.142688696977459,0.142385017187476,0.288921949177536,0.161014040183975,0.280498853770364
"VERNAL",3,2123030,3,49,0.438844089824482,0.354378703814183,0.416591493913898,0.477974149300976,0.237034509068513,0.422931903501294,0.332003596198305,0.370095962782547,0.321565468409586,0.248768123989684,0.30277143453614,0.391663592110353,0.397183907137929,0.409494607170715,0.397143617628047,0.407799090650753,0.450060360580253,0.35649304655783,0.299679804581765,0.227379808547739,0.240134201747963,0.153066497001947,0.141452741491735,0.146193235160001,0.332846467068147,0.152604877558906,0.344389706110514
"SEEDWAY_9558_SBR",3,2123040,3,48,0.403806798007295,0.341516608333665,0.392438301367906,0.494708520179372,0.229742585433688,0.415909258440218,0.359539810623297,0.351904671523611,0.326544226579521,0.262141410651387,0.359407898975581,0.381719023565636,0.40416018539094,0.403572322671814,0.386392967361825,0.370900012178785,0.35528787269085,0.332976303590452,0.273419179301532,0.259545432835006,0.191280740293497,0.126726655263875,0.137730220443282,0.152579598186744,0.338080933489359,0.147549739111159,0.353606720907759
"REGEN",3,2123050,3,47,0.409148322628715,0.339135551621469,0.35390197441507,0.476637154861945,0.25154796673886,0.447708056016711,0.441819138135604,0.36642745185468,0.312725533195734,0.252038372871272,0.347087610486303,0.378124339280954,0.42707638910934,0.389196134294173,0.402069026705705,0.360523360859495,0.344424881858037,0.317905548184186,0.280672727731551,0.218641156369351,0.218234994369008,0.145209381687778,0.146824222637648,0.136798524858226,0.351788228634491,0.139040910191237,0.402640717978734
"VERNAL",3,2123060,3,46,0.392316017316017,0.350470641265296,0.341778344656884,0.512162865146058,0.281910460033879,0.44797520762691,0.49974819376056,0.410045503433441,0.308093899782135,0.253066111400312,0.376721645942057,0.390762020397166,0.395680270496595,0.391545736769908,0.407349044546276,0.35718044793675,0.347035734782867,0.299438062057912,0.286568157156392,0.228051884249814,0.248065445476436,0.171735455244045,0.140905169502649,0.127582183291526,0.35558171837391,0.140567798950566,0.396713631305378
"GUARDSMAN_II",3,2123070,3,45,0.444697794942893,0.366909166197259,0.359389290996204,0.479128763613068,0.314406361461437,0.434844303854265,0.491483245376925,0.343403766916859,0.330782352941176,0.248783425264379,0.451594268064856,0.366908382693937,0.382091573812472,0.386886553731474,0.406258286119878,0.382123758594347,0.365122799147695,0.318814891595405,0.307791736223109,0.234555838342761,0.281834795321637,0.170222395742958,0.148934395704998,0.125353533291137,0.338903278438984,0.148287735193387,0.372957640560801
"WL_349HQ",3,2123080,3,44,0.435346343924775,0.387188283021119,0.351426767357866,0.489709211038676,0.380246376210808,0.411856602290039,0.456519164649684,0.287905236058186,0.385258535431717,0.280903268796505,0.462749035357115,0.333420663155089,0.397610128778981,0.379212112901953,0.360124484345938,0.413534033141876,0.367836276598786,0.311106792202931,0.28270944741533,0.23116482192606,0.251279669762642,0.169375573238145,0.157238157497353,0.136078431372549,0.367461897422725,0.15383171746156,0.398996317432446
"REGEN",3,2123090,3,43,0.427346409944449,0.385235784645163,0.362126346889121,0.442473660527255,0.384815566594246,0.442660021038672,0.50679290056634,0.374097885729634,0.321769825708061,0.242858630177735,0.417604342310225,0.352587881999647,0.393444038910219,0.379760168530222,0.430312432665374,0.398380708805261,0.367457718189494,0.344597277507494,0.315283656460127,0.293986640010371,0.254367123569236,0.172875816993464,0.142109394612463,0.148334153351454,0.35750709411017,0.165657369050907,0.391732422636725
"WL_349HQ",3,2123100,3,42,0.426603806505767,0.383122015906226,0.360024836040041,0.463242516737637,0.395430389946858,0.393308393532852,0.432744700069584,0.300627704047616,0.387320691434469,0.27593465704866,0.446333919556221,0.332633899722507,0.386532702665524,0.401524084946545,0.317798767625757,0.448376080867129,0.376401102102835,0.341172151680055,0.300974771563007,0.304050856129964,0.209740546142021,0.155070523784735,0.163551355422262,0.134050438879236,0.352994929170115,0.172595047408635,0.390291419264202
"SEEDWAY_9558_SBR",3,2123110,3,41,0.41097063665415,0.367725443794827,0.374980150210936,0.419304367486905,0.391272407465963,0.385819336633713,0.474026932435994,0.373141009481649,0.285370043572985,0.248497019953356,0.399812860989332,0.316477162195703,0.41132697727409,0.398231541420396,0.424318288401333,0.3889436122275,0.315136762342034,0.339421266303878,0.275676134499664,0.279827416409088,0.188705471269093,0.185419300463548,0.160408391601263,0.125944046565275,0.369864595522828,0.162973073430365,0.408248750480584
"SW5606",3,2123120,3,40,0.445901239283592,0.406941544366225,0.385603431583024,0.462393957583033,0.385930666975586,0.403565531475748,0.351396451316857,0.304209481260859,0.382833877995643,0.309857229235306,0.470173313575156,0.348441392496989,0.421305820206138,0.397965670692943,0.31140102039756,0.42757276823773,0.348272851812027,0.350522108011095,0.24678531345198,0.281876221083492,0.214027777777778,0.18738889852893,0.159278968622609,0.147936750623642,0.302492008448212,0.126161906004087,0.377020486414692
"BORDER",1,2123121,3,39,0.447259122504221,0.403923748021781,0.38160572014694,0.451587845900692,0.396949200163974,0.410473968382166,0.347412938974717,0.284657466246426,0.330732929136567,0.287121786767804,0.446042992883951,0.335243359517373,0.347569389331556,0.362794959051644,0.386430916257906,0.282282677380717,0.306880482816312,0.358171900339083,0.357630816454346,0.367461698933018,0.27110079119367,0.246535286681044,0.27334737625472,0.226119641747385,0.287548163370152,0.193845653441345,0.302959459763674
"BORDER",1,2123122,3,38,0.443923950051401,0.421057882246881,0.389582249387518,0.464365979575687,0.41606106603202,0.426962504299966,0.331495887410963,0.291709907095129,0.34372265795207,0.290686894226717,0.427633958293065,0.32342811910943,0.313177888532639,0.400259277264625,0.418847740474038,0.299288200128536,0.320121732667498,0.396937414221685,0.409270538682303,0.400927056822033,0.305074819401445,0.276191991054042,0.32340847952881,0.241480011722226,0.309037826678464,0.211606492988432,0.294404570285826
"BORDER",1,2123123,3,37,0.446243008988107,0.391931211609131,0.390012318796132,0.449249475574983,0.397663288192567,0.418227865771277,0.326009687717882,0.302346928020384,0.337756100217865,0.296830414985377,0.420476305182188,0.327867865383378,0.325923643698683,0.413779506292875,0.443729419369558,0.312007469654528,0.32441492016791,0.398846974913313,0.422261222261222,0.379322679677649,0.289451845381088,0.272115713542054,0.307988026561765,0.262882305299767,0.336168312545785,0.215015409958021,0.298684515541408
"55V50",3,2123130,3,36,0.423485673730772,0.412396260059128,0.389384066206989,0.460745374382937,0.383204416383049,0.423964445427294,0.314592943395453,0.315362932465118,0.346644414344685,0.293354557682104,0.431618412648415,0.32180341175129,0.31737616795234,0.404193639178159,0.433686108253582,0.297392654031309,0.333385228039853,0.385158311978732,0.45825779943427,0.40237404786761,0.320493814472721,0.271768658299111,0.29892741134928,0.273434993696521,0.357170039291796,0.202985050864292,0.296262724533137
"SW4107",3,2123140,3,35,0.45013215724,0.404138411618873,0.385406997348818,0.42950538168314,0.374275332073807,0.393344401070878,0.293682707218555,0.312651670690818,0.350199019607843,0.299311195843976,0.421999325528737,0.332925479463082,0.293899664560913,0.416081007524858,0.453291253152845,0.325294723950186,0.342158072155631,0.379652759782327,0.458285940638882,0.365503535990351,0.310535308248654,0.257696140403064,0.293917452598769,0.282911268474558,0.385222645584192,0.198883058700789,0.286123548922056
"ONEIDA_ULTRA",3,2123150,3,34,0.440456974035405,0.396449766637161,0.346657703761529,0.357103841536615,0.380283224400871,0.408069477473166,0.280515286254732,0.291537138524562,0.292844662309368,0.244594829082075,0.379814895109013,0.297116277359514,0.317479578455073,0.442501111485069,0.488811164105282,0.314372927915127,0.291312932306459,0.352583323777854,0.44377456142162,0.366928429379432,0.336932404540764,0.278917230609058,0.283042471554164,0.257334334770682,0.367806295249784,0.192768942144759,0.317676750161386
"SW5606",3,2123160,3,33,0.467698526273506,0.415130205226107,0.409544038337504,0.439021608643457,0.357467635900258,0.387246056317264,0.359200997577209,0.311415667781136,0.344544311145511,0.325449707906761,0.448142679651066,0.355441964675025,0.271122609864237,0.395974969771761,0.453309639000663,0.345426866398733,0.36952769220282,0.375757968385592,0.446867493926317,0.336597137405014,0.323665290677675,0.254875684787189,0.276809937596927,0.250951086591225,0.382307394088154,0.195837982141213,0.352154057171358
"REBOUND_6XT",3,2123170,3,32,0.446118278961416,0.409109311405428,0.398719171943216,0.427520317544058,0.396279145147453,0.322950599003904,0.387171846904701,0.337368170781404,0.355840740740741,0.339669048236034,0.432478896008308,0.332191163613353,0.298183655545327,0.390169901399848,0.430837055542938,0.354726099135306,0.375990782092808,0.378146324609139,0.432331949979009,0.353677155857683,0.265899738362259,0.251193437060173,0.29208639140172,0.251078833722271,0.384223344844973,0.19089690527846,0.3479905618964
"NY1615",3,2123180,3,31,0.42705014665799,0.38374725061023,0.410447347909484,0.373964904347389,0.406717848112599,0.316792594230675,0.305540679612061,0.295737374622224,0.266629302832244,0.293377262799393,0.405624637587784,0.345341183824678,0.286276137686291,0.42767273068427,0.441666536191267,0.29804457435148,0.278773085997885,0.327498488382137,0.438815795678541,0.341009072692991,0.32550090138698,0.252757244490717,0.336577222687346,0.231322865834984,0.34362209949482,0.19799115014323,0.32920015308075
"SEEDWAY_9558_SBR",3,2123190,3,30,0.411303157626687,0.370478363759297,0.398517399660594,0.383098315559408,0.379243634335996,0.234145964513443,0.31078394676648,0.319631983190363,0.276960569315445,0.276979251877742,0.391036134173389,0.326737012515121,0.262860967376697,0.410790754106262,0.404465137406314,0.284496343992142,0.268058092122263,0.313271413828689,0.438418709006944,0.337315205672204,0.313615439624201,0.277511216876131,0.328321845408079,0.216920065708993,0.36543760881354,0.207973119764338,0.347171322061577
"ALFABAR",3,2123200,3,29,0.429155466900565,0.375641496338618,0.365980181681947,0.395952820590119,0.357659356906963,0.240371025603224,0.331280051229545,0.342321794441281,0.27954651416122,0.256515207853053,0.364925799454502,0.319582128666269,0.300171423129424,0.436166269856109,0.420360947147025,0.298876250837035,0.282136566637421,0.330210762719185,0.45048945048945,0.3762610894821,0.316425008599931,0.268549848651358,0.31945518052545,0.199246466147256,0.36611915023166,0.216152075853816,0.328770119988294
"SW4412Y",3,2123210,3,28,0.439217100981807,0.413991054501584,0.39720041301192,0.43344037615046,0.364413431392424,0.242201856588046,0.341028262508504,0.331721729787806,0.336056753812636,0.313878502943027,0.423145284321755,0.358365737293511,0.276651235299384,0.412441153617624,0.371224670048199,0.335085791892515,0.35475177398536,0.370834783252508,0.445636469165881,0.369644575148236,0.327154282765738,0.269228328499541,0.30127762549746,0.212883640460288,0.384757779870803,0.231821684081368,0.345402740486147
"GUARDSMAN_II",3,2123220,3,27,0.442698459855323,0.402895603812857,0.402207460914808,0.388466886754702,0.384451830487473,0.274257825937393,0.326779497086983,0.300483553063817,0.303758492432061,0.272283221658708,0.375340140518501,0.30887283411483,0.288365977799647,0.428724929259689,0.40140548101061,0.310648865606849,0.28758990867851,0.324969527703397,0.434693517046458,0.372397087822485,0.3274978500172,0.258602290473712,0.290208056966856,0.200697674418605,0.348955865703875,0.214606468426664,0.342175511095616
"NY0651",3,2123230,3,26,0.437666043796947,0.422202328263727,0.416783039249763,0.403800538944145,0.381491719281782,0.25365835074275,0.317689136790087,0.283215532788458,0.307084749455338,0.272887385042513,0.366115206115206,0.319279368720918,0.279278964688952,0.398500851499361,0.363276049158402,0.301130191206918,0.287984119267542,0.309880092387832,0.426633279574456,0.35862451696837,0.308925658055316,0.254140452641234,0.277766308967208,0.212974753273261,0.365037644309215,0.225588634201725,0.345024870242215
"VERNAL",3,2123240,3,25,0.422717251883919,0.394611903246762,0.413009033583378,0.364359196593436,0.401776617241891,0.252444854865023,0.41488828510062,0.376819821003606,0.258001805985552,0.235982747081133,0.292163862421363,0.286309839251016,0.295499613768875,0.448091664649399,0.419521729373144,0.314972597734746,0.259709257707793,0.264494255852121,0.394846030140148,0.352872649525794,0.317459501817761,0.28012753774076,0.296738142842761,0.177265199237518,0.318056269086965,0.165828837951456,0.332625121913972
"SW5210",3,2123250,3,24,0.455206712314555,0.447709932519323,0.469995297389029,0.446443833138637,0.416037721949655,0.211844898494515,0.299272321620114,0.287208734716359,0.365197494553377,0.344961314922445,0.430860807331396,0.369055826737634,0.273052707321461,0.438854026363104,0.414219093042622,0.333297771282426,0.345770911257853,0.364999568109182,0.464354652589947,0.42080692153906,0.341976371242972,0.302833841501202,0.283958447224994,0.232520586894128,0.416321079620592,0.185379621175891,0.253894037212738
"EZRA",3,2123260,3,23,0.415557418253497,0.357061069982028,0.4387311730188,0.390161661076987,0.431705449386708,0.227858651152769,0.343888814520826,0.293863509166387,0.280916013071895,0.285392465356187,0.36780576852866,0.328794170194021,0.278783213231326,0.414200324004246,0.406657898719775,0.324053234820498,0.289282203853842,0.328278291247972,0.463694863694864,0.402511327548865,0.327294891640867,0.275848805598936,0.296264735828692,0.228319823590665,0.388826930578151,0.199426724251426,0.294492244659058
"SEEDWAY_9558",3,2123270,3,22,0.398214875175659,0.338097747550677,0.416507612777471,0.377867380135911,0.440169473911955,0.196313388231547,0.352079189754504,0.305033128215739,0.27718513501892,0.26627302248333,0.332020255549667,0.305699444791031,0.300681459847836,0.378321509040463,0.387968304438893,0.316780287872725,0.275463698993111,0.303614428227431,0.442337065866478,0.3968271730453,0.30171138630891,0.252492005651818,0.292332080684357,0.219446662526247,0.377034040205116,0.187118352818436,0.305248613238078
"REGEN",3,2123280,3,21,0.438161965122749,0.394743049408546,0.413557952163261,0.353688975590236,0.451494310835053,0.20853953889248,0.362738752850047,0.322333182466335,0.271052069716776,0.268216454723482,0.342796855872689,0.315623305112012,0.283245842123338,0.366906190676401,0.426085685804798,0.318324178156111,0.286613144753247,0.295120113635273,0.446524535740222,0.386827878117956,0.301017371861025,0.258948464341489,0.319876850460728,0.204837733722721,0.393322059537061,0.183391067538126,0.322883564323424
"HI-GEST_360",3,2123290,3,20,0.452241957389016,0.413644536584072,0.401805478882551,0.410185024682519,0.448800987362172,0.213051784816491,0.304010005749024,0.310673740625087,0.337961111111111,0.309772331840225,0.37346009110715,0.35172879506461,0.293255240574373,0.334755618712838,0.403973553385318,0.314234299780518,0.310647870228051,0.309801453621096,0.399335164041046,0.382267054072328,0.292390666683795,0.249284226965122,0.281239364645885,0.205800541830959,0.395903972942889,0.170397735309732,0.297994829772705
"SW3407",3,2123300,3,19,0.460161324452957,0.415059029020668,0.410366226353143,0.451639095099923,0.437790176471722,0.22626195093422,0.314056649168063,0.329929189844218,0.362075808393533,0.351307189542484,0.440565967574,0.369301393724327,0.312951440695004,0.365499503467418,0.430497841936881,0.33520268713546,0.349417174069359,0.353962838194504,0.429472558884324,0.40813608357158,0.310794376715526,0.262266676582137,0.293018170418879,0.230724229500282,0.399946247300473,0.183071158571795,0.301984403887518
"SW4602Z",3,2123310,3,18,0.445024710220789,0.413673436200746,0.419392562377749,0.464016426934794,0.439030293818255,0.222225844629937,0.312452543380591,0.323603386213164,0.37361862745098,0.315130739520478,0.429392601157307,0.379096917716923,0.287304106747934,0.340804590537211,0.417818154288743,0.315455677220383,0.370212438457496,0.355709226421846,0.429666182607359,0.390802871860287,0.287780104398169,0.24134565330557,0.270160958384784,0.233511239969782,0.40596464689709,0.200088477366255,0.280803515746448
"PERSIST_III",3,2123320,3,17,0.442327806543493,0.378253059168224,0.402200418722437,0.420262024092148,0.457436800779566,0.236709479778533,0.307005953866878,0.332300896776259,0.334314705882353,0.297676805235368,0.376495640025052,0.337886359926568,0.298680994254151,0.321515442371057,0.395521756213798,0.304694677871148,0.321064571979292,0.324212150747238,0.43121740278603,0.370811356673513,0.31733918128655,0.263381671252572,0.283093953770499,0.238139042810323,0.421868072799231,0.226625793979564,0.307599746366208
"SW315_LH",3,2123330,3,16,0.422721142328985,0.413300173010381,0.451351245737768,0.441118438406753,0.440062260821963,0.227837227198572,0.351609666561747,0.341201485309934,0.295074389404885,0.297163183857614,0.377808401361437,0.363273474516959,0.297617006867507,0.364384770872246,0.451438116317009,0.294477164778955,0.278764730070564,0.299601700690066,0.39565677212736,0.326024686640693,0.30093653250774,0.239701544334548,0.280499326525957,0.187232586713556,0.384616262807889,0.177089324618736,0.335161540956098
"N-R-GEE",3,2123340,3,15,0.437613766045139,0.400203941015531,0.381841103168651,0.356222488995598,0.445731573942796,0.226778836395205,0.284520935011559,0.327848926981925,0.308677668845316,0.299954342970668,0.347080770610182,0.320740373036228,0.260282213263071,0.308282329672704,0.393748304751765,0.252856899281452,0.276812961362632,0.254696133960192,0.338780950545656,0.278108839062186,0.302003605547919,0.249981904266131,0.282834886082853,0.225705263014612,0.385596417120948,0.22009731460951,0.349145065914162
"NY2003",3,2123350,3,14,0.403312419243792,0.395090084715428,0.470455457442808,0.422774109643858,0.452372015218433,0.220779511804722,0.324727443910038,0.346320743238968,0.291817864923747,0.341514085810536,0.388357708910508,0.346276880007334,0.315421203559675,0.364970561227246,0.452472022195206,0.289789307027159,0.278928330331796,0.237428138166671,0.317653023535376,0.316743656051912,0.276917213707933,0.24504887500723,0.300048296435621,0.164249751884338,0.343200521353617,0.186036981858107,0.349023509901473
"LIGHTNING_BOLT",3,2123360,3,13,0.462261857604995,0.403256985320264,0.412393424523094,0.370442778008064,0.455668969416177,0.215902244955953,0.331354201069074,0.333420664954034,0.344443046955624,0.381840311345777,0.38998933574097,0.350030745563136,0.291227262626583,0.324194225263744,0.422041395743818,0.32951881089136,0.335466677177907,0.358772421249201,0.427709757121522,0.381477527490125,0.381073014486424,0.262776331771647,0.284672826692255,0.250787472209772,0.418784665734319,0.252580195771579,0.286705520946083
"PLUSS_III",3,2123370,3,12,0.435176932725952,0.363249654179926,0.43255558642521,0.398973006242856,0.453307393217068,0.225887154861945,0.321676199848289,0.329557083692251,0.352052614379085,0.404056914801319,0.417102635139488,0.345868839800336,0.317387278710729,0.354902376292751,0.448501615802654,0.355164611299065,0.374459448464818,0.387001526014224,0.440995388054212,0.365799882184633,0.385752923976608,0.239330884762951,0.302355821122236,0.278288205450835,0.425258536214097,0.272065843621399,0.267999613039121
"NY1517",3,2123380,3,11,0.418727456838476,0.381213606184855,0.45035363293736,0.362471015311954,0.456720153959814,0.215947837328912,0.317774549644803,0.323490603107898,0.263989651416122,0.351611912508518,0.368941561882738,0.345407507283903,0.303143142160951,0.355282774266731,0.437732740154886,0.274071325499897,0.272272614327777,0.31833166746875,0.427382156793921,0.343384940102941,0.367947626418989,0.258153739371855,0.320734972353795,0.196234006598535,0.371977956636318,0.227989842450206,0.270694204152249
"NY1614",3,2123390,3,10,0.385973766611022,0.378251400410815,0.413552479815456,0.341305096029443,0.457098466250875,0.211655000461723,0.333493485960717,0.312447792718477,0.2753130374957,0.309536889645726,0.346041683072158,0.328289272146309,0.27933557664836,0.372903448304518,0.394332221494851,0.256968726884693,0.27741898598623,0.2714131467565,0.363960752196046,0.328846341923848,0.343881148950808,0.25781463027689,0.31336371293822,0.198344256828035,0.350253184728525,0.215186847356912,0.279734749269429
"NY0465",3,2123400,3,9,0.423129521168737,0.392948041179986,0.403433502354713,0.357715642310736,0.452706122620136,0.206387678817346,0.360526096901643,0.311423679060665,0.273861002178649,0.298265784189782,0.350086128909658,0.349693997795264,0.274544723447933,0.402581969426889,0.415333916371979,0.265539398368043,0.294549633685575,0.308678067718315,0.435038552685612,0.350295561908791,0.372948113510528,0.265778818902192,0.300848054826012,0.20262405798738,0.400774593618738,0.225307803246494,0.296145662783064
"ALGONQUIN",3,2123410,3,8,0.386338171632289,0.397930993129088,0.417194621944957,0.351855742296919,0.457387413474532,0.206380890817866,0.369440394399964,0.31224592294103,0.260715729274166,0.273150888674054,0.3242425037842,0.32394216008016,0.300802620022645,0.43409620682348,0.429196670719162,0.275375106564365,0.28961732051798,0.283119307439079,0.379645650233886,0.323126846019715,0.304970260652853,0.246937854787933,0.31388375978194,0.173663840964879,0.370278919428033,0.183946744129751,0.303410033167496
"FSG_415BR",3,2123420,3,7,0.401224311273331,0.38563301915603,0.405848190857852,0.37528281267664,0.467056420857459,0.197970577305616,0.327048526193847,0.308460238612525,0.274037037037037,0.318436802033589,0.35583840525017,0.347737014751162,0.280421785551781,0.408974982237014,0.407783819410117,0.292702959444647,0.300404382903773,0.325371241007416,0.443002386139641,0.353326009675416,0.370021282153394,0.27474261090867,0.289421540180303,0.205683347966052,0.413604903387847,0.224717480134054,0.291363532101021
"LANDER",3,2123430,3,6,0.353704764734177,0.334904690126604,0.378429267799864,0.340428332768085,0.459528478193096,0.202002893465078,0.318115818810457,0.323431396882407,0.255871895424837,0.288280951146979,0.327107574683762,0.32203864325979,0.289155370728972,0.466158773209153,0.436528050541891,0.266949701619778,0.28748040205204,0.320600712139971,0.435068376244847,0.361183703269035,0.356280959752322,0.25949728563992,0.28986807044908,0.207506102304123,0.410390444387362,0.219334003236846,0.284612768370451
"ONEIDA_VR",3,2123440,3,5,0.36050290486565,0.323778578211741,0.34446915019049,0.283332202836291,0.465496749251411,0.222312782415084,0.317085733856862,0.339976850806215,0.238183802029584,0.274852383431249,0.317569857439139,0.334241103848947,0.27432250828016,0.397859300533097,0.401560515608959,0.237163471449186,0.267584210364959,0.287248513440464,0.442568771980537,0.37672623393401,0.359270725834193,0.25082711550697,0.291519069446197,0.206093759912899,0.397094856865599,0.23473117889131,0.267283435762365
"WL_358LH",3,2123450,3,4,0.385704123732293,0.382887850911745,0.418314095926048,0.394808255140621,0.45146864329444,0.286082186720842,0.293527604896552,0.294878503399374,0.300916666666667,0.34351996452465,0.386107853875395,0.357789360469926,0.361371067585156,0.437720686918548,0.433672599935576,0.35514229934398,0.353947845819947,0.339151862409183,0.415549086137321,0.378413404568416,0.309941950464396,0.228506482238913,0.26380672760428,0.238514234708006,0.422450314429508,0.227650188713983,0.293344195939352
"FSG_421LH",3,2123460,3,3,0.415189240679437,0.416678928030139,0.417895308975172,0.451441132506814,0.459656495040585,0.456921765361663,0.268240431543797,0.302224722037246,0.295310130718954,0.376813632942164,0.41516875163934,0.422899742631686,0.381945546702221,0.432174480302823,0.460500652749788,0.328245574324006,0.387329335681789,0.352837522674268,0.415623555819634,0.405980659051279,0.346597210624805,0.232175564424393,0.289313872036109,0.209302727931118,0.413519041774886,0.203799834789792,0.295632270346932
"AMERISTAND_427_TQ",3,2123470,3,2,0.397931226362599,0.397526575383727,0.389106491888297,0.400907362945178,0.483979164754162,0.478121833348724,0.302358150960735,0.336184330272193,0.311336751805986,0.363200434358766,0.348425729060031,0.32530956123659,0.331313820725268,0.400694314598058,0.395498612799651,0.360084397395322,0.364242788065097,0.35705997523826,0.419684007919302,0.410400049127643,0.326471230553807,0.236728886244763,0.315225610618589,0.257375911141965,0.40982330583859,0.225678472916636,0.30872268559165
"WL_349HQ",3,2123480,3,1,0.418912042931651,0.366658215010142,0.365423712063901,0.485171568627451,0.49470550188276,0.479117622131487,0.328150341099241,0.356673996111363,0.313462091503268,0.382213008551438,0.360888803241744,0.333847622753058,0.383390843131804,0.426678692355585,0.432153329800389,0.3655605272412,0.385666066359257,0.365473907624724,0.439740580917051,0.426934230367707,0.363063688021616,0.255514736868199,0.32325632664192,0.281310989512084,0.416903559094671,0.234065973181135,0.312037221255834
"VERNAL",4,2124010,4,51,0.4482553122259,0.37936122048549,0.299899132402353,0.527380387132432,0.433744167570502,0.467341433786447,0.411514282416514,0.31156497744295,0.255643899782135,0.240276218172046,0.28750273822563,0.354828842245075,0.285720030051956,0.4120692735666,0.334661215837686,0.348431736330896,0.391888593499528,0.331719295647775,0.237941073235191,0.232925429700011,0.245371238689842,0.24909794006098,0.144135296283978,0.111150586089429,0.253382971335065,0.154247158336111,0.368117430795848
"WL_349HQ",4,2124020,4,50,0.465558715068519,0.416585693785038,0.358975576490794,0.522636319101632,0.431237568722651,0.458440360759689,0.34038408376451,0.330744761924191,0.335699066907465,0.27028220980022,0.296712113182701,0.405746302271495,0.28137175901787,0.403948434528226,0.442259938311231,0.407582184388907,0.380650120222313,0.327773477812177,0.233557927675575,0.235338696434379,0.251405607012405,0.207015057743845,0.165582991499063,0.118371344372529,0.255862017296001,0.17555489014256,0.336449828635957
"SEEDWAY_9558_SBR",4,2124030,4,49,0.469283875166228,0.398774758382055,0.389475011415759,0.5151985352305,0.376365110291239,0.466302677146667,0.419433339483773,0.319153490137678,0.300555773420479,0.263170471728514,0.292461129922741,0.403867903644523,0.293537097908388,0.380151577477781,0.509785247432306,0.347575663261938,0.366428522738018,0.353205246856452,0.252022088296598,0.227415954202119,0.245855263157895,0.217263825884336,0.190074381608106,0.109919933968377,0.27099720771375,0.180230139003958,0.319726791017397
"REGEN",4,2124040,4,48,0.455612969093361,0.394012581367909,0.386321656185016,0.538233793517407,0.315228631346541,0.455992612429587,0.427538928235049,0.320606133904923,0.280383986928105,0.259523065863514,0.301338557809146,0.415858896871555,0.295902775573262,0.385866480518887,0.511888396561712,0.357865812991863,0.390108341194502,0.38231407100285,0.303612550671374,0.238893172394813,0.229778981768146,0.172596255808125,0.203587571377417,0.114724299153365,0.281855847627746,0.169245461147422,0.326464003511853
"VERNAL",4,2124050,4,47,0.425001414707297,0.356848076097744,0.33255924106133,0.531808418434638,0.294927083173621,0.364732987955494,0.430863846139436,0.306528355695716,0.254427782077743,0.253061365515369,0.340258359641776,0.421938170486197,0.277386463583553,0.370729092654226,0.416160193807253,0.320535379369139,0.372319011713691,0.34035168252323,0.241890171301936,0.223637674533913,0.217295751633987,0.16612131578295,0.17661089001793,0.106358903158625,0.303336235027733,0.169544373759622,0.329704905824309
"REGEN",4,2124060,4,46,0.425845051825444,0.393698875763963,0.351405155226132,0.534144276544699,0.299658752582589,0.290012004801921,0.386322703753991,0.320558339514061,0.288381045751634,0.308958896333864,0.301712387769033,0.384661206254654,0.292849962435055,0.346152599628535,0.427790216432594,0.364777006454756,0.398317325590053,0.381468581584681,0.282666776784424,0.282503291697804,0.247401821615303,0.212523239384249,0.207653647018046,0.112626538987688,0.273532146968443,0.174636742676834,0.307024252590539
"WL_349HQ",4,2124070,4,45,0.424055329202388,0.378639756176068,0.345621782410596,0.521583700744872,0.334274568737385,0.32600345377839,0.336471745965131,0.329184588206094,0.322120806100218,0.351230262016311,0.293859287417048,0.389596148643059,0.283934372453785,0.337827188291585,0.441577712165947,0.390572646449884,0.371236976992151,0.361261121188564,0.244396815965443,0.284878920829438,0.247754668585058,0.148799332909172,0.187750290861779,0.104900971626169,0.272996998411203,0.188516218833212,0.285152546093064
"SW5606",4,2124080,4,44,0.45600029170866,0.422372860570868,0.398137916690302,0.54088254135735,0.264989244643005,0.277444393141872,0.367067159467726,0.323453203025618,0.321397811317509,0.363882622862321,0.274281340163693,0.380433983251059,0.296112664781196,0.356748064769455,0.378899518284823,0.419683622241167,0.400238363821473,0.356102617258357,0.224585624585625,0.240762110995377,0.245807587066274,0.142733695248011,0.171272923285126,0.11022522268197,0.24932511820837,0.168468747123262,0.233838936088071
"GUARDSMAN_II",4,2124090,4,43,0.442828612926652,0.403994982036087,0.369234275218603,0.488120988305636,0.305194780857693,0.333622251576216,0.407213983446875,0.305002306805075,0.292025163398693,0.343608386085712,0.282410688505657,0.374820390010263,0.310430885791985,0.359297624538266,0.401475256769374,0.390850643287618,0.417479720384285,0.374633612622729,0.254230242465537,0.222366269324108,0.182572669418645,0.208341527368076,0.189331075251963,0.121955151417612,0.258682310491082,0.175810727151483,0.229713320651644
"SEEDWAY_9558_SBR",4,2124100,4,42,0.423874718237463,0.397299227488533,0.387649416142584,0.471664665866347,0.287868395932036,0.330599932280605,0.403367064274507,0.300121380267037,0.284019285345717,0.384710077863745,0.275973727738434,0.357993734613243,0.290351629048813,0.330538623586752,0.499628406060321,0.375168734160331,0.379391399177495,0.361584353039461,0.234670575847046,0.259390316850554,0.262438080495356,0.186456954463201,0.216460291792027,0.136433155698933,0.248424641569389,0.180522465206827,0.231161959808799
"SW5606",4,2124110,4,41,0.455618038461176,0.392458388020523,0.394760677993825,0.511799204976108,0.300184953937554,0.384811244453188,0.33309884652551,0.320639286739764,0.312903376906318,0.391793956520661,0.301540063999313,0.369973547635499,0.289395543336862,0.335442869667469,0.407740177151942,0.418817223859241,0.407332106331374,0.360245409960362,0.198444127855893,0.275029343112895,0.242423030615755,0.152112132955444,0.176994203153413,0.13007772696354,0.241191216904035,0.184263033538924,0.23207540626329
"GUARDSMAN_II",4,2124120,4,40,0.403560818266701,0.386373609619642,0.344899014135495,0.474728366682996,0.314699365671938,0.426114199525964,0.362507401632158,0.297487151614591,0.281335076252723,0.370829677003545,0.2897481359355,0.341930724469816,0.274663238204078,0.361894770957535,0.356281868616491,0.353698812858477,0.421746960531437,0.365923074075445,0.255794641088759,0.261435937325864,0.225336039635334,0.228355767085595,0.222544878092915,0.150189141884644,0.232017700335835,0.154939887692166,0.250721027216857
"BORDER",1,2124121,4,39,0.422072970602382,0.393670452106971,0.367539035078752,0.48410094082476,0.323853221551161,0.385910083096784,0.35386163198904,0.29743146501589,0.330923632610939,0.391634645047446,0.293202328028692,0.357271940592864,0.276535457107502,0.368115544586133,0.373385822797588,0.256041962678791,0.391391195931103,0.355041605482134,0.283347212758978,0.252557425579738,0.211750574875069,0.219363468101105,0.321655391251726,0.210367451388747,0.328100888584449,0.196021791323083,0.303422592917764
"BORDER",1,2124122,4,38,0.436019037244527,0.413105867769691,0.371184721204927,0.479324716433659,0.34815419260589,0.412549512112537,0.343113979708373,0.299626436321017,0.3579348583878,0.358764051876257,0.278538431479608,0.360807568551426,0.287246738609492,0.300627111665601,0.296410360790577,0.249197418097674,0.388251060978334,0.36124527003784,0.311966359025183,0.265642719215049,0.232084666144248,0.226247738033266,0.319299714426617,0.211022638877713,0.321761280931587,0.199097528521418,0.337977715677452
"BORDER",1,2124123,4,37,0.462836436324423,0.408764350473432,0.368993862751913,0.486963359334765,0.419945269080438,0.442976370035194,0.329821574143881,0.319384559979365,0.353639324618736,0.342632598762219,0.296871582189324,0.382037174926229,0.284903124768526,0.341289437585734,0.333339894516365,0.257833637802947,0.419907163564268,0.411677367961379,0.32762831586361,0.255288613531481,0.228793859649123,0.234824165654462,0.293791040820045,0.230301120204544,0.325788571129568,0.202410997575869,0.338658208381392
"SW5606",4,2124130,4,36,0.459088079676315,0.392578368399422,0.386041977117167,0.520460684273709,0.365533376604718,0.406233016283436,0.327062055525205,0.320682002643263,0.344366615067079,0.342690562950844,0.300377810966046,0.383054387224156,0.306174407161677,0.324227282978191,0.369744842307431,0.319525514553648,0.428579470366144,0.408251829366108,0.327868739633446,0.26267511748318,0.235673374613003,0.209834659527528,0.275623170565425,0.238013889224962,0.341482337719173,0.201072621641249,0.359826114525412
"PLUSS_III",4,2124140,4,35,0.449646912637109,0.379555360007424,0.348133438290158,0.476514105642257,0.325737489955811,0.407804040233708,0.326572602840263,0.301037380948905,0.3141151416122,0.309389454897003,0.284580150668032,0.367546995990779,0.284066191612288,0.354371100833662,0.341626668685492,0.289491657532578,0.423732592734301,0.408669968232031,0.338891718303483,0.274277357387683,0.219319745442036,0.232949108847079,0.289421041699321,0.224950462839736,0.349813649380179,0.196156443902317,0.337034894014701
"WL_349HQ",4,2124150,4,34,0.446216836903111,0.395083705506827,0.340120257348682,0.469697403625127,0.281865043251243,0.3758025662885,0.336138027806432,0.315883472276972,0.306035620915033,0.300267772307161,0.286412602280781,0.36312429331789,0.310499137593516,0.304566473629654,0.325673726504176,0.309660564562525,0.425468426688832,0.407685682202396,0.335105770399888,0.277131644829414,0.210284804028622,0.238630535793472,0.284654094301658,0.238420074728954,0.359983493640057,0.20924662797882,0.325635669690762
"SW4602Z",4,2124160,4,33,0.443551056786351,0.387291940102613,0.363610234132296,0.523982866689277,0.287544185930542,0.288878135869733,0.352008488985114,0.295429855659968,0.288184554523564,0.260566393958464,0.296381943440767,0.414779783506515,0.311685343322434,0.304039294307994,0.394128038072675,0.295952562843319,0.419806680769248,0.412523888697779,0.331370943135649,0.281131573381005,0.192164142354911,0.217679779876552,0.288373302138169,0.216260561680212,0.32720802294717,0.225957352742165,0.315042069066433
"EZRA",4,2124170,4,32,0.412755354667119,0.378634129446234,0.301753341239172,0.472079383058948,0.279709298066587,0.300655218609183,0.395829037070268,0.326283756490931,0.261597276688453,0.230180213678392,0.302128557804202,0.361073657425109,0.305506312113887,0.348058767666611,0.358043525102349,0.269543938787636,0.352616614662014,0.385623712039882,0.347721594780418,0.340510063206352,0.237428620571035,0.248532303776968,0.306806739073091,0.238992130514622,0.30986469066035,0.22676397966594,0.380724724183899
"LANDER",4,2124180,4,31,0.410297182846202,0.365351486011641,0.286568837925896,0.481316903442992,0.290811758686503,0.293593868316557,0.378452289212628,0.301105536717895,0.232750217864924,0.225577947993357,0.283185431420725,0.389148580200951,0.288783424864819,0.305306873756072,0.372756320334175,0.268143136042296,0.376816699540644,0.381530429107522,0.345885088041951,0.336857164370153,0.239717062263502,0.23425943828859,0.313340647885852,0.223956728083155,0.303768991827687,0.230682500230139,0.42303738659643
"N-R-GEE",4,2124190,4,30,0.367616273995727,0.367862493205531,0.29816957748491,0.438699677180289,0.311836313777734,0.279063794971723,0.348319461541204,0.31335688805182,0.256047149122807,0.256391504227731,0.301164443871744,0.376686589791579,0.3030268880353,0.316697370553267,0.384352763729926,0.254747046644745,0.326738747534452,0.334037685558805,0.291209161797397,0.321914340495507,0.231324389404885,0.236283667842752,0.31886300760637,0.248405353933639,0.31484549666543,0.260922519596515,0.399103229527105
"ONEIDA_VR",4,2124200,4,29,0.355424223561479,0.356141617043534,0.319904954588714,0.435166066426571,0.305942449647463,0.253216979099332,0.356620185191981,0.303196055602751,0.243605991285403,0.24307358185565,0.293496982821602,0.375292194651837,0.282192323449374,0.329480739106408,0.380992757463346,0.253132045088567,0.355773955773956,0.38729216832932,0.359347735818324,0.391117080569413,0.296979390139983,0.261097642596862,0.333129953092565,0.240422375128462,0.323052297095452,0.263284084266868,0.382577634026273
"PERSIST_III",4,2124210,4,28,0.401100760169388,0.37508368797147,0.337153622833469,0.505575360188919,0.334079181640866,0.253842219161912,0.339308425258288,0.309649550562345,0.262216339869281,0.290956595027392,0.28927302794064,0.393988031218113,0.320207824090241,0.301597214431439,0.365229603153479,0.282455242966752,0.421699232215271,0.447561791236318,0.398255092372739,0.414955273374864,0.337535381044753,0.295738619931749,0.324234998477197,0.251092640539007,0.351355590756438,0.258408297278223,0.385651643742074
"NY0465",4,2124220,4,27,0.402751369908233,0.347121879515836,0.324446545359813,0.473733529286154,0.323482491661482,0.228003940037553,0.354638152854139,0.31211835523181,0.255834838321293,0.302070350263999,0.296554522436875,0.39218727290209,0.320260203379787,0.327785049175424,0.395651880253956,0.250076726342711,0.388682556122146,0.434495599512443,0.405974347150818,0.434399612594339,0.346267915333856,0.280320269700801,0.332744601057424,0.220224066590849,0.33105264910428,0.237573046119856,0.3820762608526
"ALGONQUIN",4,2124230,4,26,0.424003928170595,0.403396628973757,0.366112065264062,0.431175088869629,0.361951278237844,0.220833894198412,0.345763130887388,0.333627643214148,0.266698366013072,0.320157455052506,0.298690185578917,0.380502170077747,0.322576669668673,0.327532835554226,0.426717365679303,0.265688335940437,0.378440827940462,0.409915733302621,0.382554301181752,0.412680653919576,0.314329635362917,0.287853548499046,0.317407585561262,0.214842749317707,0.335832462021035,0.209929761507954,0.37202856939468
"NY1615",4,2124240,4,25,0.407838185779362,0.373806832867071,0.341639515402554,0.435034354548994,0.39001339595759,0.215331465919701,0.344659790233825,0.345116982114504,0.252881729446164,0.333109737286985,0.309447843565491,0.385250179442287,0.324512978423965,0.315378382758062,0.398033500628656,0.237684407096172,0.355857607729265,0.442555408128164,0.393813217342629,0.424031150564854,0.354300825593395,0.266649796595138,0.312002747417288,0.262262144255787,0.325598058243191,0.239815170314089,0.333943151887621
"LIGHTNING_BOLT",4,2124250,4,24,0.43001466579898,0.372789367144095,0.34247607802245,0.467859895211052,0.391025787360326,0.220723216822961,0.313616136410896,0.326554441086437,0.281116230936819,0.314927741007908,0.304862873955716,0.392633499719625,0.305882882024909,0.294406840930905,0.370809536484277,0.273349097214643,0.407532648587079,0.466213661186452,0.426744391450274,0.413735270236154,0.315347437220502,0.256913809771696,0.28074539622829,0.284260222668527,0.341219163550913,0.214118874466845,0.360244976099893
"VERNAL",4,2124260,4,23,0.427385668071943,0.341108280308069,0.305641232877866,0.457986194477791,0.394553951444619,0.267518674136321,0.391000700667745,0.384629246184342,0.252283660130719,0.251378498301976,0.281111176536013,0.363972460919594,0.304469829833626,0.281137163490105,0.40383220590833,0.294455290533722,0.365442523314137,0.417103369982354,0.38718642248054,0.41126069265428,0.276612754732817,0.247313320608479,0.306045592344951,0.204875117078805,0.278127764934212,0.177121762285161,0.401098579500687
"HI-GEST_360",4,2124270,4,22,0.427596834721938,0.34905608178102,0.322255617575497,0.456637154861945,0.395896530972368,0.290207420369623,0.29363423972209,0.289947001883404,0.282629966460268,0.304515658441546,0.302759916672036,0.365687057124138,0.321101975598658,0.304028354295734,0.389643712688695,0.269910607721349,0.408974265942779,0.435220696207999,0.394648735825206,0.409347075269996,0.304226884027251,0.242094147393471,0.294077251359373,0.270013814007135,0.343640056701963,0.224339909287471,0.347357146289889
"SW4412Y",4,2124280,4,21,0.439719322072263,0.349748867330162,0.309723351770936,0.456137970883421,0.395714403905022,0.276453388372893,0.299046440644035,0.303695759559242,0.290307734204793,0.31688396944681,0.312576533753004,0.389006554332938,0.314891590743151,0.303154540052936,0.373767365981899,0.256553891121666,0.411823831609928,0.460400511081626,0.387855680992936,0.385272193358934,0.316477610917702,0.257285460890354,0.27131306412212,0.267604930205334,0.356242924146854,0.231110588578206,0.335363866939811
"FSG_415BR",4,2124290,4,20,0.443940926538966,0.391570384982001,0.319987289319621,0.447094999434752,0.402245909803581,0.30762851288494,0.297595449558379,0.294893200765042,0.291671568627451,0.295894995166208,0.286399847757041,0.372577640932071,0.310271602597526,0.283058704125408,0.418382954991952,0.269951528437462,0.385226674203204,0.443164128108414,0.406105570811453,0.379045695531431,0.299017887856897,0.284729183708882,0.258725789659466,0.260044415407737,0.364795668388656,0.213371459694989,0.34280852068385
"REBOUND_6XT",4,2124300,4,19,0.471902380480812,0.395360945179506,0.341059446535162,0.494430669128638,0.393185381540609,0.307620521892968,0.323999618913929,0.326731975953204,0.325102554179567,0.357906844153591,0.330611467082055,0.405891967917284,0.306138429467848,0.356554853346297,0.353859222544344,0.325011326269638,0.449478524167321,0.465219462234233,0.412909471733001,0.379038872247658,0.31514920880633,0.2649304953053,0.275136638134815,0.316809699335651,0.398662961060213,0.250860597134002,0.286095380938445
"NY1517",4,2124310,4,18,0.417982344452933,0.357577027824144,0.374810788062183,0.457044378289432,0.376872075600048,0.326633114471316,0.377118393208812,0.361336778940914,0.269494008714597,0.291118712971914,0.289489548608377,0.376528042065396,0.310639585275311,0.337116537651297,0.406936638908957,0.294889646679928,0.343027088597018,0.408695401802424,0.411237975943858,0.349121047328571,0.321539387684898,0.262281549788057,0.259015823135649,0.247188846662069,0.334525644318863,0.242564101622036,0.286626182811433
"NY2003",4,2124320,4,17,0.429831814880834,0.351548136706966,0.360166329305445,0.48442200198465,0.344539644653885,0.272010589132678,0.360321537928821,0.335093123871539,0.259643246187364,0.304286084477844,0.33168953890428,0.412311194291835,0.319641023210251,0.378164200624094,0.435160875160875,0.300165642014382,0.328551543977465,0.370249879687558,0.319176357411652,0.258080240483892,0.278251095153065,0.239920855264426,0.219145395208841,0.218776186261098,0.314722888184871,0.199274373251377,0.319820975835023
"WL_358LH",4,2124330,4,16,0.424810311329919,0.337460925950049,0.337104707061012,0.46484393757503,0.349931716516443,0.296941373040444,0.307126955585728,0.301734538101698,0.28047213622291,0.302617751946594,0.351723916429799,0.384142444753018,0.307676475879073,0.399765237733152,0.400166486610614,0.308149926637322,0.416453157094868,0.436718839582617,0.361825385354797,0.274004438007414,0.291996283116872,0.24024392057708,0.212035752105482,0.283644349668732,0.348062167613285,0.200542005420054,0.331470954053263
"SEEDWAY_9558",4,2124340,4,15,0.409777380862716,0.323771215334864,0.280899050617814,0.377312623809745,0.359754545624905,0.291077633697771,0.31890970792647,0.318214902739453,0.239966339869281,0.270538589083618,0.30201240692618,0.383856852633224,0.312175803942732,0.360315653011966,0.421167890579655,0.245700704524234,0.359619761328329,0.437485655054973,0.380546780546781,0.269549731503784,0.323051255589955,0.264577477008503,0.217193531081114,0.24517560285778,0.328304720723806,0.198560741354445,0.323098928296809
"AMERISTAND_427_TQ",4,2124350,4,14,0.418172268907563,0.33821819437466,0.291134459795082,0.406663400786324,0.371359113311402,0.286435451373532,0.292948637970472,0.309494035172592,0.299872004357298,0.314287201606306,0.344683935272171,0.395763596806039,0.323704792150543,0.327304305913932,0.370639381650984,0.285731747244352,0.440115927496938,0.450500993348881,0.407440289793231,0.294807708491122,0.305056759545924,0.273382883143425,0.237109885222692,0.312708264438368,0.354443279009809,0.225802816901408,0.297148718922204
"SW315_LH",4,2124360,4,13,0.442614284771148,0.35103144027789,0.340183407910827,0.472130735702353,0.384650771278678,0.295527412592293,0.349464979692373,0.337102866959641,0.25015286377709,0.255705524500549,0.322810171165947,0.441797419161529,0.328866808461107,0.379292306030274,0.475130592777652,0.266719712039405,0.410235571182606,0.450009995187502,0.405660052718876,0.312296694573897,0.355644134846921,0.290229295257926,0.218345306996447,0.213089000959634,0.351785850196459,0.181785453772541,0.354719661496439
"ALFABAR",4,2124370,4,12,0.408401592960417,0.335591168516088,0.303448568541313,0.424339852532941,0.396164791562541,0.325581232492997,0.339072327621005,0.330717173292067,0.258366448801743,0.256548575377287,0.295813896685356,0.421398104483237,0.325005555379194,0.401201670918447,0.436830595959438,0.246511752527098,0.40286606489815,0.473183981194817,0.441499495421064,0.370728943954096,0.392061371392846,0.314298590626024,0.235387907031273,0.287104423164615,0.348284194803589,0.219146871140324,0.322641327675349
"REGEN",4,2124380,4,11,0.398826500297089,0.291628385634173,0.279526734798352,0.397729961939933,0.404053488917676,0.335818588813608,0.337615727759829,0.32847843331922,0.259882026143791,0.245368235789891,0.282907888237442,0.400219132013622,0.299436992094716,0.416400076966526,0.425820778761955,0.226879064669346,0.356965516060104,0.448776021421785,0.420297914415561,0.352598803243909,0.369848712579594,0.291109789048363,0.224424106420368,0.28251519722108,0.341185508652758,0.22423198011599,0.287828072551514
"ONEIDA_ULTRA",4,2124390,4,10,0.375985343632402,0.302795324696226,0.287414550519661,0.387578031212485,0.39896107104769,0.303225219912526,0.336798754512746,0.338830465427024,0.257727683178535,0.253939168587789,0.276809643868467,0.367693233069257,0.306606139487635,0.464716434215345,0.412890969536604,0.237241748873462,0.353762696061939,0.429400727496089,0.397572821102233,0.321742685890759,0.300476172124233,0.264188694160063,0.224330317036154,0.260987943867663,0.325409923794845,0.185014887436456,0.280582991903229
"SW4107",4,2124400,4,9,0.413174815380698,0.327477992549285,0.279394470683651,0.420996898759504,0.414559514906197,0.265313361551079,0.307443479267591,0.300891580161476,0.292731808278867,0.307011192142055,0.323025872553394,0.407291282347127,0.328703850671407,0.431543273579737,0.423087793676029,0.279168152109329,0.397904421385017,0.438825544902249,0.378686708098473,0.314864068815091,0.296952184382525,0.274097816117597,0.252093631369491,0.286250771170301,0.361113181357173,0.210183390679278,0.356605575065847
"NY1614",4,2124410,4,8,0.400232410505816,0.324604097893383,0.304518475488091,0.391581565361571,0.408325157641163,0.218570568578309,0.367369746348629,0.343069109037754,0.252488067595459,0.259901336942021,0.298244340597282,0.371815449105099,0.312561554302086,0.435002803485011,0.440927001623114,0.258100142413868,0.326180434201825,0.400725834193326,0.368876133582016,0.323373158566292,0.320971792225662,0.280506873349143,0.234586746897368,0.251594780182935,0.317473908534787,0.212459960405886,0.355786555786556
"SEEDWAY_9558_SBR",4,2124420,4,7,0.408006889624537,0.268038846865696,0.290420304374791,0.432675945609053,0.425785316008879,0.235098313416391,0.324982202487982,0.313561969836334,0.262771677559913,0.279723358369897,0.294437643622619,0.395162548997247,0.334961853062866,0.426367242053517,0.421603956898075,0.23922635720955,0.36404884259412,0.412848751835536,0.389216157843609,0.370665793286344,0.34468739250086,0.296160729778637,0.240745243310816,0.288996536582138,0.359634457858835,0.243245340111353,0.392939469320066
"GUARDSMAN_II",4,2124430,4,6,0.373583642211093,0.275275258852696,0.287769723604341,0.429914961500295,0.42610922410696,0.258963585434174,0.317527185546708,0.302077161712613,0.247528758169935,0.276378870132124,0.290287019045189,0.402447123221509,0.322214638688719,0.407786628107484,0.460780138512685,0.232721452217251,0.383065613819824,0.439528622021496,0.405731170437053,0.367607860853851,0.353229363376711,0.288285367244243,0.25728326815226,0.300324780947618,0.370286649351638,0.256859431096382,0.424608330894547
"FSG_421LH",4,2124440,4,5,0.411101797621405,0.266135816501703,0.309870286314039,0.531650148848777,0.40557272559333,0.310021287945638,0.307882524188715,0.286019301242463,0.282641146370829,0.329664976122608,0.361168309602045,0.440100934888723,0.353583711217498,0.39408191333325,0.46663184192596,0.263596638655462,0.457019968467369,0.454782470991333,0.435388635388635,0.353868117610511,0.382372210731858,0.26058042686101,0.213447052961693,0.284811101809693,0.411871616671899,0.237880165651095,0.448548379540478
"NY0651",4,2124450,4,4,0.407942166765696,0.308967539010195,0.28514072352857,0.413976590636254,0.417709392293996,0.259297385620915,0.30586016311931,0.308651513319044,0.258546405228758,0.268751095151717,0.293609545374251,0.399797414689447,0.330172587113637,0.422135796467347,0.476938733971097,0.242205334307636,0.369600178691088,0.411498353727456,0.361561102737573,0.343856656454485,0.346187839625914,0.256820604347934,0.236102923654677,0.286288994393927,0.364518937123612,0.220776391364627,0.367265266803239
"SW5210",4,2124460,4,3,0.443843075950919,0.287225321162948,0.292029926325761,0.479781912765106,0.438780762481173,0.344409172262854,0.300229973827605,0.314704665683598,0.307075163398693,0.349304677623262,0.358598008592103,0.440347570206096,0.318348623853211,0.430633775018802,0.468707194589548,0.249556218622715,0.431847008294473,0.431823155106389,0.398608399588792,0.378109540997701,0.39859993120055,0.278000462721962,0.238094546325712,0.302479681026394,0.418783595437205,0.221967657798644,0.429066798361135
"SW3407",4,2124470,4,2,0.446388723839704,0.292568600627666,0.321964657052173,0.516884852595747,0.447053712735927,0.426141948007273,0.298500739861724,0.30910526860302,0.31875720244238,0.365720730770184,0.377606911724559,0.422304036476288,0.369785593528306,0.393963908937171,0.470157666473563,0.264800876872488,0.451077584785176,0.439470378459754,0.405085605085605,0.400742373274562,0.432723598211214,0.269466795567785,0.243094820302853,0.339855501049531,0.417905713959528,0.239015741507871,0.416971276672769
"55V50",4,2124480,4,1,0.403501938547506,0.283300686738522,0.295161337040899,0.505855723455301,0.460091392201063,0.463060622242208,0.299782882585349,0.289987589972698,0.280042156862745,0.335853845963164,0.342140457253852,0.408243388585905,0.321413605917272,0.372053318042623,0.48022054070497,0.239182072829132,0.419177292987398,0.418942251398846,0.403064944241415,0.405117462830162,0.427822497420021,0.296679487921029,0.224371835254809,0.335346813893527,0.401349525739456,0.233051716673678,0.398817920202907
