"","Germplasm","Rep","Plot","Row","Range","GNDVI_125","NDRE_125","NDVI_125","GNDVI_142","NDRE_142","NDVI_142","GNDVI_145","NDRE_145","NDVI_145","GNDVI_150","NDRE_150","NDVI_150","GNDVI_152","NDRE_152","NDVI_152","GNDVI_156","NDRE_156","NDVI_156","GNDVI_164","NDRE_164","NDVI_164","GNDVI_166","NDRE_166","NDVI_166","GNDVI_172","NDRE_172","NDVI_172","GNDVI_178","NDRE_178","NDVI_178","GNDVI_184","NDRE_184","NDVI_184","GNDVI_187","NDRE_187","NDVI_187","GNDVI_193","NDRE_193","NDVI_193","GNDVI_198","NDRE_198","NDVI_198","GNDVI_213","NDRE_213","NDVI_213","GNDVI_223","NDRE_223","NDVI_223","GNDVI_228","NDRE_228","NDVI_228","GNDVI_251","NDRE_251","NDVI_251","GNDVI_255","NDRE_255","NDVI_255","GNDVI_265","NDRE_265","NDVI_265","GNDVI_277","NDRE_277","NDVI_277","GNDVI_300","NDRE_300","NDVI_300","GNDVI_306","NDRE_306","NDVI_306"
"1","ALGONQUIN",1,2111010,1,1,0.325163823920407,0.289556245,0.554369611,0.306280752208345,0.492352567,0.639727092,0.311327762973819,0.470999151,0.625182456,0.274074372840406,0.427500563,0.57846593,0.239134566972438,0.447636885,0.543705578,0.281854764872077,0.356339548,0.572716275,-0.0958381774565626,0.388848508,0.488711898,-0.126334047719113,0.394803787,0.502223253,0.066721180052511,0.359881076,0.34987632,0.24282719938401,0.259419323,0.501088584,0.063606788822218,0.315499166,0.330584095,0.067660440892962,0.320035389,0.384370118,0.117794931934507,0.248213659,0.483575586,0.278448502754881,0.374431808,0.524389978,0.228697849602208,0.33734484,0.459872462,0.22722949477746,0.368854462,0.499192443,0.143297808738543,0.299056634,0.367757121,0.00459667138591788,0.401114368,0.453777831,-0.0155311160053558,0.316988933,0.388373061,0.0857075975064832,0.310606477,0.343743641,0.212724577939366,0.318828767,0.428134797,0.0897726962480404,0.255910395,0.407476207,0.500702883687348,0.251657644,0.593555655
"2","NY2003",1,2111020,1,2,0.313374475667523,0.312412444,0.527566705,0.317320185379011,0.498564169,0.632067142,0.314858992493115,0.476003223,0.620119826,0.294948292602328,0.446719105,0.57348088,0.258569825906995,0.434555237,0.531213022,0.296046685047712,0.384478809,0.560454936,-0.107756082042536,0.387729285,0.477277384,-0.134655345731401,0.381460141,0.542013822,0.0396880786280037,0.361348407,0.375769995,0.219845683494713,0.265017859,0.457361018,0.0718118195065423,0.312458252,0.337984438,0.0602642739061724,0.359073863,0.35009427,0.150302711202792,0.260814957,0.472407762,0.292163540735311,0.419646972,0.51168384,0.230866440103834,0.33604473,0.426006637,0.221632052260944,0.353949648,0.455192175,0.149898288952924,0.295153651,0.330792329,0.00425491621264754,0.390307847,0.457850117,-0.0314641254778229,0.310209271,0.44512426,0.0506332696674403,0.340566629,0.296509801,0.190931306023476,0.2840171,0.377149058,0.104202996740393,0.269346675,0.406954293,0.500427220774198,0.263062818,0.592838378
"3","N-R-GEE",1,2111030,1,3,0.308758969339678,0.323059351,0.545211462,0.292984011840651,0.425842113,0.615771599,0.278369681281204,0.412049965,0.606956988,0.279716540084137,0.412674492,0.565648948,0.245045689625593,0.431773575,0.527769401,0.278852331315182,0.341716595,0.552858869,-0.0963223123711013,0.38839748,0.420084294,-0.110085659852041,0.391042949,0.474912497,0.0867333525914255,0.343364179,0.354618401,0.258644528238992,0.291040564,0.513794703,0.0514925700323248,0.312612731,0.414342936,0.0259583534554077,0.394442443,0.338627564,0.133846398375159,0.32196403,0.473195677,0.259662913626603,0.354488232,0.516268867,0.238370548891185,0.340049843,0.451638793,0.229586564107317,0.354078858,0.478932748,0.158895930053318,0.304045279,0.368370882,0.00923708204355852,0.425260569,0.431634809,-0.023974243013403,0.329591147,0.391369193,0.103148479622987,0.303241237,0.344959162,0.2163761197529,0.288201754,0.431019231,0.106590640617722,0.251425326,0.409982629,0.512141090948536,0.26182653,0.605067198
"4","SW5210",1,2111040,1,4,0.330812818028765,0.429338177,0.549135783,0.32443573072841,0.487585718,0.639658418,0.301641620422107,0.462132307,0.616167994,0.291158948631438,0.437166307,0.568397344,0.254756018562807,0.427785748,0.521422895,0.298862137146937,0.389445066,0.550170771,-0.0869151325739005,0.415817099,0.431379934,-0.101480122787627,0.410149905,0.464639469,0.11127830875021,0.304917538,0.363388308,0.292098706559086,0.351382775,0.532127962,0.0707675788728202,0.315214555,0.387539371,0.0625275037591747,0.361053374,0.351737692,0.180000899933355,0.241915921,0.514544271,0.295104992056189,0.398224401,0.534596805,0.258475131268959,0.350726483,0.476416236,0.254086039292025,0.38098457,0.487485361,0.180858789420251,0.298812843,0.378243193,0.0110396270337577,0.447808699,0.402789044,0.0123320326264151,0.336667161,0.312639226,0.20279168293776,0.311535141,0.456741476,0.277235933066769,0.382619039,0.505582104,0.140329534327116,0.269718453,0.44175908,0.536514514141131,0.29201914,0.633684601
"5","NY2003",1,2111050,1,5,0.288126217866346,0.403292165,0.497673162,0.325221769286056,0.515463174,0.639239978,0.299646881918677,0.488888442,0.612378549,0.287010816343068,0.447553903,0.562548569,0.251064189723128,0.416660667,0.50979227,0.289388094486629,0.378178859,0.525832006,-0.0975470117763613,0.391071333,0.428974061,-0.12621538267528,0.373294439,0.532784314,0.0362928935068502,0.355263028,0.352526789,0.22894744445605,0.284010493,0.47357506,0.0787774133762592,0.298488874,0.355726755,0.0579498223919213,0.357682591,0.351499696,0.167847016734773,0.264556306,0.486433358,0.276965531426476,0.397717792,0.524465795,0.255899574208602,0.367236497,0.460856965,0.256713676230127,0.385063088,0.490811925,0.188024083914879,0.320222476,0.376575713,-0.0230430530829921,0.404757345,0.489297829,-0.0538560826373753,0.341628366,0.442752481,0.0978020162804357,0.306492253,0.343290035,0.190610215187465,0.293630323,0.405189501,0.119039213950073,0.281412353,0.414939935,0.507894577993656,0.285963117,0.598639582
"6","LIGHTNING_BOLT",1,2111060,1,6,0.272802168204297,0.38758648,0.513264266,0.295230514828804,0.462475242,0.623868691,0.281123846832807,0.468752201,0.600127138,0.26584978838958,0.412569454,0.557971753,0.242459658013281,0.443373813,0.518848295,0.276082864258237,0.360908552,0.525649065,-0.0864618637502974,0.403738248,0.433455241,-0.102987282193844,0.405669197,0.472241935,0.107095963939158,0.31993448,0.372116073,0.280189470822884,0.329611548,0.532459206,0.0582745792911065,0.306764303,0.396172848,0.0481710444818826,0.37057913,0.357288385,0.15455475410098,0.282269396,0.508232297,0.251872445267679,0.350921714,0.534523893,0.249302925919324,0.351216107,0.486144638,0.240458680349117,0.351990028,0.498050547,0.172252640347541,0.297819963,0.388282049,-0.000106259709605605,0.450680715,0.423357024,-0.0217950741149115,0.381310048,0.344579396,0.172475601875509,0.27971316,0.440888716,0.240650602728372,0.321979604,0.496884961,0.131941108977971,0.250709747,0.443641198,0.542522856954711,0.307444681,0.636518232
"7","N-R-GEE",1,2111070,1,7,0.265032514369128,0.390548081,0.50845849,0.298783622355277,0.457813982,0.62234698,0.287929554061955,0.470040049,0.601035628,0.257845511250578,0.401952539,0.553019728,0.251175002690062,0.426405461,0.513917134,0.26420767886115,0.336011166,0.496734501,-0.0816303100764577,0.390119963,0.425174553,-0.113655396478395,0.383346512,0.495476053,0.089794180414675,0.338174337,0.371092903,0.256787463662491,0.296884976,0.513328146,0.0379421052164046,0.287680503,0.450825114,0.0215947872722522,0.384254346,0.366308537,0.138887622124034,0.302178826,0.470964376,0.234745079995589,0.314428177,0.521535657,0.252922190107575,0.354747602,0.49755886,0.246511977190662,0.3803574,0.497764925,0.18350679987163,0.313926738,0.391934997,0.00417425458423191,0.451366818,0.426258472,-0.0267084495510429,0.391872268,0.372613624,0.144432189589331,0.304384663,0.416275066,0.231750830569011,0.3093921,0.478300888,0.133167332752446,0.264505022,0.425866877,0.534717777311847,0.293427466,0.618063395
"8","SW5210",1,2111080,1,8,0.275445123189581,0.42049205,0.507569647,0.324250127035863,0.489409609,0.639836131,0.307382383948714,0.486933762,0.604353775,0.258903110433473,0.421731726,0.546963183,0.266805980762155,0.441186905,0.502489631,0.285850811714807,0.385663259,0.491683982,-0.0753916153617544,0.402330489,0.484817131,-0.112716481479738,0.390266743,0.503888602,0.092520120517056,0.336456456,0.37362903,0.277727567920947,0.339120092,0.515618692,0.0365145212007496,0.315020528,0.443409235,0.032709686810519,0.379288674,0.36405175,0.153214461311634,0.268216562,0.488597292,0.259874701208905,0.31182687,0.530221206,0.26784164360412,0.363013174,0.507766319,0.25082074949208,0.364225123,0.493598266,0.195593153428447,0.315402989,0.378125871,0.0222706885642515,0.425420792,0.396074332,0.0105246862637655,0.367784742,0.315480044,0.176670505846648,0.289990742,0.435830071,0.259153107768989,0.334975259,0.496737437,0.13374093917229,0.264352374,0.425688034,0.546913586513903,0.303983216,0.629386293
"9","SW3407",1,2111090,1,9,0.265477715369448,0.44003309,0.500426673,0.332178859601924,0.51246798,0.647557079,0.314029887309362,0.483405706,0.612543797,0.256501492256032,0.423043798,0.547920066,0.274919538188496,0.447121951,0.497938351,0.290676448740845,0.400030647,0.49313994,-0.0654310945653081,0.442684849,0.45927517,-0.092615515806393,0.421419671,0.441396901,0.129781032038698,0.305790388,0.391368744,0.307311088703281,0.392222815,0.535721548,0.04330006851765,0.341122712,0.399342897,0.0381924491781299,0.378448976,0.368199383,0.143354476251526,0.291453563,0.487628167,0.2603258553325,0.295534121,0.528092364,0.254190933875428,0.354241501,0.505917138,0.236099950062012,0.368438769,0.482289762,0.193653392050423,0.300494552,0.38261314,0.00323760702209839,0.440015345,0.4209641,-0.00266160624652082,0.333059747,0.30626577,0.179091358597918,0.290911469,0.457931471,0.26437049304596,0.356733027,0.51079312,0.138457178344964,0.277767715,0.447237921,0.548593767762891,0.309053635,0.640543369
"10","ALGONQUIN",1,2111100,1,10,0.222318352676802,0.388289889,0.455110468,0.303711454465835,0.502911749,0.643212873,0.299128717824561,0.51063692,0.617862343,0.224208166103258,0.406475997,0.54832259,0.24430960893474,0.432104256,0.497347134,0.259338580414203,0.346054205,0.50194013,-0.071817372302575,0.412890514,0.488354751,-0.118376606569531,0.383047043,0.526127946,0.0711790932901346,0.372572144,0.355104516,0.229613050833046,0.265946823,0.496484816,0.0513963602168776,0.364715658,0.324226094,0.0438233973614068,0.378881858,0.366168272,0.103776751601484,0.332482708,0.469862366,0.217975007404965,0.264415251,0.515816703,0.21976875111851,0.337209246,0.480357143,0.211123953488337,0.355670323,0.500223928,0.167344510517532,0.285430606,0.395898673,-0.00708767769739429,0.44648934,0.462622494,-0.0342009287700806,0.337519528,0.378367775,0.121008424031532,0.308782279,0.385260659,0.204033953808389,0.300911613,0.445259068,0.114004715060842,0.271068975,0.421860568,0.510804609249602,0.289273041,0.607154745
"11","LIGHTNING_BOLT",1,2111110,1,11,0.2051221596236,0.356726435,0.44021433,0.292791833786942,0.469327931,0.629318988,0.281569617280168,0.472460073,0.60280372,0.225669253067559,0.403860556,0.541613,0.252852326236062,0.428451633,0.499305769,0.266801057545415,0.360237978,0.498264863,-0.0663398794929969,0.407806965,0.45055883,-0.0999575212207071,0.399608159,0.484719798,0.111255486065417,0.367999891,0.376451456,0.274304242490664,0.340001778,0.523067449,0.0413346656366423,0.356163427,0.399449509,0.0268215071053591,0.398149791,0.352325276,0.106574370768971,0.330087432,0.463579988,0.222946890773996,0.257764415,0.515727669,0.236911020341475,0.355380028,0.481993304,0.220993330141057,0.36104581,0.495968167,0.175402506652776,0.294607117,0.388338096,0.0160596366814381,0.407621552,0.402389215,0.00190032946473883,0.349960586,0.330114448,0.169250667871463,0.27631782,0.441744269,0.235539628984487,0.32090915,0.485218521,0.145197918438424,0.292403818,0.454690195,0.541061720808328,0.30462176,0.634844418
"12","SW3407",1,2111120,1,12,0.226687942063582,0.405755893,0.461792663,0.323513023150171,0.511327728,0.64417066,0.304456687254171,0.485543794,0.608777822,0.25206171942017,0.431942945,0.549768843,0.272697489619239,0.456025738,0.499160384,0.284962507182831,0.39366884,0.499858455,-0.0552418347987258,0.442517455,0.421197085,-0.0796665046983218,0.427969798,0.423290323,0.139538310872697,0.326508005,0.389317339,0.307416785405061,0.404481941,0.540156062,0.0897470632576559,0.318749583,0.321675809,0.0609849157718296,0.375284964,0.346106172,0.153992913273696,0.270874673,0.492752348,0.264685517048644,0.295198035,0.523542745,0.222026984269689,0.279427534,0.45760919,0.246389166482603,0.35302182,0.500991693,0.19830525214056,0.286640995,0.389174595,0.0199745685865118,0.41126665,0.391404108,0.00952945296138912,0.339922475,0.313686224,0.195151517716709,0.297211604,0.471879536,0.266595253479228,0.366085155,0.523655455,0.150372306052147,0.292974359,0.456132974,0.552356328538086,0.303136869,0.643437238
"13","BORDER",1,2111121,1,13,0.218810226289127,0.378600821,0.467602773,0.308935343061594,0.483328869,0.634311266,0.294886384608193,0.48653162,0.604176739,0.25131489299082,0.414971828,0.552603711,0.257223323176219,0.426927351,0.497086735,0.269448594269645,0.355835608,0.495096642,-0.0715263613245356,0.442459105,0.433208669,-0.100079111436798,0.434613308,0.458744616,0.115660961361446,0.363593277,0.374894243,0.300048163354271,0.376107184,0.530317609,0.24605586511807,0.349997585,0.493743776,0.22005196329298,0.353506538,0.528010428,0.258768404837844,0.394847919,0.549731241,0.289050472154395,0.335744662,0.512972549,0.15271999207214,0.262061524,0.408040863,0.247370116441843,0.384182977,0.537923286,0.198042697761718,0.293152791,0.457786364,-0.0152634518800217,0.453505877,0.478512588,-0.0219924071212701,0.384192681,0.354378205,0.185156715565611,0.278014068,0.468630347,0.269751503514401,0.379646074,0.533342525,0.14604926513491,0.285978875,0.454666857,0.547618044069817,0.307389117,0.645676845
"14","BORDER",1,2111122,1,14,0.226789104432688,0.385902662,0.46712398,0.320541076829329,0.488521773,0.640923233,0.29902947009174,0.482057409,0.604544791,0.269312601902105,0.421598377,0.564936068,0.255122749883649,0.413096434,0.496071429,0.276334508998375,0.36668142,0.505601886,-0.0471237705087141,0.435953277,0.409896884,-0.0940294083458259,0.442744782,0.424632827,0.128435781673723,0.369209316,0.383826393,0.308294494382249,0.388692069,0.533194463,0.265915248790792,0.392977846,0.512107744,0.228985694185307,0.352405087,0.527630732,0.266869117945351,0.400230592,0.543066728,0.275258228251783,0.327240232,0.491318809,0.157851299010649,0.289306768,0.409520834,0.24751824366181,0.378301235,0.529471211,0.197570687363539,0.287600769,0.456577281,-0.0115868951155902,0.485566609,0.463966647,-0.0353374209592263,0.407414064,0.367106815,0.171653562743962,0.280242253,0.449613662,0.264825907804669,0.361562624,0.530405404,0.136710445159719,0.28018988,0.444950453,0.532813417272432,0.276604278,0.630731608
"15","BORDER",1,2111123,1,15,0.229957232590825,0.361623036,0.479593271,0.316050712252726,0.489610544,0.642132551,0.297420029021678,0.494775708,0.610275135,0.270751853495236,0.422730707,0.564501409,0.249402562561479,0.417277684,0.490280423,0.269360544660303,0.357450096,0.503262655,-0.0421696008013974,0.428703291,0.407082899,-0.10025631105262,0.444884093,0.43462735,0.125152953100956,0.369486772,0.387153343,0.30246614663271,0.376088213,0.528465757,0.268323468135537,0.399069174,0.515146225,0.228897783918632,0.341312554,0.524401051,0.265897206637136,0.396377418,0.536578842,0.260807690313333,0.310625808,0.475588842,0.164911830953804,0.304115304,0.422349314,0.254742930338283,0.384322136,0.526789319,0.20374755186338,0.303889044,0.456866811,0.0132440564598523,0.455395695,0.436217161,-0.0394281430472091,0.404032655,0.381846342,0.158663958716662,0.275757867,0.431878405,0.257052359959699,0.356255963,0.527497998,0.126192444043842,0.280923754,0.443506057,0.519433546406056,0.259347423,0.627923021
"16","ALGONQUIN",1,2111130,1,16,0.219641497350842,0.350374471,0.460396048,0.312102688947598,0.508430249,0.649239056,0.292558769544837,0.508808458,0.614662309,0.2568957283435,0.430976944,0.571299544,0.229070908114189,0.414076084,0.489290205,0.255971496231477,0.347960635,0.509786062,-0.0699115792928001,0.410005621,0.457490509,-0.145805394350465,0.408648166,0.533622707,0.0501736644721164,0.403873499,0.350958766,0.243074184238764,0.272893602,0.500064618,0.229738732619956,0.33651235,0.504206547,0.196054908320285,0.309519959,0.511848596,0.230226503313054,0.374196086,0.53043345,0.238234400913648,0.288255583,0.473712592,0.10581393903788,0.284348167,0.345363619,0.199671782426494,0.285968211,0.46854752,0.167085968959166,0.284981647,0.436374698,-0.00320402195100562,0.464535935,0.490818469,-0.0558537958030734,0.384064546,0.474142878,0.0972950921711689,0.322024806,0.358838565,0.187587672257264,0.289450575,0.424823766,0.102474481348218,0.306011239,0.407601734,0.490891650738189,0.246702867,0.590516549
"17","SW315_LH",1,2111140,1,17,0.224911484002348,0.360400443,0.447807879,0.307812291552341,0.497473994,0.63524328,0.293995866645058,0.471169175,0.605731535,0.276832431469076,0.449151376,0.559563621,0.250149336872524,0.42473249,0.482408243,0.277461439471218,0.399952766,0.504332777,-0.0774312840736073,0.3851219,0.433393062,-0.150781191087026,0.371610821,0.531976037,0.0222550685394389,0.406083839,0.365513677,0.232043129127403,0.284752271,0.467084019,0.238273074884686,0.366521879,0.490094072,0.211937962575529,0.327026661,0.498029299,0.255316527964845,0.404652496,0.527115582,0.277461713618554,0.347490051,0.482693391,0.0907219189853404,0.288394688,0.331988956,0.200825366149309,0.300599262,0.447833583,0.170911482329981,0.282341325,0.424695951,-0.0186885375066424,0.462243858,0.521124894,-0.0689665312402633,0.36463121,0.50158373,0.0828076361506948,0.325598517,0.330599938,0.180049570406635,0.291740614,0.402947938,0.105852287647232,0.311392005,0.407857682,0.492428690288377,0.253712644,0.594928589
"18","NY0465",1,2111150,1,18,0.211720596854546,0.304706404,0.463743887,0.292686621846698,0.473033485,0.638461911,0.290975773979748,0.482371892,0.609388337,0.26491269573668,0.423214334,0.562973781,0.231562784875785,0.395789096,0.480187538,0.258629529771385,0.37013632,0.501837478,-0.0797077933805135,0.41717413,0.459087561,-0.149973658614672,0.416606879,0.522694471,0.0534750677860414,0.386660136,0.369452019,0.250772128826245,0.283162747,0.494327361,0.23721408547887,0.36140452,0.493193031,0.216726813806466,0.335009704,0.505535394,0.254731763654331,0.373332209,0.532455734,0.274175714045466,0.344237908,0.483458533,0.104676429210192,0.282301691,0.357561094,0.211582642362069,0.308112964,0.466192374,0.176680632325942,0.273638167,0.447248165,-0.0182659238445289,0.464088275,0.507474056,-0.0652864333855178,0.386063425,0.478551757,0.123305270189331,0.276326516,0.378713711,0.224624992699382,0.318017376,0.483372463,0.130434394875677,0.27133739,0.440916378,0.526809458792188,0.277543248,0.643331003
"19","HI-GEST_360",1,2111160,1,19,0.220116023853191,0.30408216,0.473963706,0.272503004061431,0.450759574,0.624266567,0.283228395897817,0.47876526,0.598203597,0.262384818990692,0.418657051,0.556894899,0.23496365841324,0.387196904,0.47364045,0.269341511259095,0.384458463,0.506198072,-0.0831233001515524,0.408425366,0.44059281,-0.13935590346816,0.419743991,0.478432954,0.0967588038025524,0.356094085,0.379915481,0.293304904673813,0.348591585,0.525456553,0.256171766542256,0.406585745,0.511852078,0.240161458769684,0.365088545,0.515311988,0.281169198715851,0.39436466,0.533932368,0.278616017026873,0.37364361,0.473408982,0.140121883056813,0.289872828,0.397619734,0.240415199620949,0.358670206,0.49598037,0.199336641215681,0.287759473,0.463108099,-0.043126514333915,0.483386094,0.507474837,-0.0586021759597219,0.405163818,0.417932996,0.169978702250984,0.288421434,0.442203849,0.245714587561008,0.347902223,0.514738886,0.143551608175749,0.281641128,0.435679028,0.526931966148392,0.275137816,0.635474434
"20","N-R-GEE",1,2111170,1,20,0.224327804782107,0.295176262,0.48796557,0.266970832629592,0.444095198,0.619557729,0.291970112378771,0.474757663,0.592258931,0.252675619863376,0.400862415,0.542595941,0.227716801224341,0.366563541,0.472785879,0.253942808860516,0.364571762,0.49839071,-0.0807839076065946,0.419827154,0.466284556,-0.143969307926518,0.440182479,0.491335705,0.091847265789058,0.378138995,0.363618592,0.273149804392236,0.3083423,0.515374298,0.243281070788473,0.403852107,0.49312725,0.231981475042747,0.352535196,0.504050185,0.275498062616428,0.398397197,0.516685759,0.255611563505809,0.383614272,0.454705811,0.122068467368438,0.297200138,0.384750142,0.215849708785512,0.315324492,0.450070028,0.186768068125578,0.280868269,0.429206742,-0.0507507305047432,0.442062323,0.496162282,-0.057068707741473,0.404982767,0.406135655,0.140097275003565,0.283853593,0.393263224,0.207724510674158,0.299274986,0.467097479,0.126404870191692,0.257882958,0.416597048,0.519965098231416,0.278420757,0.624634498
"21","PLUSS_III",1,2111180,1,21,0.23999590517543,0.322096486,0.497528305,0.267388865233606,0.461171064,0.623112251,0.303038633086409,0.477100064,0.599495883,0.25605685856212,0.410293218,0.551475235,0.233688027881592,0.383515499,0.476415112,0.263730885323106,0.373262922,0.508842631,-0.0756117554841922,0.435006042,0.443831639,-0.125191148645472,0.449977821,0.424111379,0.126944676048398,0.364121479,0.395028114,0.302097362957287,0.371523721,0.528550531,0.25653998158229,0.424971961,0.494591178,0.249238644069809,0.378925347,0.51798434,0.284930705269755,0.399249591,0.517772751,0.267171535397087,0.433054902,0.462054031,0.129440446729348,0.288187423,0.402397928,0.240541575432406,0.377843965,0.492690925,0.205241429275623,0.295676517,0.459349445,-0.0619048987790907,0.477938689,0.486070751,-0.0370085117124682,0.40591692,0.359170379,0.191510683624731,0.305939939,0.468871177,0.247777037534144,0.367319586,0.527965558,0.145399051588441,0.27051896,0.450971832,0.541477060062411,0.30722773,0.651453528
"22","SEEDWAY_9558_SBR",1,2111190,1,22,0.240030829320665,0.325477014,0.499272383,0.263098184520087,0.45745077,0.618630145,0.297905667902616,0.476501407,0.587696339,0.251369601008801,0.407082113,0.534678687,0.233665077363464,0.396889902,0.478369543,0.258032630023067,0.369294895,0.504122197,-0.0887416890798468,0.425042691,0.475149819,-0.140495071065212,0.414250269,0.476428789,0.0902100777775539,0.386079234,0.364137614,0.278812648128194,0.321726172,0.505280186,0.240829588417456,0.382917371,0.484291185,0.230958859812891,0.346079895,0.499739482,0.277382541173771,0.389801299,0.511497305,0.261386213082775,0.410713871,0.450729557,0.0845815427228077,0.289724305,0.347990127,0.225426786779994,0.353214423,0.472451358,0.194969822340687,0.294745929,0.45757292,-0.0737166524244615,0.499093063,0.509086064,-0.069494012706145,0.401970349,0.460726086,0.158135296821003,0.281897961,0.413498458,0.225937161366016,0.333456926,0.496687204,0.139556956105828,0.267638283,0.455934889,0.532074170813648,0.304970044,0.642755716
"23","NY1517",1,2111200,1,23,0.245049948683343,0.344153572,0.492936193,0.268218702051337,0.467429392,0.625525538,0.304983323715327,0.478565076,0.596920494,0.251006039396521,0.405669296,0.537316505,0.238268424199433,0.412914569,0.479517412,0.258368168466007,0.39209552,0.499549793,-0.0941153859096475,0.428635752,0.476439346,-0.141240992072388,0.397878496,0.500239312,0.0605649783424737,0.418786026,0.374830215,0.263625793880937,0.310698798,0.488486209,0.236716946412565,0.375650854,0.473348399,0.225062162881107,0.334774754,0.496553361,0.268375220105831,0.405655039,0.502896828,0.295168875999149,0.498197386,0.496818736,0.0507753893475925,0.313094437,0.324970936,0.207816191753381,0.324004376,0.458722766,0.184210328872328,0.285474602,0.437739726,-0.0838331951695332,0.512744659,0.491088081,-0.0844910972670565,0.409596299,0.478624318,0.116133280268573,0.287303486,0.375717992,0.194446815817477,0.312072518,0.448653121,0.125785963380893,0.263804634,0.428227475,0.528232896252497,0.304224656,0.637947924
"24","SW5606",1,2111210,1,24,0.27689722490171,0.41749409,0.524763738,0.279744875171126,0.483878264,0.631948146,0.314347707803869,0.472564057,0.601626692,0.285525466448106,0.437518289,0.554770342,0.274918440659097,0.444866745,0.500395287,0.278998887117169,0.444620189,0.500575377,-0.0748366026223311,0.439587689,0.440655606,-0.10784008660495,0.421244012,0.428154472,0.143697037000804,0.324998689,0.401791203,0.339557189135185,0.427568954,0.536369214,0.277078956236154,0.448639674,0.495712984,0.266412755886134,0.396096233,0.510891036,0.299214095546489,0.460010771,0.510369819,0.291170007431136,0.463333479,0.474500363,0.116526489972059,0.271700413,0.38706218,0.26139760429797,0.423665041,0.502218619,0.225435231386034,0.336505233,0.464152815,-0.0624027770472671,0.511290006,0.486449045,-0.033391524963675,0.401937795,0.352560766,0.205544065088434,0.326768818,0.477398732,0.258363342666758,0.391562209,0.53192327,0.145312942009173,0.294071978,0.453639032,0.553553112882136,0.32145268,0.659662667
"25","EZRA",1,2111220,1,25,0.240852399731301,0.352256872,0.506724841,0.261078861177602,0.438722362,0.620968365,0.305090947530477,0.484591578,0.593888889,0.260235408290976,0.3969359,0.543905828,0.24872724911967,0.419270988,0.498131386,0.245446662418256,0.409380865,0.487449527,-0.0951886209736871,0.44607713,0.460730098,-0.137884247099928,0.410264073,0.486833808,0.0990991131045873,0.34327167,0.365200821,0.268581936107162,0.290724438,0.529370415,0.241008393302303,0.392640561,0.487790926,0.226871047466965,0.328235402,0.499208888,0.252585393576621,0.418930302,0.495819085,0.263844867586496,0.455571532,0.464484532,0.0744665122432651,0.305577296,0.340982978,0.215426309004225,0.329170443,0.477976877,0.190946017017149,0.286275091,0.454150985,-0.0728797191755096,0.529732917,0.495605879,-0.0730773919817035,0.404384307,0.45302693,0.146436593980614,0.262475441,0.405342885,0.214736623062743,0.319418396,0.498405551,0.144045093015062,0.280317622,0.45856242,0.541273030339874,0.314439465,0.656347241
"26","FSG_421LH",1,2111230,1,26,0.254937797293209,0.418423457,0.48062186,0.298669419202122,0.483707253,0.63095831,0.338851777205843,0.466379933,0.598733424,0.279607690589481,0.44159402,0.539391781,0.276477804704358,0.448771435,0.486230614,0.273347657045232,0.460932933,0.48053472,-0.0927040842413297,0.418406459,0.455790301,-0.136412020799739,0.384939087,0.472869495,0.102669135256957,0.330205714,0.371458946,0.267060465058043,0.364133061,0.547700117,0.258176747533253,0.437102453,0.461559913,0.247047000452656,0.359527183,0.484672351,0.269628653650452,0.454674764,0.482514816,0.267875456548664,0.445194044,0.446280383,0.0884276907875677,0.263497556,0.339475545,0.243457626583684,0.384402634,0.474071014,0.215474536056743,0.325323515,0.454037729,-0.0787650345966366,0.526769263,0.492505482,-0.0675529112899833,0.423302541,0.38851368,0.146770739687218,0.2854877,0.393145449,0.222770850626283,0.334916296,0.474478561,0.157840159910915,0.331007413,0.451171502,0.547174613790417,0.311240125,0.65519176
"27","ONEIDA_VR",1,2111240,1,27,0.212469927410278,0.318373641,0.478283413,0.261860737854426,0.432821106,0.630899864,0.300427122443933,0.456375235,0.596024114,0.239245833331955,0.382221771,0.53902667,0.235696451952421,0.393907917,0.494688579,0.234557960747683,0.424054204,0.492960481,-0.109610081106779,0.454716649,0.489635395,-0.158144971893178,0.426507906,0.510721063,0.0703000678957893,0.347411955,0.368287853,0.205871557588637,0.240349621,0.533541268,0.22262494607144,0.35571859,0.459570237,0.205587996192029,0.310732491,0.481976472,0.216077621052412,0.405253797,0.472067323,0.249125410434234,0.460532026,0.479975163,0.0507343542431798,0.305752252,0.324334619,0.20174442707102,0.304669105,0.464942505,0.174133894759601,0.269077572,0.443257771,-0.0759908669489791,0.539648802,0.480731758,-0.0767792837885245,0.43073682,0.419715035,0.128516600846614,0.280207586,0.384271202,0.21029184132918,0.304340435,0.491391417,0.143341082391735,0.269836197,0.466084091,0.532474795457315,0.30550274,0.654798117
"28","PERSIST_III",1,2111250,1,28,0.230221054574583,0.347701119,0.488491691,0.283476664146224,0.471240405,0.64637004,0.308669123432853,0.478690726,0.604925484,0.251607478243042,0.404361996,0.555784314,0.243484592666295,0.408883614,0.503290987,0.25425402833685,0.4597168,0.50511332,-0.10387585378894,0.467170685,0.45947595,-0.153209901674087,0.445106262,0.484609266,0.0877767022333463,0.327773656,0.379415458,0.2292653938127,0.279712922,0.563148222,0.242593793074551,0.370025634,0.473168096,0.223416652712684,0.344639012,0.497222237,0.225273781421391,0.410069637,0.48200059,0.234903181895917,0.452304866,0.446559768,0.0658175421786572,0.299077278,0.344096809,0.218891923289153,0.328959028,0.484151859,0.183182491556056,0.258148348,0.452106711,-0.0857396165261719,0.556132197,0.488688323,-0.0674581728686098,0.442192185,0.379266699,0.159176724307969,0.312494531,0.424523712,0.239709413301118,0.342258283,0.528311725,0.139480169962088,0.26091185,0.470782777,0.533478937359557,0.310259136,0.660545126
"29","ONEIDA_ULTRA",1,2111260,1,29,0.219208563140796,0.333184275,0.470704121,0.278837208885535,0.464640222,0.64100378,0.294974827298447,0.479325663,0.596872743,0.235165854312466,0.381295047,0.537671644,0.22879858388136,0.390860745,0.487594974,0.242006785494518,0.454018319,0.491725291,-0.0950940415907075,0.456576201,0.477742043,-0.155615646752585,0.427504018,0.505172453,0.0813212187554436,0.338670363,0.374472572,0.225610316932722,0.288478058,0.523176678,0.237565940044002,0.352889771,0.474443333,0.209914402919828,0.349938266,0.48790702,0.214096431675063,0.405051813,0.471786866,0.228266255837272,0.4532558,0.446934771,0.0575699829635119,0.318802178,0.327183913,0.200141753614082,0.303557305,0.465187122,0.161642090947411,0.266755384,0.432695033,-0.0922762487745338,0.553284975,0.494539537,-0.0768272090180937,0.42385445,0.412780554,0.130073968839955,0.296784253,0.391373006,0.207472899755169,0.306445262,0.485869594,0.110989229585149,0.230179042,0.446400249,0.506241450620573,0.288982004,0.632668648
"30","WL_349HQ",1,2111270,1,30,0.236380195643211,0.356131952,0.502180037,0.291484993208009,0.469499124,0.636828517,0.304346371504843,0.465811621,0.592575432,0.255268939085546,0.398174743,0.546033055,0.242201621297583,0.394126699,0.492251657,0.250045119564347,0.46298443,0.48487896,-0.0625512161080398,0.45629517,0.421108257,-0.110372268127686,0.458280361,0.400318627,0.15530025952444,0.288132839,0.430075744,0.300204606735567,0.389239548,0.54117484,0.266275740104417,0.377831407,0.488245644,0.226382760689434,0.380702915,0.491575551,0.234486782819948,0.411695772,0.468930256,0.229986806097959,0.417059259,0.427192012,0.102951507268838,0.300629566,0.376053052,0.234543529639012,0.364507099,0.491677453,0.184929229637689,0.269304084,0.447932929,-0.0908710697399897,0.546839288,0.493109288,-0.0287066632689874,0.426409256,0.324535226,0.198322003696612,0.342606954,0.484995585,0.256860173402806,0.371234649,0.554633571,0.122438379513628,0.234313804,0.474433012,0.526322917922801,0.302623457,0.65466539
"31","FSG_415BR",1,2111280,1,31,0.237793920956971,0.33503294,0.49826302,0.298146157630495,0.483201503,0.647812817,0.309150923444979,0.482743014,0.599205413,0.257194988896689,0.413046503,0.551194351,0.240658295617268,0.401334551,0.496704491,0.251987503992818,0.473305162,0.496592155,-0.0864719671877539,0.469538849,0.4847816,-0.143971586851833,0.429361344,0.516383743,0.08312981374609,0.358513446,0.382497031,0.265278683016077,0.318415663,0.504800142,0.247432275624581,0.342191099,0.483385225,0.199841844672355,0.356669552,0.473896771,0.222652693997725,0.418762275,0.472419674,0.244563868162464,0.43439114,0.46597923,0.0616254037724321,0.352859965,0.348490214,0.212194796362858,0.313595265,0.47428945,0.170659884461784,0.28566946,0.4365758,-0.1007870796832,0.569757081,0.486684615,-0.0681585079231886,0.447248442,0.389838657,0.142229637298424,0.314614993,0.420942097,0.236244715316435,0.341582929,0.520452074,0.110314125620882,0.250169888,0.444195519,0.513781060837993,0.28830489,0.638325796
"32","GUARDSMAN_II",1,2111290,1,32,0.237142368506421,0.335481563,0.492202203,0.294766709224178,0.465974943,0.640169904,0.304667451892164,0.477487092,0.594561883,0.254067572256785,0.405997482,0.544121695,0.237284360377077,0.38626338,0.482816921,0.245837268148262,0.440360214,0.484633941,-0.0872082385675439,0.487870184,0.484323068,-0.13408235833721,0.410693865,0.499507906,0.0756431953232377,0.377704228,0.392211784,0.261049800643196,0.333317772,0.5010831,0.247198058624501,0.347216606,0.479159795,0.201363958666351,0.371624751,0.469039106,0.229363060580305,0.428041507,0.474842393,0.257795016337322,0.443803564,0.470116504,0.0664736402076844,0.345468776,0.346867505,0.220180788473246,0.312861983,0.478905606,0.176173187180014,0.288625302,0.439735794,-0.0806519577102334,0.568798472,0.481341459,-0.0676048049341931,0.439658965,0.380933723,0.125785108235368,0.300049043,0.398655532,0.241336116972498,0.325512097,0.51924503,0.122733118798604,0.331536903,0.448332159,0.530836095107526,0.306518755,0.647367466
"33","AMERISTAND_427_TQ",1,2111300,1,33,0.257517436281044,0.338901909,0.52150895,0.295940899451558,0.473023988,0.63636533,0.307402575609345,0.477984578,0.58920679,0.253848092474206,0.409485369,0.54222657,0.231658147330106,0.387652189,0.477208295,0.255799033661498,0.456958874,0.494066088,-0.0843103697421412,0.481816229,0.440838934,-0.0991104146795268,0.405886306,0.434538267,0.120942122987175,0.346140095,0.394617749,0.295173005131069,0.398974997,0.532529456,0.254606257602665,0.364220015,0.478310839,0.218100669475217,0.386445324,0.476901206,0.246589200557275,0.43119523,0.477150342,0.270453682493694,0.449664362,0.477386056,0.0977220000271533,0.30168605,0.377082647,0.235371457417712,0.359920331,0.496470065,0.179985891985079,0.287705168,0.437738854,-0.0825674039700064,0.563909933,0.473335696,-0.0496934604145277,0.43232517,0.338496313,0.149507950688752,0.303305412,0.438182895,0.260518080061173,0.36548067,0.544357863,0.107762907264811,0.369785786,0.444170356,0.549837094720752,0.324164576,0.662463139
"34","LIGHTNING_BOLT",1,2111310,1,34,0.250890253360117,0.327456195,0.513647123,0.297864268420221,0.464838939,0.637905026,0.315594379463566,0.459371325,0.591719939,0.255085339253312,0.404345356,0.543904629,0.229864867926922,0.384429016,0.479162909,0.258031536431335,0.441877949,0.497369418,-0.0814024876665409,0.482087991,0.443741433,-0.0937433941502441,0.417299743,0.436302797,0.099640780663607,0.372698688,0.372153972,0.279160160263116,0.378883405,0.519718258,0.237573198283216,0.335720775,0.479633144,0.214070527054837,0.386600262,0.480461393,0.234792269700011,0.432619733,0.470962878,0.251887226189739,0.416128395,0.449112854,0.0990737626453966,0.31769707,0.357181395,0.22676695296363,0.3553248,0.489835388,0.181343861810053,0.286821044,0.444779905,-0.0800829494053576,0.563617675,0.479884073,-0.0475495240842202,0.433390557,0.337500618,0.140163989253834,0.294266097,0.426434848,0.254178091818115,0.356786783,0.533673787,0.101393877655964,0.38564494,0.447338234,0.548090753504028,0.321984576,0.658182942
"35","VERNAL",1,2111320,1,35,0.236336576001026,0.32888463,0.492170045,0.285302760808393,0.461212512,0.629492667,0.299601394495102,0.46521789,0.578066908,0.235028120688295,0.392282323,0.52606596,0.213501574995672,0.3732909,0.465276814,0.243403229442065,0.438648714,0.4862129,-0.0869216582305347,0.46717145,0.466098019,-0.113622151683015,0.39375933,0.49357432,0.0358146836977818,0.420556955,0.370110853,0.222012136816256,0.295969202,0.467721904,0.208673052727208,0.308063941,0.463498591,0.199587936119028,0.353645369,0.475664064,0.198583597836489,0.4215513,0.465996244,0.259746051619363,0.445871169,0.480848947,0.0620284958799384,0.349523649,0.322018088,0.182563381041352,0.308502053,0.444007113,0.151250261815297,0.288995127,0.417407043,-0.0724093986083597,0.572809489,0.464442229,-0.0799035013741552,0.44330036,0.420206566,0.071239874012939,0.332532,0.334660384,0.189276682003953,0.298523102,0.425953986,0.053850727474716,0.321868474,0.38069216,0.516028894715381,0.2800329,0.614551011
"36","REBOUND_6XT",1,2111330,1,36,0.282646189841652,0.351699714,0.542072066,0.323099126401511,0.482497596,0.629467197,0.322460589243677,0.46886188,0.579450115,0.276247516818244,0.414207648,0.544731125,0.238012000009889,0.376902917,0.467894092,0.255721898763899,0.43212512,0.47625488,-0.0442480687144288,0.446903376,0.383324221,-0.0443900789659479,0.408353257,0.353974383,0.144163942109653,0.354532286,0.43514113,0.318727365552012,0.440201562,0.545244765,0.262372510891926,0.365781286,0.486046459,0.265413769347617,0.416225184,0.508179667,0.265522751616082,0.439103577,0.471710819,0.276162227149803,0.432145994,0.450721418,0.146039173689119,0.304457763,0.430166625,0.257930898088964,0.438351006,0.512241936,0.202764573232901,0.315513922,0.456293996,-0.0632825711635252,0.553032153,0.433744974,-0.0152745703783795,0.424041129,0.306257854,0.201752570333355,0.320951256,0.507600373,0.289499667137657,0.422237349,0.552412342,0.118917656720305,0.423844555,0.458933504,0.551590420891311,0.321823216,0.652577243
"37","SEEDWAY_9558",1,2111340,1,37,0.258707606533638,0.320130487,0.520929084,0.309604660162739,0.46982814,0.629020167,0.316133541846885,0.473527621,0.581358671,0.267692190835537,0.396807579,0.541388889,0.217593971328207,0.359392896,0.463785227,0.263672441141901,0.457472528,0.502112598,-0.0808156543816856,0.459467833,0.462931482,-0.107300086703349,0.405185149,0.486723883,0.044847947485694,0.413049176,0.362397185,0.246282436833183,0.264514102,0.50417856,0.221352397041822,0.303658444,0.470331666,0.221198489954699,0.326315538,0.481650779,0.236909650537658,0.44260496,0.479642209,0.273374320406741,0.46375742,0.486087217,0.0888348044732356,0.345017616,0.347875442,0.218233765249359,0.38466164,0.486057748,0.169746540207984,0.290281747,0.440598864,-0.0671634283394411,0.565974091,0.447523079,-0.0700503012663777,0.460471192,0.402642402,0.118923793412257,0.323439119,0.390795589,0.23299734064027,0.334369549,0.488985118,0.11597816084117,0.398172938,0.447822367,0.531760228881286,0.313077961,0.64087952
"38","NY2003",1,2111350,1,38,0.264150245313397,0.378427461,0.497196727,0.346300667253921,0.507679944,0.64029183,0.348754309455805,0.457658969,0.588186312,0.287202974773597,0.434690142,0.537950171,0.238088050325168,0.399234474,0.448554861,0.271329817853435,0.466845103,0.482905023,-0.0827135738931567,0.472638,0.48455846,-0.117503659573481,0.38731208,0.518237928,0.0288962886709851,0.431200398,0.384306553,0.224326476896027,0.260118566,0.46159901,0.226770548147595,0.309126333,0.450257533,0.233619985111654,0.344260869,0.472613716,0.248777964634297,0.455592052,0.466764448,0.276256438769518,0.474970661,0.472773856,0.074218806020547,0.350728429,0.334921436,0.218353121683044,0.393429825,0.454353168,0.188608949351223,0.336495214,0.419118809,-0.0539501703946061,0.547101676,0.461293569,-0.0720091197930346,0.418415096,0.40637989,0.0858709983583996,0.339451443,0.345184794,0.20376825957606,0.301939496,0.407470829,0.120657490928672,0.38070873,0.408330552,0.519917783328373,0.29055741,0.620416806
"39","LANDER",1,2111360,1,39,0.254966742444747,0.333912616,0.542284771,0.317861847568809,0.460173539,0.626227791,0.316416046743451,0.454310144,0.580876384,0.274740689444833,0.401614154,0.537526256,0.231930503593705,0.39065971,0.486273292,0.256851338698212,0.43437336,0.491536139,-0.0762487074724202,0.455519463,0.456394564,-0.100395270026543,0.414411122,0.472031662,0.0807249637521221,0.380463251,0.384388298,0.242349906660072,0.25224223,0.52040179,0.220537025629179,0.294657927,0.471886378,0.225178350600864,0.348267983,0.495309184,0.234805240670854,0.427096569,0.488572191,0.254076037744048,0.413841394,0.468762963,0.0883372791235691,0.346160016,0.355809464,0.21336779576281,0.384918912,0.481290937,0.168542482916004,0.306646832,0.452727442,-0.0455093706076612,0.551080447,0.463437381,-0.0512215434429606,0.420398094,0.349781988,0.138653758349541,0.299067734,0.409155827,0.243968007815712,0.336739546,0.494979171,0.126084125362859,0.319725551,0.446557258,0.529500532121415,0.306230015,0.64528691
"40","NY1615",1,2111370,1,40,0.262260270686565,0.346070609,0.5333568,0.33794295364932,0.465129527,0.621843599,0.333223892293546,0.45830646,0.581232599,0.289923577756048,0.400254526,0.529485839,0.247666101657666,0.392068171,0.492782401,0.25133722018174,0.41007627,0.470745736,-0.0690204020133161,0.459531084,0.470593902,-0.0910486469737641,0.411324945,0.486205265,0.100775097343213,0.344939057,0.399966919,0.254637545434681,0.304149215,0.531097921,0.23326330130223,0.318242424,0.467815537,0.240096649599319,0.359940925,0.499932621,0.25925086184067,0.457099238,0.498793933,0.284376398143898,0.458297313,0.485552941,0.0945189191108697,0.362742169,0.365268617,0.19957441626613,0.358923863,0.443774356,0.165558902382231,0.311758462,0.425968921,-0.0582037465314371,0.548219495,0.474031447,-0.0689130890331147,0.433566245,0.417896079,0.127862944134316,0.308837585,0.386479847,0.251203086963304,0.337598725,0.499363354,0.156345448263119,0.311357299,0.474306418,0.537806936788067,0.30896781,0.648931444
"41","55V50",1,2111380,1,41,0.282359071311206,0.402868169,0.535141728,0.360695100805219,0.481856458,0.630772856,0.37039475340913,0.437701249,0.583767865,0.304091126813815,0.417268693,0.533441566,0.270832193327789,0.397079084,0.493695231,0.272621959649317,0.437602768,0.482549548,-0.0646954107542223,0.458664219,0.432079875,-0.0813617501947402,0.421638836,0.454168406,0.126949006312905,0.317879146,0.411484462,0.273899119809122,0.41757251,0.555159545,0.254941733551421,0.360209603,0.468530572,0.268144054009201,0.40497738,0.500696606,0.285948227595999,0.458179332,0.491861176,0.296986492538551,0.477933914,0.484717502,0.116723395838511,0.326966849,0.378683222,0.243981104794295,0.425747247,0.487557758,0.204480977677304,0.35156642,0.446380884,-0.0629382103772313,0.540989441,0.473459861,-0.0465021919266271,0.41611834,0.363540955,0.154479875233268,0.299621043,0.43546091,0.278560601919628,0.380747619,0.52314041,0.166317031376475,0.294696748,0.461398751,0.543143658298408,0.316792517,0.656018931
"42","SW5210",1,2111390,1,42,0.272536878170412,0.377469957,0.525328681,0.368913382243311,0.489912556,0.634800323,0.414622032464893,0.461382226,0.593741272,0.31161830644925,0.421901871,0.538270372,0.278764678828009,0.426506115,0.501860183,0.287694660675683,0.474439454,0.49587142,-0.0639775767327586,0.450375448,0.450800134,-0.0910579170797212,0.402768724,0.464582771,0.12737839354137,0.315153121,0.404224974,0.278799423110608,0.447666622,0.563837387,0.25474073981935,0.351544132,0.473125755,0.273427610828252,0.415995718,0.504762861,0.290812939058839,0.472359919,0.50271906,0.302273262377759,0.460769354,0.487207553,0.147189928890028,0.309601161,0.401471504,0.270666876795499,0.446759813,0.505177554,0.225081794277138,0.390388759,0.462262162,-0.073843803414485,0.559810511,0.479944203,-0.0586849400903978,0.418864977,0.383195147,0.163545630823985,0.303780552,0.441474545,0.291764062622097,0.408978574,0.53221142,0.186965773679521,0.325057768,0.476383499,0.553696964630664,0.3219393,0.665235003
"43","NY1614",1,2111400,1,43,0.206475763190094,0.335240275,0.461465578,0.384092461546954,0.48901674,0.635171928,0.427253027204301,0.454476378,0.604530546,0.287817664318901,0.394106829,0.536988055,0.250913624659235,0.382321464,0.496211121,0.261698204126328,0.439860856,0.485136459,-0.0479092099581923,0.469568101,0.469083686,-0.102851556947367,0.415335705,0.494070051,0.0851521407046759,0.362770155,0.396874377,0.239850242585546,0.398348525,0.543929424,0.230170482963196,0.309938602,0.479602637,0.248776613606966,0.3935218,0.510392727,0.27534911588139,0.46184831,0.513637697,0.306478050632948,0.493620734,0.504538862,0.10695884033798,0.35076493,0.371607875,0.225897199799428,0.381626978,0.483033189,0.18581678921859,0.321566885,0.45857756,-0.0757783033904138,0.578881864,0.475089635,-0.079340378828873,0.432428305,0.428797803,0.0942506177967416,0.308675524,0.375175998,0.239624970196764,0.328218257,0.499114763,0.170385732429513,0.287707758,0.460624473,0.537446567889417,0.313507763,0.652399678
"44","WL_358LH",1,2111410,1,44,0.193587110067332,0.370528558,0.427558283,0.44616423574105,0.481324468,0.636147069,0.443505143624872,0.455025965,0.602510073,0.303742210141626,0.419105251,0.540088348,0.264692109966659,0.393885657,0.48638407,0.271491410030789,0.426847495,0.468951867,-0.0412817406437726,0.45643132,0.451305684,-0.098258228919777,0.400680582,0.46662334,0.12882676161935,0.311646299,0.417538287,0.279716810819373,0.50700621,0.563247077,0.260176548134593,0.365491576,0.501221896,0.284968918766942,0.428006664,0.526674325,0.294082558998094,0.455938783,0.50350019,0.326725189818726,0.492210312,0.490984895,0.159103486031764,0.324574007,0.405885619,0.264010488273833,0.448864889,0.507755536,0.215749357988873,0.356433824,0.475010164,-0.0681662892483227,0.547492916,0.462533274,-0.0198024140108792,0.413483685,0.337292154,0.156801614952687,0.331836849,0.445758204,0.262753653161855,0.379880022,0.512409622,0.180922281742542,0.304631793,0.468511438,0.537045640501392,0.307779729,0.652872484
"45","SW3407",1,2111420,1,45,0.194350000653643,0.372528595,0.423944862,0.485224345147039,0.484962414,0.642967724,0.452657311751902,0.459515387,0.608641148,0.320894008044096,0.416215147,0.55412844,0.277617198552175,0.396973523,0.504067475,0.295992526881624,0.481567332,0.502035506,-0.0332530202263919,0.465450959,0.415860866,-0.0994928188384862,0.432115949,0.414198512,0.15159132745035,0.314279456,0.4714094,0.305526808990016,0.51909386,0.568478206,0.267757001547668,0.372828679,0.520462326,0.301961428437216,0.452109204,0.545419311,0.309142584035227,0.483434534,0.525926654,0.330168300961469,0.489459695,0.494112854,0.181049700795461,0.293186114,0.431702665,0.279603125022312,0.449378651,0.512796977,0.230514628101003,0.354301993,0.491996416,-0.0659915688953576,0.54782889,0.474622429,-0.0160653182481079,0.402447918,0.342670593,0.186249491722316,0.34874987,0.480496804,0.292069606469728,0.429117563,0.546145128,0.188349730580662,0.293503132,0.48548745,0.555400779796196,0.326065211,0.668064292
"46","ALFABAR",1,2111430,1,46,0.163692908439279,0.364412547,0.419627254,0.478744297848464,0.488098271,0.634202303,0.447287379702352,0.460587937,0.601354642,0.304129566994037,0.405222462,0.553746627,0.258126208375459,0.36653498,0.500638109,0.278113545851492,0.441259555,0.500133245,-0.0542705931808719,0.492160079,0.496668213,-0.143620718786466,0.453474225,0.515255693,0.0802964577722105,0.33972625,0.404353873,0.261118332663042,0.382804677,0.537533977,0.234013530312863,0.314038986,0.524388937,0.283060749031702,0.437526238,0.547885094,0.291172831536484,0.459127905,0.544226953,0.339533620388148,0.529029173,0.516401171,0.131095747778885,0.333863921,0.355693438,0.251107527590512,0.397067932,0.504749204,0.20677774729451,0.301768975,0.494315991,-0.0817630977291284,0.576822001,0.475911549,-0.0798514406211601,0.458966012,0.424938406,0.120649847987317,0.296800472,0.39131932,0.259503540254287,0.37093378,0.520041565,0.193130623992518,0.296317961,0.492911279,0.550643913304652,0.333006467,0.662177942
"47","SW4107",1,2111440,1,47,0.16278720085233,0.381877846,0.434872166,0.480255885574808,0.484464681,0.639408011,0.464574148683278,0.474077598,0.611828428,0.31171206861172,0.414232289,0.552845166,0.254232900297121,0.35900926,0.487711491,0.276935934277455,0.429969593,0.494818349,-0.0489372175571987,0.4785761,0.461370114,-0.125206313120184,0.450569975,0.459998188,0.125785342317115,0.39930102,0.480783988,0.303150241828213,0.406717354,0.55807197,0.25414316420366,0.341127595,0.532446208,0.308905231378108,0.476950226,0.572154987,0.30294548436515,0.463610335,0.562036743,0.338754284200037,0.515670007,0.527476398,0.176646990423474,0.3064354,0.426395685,0.277470226575574,0.438772886,0.514961495,0.215060675699264,0.312074128,0.492827688,-0.076764600686978,0.563403704,0.481062476,-0.0522045683870566,0.443424702,0.363641001,0.160103059752521,0.338341018,0.455532333,0.275421562184512,0.414206689,0.537481411,0.202332662564184,0.304285301,0.501027077,0.561826808891184,0.3388849,0.670258825
"48","NY0651",1,2111450,1,48,0.138254265718392,0.372389822,0.432092199,0.481444711515433,0.494780283,0.642204487,0.481758783613299,0.463113066,0.618843139,0.313430950867447,0.406362858,0.55258493,0.244473544219222,0.339241598,0.48437094,0.273105243036935,0.418950036,0.493645302,-0.0596120827623256,0.443423019,0.466607434,-0.132765366784998,0.42447549,0.442720746,0.116309442999588,0.365673267,0.441399688,0.293800874652641,0.324788286,0.55796111,0.244269456342363,0.318203888,0.543400051,0.299540761986343,0.460555935,0.584877653,0.287570543039926,0.451635267,0.588342255,0.34363915108828,0.519578794,0.552276398,0.162452117940729,0.331669138,0.389288689,0.255794692396636,0.386132399,0.502645484,0.200758941465341,0.304572356,0.484168525,-0.0748148032849509,0.575379062,0.492138023,-0.0784666402769868,0.456770395,0.414724352,0.123464679150576,0.305682712,0.398497519,0.255627074294493,0.361887823,0.519874553,0.206374600933155,0.290529498,0.495842273,0.55644951775733,0.323904899,0.659736389
"49","SW4412Y",1,2111460,1,49,0.146041225511294,0.371214887,0.435115364,0.475559105227329,0.466452424,0.626887802,0.487477784829272,0.449421293,0.602950556,0.313205797356526,0.410958356,0.544679349,0.241658634257274,0.327969393,0.472977523,0.295494891243384,0.444847545,0.519294764,-0.0464651186489514,0.408771535,0.418495206,-0.110937068639932,0.420372549,0.391044908,0.145695029427573,0.375513867,0.480355686,0.327706408313888,0.367069643,0.574129948,0.26233435756261,0.351176586,0.554277615,0.315415748810848,0.48302846,0.592893912,0.301158676838732,0.47109361,0.606437177,0.355683657282787,0.504380585,0.574007072,0.193937027730623,0.308471787,0.43764326,0.297450652383787,0.435420642,0.531044179,0.226701774717497,0.346169036,0.501230717,-0.0643355171875648,0.558748712,0.471905905,-0.0618106378372293,0.463822229,0.370388717,0.183045973808662,0.351626348,0.461656537,0.293386127963049,0.421796068,0.538722835,0.227289561593232,0.328835588,0.5029949,0.575568325027885,0.335263904,0.668526106
"50","SW4602Z",1,2111470,1,50,0.172212876696814,0.331825719,0.451503258,0.484356253621502,0.466847239,0.649450722,0.500263660863238,0.462090459,0.614515176,0.313258515890607,0.429311927,0.545015291,0.253701897673058,0.356054349,0.475723338,0.294861075134891,0.436828054,0.500477084,-0.0552376103208711,0.391964046,0.426086411,-0.128487164964679,0.386120058,0.407970428,0.103085468398987,0.362611917,0.405281752,0.310968106067309,0.355920294,0.568542825,0.249285251315543,0.350790255,0.554634751,0.313409191487266,0.468946135,0.604811212,0.294558753151475,0.461748824,0.615522782,0.342256434630454,0.49363303,0.591845137,0.179805498261653,0.291816812,0.392675105,0.299649165551729,0.430398149,0.536965715,0.225917910641225,0.35792111,0.500125017,-0.0698913884623672,0.557924597,0.485669885,-0.0910908913753055,0.488831445,0.419891324,0.159068107552003,0.332455424,0.421888638,0.281571385460347,0.410477406,0.518121598,0.217591568236154,0.319121382,0.487587685,0.57484024111265,0.325966363,0.661529511
"51","REGEN",1,2111480,1,51,0.19003449727703,0.34200737,0.488511536,0.480456153430221,0.481987103,0.638298809,0.491053392526862,0.446652969,0.611190168,0.301295013231297,0.391008725,0.540009294,0.236315314531828,0.308067475,0.479035868,0.301479323075471,0.428119691,0.54044766,-0.0497857431220512,0.37421453,0.406001351,-0.134259726296445,0.384786528,0.411834598,0.0849338125762626,0.348322585,0.401787779,0.306449161254532,0.290366369,0.582255272,0.225659270841065,0.306355126,0.569528837,0.296641578209177,0.430456047,0.610814631,0.281884808415671,0.46112683,0.613127467,0.361415277837957,0.521820915,0.614265069,0.139207637671177,0.342000558,0.367405165,0.270607830369262,0.359312265,0.531674228,0.194132380958425,0.31030341,0.496723701,-0.0544257612245785,0.562015819,0.457955736,-0.099739545936003,0.499288849,0.438639952,0.142689321077459,0.306125274,0.396242823,0.275956053779459,0.377839753,0.527653139,0.219556844637923,0.2955107,0.495461591,0.582956250708432,0.335320526,0.672381495
"52","ALGONQUIN",2,2112010,2,1,0.27523235853003,0.380403601,0.483936373,0.271804169245434,0.446974076,0.60896823,0.283739086292254,0.461684933,0.597252055,0.253510726152895,0.424572315,0.541604605,0.266556791686793,0.457093692,0.540370245,0.275033242772874,0.470738563,0.53988362,-0.0825155558406646,0.406004662,0.465243725,-0.157106060207598,0.390049336,0.490436907,0.0423584241842705,0.406037422,0.364807522,0.19579296127944,0.218390319,0.464656974,0.198229150801021,0.31632991,0.496749795,0.159505094932925,0.27812132,0.530713643,-0.110940392485201,0.40330959,0.419046442,0.0655634305981339,0.416179085,0.33728061,0.175211970116341,0.337909641,0.394002192,0.257661369426802,0.412530541,0.548518756,0.189778407203666,0.332552011,0.446802545,-0.010930584866336,0.414881149,0.497848477,-0.0110557777750524,0.326926236,0.433641056,0.117141141408271,0.33623769,0.371231747,0.204633237296675,0.325328163,0.413630078,0.135363190309119,0.26811008,0.474473832,0.50678557061733,0.285200166,0.599677545
"53","NY2003",2,2112020,2,2,0.253629199531978,0.360719852,0.452459672,0.272760102009063,0.429228298,0.599795803,0.275804690578969,0.458819658,0.581215924,0.273612199955455,0.457343347,0.539631229,0.292751246583572,0.478576931,0.536932655,0.292984812388566,0.478473236,0.52774039,-0.0788156588080684,0.40621132,0.461717765,-0.155120438353152,0.396225174,0.514295066,0.02464509498704,0.444104104,0.40512277,0.176958788428434,0.25637618,0.40819513,0.212528133763516,0.335257777,0.471498131,0.180663973406664,0.302534655,0.514759391,-0.151469877781774,0.420234807,0.523573151,0.0257009438137129,0.430714383,0.305878781,0.184503912229432,0.340335636,0.377188874,0.256596765056917,0.387741845,0.52326762,0.193571111530583,0.377226791,0.403209361,-0.0105798431722326,0.437074822,0.471787509,-0.0271940559202724,0.304481193,0.449627057,0.097983403502898,0.349198692,0.355606715,0.181343125575188,0.302566647,0.367179874,0.156064858765439,0.307590133,0.476149883,0.504027548413831,0.290264659,0.592583011
"54","SW5210",2,2112030,2,3,0.283694335110432,0.41807178,0.511572191,0.284605179659074,0.449650962,0.597032804,0.275291237129758,0.457977885,0.576045752,0.272579674363595,0.435989482,0.533894974,0.288202445097612,0.460896483,0.529329507,0.292700671963601,0.466500809,0.530991915,-0.0541204562582736,0.417212112,0.445919538,-0.133537958331898,0.425221472,0.479090646,0.112957170089111,0.374462462,0.380479448,0.247946532389942,0.308918086,0.490671972,0.243695024850454,0.382987522,0.500231844,0.22278863606874,0.360579138,0.538367928,-0.160292144954354,0.491430024,0.558664522,0.0683785599979369,0.392015999,0.342026579,0.224101292305646,0.393937199,0.430727422,0.291893843389074,0.413982541,0.54765024,0.210455597743643,0.415086888,0.429428608,-0.0339076856571311,0.527372596,0.500954964,0.00576544918982359,0.336971916,0.37483072,0.218559664885241,0.312283733,0.491441923,0.280376073503649,0.429535307,0.513535114,0.177280200307622,0.286655187,0.454562573,0.540918986609651,0.300391442,0.621754583
"55","SW3407",2,2112040,2,4,0.270275559891799,0.426724088,0.509425265,0.290461331328474,0.459717028,0.607232555,0.285147174399844,0.478530677,0.579477422,0.272670425058852,0.433931034,0.53740305,0.284631364078527,0.467176163,0.524239769,0.290425638369231,0.475477242,0.528209418,-0.0331421715788388,0.419770183,0.42904451,-0.117245353779035,0.428945288,0.44901518,0.124284546768828,0.385628088,0.397958279,0.253180872225884,0.349897292,0.499011753,0.246914170055446,0.393810599,0.494698356,0.227494259153718,0.367104072,0.536285642,-0.170832860702535,0.518205089,0.551948,0.0626778922935301,0.363079739,0.348000871,0.222895287949714,0.389474973,0.424087691,0.286721007144397,0.400557653,0.545793751,0.197325185562242,0.424881807,0.417553985,-0.0344816258558142,0.495544772,0.502780356,0.0175750993335964,0.332766157,0.335374496,0.227131064241212,0.323827945,0.516390898,0.278147126997098,0.434699435,0.524506205,0.176207848946522,0.28144761,0.460820299,0.542891808884331,0.304493327,0.631826572
"56","LIGHTNING_BOLT",2,2112050,2,5,0.225016299742911,0.349270085,0.483641069,0.257703770923352,0.415331395,0.601245638,0.25864010666699,0.437663026,0.568906796,0.245980010478422,0.405894346,0.534865084,0.262913513023721,0.445438372,0.510510326,0.262918204818352,0.459739473,0.524273441,-0.0360129926587888,0.389842301,0.436219759,-0.121504045239836,0.403539207,0.476577441,0.0854073179030985,0.393593847,0.37301102,0.209153611082499,0.27635217,0.469946794,0.225918347062628,0.359037663,0.490174343,0.205498746857271,0.338931056,0.529299859,-0.181093648884391,0.564805163,0.566583777,0.0214381496180156,0.390025708,0.331813943,0.203845163604837,0.370346854,0.419371756,0.265506994658718,0.370624533,0.53583722,0.183475741335362,0.417162961,0.420479045,-0.0351736171014122,0.490252304,0.493484519,-0.0151706719584074,0.34421379,0.341926483,0.192910795979349,0.293079594,0.476764533,0.257998263487962,0.386646497,0.509205258,0.182354096184137,0.306837121,0.456862355,0.53990131782417,0.318405185,0.63464685
"57","N-R-GEE",2,2112060,2,6,0.228705306638391,0.347100397,0.497328258,0.252629424416478,0.426221963,0.57832827,0.252865431420471,0.41601471,0.557555049,0.241137834803332,0.399796276,0.521810577,0.267538525148016,0.442928916,0.495645928,0.252586246384489,0.449151611,0.497099667,-0.0238989476333422,0.392914957,0.424471287,-0.109243953458799,0.386611796,0.480265497,0.0754640289992399,0.402105635,0.378181283,0.195305512473472,0.267118551,0.458949358,0.223078214157926,0.343909346,0.477537391,0.207925938123001,0.334332998,0.526656611,-0.177363792579815,0.575018092,0.553303586,0.0154370536529151,0.389127429,0.32943843,0.199084677333189,0.360890157,0.412439126,0.253558499784988,0.381375905,0.517019817,0.17686132768886,0.403620714,0.414629217,-0.034008564229993,0.471962018,0.507626444,-0.033256135115939,0.34007031,0.392446324,0.170306889733424,0.301372427,0.440802158,0.242802850205052,0.35967454,0.492072136,0.180555830575132,0.305014909,0.448408973,0.538954802035306,0.315727537,0.628781689
"58","SW5210",2,2112070,2,7,0.246129056206336,0.405458646,0.487372091,0.287418057092185,0.490783756,0.602198309,0.285278152489021,0.464570388,0.570693586,0.252124492516211,0.423728195,0.522796785,0.280503242917323,0.464257032,0.489112126,0.279078265022783,0.465117407,0.496160894,-0.0205505596201916,0.394543099,0.435140355,-0.091836405045985,0.388500129,0.459298623,0.0955526734375167,0.381055046,0.376148927,0.226970508106708,0.323140071,0.471756258,0.241312792130508,0.388656891,0.488036456,0.228731103394618,0.370925806,0.527197802,-0.173268237798044,0.572413212,0.546588928,0.0465837324499557,0.359159187,0.334441249,0.221088193668153,0.378261223,0.420342451,0.270121290924963,0.419879242,0.511264024,0.191953375660605,0.422747944,0.431576265,-0.0378772933590085,0.492282688,0.5135123,-0.00931373674292834,0.322710797,0.362717393,0.217601117682024,0.317207815,0.498359596,0.276076893769599,0.40894084,0.522558211,0.201077668002118,0.345553006,0.470339247,0.547594960359508,0.3269597,0.637092452
"59","NY2003",2,2112080,2,8,0.196128618764042,0.368992049,0.397784244,0.29031294269286,0.506685077,0.610044739,0.293373089252895,0.463335139,0.57668723,0.252283532567849,0.450416197,0.522849523,0.283216831661698,0.486108834,0.488343581,0.27289683302187,0.490528104,0.493233073,-0.0405209412182525,0.374580265,0.450539538,-0.112574128886314,0.366474446,0.506902604,-0.000974369877489099,0.457737952,0.381136109,0.143911169639102,0.249258666,0.407697301,0.209158687293024,0.336810118,0.446405342,0.204632788942212,0.33124702,0.500761689,-0.166377935176611,0.529618005,0.55004875,-0.00150353651394234,0.385562913,0.323636416,0.190961829943382,0.360203332,0.389018797,0.235325646872325,0.390000548,0.479326841,0.178825096278468,0.426668787,0.415453954,-0.0263989520488507,0.431714395,0.506787045,-0.044233012480684,0.330732379,0.438235042,0.106573971598823,0.334179533,0.368439807,0.191403091750542,0.312561547,0.420802263,0.183215795962939,0.350824013,0.471338508,0.516055938047987,0.304007944,0.601078321
"60","LIGHTNING_BOLT",2,2112090,2,9,0.189308692488633,0.328696316,0.463860352,0.260505438207008,0.464460316,0.597693195,0.265374624754722,0.420233597,0.575303348,0.232602310260588,0.418228548,0.523158392,0.261748827446023,0.442700752,0.485638016,0.251357089403207,0.446028037,0.478587926,-0.0356740824420123,0.367574083,0.433745155,-0.0834402559264874,0.395845509,0.455200664,0.0613032022821954,0.414193741,0.350276793,0.19768636677745,0.317999941,0.474119722,0.223983014331132,0.361114254,0.482602956,0.221996602338827,0.368605425,0.527732529,-0.190892637270607,0.557393239,0.563582892,-0.0116825667569546,0.405030065,0.327366158,0.194334418627777,0.359505616,0.416348337,0.25649499669656,0.407147558,0.498187571,0.192713234199777,0.410403453,0.438836278,-0.055759038970213,0.477957356,0.499480007,-0.0106499738255161,0.346698382,0.360370846,0.201092050494084,0.297378051,0.4871774,0.249672062530545,0.351083309,0.515286858,0.187872086768037,0.32272192,0.457115487,0.542463016657879,0.314830853,0.635595066
"61","SW3407",2,2112100,2,10,0.218109315955108,0.394220206,0.482633095,0.284400968765296,0.508391163,0.61343335,0.295590563323378,0.46704793,0.586040081,0.256650995638253,0.441170174,0.532264646,0.27781385352028,0.470040607,0.481323942,0.269350436277977,0.469082783,0.480159056,-0.0200220761607096,0.380591559,0.388100215,-0.0555103115778962,0.396640417,0.40649067,0.0943624582478953,0.405475636,0.349690653,0.226070807709196,0.402348347,0.523992412,0.245329502658852,0.392506239,0.485104019,0.239452267684,0.395646293,0.519983241,-0.173168925479555,0.517039242,0.573284828,0.0328304164381174,0.37544643,0.32288031,0.211077599406404,0.372244306,0.424266079,0.259134984702055,0.424158637,0.483753673,0.212442134164004,0.391616573,0.446799205,-0.0467518537105389,0.448595082,0.507131234,0.00549324377225631,0.327706756,0.337597256,0.226735580136654,0.328545567,0.517062778,0.266097237778269,0.37732042,0.527686373,0.185864826618449,0.333734558,0.459409117,0.543174975786724,0.312138582,0.635921519
"62","N-R-GEE",2,2112110,2,11,0.193137215817517,0.334273069,0.489962306,0.267647911649427,0.472585161,0.601324018,0.28519990261801,0.414075216,0.583190108,0.239297689866649,0.412622042,0.526173991,0.257529641960739,0.440296509,0.480204687,0.24390167823334,0.451975848,0.474509959,-0.01582997746513,0.359064282,0.360799169,-0.0537629713023851,0.395265831,0.43118965,0.0577050200437228,0.44225978,0.337992363,0.181399164745322,0.302005098,0.503213582,0.217766836829172,0.336028294,0.469061257,0.200767450291631,0.338764395,0.495209605,-0.168199024283019,0.471797581,0.569987965,-0.00334953534620465,0.393397676,0.328596078,0.196624814791702,0.361427153,0.438823438,0.238308183109879,0.430119534,0.462468806,0.206020611962483,0.366452496,0.456160702,-0.0553303325814006,0.450531485,0.511770277,-0.0225454709328503,0.359691409,0.372251672,0.191419900219633,0.281485607,0.470403677,0.246083963383282,0.336258619,0.511185008,0.178005203308913,0.326919228,0.467685866,0.535316127541157,0.320328008,0.631941143
"63","ALGONQUIN",2,2112120,2,12,0.182767404358362,0.375532929,0.458547722,0.269709724615835,0.478101699,0.61552025,0.295870236039325,0.425483033,0.597228639,0.238169725625923,0.420895049,0.537584254,0.250881370264798,0.452023468,0.475157478,0.245162006383516,0.448418197,0.476690489,-0.00998044185884143,0.35675263,0.324804082,-0.0514249612478746,0.395367211,0.432067996,0.0311301139963618,0.459114194,0.323351266,0.153218401026951,0.255389267,0.466998651,0.207994033575093,0.331898798,0.470413547,0.190824826018278,0.336669951,0.495090619,-0.0593374779967212,0.366793822,0.425069973,0.16547995231121,0.362989688,0.419208569,0.187564992584343,0.324412711,0.435471746,0.212929366979777,0.415630837,0.446480046,0.185198799241384,0.341370313,0.454604881,-0.0527987332708905,0.445330655,0.533496935,-0.0342434111943232,0.362227279,0.413529082,0.133083484186103,0.307931903,0.396975864,0.20625965270364,0.304064206,0.450138015,0.153131979902346,0.314865595,0.463208305,0.510836942846756,0.295503555,0.600272873
"64","BORDER",1,2112121,2,13,0.194451306265751,0.396796053,0.477413462,0.284659691118612,0.478826981,0.609106127,0.301439553919218,0.44215463,0.590571858,0.256024115851045,0.439944834,0.538286862,0.264482296663902,0.456434416,0.474985262,0.274180456764824,0.474360408,0.481805673,-0.00784726492723339,0.375178305,0.329223849,-0.0214337562378222,0.410686757,0.388744937,0.114727341840718,0.419193021,0.386698191,0.218884898877819,0.357319372,0.506393224,0.255020783680884,0.396789973,0.489467787,0.241805547308736,0.409688405,0.510771385,0.255715005616627,0.397963542,0.531074339,0.330102026083855,0.475539552,0.570295091,0.154098789161042,0.269363432,0.388495039,0.215402825811139,0.388347955,0.429779883,0.190550191266924,0.321927127,0.463807674,-0.05467718013895,0.492607745,0.50613576,0.00265419052564661,0.382188326,0.352588118,0.197258611688521,0.299202665,0.488217552,0.261379398673401,0.369522768,0.521342424,0.182435868908284,0.335221705,0.45932354,0.535975486232299,0.310327953,0.632119947
"65","BORDER",1,2112122,2,14,0.184606645066975,0.387853127,0.477156805,0.283957111664801,0.477131471,0.610919788,0.302638460290538,0.451294655,0.5868714,0.261139133071451,0.441328027,0.536312886,0.267956431429729,0.458405461,0.469419764,0.275813944685006,0.482099496,0.484284064,0.00526865854641635,0.363213279,0.31963541,-0.00843218584096236,0.425995889,0.363421932,0.118390064339734,0.415358032,0.383191962,0.223460900395169,0.362935841,0.493171046,0.256661577871233,0.408821344,0.486066356,0.238769311637264,0.415286935,0.499180732,0.298012284586883,0.444053443,0.594092078,0.329685552896304,0.502741176,0.592106754,0.158766171914551,0.294371098,0.403804855,0.216145718330415,0.376788298,0.421086121,0.189441236158388,0.323679258,0.459079372,-0.0598340886197701,0.555256204,0.486880696,-0.0307895531779411,0.426639127,0.39117713,0.187678705349578,0.284886194,0.470825351,0.25657444914982,0.354085461,0.517460733,0.177291412397872,0.310083307,0.455711988,0.527259965066609,0.299107772,0.624702911
"66","BORDER",1,2112123,2,15,0.176399926145535,0.375758906,0.479098149,0.279100086764517,0.462685669,0.604399422,0.299898799882091,0.449110756,0.582611855,0.255410703539019,0.431119525,0.529485088,0.260784959830939,0.446337985,0.466635885,0.265939011070784,0.464593878,0.471894688,0.0101444704731337,0.367081673,0.306356064,-0.00297628372740265,0.418829538,0.367205408,0.130798397168044,0.410092264,0.398453331,0.228845960646113,0.362147674,0.491131712,0.255587844700032,0.411767926,0.4825734,0.237860905299878,0.40635406,0.4930678,0.291975347296716,0.440782628,0.578148237,0.330329360626586,0.491681481,0.598663762,0.17095031969846,0.316102806,0.430349918,0.227258913940675,0.388371241,0.430755138,0.19406902766305,0.342137696,0.46324691,0.00506312819153449,0.507839135,0.44639114,-0.0256731082462501,0.435111715,0.36352421,0.182323133329477,0.275320971,0.458630924,0.253730968791442,0.360344466,0.517443981,0.178667994956006,0.31667566,0.461614015,0.531092792387352,0.300279483,0.627559225
"67","SW5606",2,2112130,2,16,0.191151036223915,0.40488226,0.490722778,0.2934506215444,0.498962668,0.609335711,0.31365806032474,0.465428112,0.582203612,0.258269707544606,0.429687627,0.525823004,0.270263045008112,0.441346246,0.466147093,0.275930870752446,0.479786497,0.478570985,0.00447969484047505,0.384182016,0.333692012,-0.0144712519359683,0.41428126,0.381415943,0.125929500361089,0.404973744,0.388805276,0.23879326305127,0.374825189,0.486619833,0.257884773615467,0.413872733,0.471460035,0.242092482846982,0.394001652,0.482151117,0.292535684576157,0.463227637,0.567090106,0.301979107915498,0.432565287,0.580991285,0.170821562612169,0.309581365,0.418588547,0.235754973274283,0.395719833,0.415840906,0.209285622306326,0.404065898,0.474351826,-0.0477727768715907,0.522867393,0.494771706,-0.0209890093112857,0.407995503,0.371492864,0.193913782498434,0.29699382,0.480460438,0.261837229267276,0.375850942,0.519963458,0.184293943680684,0.328801288,0.467189638,0.530628041155034,0.293223493,0.623259969
"68","ONEIDA_VR",2,2112140,2,17,0.146353480060706,0.296569063,0.479147645,0.243085334363387,0.395189681,0.589404769,0.266774268608933,0.376854687,0.569073179,0.214677992963475,0.385759748,0.514317933,0.232123848920296,0.406835703,0.461404461,0.236549814613544,0.417869014,0.470634522,-0.0216438508342917,0.387425741,0.392205871,-0.0598810694225472,0.44212587,0.482181056,0.0259607980017435,0.485260065,0.361563627,0.156340261673818,0.2298884,0.444479125,0.207736936865447,0.32429084,0.447634984,0.187332077211894,0.32133939,0.456003136,0.246073533653445,0.441005645,0.550761385,0.268978700650741,0.455524473,0.578647785,0.0894479846959716,0.298619235,0.339284227,0.176326510538059,0.286018941,0.366454942,0.161766288542532,0.329613448,0.475420355,-0.0493081456304816,0.543553191,0.484514323,-0.062284505469775,0.446591468,0.430100595,0.115651940651307,0.303561768,0.383912126,0.201005687827778,0.28487395,0.469185531,0.170509008285248,0.314686342,0.470556566,0.524354916191774,0.309309661,0.631095069
"69","LANDER",2,2112150,2,18,0.154601852904993,0.309151486,0.487113666,0.251053041454579,0.417436604,0.596485858,0.274863426505015,0.399442732,0.571883216,0.213555759565453,0.377126582,0.516314385,0.232232578908065,0.403985218,0.464019999,0.224692369025719,0.413321406,0.467348577,-0.00944169475272326,0.378386959,0.365376068,-0.0505056988496796,0.419192441,0.43368074,0.0498383436461071,0.437333911,0.34077136,0.172327993992751,0.241884754,0.466427015,0.213802044648516,0.337447642,0.456180517,0.191542179840839,0.346020411,0.459905245,0.24009015013971,0.429809167,0.536757939,0.232858194975842,0.430890922,0.518099782,0.099512020534623,0.292732776,0.343946326,0.175649366523328,0.306003917,0.379360057,0.160616101463268,0.346090338,0.492128403,-0.0609143182956548,0.538926845,0.518436956,-0.0531040844619824,0.433655181,0.418238902,0.136161723680016,0.283787446,0.400449921,0.202374986463223,0.297277906,0.477441266,0.15445837151613,0.278334492,0.480962599,0.510472561771053,0.292618281,0.620024181
"70","WL_358LH",2,2112160,2,19,0.178869049316596,0.36383225,0.479152326,0.270753380880155,0.458620611,0.602837936,0.28737841447953,0.435641508,0.573473304,0.23496156707689,0.402929933,0.515565899,0.254519750106359,0.430982827,0.458864049,0.234677936705412,0.426433783,0.452059243,-0.00935035329368295,0.375896887,0.366103226,-0.0491568283190571,0.397492607,0.43374367,0.0727755702879657,0.422874349,0.35448154,0.199117708973066,0.29607191,0.469117573,0.233512409924742,0.380621586,0.4557156,0.216927974863718,0.371196461,0.455786708,0.26231852761481,0.447416982,0.511426872,0.222011100757126,0.390169792,0.450331083,0.128619124261799,0.282863276,0.360466098,0.212291030872578,0.341859673,0.395941407,0.190143982227719,0.40156584,0.483342045,-0.0517611794025027,0.527070381,0.514326991,-0.0243006210579567,0.418907139,0.377703293,0.167606433155893,0.292509174,0.4306528,0.222321300501071,0.315768404,0.489372496,0.169480717916911,0.307387856,0.478957355,0.521267764486063,0.300629331,0.629999049
"71","SW4412Y",2,2112170,2,20,0.188641960377763,0.345349076,0.485276011,0.272103248173166,0.484908947,0.602462671,0.291235122016213,0.450315482,0.572205101,0.238324244310083,0.408026895,0.521897528,0.252596903645765,0.42718624,0.463597903,0.231009131212015,0.426790013,0.450093995,-0.0155100215097391,0.40463188,0.405466703,-0.056336560422803,0.391898482,0.43047976,0.0978054927891121,0.383545899,0.392083849,0.211562635981528,0.304961837,0.48932284,0.235413187545788,0.368037261,0.454603301,0.231849458201267,0.376874716,0.465933946,0.274083795999686,0.462246587,0.511500503,0.231847780123437,0.411737026,0.440470414,0.131780525449741,0.265845897,0.373386037,0.232056229197004,0.358922493,0.408431441,0.199251632349934,0.408429456,0.487433789,-0.0633560464851754,0.531989995,0.504883654,-0.0481200093444851,0.425878829,0.416698298,0.174120722619233,0.32261901,0.457273817,0.242838870695293,0.343141696,0.517837118,0.179933479650567,0.31365902,0.484678763,0.526519556749333,0.313987506,0.636627302
"72","GUARDSMAN_II",2,2112180,2,21,0.176060082698674,0.323158723,0.478289558,0.24559493083955,0.464150864,0.604394773,0.28164871798644,0.427280121,0.573462709,0.229374164901139,0.391715423,0.520802344,0.241851262901266,0.421182905,0.457935394,0.201417829211493,0.370341002,0.425779981,-0.0170018777808536,0.394850165,0.407900569,-0.0620249244985169,0.371179092,0.456878857,0.0730837451797528,0.387961899,0.378684277,0.185637111456964,0.255018896,0.472754139,0.214788586133628,0.337305266,0.442321818,0.205901195550768,0.356329814,0.448084105,0.245477739127266,0.431304739,0.489067656,0.225716557853539,0.389692665,0.418876253,0.0960964359160695,0.294795609,0.344180611,0.204683890517959,0.333688442,0.393333858,0.181176673963275,0.381932296,0.480750656,-0.062796691911461,0.536145415,0.523333304,-0.0609592650769057,0.419855868,0.431914444,0.144384067103303,0.30022474,0.405327607,0.213042369794971,0.297880153,0.488301194,0.17209484172306,0.312026769,0.474362483,0.514097291434767,0.299401972,0.623316086
"73","SW315_LH",2,2112190,2,22,0.184105908090941,0.376656731,0.459301752,0.247934554258922,0.478787347,0.607865785,0.301700391826557,0.454572595,0.577825187,0.240117000965306,0.420897194,0.523538706,0.25433892604884,0.448395635,0.463270293,0.211090643624561,0.386122696,0.428562334,-0.0142771917288207,0.381843133,0.3784842,-0.0673730171203814,0.343192758,0.456652119,0.0360608683344926,0.424115131,0.37614363,0.154703069334267,0.236148089,0.431017148,0.202737799109808,0.324320281,0.423115405,0.202918194300988,0.338184085,0.438152824,0.240297924844454,0.459293144,0.481049186,0.250192240135122,0.451715759,0.450685403,0.0617427729279542,0.318039651,0.32703722,0.187842357814967,0.312834137,0.36182071,0.16416931498115,0.359262325,0.472033559,-0.0595184321527335,0.509037061,0.500197474,-0.0671113943790666,0.392954265,0.437069143,0.111202474927322,0.312469271,0.369507782,0.170132416147095,0.302237374,0.399936136,0.14598417562529,0.306831856,0.494485343,0.486860309546069,0.264668081,0.588902438
"74","SEEDWAY_9558",2,2112200,2,23,0.158774756688804,0.313470542,0.462029215,0.216489132308714,0.435960589,0.600431042,0.269669970640063,0.366245775,0.570398559,0.222363079636093,0.385089944,0.52748411,0.238168748725775,0.4188004,0.476604669,0.182695143296258,0.332369713,0.421355559,-0.0149925371749622,0.391765104,0.401426596,-0.0679072335218801,0.362509646,0.468300285,0.0640945310812647,0.382651067,0.378904841,0.166606260630871,0.226531798,0.44997599,0.204657104196961,0.302601703,0.438966245,0.207378273543307,0.336409059,0.458222845,0.235169144940728,0.444452633,0.493069648,0.255088667127601,0.459633059,0.454378215,0.0750026158778084,0.324172136,0.33350005,0.180481003194,0.301142878,0.371620506,0.149931755405043,0.330153738,0.47539872,-0.0567950450462543,0.533426458,0.507305378,-0.0562035472700655,0.37973336,0.412013055,0.150733761570625,0.333238076,0.400867988,0.184635767157735,0.280789276,0.457217595,0.159455080385291,0.286547171,0.469501553,0.505349742667339,0.29649243,0.624180943
"75","LIGHTNING_BOLT",2,2112210,2,24,0.168262893204819,0.311464128,0.468790705,0.234730108489863,0.467050068,0.602373434,0.281032074742503,0.408100546,0.574380577,0.225457345148907,0.399415671,0.526558335,0.240869380404099,0.425134249,0.470932568,0.180661655364993,0.318020238,0.409369555,-0.00714062705718799,0.395895264,0.379749844,-0.043925526584912,0.363670363,0.427878978,0.107696638695331,0.345627232,0.388522854,0.202629588793757,0.28870274,0.482272465,0.217764117797734,0.336464033,0.446802944,0.220528980160561,0.362203668,0.452929206,0.246513456937213,0.45454961,0.485136346,0.249681462569228,0.443931155,0.449388962,0.103160178370372,0.26656901,0.349499216,0.208607802138844,0.354175667,0.398518402,0.171340546720246,0.362224555,0.484487675,-0.0620191328268094,0.551226869,0.497087864,-0.0386710978381242,0.384493973,0.369594485,0.18981747931579,0.395525672,0.469570259,0.212739079696595,0.304144883,0.499828178,0.170475868312624,0.289928525,0.483884782,0.503710754495578,0.308744994,0.629702251
"76","PERSIST_III",2,2112220,2,25,0.169528405561355,0.295116044,0.449926238,0.24609552362533,0.464713717,0.611759968,0.287743499219498,0.41154302,0.589380202,0.240038652912581,0.410469987,0.538282623,0.251926065495942,0.444035477,0.480074779,0.191309707513319,0.323232735,0.417399986,-0.0102067247305509,0.387758231,0.392314608,-0.0473865878440504,0.369318153,0.465023087,0.0706733091968929,0.377868221,0.387315315,0.176173278596306,0.256604271,0.459189454,0.210857530036387,0.32410616,0.446911241,0.219192111679688,0.340847565,0.452523476,0.241611244862727,0.449287009,0.490743993,0.26042596968373,0.454822387,0.462219222,0.0928293650484639,0.304741652,0.355385291,0.198936040581622,0.336541609,0.382327087,0.159330706621723,0.344006133,0.475389572,-0.0603403323515823,0.546601758,0.498728893,-0.0494139344489676,0.379464036,0.398681232,0.161959909793531,0.349946265,0.425542169,0.215135963547998,0.309546836,0.487466213,0.172799642784416,0.295165333,0.481107418,0.511991001250854,0.313676801,0.638243547
"77","EZRA",2,2112230,2,26,0.171382881334538,0.300202076,0.452247601,0.262344754177943,0.488642501,0.608381757,0.294306060146266,0.422548423,0.59049706,0.238195168419199,0.410829885,0.533280266,0.251162811172251,0.426474501,0.477284466,0.187328111943972,0.314394511,0.410548262,-0.00526558149199316,0.396589494,0.387301843,-0.0425512434229059,0.37835014,0.456374718,0.0747150737916276,0.376628103,0.377083146,0.179625041992617,0.25321373,0.460439435,0.215609485223419,0.332742568,0.44742453,0.223651366989536,0.342698892,0.463102301,0.249275372050453,0.45320839,0.497783897,0.267266878727687,0.466045316,0.464163689,0.101636656539846,0.300048859,0.343953447,0.205412997536438,0.348593718,0.394549377,0.158494082212544,0.350544367,0.487338759,-0.0495192940239714,0.544701724,0.497161856,-0.0544257510859574,0.365007174,0.407915368,0.140108363995991,0.32061375,0.385724195,0.201272725162711,0.293605512,0.468812763,0.168595352791169,0.291640274,0.480604391,0.510710564182403,0.306665398,0.630992055
"78","AMERISTAND_427_TQ",2,2112240,2,27,0.175853938688999,0.308487171,0.462050074,0.276411869972833,0.473234395,0.613117191,0.297373840214603,0.419903375,0.592691798,0.24886005752214,0.412707621,0.542414403,0.260902878255761,0.43605078,0.482792922,0.21469835725757,0.349777571,0.451679431,0.00978935289733859,0.396290238,0.377109991,-0.0170141698511961,0.364729347,0.415345387,0.137797459355626,0.323315508,0.430198862,0.231293353892443,0.336972419,0.506545433,0.239310972285604,0.368457133,0.46514266,0.244670941244832,0.367138667,0.47360758,0.268178914129173,0.45003737,0.497647208,0.261125263121189,0.462414388,0.448398765,0.147910435133456,0.278487555,0.40995336,0.244422762597366,0.404317474,0.433224987,0.18365065256406,0.379684306,0.494780051,-0.0532328624522686,0.531658267,0.481649335,-0.0295067612968348,0.362550446,0.352369973,0.180971018769302,0.358980049,0.465689056,0.236119485953264,0.332793172,0.521889324,0.175420116643993,0.292907612,0.481557058,0.511651113288912,0.305553575,0.629683845
"79","REGEN",2,2112250,2,28,0.172468375121594,0.305448204,0.452696224,0.279801044325214,0.483468306,0.609031903,0.29557720471995,0.426076193,0.589468768,0.24675872173109,0.419364736,0.534183758,0.258391324388112,0.432580618,0.477034912,0.214523304973575,0.341061551,0.442109808,-0.00376727029903942,0.407711122,0.395799545,-0.0357252821900655,0.385191985,0.452204719,0.0831954412878324,0.379666979,0.390947291,0.192858322150466,0.266253464,0.476552399,0.22451406791654,0.335824576,0.465880542,0.226544452065078,0.344670449,0.472167995,0.251223111729345,0.438879445,0.501375968,0.277806830843073,0.49336122,0.472063181,0.10581033508844,0.310438631,0.352371008,0.211320663974706,0.354154309,0.395714904,0.164321432429945,0.356484063,0.496011058,-0.0577269969494628,0.554022941,0.509480036,-0.0599643445634242,0.372336285,0.419260047,0.133531207305361,0.320206743,0.38630858,0.199735342715612,0.296415515,0.46680098,0.16349131335131,0.284237715,0.474920666,0.504955126759757,0.307927725,0.627538869
"80","REBOUND_6XT",2,2112260,2,29,0.185690009237442,0.323077313,0.456367044,0.278292968528119,0.492683273,0.612292939,0.292935530657679,0.435500469,0.578378668,0.245190245184193,0.427807227,0.532312223,0.258235238823232,0.437623929,0.468405548,0.222432716527232,0.355929097,0.44657647,0.0145289655626343,0.390670691,0.350331035,0.00967041761908233,0.347703632,0.38662054,0.160168074932434,0.299976126,0.449032241,0.244351167119352,0.370988247,0.514005602,0.25201784171821,0.383945604,0.471942384,0.257308155612915,0.39935642,0.480214324,0.280289407647066,0.452960269,0.497346927,0.283715089134962,0.481924183,0.461214234,0.173404925496714,0.337564307,0.442884147,0.242237373150136,0.404619066,0.422603716,0.189430042458792,0.38990321,0.487037247,-0.0455336097335605,0.548851467,0.480634917,0.00127802211687541,0.347002609,0.323520518,0.208767171597632,0.403665814,0.508544094,0.244171359103114,0.368032641,0.533774845,0.167917499902958,0.288893645,0.484859841,0.516181801193439,0.303018612,0.634082244
"81","SW4107",2,2112270,2,30,0.168852271753623,0.289530171,0.473098897,0.277304557681202,0.500374331,0.612859297,0.29708919001688,0.427773153,0.589091101,0.251489721066219,0.434890268,0.531094022,0.2658947140751,0.440518934,0.479465588,0.235523347280063,0.364375083,0.460555092,0.000678024160217389,0.405276687,0.379985214,-0.00790380533858451,0.365629032,0.425097565,0.147641659737437,0.323748944,0.427493702,0.235493799838981,0.329253331,0.51219095,0.249938158416514,0.370474832,0.478829415,0.250790759745586,0.377426201,0.477437454,0.277433540813265,0.445054504,0.500143686,0.27952795534715,0.468873698,0.456351363,0.162522349982285,0.323557789,0.429943268,0.237767670599892,0.397960456,0.421883839,0.188126434449691,0.39043653,0.499548427,-0.0313399213996511,0.545475417,0.475708316,-0.0143896268774657,0.347132993,0.348154581,0.194872028588582,0.372306181,0.481143247,0.235924392810177,0.352245874,0.522892,0.161604504442104,0.277579258,0.496233581,0.518022081235946,0.309098611,0.635663278
"82","FSG_421LH",2,2112280,2,31,0.190527572007507,0.325850438,0.415505355,0.296115875581979,0.50574884,0.626278217,0.314078288822653,0.474413555,0.588634166,0.261028733556565,0.445039725,0.530309558,0.278686369672332,0.454207904,0.467005435,0.258844601027408,0.424017356,0.456059392,-0.0113359742349038,0.42031065,0.369295033,-0.0292303481418445,0.379846616,0.443399747,0.0753754333702545,0.388266341,0.386787322,0.198496593583136,0.338315326,0.451428127,0.239681035628101,0.370978897,0.456687022,0.239358301093461,0.364536738,0.450961718,0.281075971750458,0.473118757,0.498792247,0.295278932535697,0.514613508,0.471702687,0.1162469065414,0.298116372,0.358332432,0.207924115882041,0.331449268,0.377044319,0.175764422357047,0.389572153,0.485592214,-0.0306885662887083,0.541833417,0.474758331,-0.0411091140104386,0.361834463,0.369332773,0.133664060980362,0.32105773,0.379925718,0.193118339588508,0.302963905,0.439092684,0.154425488765076,0.301247743,0.492577586,0.509187321435059,0.289420072,0.620514513
"83","55V50",2,2112290,2,32,0.188419843210632,0.30013211,0.45672093,0.289662594779307,0.505838305,0.620826875,0.305725014163467,0.442122322,0.588705019,0.256178970770895,0.440271355,0.530287732,0.264672116899401,0.446755824,0.471229589,0.234815153188104,0.386804516,0.456668752,-0.0162482568150807,0.432226516,0.385808167,-0.0256278093334296,0.377176792,0.440730151,0.119188539870227,0.338522849,0.410101939,0.214596622036318,0.34434233,0.480062544,0.238388248716999,0.353989535,0.462372952,0.23817037785309,0.367001168,0.458910986,0.261468576642784,0.438585913,0.492472405,0.267153744193726,0.45631358,0.448269281,0.129490305037822,0.291893113,0.368955965,0.202737981543277,0.337490946,0.388125291,0.171450578481695,0.364448007,0.490227877,-0.0167034583771703,0.541177252,0.453518567,-0.0219542643783509,0.339941604,0.335295124,0.170100209367735,0.340385107,0.432407201,0.222893853909636,0.328056228,0.499619247,0.154253679357381,0.268229726,0.48582095,0.509344190589085,0.298859461,0.628754376
"84","ONEIDA_ULTRA",2,2112300,2,33,0.16633325917281,0.299970449,0.454355126,0.264561682141534,0.467757787,0.606037144,0.281596447248944,0.395447817,0.578549557,0.234767353235358,0.399425888,0.525739614,0.241708432668598,0.410686144,0.468362245,0.212321317602397,0.354571643,0.455315984,-0.00735526115081879,0.429174228,0.38123234,-0.0334325038601158,0.369677956,0.440362251,0.0830126565816457,0.386391953,0.404440376,0.185065109355628,0.28235383,0.473929424,0.213427433679161,0.316468212,0.460705656,0.213137617956808,0.345873495,0.457355335,0.234355114080522,0.424488309,0.497433044,0.268109224063992,0.469721714,0.470025127,0.102268613604234,0.30752927,0.346690719,0.173929141702966,0.310805716,0.373330114,0.142073398188773,0.323302754,0.493270549,-0.0312044240145561,0.549717943,0.480975014,-0.0481662554958773,0.33701974,0.380594667,0.130191517937457,0.317695032,0.381589956,0.189538439265933,0.298831922,0.461315592,0.136215200856052,0.264320972,0.473920679,0.503536720876751,0.300197646,0.627961945
"85","N-R-GEE",2,2112310,2,34,0.169203840501564,0.293462213,0.457187994,0.270191245313043,0.455151088,0.603347516,0.2862129628129,0.383044352,0.577841351,0.248077334650725,0.422118999,0.52628067,0.256818151734161,0.424989696,0.481470023,0.227396007844644,0.370383864,0.47223066,-0.0166488429363318,0.441345089,0.399505937,-0.052332798877981,0.390660183,0.440919513,0.100759779424987,0.36236229,0.409349911,0.197703065676272,0.295702281,0.482433862,0.222754332476721,0.323466851,0.46057087,0.226945580889953,0.354184084,0.464123991,0.248003327252408,0.43665882,0.493535658,0.281960081165583,0.476415977,0.465079884,0.126553531646879,0.299433774,0.384253577,0.190869667340426,0.339570188,0.392584845,0.160472068800579,0.340641117,0.511709965,-0.0314640667041642,0.553798796,0.462416576,-0.0479789276382807,0.337104382,0.356793274,0.157353337342132,0.321933841,0.420612818,0.205242640729435,0.300279346,0.484119684,0.14597019109872,0.267352011,0.462673311,0.507406970535599,0.312201536,0.629978846
"86","FSG_415BR",2,2112320,2,35,0.177041785832593,0.294175155,0.452979998,0.285380233538865,0.488295841,0.614849944,0.298159955273676,0.42256439,0.591274808,0.254677412761535,0.435205822,0.53219314,0.256981301294404,0.440880657,0.478868919,0.230912638322322,0.384853842,0.472304632,-0.0125081687312957,0.423431242,0.380617594,-0.0642557582941526,0.399666696,0.422957072,0.093624483365239,0.376022225,0.410361056,0.20161742035276,0.311062944,0.482156863,0.220256584164212,0.32931613,0.45836324,0.231188536789871,0.370461733,0.446073566,0.236577752327748,0.448967439,0.493358996,0.275638159129253,0.478992738,0.464504139,0.125585381890601,0.286343165,0.378144395,0.193568386293781,0.37083256,0.401630341,0.165022143873624,0.348693488,0.507481879,-0.0355800241654863,0.563375981,0.475295992,-0.0513777347516977,0.335705569,0.375047082,0.164182329251598,0.330072846,0.43042531,0.214392672661327,0.311827038,0.487294951,0.143753941811256,0.259467271,0.473747668,0.510722786237416,0.309374901,0.631205738
"87","NY2003",2,2112330,2,36,0.167421571647767,0.327848613,0.413770106,0.295248687874467,0.50444306,0.612759402,0.304753068563929,0.449906948,0.578944869,0.267905807112608,0.454874078,0.531113809,0.272090868002721,0.464383241,0.471702022,0.240737740136648,0.394005056,0.470863733,-0.0130745521671497,0.431905206,0.375663333,-0.0909195818242575,0.424441493,0.444500474,0.0462256042112675,0.415000883,0.396754039,0.154667683219718,0.288660946,0.434030056,0.215230191730502,0.333071819,0.435617273,0.234766774990121,0.354075391,0.417963801,0.228586688442238,0.442581286,0.467087203,0.292385813642752,0.503359834,0.471998857,0.0956666725135631,0.306053876,0.337035778,0.174516609151282,0.293774869,0.337812044,0.165012327821578,0.35917956,0.463343323,-0.00309353347530479,0.536326978,0.403769876,-0.0549168980027721,0.342952503,0.402383314,0.0928873553825913,0.332428109,0.350462772,0.142106993561884,0.283088586,0.36318178,0.116511317594811,0.257357182,0.472666962,0.476126857939971,0.260170147,0.579182572
"88","NY0651",2,2112340,2,37,0.176050413731505,0.305925955,0.462257944,0.29105510896655,0.498510922,0.618384239,0.300622806791389,0.424055578,0.593612788,0.263255947962418,0.433569078,0.540224927,0.263554909574577,0.439693579,0.485307595,0.228268231452119,0.370836572,0.467053863,-0.00874885395873019,0.432202862,0.393496306,-0.0803403837070277,0.430671167,0.425909515,0.116850673531816,0.36260196,0.421555994,0.210378282889621,0.289439479,0.49890119,0.227532657562188,0.333921109,0.469488126,0.236669968423508,0.373093562,0.445623788,0.208353574024492,0.423067149,0.474532786,0.268665316393177,0.434832109,0.444003159,0.139756296694978,0.28467698,0.400088533,0.197201889702741,0.364761494,0.417418598,0.163817196785323,0.341213642,0.503218364,-0.0335420626825887,0.554062963,0.447350886,-0.0663374606360295,0.357235772,0.370863097,0.166146704438217,0.348845766,0.453718666,0.212193514330182,0.303014023,0.489622779,0.145880117128569,0.242297465,0.466979774,0.506952082513138,0.304571641,0.628371351
"89","NY1517",2,2112350,2,38,0.176481807020492,0.302836879,0.455467193,0.301520373631648,0.491269483,0.616118047,0.305822326235924,0.435817441,0.589225087,0.258387331569515,0.421048456,0.528948839,0.256136925777957,0.429848789,0.473334725,0.228028683051455,0.377464491,0.463120452,-0.0133558227172748,0.442691434,0.400982307,-0.0915658771300795,0.444240987,0.462791429,0.0685666374008876,0.397519329,0.409042599,0.185429848428673,0.28034888,0.466512976,0.222670797261502,0.334222222,0.4473455,0.216633126938412,0.342067921,0.431055328,0.198540260405185,0.403413179,0.452603155,0.301069518116948,0.505450254,0.481659985,0.106023899060548,0.31841485,0.35723291,0.187346175981875,0.317627149,0.392603806,0.165930250436183,0.349322641,0.482585262,-0.0302850198317417,0.551069514,0.440184023,-0.0913193187728005,0.364145682,0.421636076,0.125671452100666,0.342002554,0.388477757,0.190567341317946,0.293496216,0.429537441,0.142300695650452,0.255079825,0.473341481,0.504668906140183,0.303179122,0.62174413
"90","SW3407",2,2112360,2,39,0.197411945019511,0.299067001,0.479227267,0.319833235086903,0.516148457,0.624118259,0.317196743450827,0.458634002,0.588394599,0.271744535123113,0.442599538,0.54000045,0.278458328390764,0.459582975,0.475892179,0.249330859748461,0.424561052,0.457321959,-0.00807561416082007,0.427101185,0.372581181,-0.0639468866275285,0.430667457,0.389155914,0.14772893561136,0.293157971,0.428601971,0.252658110649729,0.371886384,0.506241904,0.252798233092948,0.377624748,0.465530217,0.24794467490314,0.397468131,0.453598258,0.218983359360519,0.395884179,0.449041431,0.294537967383228,0.493150182,0.469902106,0.168381333471831,0.298390958,0.425881758,0.220817488568209,0.39883059,0.421684819,0.195250173636386,0.402080429,0.508378491,-0.0264289495935012,0.550660825,0.443898964,-0.0522746449152835,0.352153842,0.354708316,0.195863030797969,0.365853329,0.504589863,0.239685774613059,0.328403116,0.500883984,0.170645234868834,0.278959691,0.476685951,0.511610737876667,0.304232411,0.631208738
"91","ALFABAR",2,2112370,2,40,0.168795459076702,0.291829341,0.46155785,0.287532454278881,0.475977522,0.609548825,0.294433735287017,0.388939774,0.581313905,0.263874534930353,0.422808809,0.543771811,0.267608307419452,0.432599406,0.488628817,0.230001007289984,0.363684575,0.463645713,-0.0204351221450609,0.434622706,0.410824363,-0.0835176781210553,0.463029733,0.446023465,0.101190405571311,0.381309418,0.414944139,0.214722040354361,0.28261675,0.496788197,0.229851072096636,0.338992502,0.469392298,0.223763876199967,0.359047499,0.451976825,0.185866945628195,0.334432751,0.440375093,0.282885809984273,0.472445691,0.459890005,0.134226188968008,0.307666185,0.385969151,0.184457900479199,0.337273904,0.391837315,0.163362378288663,0.345792822,0.488868658,-0.0240951287338743,0.542582902,0.462544402,-0.0665309476312168,0.366181171,0.40243754,0.128656567256841,0.304273269,0.415175377,0.196781556859935,0.292700885,0.452818257,0.168744439342323,0.2769526,0.471789212,0.497270504452029,0.276326445,0.620558526
"92","SW5210",2,2112380,2,41,0.209087319264698,0.316214133,0.47488875,0.32135917011653,0.513158027,0.621339295,0.318920366018619,0.452119344,0.585779773,0.281431608092282,0.436824731,0.541920216,0.283284565800642,0.451503326,0.481212817,0.253771604411236,0.401592885,0.468130655,-0.0235183007626707,0.434122824,0.402798211,-0.0795053895648892,0.46259377,0.43822976,0.136994339653217,0.313752362,0.428809986,0.253212091662456,0.360825515,0.505511093,0.255573113457484,0.387402565,0.469640849,0.247092660044235,0.391865139,0.457291891,0.220685096193435,0.402307609,0.455567138,0.294359139205414,0.469352651,0.46188337,0.158482298199735,0.296910186,0.410762115,0.219245696010524,0.400041536,0.419949058,0.191931083616039,0.390051895,0.50200449,-0.023481809790758,0.545949434,0.469299918,-0.0424094142995843,0.343076678,0.372547006,0.161745892541176,0.319021625,0.464616506,0.22106608293082,0.323580411,0.470927463,0.183625737232284,0.283835298,0.489081417,0.506061741098055,0.285370315,0.622653413
"93","SEEDWAY_9558_SBR",2,2112390,2,42,0.18011529232527,0.296810531,0.453758654,0.304417929614889,0.488914642,0.602009459,0.305440777476707,0.428986182,0.576934372,0.264989875477174,0.430448802,0.533504921,0.259799781861508,0.424396331,0.473996609,0.21781702170894,0.351910623,0.432769759,-0.0344561740833918,0.451735117,0.413878794,-0.0931490807528338,0.455067265,0.452783759,0.101021768888703,0.375328632,0.42258367,0.223055475006089,0.305348065,0.495421576,0.236884677108996,0.350567524,0.464589537,0.221587133491995,0.352444412,0.455273439,0.209331533078778,0.372623011,0.457777528,0.293910879018935,0.487087682,0.467504554,0.128309993652039,0.298974982,0.376398043,0.195106228218702,0.37251764,0.406779546,0.169787972021707,0.354462585,0.49908306,-0.0399144594612002,0.544232003,0.456399954,-0.0791042662532716,0.384918452,0.407489734,0.122910944870135,0.296823292,0.411043301,0.196910746294382,0.302364029,0.446253253,0.184150140989753,0.28140148,0.487014817,0.501048205052264,0.2887585,0.621548684
"94","WL_349HQ",2,2112400,2,43,0.186340241986964,0.320326189,0.474759103,0.309153918078467,0.496454699,0.613403704,0.312444236091098,0.425545432,0.580904164,0.265353904115505,0.420557354,0.538139204,0.266523027971211,0.435122125,0.473134212,0.21836488027134,0.362651261,0.437688859,-0.0233858592597689,0.434015465,0.364972823,-0.0542128381599974,0.397313404,0.353802314,0.184039771714674,0.232523754,0.479129718,0.269302948217068,0.396575519,0.515763639,0.258895882322015,0.377488471,0.475529297,0.245544901127852,0.389420384,0.468953291,0.216757569280474,0.36595213,0.452791788,0.276209306733433,0.442648511,0.44451968,0.184178111207744,0.309531705,0.463661183,0.228184652466111,0.420975358,0.426283447,0.186388682416972,0.384983244,0.487084146,-0.0390583343124548,0.551219769,0.456351954,-0.0272456346014281,0.330252796,0.348946949,0.168431478812882,0.351161437,0.510934802,0.228946188657424,0.35356325,0.497451884,0.200333690153165,0.291565203,0.479487233,0.508442762518178,0.290681437,0.626505388
"95","ALGONQUIN",2,2112410,2,44,0.191703669754544,0.3798924,0.443104662,0.317347062897214,0.505321633,0.61874722,0.322156645681422,0.438656278,0.589696785,0.261431336736807,0.425878755,0.547777928,0.266750447636323,0.451003279,0.486561966,0.230097911686575,0.367460236,0.466953967,-0.0724625348839265,0.481441239,0.442631893,-0.127396722967875,0.412633618,0.494543327,0.0770040409060337,0.401553626,0.408711698,0.193397282682367,0.281470662,0.473373349,0.220110670540162,0.31943281,0.472173653,0.210241066193488,0.339805597,0.464194498,0.223527416125414,0.415066126,0.494584394,0.299945910469955,0.493933597,0.483218556,0.104115395783615,0.317799119,0.358570659,0.175076790516568,0.329648854,0.357475517,0.155676180762588,0.346066235,0.448064045,-0.0383988198092685,0.573743627,0.454977124,-0.0600689381976701,0.331876295,0.38721186,0.0739017021822478,0.295322691,0.359383828,0.141960879696511,0.272418301,0.371986416,0.160484819268217,0.244310333,0.489735725,0.480178957733742,0.245377757,0.578863013
"96","PLUSS_III",2,2112420,2,45,0.196217160606048,0.362288298,0.478613454,0.306523444420052,0.486761865,0.609288622,0.31103040815727,0.428745038,0.585151312,0.270538162386342,0.430732176,0.53742093,0.272613539843667,0.441714882,0.480001565,0.241315995356843,0.382495593,0.476418457,-0.0735071772383206,0.476338266,0.410901397,-0.110408171301415,0.413425587,0.416294278,0.150995789499912,0.300361859,0.445147072,0.250893142411982,0.381129341,0.511318157,0.250311822684124,0.371033925,0.471658773,0.247446718358949,0.379061266,0.477000168,0.26050218580805,0.43194238,0.497921016,0.300870942415343,0.481777778,0.461790269,0.156306329696042,0.301376874,0.425862191,0.229222703814109,0.404454231,0.429862465,0.183973924135469,0.372896339,0.467280138,-0.0350816115355659,0.545596069,0.436104319,-0.0278170124203228,0.320906842,0.33905226,0.163578762056381,0.337141539,0.490642961,0.219111119061101,0.322380018,0.479310303,0.204327109085847,0.288031818,0.473960528,0.514891919518911,0.288048651,0.632370271
"97","SW4602Z",2,2112430,2,46,0.206985564039584,0.419135899,0.454520697,0.317592335340961,0.507541499,0.616641507,0.332465384760264,0.468248991,0.583078744,0.27423540566673,0.439243182,0.54004207,0.282068199827278,0.455678623,0.477658537,0.243405292678989,0.382692576,0.447049661,-0.0826760730083902,0.485208889,0.439496105,-0.134793132882641,0.404996996,0.473313567,0.107783302993741,0.371599364,0.401403068,0.233326287474795,0.401506973,0.486032191,0.246592025493664,0.376857685,0.470929676,0.245302758654051,0.381240816,0.463662847,0.268374551917362,0.450041812,0.499609561,0.303713943396986,0.492487436,0.461441975,0.139877169952952,0.310458889,0.383684732,0.24403648737255,0.397391671,0.445883586,0.187350353845752,0.368566757,0.472459431,-0.054195245246894,0.576896969,0.469425841,-0.0628928383594285,0.324534052,0.383839177,0.125162710976063,0.304856161,0.414927414,0.203513904271087,0.326604365,0.442026608,0.200700204005392,0.298502474,0.47885792,0.512724857883646,0.283431813,0.628336057
"98","NY0465",2,2112440,2,47,0.186346747245028,0.354930642,0.473555631,0.305053133586658,0.494223512,0.621193453,0.325322622807663,0.435964425,0.590727758,0.263626512975366,0.415872009,0.542343797,0.263510951744067,0.426922482,0.48507804,0.212454301762836,0.349802772,0.44970509,-0.114325653779476,0.483267708,0.472419454,-0.163326332522172,0.426376977,0.516664611,0.0791350226367727,0.42987351,0.401286741,0.203415894491012,0.319967246,0.485910364,0.220958833659715,0.31481606,0.471721359,0.218054633810402,0.33046817,0.466596998,0.236985743267756,0.407689922,0.51575709,0.271343032499942,0.458319774,0.463948467,0.0966736776744862,0.346739385,0.35890598,0.218960115985309,0.387273337,0.460592288,0.154426380915004,0.270830284,0.464048996,-0.0472786670969292,0.572649953,0.462792734,-0.0642210945080134,0.329131747,0.402602121,0.100805519297176,0.280964409,0.386797746,0.213574168374361,0.314291011,0.465236506,0.208216156789801,0.279513346,0.475962445,0.522522985785717,0.309640248,0.643835
"99","VERNAL",2,2112450,2,48,0.178784770672886,0.340295686,0.479867984,0.276922223186871,0.467396516,0.603488518,0.302917967951549,0.405288311,0.573078893,0.246239986352209,0.390099089,0.531881933,0.251806379902742,0.417352087,0.482936906,0.20279264838202,0.352505166,0.449720542,-0.145865740500901,0.453472915,0.501239293,-0.190366284962415,0.435465124,0.54177017,0.0456600904947183,0.460288995,0.377396111,0.17335138409291,0.281589673,0.46192803,0.193424969291994,0.28799931,0.460453223,0.200342359770636,0.324906988,0.468394982,0.207696728745851,0.385451702,0.531438954,0.281495805867901,0.461986638,0.4759939,0.0758441962514778,0.366456354,0.336228511,0.1851480772927,0.343123352,0.417683618,0.13883185548058,0.279990097,0.437949685,-0.0643711485048681,0.578822375,0.475960991,-0.0950980721354357,0.360872243,0.450202958,0.0407524232837741,0.273570968,0.320880046,0.166785661965303,0.291259708,0.391372886,0.168037213935778,0.238851715,0.451697714,0.506147992564865,0.288534316,0.618235348
"100","NY1615",2,2112460,2,49,0.201484761502764,0.337203912,0.508360711,0.293387391956939,0.473954264,0.590421685,0.320282408845653,0.407722118,0.568506282,0.264057266619764,0.41205995,0.533776426,0.267306306611382,0.42321673,0.483400026,0.202081610941498,0.347981756,0.441916928,-0.151109944048723,0.435256596,0.486510821,-0.181330939331227,0.432231723,0.51992189,0.0817743862157275,0.418826099,0.40358262,0.222342977575711,0.31162302,0.503164377,0.212349727076141,0.345518832,0.483563222,0.236047944016067,0.379801732,0.517616406,0.256179028168794,0.440719501,0.542390874,0.301615348283061,0.475562092,0.475309804,0.119828238887634,0.340860429,0.384338327,0.240498821451435,0.403114418,0.476048795,0.181511902451174,0.288224549,0.462768185,-0.0594501795895793,0.584043528,0.470127494,-0.0860124216794331,0.382246244,0.421392503,0.107189866710146,0.27254481,0.398175738,0.234302024113919,0.320234688,0.485656089,0.212142412518261,0.28148741,0.468953897,0.540154419369067,0.325718239,0.652698142
"101","NY1614",2,2112470,2,50,0.199559293812445,0.312988313,0.502194439,0.284882765689675,0.47383347,0.596758966,0.318449457969516,0.395377343,0.573469114,0.256886897022204,0.395052363,0.536416197,0.25119038427771,0.399741055,0.472253902,0.209474199238078,0.352256039,0.465297972,-0.160150739741896,0.432737119,0.495661556,-0.192880441683474,0.390956831,0.52890623,0.0523553648952158,0.431498431,0.389820771,0.215741308785316,0.277866999,0.510978762,0.200853117901858,0.359678352,0.494723368,0.239742419299173,0.388993632,0.557285906,0.243562281484495,0.426480657,0.565565312,0.297748363501984,0.464742629,0.488695861,0.110419808722085,0.34273424,0.381201003,0.222202943306704,0.384666919,0.47761934,0.167149318055891,0.301289233,0.457597168,-0.067231347639633,0.581358151,0.461851144,-0.113149640026833,0.40638375,0.449879769,0.0898001097197761,0.282723281,0.375104273,0.236598428504169,0.309579766,0.492458869,0.216289970537643,0.301012018,0.457900602,0.553215026040776,0.326694643,0.653767935
"102","HI-GEST_360",2,2112480,2,51,0.222080735444678,0.350569621,0.520583444,0.2909135209772,0.468829524,0.587838072,0.330251241917944,0.41735891,0.579147939,0.27870671360925,0.396975734,0.541285403,0.275969372515749,0.402081475,0.466456763,0.259887342839596,0.389247988,0.48799272,-0.154609823045562,0.413782156,0.462318881,-0.174836992716497,0.389938365,0.46451406,0.10845112407521,0.328705818,0.428648756,0.273384562446044,0.355894802,0.546526166,0.219234217139557,0.414217584,0.5071675,0.27773314460556,0.436010199,0.591944863,0.273224953214348,0.455706004,0.592077258,0.344799561357303,0.511455192,0.54179114,0.146125965689778,0.310503401,0.411163747,0.258742381507845,0.395857561,0.516266017,0.200535903591487,0.307665412,0.467437099,-0.0613521803204703,0.563561254,0.450903081,-0.0886115610033569,0.405257788,0.384280165,0.164125165209852,0.308684973,0.45816071,0.282429966488178,0.366253526,0.515337173,0.235801001472727,0.340864455,0.44627582,0.567413825856327,0.319562867,0.646644137
"103","NY2003",3,2113010,3,1,0.145273297145165,0.500639189,0.265265485,0.286938720547554,0.512622498,0.637943747,0.331357256437555,0.504578439,0.603042863,0.285368387295302,0.45688348,0.55634017,0.287757452769274,0.473181862,0.528745011,0.287167862535458,0.484624631,0.500184649,-0.173543877053451,0.382398733,0.517142428,-0.199209189145011,0.381079235,0.543698007,-0.00489772034996252,0.359171792,0.381471953,0.170193327888837,0.283019578,0.410310791,0.228049020443379,0.283187626,0.472603876,0.222850213045524,0.345330162,0.502846543,0.216745926888127,0.393473356,0.560707699,-0.0618376208432871,0.426445944,0.369715061,0.186929631884594,0.336755552,0.417630696,0.246426896338451,0.391839254,0.524723655,0.205549660750668,0.421589391,0.4275593,-0.0182422410233324,0.507551172,0.479011984,-0.049466856429927,0.340055879,0.433472275,0.086242881172549,0.298901661,0.317348984,0.206924546710503,0.321059809,0.399052192,0.199198020931133,0.344529079,0.482777438,0.544820374933557,0.320724672,0.618539384
"104","LIGHTNING_BOLT",3,2113020,3,2,0.26094245510129,0.325593769,0.436857414,0.255163054490461,0.457837064,0.62556572,0.294140801666207,0.446845734,0.586555794,0.269192747282834,0.422930509,0.559332582,0.273607374882047,0.439405616,0.534608356,0.272772913345877,0.456377288,0.499170948,-0.171001349981321,0.396273239,0.50231885,-0.173528249505196,0.415334529,0.492997266,0.0754441368420022,0.258802114,0.380740777,0.20714143547882,0.274954426,0.475538808,0.233718846495849,0.291340808,0.484658962,0.226835803392086,0.372150327,0.509141306,0.218298812510626,0.382119258,0.562286068,-0.0984089804039591,0.498977342,0.503368046,0.192950653941801,0.361397735,0.445903056,0.240624409859188,0.391765316,0.520763568,0.196995416854128,0.393513469,0.438182006,-0.0201205690521058,0.52993615,0.463356165,-0.0165133254387815,0.379012187,0.347766289,0.175569731577542,0.293543741,0.463105951,0.256548132353095,0.380091216,0.501893092,0.199971947927026,0.317276588,0.47542211,0.561784347796889,0.337772056,0.639498883
"105","SW5210",3,2113030,3,3,0.320958534838345,0.31704985,0.499378398,0.278583105308505,0.504078431,0.633178892,0.309097592401519,0.479189781,0.592707282,0.282220768141893,0.439946333,0.554135336,0.285620089368301,0.452473545,0.525362897,0.285708378064287,0.466458258,0.483019943,-0.164306912934078,0.394549684,0.480198575,-0.15851007519798,0.418765831,0.479525876,0.094159363855073,0.257964489,0.387996981,0.220870395366987,0.294387385,0.479214352,0.250245574024444,0.336585915,0.479121297,0.235449895831311,0.400358309,0.492686441,0.230400706794331,0.382690112,0.547333181,-0.09140918204725,0.493231663,0.511901235,0.224010157084458,0.400951557,0.46383305,0.255029055368608,0.412547029,0.505916337,0.225454935912573,0.430660632,0.445326149,-0.0220040226396815,0.533480731,0.476298884,0.00724266267350668,0.353520099,0.343383926,0.204979399939691,0.327954239,0.479987594,0.269581326140557,0.399510991,0.505014909,0.211135712739833,0.344960284,0.474577511,0.540478169643555,0.320409019,0.611465004
"106","N-R-GEE",3,2113040,3,4,0.290605854717223,0.279616592,0.499042495,0.261652494511638,0.46385641,0.611155024,0.295592443384518,0.459299525,0.590141331,0.266303290698011,0.410110032,0.550052467,0.266718172086779,0.427518108,0.515724186,0.259658682859598,0.460473419,0.477651451,-0.15851539842929,0.380374523,0.455469419,-0.150496436458985,0.400839026,0.49195098,0.0621334889167088,0.276551302,0.36252274,0.181062549915396,0.264619477,0.455683903,0.228112794432763,0.300138692,0.472664712,0.204480009071206,0.358511766,0.470154826,0.205499525319821,0.373808563,0.551835036,-0.0950124433792068,0.488466299,0.496547831,0.182788705758887,0.346964881,0.409080413,0.22160862104988,0.3422106,0.481105082,0.201458954514872,0.394834065,0.445168171,-0.00489374116423479,0.518045326,0.469504909,-0.00137553605932053,0.318743053,0.373281881,0.150900290005867,0.259644319,0.415436083,0.221641628153333,0.320529969,0.47059992,0.191619527010372,0.323601721,0.47737883,0.51709285992825,0.314144853,0.605300555
"107","ALGONQUIN",3,2113050,3,5,0.276015279109287,0.338235004,0.476044274,0.267765211257797,0.504432518,0.634325552,0.306538397099779,0.482731252,0.604058541,0.264739312444109,0.428087146,0.564812411,0.261575948618987,0.448408678,0.523874962,0.262394304899619,0.459908437,0.482333063,-0.145185176174172,0.37109792,0.445227604,-0.14038160187895,0.379526724,0.516334915,0.0109919547145524,0.348750141,0.349504371,0.133984086015803,0.349696175,0.405505313,0.198635521034659,0.269914721,0.460012563,0.17830984553616,0.321519284,0.460763226,0.198092628628804,0.370162548,0.561978861,-0.114692922995553,0.4977374,0.505515033,0.154942487086897,0.312755235,0.36324408,0.195622051865026,0.287995677,0.465819943,0.193608698923071,0.383895839,0.433643626,-0.0157171206530935,0.523315504,0.464946056,-0.0231226135070595,0.306481579,0.430026093,0.0749062454860573,0.318947288,0.364081297,0.162823976383681,0.286343274,0.392626881,0.17128221675374,0.320307576,0.490159794,0.488886230499491,0.295733203,0.574631115
"108","SW3407",3,2113060,3,6,0.282095870376041,0.364569394,0.505035981,0.288620872426554,0.515497694,0.64119026,0.315055990169805,0.486119318,0.601956755,0.286144499470436,0.454185861,0.564494779,0.282702414970208,0.469516636,0.509900594,0.287837230504077,0.472968478,0.473496178,-0.0987279106254846,0.411412154,0.399250635,-0.0804611728627404,0.429268402,0.407941659,0.104456326572053,0.285470846,0.404958841,0.205182633726065,0.271572925,0.470679976,0.240944776845708,0.339452475,0.474833765,0.221280278037497,0.37604824,0.47025645,0.227905148374305,0.390885701,0.558814444,-0.113415725362629,0.500705168,0.493619201,0.207896114530731,0.383273947,0.436382069,0.249170963486019,0.37155112,0.496104349,0.228306867339241,0.397602889,0.456973533,-0.0105830750168613,0.514531201,0.428690295,0.0510971473920942,0.291222645,0.3398247,0.208392060951114,0.33471401,0.505158938,0.254086284008696,0.389348851,0.511358398,0.201796356449215,0.338942658,0.46579895,0.527343345561764,0.315461906,0.631566568
"109","N-R-GEE",3,2113070,3,7,0.233970558851105,0.308723723,0.482006733,0.257433445784681,0.45756043,0.614411998,0.293842295510858,0.443299388,0.586589545,0.261239934844353,0.410340739,0.553426426,0.259341882870055,0.42791096,0.489257511,0.248306018233927,0.406928937,0.454684271,-0.0620694292601977,0.403728752,0.389464632,-0.0871972044620945,0.425143106,0.451429633,0.0594806487467674,0.300129541,0.364816046,0.162601486397679,0.271648363,0.434238436,0.217037405115756,0.303773676,0.460766603,0.187251132230484,0.333557808,0.445283665,0.217963781928984,0.367012336,0.555902346,-0.117446594812688,0.499539295,0.511004014,0.151772141716241,0.28941387,0.349977115,0.209839078839558,0.280467206,0.455576098,0.21077532497689,0.364303387,0.42550007,-0.0159126547750606,0.525805882,0.456044832,-0.0113375750944844,0.336785723,0.378176647,0.124336183546482,0.27437331,0.388576378,0.198197992215573,0.289595581,0.450488229,0.201135137469608,0.365118835,0.462305,0.50426208678848,0.312633225,0.6127482
"110","SW5210",3,2113080,3,8,0.242786860632568,0.381446571,0.465444508,0.27950173817962,0.504114713,0.630865271,0.315936538172334,0.478696384,0.594360177,0.276050346240713,0.431920459,0.554455687,0.275862012254268,0.447041607,0.487242989,0.281707170893125,0.466108373,0.462549423,-0.0312648982670221,0.405840237,0.400058657,-0.0786676178442285,0.424723909,0.452253321,0.0844922370950709,0.280527224,0.371615018,0.192300196521188,0.262198213,0.450032902,0.234331397678471,0.347963557,0.455448151,0.210515997669577,0.361222314,0.445832519,0.235250217872956,0.382601235,0.558849099,-0.118423751145485,0.504757008,0.498672912,0.193798859180099,0.370450255,0.430412769,0.249045586380149,0.395076123,0.487602645,0.236057133563906,0.402807011,0.451148389,-0.0247310032620901,0.535039246,0.451236338,0.0224837881406786,0.323236762,0.340438806,0.191196077408529,0.316923796,0.484204182,0.234408961987855,0.36303892,0.496505454,0.209589785930152,0.368833532,0.464950961,0.537894020688026,0.319266364,0.633730233
"111","SW3407",3,2113090,3,9,0.224154291158668,0.363702694,0.474677801,0.296324384700235,0.511463433,0.639313949,0.323029596442431,0.489921509,0.59935506,0.279668584930331,0.444104876,0.562299301,0.276092448172859,0.462323203,0.48372123,0.284573099549692,0.478446538,0.470587761,-0.0059846158658365,0.402011937,0.37345567,-0.0570294421434371,0.42833979,0.420699777,0.107315341370179,0.272996205,0.391041523,0.205011146724914,0.292863516,0.468616187,0.238313428165242,0.357635099,0.462333506,0.213506729475963,0.382877263,0.445704321,0.228709277218708,0.370249155,0.553425168,-0.108300362054254,0.475385911,0.477637328,0.191987476141334,0.36983921,0.436353806,0.246798704788368,0.432075102,0.483392475,0.23582929471468,0.414184468,0.460588148,-0.0288309714725264,0.52620903,0.465386939,0.027648442510714,0.31487574,0.34049638,0.200691101634683,0.312763817,0.491141513,0.234622573833685,0.362668063,0.504882894,0.204217267754797,0.344765899,0.474858637,0.546094097242948,0.325041537,0.640798095
"112","NY2003",3,2113100,3,10,0.19877817913466,0.344036672,0.473269973,0.28692143230803,0.518432249,0.639439609,0.326848523171266,0.500080546,0.5948101,0.278149871440034,0.449442416,0.559230411,0.267294789410425,0.469578807,0.469577099,0.274442580946056,0.453327246,0.458009305,-0.0171975643240209,0.389128314,0.396203555,-0.104320004490953,0.439801075,0.518355471,0.00856584904636336,0.371573057,0.33376957,0.128456849598149,0.292033702,0.375510649,0.204448329486072,0.312675551,0.430540588,0.194832996487871,0.336975089,0.420823514,0.212920380347137,0.362963046,0.555017819,-0.113876956337607,0.477725054,0.484632825,0.161949591823965,0.302653284,0.399882142,0.228604678231342,0.386276607,0.456159344,0.225644961182078,0.424357779,0.450607518,-0.0338889604232792,0.525207042,0.48809322,-0.0510897952666639,0.33234883,0.424215225,0.100520720504957,0.298240733,0.362460468,0.167184489733539,0.282792789,0.409377704,0.18740310050619,0.348479431,0.480293307,0.515113411477189,0.301761212,0.598198626
"113","ALGONQUIN",3,2113110,3,11,0.195725395034566,0.320757863,0.481597077,0.266090134390252,0.494765914,0.639137069,0.304878785935159,0.482798701,0.600078232,0.253807982842304,0.420277928,0.5645966,0.245093472366509,0.445313682,0.486337811,0.242483757369883,0.420489,0.467426847,-0.00649038884026691,0.362933422,0.392378571,-0.0990502171923479,0.435284957,0.492923658,0.0356042162799442,0.358999106,0.34130355,0.141743141408536,0.271675337,0.418690291,0.186073485131029,0.286714738,0.447258697,0.194029814860968,0.348329552,0.462353694,0.193270897003984,0.330098805,0.561836456,-0.126902754167374,0.454397055,0.492385693,0.158066807574524,0.328255273,0.450195094,0.200891511048313,0.362743215,0.465238712,0.196826935472784,0.376187738,0.461476338,-0.0339275464621463,0.470539428,0.508972636,-0.0534434091683649,0.344008806,0.417238411,0.0939024456168049,0.307354031,0.383692758,0.150899787622678,0.289906619,0.414876629,0.169803316124782,0.306500445,0.4888415,0.518830954148277,0.303923194,0.601588734
"114","LIGHTNING_BOLT",3,2113120,3,12,0.182141598689264,0.286938075,0.483426988,0.255051827026527,0.469491635,0.631924319,0.29201312103769,0.448323284,0.587051379,0.255003039279084,0.409579061,0.561797685,0.245430120697493,0.440678405,0.482748576,0.250535355157594,0.414742217,0.464350913,0.000224328707894865,0.371432553,0.412054926,-0.0892438208637665,0.434477071,0.448531467,0.0868020835928945,0.285665104,0.358371802,0.1854875882613,0.250729032,0.452616158,0.214452896999988,0.313213961,0.448374907,0.225670316766432,0.385549229,0.472056479,0.220195474236607,0.348294488,0.564542538,-0.0530085340323029,0.393233758,0.452368156,0.190860116871945,0.355019103,0.494189735,0.227387941677599,0.39966389,0.466744767,0.220712240098755,0.39517819,0.463795912,-0.0252224535203941,0.438650303,0.447390713,-0.00875881330020063,0.352501531,0.328379437,0.174197461369718,0.278227902,0.472758739,0.204429628309584,0.311516909,0.493038396,0.192424445016671,0.320831704,0.470545008,0.545926094550698,0.323173868,0.636896333
"115","BORDER",1,2113121,3,13,0.200175469158905,0.339421963,0.48628436,0.277794567474698,0.494752703,0.638159451,0.30647437486455,0.471300624,0.590460202,0.267806050208502,0.427547442,0.561031928,0.254529049497437,0.447346637,0.477845485,0.263003795100139,0.42703028,0.461979793,0.00324593432350634,0.385546739,0.428711255,-0.0698543141290853,0.43067568,0.409084598,0.119287929826261,0.254994781,0.395311782,0.211351339178541,0.26640182,0.472928875,0.235832527537934,0.343493535,0.455095945,0.248112442996269,0.409989408,0.475638496,0.22874089387523,0.376471338,0.560915251,0.263197089203716,0.417207262,0.535899492,0.160996959647194,0.291484731,0.449143873,0.227007438465145,0.372161291,0.455925777,0.22342544200863,0.393763213,0.479726123,-0.0305647473950012,0.437601531,0.464787195,-0.0204730337241632,0.348637346,0.340458946,0.179441657304283,0.281455662,0.470665389,0.206709542997572,0.32901892,0.494609199,0.188257590494828,0.316860779,0.486399628,0.538196481203209,0.309406153,0.626359455
"116","BORDER",1,2113122,3,14,0.187007639334958,0.345066316,0.474427235,0.276933183769001,0.501326824,0.640553012,0.312927192426407,0.473517352,0.596245031,0.264484683904792,0.436603861,0.564345278,0.252643858538172,0.450645112,0.483922423,0.263696498159168,0.429776092,0.471115936,-5.78720052602591e-05,0.413505873,0.455695739,-0.0566376140812978,0.429073288,0.400982642,0.125211079636727,0.238231245,0.403534249,0.210629752305864,0.253556534,0.473890445,0.237719072168335,0.338839975,0.456637686,0.24736692355864,0.403010923,0.477466824,0.220259780545735,0.370570298,0.559227121,0.335352005781786,0.490710984,0.602463371,0.153867244622743,0.303252984,0.441542287,0.216926643290997,0.335328548,0.43840069,0.216206023017917,0.379550431,0.491884612,-0.028518858758977,0.483277817,0.468186503,-0.0501180387407294,0.372285065,0.373743277,0.165090412928907,0.277099434,0.45361412,0.206710867698917,0.334904711,0.49482984,0.189916136599748,0.321895504,0.484645358,0.543323694666139,0.325898418,0.63461549
"117","BORDER",1,2113123,3,15,0.167314239197935,0.338414772,0.460306286,0.277571180158782,0.501541121,0.637199517,0.305401075674999,0.474695907,0.593963702,0.266088191690374,0.435267434,0.566151586,0.258510766711616,0.454725968,0.494409808,0.259627862259092,0.429064062,0.466941385,6.93410918840442e-05,0.424816028,0.440043158,-0.0456126250318281,0.409942441,0.388861164,0.12499548502965,0.240780245,0.392341754,0.214732408243187,0.248548605,0.478458939,0.237927031017902,0.342456158,0.457548595,0.247458609844029,0.410914632,0.472164246,0.214785093225065,0.368389178,0.552156863,0.318672642574234,0.473900799,0.6157435,0.158550244524176,0.312446272,0.441845309,0.21349183947984,0.343634707,0.419139417,0.219553264802955,0.38468297,0.500837951,0.0417683195358206,0.425297407,0.40692517,-0.0299325562386679,0.348951312,0.328466695,0.162896381812957,0.257942139,0.4374471,0.205462058877054,0.320624846,0.49429743,0.181229256580899,0.306969883,0.490350526,0.537413313587078,0.324265723,0.630698
"118","VERNAL",3,2113130,3,16,0.117733452045658,0.28961752,0.413789807,0.254580381860525,0.481551495,0.63995412,0.287532910036713,0.465037007,0.590433193,0.230823373253484,0.402627121,0.555348834,0.22652278792887,0.42557941,0.491052563,0.221070551713566,0.384216509,0.460005653,-0.0396083682618399,0.452879916,0.501213564,-0.0925376803849325,0.436093668,0.48518473,0.00999102278077655,0.380922533,0.360456456,0.119353025221664,0.371249685,0.405935263,0.178009098149969,0.247508826,0.434804554,0.190810570143543,0.337037933,0.454096571,0.157035970615757,0.306473539,0.542541105,0.31156729025562,0.48496427,0.63046841,0.0756158282179696,0.310428681,0.336716647,0.135660339582049,0.284725846,0.331747516,0.155405820276904,0.304101472,0.49224224,0.00438076341831856,0.414016284,0.401636216,-0.0561582774021726,0.337648708,0.402830357,0.0804120700351221,0.307851106,0.333212448,0.140785975001061,0.260700694,0.394908669,0.134956964002689,0.25954313,0.496049349,0.503315562150547,0.284434114,0.592881912
"119","ALGONQUIN",3,2113140,3,17,0.136711382441406,0.347368528,0.412543457,0.269412801420048,0.498092731,0.641302222,0.294081357803634,0.471662572,0.595415755,0.250122024490276,0.427997092,0.571719434,0.243725808313363,0.454110517,0.502989609,0.238208395007798,0.404235307,0.48434532,-0.040563569377087,0.453466329,0.49464525,-0.0889215107853234,0.444717133,0.473086789,0.0177372414977197,0.357923057,0.342137539,0.143282140899164,0.308307027,0.440192225,0.190039042586849,0.266988767,0.445224457,0.200517050270253,0.352982993,0.470377838,0.180017566010135,0.323570341,0.533793394,0.315202135959536,0.48735142,0.61732287,0.0654166411845723,0.331064861,0.356341769,0.124276338552099,0.339174094,0.311353151,0.157619425326165,0.307800013,0.473547852,0.00269214300186157,0.425620316,0.380376734,-0.0471721533415178,0.355387416,0.358328341,0.0767684545808279,0.289877073,0.355189035,0.138696996242456,0.275258556,0.389707529,0.139891837620083,0.275549863,0.491862049,0.510915761355436,0.30014434,0.595880878
"120","REGEN",3,2113150,3,18,0.138577423039405,0.339453234,0.431081872,0.273254256114709,0.487832106,0.638079452,0.294169614593006,0.467424866,0.593029218,0.257793524284712,0.416391856,0.562030802,0.244845175055651,0.442003314,0.49310412,0.237281965719298,0.387641282,0.461326923,-0.035508044894748,0.418230409,0.488390435,-0.0850604393787449,0.434856881,0.475955431,0.0361704238201771,0.308641202,0.341141467,0.162429721945301,0.272021994,0.44719221,0.204128446566231,0.301913978,0.439896383,0.216870347515521,0.370321512,0.469144629,0.206571137478386,0.362265275,0.510982921,0.320003302149607,0.491458409,0.570433373,0.086532672796937,0.302603266,0.35288452,0.129304561270628,0.36323187,0.331383165,0.167785487085357,0.326562355,0.485304427,-0.0270098488437169,0.485155651,0.422201463,-0.0577596121051608,0.368138822,0.368995366,0.129769797556948,0.293039934,0.392914501,0.197986344560858,0.311917703,0.475587217,0.16978845951468,0.29335379,0.476411156,0.5370280973689,0.341018436,0.63921156
"121","WL_349HQ",3,2113160,3,19,0.149304071851307,0.360611789,0.444338989,0.266008467050462,0.480460669,0.630268526,0.291278452813577,0.453043759,0.580959912,0.257121384172205,0.407430396,0.560476598,0.244969470663847,0.446558497,0.488157558,0.249996136262335,0.419310138,0.471368294,-0.00894576512405218,0.381451714,0.411539833,-0.0392521111358729,0.404080681,0.381314047,0.118454767141968,0.274838047,0.406834963,0.221391084319053,0.273184829,0.487168201,0.230441339168659,0.360361106,0.449175436,0.246190855561258,0.413481221,0.475452949,0.212323913148595,0.361116247,0.468015566,0.315334140098531,0.476292229,0.507891939,0.148029118655922,0.297623968,0.436207571,0.118648092046621,0.368790973,0.31232178,0.185007962365981,0.3734118,0.457504675,-0.0246579599588988,0.478394163,0.413507603,-0.0169373997215307,0.33805566,0.319897808,0.182024104200535,0.378531343,0.483289648,0.236611715700583,0.365700919,0.523101454,0.184228886389419,0.31439503,0.477203061,0.543180665900844,0.356009991,0.641759507
"122","WL_349HQ",3,2113170,3,20,0.149693707014916,0.343327322,0.443931791,0.25765520953076,0.479073168,0.631943738,0.285035337795887,0.449745128,0.582935804,0.249149022328722,0.405236403,0.556495473,0.247128047697427,0.44268597,0.491799487,0.251806111604431,0.412942093,0.476125571,0.00212732130625489,0.359434293,0.391217745,-0.033793617559741,0.405465686,0.389597881,0.127555760351258,0.267143669,0.4046649,0.220230036099239,0.289210499,0.482676478,0.233735763963238,0.351542088,0.451385791,0.247991349812017,0.406393532,0.47830186,0.195752755354869,0.321224392,0.426024973,0.299464513951829,0.451997386,0.43902077,0.150006064445588,0.299531316,0.432597467,0.0827216079944651,0.413072245,0.288888714,0.180682194610377,0.373991875,0.429870017,-0.0345204550626967,0.486702647,0.440982706,-0.0169738288371421,0.335998285,0.334153927,0.186190241595605,0.387685284,0.49767132,0.228085076769385,0.354108708,0.519100018,0.177432200634681,0.289918072,0.473712916,0.540673860590773,0.341658414,0.638402406
"123","SW3407",3,2113180,3,21,0.187228980505605,0.379353967,0.473062248,0.288982155354972,0.505972397,0.647374799,0.303989480876517,0.472906785,0.585370048,0.273041785816565,0.447867872,0.564163669,0.264419648526239,0.474514325,0.495379157,0.263814899382035,0.423332805,0.469247398,-0.00551576067850419,0.361238251,0.399493532,-0.0485497892754349,0.408301866,0.418016603,0.112388127267668,0.26023007,0.376767356,0.218833449812338,0.327595631,0.480311532,0.241582867443564,0.356466908,0.457794606,0.25563754383115,0.415936487,0.482473737,0.219984972049963,0.385705744,0.448098073,0.316400477296499,0.501300523,0.474407779,0.150089899480697,0.292914797,0.420217209,0.108391192456341,0.395324389,0.304418271,0.190570530861512,0.417122595,0.449909105,-0.0255208926057819,0.481518727,0.433719985,-0.016278097145525,0.320842038,0.309793853,0.199081141610588,0.381334563,0.49665688,0.243987436974069,0.392741285,0.520671779,0.187884002886936,0.306314648,0.47575184,0.548466596189036,0.343523667,0.644739809
"124","N-R-GEE",3,2113190,3,22,0.171119466102844,0.271344099,0.471874131,0.258461914929426,0.458098508,0.621499022,0.28219764106033,0.451220242,0.575958581,0.248424152648253,0.404625197,0.556865149,0.235419933799082,0.45237822,0.485406846,0.23768482130017,0.389216792,0.471714912,-0.0267999495794043,0.369899518,0.443201272,-0.0778349730328222,0.448282064,0.468999518,0.0511815734013729,0.324708491,0.360708002,0.163936990126041,0.261846072,0.451669557,0.210239750980708,0.296331834,0.448601986,0.221068122792444,0.370407886,0.467473729,0.186833669341925,0.32772475,0.425903708,0.289828380840167,0.471475962,0.456470298,0.119653935773827,0.288811538,0.386284694,0.130696546501902,0.364188295,0.340708393,0.149486981693715,0.349464792,0.442907693,-0.0197815866002254,0.498599523,0.42705447,-0.0510434589110214,0.354233431,0.350197756,0.148727354284164,0.305806574,0.43736139,0.200739460229686,0.307315006,0.488416946,0.167335299676555,0.26449691,0.487685133,0.53168537212467,0.333428512,0.634502157
"125","NY0651",3,2113200,3,23,0.182216511260062,0.285112472,0.461707207,0.262176276808595,0.478778946,0.639176966,0.287112677270738,0.455025368,0.587392336,0.245619797277353,0.405202013,0.561326722,0.228691810921186,0.457709839,0.483790966,0.246944555876743,0.405072322,0.478625184,-0.0238894755104018,0.371729052,0.433371927,-0.0740983031315836,0.453761706,0.456099473,0.0436330060532535,0.359912319,0.36314325,0.157899554627407,0.267584515,0.443294651,0.20116022129605,0.297470646,0.441465471,0.213585245383116,0.367312137,0.465917073,0.191039488170655,0.332334912,0.431590404,0.30791572063197,0.495740562,0.480970892,0.100019415724938,0.301649434,0.375129758,0.163774963126684,0.323749622,0.375759323,0.13078981773185,0.324091627,0.43453472,-0.0333185981298484,0.505195927,0.455432984,-0.0566049801392687,0.357598575,0.36977968,0.141102776627855,0.294426569,0.437407988,0.19701756993927,0.29842929,0.488173881,0.165866250694671,0.257571539,0.461073394,0.529573892149766,0.330049955,0.634184712
"126","SW4107",3,2113210,3,24,0.189523731793867,0.299785901,0.481319387,0.265436498538998,0.490850729,0.635385404,0.29999732848151,0.467759465,0.583927077,0.247593586848586,0.409674702,0.555212868,0.231402998832518,0.438476588,0.474622842,0.252013990615066,0.407451633,0.469965959,-0.00810422393318927,0.361990832,0.401126268,-0.0563909968919153,0.424038583,0.425946237,0.0972403822422589,0.280731483,0.360759529,0.183958018005961,0.339470751,0.464949387,0.211481994865537,0.314667357,0.44230694,0.225981223629874,0.3890992,0.453833126,0.195078893702661,0.324313427,0.419638486,0.284098676727826,0.455643958,0.456739417,0.123766507801176,0.268952521,0.399518364,0.224558977313936,0.34902693,0.426614367,0.146773151592752,0.351263097,0.45612295,-0.022734557865578,0.483887702,0.443783952,-0.0338384314967772,0.34152718,0.350959585,0.165282363219366,0.313848331,0.494767633,0.212876862841263,0.333614058,0.504549026,0.159989441208731,0.246503604,0.499778851,0.538233402757417,0.344465261,0.641708335
"127","HI-GEST_360",3,2113220,3,25,0.187817479521673,0.302226887,0.471946849,0.251649314550805,0.446168978,0.629525644,0.290078821517146,0.450951145,0.583096069,0.239466960900298,0.397704473,0.560395905,0.23008409594821,0.444578584,0.484775271,0.249083162259674,0.408217538,0.473721351,-0.0188291784733632,0.37396857,0.426491493,-0.0671480097528171,0.435577241,0.44015147,0.0734217480514518,0.32320406,0.342550037,0.178822331700234,0.341134528,0.459303425,0.203365822399897,0.304430184,0.440853578,0.218608561751624,0.367420144,0.462057273,0.194935708623728,0.332461541,0.427870954,0.294801104870341,0.480885403,0.464417284,0.110974653822321,0.272070838,0.375584597,0.22396036240695,0.350721075,0.430790459,0.146918153224909,0.340996858,0.455429619,-0.0321830381989236,0.482466955,0.456663514,-0.0312885726296162,0.346445522,0.356677056,0.168559985800715,0.30824663,0.473737346,0.210961402436529,0.316884217,0.493136566,0.169485092369435,0.268626497,0.485901837,0.540618168473326,0.341552553,0.642150866
"128","LIGHTNING_BOLT",3,2113230,3,26,0.181166071721435,0.290395003,0.478153314,0.246168098392038,0.454942776,0.631226415,0.286459973743838,0.449705762,0.586989513,0.238610666571514,0.391815491,0.560971678,0.229900504407271,0.421726788,0.483077816,0.238807090430073,0.391311579,0.47048372,-0.0128507975574603,0.398546311,0.43457594,-0.0575753324548366,0.429979443,0.420100727,0.0858926844215909,0.310785211,0.367380376,0.181329154460244,0.351765447,0.463128511,0.209538172830923,0.307631879,0.446542694,0.21942564473502,0.377224005,0.463857541,0.202214951423647,0.336742845,0.432780801,0.28087336482248,0.463815977,0.459232389,0.110302555872066,0.272590785,0.386663554,0.228186146707001,0.371816208,0.431881921,0.169901052339904,0.358721898,0.481938305,-0.0148331680455052,0.450985859,0.419795458,-0.0307936838213621,0.349946219,0.346487788,0.156694787256457,0.280512526,0.460206615,0.20884224318357,0.309619889,0.488471863,0.16339695868117,0.262742758,0.483442968,0.534423035685187,0.326094067,0.631586891
"129","WL_358LH",3,2113240,3,27,0.194222499623817,0.343164923,0.461123714,0.271182994992027,0.496749743,0.636805504,0.301356098624906,0.461452532,0.58543185,0.254974741349739,0.424508602,0.55973751,0.247952101118641,0.45240833,0.484023129,0.244991024664985,0.414737161,0.46721089,-0.0101489642181919,0.401655096,0.438021879,-0.0539342806895194,0.428281742,0.424803118,0.0771300801453029,0.322042899,0.360773822,0.18908578033101,0.376430869,0.460603501,0.220093765103552,0.322692245,0.449512718,0.232574994343491,0.382126713,0.462549396,0.222355462993828,0.359113784,0.434488449,0.29019620730807,0.480100218,0.453784604,0.119324124329552,0.280472483,0.391164113,0.235089147272334,0.39186624,0.421771521,0.195620280129685,0.378823123,0.497157124,-0.00051454460264353,0.439870095,0.419184586,-0.00459418963438385,0.344012104,0.32787447,0.162140048905024,0.277282158,0.446744249,0.20286900936392,0.30798608,0.466514632,0.1623830112621,0.268692763,0.500742368,0.531452539867564,0.321120932,0.62836384
"130","SW4602Z",3,2113250,3,28,0.202001935471065,0.369667524,0.444585245,0.275314902778388,0.504744632,0.636661543,0.311943845171901,0.466178778,0.590750517,0.261719127910127,0.43432197,0.563272771,0.252340706960917,0.457447068,0.479249598,0.243483884974408,0.41298876,0.455273898,-0.014246582981519,0.419949062,0.462331286,-0.0603949393962812,0.439193232,0.44475933,0.0621410018545769,0.341868602,0.36078214,0.191084572519949,0.388592029,0.457775703,0.219608534453142,0.335662354,0.443405785,0.233238794633151,0.395129179,0.455795975,0.234710509256755,0.385763667,0.445592439,0.294544782583387,0.482456125,0.464511108,0.108875712132065,0.2839436,0.371154461,0.236130960222373,0.408589621,0.409951841,0.200660110334855,0.373610579,0.508455737,0.00296649677487339,0.425786483,0.425363643,-0.0395161365756207,0.362448589,0.36496279,0.142240180196256,0.286730039,0.411961047,0.195174224940756,0.302789481,0.446089841,0.161142701696136,0.270479186,0.506690161,0.536271093610039,0.327372582,0.626249835
"131","SEEDWAY_9558_SBR",3,2113260,3,29,0.188686080427365,0.315917869,0.469515641,0.25889973394474,0.474887331,0.622088161,0.285540021172766,0.46816501,0.578243203,0.240945291128965,0.408245638,0.548251784,0.230713573064621,0.428529194,0.475086475,0.218796246230618,0.367877986,0.4562018,-0.0289035019455509,0.444216199,0.474438742,-0.0727072179416693,0.466308982,0.474857369,0.0417406942963955,0.368036914,0.380303298,0.169202892041664,0.321542247,0.453222622,0.20455128996616,0.286552585,0.445049623,0.216094033034,0.35416987,0.458397238,0.230085529851217,0.377206573,0.459067796,0.304514007960324,0.490063502,0.483096825,0.0858940707320372,0.307127753,0.358823529,0.221450290748277,0.363145576,0.417393314,0.184330620716195,0.315775137,0.513574772,-0.00347679230781176,0.451401306,0.441204486,-0.0551863855052281,0.374262603,0.408454625,0.138502574050828,0.290013659,0.39518161,0.192439786564561,0.301148168,0.455571841,0.158685610024122,0.244105887,0.511099616,0.530590432398006,0.343862096,0.630169753
"132","PERSIST_III",3,2113270,3,30,0.192411965537369,0.3236072,0.470634445,0.259175380702589,0.471123028,0.632578429,0.302166112254814,0.453766377,0.592020473,0.244759677305556,0.409995943,0.560198482,0.23818217515578,0.43302094,0.484890517,0.229175890036869,0.376927768,0.455845861,-0.0122991714517113,0.432553645,0.462649073,-0.0494022139938042,0.461290522,0.44680103,0.0637889703036589,0.347145951,0.378563722,0.183854138769278,0.34406859,0.473766544,0.211896877682752,0.301386526,0.456384008,0.226976325601087,0.377157816,0.472280019,0.23298305769605,0.371401303,0.461544369,0.296038668871838,0.493998402,0.478762382,0.100961293248664,0.298818907,0.38494947,0.233652402526418,0.39132886,0.430998043,0.186664479052404,0.324589664,0.49505535,0.00188769132069741,0.447078346,0.435453425,-0.0319442922345638,0.368053731,0.362152752,0.151600735203322,0.279918537,0.425751603,0.205306945528567,0.304963966,0.473942258,0.167905925065724,0.253180625,0.486290306,0.533301771192829,0.348306733,0.636195561
"133","LANDER",3,2113280,3,31,0.169024854985542,0.291944647,0.479125962,0.246525631310598,0.469438851,0.625092669,0.283730332054338,0.452337904,0.585839326,0.229246981696374,0.405315153,0.547136203,0.232614364432896,0.423297074,0.486563193,0.202045606664893,0.338151744,0.438981653,-0.0139329244552127,0.400748446,0.43103424,-0.0579614684684329,0.461844719,0.43454222,0.0630763282406371,0.376803649,0.35257921,0.176213489288372,0.324915151,0.472032072,0.200072397449084,0.292628026,0.451318613,0.208846140683888,0.356542483,0.459643851,0.214808895127875,0.350186661,0.460833828,0.283064832772444,0.443507674,0.452055128,0.0914929210059873,0.297691956,0.37391035,0.218101112201399,0.374452617,0.428379665,0.169382532980778,0.307528633,0.502408727,0.00907841615593232,0.431722985,0.374843353,-0.0245023812801175,0.362241352,0.33550706,0.143595162444375,0.282488862,0.414593191,0.184786659109474,0.27996793,0.452767504,0.149467025849723,0.243265664,0.498597669,0.516034166446701,0.328891355,0.618988527
"134","SW315_LH",3,2113290,3,32,0.181863364426924,0.363605259,0.430514996,0.27460017262631,0.508141214,0.638317358,0.310668594015765,0.477220581,0.591031575,0.258969040115493,0.458848714,0.54511333,0.260017976495424,0.469653667,0.488556324,0.23563833865935,0.387886959,0.452123025,-0.00305000603028602,0.349098633,0.396462533,-0.0743753929462858,0.471396146,0.468818308,0.00425548242506969,0.462715204,0.35555436,0.144788446098043,0.313194611,0.43571147,0.201716436412294,0.30451054,0.431813372,0.214894252419527,0.361865335,0.449099358,0.232261394366657,0.397672833,0.4649348,0.310860541250475,0.509729993,0.487978214,0.0756929243172218,0.317948225,0.341427175,0.220271865533223,0.367220951,0.39965099,0.180522903787274,0.340003978,0.467776577,-0.00340602269786072,0.423912647,0.381112357,-0.053467884388787,0.365867016,0.394205544,0.104473922133624,0.334888638,0.351866977,0.160927339509283,0.293608981,0.391472938,0.155316770853124,0.279442927,0.497549975,0.517259589473778,0.310961257,0.607928748
"135","NY1614",3,2113300,3,33,0.167438459677154,0.294989686,0.458879154,0.250779140459478,0.467461476,0.620263989,0.273223450943805,0.444993699,0.580877905,0.235644033169445,0.433477994,0.526627841,0.242447833675356,0.420954741,0.490707187,0.210269990725819,0.353941291,0.452706212,-0.00271211305024442,0.353452417,0.411659956,-0.0878385385667493,0.454548859,0.477748473,0.0196120224870591,0.455909385,0.341069947,0.162778353418163,0.31352378,0.466952114,0.199541492309396,0.310422402,0.440059686,0.2138762169002,0.36056842,0.470052504,0.2299055665166,0.376439493,0.46484347,0.311392628017271,0.497424256,0.476775018,0.0891650469006979,0.306243249,0.371042616,0.226120353094494,0.38249964,0.426488152,0.178341542115195,0.330013475,0.491797492,-0.0110855108492382,0.443684062,0.415803078,-0.0568269029628709,0.375650197,0.402496581,0.136654957588793,0.291519167,0.407979031,0.190392224507732,0.297742495,0.469615537,0.175090433501249,0.282983074,0.481319523,0.539951963276011,0.35237981,0.641108781
"136","NY1615",3,2113310,3,34,0.18308444025233,0.315261699,0.472442405,0.270663393959384,0.487141708,0.619441819,0.291047684839633,0.47267944,0.585221595,0.233666880079467,0.4329031,0.511153685,0.240892309641554,0.430423413,0.478746157,0.215661637346119,0.365013837,0.437144641,0.000170659061880544,0.355420375,0.415535575,-0.0904472509211825,0.441995889,0.45822549,0.021311338873361,0.44457674,0.36217325,0.180900318887612,0.353310361,0.467031257,0.211201102682047,0.343739015,0.452052401,0.226511756273853,0.37439887,0.468533005,0.244178671057465,0.397241321,0.463630003,0.309083432835318,0.4964032,0.478771068,0.0998235164587083,0.311133826,0.386248378,0.236586427575794,0.38749897,0.426576145,0.187617784620894,0.356618954,0.485246347,-0.00456464693681577,0.443481639,0.388865884,-0.0470407622040001,0.371991787,0.387181517,0.152231168018927,0.291063566,0.418233583,0.206010296206435,0.306171041,0.473849726,0.179826174376532,0.286668118,0.492818414,0.538675031475205,0.360395135,0.642646749
"137","PLUSS_III",3,2113320,3,35,0.181270892678759,0.330034623,0.47674907,0.263666090037488,0.474539575,0.637063581,0.278390989587842,0.46455298,0.594345884,0.234467804398858,0.43457922,0.525867628,0.245602209362511,0.426286683,0.485031607,0.226895278362969,0.380142083,0.453592823,0.0124414997109834,0.341273721,0.39282613,-0.0645300462550426,0.411212311,0.413466088,0.0742742562989632,0.370467259,0.356878911,0.213084129809366,0.40711203,0.486379737,0.226144335162793,0.395719395,0.457220746,0.236596027451527,0.388232623,0.471625748,0.238498056206794,0.369849534,0.452732407,0.30074481800905,0.49229301,0.47354677,0.133927107494304,0.282664291,0.417285934,0.248181014868135,0.416564204,0.431980266,0.187298404177637,0.350333815,0.462811455,-0.0010408210101071,0.441332361,0.359797235,-0.0118272782787028,0.353051088,0.33823907,0.18756482523943,0.287679142,0.475581415,0.226901838118052,0.331846396,0.500795004,0.180788746253614,0.287287157,0.47675148,0.547225630038574,0.348536426,0.647234326
"138","NY0465",3,2113330,3,36,0.167837645762854,0.329386994,0.450212216,0.278814733946801,0.499684481,0.641755912,0.286356964111732,0.47513057,0.592241621,0.242482328662591,0.459784088,0.529802269,0.249205631453851,0.443486979,0.495349767,0.223984965433458,0.382538211,0.448927517,-0.00294977140098605,0.359764179,0.42319585,-0.0914151489244709,0.43147296,0.464733871,0.015836720382203,0.409280339,0.352887802,0.168115717852374,0.331914247,0.455080995,0.204451631170636,0.391907653,0.456777529,0.218031315752872,0.367190391,0.466494262,0.223610093035732,0.370109349,0.464206016,0.29173334721438,0.491339288,0.469055338,0.10280699801495,0.293146294,0.36103971,0.213169359870954,0.36804377,0.407667639,0.167937156213238,0.341550797,0.471683771,-0.0100471706829119,0.44267339,0.329169681,-0.0598967211810842,0.372293738,0.392777091,0.138647480333819,0.29960231,0.401419204,0.204841403274314,0.306120042,0.468968211,0.181254619021256,0.284563551,0.475053318,0.537570937497084,0.358500119,0.645943892
"139","ONEIDA_ULTRA",3,2113340,3,37,0.157601225187333,0.330032931,0.449830551,0.260516585207264,0.468557755,0.631079268,0.26985898295149,0.455970991,0.585008356,0.221173308861179,0.439748606,0.515179439,0.236182474439782,0.429842007,0.48837094,0.204656765579307,0.353044492,0.438935913,0.000457225353585923,0.340631868,0.398949542,-0.0803380204046731,0.432432518,0.447436122,0.0317862702559125,0.39915659,0.337792766,0.176848528008043,0.349005084,0.461836438,0.19815302773736,0.415589056,0.453941431,0.212936656496265,0.363237878,0.462544617,0.227580247915458,0.37690914,0.468599958,0.291269486281469,0.490212636,0.465145679,0.0967225241381257,0.304108433,0.357859019,0.202964154545117,0.358987977,0.407392436,0.165819509376847,0.353862037,0.472964147,-0.0218373251725386,0.450398219,0.310406594,-0.0499853446179813,0.375520149,0.365502278,0.145810354314046,0.292626663,0.40673334,0.197214223717506,0.299104981,0.46364666,0.171117233960276,0.276692989,0.48587788,0.533152778985114,0.346899276,0.639361205
"140","GUARDSMAN_II",3,2113350,3,38,0.15286031405071,0.320585483,0.434538254,0.259617749018912,0.471752231,0.627295915,0.267085698687723,0.461753837,0.56625843,0.224855921448161,0.420522876,0.511308988,0.24561687196179,0.423040924,0.489277003,0.208577959701479,0.33551231,0.426415924,-0.00595010734934769,0.342789144,0.39185485,-0.0790728515315242,0.436827387,0.439492928,0.0389786803871833,0.400028807,0.346778416,0.188501971539042,0.354103716,0.462545463,0.202421246178886,0.42056167,0.442652061,0.213360947280744,0.366616891,0.452090382,0.240501235222977,0.383369582,0.465419082,0.300185651384201,0.4835326,0.466461023,0.106474886466807,0.286467316,0.370838597,0.214439389770859,0.378116096,0.417413369,0.186985146213488,0.396786283,0.471353586,-0.0144551358489651,0.43366683,0.29427564,-0.037064229639445,0.360259928,0.342009447,0.164155684048311,0.284533996,0.432700187,0.216060685767741,0.315267868,0.485442597,0.189520631216339,0.312149616,0.468688159,0.543966480038692,0.35098892,0.64644264
"141","SW4412Y",3,2113360,3,39,0.176469092140731,0.358690406,0.47178374,0.286595468670286,0.506466086,0.636081317,0.282167845502852,0.482669591,0.565772973,0.234359060590708,0.426189618,0.515023965,0.256534952097892,0.44798574,0.49113482,0.220005345232248,0.365688293,0.420947749,-0.00401957784338989,0.330316883,0.366746305,-0.0625558893558323,0.406660294,0.41084023,0.0901690080134234,0.364168018,0.380846087,0.224604482434624,0.398301246,0.488135995,0.227775444395984,0.445853719,0.453943129,0.2372680877566,0.39347827,0.46339708,0.266243792444987,0.426033708,0.482774039,0.300635735107534,0.471646187,0.455397821,0.146186710695615,0.292087865,0.421447108,0.23844695698671,0.41236003,0.431456788,0.214860668813732,0.437215407,0.48294318,-0.0127856187585212,0.432188412,0.303089795,-0.0384299361565598,0.350858523,0.329662428,0.18997399452547,0.292225003,0.471232052,0.237420131386088,0.348114278,0.501379845,0.194405910133136,0.307212632,0.474604657,0.55582705202283,0.357149243,0.654826726
"142","AMERISTAND_427_TQ",3,2113370,3,40,0.1687380585876,0.328493809,0.462812035,0.276577679955753,0.483513832,0.637797997,0.290905913903817,0.452165796,0.567273363,0.236548921691604,0.420845166,0.521392983,0.248737147148407,0.433735577,0.489611234,0.204889509051589,0.3320738,0.422273669,-0.0139044270482135,0.328911422,0.358329926,-0.0581781210093168,0.404123023,0.399138204,0.107146485161445,0.361011835,0.415167203,0.223598475565326,0.378512146,0.491857484,0.227013347096028,0.422684837,0.460100972,0.222622581907246,0.375944654,0.460251509,0.242971975515919,0.373785339,0.466444691,0.284966135480834,0.439557127,0.456017572,0.159746916327099,0.310672353,0.446707058,0.23697183828508,0.407039251,0.437910594,0.206549646528792,0.409506261,0.478304613,-0.035917082359594,0.443224718,0.369510668,-0.0564048612984534,0.366051163,0.351010932,0.186794032627387,0.293514775,0.484894138,0.230856474933631,0.348689569,0.51039646,0.191218905196115,0.27525883,0.479583367,0.541392644352425,0.340531266,0.645310127
"143","ONEIDA_VR",3,2113380,3,41,0.142262949193748,0.276446832,0.449340176,0.247852653549165,0.429276699,0.627174142,0.260452421263429,0.42584789,0.557046362,0.231876698448907,0.396171674,0.522519488,0.223469418988309,0.409389679,0.484427112,0.191836485953878,0.327559844,0.426990213,-0.042181407962033,0.355913665,0.421995389,-0.0999617233865607,0.422724687,0.481516715,0.0103060193820192,0.454830017,0.343782606,0.159898880982014,0.287974449,0.459196864,0.179646130216599,0.330891611,0.435199241,0.172016654388272,0.320856719,0.434919831,0.215650731593055,0.365250171,0.481319484,0.275819356988743,0.431950785,0.470394476,0.0900504433038304,0.301821186,0.351011973,0.196500392969893,0.346528563,0.409274345,0.18082582475511,0.355415244,0.484192483,-0.0311871159585244,0.42627531,0.360548477,-0.0802999764589045,0.361548838,0.381846831,0.129132142897453,0.286811579,0.406917399,0.186972551696048,0.295500136,0.462570456,0.18817695643004,0.277209675,0.475819022,0.541479283054919,0.343830459,0.643296959
"144","SEEDWAY_9558",3,2113390,3,42,0.152403400068367,0.292391966,0.427752718,0.256467878030699,0.442791691,0.633283197,0.267051002135072,0.437048848,0.558662587,0.248003676291106,0.407592792,0.525510583,0.227263196380735,0.42108663,0.47945976,0.204796219650063,0.349226464,0.426981672,-0.0448874592185549,0.36122799,0.411793804,-0.0978387397111389,0.437374605,0.49036654,0.0188934208227696,0.433150762,0.353668746,0.170858271029546,0.310871311,0.461155722,0.193956626987258,0.342305407,0.449878392,0.187806856579638,0.351237445,0.458502855,0.233899693285047,0.385421356,0.477795605,0.305176224987312,0.461799855,0.474280755,0.0985999447159993,0.307973925,0.370681949,0.207987240374329,0.340781786,0.421645943,0.195382727277631,0.365067286,0.480068215,-0.0568519522340269,0.43234737,0.411106866,-0.0863076477464223,0.384579862,0.38358764,0.125949827685617,0.282455515,0.412162045,0.195809031673884,0.30492256,0.467621559,0.198277579098946,0.298382488,0.470377663,0.540126310993683,0.339492234,0.640504816
"145","SW5606",3,2113400,3,43,0.207801980439389,0.400742845,0.472990283,0.303654227744515,0.508660382,0.639876678,0.31036282476969,0.480565703,0.570329334,0.281988008941129,0.438467433,0.529297423,0.258565294051692,0.434212078,0.474800922,0.227267298036255,0.359897443,0.397186783,-0.0191695264843818,0.337185678,0.33535063,-0.046318537994813,0.400096753,0.386215204,0.137120356071665,0.251875512,0.442044933,0.251879303821748,0.422134928,0.493205875,0.249998427427571,0.423239377,0.470441953,0.245143287599944,0.417480927,0.477241509,0.275809091729711,0.424400978,0.474972602,0.322068138589679,0.462407117,0.461773856,0.178161513130506,0.329933428,0.467800045,0.274580297423221,0.412534724,0.453620282,0.250191541350346,0.441108226,0.496198948,-0.0572134943388176,0.434334761,0.412379483,-0.0371805872585987,0.348323851,0.347273537,0.209021117594507,0.343809494,0.515053128,0.256633762347785,0.393765248,0.517614744,0.219397567565377,0.328948978,0.474432699,0.549247043114406,0.341257207,0.646524202
"146","55V50",3,2113410,3,44,0.2028530852332,0.384090935,0.472457035,0.299326239416302,0.506008261,0.637112959,0.309954959201401,0.469907631,0.567979079,0.27625761902211,0.440293892,0.528079183,0.26173663830196,0.435526803,0.478792053,0.223353344698744,0.374031643,0.412341946,-0.0444128008175543,0.365463517,0.396128971,-0.0926288988124716,0.455402922,0.469676063,0.0957595775544704,0.280925197,0.393655049,0.218683489576612,0.394698768,0.478111244,0.237579484719929,0.40127584,0.469678635,0.227959241131818,0.401971238,0.474437879,0.25215592052796,0.408323429,0.468694418,0.318879997348735,0.463606826,0.474757153,0.145422067884523,0.296194222,0.414489169,0.253968908795249,0.38293153,0.443794797,0.232837501640825,0.403931733,0.500847389,-0.0637303116741075,0.423856811,0.413774786,-0.0619513595135842,0.366062574,0.368932686,0.180182525792288,0.312938365,0.471731186,0.243986605790195,0.368810038,0.50853999,0.219133839565899,0.314130424,0.466919989,0.547574635263375,0.343090078,0.647517248
"147","EZRA",3,2113420,3,45,0.20197456091146,0.346531689,0.48226313,0.290518158669411,0.487064785,0.633158959,0.295633300774163,0.465196451,0.570114789,0.26762829216271,0.42038751,0.527817203,0.251522312407417,0.416908482,0.486998478,0.231657667223385,0.388939704,0.451242946,-0.0665308776326428,0.381124369,0.45248632,-0.139608260062415,0.487294434,0.511346142,0.0504880261134816,0.323363792,0.375745157,0.18860399757125,0.345004669,0.456915211,0.220561331377553,0.356655166,0.470153068,0.200501529610821,0.363500955,0.47389259,0.24109596310701,0.385707613,0.473373394,0.311409647608755,0.447436633,0.47355057,0.110150647978224,0.301582267,0.381487317,0.223886680515297,0.337426792,0.446560935,0.207468193649727,0.355083171,0.507823826,-0.0695325011665234,0.414659759,0.394957425,-0.0835857439745806,0.365695084,0.371159103,0.143905798175932,0.279976875,0.428783279,0.228063927395937,0.334194505,0.499920163,0.224270302151917,0.324120759,0.472523356,0.553535891043986,0.350614533,0.659325416
"148","FSG_415BR",3,2113430,3,46,0.201454651187753,0.337374257,0.481591801,0.28396226190532,0.487442159,0.633700724,0.293796525145508,0.456201242,0.568115468,0.270578491449925,0.43335432,0.531990766,0.244698302756625,0.418003177,0.47832838,0.238061971303467,0.383294509,0.453424928,-0.0727029733119591,0.385786573,0.457045913,-0.158071822350084,0.486192587,0.520765268,0.0789785807631304,0.287602462,0.389924911,0.19409222361365,0.365932299,0.468101315,0.219962676409333,0.357683399,0.472950147,0.199563066226349,0.380014373,0.4724486,0.23983671327078,0.391111985,0.463866403,0.318448191263507,0.460730598,0.461501054,0.130782411555659,0.279318966,0.41204848,0.235536481021662,0.381516543,0.478457911,0.212897057583434,0.366004118,0.50552516,-0.0824020532828996,0.389191331,0.443752227,-0.0842524242294804,0.365950791,0.384700605,0.148122400326826,0.287828287,0.448912203,0.233960359225732,0.356177903,0.507185111,0.219417769760485,0.309312973,0.475693979,0.542880284984923,0.329027927,0.651707963
"149","FSG_421LH",3,2113440,3,47,0.22798102741746,0.402851075,0.474427525,0.311239686881665,0.507407803,0.650635559,0.32331728376998,0.499889529,0.570097965,0.289227854176785,0.464940425,0.522726617,0.276667067490745,0.470773966,0.471827138,0.269578152950535,0.424326553,0.450359513,-0.102664489251642,0.413567898,0.473174179,-0.187283406441806,0.452578431,0.522845351,0.057045431393176,0.307652251,0.366473425,0.205754829021518,0.391158241,0.456515643,0.238287109617337,0.39928744,0.474449368,0.204685910858373,0.385554486,0.453233117,0.26185463908206,0.431539452,0.470387052,0.329082749407702,0.485872912,0.469610893,0.145840236860396,0.28801982,0.404498608,0.255270002221614,0.400082311,0.485261613,0.236344242422852,0.430287903,0.485372381,-0.0700618822834885,0.347083696,0.391331877,-0.0816440651067783,0.350277799,0.368031245,0.127839301124074,0.286924896,0.412406384,0.220481435590958,0.352739477,0.465905509,0.233216373271805,0.378110854,0.47483898,0.541370247803271,0.289687314,0.638166386
"150","NY2003",3,2113450,3,48,0.201939659957471,0.344394034,0.461926801,0.295220435510363,0.513837915,0.640928298,0.317014710895426,0.48611467,0.563581136,0.279207267945338,0.448470588,0.523437007,0.270293356463078,0.467638624,0.479535151,0.236506663982813,0.389542378,0.435096965,-0.168902179248545,0.441429604,0.535644766,-0.234427720517501,0.450774668,0.558832701,0.00914089218023913,0.384614624,0.367668012,0.163417144454536,0.312986083,0.430407274,0.213552810045502,0.361142315,0.455669369,0.178756184581396,0.350403969,0.439753988,0.245148687625338,0.412610941,0.462349727,0.324572605054819,0.471626741,0.474480965,0.0899438466872934,0.317373126,0.354214039,0.222389628005763,0.336157316,0.456771309,0.216993036484235,0.381772866,0.460258979,-0.0848893810971203,0.352323276,0.432251861,-0.0966237234844265,0.362269497,0.423414469,0.0653896248894144,0.297911564,0.346145264,0.174704960496597,0.297326005,0.417805654,0.228624639081468,0.348726714,0.453141737,0.51232809634503,0.26935243,0.615418895
"151","ALFABAR",3,2113460,3,49,0.203276167660357,0.293501136,0.499212557,0.254670784449298,0.486821853,0.627874622,0.276852822847682,0.433524052,0.558866705,0.255800081874469,0.398804341,0.524027853,0.255554904657524,0.424431286,0.488045911,0.233810274038192,0.375329463,0.464842389,-0.179818878281068,0.436652255,0.533103761,-0.221686788144086,0.411699775,0.544116361,0.0593049597843131,0.322584081,0.371523288,0.200811795158018,0.30741378,0.480108191,0.199118717038325,0.310344227,0.474395269,0.173994328720523,0.347139769,0.492207103,0.222185078373171,0.36760792,0.479783684,0.290344698540813,0.41926565,0.460409877,0.101393021010391,0.31456617,0.384936769,0.224348901480158,0.366557772,0.495644395,0.203353313140276,0.340949958,0.468885762,-0.0907799306719305,0.402191252,0.459026177,-0.0856025341841827,0.396703164,0.3924084,0.126078451599047,0.28889341,0.422101461,0.210010966689703,0.33586154,0.488951578,0.231155082258359,0.284373939,0.472448767,0.524742563366835,0.263350166,0.629526602
"152","NY1517",3,2113470,3,50,0.22165313438126,0.346317735,0.490863145,0.27930661150059,0.50509077,0.639534767,0.296936864284511,0.467693616,0.567163429,0.267575250995774,0.436729927,0.522137225,0.258134634308945,0.443515577,0.484645248,0.242772792436092,0.416471252,0.479885373,-0.18690173132038,0.477291934,0.552008338,-0.22439543953276,0.374258697,0.562122865,0.0244842138060421,0.358975011,0.372482165,0.203443995039746,0.319174336,0.467817497,0.206246574321471,0.317968374,0.473532057,0.183955775684766,0.357359766,0.515848583,0.24893353628136,0.42845446,0.491253132,0.310097813805693,0.475614815,0.474708061,0.0768048870470201,0.327517661,0.350673344,0.214810413532674,0.331759302,0.479281409,0.199716099621971,0.348148987,0.464601338,-0.101171614714834,0.48263329,0.48753081,-0.117362677185517,0.449075348,0.441907848,0.0883379423232002,0.287051697,0.369927423,0.191707922656974,0.316769201,0.450795846,0.243500507880397,0.308232338,0.458701,0.543308195120537,0.287772636,0.6324928
"153","SW5210",3,2113480,3,51,0.242088729617909,0.370661823,0.506337349,0.286609725398993,0.499206134,0.639082903,0.306033334094818,0.487192967,0.566440216,0.266063624010906,0.417289231,0.51627346,0.264738514305355,0.426866484,0.471576714,0.249347665075736,0.391266077,0.448164696,-0.170788352983286,0.484598279,0.509149051,-0.197017361155611,0.408270331,0.496947445,0.0992776468640274,0.302116234,0.39892468,0.272637739672259,0.408295466,0.514515584,0.236635309447784,0.376082958,0.490360071,0.220013746537891,0.397342729,0.550662048,0.284599333426609,0.444885336,0.502211982,0.29318593483598,0.445756127,0.456643334,0.147346346297517,0.293928732,0.426111637,0.253299837323055,0.395278215,0.511561113,0.237085708447539,0.411886239,0.477105113,-0.0863552936437361,0.492068713,0.447080314,-0.086649819881238,0.448387324,0.373242048,0.163400704361469,0.312843947,0.459301274,0.244027919031618,0.368876561,0.504067233,0.266878595361739,0.342089376,0.469945745,0.572736915081973,0.310023395,0.641028409
"154","NY2003",4,2114010,4,1,0.323109306170784,0.361541388,0.512288734,0.265703799175345,0.502244853,0.616408381,0.332176600032966,0.499173943,0.623236593,0.273124023074744,0.420692721,0.547771931,0.259188712052446,0.426056258,0.518501978,0.297161034877473,0.458712181,0.555035206,-0.134109021806391,0.360945734,0.474052823,-0.160034951778959,0.353849887,0.539517036,-0.0211835754593228,0.367449803,0.367516929,0.205242193849587,0.296974938,0.446789382,0.224249189923025,0.278148353,0.523255247,0.218736702166942,0.321300247,0.551149896,0.256559952736912,0.420631584,0.546774441,0.35184133328377,0.503630422,0.617319392,0.105850425599772,0.277515402,0.324946449,0.234999710658766,0.341942498,0.506465349,0.270902142249017,0.474922173,0.481618083,-0.0526473750497673,0.389907042,0.368020483,-0.0503061451331248,0.305493,0.371589406,0.133785611370072,0.291150637,0.359094823,0.222997033686639,0.335639818,0.409155208,0.167576696420292,0.321621647,0.474759105,0.546760349153771,0.308850487,0.640638823
"155","LIGHTNING_BOLT",4,2114020,4,2,0.314716644336995,0.312869675,0.547460802,0.240049057636261,0.476189224,0.619746105,0.296718774490007,0.456731877,0.610848333,0.256706792476545,0.39832329,0.553130509,0.257179027052723,0.422391548,0.538080431,0.273707125917389,0.456327368,0.566950548,-0.134656574380329,0.411510936,0.491562946,-0.142579213352473,0.415987508,0.474148166,0.0505890262149372,0.368623755,0.344825839,0.256770847900265,0.326143791,0.53324263,0.230860672598567,0.29289783,0.530582463,0.207991288994258,0.328570471,0.554079341,0.244185914450049,0.394409587,0.546622646,0.332607442818735,0.454236166,0.597259695,0.134832179857064,0.271669663,0.406251352,0.239502905945648,0.38790273,0.513421062,0.260145418563059,0.451980241,0.48947966,-0.0466916350904962,0.47075379,0.38725622,-0.0218642325255027,0.365325749,0.289018937,0.208236690894936,0.298098953,0.496078584,0.262514103204999,0.378801374,0.493841999,0.155503652238025,0.262878434,0.48029442,0.556742387055638,0.309986576,0.654080704
"156","ALGONQUIN",4,2114030,4,3,0.307495855760451,0.348009375,0.541970432,0.240208921312172,0.492701411,0.621791067,0.298671559703277,0.455787746,0.624557107,0.255366449423825,0.401568928,0.56598227,0.266275410254637,0.431393765,0.54988357,0.251180986545215,0.440470178,0.559254014,-0.12878104402434,0.38852337,0.496183952,-0.159062411370342,0.397587445,0.526152435,0.00540393912784462,0.3626784,0.340828101,0.198156717705742,0.356238347,0.472291139,0.206763522886411,0.264088322,0.535051348,0.178438835404981,0.28314881,0.542092882,0.236537353374638,0.389404927,0.546446377,0.343525518902678,0.471713725,0.615608424,0.100590884790123,0.269786346,0.331143928,0.228365280251467,0.348511608,0.50652912,0.23284312673035,0.42875604,0.479253061,-0.0275131827653034,0.456440562,0.376664646,-0.0443694651830423,0.348835733,0.348074012,0.141860395181923,0.273092819,0.39480109,0.205619834039423,0.309785739,0.42051791,0.15496911535126,0.283667169,0.484167804,0.532294728721107,0.291658002,0.630603557
"157","SW5210",4,2114040,4,4,0.324320504721756,0.368342132,0.554519794,0.25845512433014,0.494285132,0.623121566,0.311789576488797,0.445816249,0.626077538,0.26876810133051,0.418062505,0.552436181,0.28434322588899,0.443176197,0.530314272,0.273360097133041,0.459628411,0.549373946,-0.109511686102456,0.403070818,0.506883344,-0.150690983789313,0.456474692,0.499738599,0.0560807560983647,0.312763877,0.349363227,0.253238559302027,0.278235739,0.509056956,0.24311113933748,0.300341326,0.539592548,0.212343459657486,0.337899998,0.539630108,0.261841553040406,0.413010579,0.53323424,0.356267127282186,0.478762527,0.599906173,0.146753114967791,0.302278313,0.411843888,0.253216351235526,0.390466089,0.509572949,0.257061042715141,0.453529818,0.48176096,-0.0135387145386887,0.473222181,0.381411351,-0.0195028456786343,0.376461191,0.328272211,0.203611772777968,0.311689385,0.477771361,0.255104082799253,0.37929606,0.485376283,0.173963474853424,0.304010976,0.474714934,0.550980477876832,0.310159713,0.652288937
"158","NY2003",4,2114050,4,5,0.289349657111961,0.371509816,0.516882214,0.257372908664856,0.50437145,0.615744947,0.312142691027901,0.483969618,0.617698093,0.271037004616487,0.43098414,0.547511843,0.280960766331222,0.45145898,0.514419721,0.247946178774289,0.434896091,0.50559614,-0.102363732684366,0.371982363,0.525214066,-0.180116230281071,0.451257116,0.553644213,-0.0168209577814934,0.367495624,0.371731839,0.198558591395038,0.321348391,0.445266551,0.218633148794863,0.287917155,0.512020824,0.198739774766874,0.307490244,0.513832627,0.269543978023031,0.443847838,0.542324466,0.356167584274072,0.504636791,0.609897645,0.10666247928815,0.22375829,0.296895387,0.243654856321856,0.390186926,0.494544932,0.240396817820209,0.45434294,0.459949703,-0.0102819747060415,0.489832171,0.398881337,-0.0635626599469046,0.326390772,0.40452679,0.114658644965591,0.310423085,0.357069033,0.198324893938578,0.317949916,0.414923678,0.173196718159287,0.327855275,0.472319142,0.527782974346133,0.302061974,0.630857779
"159","SW5210",4,2114060,4,6,0.305163073087229,0.371426523,0.545078194,0.261053313359801,0.498790069,0.623038462,0.305863839321496,0.460035583,0.614200575,0.271066403161744,0.417634317,0.547541974,0.28038143257967,0.439693579,0.509077171,0.258033145641949,0.457361094,0.500645416,-0.0741485244015387,0.380932778,0.501811769,-0.149034282347112,0.484023338,0.501156344,0.0670367416672925,0.308165179,0.351422554,0.255786234763734,0.247332563,0.50925007,0.239015194992647,0.318522224,0.519815307,0.224437152364593,0.345070914,0.526426677,0.267268121700822,0.425343376,0.551185062,0.331563488694982,0.480721569,0.605700218,0.138302376986699,0.276065181,0.389344986,0.252368791100514,0.391022717,0.507608398,0.230607488736654,0.425513864,0.469707015,-0.029551279468349,0.509674094,0.42612147,-0.0223024179276103,0.367179139,0.328178577,0.202569732949951,0.32286772,0.481786278,0.252043497956541,0.378091226,0.50356626,0.162591416704187,0.287944719,0.472442491,0.540471390077072,0.308402436,0.642746284
"160","ALGONQUIN",4,2114070,4,7,0.263278498277302,0.355587016,0.489960418,0.249891155060473,0.486259606,0.622285501,0.299490403774424,0.464022891,0.607007789,0.252315351916304,0.391738863,0.555693487,0.255295238319189,0.419381244,0.511042129,0.220336022373624,0.421409863,0.470626781,-0.0775283327867521,0.374753466,0.521322362,-0.168302402196518,0.485253616,0.550632433,-0.00848165293790974,0.364758234,0.354529396,0.177764676128011,0.340282187,0.453093978,0.18819779618937,0.313785021,0.505933396,0.184202663510111,0.286819172,0.511333645,0.257814457599753,0.424087067,0.55282766,0.340442132058979,0.499630065,0.609541031,0.0806756690404253,0.240319314,0.308101509,0.213598019946282,0.33128582,0.488494785,0.18178374856938,0.36362022,0.432599201,-0.0189189431967579,0.525113794,0.395132156,-0.0456916151625063,0.340039249,0.37544633,0.0989992672933502,0.325323665,0.377186517,0.17763774237671,0.296385651,0.427394162,0.146948768877305,0.295704167,0.466632884,0.513999471422034,0.282076209,0.618322523
"161","SW3407",4,2114080,4,8,0.276086179674339,0.368926146,0.506656903,0.273278852510564,0.507895465,0.626894461,0.309884912722806,0.451933557,0.603772884,0.279660787415878,0.432822628,0.558425513,0.281963495981881,0.448320182,0.507162158,0.247739472765455,0.439609831,0.444779369,-0.0626204233886158,0.370707379,0.461087637,-0.127021314600671,0.477995731,0.465163662,0.0751896082534375,0.290501651,0.37352346,0.249799912322413,0.267478547,0.501289405,0.238118808800629,0.353167385,0.517717785,0.228179402902591,0.369155833,0.514846417,0.278055984829008,0.441368177,0.559226187,0.343389439157179,0.502729447,0.613475501,0.13965549792202,0.297409462,0.399124585,0.251687039614122,0.412256318,0.509568749,0.221662665739933,0.41631383,0.458532693,-0.0320226189895459,0.519554448,0.412804301,0.0229773573926381,0.318172452,0.302383481,0.203097874935975,0.335875566,0.495260744,0.254208619298358,0.378815737,0.518164587,0.160446616888678,0.303522038,0.447484894,0.538763206827971,0.295088411,0.64209772
"162","LIGHTNING_BOLT",4,2114090,4,9,0.246934291989182,0.33507944,0.487864895,0.239425161598748,0.45521245,0.611196386,0.289438306728498,0.447230932,0.58791207,0.251316930071092,0.404722822,0.551953139,0.247986836584588,0.408326768,0.494912047,0.227216805393442,0.437087607,0.443387803,-0.0633406637857386,0.364719513,0.498927488,-0.141530932522026,0.489615236,0.482303761,0.0509717404008392,0.308819943,0.346632622,0.215182329396327,0.272526047,0.491745291,0.222171019112773,0.335907308,0.5151537,0.212396914597955,0.332440686,0.517189303,0.257275841013979,0.404767324,0.55008303,0.336793887074862,0.511293972,0.610341322,0.132824032077539,0.267547509,0.361119235,0.254960593662816,0.406856223,0.522790685,0.201687484896424,0.37886436,0.445402815,-0.0479002850154678,0.541400327,0.444126601,-0.00805331677533585,0.32497118,0.327239884,0.16573040871289,0.291123914,0.461144876,0.224778295247173,0.353911077,0.500412829,0.142766523029974,0.29798213,0.440892918,0.529986536138395,0.27383968,0.629696967
"163","SW3407",4,2114100,4,10,0.269466376396739,0.381589979,0.502058563,0.273742496428092,0.487966532,0.618396177,0.302070926902547,0.455683738,0.592656012,0.265886634467284,0.419272651,0.558762967,0.272627444236023,0.432745359,0.492566062,0.237495504204118,0.417153369,0.421479953,-0.0535452718539611,0.363517742,0.48797938,-0.131502710495538,0.47440876,0.458789058,0.0757241664433569,0.289243705,0.373295612,0.242590029728304,0.258145925,0.502984453,0.249689658765541,0.382575333,0.519742976,0.229375621201167,0.350961782,0.515702087,0.268172665099376,0.421250462,0.551352506,0.331454120518219,0.501665059,0.610360227,0.161789010931015,0.301954491,0.398828404,0.282195445954813,0.439732402,0.530807282,0.228516780553708,0.421660394,0.452625511,-0.0512733541544607,0.536403898,0.448246403,-0.0027032973828809,0.306427217,0.320740942,0.193467747243851,0.313801237,0.480062397,0.242185112298087,0.376928355,0.508573358,0.139735342360622,0.287364521,0.451911563,0.533590570870404,0.293122813,0.641022425
"164","N-R-GEE",4,2114110,4,11,0.243906651415771,0.317178881,0.493850386,0.244678822975047,0.425748032,0.592707932,0.286510967598512,0.437721649,0.582296068,0.245994409954648,0.383172113,0.550329802,0.253132971893322,0.390185122,0.484743446,0.208767316391376,0.37290201,0.418758522,-0.0382210907489965,0.32429792,0.467720648,-0.122495979409969,0.455695044,0.482213505,0.0575788861058265,0.315573541,0.364556107,0.217479789977273,0.288465164,0.486611385,0.23645556380725,0.357255247,0.513541602,0.206881301321021,0.323183701,0.504282363,0.254758725565176,0.399096925,0.538240211,0.320664660559322,0.487185621,0.597749891,0.145680840793711,0.282216776,0.376601261,0.271286323783149,0.424042551,0.528350558,0.216287551326466,0.407048456,0.447758108,-0.0597373051468542,0.534844017,0.469642155,-0.0302694055081493,0.312114576,0.344220762,0.161213474318601,0.291448267,0.452909245,0.21330305560194,0.332416575,0.487633719,0.149889596140761,0.323333856,0.443920726,0.537106365581065,0.299878276,0.642609648
"165","N-R-GEE",4,2114120,4,12,0.245966693160457,0.330198048,0.494303354,0.249637940005101,0.433620317,0.592965702,0.278618678623455,0.422004208,0.573937237,0.23722496407746,0.389370145,0.546309819,0.262283107335345,0.407015782,0.493767507,0.219227354011704,0.403605619,0.438183636,-0.04389556016893,0.326513853,0.470635865,-0.13045070814593,0.453862263,0.480314851,0.058845902870965,0.310392456,0.359850094,0.223146770007083,0.254521661,0.49194211,0.24141191019866,0.370212602,0.51586317,0.209114917526551,0.326567909,0.504936676,0.259351588775312,0.410771904,0.545172881,0.335373436922672,0.511308497,0.600146405,0.153851606106515,0.294437649,0.396078882,0.266894267864799,0.423684597,0.52698892,0.213656403080014,0.403173497,0.446902007,-0.0449260528401462,0.50783035,0.434389426,-0.0141107450198831,0.321229242,0.310085094,0.170749382389003,0.299482838,0.462831113,0.213824691452885,0.334739346,0.485134276,0.147359740130793,0.318435082,0.448449555,0.53375596363692,0.298139758,0.640708281
"166","BORDER",1,2114121,4,13,0.251380182700219,0.37251108,0.490354824,0.270721074545562,0.459761776,0.609867939,0.294221592739589,0.454565337,0.588822785,0.247333082536713,0.417003958,0.554271901,0.284345694996475,0.443788879,0.502611365,0.244960274266183,0.430593422,0.447215363,-0.0456996607514377,0.358331917,0.511611556,-0.118775865009558,0.495915808,0.455435415,0.0733384835489116,0.306359943,0.387155284,0.249426203252845,0.248607147,0.507573548,0.256316043084164,0.392159623,0.522772929,0.229776326506032,0.355382183,0.521897533,0.261846002274276,0.403304158,0.547893246,0.349495526019726,0.523227015,0.598172985,0.170509921888898,0.310870476,0.42590613,0.281521368516097,0.447210317,0.537290988,0.235843478909654,0.434176511,0.453582671,-0.0414111646995265,0.509844315,0.403901471,-0.014628440730256,0.336194551,0.303887337,0.183740356141413,0.305555781,0.472044277,0.237423380123332,0.361165658,0.494261302,0.133201293542912,0.296494298,0.44505456,0.535985918265867,0.291561996,0.637269653
"167","BORDER",1,2114122,4,14,0.234352275101601,0.361511496,0.471338595,0.266956147774288,0.453727189,0.606253213,0.297121145338787,0.450538843,0.587098964,0.233426619074931,0.411566679,0.547453679,0.278942494858093,0.428435112,0.501231599,0.226944681864878,0.400009473,0.416018766,-0.0330900504021044,0.364923356,0.478464147,-0.0984444882014336,0.491744307,0.435419039,0.100317586755606,0.286766187,0.38615814,0.25582692201161,0.250742816,0.513488062,0.259254919821451,0.400751153,0.524174971,0.233156187189238,0.347001006,0.523934736,0.25171121663475,0.382511321,0.531290783,0.347051952783577,0.507721859,0.596970225,0.173415986876238,0.309831956,0.421090332,0.280924924088013,0.460902283,0.537246512,0.235650574033233,0.425095687,0.453712916,-0.0251711516307264,0.490428011,0.385447421,-0.0184327143331583,0.344335494,0.312312043,0.185449846886683,0.318146498,0.474318523,0.250764313027338,0.371553695,0.497811787,0.142664463983266,0.31259142,0.439445011,0.541514895560232,0.305792744,0.646852309
"168","BORDER",1,2114123,4,15,0.217764181537521,0.363879548,0.452353987,0.268499203535357,0.460248521,0.611978389,0.292498261355711,0.463635443,0.586767972,0.227045901064298,0.420521073,0.537980167,0.277446205856086,0.438003739,0.498351898,0.228728969313719,0.403367867,0.427208489,-0.032094200945989,0.356083978,0.473979272,-0.100637496053302,0.489276278,0.408716651,0.099905666321777,0.287518856,0.386679728,0.25605056032714,0.266659701,0.521955301,0.257695330647265,0.430748203,0.535785291,0.238282492763594,0.359605329,0.529522373,0.241491709054596,0.37622563,0.523712149,0.339281134332255,0.504826892,0.595312233,0.172748391449303,0.309911152,0.423402132,0.282728286962379,0.468537409,0.536053764,0.242963087479602,0.439935008,0.465181268,-0.0076409595009323,0.484786473,0.376427638,-0.030192060173839,0.348587178,0.281440929,0.180487910895411,0.301393511,0.465710761,0.248394244634019,0.36824408,0.487453807,0.144148384954865,0.31552706,0.446755721,0.537343857819662,0.30269093,0.643632735
"169","FSG_415BR",4,2114130,4,16,0.198746148845596,0.353236685,0.439088502,0.258059516501924,0.448363827,0.606914949,0.286837472787672,0.459192312,0.586731579,0.215645149796259,0.408091503,0.543636691,0.260294976501511,0.415273792,0.497547995,0.197030981162087,0.352056913,0.394587887,-0.0652755432088444,0.371550173,0.527786686,-0.143469809641512,0.501245731,0.486176945,0.0385602256016507,0.329798215,0.343840854,0.217185607814446,0.263533413,0.503162895,0.22596966382703,0.412662872,0.529653729,0.213290459420181,0.33313522,0.527041825,0.218551478574706,0.350089961,0.517411596,0.327119807249007,0.512027144,0.597123754,0.127691175310905,0.284272075,0.358161925,0.245821509680763,0.436304375,0.519752705,0.210906616085656,0.401096117,0.462594816,-0.0195641666393169,0.486674339,0.393676917,-0.0604151019592533,0.350990964,0.28191984,0.1567445310505,0.288495021,0.43969007,0.240889509078943,0.368164752,0.483042316,0.133496459035804,0.281909866,0.440375448,0.527718906061941,0.300077298,0.638277107
"170","ONEIDA_ULTRA",4,2114140,4,17,0.187166800122586,0.344000168,0.428255806,0.252550294728776,0.431344787,0.605419439,0.277557612518598,0.460169815,0.587060763,0.210411260062255,0.406385141,0.536686904,0.252371704297935,0.410407547,0.493128647,0.214029335840158,0.406650269,0.438668461,-0.0756895745321721,0.395190312,0.554737324,-0.155310150710345,0.527672292,0.518347477,-0.00387158932409934,0.375267139,0.344216516,0.18903703371119,0.305121752,0.478055222,0.211980211404272,0.404964264,0.522893812,0.200454536202985,0.3138897,0.522618717,0.228415572675077,0.355774099,0.526616454,0.332789575488773,0.507560058,0.580837618,0.100663336346682,0.294807286,0.343249162,0.225760051667563,0.407295913,0.498146778,0.194572651317876,0.381132823,0.452442994,-0.0255322905647492,0.485208363,0.392460835,-0.0786331643874325,0.329560844,0.24629265,0.121995473822735,0.286942879,0.391037165,0.212623995032647,0.334131247,0.44121338,0.132063568634067,0.284470903,0.448329507,0.520584692894196,0.285338131,0.632754836
"171","SW3407",4,2114150,4,18,0.216220375368992,0.399559753,0.452943209,0.279984318630302,0.495617527,0.617363503,0.291757013333622,0.463670701,0.594647669,0.247247790999884,0.441732626,0.557427595,0.282868454893433,0.451838268,0.506364941,0.241688768280498,0.419179688,0.434118672,-0.055541041087294,0.406159096,0.504878759,-0.114403081912777,0.505017868,0.43895272,0.0807103014815927,0.29461476,0.384148275,0.247483289760795,0.261954411,0.51781483,0.245740866971113,0.449294578,0.531125065,0.237255313962394,0.3700243,0.534208983,0.25432983524769,0.359642485,0.538543033,0.348416827943323,0.512492355,0.571032709,0.154368148485238,0.311794217,0.407450935,0.259091055148696,0.44295229,0.505244477,0.230174933213387,0.429377933,0.464046383,-0.00572714331697826,0.470702651,0.354192584,-0.00958015548924576,0.270875012,0.283244649,0.200466805567128,0.312707056,0.492225156,0.262486820078254,0.389516244,0.497071765,0.145741960948248,0.293522009,0.462169897,0.534358894251487,0.29913473,0.644715813
"172","PERSIST_III",4,2114160,4,19,0.20608178555414,0.375984738,0.446628453,0.259590497839234,0.459537306,0.606932287,0.275525384436794,0.465595995,0.59462769,0.242417197340629,0.419840799,0.557663399,0.278123238697611,0.429662536,0.510760054,0.218708526809314,0.389546625,0.424792445,-0.0677517053912623,0.378172855,0.549590859,-0.136816368556396,0.526639943,0.486899905,0.0360819605213832,0.346200532,0.35245545,0.212340158102833,0.2652212,0.505884872,0.221497033174678,0.416695923,0.52656594,0.218960028457875,0.333510139,0.536424262,0.237324385720371,0.332091019,0.537663449,0.351148735641949,0.514055919,0.568399419,0.12885135413705,0.279890976,0.35479875,0.241150516665985,0.413189639,0.497983262,0.213785336698482,0.391984074,0.460905556,-0.0253696394413591,0.49599868,0.387349344,-0.0466489531555093,0.311270634,0.233264896,0.163967574995272,0.281979087,0.443752655,0.252058043141779,0.371648036,0.493790977,0.160289455634828,0.317516276,0.464706041,0.53253716033236,0.299231146,0.646086959
"173","SW5210",4,2114170,4,20,0.226342298485906,0.407891519,0.455932329,0.282740872091049,0.505196729,0.617733854,0.292987161721545,0.461333542,0.595549898,0.25575825978471,0.441788896,0.549984073,0.287651975225642,0.446484252,0.49628527,0.245896513592159,0.40820411,0.428781603,-0.0614548671637192,0.395417281,0.526081663,-0.127769230772497,0.533262472,0.469723153,0.0640191912341391,0.318566929,0.37092093,0.236634075557458,0.276213893,0.508425296,0.247395340502424,0.444407337,0.526778794,0.242924124224765,0.367445263,0.537820756,0.257884185947821,0.364484843,0.539926289,0.350268418585051,0.519737981,0.543844735,0.152223159422894,0.304566467,0.397662872,0.260061290742469,0.425676991,0.494353516,0.240019132649962,0.433982814,0.464281462,-0.0211833384161922,0.492641714,0.401033153,-0.0225407503062795,0.306570851,0.256254289,0.188578403826374,0.310497661,0.4644596,0.262252596650396,0.384393335,0.493384183,0.171815504194982,0.3360977,0.489940678,0.541693563240881,0.309894021,0.646060818
"174","SW4602Z",4,2114180,4,21,0.18633951936784,0.405732071,0.392099073,0.281065787474591,0.499478457,0.616162247,0.289626897805223,0.453958128,0.588966485,0.251481597098253,0.437885658,0.548567951,0.280070505629709,0.444384505,0.492785705,0.235402885022315,0.392883654,0.418885866,-0.057842698503928,0.374966958,0.512925586,-0.132266780251204,0.515943707,0.477137729,0.0465046452968156,0.332815061,0.346266266,0.223299484881538,0.267584071,0.488704963,0.247135614664906,0.445206601,0.519677879,0.241922177905802,0.362988221,0.531773923,0.24129982873095,0.343087521,0.532696067,0.339194000830005,0.518093682,0.529114452,0.152239782066864,0.285326444,0.390182224,0.263018052188187,0.436392401,0.493703786,0.229039548361784,0.452819499,0.463593358,-0.0254653211929094,0.480341885,0.415109763,-0.037175720520063,0.339580798,0.261445604,0.167787969885372,0.290959522,0.443089587,0.253617736950763,0.384384471,0.485846675,0.175520381517939,0.361488499,0.486029293,0.546154445417777,0.307185416,0.649005304
"175","NY1614",4,2114190,4,22,0.118480096689299,0.320469453,0.336324196,0.258820580551167,0.461633156,0.600902996,0.267463245162856,0.472319608,0.587706459,0.23217261415211,0.406511063,0.543789201,0.250054861496676,0.421200643,0.490442676,0.212335197793788,0.37231806,0.42141476,-0.082454701234133,0.416214395,0.525946424,-0.157260543763645,0.53988172,0.489129507,0.00813284622835032,0.380494884,0.368946177,0.184155376118688,0.327994753,0.471145495,0.21802493937404,0.404750813,0.514898,0.212005189161201,0.319089277,0.527289377,0.228432110341801,0.335388476,0.539949065,0.327784702793125,0.49607665,0.515321429,0.119197674028191,0.297138234,0.373808494,0.233388409344754,0.402907789,0.488025039,0.191030772474042,0.389646786,0.450726873,-0.0526823603390113,0.500715613,0.48350655,-0.0741047326002621,0.372197303,0.358935622,0.112267113894816,0.324590988,0.383096982,0.21493118943118,0.308130169,0.460857733,0.142720085557562,0.285659389,0.479187878,0.527497541313008,0.294044581,0.627567334
"176","AMERISTAND_427_TQ",4,2114200,4,23,0.120150860286224,0.336509902,0.34022027,0.260067048799949,0.472448439,0.610671433,0.269993966511589,0.468710825,0.591882919,0.233253968294389,0.396669665,0.549083019,0.250903377614761,0.402824921,0.490429112,0.224666999135264,0.397108985,0.441556483,-0.0577282362848256,0.396979875,0.472411644,-0.110410332955757,0.505532305,0.41313163,0.0804214789081269,0.315912597,0.396912956,0.234280201012047,0.247438235,0.511876899,0.236917172221497,0.41058766,0.523001783,0.224256423681813,0.34854267,0.53510704,0.225298715424759,0.331691009,0.526276419,0.327420348606744,0.493979956,0.506666812,0.154485843150498,0.306943529,0.430304507,0.252823129371158,0.4461795,0.497515352,0.196076821109242,0.396903604,0.458515124,-0.0472643751454504,0.489073413,0.476093713,-0.0274209089291792,0.401561244,0.310436373,0.17146332044496,0.316477983,0.46496179,0.255840507912552,0.370033308,0.503665293,0.158137353879448,0.300399005,0.466328059,0.543564840831705,0.311543578,0.65059204
"177","WL_358LH",4,2114210,4,24,0.147308987855346,0.33935624,0.348797161,0.268432323351505,0.483848726,0.609324018,0.28290576539912,0.451180052,0.58675247,0.240204967048435,0.412951995,0.539934641,0.263315629116272,0.425614709,0.485668682,0.243681886386719,0.430699646,0.447799592,-0.0639509151748891,0.348603651,0.521342271,-0.131241169241761,0.520149273,0.470786528,0.0437918602138623,0.332778498,0.342253638,0.209055727699866,0.257139597,0.476444652,0.22833132431763,0.384157089,0.515466599,0.220530248872474,0.336190356,0.524109866,0.228809155548537,0.348554677,0.52576612,0.337999829285826,0.518924473,0.507905301,0.136398543866366,0.285461721,0.379277727,0.245722717479734,0.427136796,0.478448837,0.201671090461157,0.394672893,0.438256058,-0.0269037170289143,0.482977284,0.42298238,-0.0214917811953027,0.396328435,0.314053002,0.14971143439089,0.321455842,0.420984126,0.224416606014509,0.321693904,0.443933637,0.148130408260224,0.284969348,0.477593299,0.520231949844078,0.288807327,0.628579229
"178","55V50",4,2114220,4,25,0.20861614325759,0.410269927,0.453323744,0.281097651306159,0.493045522,0.61348102,0.284960951853596,0.461050963,0.582704602,0.247053802033813,0.414390504,0.545091879,0.265709624972965,0.419314291,0.494387722,0.209890707622853,0.359379917,0.40534824,-0.068584192513789,0.387715502,0.511198203,-0.125546232166654,0.536488107,0.468730794,0.0583301845281649,0.338919668,0.373751827,0.226171456774381,0.257028737,0.49848947,0.23107781754776,0.389797021,0.525944339,0.232260434645299,0.365938974,0.536934688,0.21513316820253,0.31238336,0.517602402,0.316013364852095,0.488977001,0.496424503,0.129848524058108,0.304969815,0.387427226,0.245459636507948,0.438116531,0.475887888,0.202125017253308,0.375284447,0.44505172,-0.0392238598922809,0.509553247,0.468305225,-0.0359715408934594,0.401449823,0.328726791,0.161013730311019,0.319703319,0.431564854,0.255095883621229,0.348543923,0.483334941,0.174967322412149,0.301567645,0.479871405,0.540765861094383,0.314214738,0.653808978
"179","VERNAL",4,2114230,4,26,0.209699850047111,0.353845519,0.462031677,0.257080875769877,0.464793461,0.604367405,0.28288446998115,0.449468171,0.585738204,0.226333463681927,0.399265455,0.548015081,0.242644612444536,0.414113473,0.489754359,0.223311255476542,0.409066259,0.449826999,-0.0720681785256505,0.39219224,0.54548842,-0.148693736790481,0.534648798,0.508978178,-0.00375183979364085,0.382555732,0.376250785,0.159706302542796,0.294208202,0.444546263,0.183393914186536,0.325387039,0.515318613,0.185181234772168,0.300715602,0.527547942,0.185198951533151,0.314269846,0.524691271,0.319206673623741,0.495825999,0.509169063,0.0860392182010748,0.338148789,0.351697149,0.186465792612562,0.339089162,0.410630002,0.156861593101012,0.302384271,0.408916826,-0.0336365941967276,0.504945058,0.463927601,-0.0706310865588321,0.353906562,0.429674137,0.0608277347736552,0.382424595,0.336992883,0.175762697697482,0.26717482,0.37883814,0.142826459563482,0.27620987,0.493612788,0.510114149195705,0.287065233,0.619240334
"180","SEEDWAY_9558_SBR",4,2114240,4,27,0.236648415014341,0.348586051,0.490035722,0.273219001070701,0.461850801,0.595568055,0.285199866112502,0.444756354,0.575929847,0.241371672354775,0.40469359,0.542239911,0.259080937567947,0.413030042,0.493783227,0.221177833414922,0.405499422,0.442509147,-0.0701884037612772,0.40637029,0.536230479,-0.141963024164824,0.526604267,0.490208539,0.0237621440418329,0.362459147,0.370966043,0.201534214833265,0.266479332,0.48189661,0.208927738768144,0.350274623,0.523436946,0.203555453710279,0.3345452,0.531656084,0.218361872457035,0.341615551,0.521646928,0.325486545336952,0.489017893,0.504738741,0.112755393406715,0.328181583,0.396941767,0.220182946987167,0.403877394,0.455317335,0.186833100902774,0.332036405,0.443100664,-0.0277737970990975,0.507939843,0.437744004,-0.0501550725280748,0.334908505,0.357071996,0.122511382419946,0.329012872,0.392495162,0.227160635228988,0.317428796,0.46010896,0.17593122162998,0.320227164,0.474746439,0.524999868376007,0.312534935,0.639234804
"181","NY0651",4,2114250,4,28,0.242807026375668,0.343687422,0.495891856,0.280690435868648,0.493817521,0.611672116,0.295729538605268,0.454584564,0.586328976,0.242652230344545,0.413246788,0.552504094,0.255777948914831,0.41939161,0.493162875,0.224324564105199,0.417790554,0.445907604,-0.0557435870038896,0.399967532,0.503482793,-0.120289102370066,0.503434587,0.44814963,0.0539719973454357,0.338460278,0.379488472,0.21188891184305,0.321402783,0.499263113,0.218861686806762,0.352864355,0.540294635,0.205108169567702,0.348144198,0.533812277,0.201764777104184,0.322989459,0.500851843,0.317838906964002,0.473360058,0.490297313,0.137642911443728,0.313569826,0.410579089,0.224102145231682,0.418735318,0.477031846,0.194318137498308,0.329417428,0.448910417,-0.00670132788530011,0.474140235,0.440751749,-0.025599199041771,0.301211102,0.323975,0.140571412846924,0.323264796,0.410255999,0.231572124968574,0.31430918,0.47657579,0.178414265387133,0.321706416,0.479530081,0.52770689029551,0.32137717,0.649080539
"182","NY2003",4,2114260,4,29,0.235544827239636,0.385410003,0.458136038,0.290980584596437,0.512290267,0.60949096,0.304042823198605,0.476442003,0.577083985,0.258428424661661,0.440747051,0.544010217,0.269611874781628,0.454308421,0.484366941,0.224500534985736,0.413612123,0.419565136,-0.0720193497703259,0.394749546,0.538578887,-0.145554320421895,0.522739325,0.50729454,0.00285948657345189,0.397275502,0.37868993,0.183805797163211,0.334252368,0.4511203,0.209695526076826,0.345426478,0.513714399,0.198930652672263,0.328745601,0.508955326,0.16331958717096,0.33560265,0.458274815,0.330686923005632,0.515833696,0.508606245,0.113836526053845,0.30741782,0.350746393,0.215935932075792,0.39971491,0.446852172,0.203276025645738,0.362102442,0.431508456,0.00338209370593773,0.46098784,0.432248152,-0.0467798653024923,0.308373229,0.363605259,0.0842786718178791,0.36456013,0.331075085,0.193182181133987,0.277604973,0.392113215,0.166218509018258,0.332774853,0.482469139,0.514221948229523,0.311585352,0.63201349
"183","NY0465",4,2114270,4,30,0.22897423036729,0.349173361,0.473215594,0.280545906235911,0.496454589,0.617614457,0.293885645749092,0.464343219,0.584725081,0.25180707488993,0.419539336,0.550331594,0.264292941662181,0.426971349,0.497238903,0.236780244563598,0.447289783,0.463689946,-0.0733601945483763,0.37390866,0.544840912,-0.139104023135908,0.531746996,0.506772929,0.0202452596102563,0.375960881,0.380476519,0.197507363031755,0.337484772,0.485289375,0.203857185338623,0.337479731,0.525450635,0.199181372876906,0.333846762,0.52581448,0.104978560826751,0.38220374,0.417667945,0.332576777322576,0.506240959,0.507979811,0.106323244112869,0.325819969,0.381607921,0.201364455974151,0.401858539,0.454077028,0.190690508816241,0.343091517,0.460881307,-0.0030569424498759,0.493711375,0.450951108,-0.0507576788776213,0.328199552,0.387006637,0.130778853780034,0.314361193,0.399758379,0.238185623311657,0.339612193,0.477310312,0.188749879452183,0.35308798,0.488117586,0.53640855229464,0.330822209,0.661025024
"184","NY1615",4,2114280,4,31,0.228284936301218,0.344031892,0.487717141,0.277910569536559,0.487317777,0.612874456,0.290128865672796,0.436824693,0.576152446,0.243815898923918,0.407167656,0.541723032,0.257555853180479,0.417399417,0.492944307,0.222976879729298,0.416616816,0.440876126,-0.0748961255061084,0.403340822,0.524364388,-0.134542997552007,0.523407586,0.485599807,0.0395070183721006,0.357310179,0.367878902,0.212448514030652,0.362645503,0.497891453,0.21152467037656,0.384457347,0.52154735,0.201364046892219,0.32300067,0.522247959,0.0780765814674834,0.413092626,0.375423838,0.333615143584383,0.496331881,0.508015686,0.114986145827216,0.301792617,0.38354419,0.220449834888773,0.415668667,0.472449913,0.217725568794403,0.400130825,0.46833313,-0.00709547233266792,0.495103359,0.459294813,-0.0616954507983972,0.379307871,0.4002754,0.143951776150475,0.314298865,0.410572994,0.239864921822748,0.332468694,0.48090206,0.181082215402412,0.334680629,0.522853465,0.528716388442575,0.318307547,0.651032779
"185","EZRA",4,2114290,4,32,0.237595062679678,0.35227282,0.497876011,0.286344225854924,0.506442737,0.629473616,0.296228813563388,0.447358524,0.586911281,0.247791221291718,0.405206821,0.537072046,0.266163614152835,0.415559028,0.497154813,0.233152559443129,0.4326245,0.47227051,-0.0786046823864746,0.418480197,0.539364395,-0.141197190292048,0.528031309,0.502966951,0.0369853974735743,0.358006349,0.378309004,0.215618968273746,0.366039601,0.499979103,0.217780971839897,0.382374447,0.525085734,0.203912869810607,0.308423951,0.53003663,0.0834094941714661,0.420412224,0.378454542,0.343759015572513,0.520896048,0.513956205,0.0955158524098738,0.317666282,0.366191117,0.205913659556104,0.392433037,0.465026402,0.215982647503388,0.396557883,0.471205191,-0.0103321025504808,0.500907962,0.469602869,-0.0613717370867843,0.389643669,0.374745232,0.144948706355504,0.310378279,0.412463407,0.242329241521982,0.340951493,0.482765375,0.179800890590652,0.333599369,0.491372049,0.529763457619685,0.312548827,0.654691798
"186","WL_349HQ",4,2114300,4,33,0.241140709768373,0.34373957,0.506606493,0.272760164211182,0.499897993,0.639622619,0.273780081505543,0.431840212,0.577684364,0.24306776360552,0.395533018,0.531183833,0.261191643380388,0.402245294,0.495194296,0.228144880856642,0.393848051,0.457583014,-0.0444541170768871,0.37685377,0.425997277,-0.0818671955835272,0.479914497,0.366635808,0.10915692581839,0.26828769,0.430888046,0.259721783163481,0.44467135,0.52467713,0.24512453263747,0.401712725,0.536197458,0.227658623736906,0.350862242,0.534767172,0.113019590790082,0.394023144,0.394693379,0.32968107763167,0.482428515,0.50063788,0.150807030958384,0.31703706,0.454879534,0.244806776178629,0.444869456,0.487842788,0.251460220635857,0.422871509,0.458421905,0.0163777733839982,0.481774868,0.413498536,0.00650668718720277,0.338856511,0.322135095,0.203159669208088,0.317584724,0.508955685,0.272849501535849,0.381992119,0.518030547,0.175675796326719,0.33094171,0.480432205,0.531853504335413,0.301020004,0.649907297
"187","ALFABAR",4,2114310,4,34,0.237789495140827,0.330447782,0.506650819,0.267788053764032,0.513121457,0.640749912,0.278667707379706,0.4299933,0.576451233,0.238535584652223,0.393542634,0.52052513,0.260770465163107,0.414543542,0.499700013,0.232992643334251,0.426819075,0.468750446,-0.0739571877897805,0.41495299,0.537791388,-0.1363182133779,0.513885747,0.490385043,0.0382098575268797,0.346871042,0.371535064,0.212703096338172,0.359247551,0.500788315,0.225780055207205,0.397194805,0.539539258,0.205482100740183,0.319930424,0.534243906,0.191467274345565,0.351470684,0.490674724,0.334460527050866,0.505100799,0.512306609,0.102007385919916,0.298265616,0.373893905,0.217004418622428,0.392143165,0.463995672,0.235467015034692,0.416838729,0.470418496,-0.00675844275533202,0.505675605,0.455412485,-0.0421408621162907,0.375850386,0.357780463,0.149609524004344,0.299167633,0.427592314,0.248322787316547,0.343550706,0.491989773,0.172082328446495,0.32468896,0.464237152,0.527447340729898,0.304721094,0.643965527
"188","WL_349HQ",4,2114320,4,35,0.247862273397427,0.353852453,0.512829605,0.271226074124631,0.497893465,0.646487693,0.264152786045087,0.418707583,0.560224878,0.240316057184443,0.387226869,0.514684146,0.25793555740818,0.401325508,0.492077388,0.19867653710863,0.374737446,0.417944684,-0.0311080130064624,0.399305463,0.398455172,-0.0719122382787706,0.494540323,0.356405123,0.112422487420263,0.270116343,0.441204788,0.260085115939946,0.448031657,0.520121085,0.251113539574985,0.40311552,0.545780576,0.236578806074873,0.365027652,0.543621226,0.267546641687447,0.429580489,0.530336102,0.323508487074395,0.48651247,0.489288582,0.145156410292078,0.30369455,0.450885534,0.25378292811952,0.4538565,0.491529708,0.250238693050222,0.406831237,0.439645334,0.0214315242166192,0.476029273,0.386030766,0.028830606978161,0.310059038,0.334115668,0.197182146461344,0.314803051,0.505906492,0.268383747502562,0.382122445,0.51800262,0.172795980045018,0.320062654,0.470187695,0.536741579573396,0.313573608,0.649406562
"189","SW5606",4,2114330,4,36,0.263902627706409,0.408839174,0.517332864,0.289322075785436,0.483800037,0.65550615,0.290824501817916,0.467642295,0.576361755,0.263762848684173,0.43488712,0.523811987,0.279473250684201,0.445848535,0.493707727,0.234392970788745,0.446619332,0.460021027,-0.0450260994168351,0.387487001,0.46677525,-0.095445845239192,0.485163979,0.399497079,0.114985976500183,0.259110233,0.409024425,0.26448499027501,0.465340507,0.522486624,0.263890889648261,0.435526582,0.553321789,0.255583548683623,0.40396993,0.548152458,0.304089333616633,0.47575549,0.54664269,0.317647809120244,0.476451126,0.483311402,0.149556057521288,0.275587686,0.427591036,0.269693543976244,0.455766139,0.495010485,0.26477292992995,0.454142563,0.467657513,0.00578629519175172,0.483718765,0.418853098,0.0180857017630611,0.30999807,0.326792352,0.20759874473358,0.314687243,0.493204326,0.269387368824471,0.389038108,0.501501333,0.167650588381647,0.328221883,0.482602141,0.534747209049662,0.302801297,0.642374315
"190","SW4412Y",4,2114340,4,37,0.243732269035522,0.367271589,0.505107223,0.272033926098979,0.499086396,0.651446323,0.277173038635582,0.459002481,0.572719039,0.243175883691646,0.409829014,0.519238675,0.255898687556453,0.427437416,0.488625538,0.213955893488838,0.398762267,0.437894384,-0.0597940143361333,0.39950338,0.486965106,-0.119244162565976,0.499619545,0.437763125,0.0794734747038938,0.309633579,0.392320248,0.244574223327975,0.423572837,0.51587183,0.254701699324566,0.455506181,0.551433845,0.244934675112272,0.382564346,0.551007274,0.281293028666582,0.436854503,0.527328941,0.291450365575592,0.42762716,0.464321569,0.135807492791169,0.28684648,0.408616615,0.259912297010955,0.430689219,0.489510009,0.236608576090469,0.418673915,0.469416034,-0.00552653161434839,0.490491265,0.436189048,-0.00339993117901872,0.332622518,0.335104667,0.180271196541792,0.285960568,0.463483193,0.249197186562681,0.361450365,0.488117675,0.153878188867291,0.318134427,0.479321865,0.532147310931021,0.301010926,0.645144803
"191","LIGHTNING_BOLT",4,2114350,4,38,0.22253619210066,0.332107553,0.48548099,0.248188628088332,0.507218879,0.636448431,0.265071286889726,0.423595517,0.571162891,0.235231940523051,0.389897679,0.521626174,0.25335227847825,0.401429329,0.492637364,0.208976110905871,0.393441017,0.442781003,-0.0685503390525463,0.410252346,0.516621564,-0.132840430894738,0.523016287,0.457336496,0.0694288543483642,0.326048723,0.376088067,0.227008607774119,0.394521068,0.510062247,0.246471493164129,0.450574895,0.548708067,0.225848563859366,0.360110249,0.551151691,0.277503809664798,0.452709554,0.547543704,0.299665972739404,0.478089179,0.49105679,0.12493714981065,0.300152071,0.393133479,0.24264340271736,0.433064254,0.487782296,0.221374409018629,0.391218433,0.469635286,-0.0180075501681778,0.494471402,0.465924601,-0.0404983372480759,0.382154719,0.36539125,0.168718671751578,0.271265556,0.451172584,0.234991765316806,0.344520211,0.482195592,0.135492352983468,0.316105729,0.466601355,0.521627352836524,0.291981498,0.637242248
"192","SW4107",4,2114360,4,39,0.234921857604388,0.336319271,0.496117977,0.267924007013583,0.503726778,0.621489086,0.277589678395083,0.459980347,0.572348624,0.241194970485804,0.417101097,0.520148558,0.265424012954303,0.434718317,0.496888309,0.218507870595216,0.406284573,0.45274985,-0.0745557058953437,0.428013961,0.507844209,-0.141348928738284,0.530550145,0.459132915,0.0632309132437889,0.334721726,0.392226108,0.237893612109952,0.401851704,0.513923792,0.261809871076174,0.463766177,0.546327476,0.231101804582282,0.363675453,0.545916709,0.281677174726916,0.44239117,0.55241277,0.279816060488385,0.434703837,0.470780957,0.145765119686435,0.312687771,0.425664351,0.262337549542208,0.449707903,0.495050612,0.240153347016467,0.416899568,0.474045889,-0.0072207887169387,0.489084834,0.474171081,-0.0487576375307676,0.370656867,0.34732496,0.178373118821329,0.280701588,0.47508792,0.246298452713679,0.366231413,0.498572945,0.121696759329307,0.340095279,0.479883858,0.528916355201956,0.30144436,0.648860655
"193","ALGONQUIN",4,2114370,4,40,0.238925799352349,0.371780988,0.465571693,0.283307068836894,0.49128172,0.618521471,0.287921907984466,0.469312084,0.586803951,0.236577086552618,0.433986328,0.525447323,0.26485183857874,0.43653925,0.50351831,0.195417656558788,0.382499226,0.431329264,-0.0699474818801957,0.401869813,0.535926782,-0.16394698676637,0.547127451,0.514872707,0.0162725429895343,0.377152661,0.352981752,0.186996589651146,0.323959658,0.47315504,0.226218294876596,0.417803577,0.540805014,0.194344667329938,0.314552498,0.546270374,0.233864069305971,0.400561888,0.552692594,0.28013347209579,0.449881336,0.488098184,0.111239342098268,0.317017531,0.362736425,0.217277046401532,0.390494794,0.460326434,0.202703355107892,0.382456614,0.463474729,0.00778855951935894,0.48291813,0.459669653,-0.0948225743143149,0.3510673,0.398172958,0.0990093222262447,0.320507685,0.365720186,0.178235713537918,0.281288395,0.395232998,0.0861057016923043,0.336239388,0.479296228,0.506762553736538,0.26606737,0.613427743
"194","NY1517",4,2114380,4,41,0.248708998831069,0.357244477,0.491551958,0.286467424472873,0.477663786,0.604362048,0.285139660336597,0.447588399,0.57352033,0.238065594098899,0.436518969,0.509729246,0.269799471655831,0.44197974,0.4972036,0.205752574221627,0.388504269,0.438802129,-0.0771718849098019,0.424041853,0.543250892,-0.180599875756373,0.539839569,0.530778005,-0.00134646409880713,0.396973951,0.384763007,0.198262984942208,0.327736576,0.477526418,0.234720777976383,0.427333277,0.538010808,0.205169521190876,0.32532979,0.546707367,0.269628677529307,0.453871507,0.546406665,0.333176801130043,0.526221786,0.507738126,0.0946164213791436,0.346971517,0.364289147,0.222364158677433,0.413327232,0.461533674,0.218275985331721,0.39659941,0.47164297,-0.0187338247627219,0.512201674,0.490280248,-0.124361645734662,0.356571438,0.46947402,0.0965748074533207,0.328506082,0.354774236,0.199664663338437,0.291294988,0.411279756,0.109978503300458,0.383292278,0.456117969,0.527697834697345,0.308093324,0.645464723
"195","FSG_421LH",4,2114390,4,42,0.268589531164928,0.41523012,0.479105972,0.291327527691846,0.488729075,0.615678603,0.31026235890924,0.470659713,0.587412481,0.253490996853484,0.424840959,0.516037713,0.285903099583609,0.455815138,0.482718838,0.226351217406886,0.391023503,0.426648093,-0.0653054363194943,0.385932984,0.534154832,-0.172104174748528,0.505774668,0.51724241,0.0236976672519561,0.343524808,0.369533598,0.224424716886456,0.411893646,0.483191647,0.261334474838946,0.472191363,0.542028636,0.234780601561058,0.385282865,0.555680529,0.28744182094369,0.470350751,0.543617828,0.33400487454035,0.52400142,0.502215556,0.151296661131459,0.321449854,0.402740475,0.261359579983582,0.454782793,0.484427756,0.245383694665006,0.448975177,0.474965152,-0.0230466885152153,0.504078631,0.492008,-0.105460555655429,0.369342337,0.429372021,0.130032998048112,0.30431986,0.392039886,0.234297795889641,0.337257352,0.452267468,0.127408520853676,0.427374096,0.443065126,0.540463209618934,0.302974049,0.648777123
"196","REGEN",4,2114400,4,43,0.258807936869067,0.345898809,0.503871448,0.267552924975636,0.472464729,0.60598162,0.290734068093697,0.456249795,0.581318207,0.231149902740494,0.427649158,0.516977724,0.263572084933066,0.413022912,0.483717404,0.195011339777181,0.340359266,0.425352126,-0.074153052847099,0.404498639,0.529661859,-0.173043697671994,0.499270798,0.51738112,0.0293097574154141,0.313040969,0.374347778,0.215353620120424,0.331717724,0.503001645,0.243580807363156,0.441044333,0.545982175,0.212106189518563,0.332089588,0.561406306,0.258370517562819,0.424792893,0.557314751,0.321726596116171,0.50059724,0.515015396,0.118728817124223,0.322003213,0.384478955,0.222356258540769,0.406571948,0.479033064,0.208333277025949,0.36656067,0.474382608,-0.0378669996478596,0.526483717,0.502309073,-0.104279417863342,0.368019499,0.445646925,0.11756899320057,0.312880156,0.395651104,0.241506266766876,0.339609283,0.478695251,0.109800601806552,0.357274606,0.435307846,0.536312531163813,0.305754577,0.652878045
"197","LANDER",4,2114410,4,44,0.243454828834111,0.322166887,0.503956045,0.236986232061025,0.447701734,0.606492113,0.280738300018097,0.435177989,0.584042661,0.210607609625279,0.408855759,0.512464772,0.240340111821705,0.40484423,0.475236216,0.184138073944395,0.354402059,0.434503344,-0.081106370939953,0.396188004,0.527678793,-0.171820566889077,0.466273063,0.511564931,0.0244412476887392,0.319154449,0.354258001,0.199725187698176,0.312116995,0.497394365,0.234036868242383,0.450127267,0.547400956,0.191724278999461,0.31227777,0.55417506,0.233561788656795,0.383045561,0.544318596,0.306679915501988,0.481265474,0.505671774,0.119593061017448,0.317370085,0.38638174,0.211059780125728,0.396224994,0.4860158,0.191235153886525,0.335543281,0.472711063,-0.0403267775020631,0.508414085,0.499298249,-0.0884388723384887,0.380798745,0.398826718,0.115011311837703,0.337604629,0.393011182,0.21690833281356,0.315628537,0.463324925,0.0665419785049051,0.290701612,0.414170626,0.515385434909876,0.278451454,0.631062394
"198","SW315_LH",4,2114420,4,45,0.270316452298051,0.398928927,0.487816078,0.260114412635007,0.492219496,0.615022024,0.304757145848722,0.481889008,0.59355657,0.238485705151283,0.436916986,0.514148148,0.254286673781626,0.427856702,0.458179384,0.213586538723626,0.389361971,0.437713819,-0.0866124164140542,0.377503894,0.544718073,-0.175298053281741,0.431759488,0.524545699,-0.00394940276321033,0.342515402,0.364911011,0.187043101302934,0.318356972,0.457118848,0.236263540366398,0.453399459,0.54257501,0.200689057388516,0.312952788,0.551978142,0.267571017412584,0.46114294,0.559408627,0.335048595720924,0.523420044,0.522447349,0.107948926010424,0.305053574,0.349629836,0.216971554101852,0.405217892,0.483735209,0.207386807371599,0.383839356,0.463874756,-0.0408134324394849,0.499743566,0.486230778,-0.10425952797012,0.35958591,0.425541483,0.0790929095488489,0.383070498,0.330238906,0.194982586455989,0.291017252,0.385041736,0.0751357921470638,0.300334383,0.404337123,0.519098133061109,0.279505658,0.622913212
"199","PLUSS_III",4,2114430,4,46,0.26695980032452,0.350290004,0.51740761,0.254863291778119,0.467278892,0.616559865,0.301572020871429,0.45944303,0.591985648,0.235124883310706,0.41899692,0.516299301,0.23293856237928,0.386456763,0.447710795,0.219415618157955,0.377735019,0.443498942,-0.0790754851585778,0.365824493,0.486204367,-0.132567361060408,0.45788852,0.429713947,0.0933124292976224,0.279809542,0.413858672,0.262506448583716,0.424980807,0.53732945,0.271736432723705,0.496262796,0.554965226,0.241898590590556,0.374080059,0.571093036,0.293297062924365,0.469699486,0.574253394,0.336126664861083,0.503634277,0.517092956,0.157857422715611,0.331702894,0.452165834,0.256026791973894,0.4527617,0.521979483,0.232766464996496,0.398437936,0.477571787,-0.0418699013728514,0.511181883,0.461572289,-0.0533963491323621,0.395963822,0.315849883,0.181261797154568,0.305783504,0.472853053,0.267795749035174,0.365288773,0.510572277,0.1095005854037,0.289809261,0.421151774,0.534141737504781,0.296619243,0.632061904
"200","HI-GEST_360",4,2114440,4,47,0.271295244887184,0.339169974,0.524071043,0.246475751586854,0.460542401,0.607135936,0.294671117022226,0.456570866,0.592518877,0.237840002955262,0.41138694,0.512270192,0.226997247317032,0.37797974,0.440245902,0.237247846283264,0.369477704,0.451320804,-0.11073902617695,0.337774235,0.533651274,-0.146694279597236,0.440246384,0.474357281,0.0786326894969859,0.306625032,0.37026065,0.258450429709354,0.400466853,0.526868081,0.256039604142133,0.482890116,0.552155943,0.240176015454755,0.37441882,0.573490975,0.283138800721546,0.446932007,0.568889326,0.346114184353759,0.503739579,0.525564561,0.156990045198351,0.30871292,0.424564208,0.246979200544438,0.413094553,0.51440882,0.224123702593996,0.385351327,0.466813755,-0.0563429326140905,0.517012174,0.453936162,-0.069756451891234,0.4001471,0.341330992,0.161941760579427,0.319654866,0.427831363,0.256083338489124,0.339788909,0.485210575,0.128558963141806,0.275077222,0.437707054,0.528523467493669,0.282974277,0.612372531
"201","N-R-GEE",4,2114450,4,48,0.27480202315368,0.311893918,0.537691066,0.243272881323375,0.450297118,0.598703769,0.283444028395194,0.430751857,0.575137046,0.239380108220519,0.419567968,0.508084787,0.22859439222357,0.39251076,0.44548456,0.23871467544562,0.367700296,0.465950724,-0.141763141079656,0.325680409,0.56353275,-0.166125629399088,0.426647802,0.502578784,0.0497907288917166,0.344219407,0.376561374,0.240704878851383,0.334128466,0.521020705,0.239076879909578,0.466332004,0.544956908,0.242653249471322,0.37065551,0.575699801,0.270907152121216,0.434344025,0.563935618,0.328951247193803,0.47501496,0.518070443,0.139856118107425,0.302254055,0.411903389,0.224672742814736,0.375693422,0.479536629,0.204535453554531,0.365286538,0.437977128,-0.0563977107394455,0.522942846,0.454373475,-0.0777242609053867,0.391581968,0.351142658,0.126050225370585,0.356308305,0.382358136,0.22703018131662,0.305073259,0.451347953,0.151733557809323,0.285479987,0.443422757,0.533949702947907,0.285783176,0.621546018
"202","SEEDWAY_9558",4,2114460,4,49,0.269429891069871,0.314537886,0.542279993,0.230785530164504,0.433574389,0.612784871,0.279948389490148,0.425338288,0.583117259,0.229958557312213,0.398478101,0.513064082,0.222811917216842,0.378665623,0.454901265,0.243962843168935,0.375755133,0.484720449,-0.147653281891971,0.335378197,0.582109126,-0.17607774481681,0.402355191,0.520108486,0.0193149807037459,0.377119346,0.370920278,0.224368715193513,0.306118744,0.512642094,0.214873471519163,0.445741935,0.551206601,0.246540067245745,0.37168163,0.58848117,0.256011703951144,0.430936632,0.568947896,0.324001577189371,0.494072866,0.523040303,0.116210189425402,0.316270986,0.380628902,0.219860703674255,0.377467237,0.493328103,0.194566636899459,0.369761901,0.455322461,-0.0747063639617572,0.540197201,0.489634209,-0.0967925624756525,0.389653523,0.413000874,0.103534580606913,0.373668415,0.361939193,0.225572184138026,0.296079522,0.461575576,0.16542966231067,0.263684265,0.447558985,0.536235561470902,0.288579284,0.632327634
"203","GUARDSMAN_II",4,2114470,4,50,0.280065895217244,0.329960773,0.543320209,0.242301955521495,0.455807697,0.613158652,0.277659684113449,0.432883261,0.584893028,0.240641164240185,0.400290436,0.513326422,0.238620234767817,0.379914612,0.462371201,0.238797016884786,0.349781995,0.466251035,-0.157816612773683,0.336101833,0.584013398,-0.180163798522028,0.396595797,0.513211595,0.03729513099298,0.381975023,0.373592095,0.243067420463594,0.337890267,0.529619552,0.213176978388717,0.428168248,0.558008165,0.261703227208785,0.385949269,0.60103414,0.251029873842262,0.411559027,0.565067038,0.312353365949972,0.467728133,0.516323583,0.133793321573761,0.29552865,0.408471539,0.238421662335212,0.408182636,0.505776624,0.211001572588181,0.397349514,0.463603086,-0.0762564259663481,0.541034396,0.473230936,-0.0888623143891982,0.404020908,0.373478819,0.116369401653226,0.360831981,0.38537555,0.238462952604317,0.328180129,0.475165134,0.174430409001471,0.269927665,0.462792497,0.534814678044494,0.285919124,0.631473217
"204","ONEIDA_VR",4,2114480,4,51,0.269604411886154,0.310865434,0.540002405,0.234234160115673,0.414206303,0.602199593,0.268061117862535,0.407705256,0.582877011,0.24121442878714,0.392290887,0.515951318,0.24158467923552,0.385853832,0.478677971,0.253950680887891,0.391029249,0.487041368,-0.156663093999501,0.380926192,0.59160644,-0.193104322338125,0.390994307,0.542971221,0.00681684544717138,0.389152447,0.381424755,0.218203491834636,0.289322988,0.507464171,0.187267398962643,0.345838101,0.546472456,0.250270174196785,0.361494672,0.597028171,0.258250791957454,0.439143135,0.569282891,0.32952721494008,0.492322585,0.523946841,0.10638788878013,0.325330573,0.379696683,0.210204346433895,0.349416733,0.476324761,0.197336645194875,0.3695547,0.456919518,-0.0784510789831882,0.566355569,0.458237061,-0.111738875795146,0.395617307,0.432989504,0.0516041194438008,0.417371457,0.332027046,0.210750837716984,0.293599539,0.4329817,0.181919390301123,0.25811619,0.44127655,0.542274111843489,0.296930773,0.640430861
